timestamp,generation,A_RR,A_RP,A_RS,A_PR,A_PP,A_PS,A_SR,A_SP,A_SS,n_RP,n_RS,n_PR,n_PS,n_SR,n_SP,efit_ROCK,efit_PAPER,efit_SCISSORS,delta_f,delta_mean16,anti_err,cycle,cycle_rev,hierarchy,hierarchy_type,min_pair_n,total_pair_n,efit_spread,efit_max,status,nash_l1,nash_l2,exploit_share,exploit_nash,nash_p_ROCK,nash_p_PAPER,nash_p_SCISSORS,nash_support
2026-08-31T10:45:23,118,0.0,0.0,0.0,0.0,0.0,0.0,0.0,0.0,0.0,0,0,0,0,0,0,0.0,0.0,0.0,0.0,0.0,0.0,0.0,0.0,0.0,ROCK,0,0,0.0,0.0,SPARSE,0.75833,0.47115,0.0,0.0,0.3333,0.3333,0.3333,singular
2026-08-31T10:46:30,119,0.0,0.0,0.0,0.0,0.0,0.0,0.0,0.0,0.0,0,0,0,0,0,0,0.0,0.0,0.0,0.0,0.0,0.0,0.0,0.0,0.0,ROCK,0,0,0.0,0.0,SPARSE,0.78333,0.48777,0.0,0.0,0.3333,0.3333,0.3333,singular
2026-08-31T10:00:43,1,0.0,-1.0,1.0,1.0,0.0,-1.0,-1.0,1.0,0.0,15,8,15,22,8,22,0.0,0.0,0.0,0.0,0.0,0.0,3.0,-3.0,-1.0,ROCK,8,90,0.0,0.0,CYCLE_OK,0.75833,0.47115,0.625,0.0,0.3333,0.3333,0.3333,interior
2026-08-31T10:00:43,2,0.0,-1.0,1.0,1.0,0.0,-1.0,-1.0,1.0,0.0,14,8,14,20,8,20,0.0,0.0,0.0,0.0,0.0,0.0,3.0,-3.0,-1.0,ROCK,8,84,0.0,0.0,CYCLE_OK,0.73333,0.45461,0.6,0.0,0.3333,0.3333,0.3333,interior
2026-08-31T10:00:44,3,0.0,-1.0,1.0,1.0,0.0,-1.0,-1.0,1.0,0.0,36,28,36,44,28,44,0.0,0.0,0.0,0.0,0.0,0.0,3.0,-3.0,-1.0,ROCK,28,216,0.0,0.0,CYCLE_OK,0.70833,0.43815,0.575,0.0,0.3333,0.3333,0.3333,interior
2026-08-31T10:00:45,4,0.0,-1.0,1.0,1.0,0.0,-1.0,-1.0,1.0,0.0,16,30,16,23,30,23,0.0,0.0,0.0,0.0,0.0,0.0,3.0,-3.0,-1.0,ROCK,16,138,0.0,0.0,CYCLE_OK,0.70833,0.43815,0.575,0.0,0.3333,0.3333,0.3333,interior
2026-08-31T10:00:46,5,0.0,-1.0,1.0,1.0,0.0,-1.0,-1.0,1.0,0.0,8,24,8,16,24,16,0.0,0.0,0.0,0.0,0.0,0.0,3.0,-3.0,-1.0,ROCK,8,96,0.0,0.0,CYCLE_OK,0.70833,0.43815,0.575,0.0,0.3333,0.3333,0.3333,interior
2026-08-31T10:00:47,6,0.0,-1.0,1.0,1.0,0.0,-1.0,-1.0,1.0,0.0,13,6,13,20,6,20,0.0,0.0,0.0,0.0,0.0,0.0,3.0,-3.0,-1.0,ROCK,6,78,0.0,0.0,CYCLE_OK,0.68333,0.4218,0.55,0.0,0.3333,0.3333,0.3333,interior
2026-08-31T10:00:47,7,0.0,-1.0,1.0,1.0,0.0,-1.0,-1.0,1.0,0.0,11,23,11,17,23,17,0.0,0.0,0.0,0.0,0.0,0.0,3.0,-3.0,-1.0,ROCK,11,102,0.0,0.0,CYCLE_OK,0.70833,0.43601,0.5625,0.0,0.3333,0.3333,0.3333,interior
2026-08-31T10:00:48,8,0.0,-1.0,1.0,1.0,0.0,-1.0,-1.0,1.0,0.0,18,11,18,25,11,25,0.0,0.0,0.0,0.0,0.0,0.0,3.0,-3.0,-1.0,ROCK,11,108,0.0,0.0,CYCLE_OK,0.68333,0.41995,0.5375,0.0,0.3333,0.3333,0.3333,interior
2026-08-31T10:00:49,9,0.0,-1.0,1.0,1.0,0.0,-1.0,-1.0,1.0,0.0,77,68,77,86,68,86,0.0,0.0,0.0,0.0,0.0,0.0,3.0,-3.0,-1.0,ROCK,68,462,0.0,0.0,CYCLE_OK,0.68333,0.41883,0.525,0.0,0.3333,0.3333,0.3333,interior
2026-08-31T10:00:50,10,0.0,-1.0,1.0,1.0,0.0,-1.0,-1.0,1.0,0.0,12,5,12,19,5,19,0.0,0.0,0.0,0.0,0.0,0.0,3.0,-3.0,-1.0,ROCK,5,72,0.0,0.0,CYCLE_OK,0.65833,0.40324,0.5,0.0,0.3333,0.3333,0.3333,interior
2026-08-31T10:10:55,1,0.0,-1.0,1.0,1.0,0.0,-1.0,-1.0,1.0,0.0,3,15,3,9,15,9,0.0,0.0,0.0,0.0,0.0,0.0,3.0,-3.0,-1.0,ROCK,3,54,0.0,0.0,CYCLE_OK,0.65833,0.40324,0.5,0.0,0.3333,0.3333,0.3333,interior
2026-08-31T10:10:56,2,0.0,-1.0,1.0,1.0,0.0,-1.0,-1.0,1.0,0.0,16,28,16,22,28,22,0.0,0.0,0.0,0.0,0.0,0.0,3.0,-3.0,-1.0,ROCK,16,132,0.0,0.0,CYCLE_OK,0.65833,0.40324,0.5,0.0,0.3333,0.3333,0.3333,interior
2026-08-31T10:10:59,3,0.0,-1.0,1.0,1.0,0.0,-1.0,-1.0,1.0,0.0,109,100,109,91,100,91,0.0,0.0,0.0,0.0,0.0,0.0,3.0,-3.0,-1.0,ROCK,91,600,0.0,0.0,CYCLE_OK,0.65833,0.40402,0.5125,0.0,0.3333,0.3333,0.3333,interior
2026-08-31T10:10:59,4,0.0,-1.0,1.0,1.0,0.0,-1.0,-1.0,1.0,0.0,8,3,8,13,3,13,0.0,0.0,0.0,0.0,0.0,0.0,3.0,-3.0,-1.0,ROCK,3,48,0.0,0.0,CYCLE_OK,0.63333,0.38824,0.4875,0.0,0.3333,0.3333,0.3333,interior
2026-08-31T10:11:00,5,0.0,-1.0,1.0,1.0,0.0,-1.0,-1.0,1.0,0.0,14,8,14,2,8,2,0.0,0.0,0.0,0.0,0.0,0.0,3.0,-3.0,-1.0,ROCK,2,48,0.0,0.0,CYCLE_OK,0.63333,0.38824,0.4875,0.0,0.3333,0.3333,0.3333,interior
2026-08-31T10:11:01,6,0.0,-1.0,1.0,1.0,0.0,-1.0,-1.0,1.0,0.0,23,17,23,29,17,29,0.0,0.0,0.0,0.0,0.0,0.0,3.0,-3.0,-1.0,ROCK,17,138,0.0,0.0,CYCLE_OK,0.63333,0.38824,0.4875,0.0,0.3333,0.3333,0.3333,interior
2026-08-31T10:11:02,7,0.0,-1.0,1.0,1.0,0.0,-1.0,-1.0,1.0,0.0,9,2,9,16,2,16,0.0,0.0,0.0,0.0,0.0,0.0,3.0,-3.0,-1.0,ROCK,2,54,0.0,0.0,CYCLE_OK,0.63333,0.38784,0.475,0.0,0.3333,0.3333,0.3333,interior
2026-08-31T10:11:02,8,0.0,-1.0,1.0,1.0,0.0,-1.0,-1.0,1.0,0.0,19,12,19,26,12,26,0.0,0.0,0.0,0.0,0.0,0.0,3.0,-3.0,-1.0,ROCK,12,114,0.0,0.0,CYCLE_OK,0.63333,0.38824,0.4625,0.0,0.3333,0.3333,0.3333,interior
2026-08-31T10:11:04,9,0.0,-1.0,1.0,1.0,0.0,-1.0,-1.0,1.0,0.0,21,33,21,27,33,27,0.0,0.0,0.0,0.0,0.0,0.0,3.0,-3.0,-1.0,ROCK,21,162,0.0,0.0,CYCLE_OK,0.63333,0.38824,0.4625,0.0,0.3333,0.3333,0.3333,interior
2026-08-31T10:11:05,10,0.0,-1.0,1.0,1.0,0.0,-1.0,-1.0,1.0,0.0,51,42,51,33,42,33,0.0,0.0,0.0,0.0,0.0,0.0,3.0,-3.0,-1.0,ROCK,33,252,0.0,0.0,CYCLE_OK,0.60833,0.37263,0.45,0.0,0.3333,0.3333,0.3333,interior
2026-08-31T10:12:57,1,0.0,-1.0,1.0,1.0,0.0,-1.0,-1.0,1.0,0.0,28,44,28,36,44,36,0.0,0.0,0.0,0.0,0.0,0.0,3.0,-3.0,-1.0,ROCK,28,216,0.0,0.0,CYCLE_OK,0.60833,0.37263,0.45,0.0,0.3333,0.3333,0.3333,interior
2026-08-31T10:12:58,2,0.0,-1.0,1.0,1.0,0.0,-1.0,-1.0,1.0,0.0,30,48,30,39,48,39,0.0,0.0,0.0,0.0,0.0,0.0,3.0,-3.0,-1.0,ROCK,30,234,0.0,0.0,CYCLE_OK,0.60833,0.37263,0.45,0.0,0.3333,0.3333,0.3333,interior
2026-08-31T10:12:59,3,0.0,-1.0,1.0,1.0,0.0,-1.0,-1.0,1.0,0.0,22,17,22,12,17,12,0.0,0.0,0.0,0.0,0.0,0.0,3.0,-3.0,-1.0,ROCK,12,102,0.0,0.0,CYCLE_OK,0.58333,0.35722,0.4375,0.0,0.3333,0.3333,0.3333,interior
2026-08-31T10:13:00,4,0.0,-1.0,1.0,1.0,0.0,-1.0,-1.0,1.0,0.0,8,18,8,13,18,13,0.0,0.0,0.0,0.0,0.0,0.0,3.0,-3.0,-1.0,ROCK,8,78,0.0,0.0,CYCLE_OK,0.58333,0.35722,0.4375,0.0,0.3333,0.3333,0.3333,interior
2026-08-31T10:13:01,5,0.0,-1.0,1.0,1.0,0.0,-1.0,-1.0,1.0,0.0,17,35,17,26,35,26,0.0,0.0,0.0,0.0,0.0,0.0,3.0,-3.0,-1.0,ROCK,17,156,0.0,0.0,CYCLE_OK,0.60833,0.37263,0.45,0.0,0.3333,0.3333,0.3333,interior
2026-08-31T10:13:02,6,0.0,-1.0,1.0,1.0,0.0,-1.0,-1.0,1.0,0.0,6,20,6,13,20,13,0.0,0.0,0.0,0.0,0.0,0.0,3.0,-3.0,-1.0,ROCK,6,78,0.0,0.0,CYCLE_OK,0.63333,0.38824,0.4625,0.0,0.3333,0.3333,0.3333,interior
2026-08-31T10:13:03,7,0.0,-1.0,1.0,1.0,0.0,-1.0,-1.0,1.0,0.0,20,36,20,28,36,28,0.0,0.0,0.0,0.0,0.0,0.0,3.0,-3.0,-1.0,ROCK,20,168,0.0,0.0,CYCLE_OK,0.63333,0.38824,0.4625,0.0,0.3333,0.3333,0.3333,interior
2026-08-31T10:13:03,8,0.0,-1.0,1.0,1.0,0.0,-1.0,-1.0,1.0,0.0,20,36,20,28,36,28,0.0,0.0,0.0,0.0,0.0,0.0,3.0,-3.0,-1.0,ROCK,20,168,0.0,0.0,CYCLE_OK,0.63333,0.38824,0.4625,0.0,0.3333,0.3333,0.3333,interior
2026-08-31T10:13:04,9,0.0,-1.0,1.0,1.0,0.0,-1.0,-1.0,1.0,0.0,16,28,16,22,28,22,0.0,0.0,0.0,0.0,0.0,0.0,3.0,-3.0,-1.0,ROCK,16,132,0.0,0.0,CYCLE_OK,0.65833,0.40402,0.475,0.0,0.3333,0.3333,0.3333,interior
2026-08-31T10:13:05,10,0.0,-1.0,1.0,1.0,0.0,-1.0,-1.0,1.0,0.0,11,29,11,20,29,20,0.0,0.0,0.0,0.0,0.0,0.0,3.0,-3.0,-1.0,ROCK,11,120,0.0,0.0,CYCLE_OK,0.65833,0.40402,0.475,0.0,0.3333,0.3333,0.3333,interior
2026-08-31T10:27:28,1,0.0,-1.0,1.0,1.0,0.0,-1.0,-1.0,1.0,0.0,16,11,16,6,11,6,0.0,0.0,0.0,0.0,0.0,0.0,3.0,-3.0,-1.0,ROCK,6,66,0.0,0.0,CYCLE_OK,0.65833,0.40402,0.475,0.0,0.3333,0.3333,0.3333,interior
2026-08-31T10:27:28,2,0.0,-1.0,1.0,1.0,0.0,-1.0,-1.0,1.0,0.0,3,19,3,11,19,11,0.0,0.0,0.0,0.0,0.0,0.0,3.0,-3.0,-1.0,ROCK,3,66,0.0,0.0,CYCLE_OK,0.65833,0.40402,0.475,0.0,0.3333,0.3333,0.3333,interior
2026-08-31T10:27:29,3,0.0,-1.0,1.0,1.0,0.0,-1.0,-1.0,1.0,0.0,1,11,1,6,11,6,0.0,0.0,0.0,0.0,0.0,0.0,3.0,-3.0,-1.0,ROCK,1,36,0.0,0.0,CYCLE_OK,0.65833,0.40402,0.475,0.0,0.3333,0.3333,0.3333,interior
2026-08-31T10:27:30,4,0.0,-1.0,1.0,1.0,0.0,-1.0,-1.0,1.0,0.0,12,7,12,2,7,2,0.0,0.0,0.0,0.0,0.0,0.0,3.0,-3.0,-1.0,ROCK,2,42,0.0,0.0,CYCLE_OK,0.63333,0.38824,0.4625,0.0,0.3333,0.3333,0.3333,interior
2026-08-31T10:27:31,5,0.0,-1.0,1.0,1.0,0.0,-1.0,-1.0,1.0,0.0,19,12,19,5,12,5,0.0,0.0,0.0,0.0,0.0,0.0,3.0,-3.0,-1.0,ROCK,5,72,0.0,0.0,CYCLE_OK,0.63333,0.38824,0.4625,0.0,0.3333,0.3333,0.3333,interior
2026-08-31T10:27:32,6,0.0,-1.0,1.0,1.0,0.0,-1.0,-1.0,1.0,0.0,18,13,18,8,13,8,0.0,0.0,0.0,0.0,0.0,0.0,3.0,-3.0,-1.0,ROCK,8,78,0.0,0.0,CYCLE_OK,0.60833,0.37263,0.45,0.0,0.3333,0.3333,0.3333,interior
2026-08-31T10:27:33,7,0.0,-1.0,1.0,1.0,0.0,-1.0,-1.0,1.0,0.0,10,28,10,19,28,19,0.0,0.0,0.0,0.0,0.0,0.0,3.0,-3.0,-1.0,ROCK,10,114,0.0,0.0,CYCLE_OK,0.60833,0.37263,0.45,0.0,0.3333,0.3333,0.3333,interior
2026-08-31T10:27:33,8,0.0,-1.0,1.0,1.0,0.0,-1.0,-1.0,1.0,0.0,8,24,8,16,24,16,0.0,0.0,0.0,0.0,0.0,0.0,3.0,-3.0,-1.0,ROCK,8,96,0.0,0.0,CYCLE_OK,0.60833,0.37263,0.45,0.0,0.3333,0.3333,0.3333,interior
2026-08-31T10:27:34,9,0.0,-1.0,1.0,1.0,0.0,-1.0,-1.0,1.0,0.0,1,13,1,7,13,7,0.0,0.0,0.0,0.0,0.0,0.0,3.0,-3.0,-1.0,ROCK,1,42,0.0,0.0,CYCLE_OK,0.63333,0.38824,0.4625,0.0,0.3333,0.3333,0.3333,interior
2026-08-31T10:27:34,10,0.0,-1.0,1.0,1.0,0.0,-1.0,-1.0,1.0,0.0,4,14,4,9,14,9,0.0,0.0,0.0,0.0,0.0,0.0,3.0,-3.0,-1.0,ROCK,4,54,0.0,0.0,CYCLE_OK,0.63333,0.38824,0.4625,0.0,0.3333,0.3333,0.3333,interior
2026-08-31T10:30:46,1,0.0,-1.0,1.0,1.0,0.0,-1.0,-1.0,1.0,0.0,11,5,11,17,5,17,0.0,0.0,0.0,0.0,0.0,0.0,3.0,-3.0,-1.0,ROCK,5,66,0.0,0.0,CYCLE_OK,0.60833,0.37347,0.4375,0.0,0.3333,0.3333,0.3333,interior
2026-08-31T10:30:46,2,0.0,-1.0,1.0,1.0,0.0,-1.0,-1.0,1.0,0.0,12,30,12,21,30,21,0.0,0.0,0.0,0.0,0.0,0.0,3.0,-3.0,-1.0,ROCK,12,126,0.0,0.0,CYCLE_OK,0.60833,0.37347,0.4375,0.0,0.3333,0.3333,0.3333,interior
2026-08-31T10:30:47,3,0.0,-1.0,1.0,1.0,0.0,-1.0,-1.0,1.0,0.0,18,36,18,27,36,27,0.0,0.0,0.0,0.0,0.0,0.0,3.0,-3.0,-1.0,ROCK,18,162,0.0,0.0,CYCLE_OK,0.60833,0.37347,0.4375,0.0,0.3333,0.3333,0.3333,interior
2026-08-31T10:30:48,4,0.0,-1.0,1.0,1.0,0.0,-1.0,-1.0,1.0,0.0,17,11,17,23,11,23,0.0,0.0,0.0,0.0,0.0,0.0,3.0,-3.0,-1.0,ROCK,11,102,0.0,0.0,CYCLE_OK,0.58333,0.35896,0.4125,0.0,0.3333,0.3333,0.3333,interior
2026-08-31T10:30:50,5,0.0,-1.0,1.0,1.0,0.0,-1.0,-1.0,1.0,0.0,65,56,65,74,56,74,0.0,0.0,0.0,0.0,0.0,0.0,3.0,-3.0,-1.0,ROCK,56,390,0.0,0.0,CYCLE_OK,0.58333,0.35896,0.4125,0.0,0.3333,0.3333,0.3333,interior
2026-08-31T10:30:51,6,0.0,-1.0,1.0,1.0,0.0,-1.0,-1.0,1.0,0.0,12,22,12,17,22,17,0.0,0.0,0.0,0.0,0.0,0.0,3.0,-3.0,-1.0,ROCK,12,102,0.0,0.0,CYCLE_OK,0.58333,0.35896,0.4125,0.0,0.3333,0.3333,0.3333,interior
2026-08-31T10:30:51,7,0.0,-1.0,1.0,1.0,0.0,-1.0,-1.0,1.0,0.0,12,4,12,20,4,20,0.0,0.0,0.0,0.0,0.0,0.0,3.0,-3.0,-1.0,ROCK,4,72,0.0,0.0,CYCLE_OK,0.55833,0.34475,0.3875,0.0,0.3333,0.3333,0.3333,interior
2026-08-31T10:30:52,8,0.0,-1.0,1.0,1.0,0.0,-1.0,-1.0,1.0,0.0,6,20,6,13,20,13,0.0,0.0,0.0,0.0,0.0,0.0,3.0,-3.0,-1.0,ROCK,6,78,0.0,0.0,CYCLE_OK,0.58333,0.35896,0.4125,0.0,0.3333,0.3333,0.3333,interior
2026-08-31T10:30:53,9,0.0,-1.0,1.0,1.0,0.0,-1.0,-1.0,1.0,0.0,29,41,29,35,41,35,0.0,0.0,0.0,0.0,0.0,0.0,3.0,-3.0,-1.0,ROCK,29,210,0.0,0.0,CYCLE_OK,0.58333,0.35896,0.4125,0.0,0.3333,0.3333,0.3333,interior
2026-08-31T10:30:54,10,0.0,-1.0,1.0,1.0,0.0,-1.0,-1.0,1.0,0.0,13,25,13,19,25,19,0.0,0.0,0.0,0.0,0.0,0.0,3.0,-3.0,-1.0,ROCK,13,114,0.0,0.0,CYCLE_OK,0.60833,0.37514,0.425,0.0,0.3333,0.3333,0.3333,interior
2026-08-31T10:36:14,1,0.0,-1.0,1.0,1.0,0.0,-1.0,-1.0,1.0,0.0,9,1,9,17,1,17,0.0,0.0,0.0,0.0,0.0,0.0,3.0,-3.0,-1.0,ROCK,1,54,0.0,0.0,CYCLE_OK,0.58333,0.36113,0.4,0.0,0.3333,0.3333,0.3333,interior
2026-08-31T10:36:15,2,0.0,-1.0,1.0,1.0,0.0,-1.0,-1.0,1.0,0.0,15,31,15,23,31,23,0.0,0.0,0.0,0.0,0.0,0.0,3.0,-3.0,-1.0,ROCK,15,138,0.0,0.0,CYCLE_OK,0.58333,0.36113,0.4,0.0,0.3333,0.3333,0.3333,interior
2026-08-31T10:36:16,3,0.0,-1.0,1.0,1.0,0.0,-1.0,-1.0,1.0,0.0,17,31,17,24,31,24,0.0,0.0,0.0,0.0,0.0,0.0,3.0,-3.0,-1.0,ROCK,17,144,0.0,0.0,CYCLE_OK,0.58333,0.36113,0.4,0.0,0.3333,0.3333,0.3333,interior
2026-08-31T10:36:17,4,0.0,-1.0,1.0,1.0,0.0,-1.0,-1.0,1.0,0.0,11,5,11,17,5,17,0.0,0.0,0.0,0.0,0.0,0.0,3.0,-3.0,-1.0,ROCK,5,66,0.0,0.0,CYCLE_OK,0.55833,0.34746,0.375,0.0,0.3333,0.3333,0.3333,interior
2026-08-31T10:36:17,5,0.0,-1.0,1.0,1.0,0.0,-1.0,-1.0,1.0,0.0,6,22,6,14,22,14,0.0,0.0,0.0,0.0,0.0,0.0,3.0,-3.0,-1.0,ROCK,6,84,0.0,0.0,CYCLE_OK,0.55833,0.34746,0.375,0.0,0.3333,0.3333,0.3333,interior
2026-08-31T10:36:18,6,0.0,-1.0,1.0,1.0,0.0,-1.0,-1.0,1.0,0.0,5,17,5,11,17,11,0.0,0.0,0.0,0.0,0.0,0.0,3.0,-3.0,-1.0,ROCK,5,66,0.0,0.0,CYCLE_OK,0.58333,0.36113,0.4,0.0,0.3333,0.3333,0.3333,interior
2026-08-31T10:36:19,7,0.0,-1.0,1.0,1.0,0.0,-1.0,-1.0,1.0,0.0,19,12,19,26,12,26,0.0,0.0,0.0,0.0,0.0,0.0,3.0,-3.0,-1.0,ROCK,12,114,0.0,0.0,CYCLE_OK,0.55833,0.34746,0.375,0.0,0.3333,0.3333,0.3333,interior
2026-08-31T10:36:20,8,0.0,-1.0,1.0,1.0,0.0,-1.0,-1.0,1.0,0.0,29,47,29,38,47,38,0.0,0.0,0.0,0.0,0.0,0.0,3.0,-3.0,-1.0,ROCK,29,228,0.0,0.0,CYCLE_OK,0.55833,0.34746,0.375,0.0,0.3333,0.3333,0.3333,interior
2026-08-31T10:36:21,9,0.0,-1.0,1.0,1.0,0.0,-1.0,-1.0,1.0,0.0,21,39,21,30,39,30,0.0,0.0,0.0,0.0,0.0,0.0,3.0,-3.0,-1.0,ROCK,21,180,0.0,0.0,CYCLE_OK,0.55833,0.34746,0.375,0.0,0.3333,0.3333,0.3333,interior
2026-08-31T10:36:21,10,0.0,-1.0,1.0,1.0,0.0,-1.0,-1.0,1.0,0.0,12,30,12,21,30,21,0.0,0.0,0.0,0.0,0.0,0.0,3.0,-3.0,-1.0,ROCK,12,126,0.0,0.0,CYCLE_OK,0.58333,0.36415,0.3875,0.0,0.3333,0.3333,0.3333,interior
2026-08-31T10:38:37,1,0.0,-1.0,1.0,1.0,0.0,-1.0,-1.0,1.0,0.0,31,25,31,37,25,37,0.0,0.0,0.0,0.0,0.0,0.0,3.0,-3.0,-1.0,ROCK,25,186,0.0,0.0,CYCLE_OK,0.58333,0.36799,0.375,0.0,0.3333,0.3333,0.3333,interior
2026-08-31T10:38:38,2,0.0,-1.0,1.0,1.0,0.0,-1.0,-1.0,1.0,0.0,22,16,22,10,16,10,0.0,0.0,0.0,0.0,0.0,0.0,3.0,-3.0,-1.0,ROCK,10,96,0.0,0.0,CYCLE_OK,0.55833,0.35104,0.3625,0.0,0.3333,0.3333,0.3333,interior
2026-08-31T10:38:39,3,0.0,-1.0,1.0,1.0,0.0,-1.0,-1.0,1.0,0.0,13,31,13,22,31,22,0.0,0.0,0.0,0.0,0.0,0.0,3.0,-3.0,-1.0,ROCK,13,132,0.0,0.0,CYCLE_OK,0.55833,0.35104,0.3625,0.0,0.3333,0.3333,0.3333,interior
2026-08-31T10:38:40,4,0.0,-1.0,1.0,1.0,0.0,-1.0,-1.0,1.0,0.0,25,19,25,31,19,31,0.0,0.0,0.0,0.0,0.0,0.0,3.0,-3.0,-1.0,ROCK,19,150,0.0,0.0,CYCLE_OK,0.55833,0.35104,0.3625,0.0,0.3333,0.3333,0.3333,interior
2026-08-31T10:38:40,5,0.0,-1.0,1.0,1.0,0.0,-1.0,-1.0,1.0,0.0,22,15,22,8,15,8,0.0,0.0,0.0,0.0,0.0,0.0,3.0,-3.0,-1.0,ROCK,8,90,0.0,0.0,CYCLE_OK,0.55833,0.35104,0.3625,0.0,0.3333,0.3333,0.3333,interior
2026-08-31T10:38:41,6,0.0,-1.0,1.0,1.0,0.0,-1.0,-1.0,1.0,0.0,6,16,6,11,16,11,0.0,0.0,0.0,0.0,0.0,0.0,3.0,-3.0,-1.0,ROCK,6,66,0.0,0.0,CYCLE_OK,0.55833,0.35104,0.3625,0.0,0.3333,0.3333,0.3333,interior
2026-08-31T10:38:42,7,0.0,-1.0,1.0,1.0,0.0,-1.0,-1.0,1.0,0.0,9,3,9,15,3,15,0.0,0.0,0.0,0.0,0.0,0.0,3.0,-3.0,-1.0,ROCK,3,54,0.0,0.0,CYCLE_OK,0.53333,0.33835,0.3375,0.0,0.3333,0.3333,0.3333,interior
2026-08-31T10:38:43,8,0.0,-1.0,1.0,1.0,0.0,-1.0,-1.0,1.0,0.0,20,13,20,27,13,27,0.0,0.0,0.0,0.0,0.0,0.0,3.0,-3.0,-1.0,ROCK,13,120,0.0,0.0,CYCLE_OK,0.50833,0.32612,0.3125,0.0,0.3333,0.3333,0.3333,interior
2026-08-31T10:38:44,9,0.0,-1.0,1.0,1.0,0.0,-1.0,-1.0,1.0,0.0,24,40,24,32,40,32,0.0,0.0,0.0,0.0,0.0,0.0,3.0,-3.0,-1.0,ROCK,24,192,0.0,0.0,CYCLE_OK,0.50833,0.32612,0.3125,0.0,0.3333,0.3333,0.3333,interior
2026-08-31T10:38:44,10,0.0,-1.0,1.0,1.0,0.0,-1.0,-1.0,1.0,0.0,7,23,7,15,23,15,0.0,0.0,0.0,0.0,0.0,0.0,3.0,-3.0,-1.0,ROCK,7,90,0.0,0.0,CYCLE_OK,0.53333,0.34339,0.325,0.0,0.3333,0.3333,0.3333,interior
2026-08-31T10:40:23,1,0.0,-1.0,1.0,1.0,0.0,-1.0,-1.0,1.0,0.0,15,27,15,21,27,21,0.0,0.0,0.0,0.0,0.0,0.0,3.0,-3.0,-1.0,ROCK,15,126,0.0,0.0,CYCLE_OK,0.53333,0.34339,0.325,0.0,0.3333,0.3333,0.3333,interior
2026-08-31T10:40:24,2,0.0,-1.0,1.0,1.0,0.0,-1.0,-1.0,1.0,0.0,12,26,12,19,26,19,0.0,0.0,0.0,0.0,0.0,0.0,3.0,-3.0,-1.0,ROCK,12,114,0.0,0.0,CYCLE_OK,0.53333,0.34339,0.325,0.0,0.3333,0.3333,0.3333,interior
2026-08-31T10:40:24,3,0.0,-1.0,1.0,1.0,0.0,-1.0,-1.0,1.0,0.0,8,20,8,14,20,14,0.0,0.0,0.0,0.0,0.0,0.0,3.0,-3.0,-1.0,ROCK,8,84,0.0,0.0,CYCLE_OK,0.53333,0.34339,0.325,0.0,0.3333,0.3333,0.3333,interior
2026-08-31T10:40:25,4,0.0,-1.0,1.0,1.0,0.0,-1.0,-1.0,1.0,0.0,35,26,35,44,26,44,0.0,0.0,0.0,0.0,0.0,0.0,3.0,-3.0,-1.0,ROCK,26,210,0.0,0.0,CYCLE_OK,0.50833,0.33182,0.3,0.0,0.3333,0.3333,0.3333,interior
2026-08-31T10:40:27,5,0.0,-1.0,1.0,1.0,0.0,-1.0,-1.0,1.0,0.0,18,32,18,25,32,25,0.0,0.0,0.0,0.0,0.0,0.0,3.0,-3.0,-1.0,ROCK,18,150,0.0,0.0,CYCLE_OK,0.50833,0.33182,0.3,0.0,0.3333,0.3333,0.3333,interior
2026-08-31T10:40:27,6,0.0,-1.0,1.0,1.0,0.0,-1.0,-1.0,1.0,0.0,5,17,5,11,17,11,0.0,0.0,0.0,0.0,0.0,0.0,3.0,-3.0,-1.0,ROCK,5,66,0.0,0.0,CYCLE_OK,0.50833,0.33182,0.3,0.0,0.3333,0.3333,0.3333,interior
2026-08-31T10:40:29,7,0.0,-1.0,1.0,1.0,0.0,-1.0,-1.0,1.0,0.0,14,28,14,21,28,21,0.0,0.0,0.0,0.0,0.0,0.0,3.0,-3.0,-1.0,ROCK,14,126,0.0,0.0,CYCLE_OK,0.50833,0.33182,0.3,0.0,0.3333,0.3333,0.3333,interior
2026-08-31T10:40:29,8,0.0,-1.0,1.0,1.0,0.0,-1.0,-1.0,1.0,0.0,16,8,16,24,8,24,0.0,0.0,0.0,0.0,0.0,0.0,3.0,-3.0,-1.0,ROCK,8,96,0.0,0.0,CYCLE_OK,0.48333,0.32081,0.275,0.0,0.3333,0.3333,0.3333,interior
2026-08-31T10:40:30,9,0.0,-1.0,1.0,1.0,0.0,-1.0,-1.0,1.0,0.0,17,11,17,23,11,23,0.0,0.0,0.0,0.0,0.0,0.0,3.0,-3.0,-1.0,ROCK,11,102,0.0,0.0,CYCLE_OK,0.45833,0.31041,0.25,0.0,0.3333,0.3333,0.3333,interior
2026-08-31T10:40:31,10,0.0,-1.0,1.0,1.0,0.0,-1.0,-1.0,1.0,0.0,13,7,13,1,7,1,0.0,0.0,0.0,0.0,0.0,0.0,3.0,-3.0,-1.0,ROCK,1,42,0.0,0.0,CYCLE_OK,0.43333,0.2928,0.2375,0.0,0.3333,0.3333,0.3333,interior
2026-08-31T10:42:17,1,0.0,-1.0,1.0,1.0,0.0,-1.0,-1.0,1.0,0.0,27,45,27,36,45,36,0.0,0.0,0.0,0.0,0.0,0.0,3.0,-3.0,-1.0,ROCK,27,216,0.0,0.0,CYCLE_OK,0.45833,0.30328,0.2625,0.0,0.3333,0.3333,0.3333,interior
2026-08-31T10:42:18,2,0.0,-1.0,1.0,1.0,0.0,-1.0,-1.0,1.0,0.0,21,39,21,30,39,30,0.0,0.0,0.0,0.0,0.0,0.0,3.0,-3.0,-1.0,ROCK,21,180,0.0,0.0,CYCLE_OK,0.48333,0.31441,0.2875,0.0,0.3333,0.3333,0.3333,interior
2026-08-31T10:42:19,3,0.0,-1.0,1.0,1.0,0.0,-1.0,-1.0,1.0,0.0,22,17,22,12,17,12,0.0,0.0,0.0,0.0,0.0,0.0,3.0,-3.0,-1.0,ROCK,12,102,0.0,0.0,CYCLE_OK,0.48333,0.3089,0.3,0.0,0.3333,0.3333,0.3333,interior
2026-08-31T10:42:20,4,0.0,-1.0,1.0,1.0,0.0,-1.0,-1.0,1.0,0.0,11,6,11,16,6,16,0.0,0.0,0.0,0.0,0.0,0.0,3.0,-3.0,-1.0,ROCK,6,66,0.0,0.0,CYCLE_OK,0.45833,0.29703,0.275,0.0,0.3333,0.3333,0.3333,interior
2026-08-31T10:42:21,5,0.0,-1.0,1.0,1.0,0.0,-1.0,-1.0,1.0,0.0,8,3,8,13,3,13,0.0,0.0,0.0,0.0,0.0,0.0,3.0,-3.0,-1.0,ROCK,3,48,0.0,0.0,CYCLE_OK,0.43333,0.28577,0.25,0.0,0.3333,0.3333,0.3333,interior
2026-08-31T10:42:21,6,0.0,-1.0,1.0,1.0,0.0,-1.0,-1.0,1.0,0.0,7,19,7,13,19,13,0.0,0.0,0.0,0.0,0.0,0.0,3.0,-3.0,-1.0,ROCK,7,78,0.0,0.0,CYCLE_OK,0.45833,0.29703,0.275,0.0,0.3333,0.3333,0.3333,interior
2026-08-31T10:42:22,7,0.0,-1.0,1.0,1.0,0.0,-1.0,-1.0,1.0,0.0,7,2,7,12,2,12,0.0,0.0,0.0,0.0,0.0,0.0,3.0,-3.0,-1.0,ROCK,2,42,0.0,0.0,CYCLE_OK,0.43333,0.28577,0.25,0.0,0.3333,0.3333,0.3333,interior
2026-08-31T10:42:22,8,0.0,-1.0,1.0,1.0,0.0,-1.0,-1.0,1.0,0.0,23,16,23,9,16,9,0.0,0.0,0.0,0.0,0.0,0.0,3.0,-3.0,-1.0,ROCK,9,96,0.0,0.0,CYCLE_OK,0.43333,0.27969,0.2625,0.0,0.3333,0.3333,0.3333,interior
2026-08-31T10:42:23,9,0.0,-1.0,1.0,1.0,0.0,-1.0,-1.0,1.0,0.0,3,15,3,9,15,9,0.0,0.0,0.0,0.0,0.0,0.0,3.0,-3.0,-1.0,ROCK,3,54,0.0,0.0,CYCLE_OK,0.45833,0.29173,0.2875,0.0,0.3333,0.3333,0.3333,interior
2026-08-31T10:42:24,10,0.0,-1.0,1.0,1.0,0.0,-1.0,-1.0,1.0,0.0,11,23,11,17,23,17,0.0,0.0,0.0,0.0,0.0,0.0,3.0,-3.0,-1.0,ROCK,11,102,0.0,0.0,CYCLE_OK,0.48333,0.30431,0.3125,0.0,0.3333,0.3333,0.3333,interior
2026-08-31T10:42:26,11,0.0,-1.0,1.0,1.0,0.0,-1.0,-1.0,1.0,0.0,38,56,38,47,56,47,0.0,0.0,0.0,0.0,0.0,0.0,3.0,-3.0,-1.0,ROCK,38,282,0.0,0.0,CYCLE_OK,0.48333,0.30431,0.3125,0.0,0.3333,0.3333,0.3333,interior
2026-08-31T10:42:26,12,0.0,-1.0,1.0,1.0,0.0,-1.0,-1.0,1.0,0.0,18,11,18,4,11,4,0.0,0.0,0.0,0.0,0.0,0.0,3.0,-3.0,-1.0,ROCK,4,66,0.0,0.0,CYCLE_OK,0.45833,0.28741,0.3,0.0,0.3333,0.3333,0.3333,interior
2026-08-31T10:42:27,13,0.0,-1.0,1.0,1.0,0.0,-1.0,-1.0,1.0,0.0,46,37,46,55,37,55,0.0,0.0,0.0,0.0,0.0,0.0,3.0,-3.0,-1.0,ROCK,37,276,0.0,0.0,CYCLE_OK,0.45833,0.29173,0.2875,0.0,0.3333,0.3333,0.3333,interior
2026-08-31T10:42:28,14,0.0,-1.0,1.0,1.0,0.0,-1.0,-1.0,1.0,0.0,13,31,13,22,31,22,0.0,0.0,0.0,0.0,0.0,0.0,3.0,-3.0,-1.0,ROCK,13,132,0.0,0.0,CYCLE_OK,0.48333,0.30431,0.3125,0.0,0.3333,0.3333,0.3333,interior
2026-08-31T10:42:29,15,0.0,-1.0,1.0,1.0,0.0,-1.0,-1.0,1.0,0.0,19,13,19,25,13,25,0.0,0.0,0.0,0.0,0.0,0.0,3.0,-3.0,-1.0,ROCK,13,114,0.0,0.0,CYCLE_OK,0.48333,0.3089,0.3,0.0,0.3333,0.3333,0.3333,interior
2026-08-31T10:42:30,16,0.0,-1.0,1.0,1.0,0.0,-1.0,-1.0,1.0,0.0,35,29,35,23,29,23,0.0,0.0,0.0,0.0,0.0,0.0,3.0,-3.0,-1.0,ROCK,23,174,0.0,0.0,CYCLE_OK,0.48333,0.30431,0.3125,0.0,0.3333,0.3333,0.3333,interior
2026-08-31T10:42:31,17,0.0,-1.0,1.0,1.0,0.0,-1.0,-1.0,1.0,0.0,1,11,1,6,11,6,0.0,0.0,0.0,0.0,0.0,0.0,3.0,-3.0,-1.0,ROCK,1,36,0.0,0.0,CYCLE_OK,0.50833,0.31738,0.3375,0.0,0.3333,0.3333,0.3333,interior
2026-08-31T10:42:31,18,0.0,-1.0,1.0,1.0,0.0,-1.0,-1.0,1.0,0.0,14,8,14,20,8,20,0.0,0.0,0.0,0.0,0.0,0.0,3.0,-3.0,-1.0,ROCK,8,84,0.0,0.0,CYCLE_OK,0.50833,0.31738,0.3375,0.0,0.3333,0.3333,0.3333,interior
2026-08-31T10:42:32,19,0.0,-1.0,1.0,1.0,0.0,-1.0,-1.0,1.0,0.0,10,4,10,16,4,16,0.0,0.0,0.0,0.0,0.0,0.0,3.0,-3.0,-1.0,ROCK,4,60,0.0,0.0,CYCLE_OK,0.48333,0.30431,0.3125,0.0,0.3333,0.3333,0.3333,interior
2026-08-31T10:42:33,20,0.0,-1.0,1.0,1.0,0.0,-1.0,-1.0,1.0,0.0,19,13,19,25,13,25,0.0,0.0,0.0,0.0,0.0,0.0,3.0,-3.0,-1.0,ROCK,13,114,0.0,0.0,CYCLE_OK,0.48333,0.3089,0.3,0.0,0.3333,0.3333,0.3333,interior
2026-08-31T10:42:34,21,0.0,-1.0,1.0,1.0,0.0,-1.0,-1.0,1.0,0.0,5,17,5,11,17,11,0.0,0.0,0.0,0.0,0.0,0.0,3.0,-3.0,-1.0,ROCK,5,66,0.0,0.0,CYCLE_OK,0.48333,0.3089,0.3,0.0,0.3333,0.3333,0.3333,interior
2026-08-31T10:42:34,22,0.0,-1.0,1.0,1.0,0.0,-1.0,-1.0,1.0,0.0,25,17,25,9,17,9,0.0,0.0,0.0,0.0,0.0,0.0,3.0,-3.0,-1.0,ROCK,9,102,0.0,0.0,CYCLE_OK,0.45833,0.29173,0.2875,0.0,0.3333,0.3333,0.3333,interior
2026-08-31T10:42:35,23,0.0,-1.0,1.0,1.0,0.0,-1.0,-1.0,1.0,0.0,10,28,10,19,28,19,0.0,0.0,0.0,0.0,0.0,0.0,3.0,-3.0,-1.0,ROCK,10,114,0.0,0.0,CYCLE_OK,0.48333,0.3089,0.3,0.0,0.3333,0.3333,0.3333,interior
2026-08-31T10:42:36,24,0.0,-1.0,1.0,1.0,0.0,-1.0,-1.0,1.0,0.0,13,29,13,21,29,21,0.0,0.0,0.0,0.0,0.0,0.0,3.0,-3.0,-1.0,ROCK,13,126,0.0,0.0,CYCLE_OK,0.48333,0.3089,0.3,0.0,0.3333,0.3333,0.3333,interior
2026-08-31T10:42:37,25,0.0,-1.0,1.0,1.0,0.0,-1.0,-1.0,1.0,0.0,27,19,27,35,19,35,0.0,0.0,0.0,0.0,0.0,0.0,3.0,-3.0,-1.0,ROCK,19,162,0.0,0.0,CYCLE_OK,0.45833,0.29703,0.275,0.0,0.3333,0.3333,0.3333,interior
2026-08-31T10:42:38,26,0.0,-1.0,1.0,1.0,0.0,-1.0,-1.0,1.0,0.0,5,15,5,10,15,10,0.0,0.0,0.0,0.0,0.0,0.0,3.0,-3.0,-1.0,ROCK,5,60,0.0,0.0,CYCLE_OK,0.45833,0.29703,0.275,0.0,0.3333,0.3333,0.3333,interior
2026-08-31T10:42:39,27,0.0,-1.0,1.0,1.0,0.0,-1.0,-1.0,1.0,0.0,9,4,9,14,4,14,0.0,0.0,0.0,0.0,0.0,0.0,3.0,-3.0,-1.0,ROCK,4,54,0.0,0.0,CYCLE_OK,0.43333,0.28577,0.25,0.0,0.3333,0.3333,0.3333,interior
2026-08-31T10:42:40,28,0.0,-1.0,1.0,1.0,0.0,-1.0,-1.0,1.0,0.0,7,2,7,12,2,12,0.0,0.0,0.0,0.0,0.0,0.0,3.0,-3.0,-1.0,ROCK,2,42,0.0,0.0,CYCLE_OK,0.40833,0.27519,0.225,0.0,0.3333,0.3333,0.3333,interior
2026-08-31T10:42:40,29,0.0,-1.0,1.0,1.0,0.0,-1.0,-1.0,1.0,0.0,19,11,19,27,11,27,0.0,0.0,0.0,0.0,0.0,0.0,3.0,-3.0,-1.0,ROCK,11,114,0.0,0.0,CYCLE_OK,0.38333,0.26536,0.2,0.0,0.3333,0.3333,0.3333,interior
2026-08-31T10:42:41,30,0.0,-1.0,1.0,1.0,0.0,-1.0,-1.0,1.0,0.0,34,26,34,42,26,42,0.0,0.0,0.0,0.0,0.0,0.0,3.0,-3.0,-1.0,ROCK,26,204,0.0,0.0,CYCLE_OK,0.36667,0.25638,0.1875,0.0,0.3333,0.3333,0.3333,interior
2026-08-31T10:42:42,31,0.0,-1.0,1.0,1.0,0.0,-1.0,-1.0,1.0,0.0,5,15,5,10,15,10,0.0,0.0,0.0,0.0,0.0,0.0,3.0,-3.0,-1.0,ROCK,5,60,0.0,0.0,CYCLE_OK,0.39167,0.27405,0.2,0.0,0.3333,0.3333,0.3333,interior
2026-08-31T10:42:43,32,0.0,-1.0,1.0,1.0,0.0,-1.0,-1.0,1.0,0.0,13,8,13,3,8,3,0.0,0.0,0.0,0.0,0.0,0.0,3.0,-3.0,-1.0,ROCK,3,48,0.0,0.0,CYCLE_OK,0.36667,0.25638,0.1875,0.0,0.3333,0.3333,0.3333,interior
2026-08-31T10:42:44,33,0.0,-1.0,1.0,1.0,0.0,-1.0,-1.0,1.0,0.0,13,8,13,3,8,3,0.0,0.0,0.0,0.0,0.0,0.0,3.0,-3.0,-1.0,ROCK,3,48,0.0,0.0,CYCLE_OK,0.34167,0.2387,0.175,0.0,0.3333,0.3333,0.3333,interior
2026-08-31T10:42:45,34,0.0,-1.0,1.0,1.0,0.0,-1.0,-1.0,1.0,0.0,18,34,18,26,34,26,0.0,0.0,0.0,0.0,0.0,0.0,3.0,-3.0,-1.0,ROCK,18,156,0.0,0.0,CYCLE_OK,0.36667,0.25638,0.1875,0.0,0.3333,0.3333,0.3333,interior
2026-08-31T10:42:45,35,0.0,-1.0,1.0,1.0,0.0,-1.0,-1.0,1.0,0.0,20,13,20,6,13,6,0.0,0.0,0.0,0.0,0.0,0.0,3.0,-3.0,-1.0,ROCK,6,78,0.0,0.0,CYCLE_OK,0.36667,0.25638,0.1875,0.0,0.3333,0.3333,0.3333,interior
2026-08-31T10:42:46,36,0.0,-1.0,1.0,1.0,0.0,-1.0,-1.0,1.0,0.0,37,30,37,23,30,23,0.0,0.0,0.0,0.0,0.0,0.0,3.0,-3.0,-1.0,ROCK,23,180,0.0,0.0,CYCLE_OK,0.36667,0.25638,0.1875,0.0,0.3333,0.3333,0.3333,interior
2026-08-31T10:42:48,37,0.0,-1.0,1.0,1.0,0.0,-1.0,-1.0,1.0,0.0,42,35,42,28,35,28,0.0,0.0,0.0,0.0,0.0,0.0,3.0,-3.0,-1.0,ROCK,28,210,0.0,0.0,CYCLE_OK,0.34167,0.2387,0.175,0.0,0.3333,0.3333,0.3333,interior
2026-08-31T10:42:48,38,0.0,-1.0,1.0,1.0,0.0,-1.0,-1.0,1.0,0.0,28,20,28,12,20,12,0.0,0.0,0.0,0.0,0.0,0.0,3.0,-3.0,-1.0,ROCK,12,120,0.0,0.0,CYCLE_OK,0.31667,0.22103,0.1625,0.0,0.3333,0.3333,0.3333,interior
2026-08-31T10:42:49,39,0.0,-1.0,1.0,1.0,0.0,-1.0,-1.0,1.0,0.0,21,35,21,28,35,28,0.0,0.0,0.0,0.0,0.0,0.0,3.0,-3.0,-1.0,ROCK,21,168,0.0,0.0,CYCLE_OK,0.31667,0.22103,0.1625,0.0,0.3333,0.3333,0.3333,interior
2026-08-31T10:42:51,40,0.0,-1.0,1.0,1.0,0.0,-1.0,-1.0,1.0,0.0,21,33,21,27,33,27,0.0,0.0,0.0,0.0,0.0,0.0,3.0,-3.0,-1.0,ROCK,21,162,0.0,0.0,CYCLE_OK,0.31667,0.22103,0.1625,0.0,0.3333,0.3333,0.3333,interior
2026-08-31T10:42:52,41,0.0,-1.0,1.0,1.0,0.0,-1.0,-1.0,1.0,0.0,12,30,12,21,30,21,0.0,0.0,0.0,0.0,0.0,0.0,3.0,-3.0,-1.0,ROCK,12,126,0.0,0.0,CYCLE_OK,0.33333,0.23004,0.175,0.0,0.3333,0.3333,0.3333,interior
2026-08-31T10:42:53,42,0.0,-1.0,1.0,1.0,0.0,-1.0,-1.0,1.0,0.0,54,72,54,63,72,63,0.0,0.0,0.0,0.0,0.0,0.0,3.0,-3.0,-1.0,ROCK,54,378,0.0,0.0,CYCLE_OK,0.33333,0.23004,0.175,0.0,0.3333,0.3333,0.3333,interior
2026-08-31T10:42:54,43,0.0,-1.0,1.0,1.0,0.0,-1.0,-1.0,1.0,0.0,8,3,8,13,3,13,0.0,0.0,0.0,0.0,0.0,0.0,3.0,-3.0,-1.0,ROCK,3,48,0.0,0.0,CYCLE_OK,0.31667,0.22103,0.1625,0.0,0.3333,0.3333,0.3333,interior
2026-08-31T10:42:54,44,0.0,-1.0,0.0,1.0,0.0,-1.0,0.0,1.0,0.0,5,0,5,10,0,10,-0.5,0.0,0.5,1.41421,0.08839,0.0,2.0,-2.0,0.0,SCISSORS,0,30,1.0,0.5,CYCLE_OK,0.35,0.23914,0.175,0.0,0.5,0.0,0.5,interior
2026-08-31T10:42:56,45,0.0,-1.0,1.0,1.0,0.0,-1.0,-1.0,1.0,0.0,24,34,24,29,34,29,0.0,0.0,0.0,1.41421,0.17678,0.0,3.0,-3.0,-1.0,ROCK,24,174,0.0,0.0,CYCLE_OK,0.33333,0.23004,0.175,0.0,0.3333,0.3333,0.3333,interior
2026-08-31T10:42:57,46,0.0,-1.0,1.0,1.0,0.0,-1.0,-1.0,1.0,0.0,12,7,12,17,7,17,0.0,0.0,0.0,0.0,0.17678,0.0,3.0,-3.0,-1.0,ROCK,7,72,0.0,0.0,CYCLE_OK,0.31667,0.22103,0.1625,0.0,0.3333,0.3333,0.3333,interior
2026-08-31T10:42:58,47,0.0,-1.0,1.0,1.0,0.0,-1.0,-1.0,1.0,0.0,15,9,15,3,9,3,0.0,0.0,0.0,0.0,0.17678,0.0,3.0,-3.0,-1.0,ROCK,3,54,0.0,0.0,CYCLE_OK,0.30833,0.21238,0.1625,0.0,0.3333,0.3333,0.3333,interior
2026-08-31T10:42:59,48,0.0,-1.0,1.0,1.0,0.0,-1.0,-1.0,1.0,0.0,33,26,33,40,26,40,0.0,0.0,0.0,0.0,0.17678,0.0,3.0,-3.0,-1.0,ROCK,26,198,0.0,0.0,CYCLE_OK,0.29167,0.20336,0.15,0.0,0.3333,0.3333,0.3333,interior
2026-08-31T10:43:00,49,0.0,-1.0,1.0,1.0,0.0,-1.0,-1.0,1.0,0.0,12,6,12,18,6,18,0.0,0.0,0.0,0.0,0.17678,0.0,3.0,-3.0,-1.0,ROCK,6,72,0.0,0.0,CYCLE_OK,0.29167,0.19552,0.1625,0.0,0.3333,0.3333,0.3333,interior
2026-08-31T10:43:01,50,0.0,-1.0,1.0,1.0,0.0,-1.0,-1.0,1.0,0.0,32,48,32,40,48,40,0.0,0.0,0.0,0.0,0.17678,0.0,3.0,-3.0,-1.0,ROCK,32,240,0.0,0.0,CYCLE_OK,0.29167,0.19552,0.1625,0.0,0.3333,0.3333,0.3333,interior
2026-08-31T10:45:16,1,0.0,-1.0,1.0,1.0,0.0,-1.0,-1.0,1.0,0.0,18,9,18,27,9,27,0.0,0.0,0.0,0.0,0.0,0.0,3.0,-3.0,-1.0,ROCK,9,108,0.0,0.0,CYCLE_OK,0.29167,0.19552,0.1625,0.0,0.3333,0.3333,0.3333,interior
2026-08-31T10:45:17,2,0.0,-1.0,1.0,1.0,0.0,-1.0,-1.0,1.0,0.0,18,12,18,6,12,6,0.0,0.0,0.0,0.0,0.0,0.0,3.0,-3.0,-1.0,ROCK,6,72,0.0,0.0,CYCLE_OK,0.26667,0.17795,0.15,0.0,0.3333,0.3333,0.3333,interior
2026-08-31T10:45:17,3,0.0,-1.0,1.0,1.0,0.0,-1.0,-1.0,1.0,0.0,27,19,27,11,19,11,0.0,0.0,0.0,0.0,0.0,0.0,3.0,-3.0,-1.0,ROCK,11,114,0.0,0.0,CYCLE_OK,0.24167,0.1604,0.1375,0.0,0.3333,0.3333,0.3333,interior
2026-08-31T10:45:18,4,0.0,-1.0,1.0,1.0,0.0,-1.0,-1.0,1.0,0.0,13,31,13,22,31,22,0.0,0.0,0.0,0.0,0.0,0.0,3.0,-3.0,-1.0,ROCK,13,132,0.0,0.0,CYCLE_OK,0.24167,0.16802,0.125,0.0,0.3333,0.3333,0.3333,interior
2026-08-31T10:45:19,5,0.0,-1.0,1.0,1.0,0.0,-1.0,-1.0,1.0,0.0,15,9,15,21,9,21,0.0,0.0,0.0,0.0,0.0,0.0,3.0,-3.0,-1.0,ROCK,9,90,0.0,0.0,CYCLE_OK,0.24167,0.1604,0.1375,0.0,0.3333,0.3333,0.3333,interior
2026-08-31T10:45:20,6,0.0,-1.0,1.0,1.0,0.0,-1.0,-1.0,1.0,0.0,8,22,8,15,22,15,0.0,0.0,0.0,0.0,0.0,0.0,3.0,-3.0,-1.0,ROCK,8,90,0.0,0.0,CYCLE_OK,0.24167,0.1604,0.1375,0.0,0.3333,0.3333,0.3333,interior
2026-08-31T10:45:22,7,0.0,-1.0,1.0,1.0,0.0,-1.0,-1.0,1.0,0.0,51,69,51,60,69,60,0.0,0.0,0.0,0.0,0.0,0.0,3.0,-3.0,-1.0,ROCK,51,360,0.0,0.0,CYCLE_OK,0.24167,0.16802,0.125,0.0,0.3333,0.3333,0.3333,interior
2026-08-31T10:45:22,8,0.0,-1.0,1.0,1.0,0.0,-1.0,-1.0,1.0,0.0,10,24,10,17,24,17,0.0,0.0,0.0,0.0,0.0,0.0,3.0,-3.0,-1.0,ROCK,10,102,0.0,0.0,CYCLE_OK,0.24167,0.16802,0.125,0.0,0.3333,0.3333,0.3333,interior
2026-08-31T10:45:24,9,0.0,-1.0,1.0,1.0,0.0,-1.0,-1.0,1.0,0.0,36,27,36,45,27,45,0.0,0.0,0.0,0.0,0.0,0.0,3.0,-3.0,-1.0,ROCK,27,216,0.0,0.0,CYCLE_OK,0.24167,0.1604,0.1375,0.0,0.3333,0.3333,0.3333,interior
2026-08-31T10:45:24,10,0.0,-1.0,1.0,1.0,0.0,-1.0,-1.0,1.0,0.0,34,27,34,20,27,20,0.0,0.0,0.0,0.0,0.0,0.0,3.0,-3.0,-1.0,ROCK,20,162,0.0,0.0,CYCLE_OK,0.21667,0.14289,0.125,0.0,0.3333,0.3333,0.3333,interior
2026-08-31T10:45:26,11,0.0,-1.0,1.0,1.0,0.0,-1.0,-1.0,1.0,0.0,16,34,16,25,34,25,0.0,0.0,0.0,0.0,0.0,0.0,3.0,-3.0,-1.0,ROCK,16,150,0.0,0.0,CYCLE_OK,0.21667,0.15035,0.1125,0.0,0.3333,0.3333,0.3333,interior
2026-08-31T10:45:27,12,0.0,-1.0,1.0,1.0,0.0,-1.0,-1.0,1.0,0.0,27,45,27,36,45,36,0.0,0.0,0.0,0.0,0.0,0.0,3.0,-3.0,-1.0,ROCK,27,216,0.0,0.0,CYCLE_OK,0.24167,0.16802,0.125,0.0,0.3333,0.3333,0.3333,interior
2026-08-31T10:45:27,13,0.0,-1.0,1.0,1.0,0.0,-1.0,-1.0,1.0,0.0,23,15,23,7,15,7,0.0,0.0,0.0,0.0,0.0,0.0,3.0,-3.0,-1.0,ROCK,7,90,0.0,0.0,CYCLE_OK,0.21667,0.15035,0.1125,0.0,0.3333,0.3333,0.3333,interior
2026-08-31T10:45:28,14,0.0,-1.0,1.0,1.0,0.0,-1.0,-1.0,1.0,0.0,4,14,4,9,14,9,0.0,0.0,0.0,0.0,0.0,0.0,3.0,-3.0,-1.0,ROCK,4,54,0.0,0.0,CYCLE_OK,0.23333,0.15943,0.125,0.0,0.3333,0.3333,0.3333,interior
2026-08-31T10:45:29,15,0.0,-1.0,1.0,1.0,0.0,-1.0,-1.0,1.0,0.0,36,28,36,44,28,44,0.0,0.0,0.0,0.0,0.0,0.0,3.0,-3.0,-1.0,ROCK,28,216,0.0,0.0,CYCLE_OK,0.24167,0.16802,0.125,0.0,0.3333,0.3333,0.3333,interior
2026-08-31T10:45:30,16,0.0,-1.0,1.0,1.0,0.0,-1.0,-1.0,1.0,0.0,21,14,21,28,14,28,0.0,0.0,0.0,0.0,0.0,0.0,3.0,-3.0,-1.0,ROCK,14,126,0.0,0.0,CYCLE_OK,0.24167,0.1604,0.1375,0.0,0.3333,0.3333,0.3333,interior
2026-08-31T10:45:31,17,0.0,-1.0,1.0,1.0,0.0,-1.0,-1.0,1.0,0.0,25,18,25,32,18,32,0.0,0.0,0.0,0.0,0.0,0.0,3.0,-3.0,-1.0,ROCK,18,150,0.0,0.0,CYCLE_OK,0.24167,0.1604,0.1375,0.0,0.3333,0.3333,0.3333,interior
2026-08-31T10:45:33,18,0.0,-1.0,1.0,1.0,0.0,-1.0,-1.0,1.0,0.0,34,27,34,20,27,20,0.0,0.0,0.0,0.0,0.0,0.0,3.0,-3.0,-1.0,ROCK,20,162,0.0,0.0,CYCLE_OK,0.21667,0.15035,0.1125,0.0,0.3333,0.3333,0.3333,interior
2026-08-31T10:45:34,19,0.0,-1.0,1.0,1.0,0.0,-1.0,-1.0,1.0,0.0,18,13,18,23,13,23,0.0,0.0,0.0,0.0,0.0,0.0,3.0,-3.0,-1.0,ROCK,13,108,0.0,0.0,CYCLE_OK,0.21667,0.14289,0.125,0.0,0.3333,0.3333,0.3333,interior
2026-08-31T10:45:35,20,0.0,-1.0,1.0,1.0,0.0,-1.0,-1.0,1.0,0.0,22,40,22,31,40,31,0.0,0.0,0.0,0.0,0.0,0.0,3.0,-3.0,-1.0,ROCK,22,186,0.0,0.0,CYCLE_OK,0.21667,0.14289,0.125,0.0,0.3333,0.3333,0.3333,interior
2026-08-31T10:45:36,21,0.0,-1.0,1.0,1.0,0.0,-1.0,-1.0,1.0,0.0,5,15,5,10,15,10,0.0,0.0,0.0,0.0,0.0,0.0,3.0,-3.0,-1.0,ROCK,5,60,0.0,0.0,CYCLE_OK,0.21667,0.14289,0.125,0.0,0.3333,0.3333,0.3333,interior
2026-08-31T10:45:37,22,0.0,-1.0,1.0,1.0,0.0,-1.0,-1.0,1.0,0.0,36,30,36,42,30,42,0.0,0.0,0.0,0.0,0.0,0.0,3.0,-3.0,-1.0,ROCK,30,216,0.0,0.0,CYCLE_OK,0.21667,0.13731,0.1375,0.0,0.3333,0.3333,0.3333,interior
2026-08-31T10:45:38,23,0.0,-1.0,1.0,1.0,0.0,-1.0,-1.0,1.0,0.0,6,20,6,13,20,13,0.0,0.0,0.0,0.0,0.0,0.0,3.0,-3.0,-1.0,ROCK,6,78,0.0,0.0,CYCLE_OK,0.21667,0.13731,0.1375,0.0,0.3333,0.3333,0.3333,interior
2026-08-31T10:45:39,24,0.0,-1.0,1.0,1.0,0.0,-1.0,-1.0,1.0,0.0,25,17,25,9,17,9,0.0,0.0,0.0,0.0,0.0,0.0,3.0,-3.0,-1.0,ROCK,9,102,0.0,0.0,CYCLE_OK,0.19167,0.12542,0.1125,0.0,0.3333,0.3333,0.3333,interior
2026-08-31T10:45:40,25,0.0,-1.0,1.0,1.0,0.0,-1.0,-1.0,1.0,0.0,16,10,16,22,10,22,0.0,0.0,0.0,0.0,0.0,0.0,3.0,-3.0,-1.0,ROCK,10,96,0.0,0.0,CYCLE_OK,0.19167,0.12033,0.125,0.0,0.3333,0.3333,0.3333,interior
2026-08-31T10:45:40,26,0.0,-1.0,0.0,1.0,0.0,-1.0,0.0,1.0,0.0,5,0,5,10,0,10,-0.5,0.0,0.5,1.41421,0.08839,0.0,2.0,-2.0,0.0,SCISSORS,0,30,1.0,0.5,CYCLE_OK,0.475,0.29101,0.2375,0.0,0.5,0.0,0.5,interior
2026-08-31T10:45:41,27,0.0,-1.0,1.0,1.0,0.0,-1.0,-1.0,1.0,0.0,18,9,18,27,9,27,0.0,0.0,0.0,1.41421,0.17678,0.0,3.0,-3.0,-1.0,ROCK,9,108,0.0,0.0,CYCLE_OK,0.19167,0.1177,0.15,0.0,0.3333,0.3333,0.3333,interior
2026-08-31T10:45:42,28,0.0,-1.0,1.0,1.0,0.0,-1.0,-1.0,1.0,0.0,26,19,26,12,19,12,0.0,0.0,0.0,0.0,0.17678,0.0,3.0,-3.0,-1.0,ROCK,12,114,0.0,0.0,CYCLE_OK,0.16667,0.10206,0.125,0.0,0.3333,0.3333,0.3333,interior
2026-08-31T10:45:42,29,0.0,-1.0,1.0,1.0,0.0,-1.0,-1.0,1.0,0.0,26,17,26,8,17,8,0.0,0.0,0.0,0.0,0.17678,0.0,3.0,-3.0,-1.0,ROCK,8,102,0.0,0.0,CYCLE_OK,0.14167,0.0872,0.1,0.0,0.3333,0.3333,0.3333,interior
2026-08-31T10:45:44,30,0.0,-1.0,1.0,1.0,0.0,-1.0,-1.0,1.0,0.0,28,46,28,37,46,37,0.0,0.0,0.0,0.0,0.17678,0.0,3.0,-3.0,-1.0,ROCK,28,222,0.0,0.0,CYCLE_OK,0.16667,0.10358,0.1125,0.0,0.3333,0.3333,0.3333,interior
2026-08-31T10:45:45,31,0.0,-1.0,1.0,1.0,0.0,-1.0,-1.0,1.0,0.0,33,51,33,42,51,42,0.0,0.0,0.0,0.0,0.17678,0.0,3.0,-3.0,-1.0,ROCK,33,252,0.0,0.0,CYCLE_OK,0.16667,0.10358,0.1125,0.0,0.3333,0.3333,0.3333,interior
2026-08-31T10:45:46,32,0.0,-1.0,1.0,1.0,0.0,-1.0,-1.0,1.0,0.0,10,5,10,15,5,15,0.0,0.0,0.0,0.0,0.17678,0.0,3.0,-3.0,-1.0,ROCK,5,60,0.0,0.0,CYCLE_OK,0.16667,0.10206,0.125,0.0,0.3333,0.3333,0.3333,interior
2026-08-31T10:45:47,33,0.0,-1.0,1.0,1.0,0.0,-1.0,-1.0,1.0,0.0,52,70,52,61,70,61,0.0,0.0,0.0,0.0,0.17678,0.0,3.0,-3.0,-1.0,ROCK,52,366,0.0,0.0,CYCLE_OK,0.19167,0.1177,0.1375,0.0,0.3333,0.3333,0.3333,interior
2026-08-31T10:45:48,34,0.0,-1.0,1.0,1.0,0.0,-1.0,-1.0,1.0,0.0,13,25,13,19,25,19,0.0,0.0,0.0,0.0,0.17678,0.0,3.0,-3.0,-1.0,ROCK,13,114,0.0,0.0,CYCLE_OK,0.19167,0.12033,0.125,0.0,0.3333,0.3333,0.3333,interior
2026-08-31T10:45:49,35,0.0,-1.0,1.0,1.0,0.0,-1.0,-1.0,1.0,0.0,24,16,24,32,16,32,0.0,0.0,0.0,0.0,0.17678,0.0,3.0,-3.0,-1.0,ROCK,16,144,0.0,0.0,CYCLE_OK,0.19167,0.12033,0.125,0.0,0.3333,0.3333,0.3333,interior
2026-08-31T10:45:49,36,0.0,-1.0,1.0,1.0,0.0,-1.0,-1.0,1.0,0.0,5,23,5,14,23,14,0.0,0.0,0.0,0.0,0.17678,0.0,3.0,-3.0,-1.0,ROCK,5,84,0.0,0.0,CYCLE_OK,0.19167,0.12033,0.125,0.0,0.3333,0.3333,0.3333,interior
2026-08-31T10:45:50,37,0.0,-1.0,1.0,1.0,0.0,-1.0,-1.0,1.0,0.0,21,15,21,9,15,9,0.0,0.0,0.0,0.0,0.17678,0.0,3.0,-3.0,-1.0,ROCK,9,90,0.0,0.0,CYCLE_OK,0.16667,0.10801,0.1,0.0,0.3333,0.3333,0.3333,interior
2026-08-31T10:45:51,38,0.0,-1.0,1.0,1.0,0.0,-1.0,-1.0,1.0,0.0,8,20,8,14,20,14,0.0,0.0,0.0,0.0,0.17678,0.0,3.0,-3.0,-1.0,ROCK,8,84,0.0,0.0,CYCLE_OK,0.19167,0.12542,0.1125,0.0,0.3333,0.3333,0.3333,interior
2026-08-31T10:45:52,39,0.0,-1.0,1.0,1.0,0.0,-1.0,-1.0,1.0,0.0,12,24,12,18,24,18,0.0,0.0,0.0,0.0,0.17678,0.0,3.0,-3.0,-1.0,ROCK,12,108,0.0,0.0,CYCLE_OK,0.19167,0.12542,0.1125,0.0,0.3333,0.3333,0.3333,interior
2026-08-31T10:45:52,40,0.0,-1.0,1.0,1.0,0.0,-1.0,-1.0,1.0,0.0,10,4,10,16,4,16,0.0,0.0,0.0,0.0,0.17678,0.0,3.0,-3.0,-1.0,ROCK,4,60,0.0,0.0,CYCLE_OK,0.19167,0.12033,0.125,0.0,0.3333,0.3333,0.3333,interior
2026-08-31T10:45:54,41,0.0,-1.0,1.0,1.0,0.0,-1.0,-1.0,1.0,0.0,56,47,56,65,47,65,0.0,0.0,0.0,0.0,0.17678,0.0,3.0,-3.0,-1.0,ROCK,47,336,0.0,0.0,CYCLE_OK,0.19167,0.1177,0.1375,0.0,0.3333,0.3333,0.3333,interior
2026-08-31T10:45:55,42,0.0,-1.0,1.0,1.0,0.0,-1.0,-1.0,1.0,0.0,34,26,34,42,26,42,0.0,0.0,0.0,0.0,0.08839,0.0,3.0,-3.0,-1.0,ROCK,26,204,0.0,0.0,CYCLE_OK,0.21667,0.13268,0.1625,0.0,0.3333,0.3333,0.3333,interior
2026-08-31T10:45:57,43,0.0,-1.0,1.0,1.0,0.0,-1.0,-1.0,1.0,0.0,65,83,65,74,83,74,0.0,0.0,0.0,0.0,0.0,0.0,3.0,-3.0,-1.0,ROCK,65,444,0.0,0.0,CYCLE_OK,0.21667,0.13385,0.15,0.0,0.3333,0.3333,0.3333,interior
2026-08-31T10:45:58,44,0.0,-1.0,1.0,1.0,0.0,-1.0,-1.0,1.0,0.0,25,17,25,9,17,9,0.0,0.0,0.0,0.0,0.0,0.0,3.0,-3.0,-1.0,ROCK,9,102,0.0,0.0,CYCLE_OK,0.19167,0.1177,0.1375,0.0,0.3333,0.3333,0.3333,interior
2026-08-31T10:45:58,45,0.0,-1.0,1.0,1.0,0.0,-1.0,-1.0,1.0,0.0,12,24,12,18,24,18,0.0,0.0,0.0,0.0,0.0,0.0,3.0,-3.0,-1.0,ROCK,12,108,0.0,0.0,CYCLE_OK,0.19167,0.12033,0.125,0.0,0.3333,0.3333,0.3333,interior
2026-08-31T10:45:59,46,0.0,-1.0,1.0,1.0,0.0,-1.0,-1.0,1.0,0.0,21,12,21,30,12,30,0.0,0.0,0.0,0.0,0.0,0.0,3.0,-3.0,-1.0,ROCK,12,126,0.0,0.0,CYCLE_OK,0.21667,0.13385,0.15,0.0,0.3333,0.3333,0.3333,interior
2026-08-31T10:46:00,47,0.0,-1.0,1.0,1.0,0.0,-1.0,-1.0,1.0,0.0,19,37,19,28,37,28,0.0,0.0,0.0,0.0,0.0,0.0,3.0,-3.0,-1.0,ROCK,19,168,0.0,0.0,CYCLE_OK,0.21667,0.13385,0.15,0.0,0.3333,0.3333,0.3333,interior
2026-08-31T10:46:02,48,0.0,-1.0,1.0,1.0,0.0,-1.0,-1.0,1.0,0.0,53,45,53,37,45,37,0.0,0.0,0.0,0.0,0.0,0.0,3.0,-3.0,-1.0,ROCK,37,270,0.0,0.0,CYCLE_OK,0.19167,0.12033,0.125,0.0,0.3333,0.3333,0.3333,interior
2026-08-31T10:46:03,49,0.0,-1.0,1.0,1.0,0.0,-1.0,-1.0,1.0,0.0,38,54,38,46,54,46,0.0,0.0,0.0,0.0,0.0,0.0,3.0,-3.0,-1.0,ROCK,38,276,0.0,0.0,CYCLE_OK,0.19167,0.12542,0.1125,0.0,0.3333,0.3333,0.3333,interior
2026-08-31T10:46:03,50,0.0,-1.0,1.0,1.0,0.0,-1.0,-1.0,1.0,0.0,6,18,6,12,18,12,0.0,0.0,0.0,0.0,0.0,0.0,3.0,-3.0,-1.0,ROCK,6,72,0.0,0.0,CYCLE_OK,0.19167,0.13268,0.1,0.0,0.3333,0.3333,0.3333,interior
2026-08-31T11:49:59,1,0.0,0.0,0.0,0.0,0.0,0.0,0.0,0.0,0.0,0,0,0,0,0,0,0.0,0.0,0.0,0.0,0.0,0.0,0.0,0.0,0.0,ROCK,0,0,0.0,0.0,SPARSE,0.19167,0.13268,0.0,0.0,0.3333,0.3333,0.3333,singular
2026-08-31T11:50:32,2,0.0,0.0,0.0,0.0,0.0,0.0,0.0,0.0,0.0,0,0,0,0,0,0,0.0,0.0,0.0,0.0,0.0,0.0,0.0,0.0,0.0,ROCK,0,0,0.0,0.0,SPARSE,0.19167,0.13268,0.0,0.0,0.3333,0.3333,0.3333,singular
2026-08-31T11:51:13,3,0.0,0.0,0.0,0.0,0.0,0.0,0.0,0.0,0.0,0,0,0,0,0,0,0.0,0.0,0.0,0.0,0.0,0.0,0.0,0.0,0.0,ROCK,0,0,0.0,0.0,SPARSE,0.21667,0.14289,0.0,0.0,0.3333,0.3333,0.3333,singular
2026-08-31T11:53:24,4,0.0,0.0,0.0,0.0,0.0,0.0,0.0,0.0,0.0,0,0,0,0,0,0,0.0,0.0,0.0,0.0,0.0,0.0,0.0,0.0,0.0,ROCK,0,0,0.0,0.0,SPARSE,0.21667,0.13731,0.0,0.0,0.3333,0.3333,0.3333,singular
2026-08-31T11:55:23,5,0.0,0.0,0.0,0.0,0.0,0.0,0.0,0.0,0.0,0,0,0,0,0,0,0.0,0.0,0.0,0.0,0.0,0.0,0.0,0.0,0.0,ROCK,0,0,0.0,0.0,SPARSE,0.21667,0.13731,0.0,0.0,0.3333,0.3333,0.3333,singular
2026-08-31T11:56:30,6,0.0,0.0,0.0,0.0,0.0,0.0,0.0,0.0,0.0,0,0,0,0,0,0,0.0,0.0,0.0,0.0,0.0,0.0,0.0,0.0,0.0,ROCK,0,0,0.0,0.0,SPARSE,0.21667,0.13731,0.0,0.0,0.3333,0.3333,0.3333,singular
2026-08-31T11:57:15,7,0.0,0.0,0.0,0.0,0.0,0.0,0.0,0.0,0.0,0,0,0,0,0,0,0.0,0.0,0.0,0.0,0.0,0.0,0.0,0.0,0.0,ROCK,0,0,0.0,0.0,SPARSE,0.19167,0.12033,0.0,0.0,0.3333,0.3333,0.3333,singular
2026-08-31T11:58:10,8,0.0,0.0,0.0,0.0,0.0,0.0,0.0,0.0,0.0,0,0,0,0,0,0,0.0,0.0,0.0,0.0,0.0,0.0,0.0,0.0,0.0,ROCK,0,0,0.0,0.0,SPARSE,0.16667,0.10801,0.0,0.0,0.3333,0.3333,0.3333,singular
2026-08-31T11:59:00,9,0.0,0.0,0.0,0.0,0.0,0.0,0.0,0.0,0.0,0,0,0,0,0,0,0.0,0.0,0.0,0.0,0.0,0.0,0.0,0.0,0.0,ROCK,0,0,0.0,0.0,SPARSE,0.14167,0.09736,0.0,0.0,0.3333,0.3333,0.3333,singular
2026-08-31T12:00:51,10,0.0,0.0,0.0,0.0,0.0,0.0,0.0,0.0,0.0,0,0,0,0,0,0,0.0,0.0,0.0,0.0,0.0,0.0,0.0,0.0,0.0,ROCK,0,0,0.0,0.0,SPARSE,0.13333,0.08898,0.0,0.0,0.3333,0.3333,0.3333,singular
2026-08-31T12:02:28,11,0.0,0.0,0.0,0.0,0.0,0.0,0.0,0.0,0.0,0,0,0,0,0,0,0.0,0.0,0.0,0.0,0.0,0.0,0.0,0.0,0.0,ROCK,0,0,0.0,0.0,SPARSE,0.13333,0.08354,0.0,0.0,0.3333,0.3333,0.3333,singular
2026-08-31T12:03:18,12,0.0,0.0,0.0,0.0,0.0,0.0,0.0,0.0,0.0,0,0,0,0,0,0,0.0,0.0,0.0,0.0,0.0,0.0,0.0,0.0,0.0,ROCK,0,0,0.0,0.0,SPARSE,0.13333,0.08354,0.0,0.0,0.3333,0.3333,0.3333,singular
2026-08-31T12:04:08,13,0.0,0.0,0.0,0.0,0.0,0.0,0.0,0.0,0.0,0,0,0,0,0,0,0.0,0.0,0.0,0.0,0.0,0.0,0.0,0.0,0.0,ROCK,0,0,0.0,0.0,SPARSE,0.13333,0.08354,0.0,0.0,0.3333,0.3333,0.3333,singular
2026-08-31T12:04:40,14,0.0,0.0,0.0,0.0,0.0,0.0,0.0,0.0,0.0,0,0,0,0,0,0,0.0,0.0,0.0,0.0,0.0,0.0,0.0,0.0,0.0,ROCK,0,0,0.0,0.0,SPARSE,0.13333,0.08354,0.0,0.0,0.3333,0.3333,0.3333,singular
2026-08-31T12:05:49,15,0.0,0.0,0.0,0.0,0.0,0.0,0.0,0.0,0.0,0,0,0,0,0,0,0.0,0.0,0.0,0.0,0.0,0.0,0.0,0.0,0.0,ROCK,0,0,0.0,0.0,SPARSE,0.13333,0.08354,0.0,0.0,0.3333,0.3333,0.3333,singular
2026-08-31T12:07:14,16,0.0,0.0,0.0,0.0,0.0,0.0,0.0,0.0,0.0,0,0,0,0,0,0,0.0,0.0,0.0,0.0,0.0,0.0,0.0,0.0,0.0,ROCK,0,0,0.0,0.0,SPARSE,0.13333,0.08354,0.0,0.0,0.3333,0.3333,0.3333,singular
2026-08-31T12:08:02,17,0.0,0.0,0.0,0.0,0.0,0.0,0.0,0.0,0.0,0,0,0,0,0,0,0.0,0.0,0.0,0.0,0.0,0.0,0.0,0.0,0.0,ROCK,0,0,0.0,0.0,SPARSE,0.15833,0.10052,0.0,0.0,0.3333,0.3333,0.3333,singular
2026-08-31T12:08:50,18,0.0,0.0,0.0,0.0,0.0,0.0,0.0,0.0,0.0,0,0,0,0,0,0,0.0,0.0,0.0,0.0,0.0,0.0,0.0,0.0,0.0,ROCK,0,0,0.0,0.0,SPARSE,0.15833,0.10656,0.0,0.0,0.3333,0.3333,0.3333,singular
2026-08-31T12:10:42,19,0.0,0.0,0.0,0.0,0.0,0.0,0.0,0.0,0.0,0,0,0,0,0,0,0.0,0.0,0.0,0.0,0.0,0.0,0.0,0.0,0.0,ROCK,0,0,0.0,0.0,SPARSE,0.16667,0.11502,0.0,0.0,0.3333,0.3333,0.3333,singular
2026-08-31T12:11:27,20,0.0,0.0,0.0,0.0,0.0,0.0,0.0,0.0,0.0,0,0,0,0,0,0,0.0,0.0,0.0,0.0,0.0,0.0,0.0,0.0,0.0,ROCK,0,0,0.0,0.0,SPARSE,0.16667,0.10801,0.0,0.0,0.3333,0.3333,0.3333,singular
2026-08-31T12:12:19,21,0.0,0.0,0.0,0.0,0.0,0.0,0.0,0.0,0.0,0,0,0,0,0,0,0.0,0.0,0.0,0.0,0.0,0.0,0.0,0.0,0.0,ROCK,0,0,0.0,0.0,SPARSE,0.16667,0.10801,0.0,0.0,0.3333,0.3333,0.3333,singular
2026-08-31T12:12:50,22,0.0,0.0,0.0,0.0,0.0,0.0,0.0,0.0,0.0,0,0,0,0,0,0,0.0,0.0,0.0,0.0,0.0,0.0,0.0,0.0,0.0,ROCK,0,0,0.0,0.0,SPARSE,0.16667,0.10801,0.0,0.0,0.3333,0.3333,0.3333,singular
2026-08-31T12:14:17,23,0.0,0.0,0.0,0.0,0.0,0.0,0.0,0.0,0.0,0,0,0,0,0,0,0.0,0.0,0.0,0.0,0.0,0.0,0.0,0.0,0.0,ROCK,0,0,0.0,0.0,SPARSE,0.14167,0.09071,0.0,0.0,0.3333,0.3333,0.3333,singular
2026-08-31T12:16:30,24,0.0,0.0,0.0,0.0,0.0,0.0,0.0,0.0,0.0,0,0,0,0,0,0,0.0,0.0,0.0,0.0,0.0,0.0,0.0,0.0,0.0,ROCK,0,0,0.0,0.0,SPARSE,0.14167,0.09736,0.0,0.0,0.3333,0.3333,0.3333,singular
2026-08-31T12:17:18,25,0.0,0.0,0.0,0.0,0.0,0.0,0.0,0.0,0.0,0,0,0,0,0,0,0.0,0.0,0.0,0.0,0.0,0.0,0.0,0.0,0.0,ROCK,0,0,0.0,0.0,SPARSE,0.14167,0.09736,0.0,0.0,0.3333,0.3333,0.3333,singular
2026-08-31T12:18:02,26,0.0,0.0,0.0,0.0,0.0,0.0,0.0,0.0,0.0,0,0,0,0,0,0,0.0,0.0,0.0,0.0,0.0,0.0,0.0,0.0,0.0,ROCK,0,0,0.0,0.0,SPARSE,0.14167,0.09736,0.0,0.0,0.3333,0.3333,0.3333,singular
2026-08-31T12:19:27,27,0.0,0.0,0.0,0.0,0.0,0.0,0.0,0.0,0.0,0,0,0,0,0,0,0.0,0.0,0.0,0.0,0.0,0.0,0.0,0.0,0.0,ROCK,0,0,0.0,0.0,SPARSE,0.15833,0.10656,0.0,0.0,0.3333,0.3333,0.3333,singular
2026-08-31T12:20:29,28,0.0,0.0,0.0,0.0,0.0,0.0,0.0,0.0,0.0,0,0,0,0,0,0,0.0,0.0,0.0,0.0,0.0,0.0,0.0,0.0,0.0,ROCK,0,0,0.0,0.0,SPARSE,0.18333,0.12416,0.0,0.0,0.3333,0.3333,0.3333,singular
2026-08-31T12:22:04,29,0.0,0.0,0.0,0.0,0.0,0.0,0.0,0.0,0.0,0,0,0,0,0,0,0.0,0.0,0.0,0.0,0.0,0.0,0.0,0.0,0.0,ROCK,0,0,0.0,0.0,SPARSE,0.20833,0.13502,0.0,0.0,0.3333,0.3333,0.3333,singular
2026-08-31T12:23:03,30,0.0,0.0,0.0,0.0,0.0,0.0,0.0,0.0,0.0,0,0,0,0,0,0,0.0,0.0,0.0,0.0,0.0,0.0,0.0,0.0,0.0,ROCK,0,0,0.0,0.0,SPARSE,0.20833,0.13502,0.0,0.0,0.3333,0.3333,0.3333,singular
2026-08-31T12:24:04,31,0.0,0.0,0.0,0.0,0.0,0.0,0.0,0.0,0.0,0,0,0,0,0,0,0.0,0.0,0.0,0.0,0.0,0.0,0.0,0.0,0.0,ROCK,0,0,0.0,0.0,SPARSE,0.18333,0.1177,0.0,0.0,0.3333,0.3333,0.3333,singular
2026-08-31T12:25:10,32,0.0,0.0,0.0,0.0,0.0,0.0,0.0,0.0,0.0,0,0,0,0,0,0,0.0,0.0,0.0,0.0,0.0,0.0,0.0,0.0,0.0,ROCK,0,0,0.0,0.0,SPARSE,0.18333,0.1177,0.0,0.0,0.3333,0.3333,0.3333,singular
2026-08-31T12:26:22,33,0.0,0.0,0.0,0.0,0.0,0.0,0.0,0.0,0.0,0,0,0,0,0,0,0.0,0.0,0.0,0.0,0.0,0.0,0.0,0.0,0.0,ROCK,0,0,0.0,0.0,SPARSE,0.20833,0.13502,0.0,0.0,0.3333,0.3333,0.3333,singular
2026-08-31T12:26:53,34,0.0,0.0,0.0,0.0,0.0,0.0,0.0,0.0,0.0,0,0,0,0,0,0,0.0,0.0,0.0,0.0,0.0,0.0,0.0,0.0,0.0,ROCK,0,0,0.0,0.0,SPARSE,0.20833,0.14179,0.0,0.0,0.3333,0.3333,0.3333,singular
2026-08-31T12:27:46,35,0.0,0.0,0.0,0.0,0.0,0.0,0.0,0.0,0.0,0,0,0,0,0,0,0.0,0.0,0.0,0.0,0.0,0.0,0.0,0.0,0.0,ROCK,0,0,0.0,0.0,SPARSE,0.20833,0.14179,0.0,0.0,0.3333,0.3333,0.3333,singular
2026-08-31T12:29:14,36,0.0,0.0,0.0,0.0,0.0,0.0,0.0,0.0,0.0,0,0,0,0,0,0,0.0,0.0,0.0,0.0,0.0,0.0,0.0,0.0,0.0,ROCK,0,0,0.0,0.0,SPARSE,0.23333,0.15241,0.0,0.0,0.3333,0.3333,0.3333,singular
2026-08-31T12:30:23,37,0.0,0.0,0.0,0.0,0.0,0.0,0.0,0.0,0.0,0,0,0,0,0,0,0.0,0.0,0.0,0.0,0.0,0.0,0.0,0.0,0.0,ROCK,0,0,0.0,0.0,SPARSE,0.23333,0.15241,0.0,0.0,0.3333,0.3333,0.3333,singular
2026-08-31T12:30:57,38,0.0,0.0,0.0,0.0,0.0,0.0,0.0,0.0,0.0,0,0,0,0,0,0,0.0,0.0,0.0,0.0,0.0,0.0,0.0,0.0,0.0,ROCK,0,0,0.0,0.0,SPARSE,0.23333,0.15241,0.0,0.0,0.3333,0.3333,0.3333,singular
2026-08-31T12:32:34,39,0.0,0.0,0.0,0.0,0.0,0.0,0.0,0.0,0.0,0,0,0,0,0,0,0.0,0.0,0.0,0.0,0.0,0.0,0.0,0.0,0.0,ROCK,0,0,0.0,0.0,SPARSE,0.20833,0.14179,0.0,0.0,0.3333,0.3333,0.3333,singular
2026-08-31T12:33:37,40,0.0,0.0,0.0,0.0,0.0,0.0,0.0,0.0,0.0,0,0,0,0,0,0,0.0,0.0,0.0,0.0,0.0,0.0,0.0,0.0,0.0,ROCK,0,0,0.0,0.0,SPARSE,0.20833,0.13502,0.0,0.0,0.3333,0.3333,0.3333,singular
2026-08-31T12:34:55,41,0.0,0.0,0.0,0.0,0.0,0.0,0.0,0.0,0.0,0,0,0,0,0,0,0.0,0.0,0.0,0.0,0.0,0.0,0.0,0.0,0.0,ROCK,0,0,0.0,0.0,SPARSE,0.23333,0.15241,0.0,0.0,0.3333,0.3333,0.3333,singular
2026-08-31T12:35:35,42,0.0,0.0,0.0,0.0,0.0,0.0,0.0,0.0,0.0,0,0,0,0,0,0,0.0,0.0,0.0,0.0,0.0,0.0,0.0,0.0,0.0,ROCK,0,0,0.0,0.0,SPARSE,0.20833,0.13502,0.0,0.0,0.3333,0.3333,0.3333,singular
2026-08-31T12:36:13,43,0.0,0.0,0.0,0.0,0.0,0.0,0.0,0.0,0.0,0,0,0,0,0,0,0.0,0.0,0.0,0.0,0.0,0.0,0.0,0.0,0.0,ROCK,0,0,0.0,0.0,SPARSE,0.18333,0.1177,0.0,0.0,0.3333,0.3333,0.3333,singular
2026-08-31T12:37:11,44,0.0,0.0,0.0,0.0,0.0,0.0,0.0,0.0,0.0,0,0,0,0,0,0,0.0,0.0,0.0,0.0,0.0,0.0,0.0,0.0,0.0,ROCK,0,0,0.0,0.0,SPARSE,0.20833,0.13502,0.0,0.0,0.3333,0.3333,0.3333,singular
2026-08-31T12:39:35,45,0.0,0.0,0.0,0.0,0.0,0.0,0.0,0.0,0.0,0,0,0,0,0,0,0.0,0.0,0.0,0.0,0.0,0.0,0.0,0.0,0.0,ROCK,0,0,0.0,0.0,SPARSE,0.18333,0.1177,0.0,0.0,0.3333,0.3333,0.3333,singular
2026-08-31T12:40:13,46,0.0,0.0,0.0,0.0,0.0,0.0,0.0,0.0,0.0,0,0,0,0,0,0,0.0,0.0,0.0,0.0,0.0,0.0,0.0,0.0,0.0,ROCK,0,0,0.0,0.0,SPARSE,0.18333,0.1177,0.0,0.0,0.3333,0.3333,0.3333,singular
2026-08-31T12:41:23,47,0.0,0.0,0.0,0.0,0.0,0.0,0.0,0.0,0.0,0,0,0,0,0,0,0.0,0.0,0.0,0.0,0.0,0.0,0.0,0.0,0.0,ROCK,0,0,0.0,0.0,SPARSE,0.18333,0.11365,0.0,0.0,0.3333,0.3333,0.3333,singular
2026-08-31T12:43:14,48,0.0,0.0,0.0,0.0,0.0,0.0,0.0,0.0,0.0,0,0,0,0,0,0,0.0,0.0,0.0,0.0,0.0,0.0,0.0,0.0,0.0,ROCK,0,0,0.0,0.0,SPARSE,0.18333,0.11227,0.0,0.0,0.3333,0.3333,0.3333,singular
2026-08-31T12:43:55,49,0.0,0.0,0.0,0.0,0.0,0.0,0.0,0.0,0.0,0,0,0,0,0,0,0.0,0.0,0.0,0.0,0.0,0.0,0.0,0.0,0.0,ROCK,0,0,0.0,0.0,SPARSE,0.20833,0.12788,0.0,0.0,0.3333,0.3333,0.3333,singular
2026-08-31T12:46:28,50,0.0,0.0,0.0,0.0,0.0,0.0,0.0,0.0,0.0,0,0,0,0,0,0,0.0,0.0,0.0,0.0,0.0,0.0,0.0,0.0,0.0,ROCK,0,0,0.0,0.0,SPARSE,0.20833,0.12788,0.0,0.0,0.3333,0.3333,0.3333,singular
2026-08-31T12:47:01,51,0.0,0.0,0.0,0.0,0.0,0.0,0.0,0.0,0.0,0,0,0,0,0,0,0.0,0.0,0.0,0.0,0.0,0.0,0.0,0.0,0.0,ROCK,0,0,0.0,0.0,SPARSE,0.18333,0.11365,0.0,0.0,0.3333,0.3333,0.3333,singular
2026-08-31T12:48:22,52,0.0,0.0,0.0,0.0,0.0,0.0,0.0,0.0,0.0,0,0,0,0,0,0,0.0,0.0,0.0,0.0,0.0,0.0,0.0,0.0,0.0,ROCK,0,0,0.0,0.0,SPARSE,0.18333,0.11365,0.0,0.0,0.3333,0.3333,0.3333,singular
2026-08-31T12:49:02,53,0.0,0.0,0.0,0.0,0.0,0.0,0.0,0.0,0.0,0,0,0,0,0,0,0.0,0.0,0.0,0.0,0.0,0.0,0.0,0.0,0.0,ROCK,0,0,0.0,0.0,SPARSE,0.20833,0.1303,0.0,0.0,0.3333,0.3333,0.3333,singular
2026-08-31T12:51:38,54,0.0,0.0,0.0,0.0,0.0,0.0,0.0,0.0,0.0,0,0,0,0,0,0,0.0,0.0,0.0,0.0,0.0,0.0,0.0,0.0,0.0,ROCK,0,0,0.0,0.0,SPARSE,0.20833,0.1303,0.0,0.0,0.3333,0.3333,0.3333,singular
2026-08-31T12:52:10,55,0.0,0.0,0.0,0.0,0.0,0.0,0.0,0.0,0.0,0,0,0,0,0,0,0.0,0.0,0.0,0.0,0.0,0.0,0.0,0.0,0.0,ROCK,0,0,0.0,0.0,SPARSE,0.23333,0.14398,0.0,0.0,0.3333,0.3333,0.3333,singular
2026-08-31T12:52:43,56,0.0,0.0,0.0,0.0,0.0,0.0,0.0,0.0,0.0,0,0,0,0,0,0,0.0,0.0,0.0,0.0,0.0,0.0,0.0,0.0,0.0,ROCK,0,0,0.0,0.0,SPARSE,0.25833,0.1604,0.0,0.0,0.3333,0.3333,0.3333,singular
2026-08-31T12:53:35,57,0.0,0.0,0.0,0.0,0.0,0.0,0.0,0.0,0.0,0,0,0,0,0,0,0.0,0.0,0.0,0.0,0.0,0.0,0.0,0.0,0.0,ROCK,0,0,0.0,0.0,SPARSE,0.25833,0.1604,0.0,0.0,0.3333,0.3333,0.3333,singular
2026-08-31T12:54:30,58,0.0,0.0,0.0,0.0,0.0,0.0,0.0,0.0,0.0,0,0,0,0,0,0,0.0,0.0,0.0,0.0,0.0,0.0,0.0,0.0,0.0,ROCK,0,0,0.0,0.0,SPARSE,0.25833,0.1604,0.0,0.0,0.3333,0.3333,0.3333,singular
2026-08-31T12:55:16,59,0.0,0.0,0.0,0.0,0.0,0.0,0.0,0.0,0.0,0,0,0,0,0,0,0.0,0.0,0.0,0.0,0.0,0.0,0.0,0.0,0.0,ROCK,0,0,0.0,0.0,SPARSE,0.28333,0.1744,0.0,0.0,0.3333,0.3333,0.3333,singular
2026-08-31T12:56:02,60,0.0,0.0,0.0,0.0,0.0,0.0,0.0,0.0,0.0,0,0,0,0,0,0,0.0,0.0,0.0,0.0,0.0,0.0,0.0,0.0,0.0,ROCK,0,0,0.0,0.0,SPARSE,0.28333,0.17351,0.0,0.0,0.3333,0.3333,0.3333,singular
2026-08-31T12:57:55,61,0.0,0.0,0.0,0.0,0.0,0.0,0.0,0.0,0.0,0,0,0,0,0,0,0.0,0.0,0.0,0.0,0.0,0.0,0.0,0.0,0.0,ROCK,0,0,0.0,0.0,SPARSE,0.25833,0.15844,0.0,0.0,0.3333,0.3333,0.3333,singular
2026-08-31T12:58:33,62,0.0,0.0,0.0,0.0,0.0,0.0,0.0,0.0,0.0,0,0,0,0,0,0,0.0,0.0,0.0,0.0,0.0,0.0,0.0,0.0,0.0,ROCK,0,0,0.0,0.0,SPARSE,0.25833,0.15844,0.0,0.0,0.3333,0.3333,0.3333,singular
2026-08-31T12:59:48,63,0.0,0.0,0.0,0.0,0.0,0.0,0.0,0.0,0.0,0,0,0,0,0,0,0.0,0.0,0.0,0.0,0.0,0.0,0.0,0.0,0.0,ROCK,0,0,0.0,0.0,SPARSE,0.25833,0.1604,0.0,0.0,0.3333,0.3333,0.3333,singular
2026-08-31T13:01:41,64,0.0,0.0,0.0,0.0,0.0,0.0,0.0,0.0,0.0,0,0,0,0,0,0,0.0,0.0,0.0,0.0,0.0,0.0,0.0,0.0,0.0,ROCK,0,0,0.0,0.0,SPARSE,0.23333,0.1472,0.0,0.0,0.3333,0.3333,0.3333,singular
2026-08-31T13:04:13,65,0.0,0.0,0.0,0.0,0.0,0.0,0.0,0.0,0.0,0,0,0,0,0,0,0.0,0.0,0.0,0.0,0.0,0.0,0.0,0.0,0.0,ROCK,0,0,0.0,0.0,SPARSE,0.23333,0.1472,0.0,0.0,0.3333,0.3333,0.3333,singular
2026-08-31T13:05:07,66,0.0,0.0,0.0,0.0,0.0,0.0,0.0,0.0,0.0,0,0,0,0,0,0,0.0,0.0,0.0,0.0,0.0,0.0,0.0,0.0,0.0,ROCK,0,0,0.0,0.0,SPARSE,0.25833,0.16425,0.0,0.0,0.3333,0.3333,0.3333,singular
2026-08-31T13:06:22,67,0.0,0.0,0.0,0.0,0.0,0.0,0.0,0.0,0.0,0,0,0,0,0,0,0.0,0.0,0.0,0.0,0.0,0.0,0.0,0.0,0.0,ROCK,0,0,0.0,0.0,SPARSE,0.23333,0.1472,0.0,0.0,0.3333,0.3333,0.3333,singular
2026-08-31T13:07:04,68,0.0,0.0,0.0,0.0,0.0,0.0,0.0,0.0,0.0,0,0,0,0,0,0,0.0,0.0,0.0,0.0,0.0,0.0,0.0,0.0,0.0,ROCK,0,0,0.0,0.0,SPARSE,0.23333,0.1472,0.0,0.0,0.3333,0.3333,0.3333,singular
2026-08-31T12:14:36,1,0.0,-1.0,1.0,1.0,0.0,-1.0,-1.0,1.0,0.0,29,20,29,38,20,38,0.0,0.0,0.0,0.0,0.0,0.0,3.0,-3.0,-1.0,ROCK,20,174,0.0,0.0,CYCLE_OK,0.20833,0.1303,0.175,0.0,0.3333,0.3333,0.3333,interior
2026-08-31T12:14:37,2,0.0,-1.0,1.0,1.0,0.0,-1.0,-1.0,1.0,0.0,12,24,12,18,24,18,0.0,0.0,0.0,0.0,0.0,0.0,3.0,-3.0,-1.0,ROCK,12,108,0.0,0.0,CYCLE_OK,0.20833,0.1303,0.175,0.0,0.3333,0.3333,0.3333,interior
2026-08-31T12:14:38,3,0.0,-1.0,1.0,1.0,0.0,-1.0,-1.0,1.0,0.0,19,14,19,9,14,9,0.0,0.0,0.0,0.0,0.0,0.0,3.0,-3.0,-1.0,ROCK,9,84,0.0,0.0,CYCLE_OK,0.20833,0.13502,0.1875,0.0,0.3333,0.3333,0.3333,interior
2026-08-31T12:14:39,4,0.0,-1.0,1.0,1.0,0.0,-1.0,-1.0,1.0,0.0,10,24,10,17,24,17,0.0,0.0,0.0,0.0,0.0,0.0,3.0,-3.0,-1.0,ROCK,10,102,0.0,0.0,CYCLE_OK,0.23333,0.15241,0.2125,0.0,0.3333,0.3333,0.3333,interior
2026-08-31T12:14:40,5,0.0,-1.0,1.0,1.0,0.0,-1.0,-1.0,1.0,0.0,30,23,30,16,23,16,0.0,0.0,0.0,0.0,0.0,0.0,3.0,-3.0,-1.0,ROCK,16,138,0.0,0.0,CYCLE_OK,0.23333,0.15943,0.225,0.0,0.3333,0.3333,0.3333,interior
2026-08-31T12:14:41,6,0.0,-1.0,1.0,1.0,0.0,-1.0,-1.0,1.0,0.0,41,32,41,23,32,23,0.0,0.0,0.0,0.0,0.0,0.0,3.0,-3.0,-1.0,ROCK,23,192,0.0,0.0,CYCLE_OK,0.21667,0.15035,0.2125,0.0,0.3333,0.3333,0.3333,interior
2026-08-31T12:14:42,7,0.0,-1.0,1.0,1.0,0.0,-1.0,-1.0,1.0,0.0,19,12,19,26,12,26,0.0,0.0,0.0,0.0,0.0,0.0,3.0,-3.0,-1.0,ROCK,12,114,0.0,0.0,CYCLE_OK,0.20833,0.14179,0.2,0.0,0.3333,0.3333,0.3333,interior
2026-08-31T12:14:42,8,0.0,-1.0,1.0,1.0,0.0,-1.0,-1.0,1.0,0.0,16,11,16,6,11,6,0.0,0.0,0.0,0.0,0.0,0.0,3.0,-3.0,-1.0,ROCK,6,66,0.0,0.0,CYCLE_OK,0.19167,0.13268,0.1875,0.0,0.3333,0.3333,0.3333,interior
2026-08-31T12:14:43,9,0.0,-1.0,1.0,1.0,0.0,-1.0,-1.0,1.0,0.0,14,9,14,4,9,4,0.0,0.0,0.0,0.0,0.0,0.0,3.0,-3.0,-1.0,ROCK,4,54,0.0,0.0,CYCLE_OK,0.21667,0.14289,0.2,0.0,0.3333,0.3333,0.3333,interior
2026-08-31T12:14:44,10,0.0,-1.0,1.0,1.0,0.0,-1.0,-1.0,1.0,0.0,45,36,45,27,36,27,0.0,0.0,0.0,0.0,0.0,0.0,3.0,-3.0,-1.0,ROCK,27,216,0.0,0.0,CYCLE_OK,0.21667,0.13731,0.1875,0.0,0.3333,0.3333,0.3333,interior
2026-08-31T12:14:45,11,0.0,-1.0,1.0,1.0,0.0,-1.0,-1.0,1.0,0.0,21,35,21,28,35,28,0.0,0.0,0.0,0.0,0.0,0.0,3.0,-3.0,-1.0,ROCK,21,168,0.0,0.0,CYCLE_OK,0.21667,0.14289,0.2,0.0,0.3333,0.3333,0.3333,interior
2026-08-31T12:14:46,12,0.0,-1.0,1.0,1.0,0.0,-1.0,-1.0,1.0,0.0,9,2,9,16,2,16,0.0,0.0,0.0,0.0,0.0,0.0,3.0,-3.0,-1.0,ROCK,2,54,0.0,0.0,CYCLE_OK,0.19167,0.12542,0.175,0.0,0.3333,0.3333,0.3333,interior
2026-08-31T12:14:47,13,0.0,-1.0,1.0,1.0,0.0,-1.0,-1.0,1.0,0.0,43,35,43,27,35,27,0.0,0.0,0.0,0.0,0.0,0.0,3.0,-3.0,-1.0,ROCK,27,210,0.0,0.0,CYCLE_OK,0.19167,0.12033,0.1625,0.0,0.3333,0.3333,0.3333,interior
2026-08-31T12:14:48,14,0.0,-1.0,1.0,1.0,0.0,-1.0,-1.0,1.0,0.0,19,14,19,9,14,9,0.0,0.0,0.0,0.0,0.0,0.0,3.0,-3.0,-1.0,ROCK,9,84,0.0,0.0,CYCLE_OK,0.19167,0.1177,0.15,0.0,0.3333,0.3333,0.3333,interior
2026-08-31T12:14:48,15,0.0,-1.0,1.0,1.0,0.0,-1.0,-1.0,1.0,0.0,36,28,36,20,28,20,0.0,0.0,0.0,0.0,0.0,0.0,3.0,-3.0,-1.0,ROCK,20,168,0.0,0.0,CYCLE_OK,0.21667,0.13268,0.1625,0.0,0.3333,0.3333,0.3333,interior
2026-08-31T12:14:50,16,0.0,-1.0,1.0,1.0,0.0,-1.0,-1.0,1.0,0.0,37,28,37,19,28,19,0.0,0.0,0.0,0.0,0.0,0.0,3.0,-3.0,-1.0,ROCK,19,168,0.0,0.0,CYCLE_OK,0.24167,0.14825,0.175,0.0,0.3333,0.3333,0.3333,interior
2026-08-31T12:14:50,17,0.0,-1.0,1.0,1.0,0.0,-1.0,-1.0,1.0,0.0,8,2,8,14,2,14,0.0,0.0,0.0,0.0,0.0,0.0,3.0,-3.0,-1.0,ROCK,2,48,0.0,0.0,CYCLE_OK,0.21667,0.13385,0.15,0.0,0.3333,0.3333,0.3333,interior
2026-08-31T12:14:51,18,0.0,-1.0,1.0,1.0,0.0,-1.0,-1.0,1.0,0.0,10,24,10,17,24,17,0.0,0.0,0.0,0.0,0.0,0.0,3.0,-3.0,-1.0,ROCK,10,102,0.0,0.0,CYCLE_OK,0.24167,0.14825,0.175,0.0,0.3333,0.3333,0.3333,interior
2026-08-31T12:14:51,19,0.0,-1.0,1.0,1.0,0.0,-1.0,-1.0,1.0,0.0,20,12,20,4,12,4,0.0,0.0,0.0,0.0,0.0,0.0,3.0,-3.0,-1.0,ROCK,4,72,0.0,0.0,CYCLE_OK,0.24167,0.14825,0.175,0.0,0.3333,0.3333,0.3333,interior
2026-08-31T12:14:52,20,0.0,-1.0,1.0,1.0,0.0,-1.0,-1.0,1.0,0.0,13,29,13,21,29,21,0.0,0.0,0.0,0.0,0.0,0.0,3.0,-3.0,-1.0,ROCK,13,126,0.0,0.0,CYCLE_OK,0.24167,0.14825,0.1875,0.0,0.3333,0.3333,0.3333,interior
2026-08-31T12:14:53,21,0.0,-1.0,1.0,1.0,0.0,-1.0,-1.0,1.0,0.0,6,20,6,13,20,13,0.0,0.0,0.0,0.0,0.0,0.0,3.0,-3.0,-1.0,ROCK,6,78,0.0,0.0,CYCLE_OK,0.24167,0.15035,0.2,0.0,0.3333,0.3333,0.3333,interior
2026-08-31T12:14:54,22,0.0,-1.0,1.0,1.0,0.0,-1.0,-1.0,1.0,0.0,22,40,22,31,40,31,0.0,0.0,0.0,0.0,0.0,0.0,3.0,-3.0,-1.0,ROCK,22,186,0.0,0.0,CYCLE_OK,0.24167,0.15445,0.2125,0.0,0.3333,0.3333,0.3333,interior
2026-08-31T12:14:54,23,0.0,-1.0,1.0,1.0,0.0,-1.0,-1.0,1.0,0.0,7,23,7,15,23,15,0.0,0.0,0.0,0.0,0.0,0.0,3.0,-3.0,-1.0,ROCK,7,90,0.0,0.0,CYCLE_OK,0.24167,0.1604,0.225,0.0,0.3333,0.3333,0.3333,interior
2026-08-31T12:14:55,24,0.0,-1.0,1.0,1.0,0.0,-1.0,-1.0,1.0,0.0,37,30,37,23,30,23,0.0,0.0,0.0,0.0,0.0,0.0,3.0,-3.0,-1.0,ROCK,23,180,0.0,0.0,CYCLE_OK,0.24167,0.15445,0.2125,0.0,0.3333,0.3333,0.3333,interior
2026-08-31T12:14:56,25,0.0,-1.0,1.0,1.0,0.0,-1.0,-1.0,1.0,0.0,30,21,30,39,21,39,0.0,0.0,0.0,0.0,0.0,0.0,3.0,-3.0,-1.0,ROCK,21,180,0.0,0.0,CYCLE_OK,0.21667,0.14289,0.2,0.0,0.3333,0.3333,0.3333,interior
2026-08-31T12:14:57,26,0.0,-1.0,1.0,1.0,0.0,-1.0,-1.0,1.0,0.0,10,4,10,16,4,16,0.0,0.0,0.0,0.0,0.0,0.0,3.0,-3.0,-1.0,ROCK,4,60,0.0,0.0,CYCLE_OK,0.19167,0.13268,0.1875,0.0,0.3333,0.3333,0.3333,interior
2026-08-31T12:14:58,27,0.0,-1.0,1.0,1.0,0.0,-1.0,-1.0,1.0,0.0,16,11,16,6,11,6,0.0,0.0,0.0,0.0,0.0,0.0,3.0,-3.0,-1.0,ROCK,6,66,0.0,0.0,CYCLE_OK,0.19167,0.12542,0.175,0.0,0.3333,0.3333,0.3333,interior
2026-08-31T12:14:59,28,0.0,-1.0,1.0,1.0,0.0,-1.0,-1.0,1.0,0.0,21,15,21,27,15,27,0.0,0.0,0.0,0.0,0.0,0.0,3.0,-3.0,-1.0,ROCK,15,126,0.0,0.0,CYCLE_OK,0.16667,0.11502,0.1625,0.0,0.3333,0.3333,0.3333,interior
2026-08-31T12:15:00,29,0.0,-1.0,1.0,1.0,0.0,-1.0,-1.0,1.0,0.0,28,22,28,16,22,16,0.0,0.0,0.0,0.0,0.0,0.0,3.0,-3.0,-1.0,ROCK,16,132,0.0,0.0,CYCLE_OK,0.16667,0.10801,0.15,0.0,0.3333,0.3333,0.3333,interior
2026-08-31T12:15:01,30,0.0,-1.0,1.0,1.0,0.0,-1.0,-1.0,1.0,0.0,30,22,30,14,22,14,0.0,0.0,0.0,0.0,0.0,0.0,3.0,-3.0,-1.0,ROCK,14,132,0.0,0.0,CYCLE_OK,0.19167,0.12033,0.1625,0.0,0.3333,0.3333,0.3333,interior
2026-08-31T12:15:02,31,0.0,-1.0,1.0,1.0,0.0,-1.0,-1.0,1.0,0.0,17,11,17,5,11,5,0.0,0.0,0.0,0.0,0.0,0.0,3.0,-3.0,-1.0,ROCK,5,66,0.0,0.0,CYCLE_OK,0.21667,0.13385,0.175,0.0,0.3333,0.3333,0.3333,interior
2026-08-31T12:15:03,32,0.0,-1.0,1.0,1.0,0.0,-1.0,-1.0,1.0,0.0,22,15,22,29,15,29,0.0,0.0,0.0,0.0,0.0,0.0,3.0,-3.0,-1.0,ROCK,15,132,0.0,0.0,CYCLE_OK,0.21667,0.13385,0.175,0.0,0.3333,0.3333,0.3333,interior
2026-08-31T12:15:03,33,0.0,-1.0,1.0,1.0,0.0,-1.0,-1.0,1.0,0.0,10,24,10,17,24,17,0.0,0.0,0.0,0.0,0.0,0.0,3.0,-3.0,-1.0,ROCK,10,102,0.0,0.0,CYCLE_OK,0.21667,0.13385,0.175,0.0,0.3333,0.3333,0.3333,interior
2026-08-31T12:15:04,34,0.0,-1.0,1.0,1.0,0.0,-1.0,-1.0,1.0,0.0,27,20,27,34,20,34,0.0,0.0,0.0,0.0,0.0,0.0,3.0,-3.0,-1.0,ROCK,20,162,0.0,0.0,CYCLE_OK,0.19167,0.1177,0.15,0.0,0.3333,0.3333,0.3333,interior
2026-08-31T12:15:05,35,0.0,-1.0,1.0,1.0,0.0,-1.0,-1.0,1.0,0.0,15,10,15,5,10,5,0.0,0.0,0.0,0.0,0.0,0.0,3.0,-3.0,-1.0,ROCK,5,60,0.0,0.0,CYCLE_OK,0.19167,0.1177,0.15,0.0,0.3333,0.3333,0.3333,interior
2026-08-31T12:15:07,36,0.0,-1.0,1.0,1.0,0.0,-1.0,-1.0,1.0,0.0,23,17,23,29,17,29,0.0,0.0,0.0,0.0,0.0,0.0,3.0,-3.0,-1.0,ROCK,17,138,0.0,0.0,CYCLE_OK,0.16667,0.10206,0.125,0.0,0.3333,0.3333,0.3333,interior
2026-08-31T12:15:07,37,0.0,-1.0,1.0,1.0,0.0,-1.0,-1.0,1.0,0.0,8,24,8,16,24,16,0.0,0.0,0.0,0.0,0.0,0.0,3.0,-3.0,-1.0,ROCK,8,96,0.0,0.0,CYCLE_OK,0.19167,0.1177,0.15,0.0,0.3333,0.3333,0.3333,interior
2026-08-31T12:15:08,38,0.0,-1.0,1.0,1.0,0.0,-1.0,-1.0,1.0,0.0,15,10,15,5,10,5,0.0,0.0,0.0,0.0,0.0,0.0,3.0,-3.0,-1.0,ROCK,5,60,0.0,0.0,CYCLE_OK,0.19167,0.1177,0.1375,0.0,0.3333,0.3333,0.3333,interior
2026-08-31T12:15:08,39,0.0,-1.0,1.0,1.0,0.0,0.0,-1.0,0.0,0.0,10,5,10,0,5,0,0.0,0.5,-0.5,1.41421,0.08839,0.0,2.0,-2.0,0.0,PAPER,0,30,1.0,0.5,CYCLE_OK,0.725,0.4586,0.3625,0.0,0.0,0.5,0.5,interior
2026-08-31T12:15:09,40,0.0,-1.0,1.0,1.0,0.0,-1.0,-1.0,1.0,0.0,26,19,26,33,19,33,0.0,0.0,0.0,1.41421,0.17678,0.0,3.0,-3.0,-1.0,ROCK,19,156,0.0,0.0,CYCLE_OK,0.16667,0.10801,0.1,0.0,0.3333,0.3333,0.3333,interior
2026-08-31T12:15:10,41,0.0,-1.0,1.0,1.0,0.0,-1.0,-1.0,1.0,0.0,8,24,8,16,24,16,0.0,0.0,0.0,0.0,0.17678,0.0,3.0,-3.0,-1.0,ROCK,8,96,0.0,0.0,CYCLE_OK,0.16667,0.10801,0.1,0.0,0.3333,0.3333,0.3333,interior
2026-08-31T12:15:11,42,0.0,-1.0,1.0,1.0,0.0,-1.0,-1.0,1.0,0.0,41,33,41,49,33,49,0.0,0.0,0.0,0.0,0.17678,0.0,3.0,-3.0,-1.0,ROCK,33,246,0.0,0.0,CYCLE_OK,0.16667,0.10801,0.1,0.0,0.3333,0.3333,0.3333,interior
2026-08-31T12:15:12,43,0.0,-1.0,1.0,1.0,0.0,-1.0,-1.0,1.0,0.0,25,19,25,13,19,13,0.0,0.0,0.0,0.0,0.17678,0.0,3.0,-3.0,-1.0,ROCK,13,114,0.0,0.0,CYCLE_OK,0.16667,0.10801,0.1,0.0,0.3333,0.3333,0.3333,interior
2026-08-31T12:15:13,44,0.0,-1.0,1.0,1.0,0.0,-1.0,-1.0,1.0,0.0,17,9,17,25,9,25,0.0,0.0,0.0,0.0,0.17678,0.0,3.0,-3.0,-1.0,ROCK,9,102,0.0,0.0,CYCLE_OK,0.16667,0.10801,0.1,0.0,0.3333,0.3333,0.3333,interior
2026-08-31T12:15:14,45,0.0,-1.0,1.0,1.0,0.0,-1.0,-1.0,1.0,0.0,18,12,18,24,12,24,0.0,0.0,0.0,0.0,0.17678,0.0,3.0,-3.0,-1.0,ROCK,12,108,0.0,0.0,CYCLE_OK,0.14167,0.09736,0.075,0.0,0.3333,0.3333,0.3333,interior
2026-08-31T12:15:16,46,0.0,-1.0,1.0,1.0,0.0,-1.0,-1.0,1.0,0.0,70,62,70,54,62,54,0.0,0.0,0.0,0.0,0.17678,0.0,3.0,-3.0,-1.0,ROCK,54,372,0.0,0.0,CYCLE_OK,0.16667,0.11502,0.0875,0.0,0.3333,0.3333,0.3333,interior
2026-08-31T12:15:16,47,0.0,-1.0,1.0,1.0,0.0,-1.0,-1.0,1.0,0.0,9,4,9,14,4,14,0.0,0.0,0.0,0.0,0.17678,0.0,3.0,-3.0,-1.0,ROCK,4,54,0.0,0.0,CYCLE_OK,0.15833,0.10656,0.0875,0.0,0.3333,0.3333,0.3333,interior
2026-08-31T12:15:17,48,0.0,-1.0,1.0,1.0,0.0,-1.0,-1.0,1.0,0.0,35,28,35,21,28,21,0.0,0.0,0.0,0.0,0.17678,0.0,3.0,-3.0,-1.0,ROCK,21,168,0.0,0.0,CYCLE_OK,0.18333,0.1177,0.1125,0.0,0.3333,0.3333,0.3333,interior
2026-08-31T12:15:19,49,0.0,-1.0,1.0,1.0,0.0,-1.0,-1.0,1.0,0.0,34,29,34,24,29,24,0.0,0.0,0.0,0.0,0.17678,0.0,3.0,-3.0,-1.0,ROCK,24,174,0.0,0.0,CYCLE_OK,0.20833,0.1303,0.1375,0.0,0.3333,0.3333,0.3333,interior
2026-08-31T12:15:19,50,0.0,-1.0,1.0,1.0,0.0,-1.0,-1.0,1.0,0.0,11,6,11,16,6,16,0.0,0.0,0.0,0.0,0.17678,0.0,3.0,-3.0,-1.0,ROCK,6,66,0.0,0.0,CYCLE_OK,0.20833,0.12788,0.15,0.0,0.3333,0.3333,0.3333,interior
2026-08-31T12:25:59,1,0.0,-1.0,1.0,1.0,0.0,-1.0,-1.0,1.0,0.0,21,14,21,7,14,7,0.0,0.0,0.0,0.0,0.0,0.0,3.0,-3.0,-1.0,ROCK,7,84,0.0,0.0,CYCLE_OK,0.23333,0.14398,0.1625,0.0,0.3333,0.3333,0.3333,interior
2026-08-31T12:26:00,2,0.0,-1.0,1.0,1.0,0.0,-1.0,-1.0,1.0,0.0,46,37,46,55,37,55,0.0,0.0,0.0,0.0,0.0,0.0,3.0,-3.0,-1.0,ROCK,37,276,0.0,0.0,CYCLE_OK,0.20833,0.12788,0.15,0.0,0.3333,0.3333,0.3333,interior
2026-08-31T12:26:00,3,0.0,0.0,1.0,0.0,0.0,-1.0,-1.0,1.0,0.0,0,16,0,8,16,8,0.5,-0.5,0.0,1.41421,0.4714,0.0,2.0,-2.0,0.0,ROCK,0,48,1.0,0.5,CYCLE_OK,0.55,0.35311,0.275,0.0,0.5,0.5,0.0,interior
2026-08-31T12:26:01,4,0.0,-1.0,1.0,1.0,0.0,-1.0,-1.0,1.0,0.0,17,11,17,5,11,5,0.0,0.0,0.0,1.41421,0.70711,0.0,3.0,-3.0,-1.0,ROCK,5,66,0.0,0.0,CYCLE_OK,0.20833,0.12788,0.15,0.0,0.3333,0.3333,0.3333,interior
2026-08-31T12:26:02,5,0.0,-1.0,1.0,1.0,0.0,-1.0,-1.0,1.0,0.0,30,24,30,18,24,18,0.0,0.0,0.0,0.0,0.56569,0.0,3.0,-3.0,-1.0,ROCK,18,144,0.0,0.0,CYCLE_OK,0.20833,0.12788,0.15,0.0,0.3333,0.3333,0.3333,interior
2026-08-31T12:26:03,6,0.0,-1.0,1.0,1.0,0.0,-1.0,-1.0,1.0,0.0,19,13,19,7,13,7,0.0,0.0,0.0,0.0,0.4714,0.0,3.0,-3.0,-1.0,ROCK,7,78,0.0,0.0,CYCLE_OK,0.23333,0.14289,0.175,0.0,0.3333,0.3333,0.3333,interior
2026-08-31T12:26:03,7,0.0,-1.0,1.0,1.0,0.0,-1.0,-1.0,1.0,0.0,15,10,15,5,10,5,0.0,0.0,0.0,0.0,0.40406,0.0,3.0,-3.0,-1.0,ROCK,5,60,0.0,0.0,CYCLE_OK,0.23333,0.14289,0.175,0.0,0.3333,0.3333,0.3333,interior
2026-08-31T12:26:04,8,0.0,-1.0,1.0,1.0,0.0,-1.0,-1.0,1.0,0.0,2,16,2,9,16,9,0.0,0.0,0.0,0.0,0.35355,0.0,3.0,-3.0,-1.0,ROCK,2,54,0.0,0.0,CYCLE_OK,0.23333,0.14398,0.1625,0.0,0.3333,0.3333,0.3333,interior
2026-08-31T12:26:04,9,0.0,-1.0,1.0,1.0,0.0,-1.0,-1.0,1.0,0.0,1,13,1,7,13,7,0.0,0.0,0.0,0.0,0.31427,0.0,3.0,-3.0,-1.0,ROCK,1,42,0.0,0.0,CYCLE_OK,0.20833,0.1303,0.1375,0.0,0.3333,0.3333,0.3333,interior
2026-08-31T12:26:05,10,0.0,-1.0,1.0,1.0,0.0,-1.0,-1.0,1.0,0.0,31,23,31,15,23,15,0.0,0.0,0.0,0.0,0.28284,0.0,3.0,-3.0,-1.0,ROCK,15,138,0.0,0.0,CYCLE_OK,0.20833,0.1303,0.1375,0.0,0.3333,0.3333,0.3333,interior
2026-08-31T12:26:06,11,0.0,-1.0,1.0,1.0,0.0,-1.0,-1.0,1.0,0.0,45,36,45,27,36,27,0.0,0.0,0.0,0.0,0.25713,0.0,3.0,-3.0,-1.0,ROCK,27,216,0.0,0.0,CYCLE_OK,0.23333,0.14398,0.1625,0.0,0.3333,0.3333,0.3333,interior
2026-08-31T12:26:06,12,0.0,-1.0,1.0,1.0,0.0,-1.0,-1.0,1.0,0.0,4,14,4,9,14,9,0.0,0.0,0.0,0.0,0.2357,0.0,3.0,-3.0,-1.0,ROCK,4,54,0.0,0.0,CYCLE_OK,0.20833,0.1303,0.1375,0.0,0.3333,0.3333,0.3333,interior
2026-08-31T12:26:07,13,0.0,-1.0,1.0,1.0,0.0,-1.0,-1.0,1.0,0.0,25,19,25,31,19,31,0.0,0.0,0.0,0.0,0.21757,0.0,3.0,-3.0,-1.0,ROCK,19,150,0.0,0.0,CYCLE_OK,0.18333,0.11365,0.125,0.0,0.3333,0.3333,0.3333,interior
2026-08-31T12:26:08,14,0.0,-1.0,1.0,1.0,0.0,-1.0,-1.0,1.0,0.0,2,12,2,7,12,7,0.0,0.0,0.0,0.0,0.20203,0.0,3.0,-3.0,-1.0,ROCK,2,42,0.0,0.0,CYCLE_OK,0.18333,0.11365,0.125,0.0,0.3333,0.3333,0.3333,interior
2026-08-31T12:26:08,15,0.0,-1.0,1.0,1.0,0.0,-1.0,-1.0,1.0,0.0,19,11,19,27,11,27,0.0,0.0,0.0,0.0,0.18856,0.0,3.0,-3.0,-1.0,ROCK,11,114,0.0,0.0,CYCLE_OK,0.18333,0.11227,0.1375,0.0,0.3333,0.3333,0.3333,interior
2026-08-31T12:26:09,16,0.0,-1.0,1.0,1.0,0.0,-1.0,-1.0,1.0,0.0,4,20,4,12,20,12,0.0,0.0,0.0,0.0,0.17678,0.0,3.0,-3.0,-1.0,ROCK,4,72,0.0,0.0,CYCLE_OK,0.18333,0.11227,0.1375,0.0,0.3333,0.3333,0.3333,interior
2026-08-31T12:26:10,17,0.0,-1.0,1.0,1.0,0.0,-1.0,-1.0,1.0,0.0,23,16,23,9,16,9,0.0,0.0,0.0,0.0,0.17678,0.0,3.0,-3.0,-1.0,ROCK,9,96,0.0,0.0,CYCLE_OK,0.20833,0.12788,0.1625,0.0,0.3333,0.3333,0.3333,interior
2026-08-31T12:26:10,18,0.0,-1.0,1.0,1.0,0.0,-1.0,-1.0,1.0,0.0,3,17,3,10,17,10,0.0,0.0,0.0,0.0,0.17678,0.0,3.0,-3.0,-1.0,ROCK,3,60,0.0,0.0,CYCLE_OK,0.20833,0.12788,0.1625,0.0,0.3333,0.3333,0.3333,interior
2026-08-31T12:26:11,19,0.0,-1.0,1.0,1.0,0.0,-1.0,-1.0,1.0,0.0,29,23,29,35,23,35,0.0,0.0,0.0,0.0,0.08839,0.0,3.0,-3.0,-1.0,ROCK,23,174,0.0,0.0,CYCLE_OK,0.20833,0.12788,0.1625,0.0,0.3333,0.3333,0.3333,interior
2026-08-31T12:26:12,20,0.0,-1.0,1.0,1.0,0.0,-1.0,-1.0,1.0,0.0,16,9,16,23,9,23,0.0,0.0,0.0,0.0,0.0,0.0,3.0,-3.0,-1.0,ROCK,9,96,0.0,0.0,CYCLE_OK,0.20833,0.12788,0.1625,0.0,0.3333,0.3333,0.3333,interior
2026-08-31T12:26:12,21,0.0,-1.0,1.0,1.0,0.0,-1.0,-1.0,1.0,0.0,4,14,4,9,14,9,0.0,0.0,0.0,0.0,0.0,0.0,3.0,-3.0,-1.0,ROCK,4,54,0.0,0.0,CYCLE_OK,0.20833,0.12788,0.1625,0.0,0.3333,0.3333,0.3333,interior
2026-08-31T12:26:13,22,0.0,-1.0,1.0,1.0,0.0,-1.0,-1.0,1.0,0.0,23,15,23,31,15,31,0.0,0.0,0.0,0.0,0.0,0.0,3.0,-3.0,-1.0,ROCK,15,138,0.0,0.0,CYCLE_OK,0.20833,0.12788,0.1625,0.0,0.3333,0.3333,0.3333,interior
2026-08-31T12:26:13,23,0.0,-1.0,1.0,1.0,0.0,-1.0,-1.0,1.0,0.0,12,26,12,19,26,19,0.0,0.0,0.0,0.0,0.0,0.0,3.0,-3.0,-1.0,ROCK,12,114,0.0,0.0,CYCLE_OK,0.18333,0.11227,0.1375,0.0,0.3333,0.3333,0.3333,interior
2026-08-31T12:26:14,24,0.0,-1.0,1.0,1.0,0.0,-1.0,-1.0,1.0,0.0,14,28,14,21,28,21,0.0,0.0,0.0,0.0,0.0,0.0,3.0,-3.0,-1.0,ROCK,14,126,0.0,0.0,CYCLE_OK,0.18333,0.11227,0.1375,0.0,0.3333,0.3333,0.3333,interior
2026-08-31T12:26:15,25,0.0,-1.0,1.0,1.0,0.0,-1.0,-1.0,1.0,0.0,17,12,17,7,12,7,0.0,0.0,0.0,0.0,0.0,0.0,3.0,-3.0,-1.0,ROCK,7,72,0.0,0.0,CYCLE_OK,0.18333,0.11227,0.1375,0.0,0.3333,0.3333,0.3333,interior
2026-08-31T12:26:16,26,0.0,-1.0,1.0,1.0,0.0,-1.0,-1.0,1.0,0.0,62,53,62,44,53,44,0.0,0.0,0.0,0.0,0.0,0.0,3.0,-3.0,-1.0,ROCK,44,318,0.0,0.0,CYCLE_OK,0.18333,0.11227,0.1375,0.0,0.3333,0.3333,0.3333,interior
2026-08-31T12:26:17,27,0.0,-1.0,1.0,1.0,0.0,-1.0,-1.0,1.0,0.0,14,9,14,19,9,19,0.0,0.0,0.0,0.0,0.0,0.0,3.0,-3.0,-1.0,ROCK,9,84,0.0,0.0,CYCLE_OK,0.18333,0.11365,0.15,0.0,0.3333,0.3333,0.3333,interior
2026-08-31T12:26:17,28,0.0,-1.0,1.0,1.0,0.0,-1.0,-1.0,1.0,0.0,10,4,10,16,4,16,0.0,0.0,0.0,0.0,0.0,0.0,3.0,-3.0,-1.0,ROCK,4,60,0.0,0.0,CYCLE_OK,0.18333,0.1177,0.1625,0.0,0.3333,0.3333,0.3333,interior
2026-08-31T12:26:18,29,0.0,-1.0,1.0,1.0,0.0,-1.0,-1.0,1.0,0.0,29,21,29,37,21,37,0.0,0.0,0.0,0.0,0.0,0.0,3.0,-3.0,-1.0,ROCK,21,174,0.0,0.0,CYCLE_OK,0.18333,0.1177,0.1625,0.0,0.3333,0.3333,0.3333,interior
2026-08-31T12:26:19,30,0.0,-1.0,1.0,1.0,0.0,-1.0,-1.0,1.0,0.0,12,7,12,17,7,17,0.0,0.0,0.0,0.0,0.0,0.0,3.0,-3.0,-1.0,ROCK,7,72,0.0,0.0,CYCLE_OK,0.15833,0.10656,0.15,0.0,0.3333,0.3333,0.3333,interior
2026-08-31T12:26:20,31,0.0,-1.0,1.0,1.0,0.0,-1.0,-1.0,1.0,0.0,15,10,15,5,10,5,0.0,0.0,0.0,0.0,0.0,0.0,3.0,-3.0,-1.0,ROCK,5,60,0.0,0.0,CYCLE_OK,0.18333,0.1177,0.1625,0.0,0.3333,0.3333,0.3333,interior
2026-08-31T12:26:20,32,0.0,-1.0,1.0,1.0,0.0,-1.0,-1.0,1.0,0.0,20,14,20,26,14,26,0.0,0.0,0.0,0.0,0.0,0.0,3.0,-3.0,-1.0,ROCK,14,120,0.0,0.0,CYCLE_OK,0.18333,0.12416,0.175,0.0,0.3333,0.3333,0.3333,interior
2026-08-31T12:26:21,33,0.0,-1.0,1.0,1.0,0.0,-1.0,-1.0,1.0,0.0,28,22,28,16,22,16,0.0,0.0,0.0,0.0,0.0,0.0,3.0,-3.0,-1.0,ROCK,16,132,0.0,0.0,CYCLE_OK,0.18333,0.12416,0.175,0.0,0.3333,0.3333,0.3333,interior
2026-08-31T12:26:22,34,0.0,-1.0,1.0,1.0,0.0,-1.0,-1.0,1.0,0.0,15,10,15,5,10,5,0.0,0.0,0.0,0.0,0.0,0.0,3.0,-3.0,-1.0,ROCK,5,60,0.0,0.0,CYCLE_OK,0.20833,0.14179,0.2,0.0,0.3333,0.3333,0.3333,interior
2026-08-31T12:26:23,35,0.0,-1.0,1.0,1.0,0.0,-1.0,-1.0,1.0,0.0,26,19,26,12,19,12,0.0,0.0,0.0,0.0,0.0,0.0,3.0,-3.0,-1.0,ROCK,12,114,0.0,0.0,CYCLE_OK,0.20833,0.14179,0.2,0.0,0.3333,0.3333,0.3333,interior
2026-08-31T12:26:24,36,0.0,-1.0,1.0,1.0,0.0,-1.0,-1.0,1.0,0.0,11,6,11,16,6,16,0.0,0.0,0.0,0.0,0.0,0.0,3.0,-3.0,-1.0,ROCK,6,66,0.0,0.0,CYCLE_OK,0.19167,0.13268,0.1875,0.0,0.3333,0.3333,0.3333,interior
2026-08-31T12:26:25,37,0.0,-1.0,1.0,1.0,0.0,-1.0,-1.0,1.0,0.0,42,34,42,26,34,26,0.0,0.0,0.0,0.0,0.0,0.0,3.0,-3.0,-1.0,ROCK,26,204,0.0,0.0,CYCLE_OK,0.20833,0.14179,0.2,0.0,0.3333,0.3333,0.3333,interior
2026-08-31T12:26:26,38,0.0,-1.0,1.0,1.0,0.0,-1.0,-1.0,1.0,0.0,27,20,27,34,20,34,0.0,0.0,0.0,0.0,0.0,0.0,3.0,-3.0,-1.0,ROCK,20,162,0.0,0.0,CYCLE_OK,0.19167,0.13268,0.1875,0.0,0.3333,0.3333,0.3333,interior
2026-08-31T12:26:26,39,0.0,-1.0,1.0,1.0,0.0,-1.0,-1.0,1.0,0.0,4,16,4,10,16,10,0.0,0.0,0.0,0.0,0.0,0.0,3.0,-3.0,-1.0,ROCK,4,60,0.0,0.0,CYCLE_OK,0.16667,0.11502,0.1625,0.0,0.3333,0.3333,0.3333,interior
2026-08-31T12:26:27,40,0.0,-1.0,1.0,1.0,0.0,-1.0,-1.0,1.0,0.0,25,18,25,11,18,11,0.0,0.0,0.0,0.0,0.0,0.0,3.0,-3.0,-1.0,ROCK,11,108,0.0,0.0,CYCLE_OK,0.16667,0.11502,0.1625,0.0,0.3333,0.3333,0.3333,interior
2026-08-31T12:26:27,41,0.0,-1.0,1.0,1.0,0.0,-1.0,-1.0,1.0,0.0,17,11,17,5,11,5,0.0,0.0,0.0,0.0,0.0,0.0,3.0,-3.0,-1.0,ROCK,5,66,0.0,0.0,CYCLE_OK,0.19167,0.13268,0.1875,0.0,0.3333,0.3333,0.3333,interior
2026-08-31T12:26:28,42,0.0,-1.0,1.0,1.0,0.0,-1.0,-1.0,1.0,0.0,9,3,9,15,3,15,0.0,0.0,0.0,0.0,0.0,0.0,3.0,-3.0,-1.0,ROCK,3,54,0.0,0.0,CYCLE_OK,0.19167,0.13268,0.1875,0.0,0.3333,0.3333,0.3333,interior
2026-08-31T12:26:29,43,0.0,-1.0,1.0,1.0,0.0,-1.0,-1.0,1.0,0.0,33,26,33,19,26,19,0.0,0.0,0.0,0.0,0.0,0.0,3.0,-3.0,-1.0,ROCK,19,156,0.0,0.0,CYCLE_OK,0.19167,0.13268,0.1875,0.0,0.3333,0.3333,0.3333,interior
2026-08-31T12:26:30,44,0.0,-1.0,1.0,1.0,0.0,-1.0,-1.0,1.0,0.0,15,10,15,20,10,20,0.0,0.0,0.0,0.0,0.0,0.0,3.0,-3.0,-1.0,ROCK,10,90,0.0,0.0,CYCLE_OK,0.19167,0.12542,0.175,0.0,0.3333,0.3333,0.3333,interior
2026-08-31T12:26:31,45,0.0,-1.0,1.0,1.0,0.0,-1.0,-1.0,1.0,0.0,23,17,23,29,17,29,0.0,0.0,0.0,0.0,0.0,0.0,3.0,-3.0,-1.0,ROCK,17,138,0.0,0.0,CYCLE_OK,0.19167,0.12033,0.1625,0.0,0.3333,0.3333,0.3333,interior
2026-08-31T12:26:32,46,0.0,-1.0,1.0,1.0,0.0,-1.0,-1.0,1.0,0.0,31,45,31,38,45,38,0.0,0.0,0.0,0.0,0.0,0.0,3.0,-3.0,-1.0,ROCK,31,228,0.0,0.0,CYCLE_OK,0.16667,0.10358,0.1375,0.0,0.3333,0.3333,0.3333,interior
2026-08-31T12:26:32,47,0.0,-1.0,1.0,1.0,0.0,-1.0,-1.0,1.0,0.0,10,28,10,19,28,19,0.0,0.0,0.0,0.0,0.0,0.0,3.0,-3.0,-1.0,ROCK,10,114,0.0,0.0,CYCLE_OK,0.14167,0.09071,0.125,0.0,0.3333,0.3333,0.3333,interior
2026-08-31T12:26:33,48,0.0,-1.0,1.0,1.0,0.0,-1.0,-1.0,1.0,0.0,9,23,9,16,23,16,0.0,0.0,0.0,0.0,0.0,0.0,3.0,-3.0,-1.0,ROCK,9,96,0.0,0.0,CYCLE_OK,0.14167,0.09071,0.125,0.0,0.3333,0.3333,0.3333,interior
2026-08-31T12:26:33,49,0.0,-1.0,1.0,1.0,0.0,-1.0,-1.0,1.0,0.0,7,2,7,12,2,12,0.0,0.0,0.0,0.0,0.0,0.0,3.0,-3.0,-1.0,ROCK,2,42,0.0,0.0,CYCLE_OK,0.14167,0.0872,0.1125,0.0,0.3333,0.3333,0.3333,interior
2026-08-31T12:26:34,50,0.0,-1.0,1.0,1.0,0.0,-1.0,-1.0,1.0,0.0,16,11,16,6,11,6,0.0,0.0,0.0,0.0,0.0,0.0,3.0,-3.0,-1.0,ROCK,6,66,0.0,0.0,CYCLE_OK,0.16667,0.10358,0.1375,0.0,0.3333,0.3333,0.3333,interior
2026-08-31T12:32:02,1,0.0,-1.0,1.0,1.0,0.0,-1.0,-1.0,1.0,0.0,57,48,57,39,48,39,0.0,0.0,0.0,0.0,0.0,0.0,3.0,-3.0,-1.0,ROCK,39,288,0.0,0.0,CYCLE_OK,0.19167,0.12033,0.1625,0.0,0.3333,0.3333,0.3333,interior
2026-08-31T12:32:05,2,0.0,-1.0,1.0,1.0,0.0,-1.0,-1.0,1.0,0.0,13,8,13,18,8,18,0.0,0.0,0.0,0.0,0.0,0.0,3.0,-3.0,-1.0,ROCK,8,78,0.0,0.0,CYCLE_OK,0.21667,0.13385,0.175,0.0,0.3333,0.3333,0.3333,interior
2026-08-31T12:32:17,3,0.0,-1.0,1.0,1.0,0.0,-1.0,-1.0,1.0,0.0,24,38,24,31,38,31,0.0,0.0,0.0,0.0,0.0,0.0,3.0,-3.0,-1.0,ROCK,24,186,0.0,0.0,CYCLE_OK,0.21667,0.13385,0.175,0.0,0.3333,0.3333,0.3333,interior
2026-08-31T12:32:25,4,0.0,-1.0,1.0,1.0,0.0,-1.0,-1.0,1.0,0.0,10,28,10,19,28,19,0.0,0.0,0.0,0.0,0.0,0.0,3.0,-3.0,-1.0,ROCK,10,114,0.0,0.0,CYCLE_OK,0.19167,0.1177,0.15,0.0,0.3333,0.3333,0.3333,interior
2026-08-31T12:32:27,5,0.0,-1.0,1.0,1.0,0.0,-1.0,-1.0,1.0,0.0,12,7,12,2,7,2,0.0,0.0,0.0,0.0,0.0,0.0,3.0,-3.0,-1.0,ROCK,2,42,0.0,0.0,CYCLE_OK,0.19167,0.12033,0.1625,0.0,0.3333,0.3333,0.3333,interior
2026-08-31T12:32:33,6,0.0,-1.0,1.0,1.0,0.0,-1.0,-1.0,1.0,0.0,16,11,16,21,11,21,0.0,0.0,0.0,0.0,0.0,0.0,3.0,-3.0,-1.0,ROCK,11,96,0.0,0.0,CYCLE_OK,0.19167,0.12033,0.1625,0.0,0.3333,0.3333,0.3333,interior
2026-08-31T12:32:41,7,0.0,-1.0,1.0,1.0,0.0,-1.0,-1.0,1.0,0.0,24,17,24,10,17,10,0.0,0.0,0.0,0.0,0.0,0.0,3.0,-3.0,-1.0,ROCK,10,102,0.0,0.0,CYCLE_OK,0.19167,0.12033,0.1625,0.0,0.3333,0.3333,0.3333,interior
2026-08-31T12:32:46,8,0.0,-1.0,1.0,1.0,0.0,-1.0,-1.0,1.0,0.0,17,9,17,25,9,25,0.0,0.0,0.0,0.0,0.0,0.0,3.0,-3.0,-1.0,ROCK,9,102,0.0,0.0,CYCLE_OK,0.19167,0.12033,0.1625,0.0,0.3333,0.3333,0.3333,interior
2026-08-31T12:32:49,9,0.0,-1.0,1.0,1.0,0.0,-1.0,-1.0,1.0,0.0,10,3,10,17,3,17,0.0,0.0,0.0,0.0,0.0,0.0,3.0,-3.0,-1.0,ROCK,3,60,0.0,0.0,CYCLE_OK,0.19167,0.1177,0.15,0.0,0.3333,0.3333,0.3333,interior
2026-08-31T12:32:58,10,0.0,-1.0,1.0,1.0,0.0,-1.0,-1.0,1.0,0.0,10,28,10,19,28,19,0.0,0.0,0.0,0.0,0.0,0.0,3.0,-3.0,-1.0,ROCK,10,114,0.0,0.0,CYCLE_OK,0.16667,0.10206,0.125,0.0,0.3333,0.3333,0.3333,interior
2026-08-31T12:33:04,11,0.0,-1.0,1.0,1.0,0.0,-1.0,-1.0,1.0,0.0,20,15,20,10,15,10,0.0,0.0,0.0,0.0,0.0,0.0,3.0,-3.0,-1.0,ROCK,10,90,0.0,0.0,CYCLE_OK,0.16667,0.10206,0.125,0.0,0.3333,0.3333,0.3333,interior
2026-08-31T12:33:08,12,0.0,-1.0,1.0,1.0,0.0,-1.0,-1.0,1.0,0.0,11,6,11,16,6,16,0.0,0.0,0.0,0.0,0.0,0.0,3.0,-3.0,-1.0,ROCK,6,66,0.0,0.0,CYCLE_OK,0.16667,0.10206,0.125,0.0,0.3333,0.3333,0.3333,interior
2026-08-31T12:33:16,13,0.0,-1.0,1.0,1.0,0.0,-1.0,-1.0,1.0,0.0,34,25,34,16,25,16,0.0,0.0,0.0,0.0,0.0,0.0,3.0,-3.0,-1.0,ROCK,16,150,0.0,0.0,CYCLE_OK,0.19167,0.1177,0.15,0.0,0.3333,0.3333,0.3333,interior
2026-08-31T12:33:34,14,0.0,-1.0,1.0,1.0,0.0,-1.0,-1.0,1.0,0.0,47,40,47,54,40,54,0.0,0.0,0.0,0.0,0.0,0.0,3.0,-3.0,-1.0,ROCK,40,282,0.0,0.0,CYCLE_OK,0.19167,0.1177,0.15,0.0,0.3333,0.3333,0.3333,interior
2026-08-31T12:33:44,15,0.0,-1.0,1.0,1.0,0.0,-1.0,-1.0,1.0,0.0,30,21,30,39,21,39,0.0,0.0,0.0,0.0,0.0,0.0,3.0,-3.0,-1.0,ROCK,21,180,0.0,0.0,CYCLE_OK,0.19167,0.1177,0.1375,0.0,0.3333,0.3333,0.3333,interior
2026-08-31T12:33:48,16,0.0,-1.0,1.0,1.0,0.0,-1.0,-1.0,1.0,0.0,4,14,4,9,14,9,0.0,0.0,0.0,0.0,0.0,0.0,3.0,-3.0,-1.0,ROCK,4,54,0.0,0.0,CYCLE_OK,0.16667,0.10206,0.125,0.0,0.3333,0.3333,0.3333,interior
2026-08-31T12:33:54,17,0.0,-1.0,1.0,1.0,0.0,-1.0,-1.0,1.0,0.0,8,24,8,16,24,16,0.0,0.0,0.0,0.0,0.0,0.0,3.0,-3.0,-1.0,ROCK,8,96,0.0,0.0,CYCLE_OK,0.16667,0.10206,0.125,0.0,0.3333,0.3333,0.3333,interior
2026-08-31T12:33:58,18,0.0,-1.0,1.0,1.0,0.0,-1.0,-1.0,1.0,0.0,28,19,28,10,19,10,0.0,0.0,0.0,0.0,0.0,0.0,3.0,-3.0,-1.0,ROCK,10,114,0.0,0.0,CYCLE_OK,0.16667,0.10206,0.125,0.0,0.3333,0.3333,0.3333,interior
2026-08-31T12:34:02,19,0.0,-1.0,1.0,1.0,0.0,-1.0,-1.0,1.0,0.0,17,8,17,26,8,26,0.0,0.0,0.0,0.0,0.0,0.0,3.0,-3.0,-1.0,ROCK,8,102,0.0,0.0,CYCLE_OK,0.16667,0.10358,0.1125,0.0,0.3333,0.3333,0.3333,interior
2026-08-31T12:34:05,20,0.0,-1.0,1.0,1.0,0.0,-1.0,-1.0,1.0,0.0,9,4,9,14,4,14,0.0,0.0,0.0,0.0,0.0,0.0,3.0,-3.0,-1.0,ROCK,4,54,0.0,0.0,CYCLE_OK,0.16667,0.10358,0.1125,0.0,0.3333,0.3333,0.3333,interior
2026-08-31T12:34:19,21,0.0,-1.0,1.0,1.0,0.0,-1.0,-1.0,1.0,0.0,15,27,15,21,27,21,0.0,0.0,0.0,0.0,0.0,0.0,3.0,-3.0,-1.0,ROCK,15,126,0.0,0.0,CYCLE_OK,0.16667,0.10358,0.1125,0.0,0.3333,0.3333,0.3333,interior
2026-08-31T12:34:22,22,0.0,-1.0,1.0,1.0,0.0,-1.0,-1.0,1.0,0.0,19,13,19,7,13,7,0.0,0.0,0.0,0.0,0.0,0.0,3.0,-3.0,-1.0,ROCK,7,78,0.0,0.0,CYCLE_OK,0.16667,0.10206,0.125,0.0,0.3333,0.3333,0.3333,interior
2026-08-31T12:34:26,23,0.0,-1.0,1.0,1.0,0.0,-1.0,-1.0,1.0,0.0,17,8,17,26,8,26,0.0,0.0,0.0,0.0,0.0,0.0,3.0,-3.0,-1.0,ROCK,8,102,0.0,0.0,CYCLE_OK,0.16667,0.10358,0.1125,0.0,0.3333,0.3333,0.3333,interior
2026-08-31T12:34:33,24,0.0,-1.0,1.0,1.0,0.0,-1.0,-1.0,1.0,0.0,14,24,14,19,24,19,0.0,0.0,0.0,0.0,0.0,0.0,3.0,-3.0,-1.0,ROCK,14,114,0.0,0.0,CYCLE_OK,0.14167,0.0872,0.1,0.0,0.3333,0.3333,0.3333,interior
2026-08-31T12:34:34,25,0.0,-1.0,1.0,1.0,0.0,-1.0,-1.0,1.0,0.0,7,2,7,12,2,12,0.0,0.0,0.0,0.0,0.0,0.0,3.0,-3.0,-1.0,ROCK,2,42,0.0,0.0,CYCLE_OK,0.14167,0.0872,0.1,0.0,0.3333,0.3333,0.3333,interior
2026-08-31T12:34:46,26,0.0,-1.0,1.0,1.0,0.0,-1.0,-1.0,1.0,0.0,42,34,42,26,34,26,0.0,0.0,0.0,0.0,0.0,0.0,3.0,-3.0,-1.0,ROCK,26,204,0.0,0.0,CYCLE_OK,0.14167,0.0872,0.1,0.0,0.3333,0.3333,0.3333,interior
2026-08-31T12:34:53,27,0.0,-1.0,1.0,1.0,0.0,-1.0,-1.0,1.0,0.0,25,19,25,13,19,13,0.0,0.0,0.0,0.0,0.0,0.0,3.0,-3.0,-1.0,ROCK,13,114,0.0,0.0,CYCLE_OK,0.14167,0.0872,0.1125,0.0,0.3333,0.3333,0.3333,interior
2026-08-31T12:35:00,28,0.0,-1.0,1.0,1.0,0.0,-1.0,-1.0,1.0,0.0,32,24,32,16,24,16,0.0,0.0,0.0,0.0,0.0,0.0,3.0,-3.0,-1.0,ROCK,16,144,0.0,0.0,CYCLE_OK,0.14167,0.0872,0.1125,0.0,0.3333,0.3333,0.3333,interior
2026-08-31T12:35:08,29,0.0,-1.0,1.0,1.0,0.0,-1.0,-1.0,1.0,0.0,23,16,23,30,16,30,0.0,0.0,0.0,0.0,0.0,0.0,3.0,-3.0,-1.0,ROCK,16,138,0.0,0.0,CYCLE_OK,0.14167,0.0872,0.1,0.0,0.3333,0.3333,0.3333,interior
2026-08-31T12:35:13,30,0.0,-1.0,1.0,1.0,0.0,-1.0,-1.0,1.0,0.0,13,6,13,20,6,20,0.0,0.0,0.0,0.0,0.0,0.0,3.0,-3.0,-1.0,ROCK,6,78,0.0,0.0,CYCLE_OK,0.14167,0.0872,0.1,0.0,0.3333,0.3333,0.3333,interior
2026-08-31T12:35:26,31,0.0,-1.0,1.0,1.0,0.0,-1.0,-1.0,1.0,0.0,39,30,39,48,30,48,0.0,0.0,0.0,0.0,0.0,0.0,3.0,-3.0,-1.0,ROCK,30,234,0.0,0.0,CYCLE_OK,0.14167,0.09071,0.0875,0.0,0.3333,0.3333,0.3333,interior
2026-08-31T12:35:33,32,0.0,-1.0,1.0,1.0,0.0,-1.0,-1.0,1.0,0.0,10,28,10,19,28,19,0.0,0.0,0.0,0.0,0.0,0.0,3.0,-3.0,-1.0,ROCK,10,114,0.0,0.0,CYCLE_OK,0.11667,0.0736,0.075,0.0,0.3333,0.3333,0.3333,interior
2026-08-31T12:35:40,33,0.0,-1.0,1.0,1.0,0.0,-1.0,-1.0,1.0,0.0,18,12,18,24,12,24,0.0,0.0,0.0,0.0,0.0,0.0,3.0,-3.0,-1.0,ROCK,12,108,0.0,0.0,CYCLE_OK,0.14167,0.09071,0.0875,0.0,0.3333,0.3333,0.3333,interior
2026-08-31T12:35:44,34,0.0,-1.0,1.0,1.0,0.0,-1.0,-1.0,1.0,0.0,9,4,9,14,4,14,0.0,0.0,0.0,0.0,0.0,0.0,3.0,-3.0,-1.0,ROCK,4,54,0.0,0.0,CYCLE_OK,0.14167,0.09736,0.075,0.0,0.3333,0.3333,0.3333,interior
2026-08-31T12:35:50,35,0.0,-1.0,1.0,1.0,0.0,-1.0,-1.0,1.0,0.0,25,18,25,11,18,11,0.0,0.0,0.0,0.0,0.0,0.0,3.0,-3.0,-1.0,ROCK,11,108,0.0,0.0,CYCLE_OK,0.14167,0.09736,0.075,0.0,0.3333,0.3333,0.3333,interior
2026-08-31T12:36:00,36,0.0,-1.0,1.0,1.0,0.0,-1.0,-1.0,1.0,0.0,21,15,21,27,15,27,0.0,0.0,0.0,0.0,0.0,0.0,3.0,-3.0,-1.0,ROCK,15,126,0.0,0.0,CYCLE_OK,0.15833,0.10656,0.0875,0.0,0.3333,0.3333,0.3333,interior
2026-08-31T12:36:04,37,0.0,-1.0,1.0,1.0,0.0,-1.0,-1.0,1.0,0.0,9,3,9,15,3,15,0.0,0.0,0.0,0.0,0.0,0.0,3.0,-3.0,-1.0,ROCK,3,54,0.0,0.0,CYCLE_OK,0.18333,0.1177,0.1125,0.0,0.3333,0.3333,0.3333,interior
2026-08-31T12:36:13,38,0.0,-1.0,1.0,1.0,0.0,-1.0,-1.0,1.0,0.0,30,23,30,16,23,16,0.0,0.0,0.0,0.0,0.0,0.0,3.0,-3.0,-1.0,ROCK,16,138,0.0,0.0,CYCLE_OK,0.18333,0.12416,0.1,0.0,0.3333,0.3333,0.3333,interior
2026-08-31T12:36:27,39,0.0,-1.0,1.0,1.0,0.0,-1.0,-1.0,1.0,0.0,35,26,35,44,26,44,0.0,0.0,0.0,0.0,0.0,0.0,3.0,-3.0,-1.0,ROCK,26,210,0.0,0.0,CYCLE_OK,0.20833,0.14179,0.1125,0.0,0.3333,0.3333,0.3333,interior
2026-08-31T12:36:32,40,0.0,-1.0,1.0,1.0,0.0,-1.0,-1.0,1.0,0.0,9,21,9,15,21,15,0.0,0.0,0.0,0.0,0.0,0.0,3.0,-3.0,-1.0,ROCK,9,90,0.0,0.0,CYCLE_OK,0.20833,0.13502,0.125,0.0,0.3333,0.3333,0.3333,interior
2026-08-31T12:36:38,41,0.0,-1.0,1.0,1.0,0.0,-1.0,-1.0,1.0,0.0,8,22,8,15,22,15,0.0,0.0,0.0,0.0,0.0,0.0,3.0,-3.0,-1.0,ROCK,8,90,0.0,0.0,CYCLE_OK,0.20833,0.1303,0.1375,0.0,0.3333,0.3333,0.3333,interior
2026-08-31T12:36:43,42,0.0,-1.0,1.0,1.0,0.0,-1.0,-1.0,1.0,0.0,14,8,14,20,8,20,0.0,0.0,0.0,0.0,0.0,0.0,3.0,-3.0,-1.0,ROCK,8,84,0.0,0.0,CYCLE_OK,0.23333,0.1472,0.15,0.0,0.3333,0.3333,0.3333,interior
2026-08-31T12:36:46,43,0.0,-1.0,1.0,1.0,0.0,-1.0,-1.0,1.0,0.0,8,2,8,14,2,14,0.0,0.0,0.0,0.0,0.0,0.0,3.0,-3.0,-1.0,ROCK,2,48,0.0,0.0,CYCLE_OK,0.23333,0.1472,0.15,0.0,0.3333,0.3333,0.3333,interior
2026-08-31T12:36:54,44,0.0,-1.0,1.0,1.0,0.0,-1.0,-1.0,1.0,0.0,12,22,12,17,22,17,0.0,0.0,0.0,0.0,0.0,0.0,3.0,-3.0,-1.0,ROCK,12,102,0.0,0.0,CYCLE_OK,0.23333,0.1472,0.15,0.0,0.3333,0.3333,0.3333,interior
2026-08-31T12:36:59,45,0.0,-1.0,1.0,1.0,0.0,-1.0,-1.0,1.0,0.0,24,18,24,30,18,30,0.0,0.0,0.0,0.0,0.0,0.0,3.0,-3.0,-1.0,ROCK,18,144,0.0,0.0,CYCLE_OK,0.23333,0.1472,0.15,0.0,0.3333,0.3333,0.3333,interior
2026-08-31T12:37:11,46,0.0,-1.0,1.0,1.0,0.0,-1.0,-1.0,1.0,0.0,30,24,30,36,24,36,0.0,0.0,0.0,0.0,0.0,0.0,3.0,-3.0,-1.0,ROCK,24,180,0.0,0.0,CYCLE_OK,0.25833,0.16425,0.1625,0.0,0.3333,0.3333,0.3333,interior
2026-08-31T12:37:23,47,0.0,-1.0,1.0,1.0,0.0,-1.0,-1.0,1.0,0.0,30,44,30,37,44,37,0.0,0.0,0.0,0.0,0.0,0.0,3.0,-3.0,-1.0,ROCK,30,222,0.0,0.0,CYCLE_OK,0.25833,0.1604,0.175,0.0,0.3333,0.3333,0.3333,interior
2026-08-31T12:37:38,48,0.0,-1.0,1.0,1.0,0.0,-1.0,-1.0,1.0,0.0,32,46,32,39,46,39,0.0,0.0,0.0,0.0,0.0,0.0,3.0,-3.0,-1.0,ROCK,32,234,0.0,0.0,CYCLE_OK,0.25833,0.1604,0.175,0.0,0.3333,0.3333,0.3333,interior
2026-08-31T12:37:42,49,0.0,-1.0,1.0,1.0,0.0,-1.0,-1.0,1.0,0.0,9,2,9,16,2,16,0.0,0.0,0.0,0.0,0.0,0.0,3.0,-3.0,-1.0,ROCK,2,54,0.0,0.0,CYCLE_OK,0.25833,0.1604,0.175,0.0,0.3333,0.3333,0.3333,interior
2026-08-31T12:37:47,50,0.0,-1.0,1.0,1.0,0.0,-1.0,-1.0,1.0,0.0,17,8,17,26,8,26,0.0,0.0,0.0,0.0,0.0,0.0,3.0,-3.0,-1.0,ROCK,8,102,0.0,0.0,CYCLE_OK,0.25833,0.1604,0.175,0.0,0.3333,0.3333,0.3333,interior
2026-08-31T12:41:33,1,0.0,-1.0,1.0,1.0,0.0,-1.0,-1.0,1.0,0.0,13,6,13,20,6,20,0.0,0.0,0.0,0.0,0.0,0.0,3.0,-3.0,-1.0,ROCK,6,78,0.0,0.0,CYCLE_OK,0.28333,0.17707,0.1875,0.0,0.3333,0.3333,0.3333,interior
2026-08-31T12:41:37,2,0.0,-1.0,1.0,1.0,0.0,-1.0,-1.0,1.0,0.0,11,6,11,16,6,16,0.0,0.0,0.0,0.0,0.0,0.0,3.0,-3.0,-1.0,ROCK,6,66,0.0,0.0,CYCLE_OK,0.28333,0.17707,0.1875,0.0,0.3333,0.3333,0.3333,interior
2026-08-31T12:41:49,3,0.0,-1.0,1.0,1.0,0.0,-1.0,-1.0,1.0,0.0,34,25,34,43,25,43,0.0,0.0,0.0,0.0,0.0,0.0,3.0,-3.0,-1.0,ROCK,25,204,0.0,0.0,CYCLE_OK,0.30833,0.19392,0.2,0.0,0.3333,0.3333,0.3333,interior
2026-08-31T12:41:54,4,0.0,-1.0,1.0,1.0,0.0,-1.0,-1.0,1.0,0.0,16,9,16,23,9,23,0.0,0.0,0.0,0.0,0.0,0.0,3.0,-3.0,-1.0,ROCK,9,96,0.0,0.0,CYCLE_OK,0.33333,0.2109,0.2125,0.0,0.3333,0.3333,0.3333,interior
2026-08-31T12:41:57,5,0.0,-1.0,1.0,1.0,0.0,-1.0,-1.0,1.0,0.0,10,3,10,17,3,17,0.0,0.0,0.0,0.0,0.0,0.0,3.0,-3.0,-1.0,ROCK,3,60,0.0,0.0,CYCLE_OK,0.35833,0.22384,0.2375,0.0,0.3333,0.3333,0.3333,interior
2026-08-31T12:42:18,6,0.0,-1.0,1.0,1.0,0.0,-1.0,-1.0,1.0,0.0,43,35,43,51,35,51,0.0,0.0,0.0,0.0,0.0,0.0,3.0,-3.0,-1.0,ROCK,35,258,0.0,0.0,CYCLE_OK,0.38333,0.23739,0.2625,0.0,0.3333,0.3333,0.3333,interior
2026-08-31T12:42:30,7,0.0,-1.0,1.0,1.0,0.0,-1.0,-1.0,1.0,0.0,36,27,36,18,27,18,0.0,0.0,0.0,0.0,0.0,0.0,3.0,-3.0,-1.0,ROCK,18,162,0.0,0.0,CYCLE_OK,0.35833,0.22384,0.2375,0.0,0.3333,0.3333,0.3333,interior
2026-08-31T12:42:43,8,0.0,-1.0,1.0,1.0,0.0,-1.0,-1.0,1.0,0.0,34,25,34,43,25,43,0.0,0.0,0.0,0.0,0.0,0.0,3.0,-3.0,-1.0,ROCK,25,204,0.0,0.0,CYCLE_OK,0.35833,0.22384,0.2375,0.0,0.3333,0.3333,0.3333,interior
2026-08-31T12:43:00,9,0.0,-1.0,1.0,1.0,0.0,-1.0,-1.0,1.0,0.0,53,44,53,35,44,35,0.0,0.0,0.0,0.0,0.0,0.0,3.0,-3.0,-1.0,ROCK,35,264,0.0,0.0,CYCLE_OK,0.33333,0.2109,0.2125,0.0,0.3333,0.3333,0.3333,interior
2026-08-31T12:43:08,10,0.0,-1.0,1.0,1.0,0.0,-1.0,-1.0,1.0,0.0,11,27,11,19,27,19,0.0,0.0,0.0,0.0,0.0,0.0,3.0,-3.0,-1.0,ROCK,11,114,0.0,0.0,CYCLE_OK,0.30833,0.19392,0.2,0.0,0.3333,0.3333,0.3333,interior
2026-08-31T12:43:12,11,0.0,-1.0,1.0,1.0,0.0,-1.0,-1.0,1.0,0.0,3,19,3,11,19,11,0.0,0.0,0.0,0.0,0.0,0.0,3.0,-3.0,-1.0,ROCK,3,66,0.0,0.0,CYCLE_OK,0.30833,0.19067,0.2125,0.0,0.3333,0.3333,0.3333,interior
2026-08-31T12:43:23,12,0.0,-1.0,1.0,1.0,0.0,-1.0,-1.0,1.0,0.0,28,46,28,37,46,37,0.0,0.0,0.0,0.0,0.0,0.0,3.0,-3.0,-1.0,ROCK,28,222,0.0,0.0,CYCLE_OK,0.28333,0.1744,0.2,0.0,0.3333,0.3333,0.3333,interior
2026-08-31T12:43:40,13,0.0,-1.0,1.0,1.0,0.0,-1.0,-1.0,1.0,0.0,54,46,54,62,46,62,0.0,0.0,0.0,0.0,0.0,0.0,3.0,-3.0,-1.0,ROCK,46,324,0.0,0.0,CYCLE_OK,0.30833,0.18902,0.225,0.0,0.3333,0.3333,0.3333,interior
2026-08-31T12:43:56,14,0.0,-1.0,1.0,1.0,0.0,-1.0,-1.0,1.0,0.0,48,39,48,30,39,30,0.0,0.0,0.0,0.0,0.0,0.0,3.0,-3.0,-1.0,ROCK,30,234,0.0,0.0,CYCLE_OK,0.30833,0.18902,0.225,0.0,0.3333,0.3333,0.3333,interior
2026-08-31T12:44:05,15,0.0,-1.0,1.0,1.0,0.0,-1.0,-1.0,1.0,0.0,22,16,22,28,16,28,0.0,0.0,0.0,0.0,0.0,0.0,3.0,-3.0,-1.0,ROCK,16,132,0.0,0.0,CYCLE_OK,0.33333,0.20412,0.25,0.0,0.3333,0.3333,0.3333,interior
2026-08-31T12:44:16,16,0.0,-1.0,1.0,1.0,0.0,-1.0,-1.0,1.0,0.0,33,24,33,15,24,15,0.0,0.0,0.0,0.0,0.0,0.0,3.0,-3.0,-1.0,ROCK,15,144,0.0,0.0,CYCLE_OK,0.30833,0.18902,0.225,0.0,0.3333,0.3333,0.3333,interior
2026-08-31T12:44:18,17,0.0,-1.0,0.0,1.0,0.0,-1.0,0.0,1.0,0.0,7,0,7,14,0,14,-0.5,0.0,0.5,1.41421,0.08839,0.0,2.0,-2.0,0.0,SCISSORS,0,42,1.0,0.5,CYCLE_OK,0.5,0.35355,0.25,0.0,0.5,0.0,0.5,interior
2026-08-31T12:44:23,18,0.0,-1.0,1.0,1.0,0.0,-1.0,-1.0,1.0,0.0,8,18,8,13,18,13,0.0,0.0,0.0,1.41421,0.17678,0.0,3.0,-3.0,-1.0,ROCK,8,78,0.0,0.0,CYCLE_OK,0.30833,0.18902,0.2375,0.0,0.3333,0.3333,0.3333,interior
2026-08-31T12:44:28,19,0.0,-1.0,1.0,1.0,0.0,-1.0,-1.0,1.0,0.0,8,24,8,16,24,16,0.0,0.0,0.0,0.0,0.17678,0.0,3.0,-3.0,-1.0,ROCK,8,96,0.0,0.0,CYCLE_OK,0.30833,0.18902,0.2375,0.0,0.3333,0.3333,0.3333,interior
2026-08-31T12:44:32,20,0.0,-1.0,1.0,1.0,0.0,-1.0,-1.0,1.0,0.0,9,3,9,15,3,15,0.0,0.0,0.0,0.0,0.17678,0.0,3.0,-3.0,-1.0,ROCK,3,54,0.0,0.0,CYCLE_OK,0.33333,0.20489,0.2625,0.0,0.3333,0.3333,0.3333,interior
2026-08-31T12:44:35,21,0.0,-1.0,1.0,1.0,0.0,-1.0,-1.0,1.0,0.0,10,4,10,16,4,16,0.0,0.0,0.0,0.0,0.17678,0.0,3.0,-3.0,-1.0,ROCK,4,60,0.0,0.0,CYCLE_OK,0.35833,0.22103,0.2875,0.0,0.3333,0.3333,0.3333,interior
2026-08-31T12:44:41,22,0.0,-1.0,1.0,1.0,0.0,-1.0,-1.0,1.0,0.0,10,20,10,15,20,15,0.0,0.0,0.0,0.0,0.17678,0.0,3.0,-3.0,-1.0,ROCK,10,90,0.0,0.0,CYCLE_OK,0.33333,0.20716,0.275,0.0,0.3333,0.3333,0.3333,interior
2026-08-31T12:44:48,23,0.0,-1.0,1.0,1.0,0.0,-1.0,-1.0,1.0,0.0,16,34,16,25,34,25,0.0,0.0,0.0,0.0,0.17678,0.0,3.0,-3.0,-1.0,ROCK,16,150,0.0,0.0,CYCLE_OK,0.33333,0.2109,0.2875,0.0,0.3333,0.3333,0.3333,interior
2026-08-31T12:44:50,24,0.0,-1.0,1.0,1.0,0.0,-1.0,-1.0,1.0,0.0,8,2,8,14,2,14,0.0,0.0,0.0,0.0,0.17678,0.0,3.0,-3.0,-1.0,ROCK,2,48,0.0,0.0,CYCLE_OK,0.33333,0.2109,0.2875,0.0,0.3333,0.3333,0.3333,interior
2026-08-31T12:44:56,25,0.0,-1.0,1.0,1.0,0.0,-1.0,-1.0,1.0,0.0,7,21,7,14,21,14,0.0,0.0,0.0,0.0,0.17678,0.0,3.0,-3.0,-1.0,ROCK,7,84,0.0,0.0,CYCLE_OK,0.30833,0.19869,0.275,0.0,0.3333,0.3333,0.3333,interior
2026-08-31T12:45:07,26,0.0,-1.0,1.0,1.0,0.0,-1.0,-1.0,1.0,0.0,23,18,23,28,18,28,0.0,0.0,0.0,0.0,0.17678,0.0,3.0,-3.0,-1.0,ROCK,18,138,0.0,0.0,CYCLE_OK,0.33333,0.2109,0.2875,0.0,0.3333,0.3333,0.3333,interior
2026-08-31T12:45:10,27,0.0,-1.0,1.0,1.0,0.0,-1.0,-1.0,1.0,0.0,10,5,10,15,5,15,0.0,0.0,0.0,0.0,0.17678,0.0,3.0,-3.0,-1.0,ROCK,5,60,0.0,0.0,CYCLE_OK,0.35833,0.22384,0.3,0.0,0.3333,0.3333,0.3333,interior
2026-08-31T12:45:16,28,0.0,-1.0,1.0,1.0,0.0,-1.0,-1.0,1.0,0.0,8,22,8,15,22,15,0.0,0.0,0.0,0.0,0.17678,0.0,3.0,-3.0,-1.0,ROCK,8,90,0.0,0.0,CYCLE_OK,0.35833,0.22384,0.3,0.0,0.3333,0.3333,0.3333,interior
2026-08-31T12:45:20,29,0.0,-1.0,1.0,1.0,0.0,-1.0,-1.0,1.0,0.0,5,17,5,11,17,11,0.0,0.0,0.0,0.0,0.17678,0.0,3.0,-3.0,-1.0,ROCK,5,66,0.0,0.0,CYCLE_OK,0.33333,0.2109,0.2875,0.0,0.3333,0.3333,0.3333,interior
2026-08-31T12:45:24,30,0.0,-1.0,1.0,1.0,0.0,-1.0,-1.0,1.0,0.0,14,8,14,2,8,2,0.0,0.0,0.0,0.0,0.17678,0.0,3.0,-3.0,-1.0,ROCK,2,48,0.0,0.0,CYCLE_OK,0.33333,0.2109,0.2875,0.0,0.3333,0.3333,0.3333,interior
2026-08-31T12:45:34,31,0.0,-1.0,1.0,1.0,0.0,-1.0,-1.0,1.0,0.0,9,23,9,16,23,16,0.0,0.0,0.0,0.0,0.17678,0.0,3.0,-3.0,-1.0,ROCK,9,96,0.0,0.0,CYCLE_OK,0.33333,0.21602,0.3,0.0,0.3333,0.3333,0.3333,interior
2026-08-31T12:45:39,32,0.0,-1.0,1.0,1.0,0.0,-1.0,-1.0,1.0,0.0,12,6,12,18,6,18,0.0,0.0,0.0,0.0,0.17678,0.0,3.0,-3.0,-1.0,ROCK,6,72,0.0,0.0,CYCLE_OK,0.33333,0.21602,0.3,0.0,0.3333,0.3333,0.3333,interior
2026-08-31T12:45:48,33,0.0,-1.0,1.0,1.0,0.0,-1.0,-1.0,1.0,0.0,14,24,14,19,24,19,0.0,0.0,0.0,0.0,0.08839,0.0,3.0,-3.0,-1.0,ROCK,14,114,0.0,0.0,CYCLE_OK,0.33333,0.21602,0.3,0.0,0.3333,0.3333,0.3333,interior
2026-08-31T12:45:58,34,0.0,-1.0,1.0,1.0,0.0,-1.0,-1.0,1.0,0.0,40,31,40,22,31,22,0.0,0.0,0.0,0.0,0.0,0.0,3.0,-3.0,-1.0,ROCK,22,186,0.0,0.0,CYCLE_OK,0.33333,0.2109,0.2875,0.0,0.3333,0.3333,0.3333,interior
2026-08-31T12:46:09,35,0.0,-1.0,1.0,1.0,0.0,-1.0,-1.0,1.0,0.0,32,26,32,20,26,20,0.0,0.0,0.0,0.0,0.0,0.0,3.0,-3.0,-1.0,ROCK,20,156,0.0,0.0,CYCLE_OK,0.33333,0.2109,0.2875,0.0,0.3333,0.3333,0.3333,interior
2026-08-31T12:46:18,36,0.0,-1.0,1.0,1.0,0.0,-1.0,-1.0,1.0,0.0,20,15,20,10,15,10,0.0,0.0,0.0,0.0,0.0,0.0,3.0,-3.0,-1.0,ROCK,10,90,0.0,0.0,CYCLE_OK,0.30833,0.19392,0.2625,0.0,0.3333,0.3333,0.3333,interior
2026-08-31T12:46:22,37,0.0,-1.0,1.0,1.0,0.0,-1.0,-1.0,1.0,0.0,12,6,12,18,6,18,0.0,0.0,0.0,0.0,0.0,0.0,3.0,-3.0,-1.0,ROCK,6,72,0.0,0.0,CYCLE_OK,0.33333,0.2109,0.2875,0.0,0.3333,0.3333,0.3333,interior
2026-08-31T12:46:26,38,0.0,-1.0,1.0,1.0,0.0,-1.0,-1.0,1.0,0.0,7,21,7,14,21,14,0.0,0.0,0.0,0.0,0.0,0.0,3.0,-3.0,-1.0,ROCK,7,84,0.0,0.0,CYCLE_OK,0.30833,0.19869,0.275,0.0,0.3333,0.3333,0.3333,interior
2026-08-31T12:46:29,39,0.0,-1.0,1.0,1.0,0.0,-1.0,-1.0,1.0,0.0,11,4,11,18,4,18,0.0,0.0,0.0,0.0,0.0,0.0,3.0,-3.0,-1.0,ROCK,4,66,0.0,0.0,CYCLE_OK,0.30833,0.19869,0.275,0.0,0.3333,0.3333,0.3333,interior
2026-08-31T12:46:37,40,0.0,-1.0,1.0,1.0,0.0,-1.0,-1.0,1.0,0.0,26,17,26,35,17,35,0.0,0.0,0.0,0.0,0.0,0.0,3.0,-3.0,-1.0,ROCK,17,156,0.0,0.0,CYCLE_OK,0.33333,0.2109,0.2875,0.0,0.3333,0.3333,0.3333,interior
2026-08-31T12:46:43,41,0.0,-1.0,1.0,1.0,0.0,-1.0,-1.0,1.0,0.0,18,10,18,26,10,26,0.0,0.0,0.0,0.0,0.0,0.0,3.0,-3.0,-1.0,ROCK,10,108,0.0,0.0,CYCLE_OK,0.35833,0.22799,0.3125,0.0,0.3333,0.3333,0.3333,interior
2026-08-31T12:46:50,42,0.0,-1.0,1.0,1.0,0.0,-1.0,-1.0,1.0,0.0,35,26,35,17,26,17,0.0,0.0,0.0,0.0,0.0,0.0,3.0,-3.0,-1.0,ROCK,17,156,0.0,0.0,CYCLE_OK,0.33333,0.2109,0.2875,0.0,0.3333,0.3333,0.3333,interior
2026-08-31T12:46:59,43,0.0,-1.0,1.0,1.0,0.0,-1.0,-1.0,1.0,0.0,26,17,26,35,17,35,0.0,0.0,0.0,0.0,0.0,0.0,3.0,-3.0,-1.0,ROCK,17,156,0.0,0.0,CYCLE_OK,0.35833,0.22799,0.3125,0.0,0.3333,0.3333,0.3333,interior
2026-08-31T12:47:08,44,0.0,-1.0,1.0,1.0,0.0,-1.0,-1.0,1.0,0.0,26,19,26,33,19,33,0.0,0.0,0.0,0.0,0.0,0.0,3.0,-3.0,-1.0,ROCK,19,156,0.0,0.0,CYCLE_OK,0.35833,0.22799,0.3125,0.0,0.3333,0.3333,0.3333,interior
2026-08-31T12:47:13,45,0.0,-1.0,1.0,1.0,0.0,-1.0,-1.0,1.0,0.0,14,8,14,20,8,20,0.0,0.0,0.0,0.0,0.0,0.0,3.0,-3.0,-1.0,ROCK,8,84,0.0,0.0,CYCLE_OK,0.35833,0.22799,0.3125,0.0,0.3333,0.3333,0.3333,interior
2026-08-31T12:47:21,46,0.0,-1.0,1.0,1.0,0.0,-1.0,-1.0,1.0,0.0,15,9,15,21,9,21,0.0,0.0,0.0,0.0,0.0,0.0,3.0,-3.0,-1.0,ROCK,9,90,0.0,0.0,CYCLE_OK,0.38333,0.24066,0.325,0.0,0.3333,0.3333,0.3333,interior
2026-08-31T12:47:24,47,0.0,-1.0,1.0,1.0,0.0,-1.0,-1.0,1.0,0.0,17,11,17,5,11,5,0.0,0.0,0.0,0.0,0.0,0.0,3.0,-3.0,-1.0,ROCK,5,66,0.0,0.0,CYCLE_OK,0.38333,0.23739,0.3125,0.0,0.3333,0.3333,0.3333,interior
2026-08-31T12:47:27,48,0.0,-1.0,1.0,1.0,0.0,-1.0,-1.0,1.0,0.0,9,2,9,16,2,16,0.0,0.0,0.0,0.0,0.0,0.0,3.0,-3.0,-1.0,ROCK,2,54,0.0,0.0,CYCLE_OK,0.40833,0.25393,0.3375,0.0,0.3333,0.3333,0.3333,interior
2026-08-31T12:47:35,49,0.0,-1.0,1.0,1.0,0.0,-1.0,-1.0,1.0,0.0,20,15,20,10,15,10,0.0,0.0,0.0,0.0,0.0,0.0,3.0,-3.0,-1.0,ROCK,10,90,0.0,0.0,CYCLE_OK,0.38333,0.23739,0.3125,0.0,0.3333,0.3333,0.3333,interior
2026-08-31T12:47:39,50,0.0,-1.0,1.0,1.0,0.0,-1.0,-1.0,1.0,0.0,16,10,16,4,10,4,0.0,0.0,0.0,0.0,0.0,0.0,3.0,-3.0,-1.0,ROCK,4,60,0.0,0.0,CYCLE_OK,0.35833,0.22103,0.2875,0.0,0.3333,0.3333,0.3333,interior
2026-08-31T13:01:22,1,0.0,-1.0,1.0,1.0,0.0,-1.0,-1.0,1.0,0.0,25,17,25,33,17,33,0.0,0.0,0.0,0.0,0.0,0.0,3.0,-3.0,-1.0,ROCK,17,150,0.0,0.0,CYCLE_OK,0.38333,0.23541,0.3,0.0,0.3333,0.3333,0.3333,interior
2026-08-31T13:02:01,2,0.0,-1.0,1.0,1.0,0.0,-1.0,-1.0,1.0,0.0,82,79,82,89,79,89,0.0,0.0,0.0,0.0,0.0,0.0,3.0,-3.0,-1.0,ROCK,79,500,0.0,0.0,CYCLE_OK,0.38333,0.23541,0.3,0.0,0.3333,0.3333,0.3333,interior
2026-08-31T13:02:28,3,0.0,-1.0,1.0,1.0,0.0,-1.0,-1.0,1.0,0.0,64,58,64,60,58,60,0.0,0.0,0.0,0.0,0.0,0.0,3.0,-3.0,-1.0,ROCK,58,364,0.0,0.0,CYCLE_OK,0.38333,0.23541,0.3,0.0,0.3333,0.3333,0.3333,interior
2026-08-31T13:02:41,4,0.0,-1.0,1.0,1.0,0.0,-1.0,-1.0,1.0,0.0,38,30,38,46,30,46,0.0,0.0,0.0,0.0,0.0,0.0,3.0,-3.0,-1.0,ROCK,30,228,0.0,0.0,CYCLE_OK,0.40833,0.25145,0.325,0.0,0.3333,0.3333,0.3333,interior
2026-08-31T13:03:06,5,0.0,-1.0,1.0,1.0,0.0,-1.0,-1.0,1.0,0.0,78,69,78,87,69,87,0.0,0.0,0.0,0.0,0.0,0.0,3.0,-3.0,-1.0,ROCK,69,468,0.0,0.0,CYCLE_OK,0.40833,0.25145,0.325,0.0,0.3333,0.3333,0.3333,interior
2026-08-31T13:03:14,6,0.0,-1.0,1.0,1.0,0.0,-1.0,-1.0,1.0,0.0,31,22,31,13,22,13,0.0,0.0,0.0,0.0,0.0,0.0,3.0,-3.0,-1.0,ROCK,13,132,0.0,0.0,CYCLE_OK,0.40833,0.25021,0.3125,0.0,0.3333,0.3333,0.3333,interior
2026-08-31T13:03:18,7,0.0,-1.0,1.0,1.0,0.0,-1.0,-1.0,1.0,0.0,17,12,17,7,12,7,0.0,0.0,0.0,0.0,0.0,0.0,3.0,-3.0,-1.0,ROCK,7,72,0.0,0.0,CYCLE_OK,0.38333,0.23474,0.2875,0.0,0.3333,0.3333,0.3333,interior
2026-08-31T13:03:23,8,0.0,-1.0,1.0,1.0,0.0,-1.0,-1.0,1.0,0.0,22,14,22,6,14,6,0.0,0.0,0.0,0.0,0.0,0.0,3.0,-3.0,-1.0,ROCK,6,84,0.0,0.0,CYCLE_OK,0.38333,0.23474,0.2875,0.0,0.3333,0.3333,0.3333,interior
2026-08-31T13:03:31,9,0.0,-1.0,1.0,1.0,0.0,-1.0,-1.0,1.0,0.0,25,18,25,32,18,32,0.0,0.0,0.0,0.0,0.0,0.0,3.0,-3.0,-1.0,ROCK,18,150,0.0,0.0,CYCLE_OK,0.40833,0.25021,0.3125,0.0,0.3333,0.3333,0.3333,interior
2026-08-31T13:03:38,10,0.0,-1.0,1.0,1.0,0.0,-1.0,-1.0,1.0,0.0,34,25,34,16,25,16,0.0,0.0,0.0,0.0,0.0,0.0,3.0,-3.0,-1.0,ROCK,16,150,0.0,0.0,CYCLE_OK,0.40833,0.25021,0.3125,0.0,0.3333,0.3333,0.3333,interior
2026-08-31T13:03:42,11,0.0,-1.0,1.0,1.0,0.0,-1.0,-1.0,1.0,0.0,11,5,11,17,5,17,0.0,0.0,0.0,0.0,0.0,0.0,3.0,-3.0,-1.0,ROCK,5,66,0.0,0.0,CYCLE_OK,0.40833,0.25021,0.3125,0.0,0.3333,0.3333,0.3333,interior
2026-08-31T13:03:49,12,0.0,-1.0,1.0,1.0,0.0,-1.0,-1.0,1.0,0.0,10,26,10,18,26,18,0.0,0.0,0.0,0.0,0.0,0.0,3.0,-3.0,-1.0,ROCK,10,108,0.0,0.0,CYCLE_OK,0.38333,0.23541,0.3,0.0,0.3333,0.3333,0.3333,interior
2026-08-31T13:04:11,13,0.0,-1.0,1.0,1.0,0.0,-1.0,-1.0,1.0,0.0,43,61,43,52,61,52,0.0,0.0,0.0,0.0,0.0,0.0,3.0,-3.0,-1.0,ROCK,43,312,0.0,0.0,CYCLE_OK,0.35833,0.22103,0.2875,0.0,0.3333,0.3333,0.3333,interior
2026-08-31T13:04:22,14,0.0,-1.0,1.0,1.0,0.0,-1.0,-1.0,1.0,0.0,31,25,31,37,25,37,0.0,0.0,0.0,0.0,0.0,0.0,3.0,-3.0,-1.0,ROCK,25,186,0.0,0.0,CYCLE_OK,0.38333,0.23541,0.3,0.0,0.3333,0.3333,0.3333,interior
2026-08-31T13:04:29,15,0.0,-1.0,1.0,1.0,0.0,-1.0,-1.0,1.0,0.0,21,16,21,26,16,26,0.0,0.0,0.0,0.0,0.0,0.0,3.0,-3.0,-1.0,ROCK,16,126,0.0,0.0,CYCLE_OK,0.38333,0.23541,0.3,0.0,0.3333,0.3333,0.3333,interior
2026-08-31T13:04:36,16,0.0,-1.0,1.0,1.0,0.0,-1.0,-1.0,1.0,0.0,8,18,8,13,18,13,0.0,0.0,0.0,0.0,0.0,0.0,3.0,-3.0,-1.0,ROCK,8,78,0.0,0.0,CYCLE_OK,0.35833,0.22103,0.2875,0.0,0.3333,0.3333,0.3333,interior
2026-08-31T13:04:45,17,0.0,-1.0,1.0,1.0,0.0,-1.0,-1.0,1.0,0.0,24,17,24,31,17,31,0.0,0.0,0.0,0.0,0.0,0.0,3.0,-3.0,-1.0,ROCK,17,144,0.0,0.0,CYCLE_OK,0.38333,0.23739,0.3125,0.0,0.3333,0.3333,0.3333,interior
2026-08-31T13:04:52,18,0.0,-1.0,1.0,1.0,0.0,-1.0,-1.0,1.0,0.0,12,30,12,21,30,21,0.0,0.0,0.0,0.0,0.0,0.0,3.0,-3.0,-1.0,ROCK,12,126,0.0,0.0,CYCLE_OK,0.35833,0.22384,0.3,0.0,0.3333,0.3333,0.3333,interior
2026-08-31T13:05:11,19,0.0,-1.0,1.0,1.0,0.0,-1.0,-1.0,1.0,0.0,41,33,41,49,33,49,0.0,0.0,0.0,0.0,0.0,0.0,3.0,-3.0,-1.0,ROCK,33,246,0.0,0.0,CYCLE_OK,0.35833,0.22384,0.3,0.0,0.3333,0.3333,0.3333,interior
2026-08-31T13:05:26,20,0.0,-1.0,1.0,1.0,0.0,-1.0,-1.0,1.0,0.0,52,44,52,60,44,60,0.0,0.0,0.0,0.0,0.0,0.0,3.0,-3.0,-1.0,ROCK,44,312,0.0,0.0,CYCLE_OK,0.38333,0.24066,0.325,0.0,0.3333,0.3333,0.3333,interior
2026-08-31T14:31:42,1,0.0,0.0,0.0,0.0,0.0,0.0,0.0,0.0,0.0,0,0,0,0,0,0,0.0,0.0,0.0,0.0,0.0,0.0,0.0,0.0,0.0,ROCK,0,0,0.0,0.0,SPARSE,0.38333,0.24066,0.0,0.0,0.3333,0.3333,0.3333,singular
2026-08-31T14:32:24,2,0.0,0.0,0.0,0.0,0.0,0.0,0.0,0.0,0.0,0,0,0,0,0,0,0.0,0.0,0.0,0.0,0.0,0.0,0.0,0.0,0.0,ROCK,0,0,0.0,0.0,SPARSE,0.35833,0.22384,0.0,0.0,0.3333,0.3333,0.3333,singular
2026-08-31T14:33:35,3,0.0,0.0,0.0,0.0,0.0,0.0,0.0,0.0,0.0,0,0,0,0,0,0,0.0,0.0,0.0,0.0,0.0,0.0,0.0,0.0,0.0,ROCK,0,0,0.0,0.0,SPARSE,0.38333,0.23739,0.0,0.0,0.3333,0.3333,0.3333,singular
2026-08-31T14:34:46,4,0.0,0.0,0.0,0.0,0.0,0.0,0.0,0.0,0.0,0,0,0,0,0,0,0.0,0.0,0.0,0.0,0.0,0.0,0.0,0.0,0.0,ROCK,0,0,0.0,0.0,SPARSE,0.38333,0.23541,0.0,0.0,0.3333,0.3333,0.3333,singular
2026-08-31T14:35:45,5,0.0,0.0,0.0,0.0,0.0,0.0,0.0,0.0,0.0,0,0,0,0,0,0,0.0,0.0,0.0,0.0,0.0,0.0,0.0,0.0,0.0,ROCK,0,0,0.0,0.0,SPARSE,0.38333,0.23541,0.0,0.0,0.3333,0.3333,0.3333,singular
2026-08-31T14:36:30,6,0.0,0.0,0.0,0.0,0.0,0.0,0.0,0.0,0.0,0,0,0,0,0,0,0.0,0.0,0.0,0.0,0.0,0.0,0.0,0.0,0.0,ROCK,0,0,0.0,0.0,SPARSE,0.35833,0.21961,0.0,0.0,0.3333,0.3333,0.3333,singular
2026-08-31T14:38:59,7,0.0,0.0,0.0,0.0,0.0,0.0,0.0,0.0,0.0,0,0,0,0,0,0,0.0,0.0,0.0,0.0,0.0,0.0,0.0,0.0,0.0,ROCK,0,0,0.0,0.0,SPARSE,0.35833,0.21961,0.0,0.0,0.3333,0.3333,0.3333,singular
2026-08-31T14:39:47,8,0.0,0.0,0.0,0.0,0.0,0.0,0.0,0.0,0.0,0,0,0,0,0,0,0.0,0.0,0.0,0.0,0.0,0.0,0.0,0.0,0.0,ROCK,0,0,0.0,0.0,SPARSE,0.33333,0.20412,0.0,0.0,0.3333,0.3333,0.3333,singular
2026-08-31T14:43:09,9,0.0,0.0,0.0,0.0,0.0,0.0,0.0,0.0,0.0,0,0,0,0,0,0,0.0,0.0,0.0,0.0,0.0,0.0,0.0,0.0,0.0,ROCK,0,0,0.0,0.0,SPARSE,0.33333,0.20412,0.0,0.0,0.3333,0.3333,0.3333,singular
2026-08-31T14:43:51,10,0.0,0.0,0.0,0.0,0.0,0.0,0.0,0.0,0.0,0,0,0,0,0,0,0.0,0.0,0.0,0.0,0.0,0.0,0.0,0.0,0.0,ROCK,0,0,0.0,0.0,SPARSE,0.35833,0.21961,0.0,0.0,0.3333,0.3333,0.3333,singular
2026-08-31T14:46:10,11,0.0,0.0,0.0,0.0,0.0,0.0,0.0,0.0,0.0,0,0,0,0,0,0,0.0,0.0,0.0,0.0,0.0,0.0,0.0,0.0,0.0,ROCK,0,0,0.0,0.0,SPARSE,0.35833,0.22103,0.0,0.0,0.3333,0.3333,0.3333,singular
2026-08-31T14:48:53,12,0.0,0.0,0.0,0.0,0.0,0.0,0.0,0.0,0.0,0,0,0,0,0,0,0.0,0.0,0.0,0.0,0.0,0.0,0.0,0.0,0.0,ROCK,0,0,0.0,0.0,SPARSE,0.35833,0.22103,0.0,0.0,0.3333,0.3333,0.3333,singular
2026-08-31T14:50:20,13,0.0,0.0,0.0,0.0,0.0,0.0,0.0,0.0,0.0,0,0,0,0,0,0,0.0,0.0,0.0,0.0,0.0,0.0,0.0,0.0,0.0,ROCK,0,0,0.0,0.0,SPARSE,0.33333,0.20716,0.0,0.0,0.3333,0.3333,0.3333,singular
2026-08-31T14:51:28,14,0.0,0.0,0.0,0.0,0.0,0.0,0.0,0.0,0.0,0,0,0,0,0,0,0.0,0.0,0.0,0.0,0.0,0.0,0.0,0.0,0.0,ROCK,0,0,0.0,0.0,SPARSE,0.30833,0.19392,0.0,0.0,0.3333,0.3333,0.3333,singular
2026-08-31T14:53:57,15,0.0,0.0,0.0,0.0,0.0,0.0,0.0,0.0,0.0,0,0,0,0,0,0,0.0,0.0,0.0,0.0,0.0,0.0,0.0,0.0,0.0,ROCK,0,0,0.0,0.0,SPARSE,0.30833,0.19392,0.0,0.0,0.3333,0.3333,0.3333,singular
2026-08-31T14:55:21,16,0.0,0.0,0.0,0.0,0.0,0.0,0.0,0.0,0.0,0,0,0,0,0,0,0.0,0.0,0.0,0.0,0.0,0.0,0.0,0.0,0.0,ROCK,0,0,0.0,0.0,SPARSE,0.28333,0.17707,0.0,0.0,0.3333,0.3333,0.3333,singular
2026-08-31T14:56:16,17,0.0,0.0,0.0,0.0,0.0,0.0,0.0,0.0,0.0,0,0,0,0,0,0,0.0,0.0,0.0,0.0,0.0,0.0,0.0,0.0,0.0,ROCK,0,0,0.0,0.0,SPARSE,0.25833,0.16425,0.0,0.0,0.3333,0.3333,0.3333,singular
2026-08-31T14:59:28,18,0.0,0.0,0.0,0.0,0.0,0.0,0.0,0.0,0.0,0,0,0,0,0,0,0.0,0.0,0.0,0.0,0.0,0.0,0.0,0.0,0.0,ROCK,0,0,0.0,0.0,SPARSE,0.23333,0.1472,0.0,0.0,0.3333,0.3333,0.3333,singular
2026-08-31T15:00:43,19,0.0,0.0,0.0,0.0,0.0,0.0,0.0,0.0,0.0,0,0,0,0,0,0,0.0,0.0,0.0,0.0,0.0,0.0,0.0,0.0,0.0,ROCK,0,0,0.0,0.0,SPARSE,0.20833,0.13502,0.0,0.0,0.3333,0.3333,0.3333,singular
2026-08-31T15:02:11,20,0.0,0.0,0.0,0.0,0.0,0.0,0.0,0.0,0.0,0,0,0,0,0,0,0.0,0.0,0.0,0.0,0.0,0.0,0.0,0.0,0.0,ROCK,0,0,0.0,0.0,SPARSE,0.20833,0.13502,0.0,0.0,0.3333,0.3333,0.3333,singular
2026-08-31T15:03:10,21,0.0,0.0,0.0,0.0,0.0,0.0,0.0,0.0,0.0,0,0,0,0,0,0,0.0,0.0,0.0,0.0,0.0,0.0,0.0,0.0,0.0,ROCK,0,0,0.0,0.0,SPARSE,0.18333,0.1177,0.0,0.0,0.3333,0.3333,0.3333,singular
2026-08-31T15:04:23,22,0.0,0.0,0.0,0.0,0.0,0.0,0.0,0.0,0.0,0,0,0,0,0,0,0.0,0.0,0.0,0.0,0.0,0.0,0.0,0.0,0.0,ROCK,0,0,0.0,0.0,SPARSE,0.20833,0.1303,0.0,0.0,0.3333,0.3333,0.3333,singular
2026-08-31T15:05:54,23,0.0,0.0,0.0,0.0,0.0,0.0,0.0,0.0,0.0,0,0,0,0,0,0,0.0,0.0,0.0,0.0,0.0,0.0,0.0,0.0,0.0,ROCK,0,0,0.0,0.0,SPARSE,0.23333,0.1472,0.0,0.0,0.3333,0.3333,0.3333,singular
2026-08-31T15:06:36,24,0.0,0.0,0.0,0.0,0.0,0.0,0.0,0.0,0.0,0,0,0,0,0,0,0.0,0.0,0.0,0.0,0.0,0.0,0.0,0.0,0.0,ROCK,0,0,0.0,0.0,SPARSE,0.23333,0.15241,0.0,0.0,0.3333,0.3333,0.3333,singular
2026-08-31T15:07:09,25,0.0,0.0,0.0,0.0,0.0,0.0,0.0,0.0,0.0,0,0,0,0,0,0,0.0,0.0,0.0,0.0,0.0,0.0,0.0,0.0,0.0,ROCK,0,0,0.0,0.0,SPARSE,0.25833,0.16987,0.0,0.0,0.3333,0.3333,0.3333,singular
2026-08-31T15:09:05,26,0.0,0.0,0.0,0.0,0.0,0.0,0.0,0.0,0.0,0,0,0,0,0,0,0.0,0.0,0.0,0.0,0.0,0.0,0.0,0.0,0.0,ROCK,0,0,0.0,0.0,SPARSE,0.25833,0.16987,0.0,0.0,0.3333,0.3333,0.3333,singular
2026-08-31T15:10:51,27,0.0,0.0,0.0,0.0,0.0,0.0,0.0,0.0,0.0,0,0,0,0,0,0,0.0,0.0,0.0,0.0,0.0,0.0,0.0,0.0,0.0,ROCK,0,0,0.0,0.0,SPARSE,0.25833,0.16425,0.0,0.0,0.3333,0.3333,0.3333,singular
2026-08-31T15:12:50,28,0.0,0.0,0.0,0.0,0.0,0.0,0.0,0.0,0.0,0,0,0,0,0,0,0.0,0.0,0.0,0.0,0.0,0.0,0.0,0.0,0.0,ROCK,0,0,0.0,0.0,SPARSE,0.25833,0.16425,0.0,0.0,0.3333,0.3333,0.3333,singular
2026-08-31T15:15:06,29,0.0,0.0,0.0,0.0,0.0,0.0,0.0,0.0,0.0,0,0,0,0,0,0,0.0,0.0,0.0,0.0,0.0,0.0,0.0,0.0,0.0,ROCK,0,0,0.0,0.0,SPARSE,0.28333,0.17707,0.0,0.0,0.3333,0.3333,0.3333,singular
2026-08-31T15:16:18,30,0.0,0.0,0.0,0.0,0.0,0.0,0.0,0.0,0.0,0,0,0,0,0,0,0.0,0.0,0.0,0.0,0.0,0.0,0.0,0.0,0.0,ROCK,0,0,0.0,0.0,SPARSE,0.25833,0.1604,0.0,0.0,0.3333,0.3333,0.3333,singular
2026-08-31T15:16:54,31,0.0,0.0,0.0,0.0,0.0,0.0,0.0,0.0,0.0,0,0,0,0,0,0,0.0,0.0,0.0,0.0,0.0,0.0,0.0,0.0,0.0,ROCK,0,0,0.0,0.0,SPARSE,0.28333,0.17707,0.0,0.0,0.3333,0.3333,0.3333,singular
2026-08-31T15:17:48,32,0.0,0.0,0.0,0.0,0.0,0.0,0.0,0.0,0.0,0,0,0,0,0,0,0.0,0.0,0.0,0.0,0.0,0.0,0.0,0.0,0.0,ROCK,0,0,0.0,0.0,SPARSE,0.30833,0.19392,0.0,0.0,0.3333,0.3333,0.3333,singular
2026-08-31T15:18:26,33,0.0,0.0,0.0,0.0,0.0,0.0,0.0,0.0,0.0,0,0,0,0,0,0,0.0,0.0,0.0,0.0,0.0,0.0,0.0,0.0,0.0,ROCK,0,0,0.0,0.0,SPARSE,0.30833,0.19392,0.0,0.0,0.3333,0.3333,0.3333,singular
2026-08-31T15:19:03,34,0.0,0.0,0.0,0.0,0.0,0.0,0.0,0.0,0.0,0,0,0,0,0,0,0.0,0.0,0.0,0.0,0.0,0.0,0.0,0.0,0.0,ROCK,0,0,0.0,0.0,SPARSE,0.28333,0.17707,0.0,0.0,0.3333,0.3333,0.3333,singular
2026-08-31T15:19:47,35,0.0,0.0,0.0,0.0,0.0,0.0,0.0,0.0,0.0,0,0,0,0,0,0,0.0,0.0,0.0,0.0,0.0,0.0,0.0,0.0,0.0,ROCK,0,0,0.0,0.0,SPARSE,0.28333,0.17707,0.0,0.0,0.3333,0.3333,0.3333,singular
2026-08-31T15:20:38,36,0.0,0.0,0.0,0.0,0.0,0.0,0.0,0.0,0.0,0,0,0,0,0,0,0.0,0.0,0.0,0.0,0.0,0.0,0.0,0.0,0.0,ROCK,0,0,0.0,0.0,SPARSE,0.28333,0.18143,0.0,0.0,0.3333,0.3333,0.3333,singular
2026-08-31T15:21:18,37,0.0,0.0,0.0,0.0,0.0,0.0,0.0,0.0,0.0,0,0,0,0,0,0,0.0,0.0,0.0,0.0,0.0,0.0,0.0,0.0,0.0,ROCK,0,0,0.0,0.0,SPARSE,0.28333,0.18143,0.0,0.0,0.3333,0.3333,0.3333,singular
2026-08-31T15:23:28,38,0.0,0.0,0.0,0.0,0.0,0.0,0.0,0.0,0.0,0,0,0,0,0,0,0.0,0.0,0.0,0.0,0.0,0.0,0.0,0.0,0.0,ROCK,0,0,0.0,0.0,SPARSE,0.28333,0.18736,0.0,0.0,0.3333,0.3333,0.3333,singular
2026-08-31T15:25:52,39,0.0,0.0,0.0,0.0,0.0,0.0,0.0,0.0,0.0,0,0,0,0,0,0,0.0,0.0,0.0,0.0,0.0,0.0,0.0,0.0,0.0,ROCK,0,0,0.0,0.0,SPARSE,0.25833,0.17707,0.0,0.0,0.3333,0.3333,0.3333,singular
2026-08-31T15:26:31,40,0.0,0.0,0.0,0.0,0.0,0.0,0.0,0.0,0.0,0,0,0,0,0,0,0.0,0.0,0.0,0.0,0.0,0.0,0.0,0.0,0.0,ROCK,0,0,0.0,0.0,SPARSE,0.25833,0.17707,0.0,0.0,0.3333,0.3333,0.3333,singular
2026-08-31T15:29:18,41,0.0,0.0,0.0,0.0,0.0,0.0,0.0,0.0,0.0,0,0,0,0,0,0,0.0,0.0,0.0,0.0,0.0,0.0,0.0,0.0,0.0,ROCK,0,0,0.0,0.0,SPARSE,0.28333,0.19472,0.0,0.0,0.3333,0.3333,0.3333,singular
2026-08-31T15:30:30,42,0.0,0.0,0.0,0.0,0.0,0.0,0.0,0.0,0.0,0,0,0,0,0,0,0.0,0.0,0.0,0.0,0.0,0.0,0.0,0.0,0.0,ROCK,0,0,0.0,0.0,SPARSE,0.28333,0.19472,0.0,0.0,0.3333,0.3333,0.3333,singular
2026-08-31T15:31:15,43,0.0,0.0,0.0,0.0,0.0,0.0,0.0,0.0,0.0,0,0,0,0,0,0,0.0,0.0,0.0,0.0,0.0,0.0,0.0,0.0,0.0,ROCK,0,0,0.0,0.0,SPARSE,0.30833,0.20489,0.0,0.0,0.3333,0.3333,0.3333,singular
2026-08-31T15:32:05,44,0.0,0.0,0.0,0.0,0.0,0.0,0.0,0.0,0.0,0,0,0,0,0,0,0.0,0.0,0.0,0.0,0.0,0.0,0.0,0.0,0.0,ROCK,0,0,0.0,0.0,SPARSE,0.30833,0.21238,0.0,0.0,0.3333,0.3333,0.3333,singular
2026-08-31T15:35:33,45,0.0,0.0,0.0,0.0,0.0,0.0,0.0,0.0,0.0,0,0,0,0,0,0,0.0,0.0,0.0,0.0,0.0,0.0,0.0,0.0,0.0,ROCK,0,0,0.0,0.0,SPARSE,0.30833,0.21238,0.0,0.0,0.3333,0.3333,0.3333,singular
2026-08-31T15:36:44,46,0.0,0.0,0.0,0.0,0.0,0.0,0.0,0.0,0.0,0,0,0,0,0,0,0.0,0.0,0.0,0.0,0.0,0.0,0.0,0.0,0.0,ROCK,0,0,0.0,0.0,SPARSE,0.33333,0.23004,0.0,0.0,0.3333,0.3333,0.3333,singular
2026-08-31T15:37:29,47,0.0,0.0,0.0,0.0,0.0,0.0,0.0,0.0,0.0,0,0,0,0,0,0,0.0,0.0,0.0,0.0,0.0,0.0,0.0,0.0,0.0,ROCK,0,0,0.0,0.0,SPARSE,0.35833,0.24001,0.0,0.0,0.3333,0.3333,0.3333,singular
2026-08-31T15:38:15,48,0.0,0.0,0.0,0.0,0.0,0.0,0.0,0.0,0.0,0,0,0,0,0,0,0.0,0.0,0.0,0.0,0.0,0.0,0.0,0.0,0.0,ROCK,0,0,0.0,0.0,SPARSE,0.35833,0.24001,0.0,0.0,0.3333,0.3333,0.3333,singular
2026-08-31T15:38:59,49,0.0,0.0,0.0,0.0,0.0,0.0,0.0,0.0,0.0,0,0,0,0,0,0,0.0,0.0,0.0,0.0,0.0,0.0,0.0,0.0,0.0,ROCK,0,0,0.0,0.0,SPARSE,0.38333,0.25083,0.0,0.0,0.3333,0.3333,0.3333,singular
2026-08-31T15:40:19,50,0.0,0.0,0.0,0.0,0.0,0.0,0.0,0.0,0.0,0,0,0,0,0,0,0.0,0.0,0.0,0.0,0.0,0.0,0.0,0.0,0.0,ROCK,0,0,0.0,0.0,SPARSE,0.35833,0.24001,0.0,0.0,0.3333,0.3333,0.3333,singular
2026-08-31T15:40:53,51,0.0,0.0,0.0,0.0,0.0,0.0,0.0,0.0,0.0,0,0,0,0,0,0,0.0,0.0,0.0,0.0,0.0,0.0,0.0,0.0,0.0,ROCK,0,0,0.0,0.0,SPARSE,0.38333,0.25759,0.0,0.0,0.3333,0.3333,0.3333,singular
2026-08-31T15:41:44,52,0.0,0.0,0.0,0.0,0.0,0.0,0.0,0.0,0.0,0,0,0,0,0,0,0.0,0.0,0.0,0.0,0.0,0.0,0.0,0.0,0.0,ROCK,0,0,0.0,0.0,SPARSE,0.35833,0.2477,0.0,0.0,0.3333,0.3333,0.3333,singular
2026-08-31T15:42:59,53,0.0,0.0,0.0,0.0,0.0,0.0,0.0,0.0,0.0,0,0,0,0,0,0,0.0,0.0,0.0,0.0,0.0,0.0,0.0,0.0,0.0,ROCK,0,0,0.0,0.0,SPARSE,0.35833,0.2477,0.0,0.0,0.3333,0.3333,0.3333,singular
2026-08-31T15:46:04,54,0.0,0.0,0.0,0.0,0.0,0.0,0.0,0.0,0.0,0,0,0,0,0,0,0.0,0.0,0.0,0.0,0.0,0.0,0.0,0.0,0.0,ROCK,0,0,0.0,0.0,SPARSE,0.35833,0.2477,0.0,0.0,0.3333,0.3333,0.3333,singular
2026-08-31T15:47:51,55,0.0,0.0,0.0,0.0,0.0,0.0,0.0,0.0,0.0,0,0,0,0,0,0,0.0,0.0,0.0,0.0,0.0,0.0,0.0,0.0,0.0,ROCK,0,0,0.0,0.0,SPARSE,0.35833,0.24001,0.0,0.0,0.3333,0.3333,0.3333,singular
2026-08-31T16:00:01,56,0.0,0.0,0.0,0.0,0.0,0.0,0.0,0.0,0.0,0,0,0,0,0,0,0.0,0.0,0.0,0.0,0.0,0.0,0.0,0.0,0.0,ROCK,0,0,0.0,0.0,SPARSE,0.33333,0.22244,0.0,0.0,0.3333,0.3333,0.3333,singular
2026-08-31T16:01:02,57,0.0,0.0,0.0,0.0,0.0,0.0,0.0,0.0,0.0,0,0,0,0,0,0,0.0,0.0,0.0,0.0,0.0,0.0,0.0,0.0,0.0,ROCK,0,0,0.0,0.0,SPARSE,0.30833,0.21238,0.0,0.0,0.3333,0.3333,0.3333,singular
2026-08-31T16:01:49,58,0.0,0.0,0.0,0.0,0.0,0.0,0.0,0.0,0.0,0,0,0,0,0,0,0.0,0.0,0.0,0.0,0.0,0.0,0.0,0.0,0.0,ROCK,0,0,0.0,0.0,SPARSE,0.29167,0.20336,0.0,0.0,0.3333,0.3333,0.3333,singular
2026-08-31T16:02:47,59,0.0,0.0,0.0,0.0,0.0,0.0,0.0,0.0,0.0,0,0,0,0,0,0,0.0,0.0,0.0,0.0,0.0,0.0,0.0,0.0,0.0,ROCK,0,0,0.0,0.0,SPARSE,0.29167,0.20336,0.0,0.0,0.3333,0.3333,0.3333,singular
2026-08-31T16:05:10,60,0.0,0.0,0.0,0.0,0.0,0.0,0.0,0.0,0.0,0,0,0,0,0,0,0.0,0.0,0.0,0.0,0.0,0.0,0.0,0.0,0.0,ROCK,0,0,0.0,0.0,SPARSE,0.28333,0.19472,0.0,0.0,0.3333,0.3333,0.3333,singular
2026-08-31T16:06:02,61,0.0,0.0,0.0,0.0,0.0,0.0,0.0,0.0,0.0,0,0,0,0,0,0,0.0,0.0,0.0,0.0,0.0,0.0,0.0,0.0,0.0,ROCK,0,0,0.0,0.0,SPARSE,0.26667,0.18569,0.0,0.0,0.3333,0.3333,0.3333,singular
2026-08-31T16:07:19,62,0.0,0.0,0.0,0.0,0.0,0.0,0.0,0.0,0.0,0,0,0,0,0,0,0.0,0.0,0.0,0.0,0.0,0.0,0.0,0.0,0.0,ROCK,0,0,0.0,0.0,SPARSE,0.25833,0.17707,0.0,0.0,0.3333,0.3333,0.3333,singular
2026-08-31T16:08:32,63,0.0,0.0,0.0,0.0,0.0,0.0,0.0,0.0,0.0,0,0,0,0,0,0,0.0,0.0,0.0,0.0,0.0,0.0,0.0,0.0,0.0,ROCK,0,0,0.0,0.0,SPARSE,0.25833,0.17707,0.0,0.0,0.3333,0.3333,0.3333,singular
2026-08-31T16:10:16,64,0.0,0.0,0.0,0.0,0.0,0.0,0.0,0.0,0.0,0,0,0,0,0,0,0.0,0.0,0.0,0.0,0.0,0.0,0.0,0.0,0.0,ROCK,0,0,0.0,0.0,SPARSE,0.23333,0.15943,0.0,0.0,0.3333,0.3333,0.3333,singular
2026-08-31T16:13:50,65,0.0,0.0,0.0,0.0,0.0,0.0,0.0,0.0,0.0,0,0,0,0,0,0,0.0,0.0,0.0,0.0,0.0,0.0,0.0,0.0,0.0,ROCK,0,0,0.0,0.0,SPARSE,0.21667,0.15035,0.0,0.0,0.3333,0.3333,0.3333,singular
2026-08-31T16:14:21,66,0.0,0.0,0.0,0.0,0.0,0.0,0.0,0.0,0.0,0,0,0,0,0,0,0.0,0.0,0.0,0.0,0.0,0.0,0.0,0.0,0.0,ROCK,0,0,0.0,0.0,SPARSE,0.21667,0.14289,0.0,0.0,0.3333,0.3333,0.3333,singular
2026-08-31T16:15:04,67,0.0,0.0,0.0,0.0,0.0,0.0,0.0,0.0,0.0,0,0,0,0,0,0,0.0,0.0,0.0,0.0,0.0,0.0,0.0,0.0,0.0,ROCK,0,0,0.0,0.0,SPARSE,0.19167,0.13268,0.0,0.0,0.3333,0.3333,0.3333,singular
2026-08-31T16:16:16,68,0.0,0.0,0.0,0.0,0.0,0.0,0.0,0.0,0.0,0,0,0,0,0,0,0.0,0.0,0.0,0.0,0.0,0.0,0.0,0.0,0.0,ROCK,0,0,0.0,0.0,SPARSE,0.20833,0.14179,0.0,0.0,0.3333,0.3333,0.3333,singular
2026-08-31T16:17:26,69,0.0,0.0,0.0,0.0,0.0,0.0,0.0,0.0,0.0,0,0,0,0,0,0,0.0,0.0,0.0,0.0,0.0,0.0,0.0,0.0,0.0,ROCK,0,0,0.0,0.0,SPARSE,0.20833,0.13502,0.0,0.0,0.3333,0.3333,0.3333,singular
2026-08-31T16:18:14,70,0.0,0.0,0.0,0.0,0.0,0.0,0.0,0.0,0.0,0,0,0,0,0,0,0.0,0.0,0.0,0.0,0.0,0.0,0.0,0.0,0.0,ROCK,0,0,0.0,0.0,SPARSE,0.18333,0.1177,0.0,0.0,0.3333,0.3333,0.3333,singular
2026-08-31T16:19:13,71,0.0,0.0,0.0,0.0,0.0,0.0,0.0,0.0,0.0,0,0,0,0,0,0,0.0,0.0,0.0,0.0,0.0,0.0,0.0,0.0,0.0,ROCK,0,0,0.0,0.0,SPARSE,0.18333,0.1177,0.0,0.0,0.3333,0.3333,0.3333,singular
2026-08-31T16:21:06,72,0.0,0.0,0.0,0.0,0.0,0.0,0.0,0.0,0.0,0,0,0,0,0,0,0.0,0.0,0.0,0.0,0.0,0.0,0.0,0.0,0.0,ROCK,0,0,0.0,0.0,SPARSE,0.15833,0.10052,0.0,0.0,0.3333,0.3333,0.3333,singular
2026-08-31T16:22:07,73,0.0,0.0,0.0,0.0,0.0,0.0,0.0,0.0,0.0,0,0,0,0,0,0,0.0,0.0,0.0,0.0,0.0,0.0,0.0,0.0,0.0,ROCK,0,0,0.0,0.0,SPARSE,0.15833,0.10656,0.0,0.0,0.3333,0.3333,0.3333,singular
2026-08-31T16:25:13,74,0.0,0.0,0.0,0.0,0.0,0.0,0.0,0.0,0.0,0,0,0,0,0,0,0.0,0.0,0.0,0.0,0.0,0.0,0.0,0.0,0.0,ROCK,0,0,0.0,0.0,SPARSE,0.15833,0.10656,0.0,0.0,0.3333,0.3333,0.3333,singular
2026-08-31T16:26:50,75,0.0,0.0,0.0,0.0,0.0,0.0,0.0,0.0,0.0,0,0,0,0,0,0,0.0,0.0,0.0,0.0,0.0,0.0,0.0,0.0,0.0,ROCK,0,0,0.0,0.0,SPARSE,0.13333,0.08898,0.0,0.0,0.3333,0.3333,0.3333,singular
2026-08-31T16:28:59,76,0.0,0.0,0.0,0.0,0.0,0.0,0.0,0.0,0.0,0,0,0,0,0,0,0.0,0.0,0.0,0.0,0.0,0.0,0.0,0.0,0.0,ROCK,0,0,0.0,0.0,SPARSE,0.10833,0.07144,0.0,0.0,0.3333,0.3333,0.3333,singular
2026-08-31T16:30:18,77,0.0,0.0,0.0,0.0,0.0,0.0,0.0,0.0,0.0,0,0,0,0,0,0,0.0,0.0,0.0,0.0,0.0,0.0,0.0,0.0,0.0,ROCK,0,0,0.0,0.0,SPARSE,0.13333,0.08898,0.0,0.0,0.3333,0.3333,0.3333,singular
2026-08-31T16:31:30,78,0.0,0.0,0.0,0.0,0.0,0.0,0.0,0.0,0.0,0,0,0,0,0,0,0.0,0.0,0.0,0.0,0.0,0.0,0.0,0.0,0.0,ROCK,0,0,0.0,0.0,SPARSE,0.11667,0.07971,0.0,0.0,0.3333,0.3333,0.3333,singular
2026-08-31T16:34:10,79,0.0,0.0,0.0,0.0,0.0,0.0,0.0,0.0,0.0,0,0,0,0,0,0,0.0,0.0,0.0,0.0,0.0,0.0,0.0,0.0,0.0,ROCK,0,0,0.0,0.0,SPARSE,0.14167,0.09071,0.0,0.0,0.3333,0.3333,0.3333,singular
2026-08-31T16:35:20,80,0.0,0.0,0.0,0.0,0.0,0.0,0.0,0.0,0.0,0,0,0,0,0,0,0.0,0.0,0.0,0.0,0.0,0.0,0.0,0.0,0.0,ROCK,0,0,0.0,0.0,SPARSE,0.14167,0.09071,0.0,0.0,0.3333,0.3333,0.3333,singular
2026-08-31T16:36:12,81,0.0,0.0,0.0,0.0,0.0,0.0,0.0,0.0,0.0,0,0,0,0,0,0,0.0,0.0,0.0,0.0,0.0,0.0,0.0,0.0,0.0,ROCK,0,0,0.0,0.0,SPARSE,0.14167,0.0872,0.0,0.0,0.3333,0.3333,0.3333,singular
2026-08-31T16:36:52,82,0.0,0.0,0.0,0.0,0.0,0.0,0.0,0.0,0.0,0,0,0,0,0,0,0.0,0.0,0.0,0.0,0.0,0.0,0.0,0.0,0.0,ROCK,0,0,0.0,0.0,SPARSE,0.11667,0.0736,0.0,0.0,0.3333,0.3333,0.3333,singular
2026-08-31T16:38:21,83,0.0,0.0,0.0,0.0,0.0,0.0,0.0,0.0,0.0,0,0,0,0,0,0,0.0,0.0,0.0,0.0,0.0,0.0,0.0,0.0,0.0,ROCK,0,0,0.0,0.0,SPARSE,0.11667,0.0736,0.0,0.0,0.3333,0.3333,0.3333,singular
2026-08-31T16:39:15,84,0.0,0.0,0.0,0.0,0.0,0.0,0.0,0.0,0.0,0,0,0,0,0,0,0.0,0.0,0.0,0.0,0.0,0.0,0.0,0.0,0.0,ROCK,0,0,0.0,0.0,SPARSE,0.11667,0.0736,0.0,0.0,0.3333,0.3333,0.3333,singular
2026-08-31T16:40:04,85,0.0,0.0,0.0,0.0,0.0,0.0,0.0,0.0,0.0,0,0,0,0,0,0,0.0,0.0,0.0,0.0,0.0,0.0,0.0,0.0,0.0,ROCK,0,0,0.0,0.0,SPARSE,0.11667,0.07144,0.0,0.0,0.3333,0.3333,0.3333,singular
2026-08-31T16:41:02,86,0.0,0.0,0.0,0.0,0.0,0.0,0.0,0.0,0.0,0,0,0,0,0,0,0.0,0.0,0.0,0.0,0.0,0.0,0.0,0.0,0.0,ROCK,0,0,0.0,0.0,SPARSE,0.09167,0.05683,0.0,0.0,0.3333,0.3333,0.3333,singular
2026-08-31T16:41:39,87,0.0,0.0,0.0,0.0,0.0,0.0,0.0,0.0,0.0,0,0,0,0,0,0,0.0,0.0,0.0,0.0,0.0,0.0,0.0,0.0,0.0,ROCK,0,0,0.0,0.0,SPARSE,0.09167,0.05683,0.0,0.0,0.3333,0.3333,0.3333,singular
2026-08-31T16:44:25,88,0.0,0.0,0.0,0.0,0.0,0.0,0.0,0.0,0.0,0,0,0,0,0,0,0.0,0.0,0.0,0.0,0.0,0.0,0.0,0.0,0.0,ROCK,0,0,0.0,0.0,SPARSE,0.09167,0.05683,0.0,0.0,0.3333,0.3333,0.3333,singular
2026-08-31T16:46:04,89,0.0,0.0,0.0,0.0,0.0,0.0,0.0,0.0,0.0,0,0,0,0,0,0,0.0,0.0,0.0,0.0,0.0,0.0,0.0,0.0,0.0,ROCK,0,0,0.0,0.0,SPARSE,0.09167,0.05683,0.0,0.0,0.3333,0.3333,0.3333,singular
2026-08-31T16:47:07,90,0.0,0.0,0.0,0.0,0.0,0.0,0.0,0.0,0.0,0,0,0,0,0,0,0.0,0.0,0.0,0.0,0.0,0.0,0.0,0.0,0.0,ROCK,0,0,0.0,0.0,SPARSE,0.09167,0.06208,0.0,0.0,0.3333,0.3333,0.3333,singular
2026-08-31T16:47:42,91,0.0,0.0,0.0,0.0,0.0,0.0,0.0,0.0,0.0,0,0,0,0,0,0,0.0,0.0,0.0,0.0,0.0,0.0,0.0,0.0,0.0,ROCK,0,0,0.0,0.0,SPARSE,0.09167,0.06208,0.0,0.0,0.3333,0.3333,0.3333,singular
2026-08-31T16:48:42,92,0.0,0.0,0.0,0.0,0.0,0.0,0.0,0.0,0.0,0,0,0,0,0,0,0.0,0.0,0.0,0.0,0.0,0.0,0.0,0.0,0.0,ROCK,0,0,0.0,0.0,SPARSE,0.10833,0.07144,0.0,0.0,0.3333,0.3333,0.3333,singular
2026-08-31T16:50:12,93,0.0,0.0,0.0,0.0,0.0,0.0,0.0,0.0,0.0,0,0,0,0,0,0,0.0,0.0,0.0,0.0,0.0,0.0,0.0,0.0,0.0,ROCK,0,0,0.0,0.0,SPARSE,0.10833,0.07144,0.0,0.0,0.3333,0.3333,0.3333,singular
2026-08-31T16:51:51,94,0.0,0.0,0.0,0.0,0.0,0.0,0.0,0.0,0.0,0,0,0,0,0,0,0.0,0.0,0.0,0.0,0.0,0.0,0.0,0.0,0.0,ROCK,0,0,0.0,0.0,SPARSE,0.09167,0.06208,0.0,0.0,0.3333,0.3333,0.3333,singular
2026-08-31T16:53:02,95,0.0,0.0,0.0,0.0,0.0,0.0,0.0,0.0,0.0,0,0,0,0,0,0,0.0,0.0,0.0,0.0,0.0,0.0,0.0,0.0,0.0,ROCK,0,0,0.0,0.0,SPARSE,0.08333,0.05401,0.0,0.0,0.3333,0.3333,0.3333,singular
2026-08-31T16:54:14,96,0.0,0.0,0.0,0.0,0.0,0.0,0.0,0.0,0.0,0,0,0,0,0,0,0.0,0.0,0.0,0.0,0.0,0.0,0.0,0.0,0.0,ROCK,0,0,0.0,0.0,SPARSE,0.10833,0.07144,0.0,0.0,0.3333,0.3333,0.3333,singular
2026-08-31T16:56:23,97,0.0,0.0,0.0,0.0,0.0,0.0,0.0,0.0,0.0,0,0,0,0,0,0,0.0,0.0,0.0,0.0,0.0,0.0,0.0,0.0,0.0,ROCK,0,0,0.0,0.0,SPARSE,0.09167,0.06208,0.0,0.0,0.3333,0.3333,0.3333,singular
2026-08-31T16:57:25,98,0.0,0.0,0.0,0.0,0.0,0.0,0.0,0.0,0.0,0,0,0,0,0,0,0.0,0.0,0.0,0.0,0.0,0.0,0.0,0.0,0.0,ROCK,0,0,0.0,0.0,SPARSE,0.11667,0.0736,0.0,0.0,0.3333,0.3333,0.3333,singular
2026-08-31T16:58:12,99,0.0,0.0,0.0,0.0,0.0,0.0,0.0,0.0,0.0,0,0,0,0,0,0,0.0,0.0,0.0,0.0,0.0,0.0,0.0,0.0,0.0,ROCK,0,0,0.0,0.0,SPARSE,0.09167,0.05683,0.0,0.0,0.3333,0.3333,0.3333,singular
2026-08-31T16:58:57,100,0.0,0.0,0.0,0.0,0.0,0.0,0.0,0.0,0.0,0,0,0,0,0,0,0.0,0.0,0.0,0.0,0.0,0.0,0.0,0.0,0.0,ROCK,0,0,0.0,0.0,SPARSE,0.09167,0.05683,0.0,0.0,0.3333,0.3333,0.3333,singular
2026-08-31T17:00:01,101,0.0,0.0,0.0,0.0,0.0,0.0,0.0,0.0,0.0,0,0,0,0,0,0,0.0,0.0,0.0,0.0,0.0,0.0,0.0,0.0,0.0,ROCK,0,0,0.0,0.0,SPARSE,0.09167,0.05683,0.0,0.0,0.3333,0.3333,0.3333,singular
2026-08-31T17:00:39,102,0.0,0.0,0.0,0.0,0.0,0.0,0.0,0.0,0.0,0,0,0,0,0,0,0.0,0.0,0.0,0.0,0.0,0.0,0.0,0.0,0.0,ROCK,0,0,0.0,0.0,SPARSE,0.09167,0.05683,0.0,0.0,0.3333,0.3333,0.3333,singular
2026-08-31T17:01:31,103,0.0,0.0,0.0,0.0,0.0,0.0,0.0,0.0,0.0,0,0,0,0,0,0,0.0,0.0,0.0,0.0,0.0,0.0,0.0,0.0,0.0,ROCK,0,0,0.0,0.0,SPARSE,0.09167,0.05683,0.0,0.0,0.3333,0.3333,0.3333,singular
2026-08-31T17:02:04,104,0.0,0.0,0.0,0.0,0.0,0.0,0.0,0.0,0.0,0,0,0,0,0,0,0.0,0.0,0.0,0.0,0.0,0.0,0.0,0.0,0.0,ROCK,0,0,0.0,0.0,SPARSE,0.09167,0.06208,0.0,0.0,0.3333,0.3333,0.3333,singular
2026-08-31T17:03:07,105,0.0,0.0,0.0,0.0,0.0,0.0,0.0,0.0,0.0,0,0,0,0,0,0,0.0,0.0,0.0,0.0,0.0,0.0,0.0,0.0,0.0,ROCK,0,0,0.0,0.0,SPARSE,0.09167,0.05683,0.0,0.0,0.3333,0.3333,0.3333,singular
2026-08-31T17:04:02,106,0.0,0.0,0.0,0.0,0.0,0.0,0.0,0.0,0.0,0,0,0,0,0,0,0.0,0.0,0.0,0.0,0.0,0.0,0.0,0.0,0.0,ROCK,0,0,0.0,0.0,SPARSE,0.09167,0.05683,0.0,0.0,0.3333,0.3333,0.3333,singular
2026-08-31T17:04:51,107,0.0,0.0,0.0,0.0,0.0,0.0,0.0,0.0,0.0,0,0,0,0,0,0,0.0,0.0,0.0,0.0,0.0,0.0,0.0,0.0,0.0,ROCK,0,0,0.0,0.0,SPARSE,0.11667,0.07144,0.0,0.0,0.3333,0.3333,0.3333,singular
2026-08-31T17:05:50,108,0.0,0.0,0.0,0.0,0.0,0.0,0.0,0.0,0.0,0,0,0,0,0,0,0.0,0.0,0.0,0.0,0.0,0.0,0.0,0.0,0.0,ROCK,0,0,0.0,0.0,SPARSE,0.11667,0.0736,0.0,0.0,0.3333,0.3333,0.3333,singular
2026-08-31T17:07:13,109,0.0,0.0,0.0,0.0,0.0,0.0,0.0,0.0,0.0,0,0,0,0,0,0,0.0,0.0,0.0,0.0,0.0,0.0,0.0,0.0,0.0,ROCK,0,0,0.0,0.0,SPARSE,0.09167,0.06208,0.0,0.0,0.3333,0.3333,0.3333,singular
2026-08-31T17:07:48,110,0.0,0.0,0.0,0.0,0.0,0.0,0.0,0.0,0.0,0,0,0,0,0,0,0.0,0.0,0.0,0.0,0.0,0.0,0.0,0.0,0.0,ROCK,0,0,0.0,0.0,SPARSE,0.11667,0.0736,0.0,0.0,0.3333,0.3333,0.3333,singular
2026-08-31T17:08:45,111,0.0,0.0,0.0,0.0,0.0,0.0,0.0,0.0,0.0,0,0,0,0,0,0,0.0,0.0,0.0,0.0,0.0,0.0,0.0,0.0,0.0,ROCK,0,0,0.0,0.0,SPARSE,0.11667,0.07971,0.0,0.0,0.3333,0.3333,0.3333,singular
2026-08-31T17:10:22,112,0.0,0.0,0.0,0.0,0.0,0.0,0.0,0.0,0.0,0,0,0,0,0,0,0.0,0.0,0.0,0.0,0.0,0.0,0.0,0.0,0.0,ROCK,0,0,0.0,0.0,SPARSE,0.13333,0.08898,0.0,0.0,0.3333,0.3333,0.3333,singular
2026-08-31T17:11:15,113,0.0,0.0,0.0,0.0,0.0,0.0,0.0,0.0,0.0,0,0,0,0,0,0,0.0,0.0,0.0,0.0,0.0,0.0,0.0,0.0,0.0,ROCK,0,0,0.0,0.0,SPARSE,0.15833,0.10052,0.0,0.0,0.3333,0.3333,0.3333,singular
2026-08-31T17:13:45,114,0.0,0.0,0.0,0.0,0.0,0.0,0.0,0.0,0.0,0,0,0,0,0,0,0.0,0.0,0.0,0.0,0.0,0.0,0.0,0.0,0.0,ROCK,0,0,0.0,0.0,SPARSE,0.15833,0.10052,0.0,0.0,0.3333,0.3333,0.3333,singular
2026-08-31T17:14:58,115,0.0,0.0,0.0,0.0,0.0,0.0,0.0,0.0,0.0,0,0,0,0,0,0,0.0,0.0,0.0,0.0,0.0,0.0,0.0,0.0,0.0,ROCK,0,0,0.0,0.0,SPARSE,0.15833,0.10052,0.0,0.0,0.3333,0.3333,0.3333,singular
2026-08-31T17:16:23,116,0.0,0.0,0.0,0.0,0.0,0.0,0.0,0.0,0.0,0,0,0,0,0,0,0.0,0.0,0.0,0.0,0.0,0.0,0.0,0.0,0.0,ROCK,0,0,0.0,0.0,SPARSE,0.13333,0.08354,0.0,0.0,0.3333,0.3333,0.3333,singular
2026-08-31T17:17:15,117,0.0,0.0,0.0,0.0,0.0,0.0,0.0,0.0,0.0,0,0,0,0,0,0,0.0,0.0,0.0,0.0,0.0,0.0,0.0,0.0,0.0,ROCK,0,0,0.0,0.0,SPARSE,0.15833,0.09736,0.0,0.0,0.3333,0.3333,0.3333,singular
2026-08-31T17:18:03,118,0.0,0.0,0.0,0.0,0.0,0.0,0.0,0.0,0.0,0,0,0,0,0,0,0.0,0.0,0.0,0.0,0.0,0.0,0.0,0.0,0.0,ROCK,0,0,0.0,0.0,SPARSE,0.15833,0.09736,0.0,0.0,0.3333,0.3333,0.3333,singular
2026-08-31T17:19:14,119,0.0,0.0,0.0,0.0,0.0,0.0,0.0,0.0,0.0,0,0,0,0,0,0,0.0,0.0,0.0,0.0,0.0,0.0,0.0,0.0,0.0,ROCK,0,0,0.0,0.0,SPARSE,0.13333,0.08354,0.0,0.0,0.3333,0.3333,0.3333,singular
2026-08-31T17:20:36,120,0.0,0.0,0.0,0.0,0.0,0.0,0.0,0.0,0.0,0,0,0,0,0,0,0.0,0.0,0.0,0.0,0.0,0.0,0.0,0.0,0.0,ROCK,0,0,0.0,0.0,SPARSE,0.13333,0.08354,0.0,0.0,0.3333,0.3333,0.3333,singular
2026-08-31T17:21:30,121,0.0,0.0,0.0,0.0,0.0,0.0,0.0,0.0,0.0,0,0,0,0,0,0,0.0,0.0,0.0,0.0,0.0,0.0,0.0,0.0,0.0,ROCK,0,0,0.0,0.0,SPARSE,0.15833,0.09736,0.0,0.0,0.3333,0.3333,0.3333,singular
2026-08-31T17:22:17,122,0.0,0.0,0.0,0.0,0.0,0.0,0.0,0.0,0.0,0,0,0,0,0,0,0.0,0.0,0.0,0.0,0.0,0.0,0.0,0.0,0.0,ROCK,0,0,0.0,0.0,SPARSE,0.15833,0.10052,0.0,0.0,0.3333,0.3333,0.3333,singular
2026-08-31T17:23:24,123,0.0,0.0,0.0,0.0,0.0,0.0,0.0,0.0,0.0,0,0,0,0,0,0,0.0,0.0,0.0,0.0,0.0,0.0,0.0,0.0,0.0,ROCK,0,0,0.0,0.0,SPARSE,0.15833,0.09736,0.0,0.0,0.3333,0.3333,0.3333,singular
2026-08-31T17:24:26,124,0.0,0.0,0.0,0.0,0.0,0.0,0.0,0.0,0.0,0,0,0,0,0,0,0.0,0.0,0.0,0.0,0.0,0.0,0.0,0.0,0.0,ROCK,0,0,0.0,0.0,SPARSE,0.13333,0.08354,0.0,0.0,0.3333,0.3333,0.3333,singular
2026-08-31T17:25:21,125,0.0,0.0,0.0,0.0,0.0,0.0,0.0,0.0,0.0,0,0,0,0,0,0,0.0,0.0,0.0,0.0,0.0,0.0,0.0,0.0,0.0,ROCK,0,0,0.0,0.0,SPARSE,0.15833,0.09736,0.0,0.0,0.3333,0.3333,0.3333,singular
2026-08-31T17:26:31,126,0.0,0.0,0.0,0.0,0.0,0.0,0.0,0.0,0.0,0,0,0,0,0,0,0.0,0.0,0.0,0.0,0.0,0.0,0.0,0.0,0.0,ROCK,0,0,0.0,0.0,SPARSE,0.15833,0.09736,0.0,0.0,0.3333,0.3333,0.3333,singular
2026-08-31T17:27:23,127,0.0,0.0,0.0,0.0,0.0,0.0,0.0,0.0,0.0,0,0,0,0,0,0,0.0,0.0,0.0,0.0,0.0,0.0,0.0,0.0,0.0,ROCK,0,0,0.0,0.0,SPARSE,0.15833,0.10052,0.0,0.0,0.3333,0.3333,0.3333,singular
2026-08-31T17:28:10,128,0.0,0.0,0.0,0.0,0.0,0.0,0.0,0.0,0.0,0,0,0,0,0,0,0.0,0.0,0.0,0.0,0.0,0.0,0.0,0.0,0.0,ROCK,0,0,0.0,0.0,SPARSE,0.13333,0.08898,0.0,0.0,0.3333,0.3333,0.3333,singular
2026-08-31T17:29:56,129,0.0,0.0,0.0,0.0,0.0,0.0,0.0,0.0,0.0,0,0,0,0,0,0,0.0,0.0,0.0,0.0,0.0,0.0,0.0,0.0,0.0,ROCK,0,0,0.0,0.0,SPARSE,0.14167,0.09736,0.0,0.0,0.3333,0.3333,0.3333,singular
2026-08-31T17:30:39,130,0.0,0.0,0.0,0.0,0.0,0.0,0.0,0.0,0.0,0,0,0,0,0,0,0.0,0.0,0.0,0.0,0.0,0.0,0.0,0.0,0.0,ROCK,0,0,0.0,0.0,SPARSE,0.14167,0.09071,0.0,0.0,0.3333,0.3333,0.3333,singular
2026-08-31T17:31:37,131,0.0,0.0,0.0,0.0,0.0,0.0,0.0,0.0,0.0,0,0,0,0,0,0,0.0,0.0,0.0,0.0,0.0,0.0,0.0,0.0,0.0,ROCK,0,0,0.0,0.0,SPARSE,0.16667,0.10358,0.0,0.0,0.3333,0.3333,0.3333,singular
2026-08-31T17:36:09,132,0.0,0.0,0.0,0.0,0.0,0.0,0.0,0.0,0.0,0,0,0,0,0,0,0.0,0.0,0.0,0.0,0.0,0.0,0.0,0.0,0.0,ROCK,0,0,0.0,0.0,SPARSE,0.16667,0.10358,0.0,0.0,0.3333,0.3333,0.3333,singular
2026-08-31T17:37:44,133,0.0,0.0,0.0,0.0,0.0,0.0,0.0,0.0,0.0,0,0,0,0,0,0,0.0,0.0,0.0,0.0,0.0,0.0,0.0,0.0,0.0,ROCK,0,0,0.0,0.0,SPARSE,0.19167,0.1177,0.0,0.0,0.3333,0.3333,0.3333,singular
2026-08-31T17:38:36,134,0.0,0.0,0.0,0.0,0.0,0.0,0.0,0.0,0.0,0,0,0,0,0,0,0.0,0.0,0.0,0.0,0.0,0.0,0.0,0.0,0.0,ROCK,0,0,0.0,0.0,SPARSE,0.21667,0.13385,0.0,0.0,0.3333,0.3333,0.3333,singular
2026-08-31T17:40:10,135,0.0,0.0,0.0,0.0,0.0,0.0,0.0,0.0,0.0,0,0,0,0,0,0,0.0,0.0,0.0,0.0,0.0,0.0,0.0,0.0,0.0,ROCK,0,0,0.0,0.0,SPARSE,0.21667,0.13385,0.0,0.0,0.3333,0.3333,0.3333,singular
2026-08-31T17:41:13,136,0.0,0.0,0.0,0.0,0.0,0.0,0.0,0.0,0.0,0,0,0,0,0,0,0.0,0.0,0.0,0.0,0.0,0.0,0.0,0.0,0.0,ROCK,0,0,0.0,0.0,SPARSE,0.19167,0.12033,0.0,0.0,0.3333,0.3333,0.3333,singular
2026-08-31T17:42:02,137,0.0,0.0,0.0,0.0,0.0,0.0,0.0,0.0,0.0,0,0,0,0,0,0,0.0,0.0,0.0,0.0,0.0,0.0,0.0,0.0,0.0,ROCK,0,0,0.0,0.0,SPARSE,0.19167,0.12033,0.0,0.0,0.3333,0.3333,0.3333,singular
2026-08-31T17:42:47,138,0.0,0.0,0.0,0.0,0.0,0.0,0.0,0.0,0.0,0,0,0,0,0,0,0.0,0.0,0.0,0.0,0.0,0.0,0.0,0.0,0.0,ROCK,0,0,0.0,0.0,SPARSE,0.19167,0.12033,0.0,0.0,0.3333,0.3333,0.3333,singular
2026-08-31T17:43:42,139,0.0,0.0,0.0,0.0,0.0,0.0,0.0,0.0,0.0,0,0,0,0,0,0,0.0,0.0,0.0,0.0,0.0,0.0,0.0,0.0,0.0,ROCK,0,0,0.0,0.0,SPARSE,0.21667,0.13731,0.0,0.0,0.3333,0.3333,0.3333,singular
2026-08-31T17:45:02,140,0.0,0.0,0.0,0.0,0.0,0.0,0.0,0.0,0.0,0,0,0,0,0,0,0.0,0.0,0.0,0.0,0.0,0.0,0.0,0.0,0.0,ROCK,0,0,0.0,0.0,SPARSE,0.19167,0.12542,0.0,0.0,0.3333,0.3333,0.3333,singular
2026-08-31T17:46:30,141,0.0,0.0,0.0,0.0,0.0,0.0,0.0,0.0,0.0,0,0,0,0,0,0,0.0,0.0,0.0,0.0,0.0,0.0,0.0,0.0,0.0,ROCK,0,0,0.0,0.0,SPARSE,0.19167,0.12542,0.0,0.0,0.3333,0.3333,0.3333,singular
2026-08-31T17:47:21,142,0.0,0.0,0.0,0.0,0.0,0.0,0.0,0.0,0.0,0,0,0,0,0,0,0.0,0.0,0.0,0.0,0.0,0.0,0.0,0.0,0.0,ROCK,0,0,0.0,0.0,SPARSE,0.19167,0.12542,0.0,0.0,0.3333,0.3333,0.3333,singular
2026-08-31T17:48:07,143,0.0,0.0,0.0,0.0,0.0,0.0,0.0,0.0,0.0,0,0,0,0,0,0,0.0,0.0,0.0,0.0,0.0,0.0,0.0,0.0,0.0,ROCK,0,0,0.0,0.0,SPARSE,0.16667,0.10801,0.0,0.0,0.3333,0.3333,0.3333,singular
2026-08-31T17:49:08,144,0.0,0.0,0.0,0.0,0.0,0.0,0.0,0.0,0.0,0,0,0,0,0,0,0.0,0.0,0.0,0.0,0.0,0.0,0.0,0.0,0.0,ROCK,0,0,0.0,0.0,SPARSE,0.14167,0.09736,0.0,0.0,0.3333,0.3333,0.3333,singular
2026-08-31T17:50:16,145,0.0,0.0,0.0,0.0,0.0,0.0,0.0,0.0,0.0,0,0,0,0,0,0,0.0,0.0,0.0,0.0,0.0,0.0,0.0,0.0,0.0,ROCK,0,0,0.0,0.0,SPARSE,0.11667,0.07971,0.0,0.0,0.3333,0.3333,0.3333,singular
2026-08-31T17:51:04,146,0.0,0.0,0.0,0.0,0.0,0.0,0.0,0.0,0.0,0,0,0,0,0,0,0.0,0.0,0.0,0.0,0.0,0.0,0.0,0.0,0.0,ROCK,0,0,0.0,0.0,SPARSE,0.11667,0.07971,0.0,0.0,0.3333,0.3333,0.3333,singular
2026-08-31T17:52:01,147,0.0,0.0,0.0,0.0,0.0,0.0,0.0,0.0,0.0,0,0,0,0,0,0,0.0,0.0,0.0,0.0,0.0,0.0,0.0,0.0,0.0,ROCK,0,0,0.0,0.0,SPARSE,0.11667,0.07971,0.0,0.0,0.3333,0.3333,0.3333,singular
2026-08-31T17:53:20,148,0.0,0.0,0.0,0.0,0.0,0.0,0.0,0.0,0.0,0,0,0,0,0,0,0.0,0.0,0.0,0.0,0.0,0.0,0.0,0.0,0.0,ROCK,0,0,0.0,0.0,SPARSE,0.14167,0.09071,0.0,0.0,0.3333,0.3333,0.3333,singular
2026-08-31T17:54:44,149,0.0,0.0,0.0,0.0,0.0,0.0,0.0,0.0,0.0,0,0,0,0,0,0,0.0,0.0,0.0,0.0,0.0,0.0,0.0,0.0,0.0,ROCK,0,0,0.0,0.0,SPARSE,0.14167,0.09736,0.0,0.0,0.3333,0.3333,0.3333,singular
2026-08-31T17:55:32,150,0.0,0.0,0.0,0.0,0.0,0.0,0.0,0.0,0.0,0,0,0,0,0,0,0.0,0.0,0.0,0.0,0.0,0.0,0.0,0.0,0.0,ROCK,0,0,0.0,0.0,SPARSE,0.15833,0.10656,0.0,0.0,0.3333,0.3333,0.3333,singular
2026-08-31T17:58:05,151,0.0,0.0,0.0,0.0,0.0,0.0,0.0,0.0,0.0,0,0,0,0,0,0,0.0,0.0,0.0,0.0,0.0,0.0,0.0,0.0,0.0,ROCK,0,0,0.0,0.0,SPARSE,0.14167,0.09736,0.0,0.0,0.3333,0.3333,0.3333,singular
2026-08-31T17:59:04,152,0.0,0.0,0.0,0.0,0.0,0.0,0.0,0.0,0.0,0,0,0,0,0,0,0.0,0.0,0.0,0.0,0.0,0.0,0.0,0.0,0.0,ROCK,0,0,0.0,0.0,SPARSE,0.13333,0.08898,0.0,0.0,0.3333,0.3333,0.3333,singular
2026-08-31T18:00:16,153,0.0,0.0,0.0,0.0,0.0,0.0,0.0,0.0,0.0,0,0,0,0,0,0,0.0,0.0,0.0,0.0,0.0,0.0,0.0,0.0,0.0,ROCK,0,0,0.0,0.0,SPARSE,0.10833,0.07144,0.0,0.0,0.3333,0.3333,0.3333,singular
2026-08-31T18:01:55,154,0.0,0.0,0.0,0.0,0.0,0.0,0.0,0.0,0.0,0,0,0,0,0,0,0.0,0.0,0.0,0.0,0.0,0.0,0.0,0.0,0.0,ROCK,0,0,0.0,0.0,SPARSE,0.10833,0.06693,0.0,0.0,0.3333,0.3333,0.3333,singular
2026-08-31T18:02:38,155,0.0,0.0,0.0,0.0,0.0,0.0,0.0,0.0,0.0,0,0,0,0,0,0,0.0,0.0,0.0,0.0,0.0,0.0,0.0,0.0,0.0,ROCK,0,0,0.0,0.0,SPARSE,0.10833,0.06693,0.0,0.0,0.3333,0.3333,0.3333,singular
2026-08-31T18:04:27,156,0.0,0.0,0.0,0.0,0.0,0.0,0.0,0.0,0.0,0,0,0,0,0,0,0.0,0.0,0.0,0.0,0.0,0.0,0.0,0.0,0.0,ROCK,0,0,0.0,0.0,SPARSE,0.10833,0.06693,0.0,0.0,0.3333,0.3333,0.3333,singular
2026-08-31T18:06:27,157,0.0,0.0,0.0,0.0,0.0,0.0,0.0,0.0,0.0,0,0,0,0,0,0,0.0,0.0,0.0,0.0,0.0,0.0,0.0,0.0,0.0,ROCK,0,0,0.0,0.0,SPARSE,0.10833,0.06693,0.0,0.0,0.3333,0.3333,0.3333,singular
2026-08-31T18:08:46,158,0.0,0.0,0.0,0.0,0.0,0.0,0.0,0.0,0.0,0,0,0,0,0,0,0.0,0.0,0.0,0.0,0.0,0.0,0.0,0.0,0.0,ROCK,0,0,0.0,0.0,SPARSE,0.08333,0.05103,0.0,0.0,0.3333,0.3333,0.3333,singular
2026-08-31T18:09:14,159,0.0,0.0,0.0,0.0,0.0,0.0,0.0,0.0,0.0,0,0,0,0,0,0,0.0,0.0,0.0,0.0,0.0,0.0,0.0,0.0,0.0,ROCK,0,0,0.0,0.0,SPARSE,0.08333,0.05103,0.0,0.0,0.3333,0.3333,0.3333,singular
2026-08-31T18:09:56,160,0.0,0.0,0.0,0.0,0.0,0.0,0.0,0.0,0.0,0,0,0,0,0,0,0.0,0.0,0.0,0.0,0.0,0.0,0.0,0.0,0.0,ROCK,0,0,0.0,0.0,SPARSE,0.08333,0.05103,0.0,0.0,0.3333,0.3333,0.3333,singular
2026-08-31T18:11:06,161,0.0,0.0,0.0,0.0,0.0,0.0,0.0,0.0,0.0,0,0,0,0,0,0,0.0,0.0,0.0,0.0,0.0,0.0,0.0,0.0,0.0,ROCK,0,0,0.0,0.0,SPARSE,0.05833,0.0368,0.0,0.0,0.3333,0.3333,0.3333,singular
2026-08-31T18:12:32,162,0.0,0.0,0.0,0.0,0.0,0.0,0.0,0.0,0.0,0,0,0,0,0,0,0.0,0.0,0.0,0.0,0.0,0.0,0.0,0.0,0.0,ROCK,0,0,0.0,0.0,SPARSE,0.06667,0.04449,0.0,0.0,0.3333,0.3333,0.3333,singular
2026-08-31T18:13:18,163,0.0,0.0,0.0,0.0,0.0,0.0,0.0,0.0,0.0,0,0,0,0,0,0,0.0,0.0,0.0,0.0,0.0,0.0,0.0,0.0,0.0,ROCK,0,0,0.0,0.0,SPARSE,0.06667,0.04449,0.0,0.0,0.3333,0.3333,0.3333,singular
2026-08-31T18:14:32,164,0.0,0.0,0.0,0.0,0.0,0.0,0.0,0.0,0.0,0,0,0,0,0,0,0.0,0.0,0.0,0.0,0.0,0.0,0.0,0.0,0.0,ROCK,0,0,0.0,0.0,SPARSE,0.04167,0.027,0.0,0.0,0.3333,0.3333,0.3333,singular
2026-08-31T18:15:14,165,0.0,0.0,0.0,0.0,0.0,0.0,0.0,0.0,0.0,0,0,0,0,0,0,0.0,0.0,0.0,0.0,0.0,0.0,0.0,0.0,0.0,ROCK,0,0,0.0,0.0,SPARSE,0.04167,0.027,0.0,0.0,0.3333,0.3333,0.3333,singular
2026-08-31T18:16:12,166,0.0,0.0,0.0,0.0,0.0,0.0,0.0,0.0,0.0,0,0,0,0,0,0,0.0,0.0,0.0,0.0,0.0,0.0,0.0,0.0,0.0,ROCK,0,0,0.0,0.0,SPARSE,0.04167,0.027,0.0,0.0,0.3333,0.3333,0.3333,singular
2026-08-31T18:17:15,167,0.0,0.0,0.0,0.0,0.0,0.0,0.0,0.0,0.0,0,0,0,0,0,0,0.0,0.0,0.0,0.0,0.0,0.0,0.0,0.0,0.0,ROCK,0,0,0.0,0.0,SPARSE,0.05833,0.0368,0.0,0.0,0.3333,0.3333,0.3333,singular
2026-08-31T18:17:50,168,0.0,0.0,0.0,0.0,0.0,0.0,0.0,0.0,0.0,0,0,0,0,0,0,0.0,0.0,0.0,0.0,0.0,0.0,0.0,0.0,0.0,ROCK,0,0,0.0,0.0,SPARSE,0.08333,0.05401,0.0,0.0,0.3333,0.3333,0.3333,singular
2026-08-31T18:18:30,169,0.0,0.0,0.0,0.0,0.0,0.0,0.0,0.0,0.0,0,0,0,0,0,0,0.0,0.0,0.0,0.0,0.0,0.0,0.0,0.0,0.0,ROCK,0,0,0.0,0.0,SPARSE,0.10833,0.06693,0.0,0.0,0.3333,0.3333,0.3333,singular
2026-08-31T18:19:26,170,0.0,0.0,0.0,0.0,0.0,0.0,0.0,0.0,0.0,0,0,0,0,0,0,0.0,0.0,0.0,0.0,0.0,0.0,0.0,0.0,0.0,ROCK,0,0,0.0,0.0,SPARSE,0.13333,0.08165,0.0,0.0,0.3333,0.3333,0.3333,singular
2026-08-31T18:21:36,171,0.0,0.0,0.0,0.0,0.0,0.0,0.0,0.0,0.0,0,0,0,0,0,0,0.0,0.0,0.0,0.0,0.0,0.0,0.0,0.0,0.0,ROCK,0,0,0.0,0.0,SPARSE,0.15833,0.09736,0.0,0.0,0.3333,0.3333,0.3333,singular
2026-08-31T18:22:45,172,0.0,0.0,0.0,0.0,0.0,0.0,0.0,0.0,0.0,0,0,0,0,0,0,0.0,0.0,0.0,0.0,0.0,0.0,0.0,0.0,0.0,ROCK,0,0,0.0,0.0,SPARSE,0.15833,0.09736,0.0,0.0,0.3333,0.3333,0.3333,singular
2026-08-31T18:24:44,173,0.0,0.0,0.0,0.0,0.0,0.0,0.0,0.0,0.0,0,0,0,0,0,0,0.0,0.0,0.0,0.0,0.0,0.0,0.0,0.0,0.0,ROCK,0,0,0.0,0.0,SPARSE,0.15833,0.09736,0.0,0.0,0.3333,0.3333,0.3333,singular
2026-08-31T18:26:26,174,0.0,0.0,0.0,0.0,0.0,0.0,0.0,0.0,0.0,0,0,0,0,0,0,0.0,0.0,0.0,0.0,0.0,0.0,0.0,0.0,0.0,ROCK,0,0,0.0,0.0,SPARSE,0.15833,0.09736,0.0,0.0,0.3333,0.3333,0.3333,singular
2026-08-31T18:27:38,175,0.0,0.0,0.0,0.0,0.0,0.0,0.0,0.0,0.0,0,0,0,0,0,0,0.0,0.0,0.0,0.0,0.0,0.0,0.0,0.0,0.0,ROCK,0,0,0.0,0.0,SPARSE,0.15833,0.09736,0.0,0.0,0.3333,0.3333,0.3333,singular
2026-08-31T18:28:43,176,0.0,0.0,0.0,0.0,0.0,0.0,0.0,0.0,0.0,0,0,0,0,0,0,0.0,0.0,0.0,0.0,0.0,0.0,0.0,0.0,0.0,ROCK,0,0,0.0,0.0,SPARSE,0.15833,0.09736,0.0,0.0,0.3333,0.3333,0.3333,singular
2026-08-31T18:29:41,177,0.0,0.0,0.0,0.0,0.0,0.0,0.0,0.0,0.0,0,0,0,0,0,0,0.0,0.0,0.0,0.0,0.0,0.0,0.0,0.0,0.0,ROCK,0,0,0.0,0.0,SPARSE,0.15833,0.09736,0.0,0.0,0.3333,0.3333,0.3333,singular
2026-08-31T18:31:07,178,0.0,0.0,0.0,0.0,0.0,0.0,0.0,0.0,0.0,0,0,0,0,0,0,0.0,0.0,0.0,0.0,0.0,0.0,0.0,0.0,0.0,ROCK,0,0,0.0,0.0,SPARSE,0.15833,0.09736,0.0,0.0,0.3333,0.3333,0.3333,singular
2026-08-31T18:31:52,179,0.0,0.0,0.0,0.0,0.0,0.0,0.0,0.0,0.0,0,0,0,0,0,0,0.0,0.0,0.0,0.0,0.0,0.0,0.0,0.0,0.0,ROCK,0,0,0.0,0.0,SPARSE,0.18333,0.11365,0.0,0.0,0.3333,0.3333,0.3333,singular
2026-08-31T18:32:49,180,0.0,0.0,0.0,0.0,0.0,0.0,0.0,0.0,0.0,0,0,0,0,0,0,0.0,0.0,0.0,0.0,0.0,0.0,0.0,0.0,0.0,ROCK,0,0,0.0,0.0,SPARSE,0.15833,0.09736,0.0,0.0,0.3333,0.3333,0.3333,singular
2026-08-31T18:33:52,181,0.0,0.0,0.0,0.0,0.0,0.0,0.0,0.0,0.0,0,0,0,0,0,0,0.0,0.0,0.0,0.0,0.0,0.0,0.0,0.0,0.0,ROCK,0,0,0.0,0.0,SPARSE,0.18333,0.11365,0.0,0.0,0.3333,0.3333,0.3333,singular
2026-08-31T18:34:24,182,0.0,0.0,0.0,0.0,0.0,0.0,0.0,0.0,0.0,0,0,0,0,0,0,0.0,0.0,0.0,0.0,0.0,0.0,0.0,0.0,0.0,ROCK,0,0,0.0,0.0,SPARSE,0.18333,0.11365,0.0,0.0,0.3333,0.3333,0.3333,singular
2026-08-31T18:35:38,183,0.0,0.0,0.0,0.0,0.0,0.0,0.0,0.0,0.0,0,0,0,0,0,0,0.0,0.0,0.0,0.0,0.0,0.0,0.0,0.0,0.0,ROCK,0,0,0.0,0.0,SPARSE,0.18333,0.11365,0.0,0.0,0.3333,0.3333,0.3333,singular
2026-08-31T18:36:51,184,0.0,0.0,0.0,0.0,0.0,0.0,0.0,0.0,0.0,0,0,0,0,0,0,0.0,0.0,0.0,0.0,0.0,0.0,0.0,0.0,0.0,ROCK,0,0,0.0,0.0,SPARSE,0.15833,0.10052,0.0,0.0,0.3333,0.3333,0.3333,singular
2026-08-31T18:38:08,185,0.0,0.0,0.0,0.0,0.0,0.0,0.0,0.0,0.0,0,0,0,0,0,0,0.0,0.0,0.0,0.0,0.0,0.0,0.0,0.0,0.0,ROCK,0,0,0.0,0.0,SPARSE,0.18333,0.11365,0.0,0.0,0.3333,0.3333,0.3333,singular
2026-08-31T18:39:24,186,0.0,0.0,0.0,0.0,0.0,0.0,0.0,0.0,0.0,0,0,0,0,0,0,0.0,0.0,0.0,0.0,0.0,0.0,0.0,0.0,0.0,ROCK,0,0,0.0,0.0,SPARSE,0.15833,0.09736,0.0,0.0,0.3333,0.3333,0.3333,singular
2026-08-31T18:40:36,187,0.0,0.0,0.0,0.0,0.0,0.0,0.0,0.0,0.0,0,0,0,0,0,0,0.0,0.0,0.0,0.0,0.0,0.0,0.0,0.0,0.0,ROCK,0,0,0.0,0.0,SPARSE,0.15833,0.09736,0.0,0.0,0.3333,0.3333,0.3333,singular
2026-08-31T18:42:05,188,0.0,0.0,0.0,0.0,0.0,0.0,0.0,0.0,0.0,0,0,0,0,0,0,0.0,0.0,0.0,0.0,0.0,0.0,0.0,0.0,0.0,ROCK,0,0,0.0,0.0,SPARSE,0.15833,0.10052,0.0,0.0,0.3333,0.3333,0.3333,singular
2026-08-31T18:43:03,189,0.0,0.0,0.0,0.0,0.0,0.0,0.0,0.0,0.0,0,0,0,0,0,0,0.0,0.0,0.0,0.0,0.0,0.0,0.0,0.0,0.0,ROCK,0,0,0.0,0.0,SPARSE,0.18333,0.11365,0.0,0.0,0.3333,0.3333,0.3333,singular
2026-08-31T18:44:56,190,0.0,0.0,0.0,0.0,0.0,0.0,0.0,0.0,0.0,0,0,0,0,0,0,0.0,0.0,0.0,0.0,0.0,0.0,0.0,0.0,0.0,ROCK,0,0,0.0,0.0,SPARSE,0.18333,0.11365,0.0,0.0,0.3333,0.3333,0.3333,singular
2026-08-31T18:46:09,191,0.0,0.0,0.0,0.0,0.0,0.0,0.0,0.0,0.0,0,0,0,0,0,0,0.0,0.0,0.0,0.0,0.0,0.0,0.0,0.0,0.0,ROCK,0,0,0.0,0.0,SPARSE,0.20833,0.1303,0.0,0.0,0.3333,0.3333,0.3333,singular
2026-08-31T18:47:27,192,0.0,0.0,0.0,0.0,0.0,0.0,0.0,0.0,0.0,0,0,0,0,0,0,0.0,0.0,0.0,0.0,0.0,0.0,0.0,0.0,0.0,ROCK,0,0,0.0,0.0,SPARSE,0.23333,0.1472,0.0,0.0,0.3333,0.3333,0.3333,singular
2026-08-31T18:49:59,193,0.0,0.0,0.0,0.0,0.0,0.0,0.0,0.0,0.0,0,0,0,0,0,0,0.0,0.0,0.0,0.0,0.0,0.0,0.0,0.0,0.0,ROCK,0,0,0.0,0.0,SPARSE,0.25833,0.16425,0.0,0.0,0.3333,0.3333,0.3333,singular
2026-08-31T18:52:11,194,0.0,0.0,0.0,0.0,0.0,0.0,0.0,0.0,0.0,0,0,0,0,0,0,0.0,0.0,0.0,0.0,0.0,0.0,0.0,0.0,0.0,ROCK,0,0,0.0,0.0,SPARSE,0.25833,0.16425,0.0,0.0,0.3333,0.3333,0.3333,singular
2026-08-31T18:53:16,195,0.0,0.0,0.0,0.0,0.0,0.0,0.0,0.0,0.0,0,0,0,0,0,0,0.0,0.0,0.0,0.0,0.0,0.0,0.0,0.0,0.0,ROCK,0,0,0.0,0.0,SPARSE,0.25833,0.1604,0.0,0.0,0.3333,0.3333,0.3333,singular
2026-08-31T18:53:55,196,0.0,0.0,0.0,0.0,0.0,0.0,0.0,0.0,0.0,0,0,0,0,0,0,0.0,0.0,0.0,0.0,0.0,0.0,0.0,0.0,0.0,ROCK,0,0,0.0,0.0,SPARSE,0.28333,0.1744,0.0,0.0,0.3333,0.3333,0.3333,singular
2026-08-31T18:54:38,197,0.0,0.0,0.0,0.0,0.0,0.0,0.0,0.0,0.0,0,0,0,0,0,0,0.0,0.0,0.0,0.0,0.0,0.0,0.0,0.0,0.0,ROCK,0,0,0.0,0.0,SPARSE,0.30833,0.19067,0.0,0.0,0.3333,0.3333,0.3333,singular
2026-08-31T18:56:09,198,0.0,0.0,0.0,0.0,0.0,0.0,0.0,0.0,0.0,0,0,0,0,0,0,0.0,0.0,0.0,0.0,0.0,0.0,0.0,0.0,0.0,ROCK,0,0,0.0,0.0,SPARSE,0.30833,0.19392,0.0,0.0,0.3333,0.3333,0.3333,singular
2026-08-31T18:57:37,199,0.0,0.0,0.0,0.0,0.0,0.0,0.0,0.0,0.0,0,0,0,0,0,0,0.0,0.0,0.0,0.0,0.0,0.0,0.0,0.0,0.0,ROCK,0,0,0.0,0.0,SPARSE,0.28333,0.17707,0.0,0.0,0.3333,0.3333,0.3333,singular
2026-08-31T18:58:23,200,0.0,0.0,0.0,0.0,0.0,0.0,0.0,0.0,0.0,0,0,0,0,0,0,0.0,0.0,0.0,0.0,0.0,0.0,0.0,0.0,0.0,ROCK,0,0,0.0,0.0,SPARSE,0.28333,0.17707,0.0,0.0,0.3333,0.3333,0.3333,singular
2026-08-31T19:00:00,201,0.0,0.0,0.0,0.0,0.0,0.0,0.0,0.0,0.0,0,0,0,0,0,0,0.0,0.0,0.0,0.0,0.0,0.0,0.0,0.0,0.0,ROCK,0,0,0.0,0.0,SPARSE,0.30833,0.19392,0.0,0.0,0.3333,0.3333,0.3333,singular
2026-08-31T19:01:42,202,0.0,0.0,0.0,0.0,0.0,0.0,0.0,0.0,0.0,0,0,0,0,0,0,0.0,0.0,0.0,0.0,0.0,0.0,0.0,0.0,0.0,ROCK,0,0,0.0,0.0,SPARSE,0.30833,0.19392,0.0,0.0,0.3333,0.3333,0.3333,singular
2026-08-31T19:02:53,203,0.0,0.0,0.0,0.0,0.0,0.0,0.0,0.0,0.0,0,0,0,0,0,0,0.0,0.0,0.0,0.0,0.0,0.0,0.0,0.0,0.0,ROCK,0,0,0.0,0.0,SPARSE,0.30833,0.19067,0.0,0.0,0.3333,0.3333,0.3333,singular
2026-08-31T19:03:39,204,0.0,0.0,0.0,0.0,0.0,0.0,0.0,0.0,0.0,0,0,0,0,0,0,0.0,0.0,0.0,0.0,0.0,0.0,0.0,0.0,0.0,ROCK,0,0,0.0,0.0,SPARSE,0.30833,0.19067,0.0,0.0,0.3333,0.3333,0.3333,singular
2026-08-31T19:04:26,205,0.0,0.0,0.0,0.0,0.0,0.0,0.0,0.0,0.0,0,0,0,0,0,0,0.0,0.0,0.0,0.0,0.0,0.0,0.0,0.0,0.0,ROCK,0,0,0.0,0.0,SPARSE,0.30833,0.19067,0.0,0.0,0.3333,0.3333,0.3333,singular
2026-08-31T19:05:11,206,0.0,0.0,0.0,0.0,0.0,0.0,0.0,0.0,0.0,0,0,0,0,0,0,0.0,0.0,0.0,0.0,0.0,0.0,0.0,0.0,0.0,ROCK,0,0,0.0,0.0,SPARSE,0.33333,0.20489,0.0,0.0,0.3333,0.3333,0.3333,singular
2026-08-31T19:05:49,207,0.0,0.0,0.0,0.0,0.0,0.0,0.0,0.0,0.0,0,0,0,0,0,0,0.0,0.0,0.0,0.0,0.0,0.0,0.0,0.0,0.0,ROCK,0,0,0.0,0.0,SPARSE,0.35833,0.21961,0.0,0.0,0.3333,0.3333,0.3333,singular
2026-08-31T19:07:17,208,0.0,0.0,0.0,0.0,0.0,0.0,0.0,0.0,0.0,0,0,0,0,0,0,0.0,0.0,0.0,0.0,0.0,0.0,0.0,0.0,0.0,ROCK,0,0,0.0,0.0,SPARSE,0.35833,0.21961,0.0,0.0,0.3333,0.3333,0.3333,singular
2026-08-31T19:08:23,209,0.0,0.0,0.0,0.0,0.0,0.0,0.0,0.0,0.0,0,0,0,0,0,0,0.0,0.0,0.0,0.0,0.0,0.0,0.0,0.0,0.0,ROCK,0,0,0.0,0.0,SPARSE,0.35833,0.21961,0.0,0.0,0.3333,0.3333,0.3333,singular
2026-08-31T19:09:43,210,0.0,0.0,0.0,0.0,0.0,0.0,0.0,0.0,0.0,0,0,0,0,0,0,0.0,0.0,0.0,0.0,0.0,0.0,0.0,0.0,0.0,ROCK,0,0,0.0,0.0,SPARSE,0.38333,0.23474,0.0,0.0,0.3333,0.3333,0.3333,singular
2026-08-31T19:10:23,211,0.0,0.0,0.0,0.0,0.0,0.0,0.0,0.0,0.0,0,0,0,0,0,0,0.0,0.0,0.0,0.0,0.0,0.0,0.0,0.0,0.0,ROCK,0,0,0.0,0.0,SPARSE,0.40833,0.25021,0.0,0.0,0.3333,0.3333,0.3333,singular
2026-08-31T19:11:54,212,0.0,0.0,0.0,0.0,0.0,0.0,0.0,0.0,0.0,0,0,0,0,0,0,0.0,0.0,0.0,0.0,0.0,0.0,0.0,0.0,0.0,ROCK,0,0,0.0,0.0,SPARSE,0.43333,0.26536,0.0,0.0,0.3333,0.3333,0.3333,singular
2026-08-31T19:13:06,213,0.0,0.0,0.0,0.0,0.0,0.0,0.0,0.0,0.0,0,0,0,0,0,0,0.0,0.0,0.0,0.0,0.0,0.0,0.0,0.0,0.0,ROCK,0,0,0.0,0.0,SPARSE,0.45833,0.28081,0.0,0.0,0.3333,0.3333,0.3333,singular
2026-08-31T19:15:17,214,0.0,0.0,0.0,0.0,0.0,0.0,0.0,0.0,0.0,0,0,0,0,0,0,0.0,0.0,0.0,0.0,0.0,0.0,0.0,0.0,0.0,ROCK,0,0,0.0,0.0,SPARSE,0.48333,0.29598,0.0,0.0,0.3333,0.3333,0.3333,singular
2026-08-31T19:16:25,215,0.0,0.0,0.0,0.0,0.0,0.0,0.0,0.0,0.0,0,0,0,0,0,0,0.0,0.0,0.0,0.0,0.0,0.0,0.0,0.0,0.0,ROCK,0,0,0.0,0.0,SPARSE,0.50833,0.31141,0.0,0.0,0.3333,0.3333,0.3333,singular
2026-08-31T19:18:19,216,0.0,0.0,0.0,0.0,0.0,0.0,0.0,0.0,0.0,0,0,0,0,0,0,0.0,0.0,0.0,0.0,0.0,0.0,0.0,0.0,0.0,ROCK,0,0,0.0,0.0,SPARSE,0.48333,0.29651,0.0,0.0,0.3333,0.3333,0.3333,singular
2026-08-31T19:19:22,217,0.0,0.0,0.0,0.0,0.0,0.0,0.0,0.0,0.0,0,0,0,0,0,0,0.0,0.0,0.0,0.0,0.0,0.0,0.0,0.0,0.0,ROCK,0,0,0.0,0.0,SPARSE,0.48333,0.29598,0.0,0.0,0.3333,0.3333,0.3333,singular
2026-08-31T19:20:06,218,0.0,0.0,0.0,0.0,0.0,0.0,0.0,0.0,0.0,0,0,0,0,0,0,0.0,0.0,0.0,0.0,0.0,0.0,0.0,0.0,0.0,ROCK,0,0,0.0,0.0,SPARSE,0.48333,0.29598,0.0,0.0,0.3333,0.3333,0.3333,singular
2026-08-31T19:21:34,219,0.0,0.0,0.0,0.0,0.0,0.0,0.0,0.0,0.0,0,0,0,0,0,0,0.0,0.0,0.0,0.0,0.0,0.0,0.0,0.0,0.0,ROCK,0,0,0.0,0.0,SPARSE,0.50833,0.31141,0.0,0.0,0.3333,0.3333,0.3333,singular
2026-08-31T19:22:14,220,0.0,0.0,0.0,0.0,0.0,0.0,0.0,0.0,0.0,0,0,0,0,0,0,0.0,0.0,0.0,0.0,0.0,0.0,0.0,0.0,0.0,ROCK,0,0,0.0,0.0,SPARSE,0.48333,0.29651,0.0,0.0,0.3333,0.3333,0.3333,singular
2026-08-31T19:23:26,221,0.0,0.0,0.0,0.0,0.0,0.0,0.0,0.0,0.0,0,0,0,0,0,0,0.0,0.0,0.0,0.0,0.0,0.0,0.0,0.0,0.0,ROCK,0,0,0.0,0.0,SPARSE,0.48333,0.29651,0.0,0.0,0.3333,0.3333,0.3333,singular
2026-08-31T19:25:07,222,0.0,0.0,0.0,0.0,0.0,0.0,0.0,0.0,0.0,0,0,0,0,0,0,0.0,0.0,0.0,0.0,0.0,0.0,0.0,0.0,0.0,ROCK,0,0,0.0,0.0,SPARSE,0.50833,0.31141,0.0,0.0,0.3333,0.3333,0.3333,singular
2026-08-31T19:26:27,223,0.0,0.0,0.0,0.0,0.0,0.0,0.0,0.0,0.0,0,0,0,0,0,0,0.0,0.0,0.0,0.0,0.0,0.0,0.0,0.0,0.0,ROCK,0,0,0.0,0.0,SPARSE,0.50833,0.31141,0.0,0.0,0.3333,0.3333,0.3333,singular
2026-08-31T19:27:40,224,0.0,0.0,0.0,0.0,0.0,0.0,0.0,0.0,0.0,0,0,0,0,0,0,0.0,0.0,0.0,0.0,0.0,0.0,0.0,0.0,0.0,ROCK,0,0,0.0,0.0,SPARSE,0.50833,0.31141,0.0,0.0,0.3333,0.3333,0.3333,singular
2026-08-31T19:29:15,225,0.0,0.0,0.0,0.0,0.0,0.0,0.0,0.0,0.0,0,0,0,0,0,0,0.0,0.0,0.0,0.0,0.0,0.0,0.0,0.0,0.0,ROCK,0,0,0.0,0.0,SPARSE,0.50833,0.31141,0.0,0.0,0.3333,0.3333,0.3333,singular
2026-08-31T19:31:13,226,0.0,0.0,0.0,0.0,0.0,0.0,0.0,0.0,0.0,0,0,0,0,0,0,0.0,0.0,0.0,0.0,0.0,0.0,0.0,0.0,0.0,ROCK,0,0,0.0,0.0,SPARSE,0.53333,0.32708,0.0,0.0,0.3333,0.3333,0.3333,singular
2026-08-31T19:32:13,227,0.0,0.0,0.0,0.0,0.0,0.0,0.0,0.0,0.0,0,0,0,0,0,0,0.0,0.0,0.0,0.0,0.0,0.0,0.0,0.0,0.0,ROCK,0,0,0.0,0.0,SPARSE,0.53333,0.3266,0.0,0.0,0.3333,0.3333,0.3333,singular
2026-08-31T19:32:45,228,0.0,0.0,0.0,0.0,0.0,0.0,0.0,0.0,0.0,0,0,0,0,0,0,0.0,0.0,0.0,0.0,0.0,0.0,0.0,0.0,0.0,ROCK,0,0,0.0,0.0,SPARSE,0.53333,0.3266,0.0,0.0,0.3333,0.3333,0.3333,singular
2026-08-31T19:34:59,229,0.0,0.0,0.0,0.0,0.0,0.0,0.0,0.0,0.0,0,0,0,0,0,0,0.0,0.0,0.0,0.0,0.0,0.0,0.0,0.0,0.0,ROCK,0,0,0.0,0.0,SPARSE,0.55833,0.34202,0.0,0.0,0.3333,0.3333,0.3333,singular
2026-08-31T19:35:47,230,0.0,0.0,0.0,0.0,0.0,0.0,0.0,0.0,0.0,0,0,0,0,0,0,0.0,0.0,0.0,0.0,0.0,0.0,0.0,0.0,0.0,ROCK,0,0,0.0,0.0,SPARSE,0.58333,0.35765,0.0,0.0,0.3333,0.3333,0.3333,singular
2026-08-31T19:36:37,231,0.0,0.0,0.0,0.0,0.0,0.0,0.0,0.0,0.0,0,0,0,0,0,0,0.0,0.0,0.0,0.0,0.0,0.0,0.0,0.0,0.0,ROCK,0,0,0.0,0.0,SPARSE,0.60833,0.37263,0.0,0.0,0.3333,0.3333,0.3333,singular
2026-08-31T19:37:26,232,0.0,0.0,0.0,0.0,0.0,0.0,0.0,0.0,0.0,0,0,0,0,0,0,0.0,0.0,0.0,0.0,0.0,0.0,0.0,0.0,0.0,ROCK,0,0,0.0,0.0,SPARSE,0.60833,0.37263,0.0,0.0,0.3333,0.3333,0.3333,singular
2026-08-31T19:38:47,233,0.0,0.0,0.0,0.0,0.0,0.0,0.0,0.0,0.0,0,0,0,0,0,0,0.0,0.0,0.0,0.0,0.0,0.0,0.0,0.0,0.0,ROCK,0,0,0.0,0.0,SPARSE,0.60833,0.37263,0.0,0.0,0.3333,0.3333,0.3333,singular
2026-08-31T19:40:05,234,0.0,0.0,0.0,0.0,0.0,0.0,0.0,0.0,0.0,0,0,0,0,0,0,0.0,0.0,0.0,0.0,0.0,0.0,0.0,0.0,0.0,ROCK,0,0,0.0,0.0,SPARSE,0.60833,0.37263,0.0,0.0,0.3333,0.3333,0.3333,singular
2026-08-31T19:42:10,235,0.0,0.0,0.0,0.0,0.0,0.0,0.0,0.0,0.0,0,0,0,0,0,0,0.0,0.0,0.0,0.0,0.0,0.0,0.0,0.0,0.0,ROCK,0,0,0.0,0.0,SPARSE,0.60833,0.37263,0.0,0.0,0.3333,0.3333,0.3333,singular
2026-08-31T19:43:41,236,0.0,0.0,0.0,0.0,0.0,0.0,0.0,0.0,0.0,0,0,0,0,0,0,0.0,0.0,0.0,0.0,0.0,0.0,0.0,0.0,0.0,ROCK,0,0,0.0,0.0,SPARSE,0.60833,0.37263,0.0,0.0,0.3333,0.3333,0.3333,singular
2026-08-31T19:44:28,237,0.0,0.0,0.0,0.0,0.0,0.0,0.0,0.0,0.0,0,0,0,0,0,0,0.0,0.0,0.0,0.0,0.0,0.0,0.0,0.0,0.0,ROCK,0,0,0.0,0.0,SPARSE,0.60833,0.37263,0.0,0.0,0.3333,0.3333,0.3333,singular
2026-08-31T19:45:06,238,0.0,0.0,0.0,0.0,0.0,0.0,0.0,0.0,0.0,0,0,0,0,0,0,0.0,0.0,0.0,0.0,0.0,0.0,0.0,0.0,0.0,ROCK,0,0,0.0,0.0,SPARSE,0.60833,0.37263,0.0,0.0,0.3333,0.3333,0.3333,singular
2026-08-31T19:48:07,239,0.0,0.0,0.0,0.0,0.0,0.0,0.0,0.0,0.0,0,0,0,0,0,0,0.0,0.0,0.0,0.0,0.0,0.0,0.0,0.0,0.0,ROCK,0,0,0.0,0.0,SPARSE,0.60833,0.37347,0.0,0.0,0.3333,0.3333,0.3333,singular
2026-08-31T19:48:44,240,0.0,0.0,0.0,0.0,0.0,0.0,0.0,0.0,0.0,0,0,0,0,0,0,0.0,0.0,0.0,0.0,0.0,0.0,0.0,0.0,0.0,ROCK,0,0,0.0,0.0,SPARSE,0.60833,0.37347,0.0,0.0,0.3333,0.3333,0.3333,singular
2026-08-31T19:49:48,241,0.0,0.0,0.0,0.0,0.0,0.0,0.0,0.0,0.0,0,0,0,0,0,0,0.0,0.0,0.0,0.0,0.0,0.0,0.0,0.0,0.0,ROCK,0,0,0.0,0.0,SPARSE,0.60833,0.37347,0.0,0.0,0.3333,0.3333,0.3333,singular
2026-08-31T19:51:02,242,0.0,0.0,0.0,0.0,0.0,0.0,0.0,0.0,0.0,0,0,0,0,0,0,0.0,0.0,0.0,0.0,0.0,0.0,0.0,0.0,0.0,ROCK,0,0,0.0,0.0,SPARSE,0.60833,0.37347,0.0,0.0,0.3333,0.3333,0.3333,singular
2026-08-31T19:52:26,243,0.0,0.0,0.0,0.0,0.0,0.0,0.0,0.0,0.0,0,0,0,0,0,0,0.0,0.0,0.0,0.0,0.0,0.0,0.0,0.0,0.0,ROCK,0,0,0.0,0.0,SPARSE,0.58333,0.35765,0.0,0.0,0.3333,0.3333,0.3333,singular
2026-08-31T19:53:06,244,0.0,0.0,0.0,0.0,0.0,0.0,0.0,0.0,0.0,0,0,0,0,0,0,0.0,0.0,0.0,0.0,0.0,0.0,0.0,0.0,0.0,ROCK,0,0,0.0,0.0,SPARSE,0.58333,0.35722,0.0,0.0,0.3333,0.3333,0.3333,singular
2026-08-31T19:54:15,245,0.0,0.0,0.0,0.0,0.0,0.0,0.0,0.0,0.0,0,0,0,0,0,0,0.0,0.0,0.0,0.0,0.0,0.0,0.0,0.0,0.0,ROCK,0,0,0.0,0.0,SPARSE,0.55833,0.34202,0.0,0.0,0.3333,0.3333,0.3333,singular
2026-08-31T19:54:59,246,0.0,0.0,0.0,0.0,0.0,0.0,0.0,0.0,0.0,0,0,0,0,0,0,0.0,0.0,0.0,0.0,0.0,0.0,0.0,0.0,0.0,ROCK,0,0,0.0,0.0,SPARSE,0.58333,0.35765,0.0,0.0,0.3333,0.3333,0.3333,singular
2026-08-31T19:57:22,247,0.0,0.0,0.0,0.0,0.0,0.0,0.0,0.0,0.0,0,0,0,0,0,0,0.0,0.0,0.0,0.0,0.0,0.0,0.0,0.0,0.0,ROCK,0,0,0.0,0.0,SPARSE,0.55833,0.34293,0.0,0.0,0.3333,0.3333,0.3333,singular
2026-08-31T19:58:13,248,0.0,0.0,0.0,0.0,0.0,0.0,0.0,0.0,0.0,0,0,0,0,0,0,0.0,0.0,0.0,0.0,0.0,0.0,0.0,0.0,0.0,ROCK,0,0,0.0,0.0,SPARSE,0.55833,0.34293,0.0,0.0,0.3333,0.3333,0.3333,singular
2026-08-31T19:59:19,249,0.0,0.0,0.0,0.0,0.0,0.0,0.0,0.0,0.0,0,0,0,0,0,0,0.0,0.0,0.0,0.0,0.0,0.0,0.0,0.0,0.0,ROCK,0,0,0.0,0.0,SPARSE,0.55833,0.34293,0.0,0.0,0.3333,0.3333,0.3333,singular
2026-08-31T20:00:26,250,0.0,0.0,0.0,0.0,0.0,0.0,0.0,0.0,0.0,0,0,0,0,0,0,0.0,0.0,0.0,0.0,0.0,0.0,0.0,0.0,0.0,ROCK,0,0,0.0,0.0,SPARSE,0.53333,0.32708,0.0,0.0,0.3333,0.3333,0.3333,singular
2026-08-31T20:02:46,251,0.0,0.0,0.0,0.0,0.0,0.0,0.0,0.0,0.0,0,0,0,0,0,0,0.0,0.0,0.0,0.0,0.0,0.0,0.0,0.0,0.0,ROCK,0,0,0.0,0.0,SPARSE,0.53333,0.32708,0.0,0.0,0.3333,0.3333,0.3333,singular
2026-08-31T20:03:28,252,0.0,0.0,0.0,0.0,0.0,0.0,0.0,0.0,0.0,0,0,0,0,0,0,0.0,0.0,0.0,0.0,0.0,0.0,0.0,0.0,0.0,ROCK,0,0,0.0,0.0,SPARSE,0.55833,0.34202,0.0,0.0,0.3333,0.3333,0.3333,singular
2026-08-31T20:04:54,253,0.0,0.0,0.0,0.0,0.0,0.0,0.0,0.0,0.0,0,0,0,0,0,0,0.0,0.0,0.0,0.0,0.0,0.0,0.0,0.0,0.0,ROCK,0,0,0.0,0.0,SPARSE,0.58333,0.35722,0.0,0.0,0.3333,0.3333,0.3333,singular
2026-08-31T20:05:38,254,0.0,0.0,0.0,0.0,0.0,0.0,0.0,0.0,0.0,0,0,0,0,0,0,0.0,0.0,0.0,0.0,0.0,0.0,0.0,0.0,0.0,ROCK,0,0,0.0,0.0,SPARSE,0.58333,0.35722,0.0,0.0,0.3333,0.3333,0.3333,singular
2026-08-31T20:06:31,255,0.0,0.0,0.0,0.0,0.0,0.0,0.0,0.0,0.0,0,0,0,0,0,0,0.0,0.0,0.0,0.0,0.0,0.0,0.0,0.0,0.0,ROCK,0,0,0.0,0.0,SPARSE,0.60833,0.37263,0.0,0.0,0.3333,0.3333,0.3333,singular
2026-08-31T20:07:59,256,0.0,0.0,0.0,0.0,0.0,0.0,0.0,0.0,0.0,0,0,0,0,0,0,0.0,0.0,0.0,0.0,0.0,0.0,0.0,0.0,0.0,ROCK,0,0,0.0,0.0,SPARSE,0.60833,0.37347,0.0,0.0,0.3333,0.3333,0.3333,singular
2026-08-31T20:09:20,257,0.0,0.0,0.0,0.0,0.0,0.0,0.0,0.0,0.0,0,0,0,0,0,0,0.0,0.0,0.0,0.0,0.0,0.0,0.0,0.0,0.0,ROCK,0,0,0.0,0.0,SPARSE,0.60833,0.37347,0.0,0.0,0.3333,0.3333,0.3333,singular
2026-08-31T20:10:03,258,0.0,0.0,0.0,0.0,0.0,0.0,0.0,0.0,0.0,0,0,0,0,0,0,0.0,0.0,0.0,0.0,0.0,0.0,0.0,0.0,0.0,ROCK,0,0,0.0,0.0,SPARSE,0.58333,0.35896,0.0,0.0,0.3333,0.3333,0.3333,singular
2026-08-31T20:11:18,259,0.0,0.0,0.0,0.0,0.0,0.0,0.0,0.0,0.0,0,0,0,0,0,0,0.0,0.0,0.0,0.0,0.0,0.0,0.0,0.0,0.0,ROCK,0,0,0.0,0.0,SPARSE,0.55833,0.34475,0.0,0.0,0.3333,0.3333,0.3333,singular
2026-08-31T20:12:30,260,0.0,0.0,0.0,0.0,0.0,0.0,0.0,0.0,0.0,0,0,0,0,0,0,0.0,0.0,0.0,0.0,0.0,0.0,0.0,0.0,0.0,ROCK,0,0,0.0,0.0,SPARSE,0.58333,0.35896,0.0,0.0,0.3333,0.3333,0.3333,singular
2026-08-31T20:13:40,261,0.0,0.0,0.0,0.0,0.0,0.0,0.0,0.0,0.0,0,0,0,0,0,0,0.0,0.0,0.0,0.0,0.0,0.0,0.0,0.0,0.0,ROCK,0,0,0.0,0.0,SPARSE,0.58333,0.35896,0.0,0.0,0.3333,0.3333,0.3333,singular
2026-08-31T20:15:53,262,0.0,0.0,0.0,0.0,0.0,0.0,0.0,0.0,0.0,0,0,0,0,0,0,0.0,0.0,0.0,0.0,0.0,0.0,0.0,0.0,0.0,ROCK,0,0,0.0,0.0,SPARSE,0.55833,0.34293,0.0,0.0,0.3333,0.3333,0.3333,singular
2026-08-31T20:17:04,263,0.0,0.0,0.0,0.0,0.0,0.0,0.0,0.0,0.0,0,0,0,0,0,0,0.0,0.0,0.0,0.0,0.0,0.0,0.0,0.0,0.0,ROCK,0,0,0.0,0.0,SPARSE,0.55833,0.34293,0.0,0.0,0.3333,0.3333,0.3333,singular
2026-08-31T20:18:02,264,0.0,0.0,0.0,0.0,0.0,0.0,0.0,0.0,0.0,0,0,0,0,0,0,0.0,0.0,0.0,0.0,0.0,0.0,0.0,0.0,0.0,ROCK,0,0,0.0,0.0,SPARSE,0.55833,0.34475,0.0,0.0,0.3333,0.3333,0.3333,singular
2026-08-31T20:21:50,265,0.0,0.0,0.0,0.0,0.0,0.0,0.0,0.0,0.0,0,0,0,0,0,0,0.0,0.0,0.0,0.0,0.0,0.0,0.0,0.0,0.0,ROCK,0,0,0.0,0.0,SPARSE,0.53333,0.32851,0.0,0.0,0.3333,0.3333,0.3333,singular
2026-08-31T20:22:55,266,0.0,0.0,0.0,0.0,0.0,0.0,0.0,0.0,0.0,0,0,0,0,0,0,0.0,0.0,0.0,0.0,0.0,0.0,0.0,0.0,0.0,ROCK,0,0,0.0,0.0,SPARSE,0.55833,0.34293,0.0,0.0,0.3333,0.3333,0.3333,singular
2026-08-31T20:24:47,267,0.0,0.0,0.0,0.0,0.0,0.0,0.0,0.0,0.0,0,0,0,0,0,0,0.0,0.0,0.0,0.0,0.0,0.0,0.0,0.0,0.0,ROCK,0,0,0.0,0.0,SPARSE,0.58333,0.35765,0.0,0.0,0.3333,0.3333,0.3333,singular
2026-08-31T20:25:50,268,0.0,0.0,0.0,0.0,0.0,0.0,0.0,0.0,0.0,0,0,0,0,0,0,0.0,0.0,0.0,0.0,0.0,0.0,0.0,0.0,0.0,ROCK,0,0,0.0,0.0,SPARSE,0.60833,0.37263,0.0,0.0,0.3333,0.3333,0.3333,singular
2026-08-31T20:27:50,269,0.0,0.0,0.0,0.0,0.0,0.0,0.0,0.0,0.0,0,0,0,0,0,0,0.0,0.0,0.0,0.0,0.0,0.0,0.0,0.0,0.0,ROCK,0,0,0.0,0.0,SPARSE,0.58333,0.35722,0.0,0.0,0.3333,0.3333,0.3333,singular
2026-08-31T20:29:43,270,0.0,0.0,0.0,0.0,0.0,0.0,0.0,0.0,0.0,0,0,0,0,0,0,0.0,0.0,0.0,0.0,0.0,0.0,0.0,0.0,0.0,ROCK,0,0,0.0,0.0,SPARSE,0.58333,0.35722,0.0,0.0,0.3333,0.3333,0.3333,singular
2026-08-31T20:30:53,271,0.0,0.0,0.0,0.0,0.0,0.0,0.0,0.0,0.0,0,0,0,0,0,0,0.0,0.0,0.0,0.0,0.0,0.0,0.0,0.0,0.0,ROCK,0,0,0.0,0.0,SPARSE,0.58333,0.35722,0.0,0.0,0.3333,0.3333,0.3333,singular
2026-08-31T20:32:10,272,0.0,0.0,0.0,0.0,0.0,0.0,0.0,0.0,0.0,0,0,0,0,0,0,0.0,0.0,0.0,0.0,0.0,0.0,0.0,0.0,0.0,ROCK,0,0,0.0,0.0,SPARSE,0.58333,0.35722,0.0,0.0,0.3333,0.3333,0.3333,singular
2026-08-31T20:32:55,273,0.0,0.0,0.0,0.0,0.0,0.0,0.0,0.0,0.0,0,0,0,0,0,0,0.0,0.0,0.0,0.0,0.0,0.0,0.0,0.0,0.0,ROCK,0,0,0.0,0.0,SPARSE,0.58333,0.35722,0.0,0.0,0.3333,0.3333,0.3333,singular
2026-08-31T20:34:43,274,0.0,0.0,0.0,0.0,0.0,0.0,0.0,0.0,0.0,0,0,0,0,0,0,0.0,0.0,0.0,0.0,0.0,0.0,0.0,0.0,0.0,ROCK,0,0,0.0,0.0,SPARSE,0.60833,0.37263,0.0,0.0,0.3333,0.3333,0.3333,singular
2026-08-31T20:35:39,275,0.0,0.0,0.0,0.0,0.0,0.0,0.0,0.0,0.0,0,0,0,0,0,0,0.0,0.0,0.0,0.0,0.0,0.0,0.0,0.0,0.0,ROCK,0,0,0.0,0.0,SPARSE,0.63333,0.38784,0.0,0.0,0.3333,0.3333,0.3333,singular
2026-08-31T20:36:23,276,0.0,0.0,0.0,0.0,0.0,0.0,0.0,0.0,0.0,0,0,0,0,0,0,0.0,0.0,0.0,0.0,0.0,0.0,0.0,0.0,0.0,ROCK,0,0,0.0,0.0,SPARSE,0.60833,0.37263,0.0,0.0,0.3333,0.3333,0.3333,singular
2026-08-31T20:37:01,277,0.0,0.0,0.0,0.0,0.0,0.0,0.0,0.0,0.0,0,0,0,0,0,0,0.0,0.0,0.0,0.0,0.0,0.0,0.0,0.0,0.0,ROCK,0,0,0.0,0.0,SPARSE,0.60833,0.37263,0.0,0.0,0.3333,0.3333,0.3333,singular
2026-08-31T20:38:55,278,0.0,0.0,0.0,0.0,0.0,0.0,0.0,0.0,0.0,0,0,0,0,0,0,0.0,0.0,0.0,0.0,0.0,0.0,0.0,0.0,0.0,ROCK,0,0,0.0,0.0,SPARSE,0.63333,0.38824,0.0,0.0,0.3333,0.3333,0.3333,singular
2026-08-31T20:39:43,279,0.0,0.0,0.0,0.0,0.0,0.0,0.0,0.0,0.0,0,0,0,0,0,0,0.0,0.0,0.0,0.0,0.0,0.0,0.0,0.0,0.0,ROCK,0,0,0.0,0.0,SPARSE,0.65833,0.40324,0.0,0.0,0.3333,0.3333,0.3333,singular
2026-08-31T20:40:13,280,0.0,0.0,0.0,0.0,0.0,0.0,0.0,0.0,0.0,0,0,0,0,0,0,0.0,0.0,0.0,0.0,0.0,0.0,0.0,0.0,0.0,ROCK,0,0,0.0,0.0,SPARSE,0.65833,0.40324,0.0,0.0,0.3333,0.3333,0.3333,singular
2026-08-31T20:41:23,281,0.0,0.0,0.0,0.0,0.0,0.0,0.0,0.0,0.0,0,0,0,0,0,0,0.0,0.0,0.0,0.0,0.0,0.0,0.0,0.0,0.0,ROCK,0,0,0.0,0.0,SPARSE,0.65833,0.40324,0.0,0.0,0.3333,0.3333,0.3333,singular
2026-08-31T20:42:36,282,0.0,0.0,0.0,0.0,0.0,0.0,0.0,0.0,0.0,0,0,0,0,0,0,0.0,0.0,0.0,0.0,0.0,0.0,0.0,0.0,0.0,ROCK,0,0,0.0,0.0,SPARSE,0.63333,0.38824,0.0,0.0,0.3333,0.3333,0.3333,singular
2026-08-31T20:45:53,283,0.0,0.0,0.0,0.0,0.0,0.0,0.0,0.0,0.0,0,0,0,0,0,0,0.0,0.0,0.0,0.0,0.0,0.0,0.0,0.0,0.0,ROCK,0,0,0.0,0.0,SPARSE,0.63333,0.38784,0.0,0.0,0.3333,0.3333,0.3333,singular
2026-08-31T20:46:43,284,0.0,0.0,0.0,0.0,0.0,0.0,0.0,0.0,0.0,0,0,0,0,0,0,0.0,0.0,0.0,0.0,0.0,0.0,0.0,0.0,0.0,ROCK,0,0,0.0,0.0,SPARSE,0.60833,0.37263,0.0,0.0,0.3333,0.3333,0.3333,singular
2026-08-31T20:48:09,285,0.0,0.0,0.0,0.0,0.0,0.0,0.0,0.0,0.0,0,0,0,0,0,0,0.0,0.0,0.0,0.0,0.0,0.0,0.0,0.0,0.0,ROCK,0,0,0.0,0.0,SPARSE,0.60833,0.37263,0.0,0.0,0.3333,0.3333,0.3333,singular
2026-08-31T20:49:33,286,0.0,0.0,0.0,0.0,0.0,0.0,0.0,0.0,0.0,0,0,0,0,0,0,0.0,0.0,0.0,0.0,0.0,0.0,0.0,0.0,0.0,ROCK,0,0,0.0,0.0,SPARSE,0.58333,0.35722,0.0,0.0,0.3333,0.3333,0.3333,singular
2026-08-31T20:50:49,287,0.0,0.0,0.0,0.0,0.0,0.0,0.0,0.0,0.0,0,0,0,0,0,0,0.0,0.0,0.0,0.0,0.0,0.0,0.0,0.0,0.0,ROCK,0,0,0.0,0.0,SPARSE,0.55833,0.34202,0.0,0.0,0.3333,0.3333,0.3333,singular
2026-08-31T20:52:46,288,0.0,0.0,0.0,0.0,0.0,0.0,0.0,0.0,0.0,0,0,0,0,0,0,0.0,0.0,0.0,0.0,0.0,0.0,0.0,0.0,0.0,ROCK,0,0,0.0,0.0,SPARSE,0.58333,0.35722,0.0,0.0,0.3333,0.3333,0.3333,singular
2026-08-31T20:53:40,289,0.0,0.0,0.0,0.0,0.0,0.0,0.0,0.0,0.0,0,0,0,0,0,0,0.0,0.0,0.0,0.0,0.0,0.0,0.0,0.0,0.0,ROCK,0,0,0.0,0.0,SPARSE,0.60833,0.37263,0.0,0.0,0.3333,0.3333,0.3333,singular
2026-08-31T20:54:17,290,0.0,0.0,0.0,0.0,0.0,0.0,0.0,0.0,0.0,0,0,0,0,0,0,0.0,0.0,0.0,0.0,0.0,0.0,0.0,0.0,0.0,ROCK,0,0,0.0,0.0,SPARSE,0.60833,0.37263,0.0,0.0,0.3333,0.3333,0.3333,singular
2026-08-31T20:55:20,291,0.0,0.0,0.0,0.0,0.0,0.0,0.0,0.0,0.0,0,0,0,0,0,0,0.0,0.0,0.0,0.0,0.0,0.0,0.0,0.0,0.0,ROCK,0,0,0.0,0.0,SPARSE,0.60833,0.37263,0.0,0.0,0.3333,0.3333,0.3333,singular
2026-08-31T20:56:33,292,0.0,0.0,0.0,0.0,0.0,0.0,0.0,0.0,0.0,0,0,0,0,0,0,0.0,0.0,0.0,0.0,0.0,0.0,0.0,0.0,0.0,ROCK,0,0,0.0,0.0,SPARSE,0.60833,0.37263,0.0,0.0,0.3333,0.3333,0.3333,singular
2026-08-31T20:57:49,293,0.0,0.0,0.0,0.0,0.0,0.0,0.0,0.0,0.0,0,0,0,0,0,0,0.0,0.0,0.0,0.0,0.0,0.0,0.0,0.0,0.0,ROCK,0,0,0.0,0.0,SPARSE,0.58333,0.35765,0.0,0.0,0.3333,0.3333,0.3333,singular
2026-08-31T20:58:53,294,0.0,0.0,0.0,0.0,0.0,0.0,0.0,0.0,0.0,0,0,0,0,0,0,0.0,0.0,0.0,0.0,0.0,0.0,0.0,0.0,0.0,ROCK,0,0,0.0,0.0,SPARSE,0.58333,0.35765,0.0,0.0,0.3333,0.3333,0.3333,singular
2026-08-31T20:59:58,295,0.0,0.0,0.0,0.0,0.0,0.0,0.0,0.0,0.0,0,0,0,0,0,0,0.0,0.0,0.0,0.0,0.0,0.0,0.0,0.0,0.0,ROCK,0,0,0.0,0.0,SPARSE,0.55833,0.34293,0.0,0.0,0.3333,0.3333,0.3333,singular
2026-08-31T21:00:48,296,0.0,0.0,0.0,0.0,0.0,0.0,0.0,0.0,0.0,0,0,0,0,0,0,0.0,0.0,0.0,0.0,0.0,0.0,0.0,0.0,0.0,ROCK,0,0,0.0,0.0,SPARSE,0.58333,0.35765,0.0,0.0,0.3333,0.3333,0.3333,singular
2026-08-31T21:01:46,297,0.0,0.0,0.0,0.0,0.0,0.0,0.0,0.0,0.0,0,0,0,0,0,0,0.0,0.0,0.0,0.0,0.0,0.0,0.0,0.0,0.0,ROCK,0,0,0.0,0.0,SPARSE,0.60833,0.37347,0.0,0.0,0.3333,0.3333,0.3333,singular
2026-08-31T21:02:47,298,0.0,0.0,0.0,0.0,0.0,0.0,0.0,0.0,0.0,0,0,0,0,0,0,0.0,0.0,0.0,0.0,0.0,0.0,0.0,0.0,0.0,ROCK,0,0,0.0,0.0,SPARSE,0.63333,0.38824,0.0,0.0,0.3333,0.3333,0.3333,singular
2026-08-31T21:03:58,299,0.0,0.0,0.0,0.0,0.0,0.0,0.0,0.0,0.0,0,0,0,0,0,0,0.0,0.0,0.0,0.0,0.0,0.0,0.0,0.0,0.0,ROCK,0,0,0.0,0.0,SPARSE,0.63333,0.38824,0.0,0.0,0.3333,0.3333,0.3333,singular
2026-08-31T21:05:01,300,0.0,0.0,0.0,0.0,0.0,0.0,0.0,0.0,0.0,0,0,0,0,0,0,0.0,0.0,0.0,0.0,0.0,0.0,0.0,0.0,0.0,ROCK,0,0,0.0,0.0,SPARSE,0.63333,0.38824,0.0,0.0,0.3333,0.3333,0.3333,singular
2026-08-31T21:07:01,301,0.0,0.0,0.0,0.0,0.0,0.0,0.0,0.0,0.0,0,0,0,0,0,0,0.0,0.0,0.0,0.0,0.0,0.0,0.0,0.0,0.0,ROCK,0,0,0.0,0.0,SPARSE,0.63333,0.38784,0.0,0.0,0.3333,0.3333,0.3333,singular
2026-08-31T21:08:20,302,0.0,0.0,0.0,0.0,0.0,0.0,0.0,0.0,0.0,0,0,0,0,0,0,0.0,0.0,0.0,0.0,0.0,0.0,0.0,0.0,0.0,ROCK,0,0,0.0,0.0,SPARSE,0.63333,0.38784,0.0,0.0,0.3333,0.3333,0.3333,singular
2026-08-31T21:09:58,303,0.0,0.0,0.0,0.0,0.0,0.0,0.0,0.0,0.0,0,0,0,0,0,0,0.0,0.0,0.0,0.0,0.0,0.0,0.0,0.0,0.0,ROCK,0,0,0.0,0.0,SPARSE,0.63333,0.38784,0.0,0.0,0.3333,0.3333,0.3333,singular
2026-08-31T21:12:03,304,0.0,0.0,0.0,0.0,0.0,0.0,0.0,0.0,0.0,0,0,0,0,0,0,0.0,0.0,0.0,0.0,0.0,0.0,0.0,0.0,0.0,ROCK,0,0,0.0,0.0,SPARSE,0.63333,0.38784,0.0,0.0,0.3333,0.3333,0.3333,singular
2026-08-31T21:13:23,305,0.0,0.0,0.0,0.0,0.0,0.0,0.0,0.0,0.0,0,0,0,0,0,0,0.0,0.0,0.0,0.0,0.0,0.0,0.0,0.0,0.0,ROCK,0,0,0.0,0.0,SPARSE,0.60833,0.37263,0.0,0.0,0.3333,0.3333,0.3333,singular
2026-08-31T21:14:08,306,0.0,0.0,0.0,0.0,0.0,0.0,0.0,0.0,0.0,0,0,0,0,0,0,0.0,0.0,0.0,0.0,0.0,0.0,0.0,0.0,0.0,ROCK,0,0,0.0,0.0,SPARSE,0.60833,0.37263,0.0,0.0,0.3333,0.3333,0.3333,singular
2026-08-31T21:14:38,307,0.0,0.0,0.0,0.0,0.0,0.0,0.0,0.0,0.0,0,0,0,0,0,0,0.0,0.0,0.0,0.0,0.0,0.0,0.0,0.0,0.0,ROCK,0,0,0.0,0.0,SPARSE,0.63333,0.38784,0.0,0.0,0.3333,0.3333,0.3333,singular
2026-08-31T21:16:14,308,0.0,0.0,0.0,0.0,0.0,0.0,0.0,0.0,0.0,0,0,0,0,0,0,0.0,0.0,0.0,0.0,0.0,0.0,0.0,0.0,0.0,ROCK,0,0,0.0,0.0,SPARSE,0.63333,0.38784,0.0,0.0,0.3333,0.3333,0.3333,singular
2026-08-31T21:17:57,309,0.0,0.0,0.0,0.0,0.0,0.0,0.0,0.0,0.0,0,0,0,0,0,0,0.0,0.0,0.0,0.0,0.0,0.0,0.0,0.0,0.0,ROCK,0,0,0.0,0.0,SPARSE,0.60833,0.37263,0.0,0.0,0.3333,0.3333,0.3333,singular
2026-08-31T21:19:01,310,0.0,0.0,0.0,0.0,0.0,0.0,0.0,0.0,0.0,0,0,0,0,0,0,0.0,0.0,0.0,0.0,0.0,0.0,0.0,0.0,0.0,ROCK,0,0,0.0,0.0,SPARSE,0.58333,0.35722,0.0,0.0,0.3333,0.3333,0.3333,singular
2026-08-31T21:19:34,311,0.0,0.0,0.0,0.0,0.0,0.0,0.0,0.0,0.0,0,0,0,0,0,0,0.0,0.0,0.0,0.0,0.0,0.0,0.0,0.0,0.0,ROCK,0,0,0.0,0.0,SPARSE,0.55833,0.34202,0.0,0.0,0.3333,0.3333,0.3333,singular
2026-08-31T21:20:29,312,0.0,0.0,0.0,0.0,0.0,0.0,0.0,0.0,0.0,0,0,0,0,0,0,0.0,0.0,0.0,0.0,0.0,0.0,0.0,0.0,0.0,ROCK,0,0,0.0,0.0,SPARSE,0.55833,0.34202,0.0,0.0,0.3333,0.3333,0.3333,singular
2026-08-31T21:23:20,313,0.0,0.0,0.0,0.0,0.0,0.0,0.0,0.0,0.0,0,0,0,0,0,0,0.0,0.0,0.0,0.0,0.0,0.0,0.0,0.0,0.0,ROCK,0,0,0.0,0.0,SPARSE,0.53333,0.32708,0.0,0.0,0.3333,0.3333,0.3333,singular
2026-08-31T21:23:56,314,0.0,0.0,0.0,0.0,0.0,0.0,0.0,0.0,0.0,0,0,0,0,0,0,0.0,0.0,0.0,0.0,0.0,0.0,0.0,0.0,0.0,ROCK,0,0,0.0,0.0,SPARSE,0.53333,0.32708,0.0,0.0,0.3333,0.3333,0.3333,singular
2026-08-31T21:31:04,315,0.0,0.0,0.0,0.0,0.0,0.0,0.0,0.0,0.0,0,0,0,0,0,0,0.0,0.0,0.0,0.0,0.0,0.0,0.0,0.0,0.0,ROCK,0,0,0.0,0.0,SPARSE,0.55833,0.34293,0.0,0.0,0.3333,0.3333,0.3333,singular
2026-08-31T21:31:45,316,0.0,0.0,0.0,0.0,0.0,0.0,0.0,0.0,0.0,0,0,0,0,0,0,0.0,0.0,0.0,0.0,0.0,0.0,0.0,0.0,0.0,ROCK,0,0,0.0,0.0,SPARSE,0.53333,0.32708,0.0,0.0,0.3333,0.3333,0.3333,singular
2026-08-31T21:34:44,317,0.0,0.0,0.0,0.0,0.0,0.0,0.0,0.0,0.0,0,0,0,0,0,0,0.0,0.0,0.0,0.0,0.0,0.0,0.0,0.0,0.0,ROCK,0,0,0.0,0.0,SPARSE,0.53333,0.32708,0.0,0.0,0.3333,0.3333,0.3333,singular
2026-08-31T21:35:39,318,0.0,0.0,0.0,0.0,0.0,0.0,0.0,0.0,0.0,0,0,0,0,0,0,0.0,0.0,0.0,0.0,0.0,0.0,0.0,0.0,0.0,ROCK,0,0,0.0,0.0,SPARSE,0.53333,0.32708,0.0,0.0,0.3333,0.3333,0.3333,singular
2026-08-31T21:37:44,319,0.0,0.0,0.0,0.0,0.0,0.0,0.0,0.0,0.0,0,0,0,0,0,0,0.0,0.0,0.0,0.0,0.0,0.0,0.0,0.0,0.0,ROCK,0,0,0.0,0.0,SPARSE,0.53333,0.32708,0.0,0.0,0.3333,0.3333,0.3333,singular
2026-08-31T21:38:36,320,0.0,0.0,0.0,0.0,0.0,0.0,0.0,0.0,0.0,0,0,0,0,0,0,0.0,0.0,0.0,0.0,0.0,0.0,0.0,0.0,0.0,ROCK,0,0,0.0,0.0,SPARSE,0.53333,0.32708,0.0,0.0,0.3333,0.3333,0.3333,singular
2026-08-31T21:39:54,321,0.0,0.0,0.0,0.0,0.0,0.0,0.0,0.0,0.0,0,0,0,0,0,0,0.0,0.0,0.0,0.0,0.0,0.0,0.0,0.0,0.0,ROCK,0,0,0.0,0.0,SPARSE,0.53333,0.32708,0.0,0.0,0.3333,0.3333,0.3333,singular
2026-08-31T21:40:37,322,0.0,0.0,0.0,0.0,0.0,0.0,0.0,0.0,0.0,0,0,0,0,0,0,0.0,0.0,0.0,0.0,0.0,0.0,0.0,0.0,0.0,ROCK,0,0,0.0,0.0,SPARSE,0.50833,0.31242,0.0,0.0,0.3333,0.3333,0.3333,singular
2026-08-31T21:43:48,323,0.0,0.0,0.0,0.0,0.0,0.0,0.0,0.0,0.0,0,0,0,0,0,0,0.0,0.0,0.0,0.0,0.0,0.0,0.0,0.0,0.0,ROCK,0,0,0.0,0.0,SPARSE,0.50833,0.31242,0.0,0.0,0.3333,0.3333,0.3333,singular
2026-08-31T21:44:34,324,0.0,0.0,0.0,0.0,0.0,0.0,0.0,0.0,0.0,0,0,0,0,0,0,0.0,0.0,0.0,0.0,0.0,0.0,0.0,0.0,0.0,ROCK,0,0,0.0,0.0,SPARSE,0.50833,0.31242,0.0,0.0,0.3333,0.3333,0.3333,singular
2026-08-31T21:45:37,325,0.0,0.0,0.0,0.0,0.0,0.0,0.0,0.0,0.0,0,0,0,0,0,0,0.0,0.0,0.0,0.0,0.0,0.0,0.0,0.0,0.0,ROCK,0,0,0.0,0.0,SPARSE,0.53333,0.32708,0.0,0.0,0.3333,0.3333,0.3333,singular
2026-08-31T21:46:37,326,0.0,0.0,0.0,0.0,0.0,0.0,0.0,0.0,0.0,0,0,0,0,0,0,0.0,0.0,0.0,0.0,0.0,0.0,0.0,0.0,0.0,ROCK,0,0,0.0,0.0,SPARSE,0.53333,0.32708,0.0,0.0,0.3333,0.3333,0.3333,singular
2026-08-31T21:48:10,327,0.0,0.0,0.0,0.0,0.0,0.0,0.0,0.0,0.0,0,0,0,0,0,0,0.0,0.0,0.0,0.0,0.0,0.0,0.0,0.0,0.0,ROCK,0,0,0.0,0.0,SPARSE,0.53333,0.32708,0.0,0.0,0.3333,0.3333,0.3333,singular
2026-08-31T21:48:49,328,0.0,0.0,0.0,0.0,0.0,0.0,0.0,0.0,0.0,0,0,0,0,0,0,0.0,0.0,0.0,0.0,0.0,0.0,0.0,0.0,0.0,ROCK,0,0,0.0,0.0,SPARSE,0.53333,0.32708,0.0,0.0,0.3333,0.3333,0.3333,singular
2026-08-31T21:50:06,329,0.0,0.0,0.0,0.0,0.0,0.0,0.0,0.0,0.0,0,0,0,0,0,0,0.0,0.0,0.0,0.0,0.0,0.0,0.0,0.0,0.0,ROCK,0,0,0.0,0.0,SPARSE,0.50833,0.31242,0.0,0.0,0.3333,0.3333,0.3333,singular
2026-08-31T21:52:50,330,0.0,0.0,0.0,0.0,0.0,0.0,0.0,0.0,0.0,0,0,0,0,0,0,0.0,0.0,0.0,0.0,0.0,0.0,0.0,0.0,0.0,ROCK,0,0,0.0,0.0,SPARSE,0.50833,0.31242,0.0,0.0,0.3333,0.3333,0.3333,singular
2026-08-31T21:53:53,331,0.0,0.0,0.0,0.0,0.0,0.0,0.0,0.0,0.0,0,0,0,0,0,0,0.0,0.0,0.0,0.0,0.0,0.0,0.0,0.0,0.0,ROCK,0,0,0.0,0.0,SPARSE,0.50833,0.31242,0.0,0.0,0.3333,0.3333,0.3333,singular
2026-08-31T21:54:24,332,0.0,0.0,0.0,0.0,0.0,0.0,0.0,0.0,0.0,0,0,0,0,0,0,0.0,0.0,0.0,0.0,0.0,0.0,0.0,0.0,0.0,ROCK,0,0,0.0,0.0,SPARSE,0.50833,0.31242,0.0,0.0,0.3333,0.3333,0.3333,singular
2026-08-31T21:55:35,333,0.0,0.0,0.0,0.0,0.0,0.0,0.0,0.0,0.0,0,0,0,0,0,0,0.0,0.0,0.0,0.0,0.0,0.0,0.0,0.0,0.0,ROCK,0,0,0.0,0.0,SPARSE,0.50833,0.31242,0.0,0.0,0.3333,0.3333,0.3333,singular
2026-08-31T21:56:50,334,0.0,0.0,0.0,0.0,0.0,0.0,0.0,0.0,0.0,0,0,0,0,0,0,0.0,0.0,0.0,0.0,0.0,0.0,0.0,0.0,0.0,ROCK,0,0,0.0,0.0,SPARSE,0.50833,0.31242,0.0,0.0,0.3333,0.3333,0.3333,singular
2026-08-31T21:58:49,335,0.0,0.0,0.0,0.0,0.0,0.0,0.0,0.0,0.0,0,0,0,0,0,0,0.0,0.0,0.0,0.0,0.0,0.0,0.0,0.0,0.0,ROCK,0,0,0.0,0.0,SPARSE,0.50833,0.31242,0.0,0.0,0.3333,0.3333,0.3333,singular
2026-08-31T21:59:29,336,0.0,0.0,0.0,0.0,0.0,0.0,0.0,0.0,0.0,0,0,0,0,0,0,0.0,0.0,0.0,0.0,0.0,0.0,0.0,0.0,0.0,ROCK,0,0,0.0,0.0,SPARSE,0.50833,0.31441,0.0,0.0,0.3333,0.3333,0.3333,singular
2026-08-31T22:00:43,337,0.0,0.0,0.0,0.0,0.0,0.0,0.0,0.0,0.0,0,0,0,0,0,0,0.0,0.0,0.0,0.0,0.0,0.0,0.0,0.0,0.0,ROCK,0,0,0.0,0.0,SPARSE,0.50833,0.31441,0.0,0.0,0.3333,0.3333,0.3333,singular
2026-08-31T22:02:58,338,0.0,0.0,0.0,0.0,0.0,0.0,0.0,0.0,0.0,0,0,0,0,0,0,0.0,0.0,0.0,0.0,0.0,0.0,0.0,0.0,0.0,ROCK,0,0,0.0,0.0,SPARSE,0.53333,0.33088,0.0,0.0,0.3333,0.3333,0.3333,singular
2026-08-31T22:04:44,339,0.0,0.0,0.0,0.0,0.0,0.0,0.0,0.0,0.0,0,0,0,0,0,0,0.0,0.0,0.0,0.0,0.0,0.0,0.0,0.0,0.0,ROCK,0,0,0.0,0.0,SPARSE,0.53333,0.33088,0.0,0.0,0.3333,0.3333,0.3333,singular
2026-08-31T22:05:24,340,0.0,0.0,0.0,0.0,0.0,0.0,0.0,0.0,0.0,0,0,0,0,0,0,0.0,0.0,0.0,0.0,0.0,0.0,0.0,0.0,0.0,ROCK,0,0,0.0,0.0,SPARSE,0.53333,0.33088,0.0,0.0,0.3333,0.3333,0.3333,singular
2026-08-31T22:06:09,341,0.0,0.0,0.0,0.0,0.0,0.0,0.0,0.0,0.0,0,0,0,0,0,0,0.0,0.0,0.0,0.0,0.0,0.0,0.0,0.0,0.0,ROCK,0,0,0.0,0.0,SPARSE,0.53333,0.33088,0.0,0.0,0.3333,0.3333,0.3333,singular
2026-08-31T22:06:57,342,0.0,0.0,0.0,0.0,0.0,0.0,0.0,0.0,0.0,0,0,0,0,0,0,0.0,0.0,0.0,0.0,0.0,0.0,0.0,0.0,0.0,ROCK,0,0,0.0,0.0,SPARSE,0.53333,0.32851,0.0,0.0,0.3333,0.3333,0.3333,singular
2026-08-31T22:09:07,343,0.0,0.0,0.0,0.0,0.0,0.0,0.0,0.0,0.0,0,0,0,0,0,0,0.0,0.0,0.0,0.0,0.0,0.0,0.0,0.0,0.0,ROCK,0,0,0.0,0.0,SPARSE,0.53333,0.32851,0.0,0.0,0.3333,0.3333,0.3333,singular
2026-08-31T22:10:14,344,0.0,0.0,0.0,0.0,0.0,0.0,0.0,0.0,0.0,0,0,0,0,0,0,0.0,0.0,0.0,0.0,0.0,0.0,0.0,0.0,0.0,ROCK,0,0,0.0,0.0,SPARSE,0.53333,0.33088,0.0,0.0,0.3333,0.3333,0.3333,singular
2026-08-31T22:12:00,345,0.0,0.0,0.0,0.0,0.0,0.0,0.0,0.0,0.0,0,0,0,0,0,0,0.0,0.0,0.0,0.0,0.0,0.0,0.0,0.0,0.0,ROCK,0,0,0.0,0.0,SPARSE,0.53333,0.33088,0.0,0.0,0.3333,0.3333,0.3333,singular
2026-08-31T22:13:12,346,0.0,0.0,0.0,0.0,0.0,0.0,0.0,0.0,0.0,0,0,0,0,0,0,0.0,0.0,0.0,0.0,0.0,0.0,0.0,0.0,0.0,ROCK,0,0,0.0,0.0,SPARSE,0.53333,0.33088,0.0,0.0,0.3333,0.3333,0.3333,singular
2026-08-31T22:14:17,347,0.0,0.0,0.0,0.0,0.0,0.0,0.0,0.0,0.0,0,0,0,0,0,0,0.0,0.0,0.0,0.0,0.0,0.0,0.0,0.0,0.0,ROCK,0,0,0.0,0.0,SPARSE,0.50833,0.31738,0.0,0.0,0.3333,0.3333,0.3333,singular
2026-08-31T22:14:58,348,0.0,0.0,0.0,0.0,0.0,0.0,0.0,0.0,0.0,0,0,0,0,0,0,0.0,0.0,0.0,0.0,0.0,0.0,0.0,0.0,0.0,ROCK,0,0,0.0,0.0,SPARSE,0.48333,0.30431,0.0,0.0,0.3333,0.3333,0.3333,singular
2026-08-31T22:16:02,349,0.0,0.0,0.0,0.0,0.0,0.0,0.0,0.0,0.0,0,0,0,0,0,0,0.0,0.0,0.0,0.0,0.0,0.0,0.0,0.0,0.0,ROCK,0,0,0.0,0.0,SPARSE,0.48333,0.30431,0.0,0.0,0.3333,0.3333,0.3333,singular
2026-08-31T22:17:05,350,0.0,0.0,0.0,0.0,0.0,0.0,0.0,0.0,0.0,0,0,0,0,0,0,0.0,0.0,0.0,0.0,0.0,0.0,0.0,0.0,0.0,ROCK,0,0,0.0,0.0,SPARSE,0.48333,0.30431,0.0,0.0,0.3333,0.3333,0.3333,singular
2026-08-31T22:17:50,351,0.0,0.0,0.0,0.0,0.0,0.0,0.0,0.0,0.0,0,0,0,0,0,0,0.0,0.0,0.0,0.0,0.0,0.0,0.0,0.0,0.0,ROCK,0,0,0.0,0.0,SPARSE,0.45833,0.29173,0.0,0.0,0.3333,0.3333,0.3333,singular
2026-08-31T22:18:33,352,0.0,0.0,0.0,0.0,0.0,0.0,0.0,0.0,0.0,0,0,0,0,0,0,0.0,0.0,0.0,0.0,0.0,0.0,0.0,0.0,0.0,ROCK,0,0,0.0,0.0,SPARSE,0.43333,0.27462,0.0,0.0,0.3333,0.3333,0.3333,singular
2026-08-31T22:20:10,353,0.0,0.0,0.0,0.0,0.0,0.0,0.0,0.0,0.0,0,0,0,0,0,0,0.0,0.0,0.0,0.0,0.0,0.0,0.0,0.0,0.0,ROCK,0,0,0.0,0.0,SPARSE,0.43333,0.27462,0.0,0.0,0.3333,0.3333,0.3333,singular
2026-08-31T22:20:55,354,0.0,0.0,0.0,0.0,0.0,0.0,0.0,0.0,0.0,0,0,0,0,0,0,0.0,0.0,0.0,0.0,0.0,0.0,0.0,0.0,0.0,ROCK,0,0,0.0,0.0,SPARSE,0.43333,0.27462,0.0,0.0,0.3333,0.3333,0.3333,singular
2026-08-31T22:22:05,355,0.0,0.0,0.0,0.0,0.0,0.0,0.0,0.0,0.0,0,0,0,0,0,0,0.0,0.0,0.0,0.0,0.0,0.0,0.0,0.0,0.0,ROCK,0,0,0.0,0.0,SPARSE,0.43333,0.27462,0.0,0.0,0.3333,0.3333,0.3333,singular
2026-08-31T22:22:45,356,0.0,0.0,0.0,0.0,0.0,0.0,0.0,0.0,0.0,0,0,0,0,0,0,0.0,0.0,0.0,0.0,0.0,0.0,0.0,0.0,0.0,ROCK,0,0,0.0,0.0,SPARSE,0.45833,0.28741,0.0,0.0,0.3333,0.3333,0.3333,singular
2026-08-31T22:23:24,357,0.0,0.0,0.0,0.0,0.0,0.0,0.0,0.0,0.0,0,0,0,0,0,0,0.0,0.0,0.0,0.0,0.0,0.0,0.0,0.0,0.0,ROCK,0,0,0.0,0.0,SPARSE,0.45833,0.28741,0.0,0.0,0.3333,0.3333,0.3333,singular
2026-08-31T22:24:13,358,0.0,0.0,0.0,0.0,0.0,0.0,0.0,0.0,0.0,0,0,0,0,0,0,0.0,0.0,0.0,0.0,0.0,0.0,0.0,0.0,0.0,ROCK,0,0,0.0,0.0,SPARSE,0.45833,0.28741,0.0,0.0,0.3333,0.3333,0.3333,singular
2026-08-31T22:25:07,359,0.0,0.0,0.0,0.0,0.0,0.0,0.0,0.0,0.0,0,0,0,0,0,0,0.0,0.0,0.0,0.0,0.0,0.0,0.0,0.0,0.0,ROCK,0,0,0.0,0.0,SPARSE,0.45833,0.28741,0.0,0.0,0.3333,0.3333,0.3333,singular
2026-08-31T22:26:44,360,0.0,0.0,0.0,0.0,0.0,0.0,0.0,0.0,0.0,0,0,0,0,0,0,0.0,0.0,0.0,0.0,0.0,0.0,0.0,0.0,0.0,ROCK,0,0,0.0,0.0,SPARSE,0.45833,0.28741,0.0,0.0,0.3333,0.3333,0.3333,singular
2026-08-31T22:27:37,361,0.0,0.0,0.0,0.0,0.0,0.0,0.0,0.0,0.0,0,0,0,0,0,0,0.0,0.0,0.0,0.0,0.0,0.0,0.0,0.0,0.0,ROCK,0,0,0.0,0.0,SPARSE,0.45833,0.28741,0.0,0.0,0.3333,0.3333,0.3333,singular
2026-08-31T22:29:06,362,0.0,0.0,0.0,0.0,0.0,0.0,0.0,0.0,0.0,0,0,0,0,0,0,0.0,0.0,0.0,0.0,0.0,0.0,0.0,0.0,0.0,ROCK,0,0,0.0,0.0,SPARSE,0.48333,0.30069,0.0,0.0,0.3333,0.3333,0.3333,singular
2026-08-31T22:31:33,363,0.0,0.0,0.0,0.0,0.0,0.0,0.0,0.0,0.0,0,0,0,0,0,0,0.0,0.0,0.0,0.0,0.0,0.0,0.0,0.0,0.0,ROCK,0,0,0.0,0.0,SPARSE,0.50833,0.31738,0.0,0.0,0.3333,0.3333,0.3333,singular
2026-08-31T22:32:01,364,0.0,0.0,0.0,0.0,0.0,0.0,0.0,0.0,0.0,0,0,0,0,0,0,0.0,0.0,0.0,0.0,0.0,0.0,0.0,0.0,0.0,ROCK,0,0,0.0,0.0,SPARSE,0.53333,0.33417,0.0,0.0,0.3333,0.3333,0.3333,singular
2026-08-31T22:32:36,365,0.0,0.0,0.0,0.0,0.0,0.0,0.0,0.0,0.0,0,0,0,0,0,0,0.0,0.0,0.0,0.0,0.0,0.0,0.0,0.0,0.0,ROCK,0,0,0.0,0.0,SPARSE,0.55833,0.34746,0.0,0.0,0.3333,0.3333,0.3333,singular
2026-08-31T22:35:06,366,0.0,0.0,0.0,0.0,0.0,0.0,0.0,0.0,0.0,0,0,0,0,0,0,0.0,0.0,0.0,0.0,0.0,0.0,0.0,0.0,0.0,ROCK,0,0,0.0,0.0,SPARSE,0.55833,0.34746,0.0,0.0,0.3333,0.3333,0.3333,singular
2026-08-31T22:36:04,367,0.0,0.0,0.0,0.0,0.0,0.0,0.0,0.0,0.0,0,0,0,0,0,0,0.0,0.0,0.0,0.0,0.0,0.0,0.0,0.0,0.0,ROCK,0,0,0.0,0.0,SPARSE,0.58333,0.36415,0.0,0.0,0.3333,0.3333,0.3333,singular
2026-08-31T22:36:50,368,0.0,0.0,0.0,0.0,0.0,0.0,0.0,0.0,0.0,0,0,0,0,0,0,0.0,0.0,0.0,0.0,0.0,0.0,0.0,0.0,0.0,ROCK,0,0,0.0,0.0,SPARSE,0.58333,0.36415,0.0,0.0,0.3333,0.3333,0.3333,singular
2026-08-31T22:37:48,369,0.0,0.0,0.0,0.0,0.0,0.0,0.0,0.0,0.0,0,0,0,0,0,0,0.0,0.0,0.0,0.0,0.0,0.0,0.0,0.0,0.0,ROCK,0,0,0.0,0.0,SPARSE,0.58333,0.36415,0.0,0.0,0.3333,0.3333,0.3333,singular
2026-08-31T22:38:34,370,0.0,0.0,0.0,0.0,0.0,0.0,0.0,0.0,0.0,0,0,0,0,0,0,0.0,0.0,0.0,0.0,0.0,0.0,0.0,0.0,0.0,ROCK,0,0,0.0,0.0,SPARSE,0.58333,0.36415,0.0,0.0,0.3333,0.3333,0.3333,singular
2026-08-31T22:39:11,371,0.0,0.0,0.0,0.0,0.0,0.0,0.0,0.0,0.0,0,0,0,0,0,0,0.0,0.0,0.0,0.0,0.0,0.0,0.0,0.0,0.0,ROCK,0,0,0.0,0.0,SPARSE,0.58333,0.36415,0.0,0.0,0.3333,0.3333,0.3333,singular
2026-08-31T22:39:52,372,0.0,0.0,0.0,0.0,0.0,0.0,0.0,0.0,0.0,0,0,0,0,0,0,0.0,0.0,0.0,0.0,0.0,0.0,0.0,0.0,0.0,ROCK,0,0,0.0,0.0,SPARSE,0.58333,0.36415,0.0,0.0,0.3333,0.3333,0.3333,singular
2026-08-31T22:40:39,373,0.0,0.0,0.0,0.0,0.0,0.0,0.0,0.0,0.0,0,0,0,0,0,0,0.0,0.0,0.0,0.0,0.0,0.0,0.0,0.0,0.0,ROCK,0,0,0.0,0.0,SPARSE,0.60833,0.37763,0.0,0.0,0.3333,0.3333,0.3333,singular
2026-08-31T22:42:31,374,0.0,0.0,0.0,0.0,0.0,0.0,0.0,0.0,0.0,0,0,0,0,0,0,0.0,0.0,0.0,0.0,0.0,0.0,0.0,0.0,0.0,ROCK,0,0,0.0,0.0,SPARSE,0.58333,0.36415,0.0,0.0,0.3333,0.3333,0.3333,singular
2026-08-31T22:43:22,375,0.0,0.0,0.0,0.0,0.0,0.0,0.0,0.0,0.0,0,0,0,0,0,0,0.0,0.0,0.0,0.0,0.0,0.0,0.0,0.0,0.0,ROCK,0,0,0.0,0.0,SPARSE,0.58333,0.36113,0.0,0.0,0.3333,0.3333,0.3333,singular
2026-08-31T22:44:26,376,0.0,0.0,0.0,0.0,0.0,0.0,0.0,0.0,0.0,0,0,0,0,0,0,0.0,0.0,0.0,0.0,0.0,0.0,0.0,0.0,0.0,ROCK,0,0,0.0,0.0,SPARSE,0.55833,0.34746,0.0,0.0,0.3333,0.3333,0.3333,singular
2026-08-31T22:45:13,377,0.0,0.0,0.0,0.0,0.0,0.0,0.0,0.0,0.0,0,0,0,0,0,0,0.0,0.0,0.0,0.0,0.0,0.0,0.0,0.0,0.0,ROCK,0,0,0.0,0.0,SPARSE,0.55833,0.34746,0.0,0.0,0.3333,0.3333,0.3333,singular
2026-08-31T22:48:03,378,0.0,0.0,0.0,0.0,0.0,0.0,0.0,0.0,0.0,0,0,0,0,0,0,0.0,0.0,0.0,0.0,0.0,0.0,0.0,0.0,0.0,ROCK,0,0,0.0,0.0,SPARSE,0.53333,0.33088,0.0,0.0,0.3333,0.3333,0.3333,singular
2026-08-31T22:48:55,379,0.0,0.0,0.0,0.0,0.0,0.0,0.0,0.0,0.0,0,0,0,0,0,0,0.0,0.0,0.0,0.0,0.0,0.0,0.0,0.0,0.0,ROCK,0,0,0.0,0.0,SPARSE,0.53333,0.33088,0.0,0.0,0.3333,0.3333,0.3333,singular
2026-08-31T22:50:41,380,0.0,0.0,0.0,0.0,0.0,0.0,0.0,0.0,0.0,0,0,0,0,0,0,0.0,0.0,0.0,0.0,0.0,0.0,0.0,0.0,0.0,ROCK,0,0,0.0,0.0,SPARSE,0.55833,0.34746,0.0,0.0,0.3333,0.3333,0.3333,singular
2026-08-31T22:52:02,381,0.0,0.0,0.0,0.0,0.0,0.0,0.0,0.0,0.0,0,0,0,0,0,0,0.0,0.0,0.0,0.0,0.0,0.0,0.0,0.0,0.0,ROCK,0,0,0.0,0.0,SPARSE,0.55833,0.34746,0.0,0.0,0.3333,0.3333,0.3333,singular
2026-08-31T22:54:23,382,0.0,0.0,0.0,0.0,0.0,0.0,0.0,0.0,0.0,0,0,0,0,0,0,0.0,0.0,0.0,0.0,0.0,0.0,0.0,0.0,0.0,ROCK,0,0,0.0,0.0,SPARSE,0.55833,0.34746,0.0,0.0,0.3333,0.3333,0.3333,singular
2026-08-31T22:55:48,383,0.0,0.0,0.0,0.0,0.0,0.0,0.0,0.0,0.0,0,0,0,0,0,0,0.0,0.0,0.0,0.0,0.0,0.0,0.0,0.0,0.0,ROCK,0,0,0.0,0.0,SPARSE,0.53333,0.33088,0.0,0.0,0.3333,0.3333,0.3333,singular
2026-08-31T22:56:46,384,0.0,0.0,0.0,0.0,0.0,0.0,0.0,0.0,0.0,0,0,0,0,0,0,0.0,0.0,0.0,0.0,0.0,0.0,0.0,0.0,0.0,ROCK,0,0,0.0,0.0,SPARSE,0.53333,0.33088,0.0,0.0,0.3333,0.3333,0.3333,singular
2026-08-31T22:58:14,385,0.0,0.0,0.0,0.0,0.0,0.0,0.0,0.0,0.0,0,0,0,0,0,0,0.0,0.0,0.0,0.0,0.0,0.0,0.0,0.0,0.0,ROCK,0,0,0.0,0.0,SPARSE,0.55833,0.34475,0.0,0.0,0.3333,0.3333,0.3333,singular
2026-08-31T22:59:09,386,0.0,0.0,0.0,0.0,0.0,0.0,0.0,0.0,0.0,0,0,0,0,0,0,0.0,0.0,0.0,0.0,0.0,0.0,0.0,0.0,0.0,ROCK,0,0,0.0,0.0,SPARSE,0.55833,0.34475,0.0,0.0,0.3333,0.3333,0.3333,singular
2026-08-31T23:00:28,387,0.0,0.0,0.0,0.0,0.0,0.0,0.0,0.0,0.0,0,0,0,0,0,0,0.0,0.0,0.0,0.0,0.0,0.0,0.0,0.0,0.0,ROCK,0,0,0.0,0.0,SPARSE,0.55833,0.34475,0.0,0.0,0.3333,0.3333,0.3333,singular
2026-08-31T23:02:08,388,0.0,0.0,0.0,0.0,0.0,0.0,0.0,0.0,0.0,0,0,0,0,0,0,0.0,0.0,0.0,0.0,0.0,0.0,0.0,0.0,0.0,ROCK,0,0,0.0,0.0,SPARSE,0.55833,0.34475,0.0,0.0,0.3333,0.3333,0.3333,singular
2026-08-31T23:03:00,389,0.0,0.0,0.0,0.0,0.0,0.0,0.0,0.0,0.0,0,0,0,0,0,0,0.0,0.0,0.0,0.0,0.0,0.0,0.0,0.0,0.0,ROCK,0,0,0.0,0.0,SPARSE,0.55833,0.34293,0.0,0.0,0.3333,0.3333,0.3333,singular
2026-08-31T23:03:35,390,0.0,0.0,0.0,0.0,0.0,0.0,0.0,0.0,0.0,0,0,0,0,0,0,0.0,0.0,0.0,0.0,0.0,0.0,0.0,0.0,0.0,ROCK,0,0,0.0,0.0,SPARSE,0.58333,0.35896,0.0,0.0,0.3333,0.3333,0.3333,singular
2026-08-31T23:06:44,391,0.0,0.0,0.0,0.0,0.0,0.0,0.0,0.0,0.0,0,0,0,0,0,0,0.0,0.0,0.0,0.0,0.0,0.0,0.0,0.0,0.0,ROCK,0,0,0.0,0.0,SPARSE,0.60833,0.37347,0.0,0.0,0.3333,0.3333,0.3333,singular
2026-08-31T23:09:01,392,0.0,0.0,0.0,0.0,0.0,0.0,0.0,0.0,0.0,0,0,0,0,0,0,0.0,0.0,0.0,0.0,0.0,0.0,0.0,0.0,0.0,ROCK,0,0,0.0,0.0,SPARSE,0.60833,0.37347,0.0,0.0,0.3333,0.3333,0.3333,singular
2026-08-31T23:10:07,393,0.0,0.0,0.0,0.0,0.0,0.0,0.0,0.0,0.0,0,0,0,0,0,0,0.0,0.0,0.0,0.0,0.0,0.0,0.0,0.0,0.0,ROCK,0,0,0.0,0.0,SPARSE,0.60833,0.37263,0.0,0.0,0.3333,0.3333,0.3333,singular
2026-08-31T23:11:10,394,0.0,0.0,0.0,0.0,0.0,0.0,0.0,0.0,0.0,0,0,0,0,0,0,0.0,0.0,0.0,0.0,0.0,0.0,0.0,0.0,0.0,ROCK,0,0,0.0,0.0,SPARSE,0.58333,0.35722,0.0,0.0,0.3333,0.3333,0.3333,singular
2026-08-31T23:13:27,395,0.0,0.0,0.0,0.0,0.0,0.0,0.0,0.0,0.0,0,0,0,0,0,0,0.0,0.0,0.0,0.0,0.0,0.0,0.0,0.0,0.0,ROCK,0,0,0.0,0.0,SPARSE,0.58333,0.35722,0.0,0.0,0.3333,0.3333,0.3333,singular
2026-08-31T23:14:37,396,0.0,0.0,0.0,0.0,0.0,0.0,0.0,0.0,0.0,0,0,0,0,0,0,0.0,0.0,0.0,0.0,0.0,0.0,0.0,0.0,0.0,ROCK,0,0,0.0,0.0,SPARSE,0.60833,0.37263,0.0,0.0,0.3333,0.3333,0.3333,singular
2026-08-31T23:15:30,397,0.0,0.0,0.0,0.0,0.0,0.0,0.0,0.0,0.0,0,0,0,0,0,0,0.0,0.0,0.0,0.0,0.0,0.0,0.0,0.0,0.0,ROCK,0,0,0.0,0.0,SPARSE,0.60833,0.37263,0.0,0.0,0.3333,0.3333,0.3333,singular
2026-08-31T23:16:17,398,0.0,0.0,0.0,0.0,0.0,0.0,0.0,0.0,0.0,0,0,0,0,0,0,0.0,0.0,0.0,0.0,0.0,0.0,0.0,0.0,0.0,ROCK,0,0,0.0,0.0,SPARSE,0.63333,0.38824,0.0,0.0,0.3333,0.3333,0.3333,singular
2026-08-31T23:16:59,399,0.0,0.0,0.0,0.0,0.0,0.0,0.0,0.0,0.0,0,0,0,0,0,0,0.0,0.0,0.0,0.0,0.0,0.0,0.0,0.0,0.0,ROCK,0,0,0.0,0.0,SPARSE,0.65833,0.40402,0.0,0.0,0.3333,0.3333,0.3333,singular
2026-08-31T23:20:09,400,0.0,0.0,0.0,0.0,0.0,0.0,0.0,0.0,0.0,0,0,0,0,0,0,0.0,0.0,0.0,0.0,0.0,0.0,0.0,0.0,0.0,ROCK,0,0,0.0,0.0,SPARSE,0.65833,0.40402,0.0,0.0,0.3333,0.3333,0.3333,singular
2026-08-31T23:21:00,401,0.0,0.0,0.0,0.0,0.0,0.0,0.0,0.0,0.0,0,0,0,0,0,0,0.0,0.0,0.0,0.0,0.0,0.0,0.0,0.0,0.0,ROCK,0,0,0.0,0.0,SPARSE,0.63333,0.38824,0.0,0.0,0.3333,0.3333,0.3333,singular
2026-08-31T23:24:35,402,0.0,0.0,0.0,0.0,0.0,0.0,0.0,0.0,0.0,0,0,0,0,0,0,0.0,0.0,0.0,0.0,0.0,0.0,0.0,0.0,0.0,ROCK,0,0,0.0,0.0,SPARSE,0.65833,0.40324,0.0,0.0,0.3333,0.3333,0.3333,singular
2026-08-31T23:25:45,403,0.0,0.0,0.0,0.0,0.0,0.0,0.0,0.0,0.0,0,0,0,0,0,0,0.0,0.0,0.0,0.0,0.0,0.0,0.0,0.0,0.0,ROCK,0,0,0.0,0.0,SPARSE,0.68333,0.41845,0.0,0.0,0.3333,0.3333,0.3333,singular
2026-08-31T23:27:15,404,0.0,0.0,0.0,0.0,0.0,0.0,0.0,0.0,0.0,0,0,0,0,0,0,0.0,0.0,0.0,0.0,0.0,0.0,0.0,0.0,0.0,ROCK,0,0,0.0,0.0,SPARSE,0.70833,0.43385,0.0,0.0,0.3333,0.3333,0.3333,singular
2026-08-31T23:28:03,405,0.0,0.0,0.0,0.0,0.0,0.0,0.0,0.0,0.0,0,0,0,0,0,0,0.0,0.0,0.0,0.0,0.0,0.0,0.0,0.0,0.0,ROCK,0,0,0.0,0.0,SPARSE,0.70833,0.43385,0.0,0.0,0.3333,0.3333,0.3333,singular
2026-08-31T23:29:09,406,0.0,0.0,0.0,0.0,0.0,0.0,0.0,0.0,0.0,0,0,0,0,0,0,0.0,0.0,0.0,0.0,0.0,0.0,0.0,0.0,0.0,ROCK,0,0,0.0,0.0,SPARSE,0.68333,0.41883,0.0,0.0,0.3333,0.3333,0.3333,singular
2026-08-31T23:36:49,407,0.0,0.0,0.0,0.0,0.0,0.0,0.0,0.0,0.0,0,0,0,0,0,0,0.0,0.0,0.0,0.0,0.0,0.0,0.0,0.0,0.0,ROCK,0,0,0.0,0.0,SPARSE,0.70833,0.43457,0.0,0.0,0.3333,0.3333,0.3333,singular
2026-08-31T23:38:48,408,0.0,0.0,0.0,0.0,0.0,0.0,0.0,0.0,0.0,0,0,0,0,0,0,0.0,0.0,0.0,0.0,0.0,0.0,0.0,0.0,0.0,ROCK,0,0,0.0,0.0,SPARSE,0.68333,0.41995,0.0,0.0,0.3333,0.3333,0.3333,singular
2026-08-31T23:39:50,409,0.0,0.0,0.0,0.0,0.0,0.0,0.0,0.0,0.0,0,0,0,0,0,0,0.0,0.0,0.0,0.0,0.0,0.0,0.0,0.0,0.0,ROCK,0,0,0.0,0.0,SPARSE,0.70833,0.43601,0.0,0.0,0.3333,0.3333,0.3333,singular
2026-08-31T23:41:07,410,0.0,0.0,0.0,0.0,0.0,0.0,0.0,0.0,0.0,0,0,0,0,0,0,0.0,0.0,0.0,0.0,0.0,0.0,0.0,0.0,0.0,ROCK,0,0,0.0,0.0,SPARSE,0.70833,0.43601,0.0,0.0,0.3333,0.3333,0.3333,singular
2026-08-31T23:42:22,411,0.0,0.0,0.0,0.0,0.0,0.0,0.0,0.0,0.0,0,0,0,0,0,0,0.0,0.0,0.0,0.0,0.0,0.0,0.0,0.0,0.0,ROCK,0,0,0.0,0.0,SPARSE,0.70833,0.43601,0.0,0.0,0.3333,0.3333,0.3333,singular
2026-08-31T23:43:48,412,0.0,0.0,0.0,0.0,0.0,0.0,0.0,0.0,0.0,0,0,0,0,0,0,0.0,0.0,0.0,0.0,0.0,0.0,0.0,0.0,0.0,ROCK,0,0,0.0,0.0,SPARSE,0.68333,0.41995,0.0,0.0,0.3333,0.3333,0.3333,singular
2026-08-31T23:44:34,413,0.0,0.0,0.0,0.0,0.0,0.0,0.0,0.0,0.0,0,0,0,0,0,0,0.0,0.0,0.0,0.0,0.0,0.0,0.0,0.0,0.0,ROCK,0,0,0.0,0.0,SPARSE,0.68333,0.41995,0.0,0.0,0.3333,0.3333,0.3333,singular
2026-08-31T23:45:41,414,0.0,0.0,0.0,0.0,0.0,0.0,0.0,0.0,0.0,0,0,0,0,0,0,0.0,0.0,0.0,0.0,0.0,0.0,0.0,0.0,0.0,ROCK,0,0,0.0,0.0,SPARSE,0.65833,0.40402,0.0,0.0,0.3333,0.3333,0.3333,singular
2026-08-31T23:46:29,415,0.0,0.0,0.0,0.0,0.0,0.0,0.0,0.0,0.0,0,0,0,0,0,0,0.0,0.0,0.0,0.0,0.0,0.0,0.0,0.0,0.0,ROCK,0,0,0.0,0.0,SPARSE,0.63333,0.38944,0.0,0.0,0.3333,0.3333,0.3333,singular
2026-08-31T23:49:26,416,0.0,0.0,0.0,0.0,0.0,0.0,0.0,0.0,0.0,0,0,0,0,0,0,0.0,0.0,0.0,0.0,0.0,0.0,0.0,0.0,0.0,ROCK,0,0,0.0,0.0,SPARSE,0.63333,0.39144,0.0,0.0,0.3333,0.3333,0.3333,singular
2026-08-31T23:50:27,417,0.0,0.0,0.0,0.0,0.0,0.0,0.0,0.0,0.0,0,0,0,0,0,0,0.0,0.0,0.0,0.0,0.0,0.0,0.0,0.0,0.0,ROCK,0,0,0.0,0.0,SPARSE,0.63333,0.39144,0.0,0.0,0.3333,0.3333,0.3333,singular
2026-08-31T23:51:36,418,0.0,0.0,0.0,0.0,0.0,0.0,0.0,0.0,0.0,0,0,0,0,0,0,0.0,0.0,0.0,0.0,0.0,0.0,0.0,0.0,0.0,ROCK,0,0,0.0,0.0,SPARSE,0.60833,0.37763,0.0,0.0,0.3333,0.3333,0.3333,singular
2026-08-31T23:52:19,419,0.0,0.0,0.0,0.0,0.0,0.0,0.0,0.0,0.0,0,0,0,0,0,0,0.0,0.0,0.0,0.0,0.0,0.0,0.0,0.0,0.0,ROCK,0,0,0.0,0.0,SPARSE,0.63333,0.39144,0.0,0.0,0.3333,0.3333,0.3333,singular
2026-08-31T23:52:52,420,0.0,0.0,0.0,0.0,0.0,0.0,0.0,0.0,0.0,0,0,0,0,0,0,0.0,0.0,0.0,0.0,0.0,0.0,0.0,0.0,0.0,ROCK,0,0,0.0,0.0,SPARSE,0.63333,0.39144,0.0,0.0,0.3333,0.3333,0.3333,singular
2026-08-31T23:53:32,421,0.0,0.0,0.0,0.0,0.0,0.0,0.0,0.0,0.0,0,0,0,0,0,0,0.0,0.0,0.0,0.0,0.0,0.0,0.0,0.0,0.0,ROCK,0,0,0.0,0.0,SPARSE,0.63333,0.39144,0.0,0.0,0.3333,0.3333,0.3333,singular
2026-08-31T23:54:27,422,0.0,0.0,0.0,0.0,0.0,0.0,0.0,0.0,0.0,0,0,0,0,0,0,0.0,0.0,0.0,0.0,0.0,0.0,0.0,0.0,0.0,ROCK,0,0,0.0,0.0,SPARSE,0.63333,0.39144,0.0,0.0,0.3333,0.3333,0.3333,singular
2026-08-31T23:55:21,423,0.0,0.0,0.0,0.0,0.0,0.0,0.0,0.0,0.0,0,0,0,0,0,0,0.0,0.0,0.0,0.0,0.0,0.0,0.0,0.0,0.0,ROCK,0,0,0.0,0.0,SPARSE,0.60833,0.37514,0.0,0.0,0.3333,0.3333,0.3333,singular
2026-08-31T23:55:54,424,0.0,0.0,0.0,0.0,0.0,0.0,0.0,0.0,0.0,0,0,0,0,0,0,0.0,0.0,0.0,0.0,0.0,0.0,0.0,0.0,0.0,ROCK,0,0,0.0,0.0,SPARSE,0.60833,0.37763,0.0,0.0,0.3333,0.3333,0.3333,singular
2026-08-31T23:56:26,425,0.0,0.0,0.0,0.0,0.0,0.0,0.0,0.0,0.0,0,0,0,0,0,0,0.0,0.0,0.0,0.0,0.0,0.0,0.0,0.0,0.0,ROCK,0,0,0.0,0.0,SPARSE,0.63333,0.39423,0.0,0.0,0.3333,0.3333,0.3333,singular
2026-08-31T23:57:32,426,0.0,0.0,0.0,0.0,0.0,0.0,0.0,0.0,0.0,0,0,0,0,0,0,0.0,0.0,0.0,0.0,0.0,0.0,0.0,0.0,0.0,ROCK,0,0,0.0,0.0,SPARSE,0.63333,0.39423,0.0,0.0,0.3333,0.3333,0.3333,singular
2026-08-31T23:58:22,427,0.0,0.0,0.0,0.0,0.0,0.0,0.0,0.0,0.0,0,0,0,0,0,0,0.0,0.0,0.0,0.0,0.0,0.0,0.0,0.0,0.0,ROCK,0,0,0.0,0.0,SPARSE,0.65833,0.41092,0.0,0.0,0.3333,0.3333,0.3333,singular
2026-08-31T23:59:09,428,0.0,0.0,0.0,0.0,0.0,0.0,0.0,0.0,0.0,0,0,0,0,0,0,0.0,0.0,0.0,0.0,0.0,0.0,0.0,0.0,0.0,ROCK,0,0,0.0,0.0,SPARSE,0.68333,0.42769,0.0,0.0,0.3333,0.3333,0.3333,singular
2026-08-31T23:59:58,429,0.0,0.0,0.0,0.0,0.0,0.0,0.0,0.0,0.0,0,0,0,0,0,0,0.0,0.0,0.0,0.0,0.0,0.0,0.0,0.0,0.0,ROCK,0,0,0.0,0.0,SPARSE,0.68333,0.43169,0.0,0.0,0.3333,0.3333,0.3333,singular
2026-09-01T00:00:53,430,0.0,0.0,0.0,0.0,0.0,0.0,0.0,0.0,0.0,0,0,0,0,0,0,0.0,0.0,0.0,0.0,0.0,0.0,0.0,0.0,0.0,ROCK,0,0,0.0,0.0,SPARSE,0.65833,0.4192,0.0,0.0,0.3333,0.3333,0.3333,singular
2026-09-01T00:01:47,431,0.0,0.0,0.0,0.0,0.0,0.0,0.0,0.0,0.0,0,0,0,0,0,0,0.0,0.0,0.0,0.0,0.0,0.0,0.0,0.0,0.0,ROCK,0,0,0.0,0.0,SPARSE,0.65833,0.42439,0.0,0.0,0.3333,0.3333,0.3333,singular
2026-09-01T00:02:26,432,0.0,0.0,0.0,0.0,0.0,0.0,0.0,0.0,0.0,0,0,0,0,0,0,0.0,0.0,0.0,0.0,0.0,0.0,0.0,0.0,0.0,ROCK,0,0,0.0,0.0,SPARSE,0.65833,0.42439,0.0,0.0,0.3333,0.3333,0.3333,singular
2026-09-01T00:05:34,433,0.0,0.0,0.0,0.0,0.0,0.0,0.0,0.0,0.0,0,0,0,0,0,0,0.0,0.0,0.0,0.0,0.0,0.0,0.0,0.0,0.0,ROCK,0,0,0.0,0.0,SPARSE,0.63333,0.41282,0.0,0.0,0.3333,0.3333,0.3333,singular
2026-09-01T00:07:25,434,0.0,0.0,0.0,0.0,0.0,0.0,0.0,0.0,0.0,0,0,0,0,0,0,0.0,0.0,0.0,0.0,0.0,0.0,0.0,0.0,0.0,ROCK,0,0,0.0,0.0,SPARSE,0.60833,0.40169,0.0,0.0,0.3333,0.3333,0.3333,singular
2026-09-01T00:08:01,435,0.0,0.0,0.0,0.0,0.0,0.0,0.0,0.0,0.0,0,0,0,0,0,0,0.0,0.0,0.0,0.0,0.0,0.0,0.0,0.0,0.0,ROCK,0,0,0.0,0.0,SPARSE,0.60833,0.40169,0.0,0.0,0.3333,0.3333,0.3333,singular
2026-09-01T00:08:42,436,0.0,0.0,0.0,0.0,0.0,0.0,0.0,0.0,0.0,0,0,0,0,0,0,0.0,0.0,0.0,0.0,0.0,0.0,0.0,0.0,0.0,ROCK,0,0,0.0,0.0,SPARSE,0.58333,0.39105,0.0,0.0,0.3333,0.3333,0.3333,singular
2026-09-01T00:09:59,437,0.0,0.0,0.0,0.0,0.0,0.0,0.0,0.0,0.0,0,0,0,0,0,0,0.0,0.0,0.0,0.0,0.0,0.0,0.0,0.0,0.0,ROCK,0,0,0.0,0.0,SPARSE,0.58333,0.39105,0.0,0.0,0.3333,0.3333,0.3333,singular
2026-09-01T00:11:43,438,0.0,0.0,0.0,0.0,0.0,0.0,0.0,0.0,0.0,0,0,0,0,0,0,0.0,0.0,0.0,0.0,0.0,0.0,0.0,0.0,0.0,ROCK,0,0,0.0,0.0,SPARSE,0.55833,0.37347,0.0,0.0,0.3333,0.3333,0.3333,singular
2026-09-01T00:13:34,439,0.0,0.0,0.0,0.0,0.0,0.0,0.0,0.0,0.0,0,0,0,0,0,0,0.0,0.0,0.0,0.0,0.0,0.0,0.0,0.0,0.0,ROCK,0,0,0.0,0.0,SPARSE,0.53333,0.36329,0.0,0.0,0.3333,0.3333,0.3333,singular
2026-09-01T00:14:41,440,0.0,0.0,0.0,0.0,0.0,0.0,0.0,0.0,0.0,0,0,0,0,0,0,0.0,0.0,0.0,0.0,0.0,0.0,0.0,0.0,0.0,ROCK,0,0,0.0,0.0,SPARSE,0.53333,0.36329,0.0,0.0,0.3333,0.3333,0.3333,singular
2026-09-01T00:16:54,441,0.0,0.0,0.0,0.0,0.0,0.0,0.0,0.0,0.0,0,0,0,0,0,0,0.0,0.0,0.0,0.0,0.0,0.0,0.0,0.0,0.0,ROCK,0,0,0.0,0.0,SPARSE,0.53333,0.36329,0.0,0.0,0.3333,0.3333,0.3333,singular
2026-09-01T00:17:45,442,0.0,0.0,0.0,0.0,0.0,0.0,0.0,0.0,0.0,0,0,0,0,0,0,0.0,0.0,0.0,0.0,0.0,0.0,0.0,0.0,0.0,ROCK,0,0,0.0,0.0,SPARSE,0.50833,0.3537,0.0,0.0,0.3333,0.3333,0.3333,singular
2026-09-01T00:18:40,443,0.0,0.0,0.0,0.0,0.0,0.0,0.0,0.0,0.0,0,0,0,0,0,0,0.0,0.0,0.0,0.0,0.0,0.0,0.0,0.0,0.0,ROCK,0,0,0.0,0.0,SPARSE,0.50833,0.3537,0.0,0.0,0.3333,0.3333,0.3333,singular
2026-09-01T00:20:41,444,0.0,0.0,0.0,0.0,0.0,0.0,0.0,0.0,0.0,0,0,0,0,0,0,0.0,0.0,0.0,0.0,0.0,0.0,0.0,0.0,0.0,ROCK,0,0,0.0,0.0,SPARSE,0.50833,0.3537,0.0,0.0,0.3333,0.3333,0.3333,singular
2026-09-01T00:21:36,445,0.0,0.0,0.0,0.0,0.0,0.0,0.0,0.0,0.0,0,0,0,0,0,0,0.0,0.0,0.0,0.0,0.0,0.0,0.0,0.0,0.0,ROCK,0,0,0.0,0.0,SPARSE,0.48333,0.33603,0.0,0.0,0.3333,0.3333,0.3333,singular
2026-09-01T00:22:22,446,0.0,0.0,0.0,0.0,0.0,0.0,0.0,0.0,0.0,0,0,0,0,0,0,0.0,0.0,0.0,0.0,0.0,0.0,0.0,0.0,0.0,ROCK,0,0,0.0,0.0,SPARSE,0.50833,0.3537,0.0,0.0,0.3333,0.3333,0.3333,singular
2026-09-01T00:24:40,447,0.0,0.0,0.0,0.0,0.0,0.0,0.0,0.0,0.0,0,0,0,0,0,0,0.0,0.0,0.0,0.0,0.0,0.0,0.0,0.0,0.0,ROCK,0,0,0.0,0.0,SPARSE,0.49167,0.34475,0.0,0.0,0.3333,0.3333,0.3333,singular
2026-09-01T00:25:27,448,0.0,0.0,0.0,0.0,0.0,0.0,0.0,0.0,0.0,0,0,0,0,0,0,0.0,0.0,0.0,0.0,0.0,0.0,0.0,0.0,0.0,ROCK,0,0,0.0,0.0,SPARSE,0.46667,0.32708,0.0,0.0,0.3333,0.3333,0.3333,singular
2026-09-01T00:27:39,449,0.0,0.0,0.0,0.0,0.0,0.0,0.0,0.0,0.0,0,0,0,0,0,0,0.0,0.0,0.0,0.0,0.0,0.0,0.0,0.0,0.0,ROCK,0,0,0.0,0.0,SPARSE,0.46667,0.32708,0.0,0.0,0.3333,0.3333,0.3333,singular
2026-09-01T00:28:32,450,0.0,0.0,0.0,0.0,0.0,0.0,0.0,0.0,0.0,0,0,0,0,0,0,0.0,0.0,0.0,0.0,0.0,0.0,0.0,0.0,0.0,ROCK,0,0,0.0,0.0,SPARSE,0.46667,0.31885,0.0,0.0,0.3333,0.3333,0.3333,singular
2026-09-01T00:30:28,451,0.0,0.0,0.0,0.0,0.0,0.0,0.0,0.0,0.0,0,0,0,0,0,0,0.0,0.0,0.0,0.0,0.0,0.0,0.0,0.0,0.0,ROCK,0,0,0.0,0.0,SPARSE,0.46667,0.31885,0.0,0.0,0.3333,0.3333,0.3333,singular
2026-09-01T00:31:35,452,0.0,0.0,0.0,0.0,0.0,0.0,0.0,0.0,0.0,0,0,0,0,0,0,0.0,0.0,0.0,0.0,0.0,0.0,0.0,0.0,0.0,ROCK,0,0,0.0,0.0,SPARSE,0.44167,0.30121,0.0,0.0,0.3333,0.3333,0.3333,singular
2026-09-01T00:32:53,453,0.0,0.0,0.0,0.0,0.0,0.0,0.0,0.0,0.0,0,0,0,0,0,0,0.0,0.0,0.0,0.0,0.0,0.0,0.0,0.0,0.0,ROCK,0,0,0.0,0.0,SPARSE,0.44167,0.29386,0.0,0.0,0.3333,0.3333,0.3333,singular
2026-09-01T00:36:17,454,0.0,0.0,0.0,0.0,0.0,0.0,0.0,0.0,0.0,0,0,0,0,0,0,0.0,0.0,0.0,0.0,0.0,0.0,0.0,0.0,0.0,ROCK,0,0,0.0,0.0,SPARSE,0.44167,0.29386,0.0,0.0,0.3333,0.3333,0.3333,singular
2026-09-01T00:37:02,455,0.0,0.0,0.0,0.0,0.0,0.0,0.0,0.0,0.0,0,0,0,0,0,0,0.0,0.0,0.0,0.0,0.0,0.0,0.0,0.0,0.0,ROCK,0,0,0.0,0.0,SPARSE,0.41667,0.28358,0.0,0.0,0.3333,0.3333,0.3333,singular
2026-09-01T00:37:49,456,0.0,0.0,0.0,0.0,0.0,0.0,0.0,0.0,0.0,0,0,0,0,0,0,0.0,0.0,0.0,0.0,0.0,0.0,0.0,0.0,0.0,ROCK,0,0,0.0,0.0,SPARSE,0.44167,0.30121,0.0,0.0,0.3333,0.3333,0.3333,singular
2026-09-01T00:39:38,457,0.0,0.0,0.0,0.0,0.0,0.0,0.0,0.0,0.0,0,0,0,0,0,0,0.0,0.0,0.0,0.0,0.0,0.0,0.0,0.0,0.0,ROCK,0,0,0.0,0.0,SPARSE,0.44167,0.30121,0.0,0.0,0.3333,0.3333,0.3333,singular
2026-09-01T00:40:12,458,0.0,0.0,0.0,0.0,0.0,0.0,0.0,0.0,0.0,0,0,0,0,0,0,0.0,0.0,0.0,0.0,0.0,0.0,0.0,0.0,0.0,ROCK,0,0,0.0,0.0,SPARSE,0.44167,0.3094,0.0,0.0,0.3333,0.3333,0.3333,singular
2026-09-01T00:42:17,459,0.0,0.0,0.0,0.0,0.0,0.0,0.0,0.0,0.0,0,0,0,0,0,0,0.0,0.0,0.0,0.0,0.0,0.0,0.0,0.0,0.0,ROCK,0,0,0.0,0.0,SPARSE,0.44167,0.30121,0.0,0.0,0.3333,0.3333,0.3333,singular
2026-09-01T00:42:58,460,0.0,0.0,0.0,0.0,0.0,0.0,0.0,0.0,0.0,0,0,0,0,0,0,0.0,0.0,0.0,0.0,0.0,0.0,0.0,0.0,0.0,ROCK,0,0,0.0,0.0,SPARSE,0.41667,0.28358,0.0,0.0,0.3333,0.3333,0.3333,singular
2026-09-01T00:43:32,461,0.0,0.0,0.0,0.0,0.0,0.0,0.0,0.0,0.0,0,0,0,0,0,0,0.0,0.0,0.0,0.0,0.0,0.0,0.0,0.0,0.0,ROCK,0,0,0.0,0.0,SPARSE,0.41667,0.29173,0.0,0.0,0.3333,0.3333,0.3333,singular
2026-09-01T00:44:37,462,0.0,0.0,0.0,0.0,0.0,0.0,0.0,0.0,0.0,0,0,0,0,0,0,0.0,0.0,0.0,0.0,0.0,0.0,0.0,0.0,0.0,ROCK,0,0,0.0,0.0,SPARSE,0.41667,0.29173,0.0,0.0,0.3333,0.3333,0.3333,singular
2026-09-01T00:45:18,463,0.0,0.0,0.0,0.0,0.0,0.0,0.0,0.0,0.0,0,0,0,0,0,0,0.0,0.0,0.0,0.0,0.0,0.0,0.0,0.0,0.0,ROCK,0,0,0.0,0.0,SPARSE,0.43333,0.30069,0.0,0.0,0.3333,0.3333,0.3333,singular
2026-09-01T00:45:55,464,0.0,0.0,0.0,0.0,0.0,0.0,0.0,0.0,0.0,0,0,0,0,0,0,0.0,0.0,0.0,0.0,0.0,0.0,0.0,0.0,0.0,ROCK,0,0,0.0,0.0,SPARSE,0.43333,0.30069,0.0,0.0,0.3333,0.3333,0.3333,singular
2026-09-01T00:46:51,465,0.0,0.0,0.0,0.0,0.0,0.0,0.0,0.0,0.0,0,0,0,0,0,0,0.0,0.0,0.0,0.0,0.0,0.0,0.0,0.0,0.0,ROCK,0,0,0.0,0.0,SPARSE,0.40833,0.28303,0.0,0.0,0.3333,0.3333,0.3333,singular
2026-09-01T00:48:12,466,0.0,0.0,0.0,0.0,0.0,0.0,0.0,0.0,0.0,0,0,0,0,0,0,0.0,0.0,0.0,0.0,0.0,0.0,0.0,0.0,0.0,ROCK,0,0,0.0,0.0,SPARSE,0.40833,0.28303,0.0,0.0,0.3333,0.3333,0.3333,singular
2026-09-01T00:49:07,467,0.0,0.0,0.0,0.0,0.0,0.0,0.0,0.0,0.0,0,0,0,0,0,0,0.0,0.0,0.0,0.0,0.0,0.0,0.0,0.0,0.0,ROCK,0,0,0.0,0.0,SPARSE,0.40833,0.28303,0.0,0.0,0.3333,0.3333,0.3333,singular
2026-09-01T00:49:44,468,0.0,0.0,0.0,0.0,0.0,0.0,0.0,0.0,0.0,0,0,0,0,0,0,0.0,0.0,0.0,0.0,0.0,0.0,0.0,0.0,0.0,ROCK,0,0,0.0,0.0,SPARSE,0.43333,0.2928,0.0,0.0,0.3333,0.3333,0.3333,singular
2026-09-01T00:51:03,469,0.0,0.0,0.0,0.0,0.0,0.0,0.0,0.0,0.0,0,0,0,0,0,0,0.0,0.0,0.0,0.0,0.0,0.0,0.0,0.0,0.0,ROCK,0,0,0.0,0.0,SPARSE,0.45833,0.30328,0.0,0.0,0.3333,0.3333,0.3333,singular
2026-09-01T00:51:54,470,0.0,0.0,0.0,0.0,0.0,0.0,0.0,0.0,0.0,0,0,0,0,0,0,0.0,0.0,0.0,0.0,0.0,0.0,0.0,0.0,0.0,ROCK,0,0,0.0,0.0,SPARSE,0.43333,0.2928,0.0,0.0,0.3333,0.3333,0.3333,singular
2026-09-01T00:52:46,471,0.0,0.0,0.0,0.0,0.0,0.0,0.0,0.0,0.0,0,0,0,0,0,0,0.0,0.0,0.0,0.0,0.0,0.0,0.0,0.0,0.0,ROCK,0,0,0.0,0.0,SPARSE,0.40833,0.27519,0.0,0.0,0.3333,0.3333,0.3333,singular
2026-09-01T00:53:27,472,0.0,0.0,0.0,0.0,0.0,0.0,0.0,0.0,0.0,0,0,0,0,0,0,0.0,0.0,0.0,0.0,0.0,0.0,0.0,0.0,0.0,ROCK,0,0,0.0,0.0,SPARSE,0.40833,0.27519,0.0,0.0,0.3333,0.3333,0.3333,singular
2026-09-01T00:54:25,473,0.0,0.0,0.0,0.0,0.0,0.0,0.0,0.0,0.0,0,0,0,0,0,0,0.0,0.0,0.0,0.0,0.0,0.0,0.0,0.0,0.0,ROCK,0,0,0.0,0.0,SPARSE,0.43333,0.28577,0.0,0.0,0.3333,0.3333,0.3333,singular
2026-09-01T00:55:25,474,0.0,0.0,0.0,0.0,0.0,0.0,0.0,0.0,0.0,0,0,0,0,0,0,0.0,0.0,0.0,0.0,0.0,0.0,0.0,0.0,0.0,ROCK,0,0,0.0,0.0,SPARSE,0.43333,0.28577,0.0,0.0,0.3333,0.3333,0.3333,singular
2026-09-01T00:56:21,475,0.0,0.0,0.0,0.0,0.0,0.0,0.0,0.0,0.0,0,0,0,0,0,0,0.0,0.0,0.0,0.0,0.0,0.0,0.0,0.0,0.0,ROCK,0,0,0.0,0.0,SPARSE,0.43333,0.28577,0.0,0.0,0.3333,0.3333,0.3333,singular
2026-09-01T00:57:01,476,0.0,0.0,0.0,0.0,0.0,0.0,0.0,0.0,0.0,0,0,0,0,0,0,0.0,0.0,0.0,0.0,0.0,0.0,0.0,0.0,0.0,ROCK,0,0,0.0,0.0,SPARSE,0.40833,0.27519,0.0,0.0,0.3333,0.3333,0.3333,singular
2026-09-01T00:57:51,477,0.0,0.0,0.0,0.0,0.0,0.0,0.0,0.0,0.0,0,0,0,0,0,0,0.0,0.0,0.0,0.0,0.0,0.0,0.0,0.0,0.0,ROCK,0,0,0.0,0.0,SPARSE,0.38333,0.26536,0.0,0.0,0.3333,0.3333,0.3333,singular
2026-09-01T00:58:57,478,0.0,0.0,0.0,0.0,0.0,0.0,0.0,0.0,0.0,0,0,0,0,0,0,0.0,0.0,0.0,0.0,0.0,0.0,0.0,0.0,0.0,ROCK,0,0,0.0,0.0,SPARSE,0.36667,0.25638,0.0,0.0,0.3333,0.3333,0.3333,singular
2026-09-01T00:59:43,479,0.0,0.0,0.0,0.0,0.0,0.0,0.0,0.0,0.0,0,0,0,0,0,0,0.0,0.0,0.0,0.0,0.0,0.0,0.0,0.0,0.0,ROCK,0,0,0.0,0.0,SPARSE,0.36667,0.24833,0.0,0.0,0.3333,0.3333,0.3333,singular
2026-09-01T01:00:32,480,0.0,0.0,0.0,0.0,0.0,0.0,0.0,0.0,0.0,0,0,0,0,0,0,0.0,0.0,0.0,0.0,0.0,0.0,0.0,0.0,0.0,ROCK,0,0,0.0,0.0,SPARSE,0.36667,0.24833,0.0,0.0,0.3333,0.3333,0.3333,singular
2026-09-01T01:01:14,481,0.0,0.0,0.0,0.0,0.0,0.0,0.0,0.0,0.0,0,0,0,0,0,0,0.0,0.0,0.0,0.0,0.0,0.0,0.0,0.0,0.0,ROCK,0,0,0.0,0.0,SPARSE,0.36667,0.24833,0.0,0.0,0.3333,0.3333,0.3333,singular
2026-09-01T01:01:55,482,0.0,0.0,0.0,0.0,0.0,0.0,0.0,0.0,0.0,0,0,0,0,0,0,0.0,0.0,0.0,0.0,0.0,0.0,0.0,0.0,0.0,ROCK,0,0,0.0,0.0,SPARSE,0.36667,0.24131,0.0,0.0,0.3333,0.3333,0.3333,singular
2026-09-01T01:02:37,483,0.0,0.0,0.0,0.0,0.0,0.0,0.0,0.0,0.0,0,0,0,0,0,0,0.0,0.0,0.0,0.0,0.0,0.0,0.0,0.0,0.0,ROCK,0,0,0.0,0.0,SPARSE,0.34167,0.22384,0.0,0.0,0.3333,0.3333,0.3333,singular
2026-09-01T01:03:06,484,0.0,0.0,0.0,0.0,0.0,0.0,0.0,0.0,0.0,0,0,0,0,0,0,0.0,0.0,0.0,0.0,0.0,0.0,0.0,0.0,0.0,ROCK,0,0,0.0,0.0,SPARSE,0.34167,0.22384,0.0,0.0,0.3333,0.3333,0.3333,singular
2026-09-01T01:04:53,485,0.0,0.0,0.0,0.0,0.0,0.0,0.0,0.0,0.0,0,0,0,0,0,0,0.0,0.0,0.0,0.0,0.0,0.0,0.0,0.0,0.0,ROCK,0,0,0.0,0.0,SPARSE,0.31667,0.20641,0.0,0.0,0.3333,0.3333,0.3333,singular
2026-09-01T01:06:17,486,0.0,0.0,0.0,0.0,0.0,0.0,0.0,0.0,0.0,0,0,0,0,0,0,0.0,0.0,0.0,0.0,0.0,0.0,0.0,0.0,0.0,ROCK,0,0,0.0,0.0,SPARSE,0.31667,0.21311,0.0,0.0,0.3333,0.3333,0.3333,singular
2026-09-01T01:07:03,487,0.0,0.0,0.0,0.0,0.0,0.0,0.0,0.0,0.0,0,0,0,0,0,0,0.0,0.0,0.0,0.0,0.0,0.0,0.0,0.0,0.0,ROCK,0,0,0.0,0.0,SPARSE,0.31667,0.21311,0.0,0.0,0.3333,0.3333,0.3333,singular
2026-09-01T01:07:42,488,0.0,0.0,0.0,0.0,0.0,0.0,0.0,0.0,0.0,0,0,0,0,0,0,0.0,0.0,0.0,0.0,0.0,0.0,0.0,0.0,0.0,ROCK,0,0,0.0,0.0,SPARSE,0.29167,0.20336,0.0,0.0,0.3333,0.3333,0.3333,singular
2026-09-01T01:08:29,489,0.0,0.0,0.0,0.0,0.0,0.0,0.0,0.0,0.0,0,0,0,0,0,0,0.0,0.0,0.0,0.0,0.0,0.0,0.0,0.0,0.0,ROCK,0,0,0.0,0.0,SPARSE,0.29167,0.20336,0.0,0.0,0.3333,0.3333,0.3333,singular
2026-09-01T01:09:36,490,0.0,0.0,0.0,0.0,0.0,0.0,0.0,0.0,0.0,0,0,0,0,0,0,0.0,0.0,0.0,0.0,0.0,0.0,0.0,0.0,0.0,ROCK,0,0,0.0,0.0,SPARSE,0.29167,0.20336,0.0,0.0,0.3333,0.3333,0.3333,singular
2026-09-01T01:10:58,491,0.0,0.0,0.0,0.0,0.0,0.0,0.0,0.0,0.0,0,0,0,0,0,0,0.0,0.0,0.0,0.0,0.0,0.0,0.0,0.0,0.0,ROCK,0,0,0.0,0.0,SPARSE,0.29167,0.20336,0.0,0.0,0.3333,0.3333,0.3333,singular
2026-09-01T01:11:39,492,0.0,0.0,0.0,0.0,0.0,0.0,0.0,0.0,0.0,0,0,0,0,0,0,0.0,0.0,0.0,0.0,0.0,0.0,0.0,0.0,0.0,ROCK,0,0,0.0,0.0,SPARSE,0.31667,0.22103,0.0,0.0,0.3333,0.3333,0.3333,singular
2026-09-01T01:12:09,493,0.0,0.0,0.0,0.0,0.0,0.0,0.0,0.0,0.0,0,0,0,0,0,0,0.0,0.0,0.0,0.0,0.0,0.0,0.0,0.0,0.0,ROCK,0,0,0.0,0.0,SPARSE,0.31667,0.21311,0.0,0.0,0.3333,0.3333,0.3333,singular
2026-09-01T01:13:13,494,0.0,0.0,0.0,0.0,0.0,0.0,0.0,0.0,0.0,0,0,0,0,0,0,0.0,0.0,0.0,0.0,0.0,0.0,0.0,0.0,0.0,ROCK,0,0,0.0,0.0,SPARSE,0.34167,0.22384,0.0,0.0,0.3333,0.3333,0.3333,singular
2026-09-01T01:14:03,495,0.0,0.0,0.0,0.0,0.0,0.0,0.0,0.0,0.0,0,0,0,0,0,0,0.0,0.0,0.0,0.0,0.0,0.0,0.0,0.0,0.0,ROCK,0,0,0.0,0.0,SPARSE,0.34167,0.23071,0.0,0.0,0.3333,0.3333,0.3333,singular
2026-09-01T01:14:41,496,0.0,0.0,0.0,0.0,0.0,0.0,0.0,0.0,0.0,0,0,0,0,0,0,0.0,0.0,0.0,0.0,0.0,0.0,0.0,0.0,0.0,ROCK,0,0,0.0,0.0,SPARSE,0.31667,0.22103,0.0,0.0,0.3333,0.3333,0.3333,singular
2026-09-01T01:15:21,497,0.0,0.0,0.0,0.0,0.0,0.0,0.0,0.0,0.0,0,0,0,0,0,0,0.0,0.0,0.0,0.0,0.0,0.0,0.0,0.0,0.0,ROCK,0,0,0.0,0.0,SPARSE,0.31667,0.22103,0.0,0.0,0.3333,0.3333,0.3333,singular
2026-09-01T01:16:05,498,0.0,0.0,0.0,0.0,0.0,0.0,0.0,0.0,0.0,0,0,0,0,0,0,0.0,0.0,0.0,0.0,0.0,0.0,0.0,0.0,0.0,ROCK,0,0,0.0,0.0,SPARSE,0.31667,0.22103,0.0,0.0,0.3333,0.3333,0.3333,singular
2026-09-01T01:17:24,499,0.0,0.0,0.0,0.0,0.0,0.0,0.0,0.0,0.0,0,0,0,0,0,0,0.0,0.0,0.0,0.0,0.0,0.0,0.0,0.0,0.0,ROCK,0,0,0.0,0.0,SPARSE,0.31667,0.22103,0.0,0.0,0.3333,0.3333,0.3333,singular
2026-09-01T01:18:02,500,0.0,0.0,0.0,0.0,0.0,0.0,0.0,0.0,0.0,0,0,0,0,0,0,0.0,0.0,0.0,0.0,0.0,0.0,0.0,0.0,0.0,ROCK,0,0,0.0,0.0,SPARSE,0.31667,0.21311,0.0,0.0,0.3333,0.3333,0.3333,singular
2026-09-01T01:19:42,501,0.0,0.0,0.0,0.0,0.0,0.0,0.0,0.0,0.0,0,0,0,0,0,0,0.0,0.0,0.0,0.0,0.0,0.0,0.0,0.0,0.0,ROCK,0,0,0.0,0.0,SPARSE,0.31667,0.21311,0.0,0.0,0.3333,0.3333,0.3333,singular
2026-09-01T01:20:36,502,0.0,0.0,0.0,0.0,0.0,0.0,0.0,0.0,0.0,0,0,0,0,0,0,0.0,0.0,0.0,0.0,0.0,0.0,0.0,0.0,0.0,ROCK,0,0,0.0,0.0,SPARSE,0.31667,0.21311,0.0,0.0,0.3333,0.3333,0.3333,singular
2026-09-01T01:22:09,503,0.0,0.0,0.0,0.0,0.0,0.0,0.0,0.0,0.0,0,0,0,0,0,0,0.0,0.0,0.0,0.0,0.0,0.0,0.0,0.0,0.0,ROCK,0,0,0.0,0.0,SPARSE,0.34167,0.22384,0.0,0.0,0.3333,0.3333,0.3333,singular
2026-09-01T01:23:03,504,0.0,0.0,0.0,0.0,0.0,0.0,0.0,0.0,0.0,0,0,0,0,0,0,0.0,0.0,0.0,0.0,0.0,0.0,0.0,0.0,0.0,ROCK,0,0,0.0,0.0,SPARSE,0.31667,0.21311,0.0,0.0,0.3333,0.3333,0.3333,singular
2026-09-01T01:24:33,505,0.0,0.0,0.0,0.0,0.0,0.0,0.0,0.0,0.0,0,0,0,0,0,0,0.0,0.0,0.0,0.0,0.0,0.0,0.0,0.0,0.0,ROCK,0,0,0.0,0.0,SPARSE,0.31667,0.20641,0.0,0.0,0.3333,0.3333,0.3333,singular
2026-09-01T01:25:20,506,0.0,0.0,0.0,0.0,0.0,0.0,0.0,0.0,0.0,0,0,0,0,0,0,0.0,0.0,0.0,0.0,0.0,0.0,0.0,0.0,0.0,ROCK,0,0,0.0,0.0,SPARSE,0.31667,0.20104,0.0,0.0,0.3333,0.3333,0.3333,singular
2026-09-01T01:26:09,507,0.0,0.0,0.0,0.0,0.0,0.0,0.0,0.0,0.0,0,0,0,0,0,0,0.0,0.0,0.0,0.0,0.0,0.0,0.0,0.0,0.0,ROCK,0,0,0.0,0.0,SPARSE,0.31667,0.20104,0.0,0.0,0.3333,0.3333,0.3333,singular
2026-09-01T01:26:57,508,0.0,0.0,0.0,0.0,0.0,0.0,0.0,0.0,0.0,0,0,0,0,0,0,0.0,0.0,0.0,0.0,0.0,0.0,0.0,0.0,0.0,ROCK,0,0,0.0,0.0,SPARSE,0.31667,0.19711,0.0,0.0,0.3333,0.3333,0.3333,singular
2026-09-01T01:27:59,509,0.0,0.0,0.0,0.0,0.0,0.0,0.0,0.0,0.0,0,0,0,0,0,0,0.0,0.0,0.0,0.0,0.0,0.0,0.0,0.0,0.0,ROCK,0,0,0.0,0.0,SPARSE,0.31667,0.19711,0.0,0.0,0.3333,0.3333,0.3333,singular
2026-09-01T01:29:32,510,0.0,0.0,0.0,0.0,0.0,0.0,0.0,0.0,0.0,0,0,0,0,0,0,0.0,0.0,0.0,0.0,0.0,0.0,0.0,0.0,0.0,ROCK,0,0,0.0,0.0,SPARSE,0.31667,0.20104,0.0,0.0,0.3333,0.3333,0.3333,singular
2026-09-01T01:30:32,511,0.0,0.0,0.0,0.0,0.0,0.0,0.0,0.0,0.0,0,0,0,0,0,0,0.0,0.0,0.0,0.0,0.0,0.0,0.0,0.0,0.0,ROCK,0,0,0.0,0.0,SPARSE,0.31667,0.20641,0.0,0.0,0.3333,0.3333,0.3333,singular
2026-09-01T01:31:54,512,0.0,0.0,0.0,0.0,0.0,0.0,0.0,0.0,0.0,0,0,0,0,0,0,0.0,0.0,0.0,0.0,0.0,0.0,0.0,0.0,0.0,ROCK,0,0,0.0,0.0,SPARSE,0.31667,0.21311,0.0,0.0,0.3333,0.3333,0.3333,singular
2026-09-01T01:33:06,513,0.0,0.0,0.0,0.0,0.0,0.0,0.0,0.0,0.0,0,0,0,0,0,0,0.0,0.0,0.0,0.0,0.0,0.0,0.0,0.0,0.0,ROCK,0,0,0.0,0.0,SPARSE,0.31667,0.22103,0.0,0.0,0.3333,0.3333,0.3333,singular
2026-09-01T01:33:59,514,0.0,0.0,0.0,0.0,0.0,0.0,0.0,0.0,0.0,0,0,0,0,0,0,0.0,0.0,0.0,0.0,0.0,0.0,0.0,0.0,0.0,ROCK,0,0,0.0,0.0,SPARSE,0.31667,0.22103,0.0,0.0,0.3333,0.3333,0.3333,singular
2026-09-01T01:36:52,515,0.0,0.0,0.0,0.0,0.0,0.0,0.0,0.0,0.0,0,0,0,0,0,0,0.0,0.0,0.0,0.0,0.0,0.0,0.0,0.0,0.0,ROCK,0,0,0.0,0.0,SPARSE,0.31667,0.22103,0.0,0.0,0.3333,0.3333,0.3333,singular
2026-09-01T01:37:42,516,0.0,0.0,0.0,0.0,0.0,0.0,0.0,0.0,0.0,0,0,0,0,0,0,0.0,0.0,0.0,0.0,0.0,0.0,0.0,0.0,0.0,ROCK,0,0,0.0,0.0,SPARSE,0.33333,0.23004,0.0,0.0,0.3333,0.3333,0.3333,singular
2026-09-01T01:38:34,517,0.0,0.0,0.0,0.0,0.0,0.0,0.0,0.0,0.0,0,0,0,0,0,0,0.0,0.0,0.0,0.0,0.0,0.0,0.0,0.0,0.0,ROCK,0,0,0.0,0.0,SPARSE,0.33333,0.23004,0.0,0.0,0.3333,0.3333,0.3333,singular
2026-09-01T01:39:21,518,0.0,0.0,0.0,0.0,0.0,0.0,0.0,0.0,0.0,0,0,0,0,0,0,0.0,0.0,0.0,0.0,0.0,0.0,0.0,0.0,0.0,ROCK,0,0,0.0,0.0,SPARSE,0.34167,0.2387,0.0,0.0,0.3333,0.3333,0.3333,singular
2026-09-01T01:40:04,519,0.0,0.0,0.0,0.0,0.0,0.0,0.0,0.0,0.0,0,0,0,0,0,0,0.0,0.0,0.0,0.0,0.0,0.0,0.0,0.0,0.0,ROCK,0,0,0.0,0.0,SPARSE,0.34167,0.2387,0.0,0.0,0.3333,0.3333,0.3333,singular
2026-09-01T01:40:39,520,0.0,0.0,0.0,0.0,0.0,0.0,0.0,0.0,0.0,0,0,0,0,0,0,0.0,0.0,0.0,0.0,0.0,0.0,0.0,0.0,0.0,ROCK,0,0,0.0,0.0,SPARSE,0.34167,0.2387,0.0,0.0,0.3333,0.3333,0.3333,singular
2026-09-01T01:41:39,521,0.0,0.0,0.0,0.0,0.0,0.0,0.0,0.0,0.0,0,0,0,0,0,0,0.0,0.0,0.0,0.0,0.0,0.0,0.0,0.0,0.0,ROCK,0,0,0.0,0.0,SPARSE,0.31667,0.22103,0.0,0.0,0.3333,0.3333,0.3333,singular
2026-09-01T01:46:24,522,0.0,0.0,0.0,0.0,0.0,0.0,0.0,0.0,0.0,0,0,0,0,0,0,0.0,0.0,0.0,0.0,0.0,0.0,0.0,0.0,0.0,ROCK,0,0,0.0,0.0,SPARSE,0.33333,0.23004,0.0,0.0,0.3333,0.3333,0.3333,singular
2026-09-01T01:47:04,523,0.0,0.0,0.0,0.0,0.0,0.0,0.0,0.0,0.0,0,0,0,0,0,0,0.0,0.0,0.0,0.0,0.0,0.0,0.0,0.0,0.0,ROCK,0,0,0.0,0.0,SPARSE,0.31667,0.22103,0.0,0.0,0.3333,0.3333,0.3333,singular
2026-09-01T01:50:32,524,0.0,0.0,0.0,0.0,0.0,0.0,0.0,0.0,0.0,0,0,0,0,0,0,0.0,0.0,0.0,0.0,0.0,0.0,0.0,0.0,0.0,ROCK,0,0,0.0,0.0,SPARSE,0.31667,0.22103,0.0,0.0,0.3333,0.3333,0.3333,singular
2026-09-01T01:52:34,525,0.0,0.0,0.0,0.0,0.0,0.0,0.0,0.0,0.0,0,0,0,0,0,0,0.0,0.0,0.0,0.0,0.0,0.0,0.0,0.0,0.0,ROCK,0,0,0.0,0.0,SPARSE,0.34167,0.2387,0.0,0.0,0.3333,0.3333,0.3333,singular
2026-09-01T01:55:20,526,0.0,0.0,0.0,0.0,0.0,0.0,0.0,0.0,0.0,0,0,0,0,0,0,0.0,0.0,0.0,0.0,0.0,0.0,0.0,0.0,0.0,ROCK,0,0,0.0,0.0,SPARSE,0.34167,0.23071,0.0,0.0,0.3333,0.3333,0.3333,singular
2026-09-01T01:56:53,527,0.0,0.0,0.0,0.0,0.0,0.0,0.0,0.0,0.0,0,0,0,0,0,0,0.0,0.0,0.0,0.0,0.0,0.0,0.0,0.0,0.0,ROCK,0,0,0.0,0.0,SPARSE,0.34167,0.2387,0.0,0.0,0.3333,0.3333,0.3333,singular
2026-09-01T01:57:26,528,0.0,0.0,0.0,0.0,0.0,0.0,0.0,0.0,0.0,0,0,0,0,0,0,0.0,0.0,0.0,0.0,0.0,0.0,0.0,0.0,0.0,ROCK,0,0,0.0,0.0,SPARSE,0.36667,0.24833,0.0,0.0,0.3333,0.3333,0.3333,singular
2026-09-01T01:58:15,529,0.0,0.0,0.0,0.0,0.0,0.0,0.0,0.0,0.0,0,0,0,0,0,0,0.0,0.0,0.0,0.0,0.0,0.0,0.0,0.0,0.0,ROCK,0,0,0.0,0.0,SPARSE,0.36667,0.24131,0.0,0.0,0.3333,0.3333,0.3333,singular
2026-09-01T02:01:09,530,0.0,0.0,0.0,0.0,0.0,0.0,0.0,0.0,0.0,0,0,0,0,0,0,0.0,0.0,0.0,0.0,0.0,0.0,0.0,0.0,0.0,ROCK,0,0,0.0,0.0,SPARSE,0.36667,0.24833,0.0,0.0,0.3333,0.3333,0.3333,singular
2026-09-01T02:02:44,531,0.0,0.0,0.0,0.0,0.0,0.0,0.0,0.0,0.0,0,0,0,0,0,0,0.0,0.0,0.0,0.0,0.0,0.0,0.0,0.0,0.0,ROCK,0,0,0.0,0.0,SPARSE,0.36667,0.24833,0.0,0.0,0.3333,0.3333,0.3333,singular
2026-09-01T02:03:26,532,0.0,0.0,0.0,0.0,0.0,0.0,0.0,0.0,0.0,0,0,0,0,0,0,0.0,0.0,0.0,0.0,0.0,0.0,0.0,0.0,0.0,ROCK,0,0,0.0,0.0,SPARSE,0.39167,0.26595,0.0,0.0,0.3333,0.3333,0.3333,singular
2026-09-01T02:06:48,533,0.0,0.0,0.0,0.0,0.0,0.0,0.0,0.0,0.0,0,0,0,0,0,0,0.0,0.0,0.0,0.0,0.0,0.0,0.0,0.0,0.0,ROCK,0,0,0.0,0.0,SPARSE,0.36667,0.25638,0.0,0.0,0.3333,0.3333,0.3333,singular
2026-09-01T02:08:06,534,0.0,0.0,0.0,0.0,0.0,0.0,0.0,0.0,0.0,0,0,0,0,0,0,0.0,0.0,0.0,0.0,0.0,0.0,0.0,0.0,0.0,ROCK,0,0,0.0,0.0,SPARSE,0.36667,0.25638,0.0,0.0,0.3333,0.3333,0.3333,singular
2026-09-01T02:08:49,535,0.0,0.0,0.0,0.0,0.0,0.0,0.0,0.0,0.0,0,0,0,0,0,0,0.0,0.0,0.0,0.0,0.0,0.0,0.0,0.0,0.0,ROCK,0,0,0.0,0.0,SPARSE,0.39167,0.27405,0.0,0.0,0.3333,0.3333,0.3333,singular
2026-09-01T02:11:21,536,0.0,0.0,0.0,0.0,0.0,0.0,0.0,0.0,0.0,0,0,0,0,0,0,0.0,0.0,0.0,0.0,0.0,0.0,0.0,0.0,0.0,ROCK,0,0,0.0,0.0,SPARSE,0.39167,0.27405,0.0,0.0,0.3333,0.3333,0.3333,singular
2026-09-01T02:13:01,537,0.0,0.0,0.0,0.0,0.0,0.0,0.0,0.0,0.0,0,0,0,0,0,0,0.0,0.0,0.0,0.0,0.0,0.0,0.0,0.0,0.0,ROCK,0,0,0.0,0.0,SPARSE,0.39167,0.27405,0.0,0.0,0.3333,0.3333,0.3333,singular
2026-09-01T02:14:23,538,0.0,0.0,0.0,0.0,0.0,0.0,0.0,0.0,0.0,0,0,0,0,0,0,0.0,0.0,0.0,0.0,0.0,0.0,0.0,0.0,0.0,ROCK,0,0,0.0,0.0,SPARSE,0.39167,0.27405,0.0,0.0,0.3333,0.3333,0.3333,singular
2026-09-01T02:17:55,539,0.0,0.0,0.0,0.0,0.0,0.0,0.0,0.0,0.0,0,0,0,0,0,0,0.0,0.0,0.0,0.0,0.0,0.0,0.0,0.0,0.0,ROCK,0,0,0.0,0.0,SPARSE,0.40833,0.28303,0.0,0.0,0.3333,0.3333,0.3333,singular
2026-09-01T02:21:39,540,0.0,0.0,0.0,0.0,0.0,0.0,0.0,0.0,0.0,0,0,0,0,0,0,0.0,0.0,0.0,0.0,0.0,0.0,0.0,0.0,0.0,ROCK,0,0,0.0,0.0,SPARSE,0.40833,0.28303,0.0,0.0,0.3333,0.3333,0.3333,singular
2026-09-01T02:22:29,541,0.0,0.0,0.0,0.0,0.0,0.0,0.0,0.0,0.0,0,0,0,0,0,0,0.0,0.0,0.0,0.0,0.0,0.0,0.0,0.0,0.0,ROCK,0,0,0.0,0.0,SPARSE,0.40833,0.28303,0.0,0.0,0.3333,0.3333,0.3333,singular
2026-09-01T02:24:06,542,0.0,0.0,0.0,0.0,0.0,0.0,0.0,0.0,0.0,0,0,0,0,0,0,0.0,0.0,0.0,0.0,0.0,0.0,0.0,0.0,0.0,ROCK,0,0,0.0,0.0,SPARSE,0.40833,0.28303,0.0,0.0,0.3333,0.3333,0.3333,singular
2026-09-01T02:34:54,543,0.0,0.0,0.0,0.0,0.0,0.0,0.0,0.0,0.0,0,0,0,0,0,0,0.0,0.0,0.0,0.0,0.0,0.0,0.0,0.0,0.0,ROCK,0,0,0.0,0.0,SPARSE,0.40833,0.28303,0.0,0.0,0.3333,0.3333,0.3333,singular
2026-09-01T02:36:41,544,0.0,0.0,0.0,0.0,0.0,0.0,0.0,0.0,0.0,0,0,0,0,0,0,0.0,0.0,0.0,0.0,0.0,0.0,0.0,0.0,0.0,ROCK,0,0,0.0,0.0,SPARSE,0.40833,0.28303,0.0,0.0,0.3333,0.3333,0.3333,singular
2026-09-01T02:37:17,545,0.0,0.0,0.0,0.0,0.0,0.0,0.0,0.0,0.0,0,0,0,0,0,0,0.0,0.0,0.0,0.0,0.0,0.0,0.0,0.0,0.0,ROCK,0,0,0.0,0.0,SPARSE,0.43333,0.30069,0.0,0.0,0.3333,0.3333,0.3333,singular
2026-09-01T02:38:29,546,0.0,0.0,0.0,0.0,0.0,0.0,0.0,0.0,0.0,0,0,0,0,0,0,0.0,0.0,0.0,0.0,0.0,0.0,0.0,0.0,0.0,ROCK,0,0,0.0,0.0,SPARSE,0.43333,0.30069,0.0,0.0,0.3333,0.3333,0.3333,singular
2026-09-01T02:40:03,547,0.0,0.0,0.0,0.0,0.0,0.0,0.0,0.0,0.0,0,0,0,0,0,0,0.0,0.0,0.0,0.0,0.0,0.0,0.0,0.0,0.0,ROCK,0,0,0.0,0.0,SPARSE,0.43333,0.30069,0.0,0.0,0.3333,0.3333,0.3333,singular
2026-09-01T02:42:56,548,0.0,0.0,0.0,0.0,0.0,0.0,0.0,0.0,0.0,0,0,0,0,0,0,0.0,0.0,0.0,0.0,0.0,0.0,0.0,0.0,0.0,ROCK,0,0,0.0,0.0,SPARSE,0.43333,0.30069,0.0,0.0,0.3333,0.3333,0.3333,singular
2026-09-01T02:43:59,549,0.0,0.0,0.0,0.0,0.0,0.0,0.0,0.0,0.0,0,0,0,0,0,0,0.0,0.0,0.0,0.0,0.0,0.0,0.0,0.0,0.0,ROCK,0,0,0.0,0.0,SPARSE,0.43333,0.30069,0.0,0.0,0.3333,0.3333,0.3333,singular
2026-09-01T02:45:26,550,0.0,0.0,0.0,0.0,0.0,0.0,0.0,0.0,0.0,0,0,0,0,0,0,0.0,0.0,0.0,0.0,0.0,0.0,0.0,0.0,0.0,ROCK,0,0,0.0,0.0,SPARSE,0.45833,0.31041,0.0,0.0,0.3333,0.3333,0.3333,singular
2026-09-01T02:46:22,551,0.0,0.0,0.0,0.0,0.0,0.0,0.0,0.0,0.0,0,0,0,0,0,0,0.0,0.0,0.0,0.0,0.0,0.0,0.0,0.0,0.0,ROCK,0,0,0.0,0.0,SPARSE,0.45833,0.31041,0.0,0.0,0.3333,0.3333,0.3333,singular
2026-09-01T02:47:01,552,0.0,0.0,0.0,0.0,0.0,0.0,0.0,0.0,0.0,0,0,0,0,0,0,0.0,0.0,0.0,0.0,0.0,0.0,0.0,0.0,0.0,ROCK,0,0,0.0,0.0,SPARSE,0.43333,0.2928,0.0,0.0,0.3333,0.3333,0.3333,singular
2026-09-01T02:48:39,553,0.0,0.0,0.0,0.0,0.0,0.0,0.0,0.0,0.0,0,0,0,0,0,0,0.0,0.0,0.0,0.0,0.0,0.0,0.0,0.0,0.0,ROCK,0,0,0.0,0.0,SPARSE,0.43333,0.2928,0.0,0.0,0.3333,0.3333,0.3333,singular
2026-09-01T02:50:15,554,0.0,0.0,0.0,0.0,0.0,0.0,0.0,0.0,0.0,0,0,0,0,0,0,0.0,0.0,0.0,0.0,0.0,0.0,0.0,0.0,0.0,ROCK,0,0,0.0,0.0,SPARSE,0.45833,0.30328,0.0,0.0,0.3333,0.3333,0.3333,singular
2026-09-01T02:51:49,555,0.0,0.0,0.0,0.0,0.0,0.0,0.0,0.0,0.0,0,0,0,0,0,0,0.0,0.0,0.0,0.0,0.0,0.0,0.0,0.0,0.0,ROCK,0,0,0.0,0.0,SPARSE,0.45833,0.30328,0.0,0.0,0.3333,0.3333,0.3333,singular
2026-09-01T02:52:54,556,0.0,0.0,0.0,0.0,0.0,0.0,0.0,0.0,0.0,0,0,0,0,0,0,0.0,0.0,0.0,0.0,0.0,0.0,0.0,0.0,0.0,ROCK,0,0,0.0,0.0,SPARSE,0.48333,0.31441,0.0,0.0,0.3333,0.3333,0.3333,singular
2026-09-01T02:54:07,557,0.0,0.0,0.0,0.0,0.0,0.0,0.0,0.0,0.0,0,0,0,0,0,0,0.0,0.0,0.0,0.0,0.0,0.0,0.0,0.0,0.0,ROCK,0,0,0.0,0.0,SPARSE,0.48333,0.31441,0.0,0.0,0.3333,0.3333,0.3333,singular
2026-09-01T02:55:36,558,0.0,0.0,0.0,0.0,0.0,0.0,0.0,0.0,0.0,0,0,0,0,0,0,0.0,0.0,0.0,0.0,0.0,0.0,0.0,0.0,0.0,ROCK,0,0,0.0,0.0,SPARSE,0.48333,0.31441,0.0,0.0,0.3333,0.3333,0.3333,singular
2026-09-01T02:58:57,559,0.0,0.0,0.0,0.0,0.0,0.0,0.0,0.0,0.0,0,0,0,0,0,0,0.0,0.0,0.0,0.0,0.0,0.0,0.0,0.0,0.0,ROCK,0,0,0.0,0.0,SPARSE,0.50833,0.32612,0.0,0.0,0.3333,0.3333,0.3333,singular
2026-09-01T02:59:43,560,0.0,0.0,0.0,0.0,0.0,0.0,0.0,0.0,0.0,0,0,0,0,0,0,0.0,0.0,0.0,0.0,0.0,0.0,0.0,0.0,0.0,ROCK,0,0,0.0,0.0,SPARSE,0.50833,0.32612,0.0,0.0,0.3333,0.3333,0.3333,singular
2026-09-01T03:03:31,561,0.0,0.0,0.0,0.0,0.0,0.0,0.0,0.0,0.0,0,0,0,0,0,0,0.0,0.0,0.0,0.0,0.0,0.0,0.0,0.0,0.0,ROCK,0,0,0.0,0.0,SPARSE,0.50833,0.32612,0.0,0.0,0.3333,0.3333,0.3333,singular
2026-09-01T03:07:04,562,0.0,0.0,0.0,0.0,0.0,0.0,0.0,0.0,0.0,0,0,0,0,0,0,0.0,0.0,0.0,0.0,0.0,0.0,0.0,0.0,0.0,ROCK,0,0,0.0,0.0,SPARSE,0.53333,0.33835,0.0,0.0,0.3333,0.3333,0.3333,singular
2026-09-01T03:08:06,563,0.0,0.0,0.0,0.0,0.0,0.0,0.0,0.0,0.0,0,0,0,0,0,0,0.0,0.0,0.0,0.0,0.0,0.0,0.0,0.0,0.0,ROCK,0,0,0.0,0.0,SPARSE,0.55833,0.35546,0.0,0.0,0.3333,0.3333,0.3333,singular
2026-09-01T03:09:14,564,0.0,0.0,0.0,0.0,0.0,0.0,0.0,0.0,0.0,0,0,0,0,0,0,0.0,0.0,0.0,0.0,0.0,0.0,0.0,0.0,0.0,ROCK,0,0,0.0,0.0,SPARSE,0.55833,0.35546,0.0,0.0,0.3333,0.3333,0.3333,singular
2026-09-01T03:09:56,565,0.0,0.0,0.0,0.0,0.0,0.0,0.0,0.0,0.0,0,0,0,0,0,0,0.0,0.0,0.0,0.0,0.0,0.0,0.0,0.0,0.0,ROCK,0,0,0.0,0.0,SPARSE,0.58333,0.37263,0.0,0.0,0.3333,0.3333,0.3333,singular
2026-09-01T03:10:34,566,0.0,0.0,0.0,0.0,0.0,0.0,0.0,0.0,0.0,0,0,0,0,0,0,0.0,0.0,0.0,0.0,0.0,0.0,0.0,0.0,0.0,ROCK,0,0,0.0,0.0,SPARSE,0.58333,0.37263,0.0,0.0,0.3333,0.3333,0.3333,singular
2026-09-01T03:11:41,567,0.0,0.0,0.0,0.0,0.0,0.0,0.0,0.0,0.0,0,0,0,0,0,0,0.0,0.0,0.0,0.0,0.0,0.0,0.0,0.0,0.0,ROCK,0,0,0.0,0.0,SPARSE,0.58333,0.37263,0.0,0.0,0.3333,0.3333,0.3333,singular
2026-09-01T03:12:43,568,0.0,0.0,0.0,0.0,0.0,0.0,0.0,0.0,0.0,0,0,0,0,0,0,0.0,0.0,0.0,0.0,0.0,0.0,0.0,0.0,0.0,ROCK,0,0,0.0,0.0,SPARSE,0.60833,0.38985,0.0,0.0,0.3333,0.3333,0.3333,singular
2026-09-01T03:15:44,569,0.0,0.0,0.0,0.0,0.0,0.0,0.0,0.0,0.0,0,0,0,0,0,0,0.0,0.0,0.0,0.0,0.0,0.0,0.0,0.0,0.0,ROCK,0,0,0.0,0.0,SPARSE,0.58333,0.37804,0.0,0.0,0.3333,0.3333,0.3333,singular
2026-09-01T03:18:34,570,0.0,0.0,0.0,0.0,0.0,0.0,0.0,0.0,0.0,0,0,0,0,0,0,0.0,0.0,0.0,0.0,0.0,0.0,0.0,0.0,0.0,ROCK,0,0,0.0,0.0,SPARSE,0.58333,0.37263,0.0,0.0,0.3333,0.3333,0.3333,singular
2026-09-01T03:19:35,571,0.0,0.0,0.0,0.0,0.0,0.0,0.0,0.0,0.0,0,0,0,0,0,0,0.0,0.0,0.0,0.0,0.0,0.0,0.0,0.0,0.0,ROCK,0,0,0.0,0.0,SPARSE,0.55833,0.35546,0.0,0.0,0.3333,0.3333,0.3333,singular
2026-09-01T03:20:13,572,0.0,0.0,0.0,0.0,0.0,0.0,0.0,0.0,0.0,0,0,0,0,0,0,0.0,0.0,0.0,0.0,0.0,0.0,0.0,0.0,0.0,ROCK,0,0,0.0,0.0,SPARSE,0.53333,0.34339,0.0,0.0,0.3333,0.3333,0.3333,singular
2026-09-01T03:21:26,573,0.0,0.0,0.0,0.0,0.0,0.0,0.0,0.0,0.0,0,0,0,0,0,0,0.0,0.0,0.0,0.0,0.0,0.0,0.0,0.0,0.0,ROCK,0,0,0.0,0.0,SPARSE,0.55833,0.35546,0.0,0.0,0.3333,0.3333,0.3333,singular
2026-09-01T03:22:10,574,0.0,0.0,0.0,0.0,0.0,0.0,0.0,0.0,0.0,0,0,0,0,0,0,0.0,0.0,0.0,0.0,0.0,0.0,0.0,0.0,0.0,ROCK,0,0,0.0,0.0,SPARSE,0.55833,0.35546,0.0,0.0,0.3333,0.3333,0.3333,singular
2026-09-01T03:25:36,575,0.0,0.0,0.0,0.0,0.0,0.0,0.0,0.0,0.0,0,0,0,0,0,0,0.0,0.0,0.0,0.0,0.0,0.0,0.0,0.0,0.0,ROCK,0,0,0.0,0.0,SPARSE,0.53333,0.34339,0.0,0.0,0.3333,0.3333,0.3333,singular
2026-09-01T03:27:12,576,0.0,0.0,0.0,0.0,0.0,0.0,0.0,0.0,0.0,0,0,0,0,0,0,0.0,0.0,0.0,0.0,0.0,0.0,0.0,0.0,0.0,ROCK,0,0,0.0,0.0,SPARSE,0.55833,0.3607,0.0,0.0,0.3333,0.3333,0.3333,singular
2026-09-01T03:27:44,577,0.0,0.0,0.0,0.0,0.0,0.0,0.0,0.0,0.0,0,0,0,0,0,0,0.0,0.0,0.0,0.0,0.0,0.0,0.0,0.0,0.0,ROCK,0,0,0.0,0.0,SPARSE,0.55833,0.3607,0.0,0.0,0.3333,0.3333,0.3333,singular
2026-09-01T03:28:43,578,0.0,0.0,0.0,0.0,0.0,0.0,0.0,0.0,0.0,0,0,0,0,0,0,0.0,0.0,0.0,0.0,0.0,0.0,0.0,0.0,0.0,ROCK,0,0,0.0,0.0,SPARSE,0.58333,0.37263,0.0,0.0,0.3333,0.3333,0.3333,singular
2026-09-01T03:29:14,579,0.0,0.0,0.0,0.0,0.0,0.0,0.0,0.0,0.0,0,0,0,0,0,0,0.0,0.0,0.0,0.0,0.0,0.0,0.0,0.0,0.0,ROCK,0,0,0.0,0.0,SPARSE,0.55833,0.3607,0.0,0.0,0.3333,0.3333,0.3333,singular
2026-09-01T03:30:01,580,0.0,0.0,0.0,0.0,0.0,0.0,0.0,0.0,0.0,0,0,0,0,0,0,0.0,0.0,0.0,0.0,0.0,0.0,0.0,0.0,0.0,ROCK,0,0,0.0,0.0,SPARSE,0.55833,0.3607,0.0,0.0,0.3333,0.3333,0.3333,singular
2026-09-01T03:30:29,581,0.0,0.0,0.0,0.0,0.0,0.0,0.0,0.0,0.0,0,0,0,0,0,0,0.0,0.0,0.0,0.0,0.0,0.0,0.0,0.0,0.0,ROCK,0,0,0.0,0.0,SPARSE,0.53333,0.34926,0.0,0.0,0.3333,0.3333,0.3333,singular
2026-09-01T03:31:42,582,0.0,0.0,0.0,0.0,0.0,0.0,0.0,0.0,0.0,0,0,0,0,0,0,0.0,0.0,0.0,0.0,0.0,0.0,0.0,0.0,0.0,ROCK,0,0,0.0,0.0,SPARSE,0.55833,0.3607,0.0,0.0,0.3333,0.3333,0.3333,singular
2026-09-01T03:32:45,583,0.0,0.0,0.0,0.0,0.0,0.0,0.0,0.0,0.0,0,0,0,0,0,0,0.0,0.0,0.0,0.0,0.0,0.0,0.0,0.0,0.0,ROCK,0,0,0.0,0.0,SPARSE,0.55833,0.3607,0.0,0.0,0.3333,0.3333,0.3333,singular
2026-09-01T03:33:50,584,0.0,0.0,0.0,0.0,0.0,0.0,0.0,0.0,0.0,0,0,0,0,0,0,0.0,0.0,0.0,0.0,0.0,0.0,0.0,0.0,0.0,ROCK,0,0,0.0,0.0,SPARSE,0.58333,0.37804,0.0,0.0,0.3333,0.3333,0.3333,singular
2026-09-01T03:34:32,585,0.0,0.0,0.0,0.0,0.0,0.0,0.0,0.0,0.0,0,0,0,0,0,0,0.0,0.0,0.0,0.0,0.0,0.0,0.0,0.0,0.0,ROCK,0,0,0.0,0.0,SPARSE,0.58333,0.37804,0.0,0.0,0.3333,0.3333,0.3333,singular
2026-09-01T03:35:51,586,0.0,0.0,0.0,0.0,0.0,0.0,0.0,0.0,0.0,0,0,0,0,0,0,0.0,0.0,0.0,0.0,0.0,0.0,0.0,0.0,0.0,ROCK,0,0,0.0,0.0,SPARSE,0.58333,0.37804,0.0,0.0,0.3333,0.3333,0.3333,singular
2026-09-01T03:37:14,587,0.0,0.0,0.0,0.0,0.0,0.0,0.0,0.0,0.0,0,0,0,0,0,0,0.0,0.0,0.0,0.0,0.0,0.0,0.0,0.0,0.0,ROCK,0,0,0.0,0.0,SPARSE,0.55833,0.36671,0.0,0.0,0.3333,0.3333,0.3333,singular
2026-09-01T03:38:20,588,0.0,0.0,0.0,0.0,0.0,0.0,0.0,0.0,0.0,0,0,0,0,0,0,0.0,0.0,0.0,0.0,0.0,0.0,0.0,0.0,0.0,ROCK,0,0,0.0,0.0,SPARSE,0.55833,0.36671,0.0,0.0,0.3333,0.3333,0.3333,singular
2026-09-01T03:39:00,589,0.0,0.0,0.0,0.0,0.0,0.0,0.0,0.0,0.0,0,0,0,0,0,0,0.0,0.0,0.0,0.0,0.0,0.0,0.0,0.0,0.0,ROCK,0,0,0.0,0.0,SPARSE,0.58333,0.37804,0.0,0.0,0.3333,0.3333,0.3333,singular
2026-09-01T03:39:29,590,0.0,0.0,0.0,0.0,0.0,0.0,0.0,0.0,0.0,0,0,0,0,0,0,0.0,0.0,0.0,0.0,0.0,0.0,0.0,0.0,0.0,ROCK,0,0,0.0,0.0,SPARSE,0.58333,0.37804,0.0,0.0,0.3333,0.3333,0.3333,singular
2026-09-01T03:42:07,591,0.0,0.0,0.0,0.0,0.0,0.0,0.0,0.0,0.0,0,0,0,0,0,0,0.0,0.0,0.0,0.0,0.0,0.0,0.0,0.0,0.0,ROCK,0,0,0.0,0.0,SPARSE,0.58333,0.37804,0.0,0.0,0.3333,0.3333,0.3333,singular
2026-09-01T03:43:02,592,0.0,0.0,0.0,0.0,0.0,0.0,0.0,0.0,0.0,0,0,0,0,0,0,0.0,0.0,0.0,0.0,0.0,0.0,0.0,0.0,0.0,ROCK,0,0,0.0,0.0,SPARSE,0.58333,0.37804,0.0,0.0,0.3333,0.3333,0.3333,singular
2026-09-01T03:44:37,593,0.0,0.0,0.0,0.0,0.0,0.0,0.0,0.0,0.0,0,0,0,0,0,0,0.0,0.0,0.0,0.0,0.0,0.0,0.0,0.0,0.0,ROCK,0,0,0.0,0.0,SPARSE,0.58333,0.37804,0.0,0.0,0.3333,0.3333,0.3333,singular
2026-09-01T03:45:17,594,0.0,0.0,0.0,0.0,0.0,0.0,0.0,0.0,0.0,0,0,0,0,0,0,0.0,0.0,0.0,0.0,0.0,0.0,0.0,0.0,0.0,ROCK,0,0,0.0,0.0,SPARSE,0.58333,0.37804,0.0,0.0,0.3333,0.3333,0.3333,singular
2026-09-01T03:46:04,595,0.0,0.0,0.0,0.0,0.0,0.0,0.0,0.0,0.0,0,0,0,0,0,0,0.0,0.0,0.0,0.0,0.0,0.0,0.0,0.0,0.0,ROCK,0,0,0.0,0.0,SPARSE,0.58333,0.37804,0.0,0.0,0.3333,0.3333,0.3333,singular
2026-09-01T03:46:46,596,0.0,0.0,0.0,0.0,0.0,0.0,0.0,0.0,0.0,0,0,0,0,0,0,0.0,0.0,0.0,0.0,0.0,0.0,0.0,0.0,0.0,ROCK,0,0,0.0,0.0,SPARSE,0.55833,0.3607,0.0,0.0,0.3333,0.3333,0.3333,singular
2026-09-01T03:48:51,597,0.0,0.0,0.0,0.0,0.0,0.0,0.0,0.0,0.0,0,0,0,0,0,0,0.0,0.0,0.0,0.0,0.0,0.0,0.0,0.0,0.0,ROCK,0,0,0.0,0.0,SPARSE,0.53333,0.34339,0.0,0.0,0.3333,0.3333,0.3333,singular
2026-09-01T03:50:40,598,0.0,0.0,0.0,0.0,0.0,0.0,0.0,0.0,0.0,0,0,0,0,0,0,0.0,0.0,0.0,0.0,0.0,0.0,0.0,0.0,0.0,ROCK,0,0,0.0,0.0,SPARSE,0.55833,0.35546,0.0,0.0,0.3333,0.3333,0.3333,singular
2026-09-01T03:51:36,599,0.0,0.0,0.0,0.0,0.0,0.0,0.0,0.0,0.0,0,0,0,0,0,0,0.0,0.0,0.0,0.0,0.0,0.0,0.0,0.0,0.0,ROCK,0,0,0.0,0.0,SPARSE,0.58333,0.36799,0.0,0.0,0.3333,0.3333,0.3333,singular
2026-09-01T03:54:42,600,0.0,0.0,0.0,0.0,0.0,0.0,0.0,0.0,0.0,0,0,0,0,0,0,0.0,0.0,0.0,0.0,0.0,0.0,0.0,0.0,0.0,ROCK,0,0,0.0,0.0,SPARSE,0.58333,0.36799,0.0,0.0,0.3333,0.3333,0.3333,singular
2026-09-01T03:56:01,601,0.0,0.0,0.0,0.0,0.0,0.0,0.0,0.0,0.0,0,0,0,0,0,0,0.0,0.0,0.0,0.0,0.0,0.0,0.0,0.0,0.0,ROCK,0,0,0.0,0.0,SPARSE,0.58333,0.37263,0.0,0.0,0.3333,0.3333,0.3333,singular
2026-09-01T03:56:55,602,0.0,0.0,0.0,0.0,0.0,0.0,0.0,0.0,0.0,0,0,0,0,0,0,0.0,0.0,0.0,0.0,0.0,0.0,0.0,0.0,0.0,ROCK,0,0,0.0,0.0,SPARSE,0.58333,0.37263,0.0,0.0,0.3333,0.3333,0.3333,singular
2026-09-01T03:57:49,603,0.0,0.0,0.0,0.0,0.0,0.0,0.0,0.0,0.0,0,0,0,0,0,0,0.0,0.0,0.0,0.0,0.0,0.0,0.0,0.0,0.0,ROCK,0,0,0.0,0.0,SPARSE,0.60833,0.38501,0.0,0.0,0.3333,0.3333,0.3333,singular
2026-09-01T03:58:52,604,0.0,0.0,0.0,0.0,0.0,0.0,0.0,0.0,0.0,0,0,0,0,0,0,0.0,0.0,0.0,0.0,0.0,0.0,0.0,0.0,0.0,ROCK,0,0,0.0,0.0,SPARSE,0.60833,0.38501,0.0,0.0,0.3333,0.3333,0.3333,singular
2026-09-01T03:59:30,605,0.0,0.0,0.0,0.0,0.0,0.0,0.0,0.0,0.0,0,0,0,0,0,0,0.0,0.0,0.0,0.0,0.0,0.0,0.0,0.0,0.0,ROCK,0,0,0.0,0.0,SPARSE,0.58333,0.36799,0.0,0.0,0.3333,0.3333,0.3333,singular
2026-09-01T04:00:27,606,0.0,0.0,0.0,0.0,0.0,0.0,0.0,0.0,0.0,0,0,0,0,0,0,0.0,0.0,0.0,0.0,0.0,0.0,0.0,0.0,0.0,ROCK,0,0,0.0,0.0,SPARSE,0.60833,0.38093,0.0,0.0,0.3333,0.3333,0.3333,singular
2026-09-01T04:01:35,607,0.0,0.0,0.0,0.0,0.0,0.0,0.0,0.0,0.0,0,0,0,0,0,0,0.0,0.0,0.0,0.0,0.0,0.0,0.0,0.0,0.0,ROCK,0,0,0.0,0.0,SPARSE,0.58333,0.36415,0.0,0.0,0.3333,0.3333,0.3333,singular
2026-09-01T04:02:18,608,0.0,0.0,0.0,0.0,0.0,0.0,0.0,0.0,0.0,0,0,0,0,0,0,0.0,0.0,0.0,0.0,0.0,0.0,0.0,0.0,0.0,ROCK,0,0,0.0,0.0,SPARSE,0.60833,0.37763,0.0,0.0,0.3333,0.3333,0.3333,singular
2026-09-01T04:03:35,609,0.0,0.0,0.0,0.0,0.0,0.0,0.0,0.0,0.0,0,0,0,0,0,0,0.0,0.0,0.0,0.0,0.0,0.0,0.0,0.0,0.0,ROCK,0,0,0.0,0.0,SPARSE,0.63333,0.39144,0.0,0.0,0.3333,0.3333,0.3333,singular
2026-09-01T04:04:12,610,0.0,0.0,0.0,0.0,0.0,0.0,0.0,0.0,0.0,0,0,0,0,0,0,0.0,0.0,0.0,0.0,0.0,0.0,0.0,0.0,0.0,ROCK,0,0,0.0,0.0,SPARSE,0.60833,0.37763,0.0,0.0,0.3333,0.3333,0.3333,singular
2026-09-01T04:05:02,611,0.0,0.0,0.0,0.0,0.0,0.0,0.0,0.0,0.0,0,0,0,0,0,0,0.0,0.0,0.0,0.0,0.0,0.0,0.0,0.0,0.0,ROCK,0,0,0.0,0.0,SPARSE,0.60833,0.37763,0.0,0.0,0.3333,0.3333,0.3333,singular
2026-09-01T04:05:44,612,0.0,0.0,0.0,0.0,0.0,0.0,0.0,0.0,0.0,0,0,0,0,0,0,0.0,0.0,0.0,0.0,0.0,0.0,0.0,0.0,0.0,ROCK,0,0,0.0,0.0,SPARSE,0.60833,0.37763,0.0,0.0,0.3333,0.3333,0.3333,singular
2026-09-01T04:06:33,613,0.0,0.0,0.0,0.0,0.0,0.0,0.0,0.0,0.0,0,0,0,0,0,0,0.0,0.0,0.0,0.0,0.0,0.0,0.0,0.0,0.0,ROCK,0,0,0.0,0.0,SPARSE,0.63333,0.39423,0.0,0.0,0.3333,0.3333,0.3333,singular
2026-09-01T04:07:16,614,0.0,0.0,0.0,0.0,0.0,0.0,0.0,0.0,0.0,0,0,0,0,0,0,0.0,0.0,0.0,0.0,0.0,0.0,0.0,0.0,0.0,ROCK,0,0,0.0,0.0,SPARSE,0.65833,0.41092,0.0,0.0,0.3333,0.3333,0.3333,singular
2026-09-01T04:08:31,615,0.0,0.0,0.0,0.0,0.0,0.0,0.0,0.0,0.0,0,0,0,0,0,0,0.0,0.0,0.0,0.0,0.0,0.0,0.0,0.0,0.0,ROCK,0,0,0.0,0.0,SPARSE,0.65833,0.41092,0.0,0.0,0.3333,0.3333,0.3333,singular
2026-09-01T04:09:08,616,0.0,0.0,0.0,0.0,0.0,0.0,0.0,0.0,0.0,0,0,0,0,0,0,0.0,0.0,0.0,0.0,0.0,0.0,0.0,0.0,0.0,ROCK,0,0,0.0,0.0,SPARSE,0.63333,0.39778,0.0,0.0,0.3333,0.3333,0.3333,singular
2026-09-01T04:12:20,617,0.0,0.0,0.0,0.0,0.0,0.0,0.0,0.0,0.0,0,0,0,0,0,0,0.0,0.0,0.0,0.0,0.0,0.0,0.0,0.0,0.0,ROCK,0,0,0.0,0.0,SPARSE,0.60833,0.38093,0.0,0.0,0.3333,0.3333,0.3333,singular
2026-09-01T04:14:31,618,0.0,0.0,0.0,0.0,0.0,0.0,0.0,0.0,0.0,0,0,0,0,0,0,0.0,0.0,0.0,0.0,0.0,0.0,0.0,0.0,0.0,ROCK,0,0,0.0,0.0,SPARSE,0.58333,0.36799,0.0,0.0,0.3333,0.3333,0.3333,singular
2026-09-01T04:15:55,619,0.0,0.0,0.0,0.0,0.0,0.0,0.0,0.0,0.0,0,0,0,0,0,0,0.0,0.0,0.0,0.0,0.0,0.0,0.0,0.0,0.0,ROCK,0,0,0.0,0.0,SPARSE,0.55833,0.35546,0.0,0.0,0.3333,0.3333,0.3333,singular
2026-09-01T04:16:49,620,0.0,0.0,0.0,0.0,0.0,0.0,0.0,0.0,0.0,0,0,0,0,0,0,0.0,0.0,0.0,0.0,0.0,0.0,0.0,0.0,0.0,ROCK,0,0,0.0,0.0,SPARSE,0.58333,0.37263,0.0,0.0,0.3333,0.3333,0.3333,singular
2026-09-01T04:17:50,621,0.0,0.0,0.0,0.0,0.0,0.0,0.0,0.0,0.0,0,0,0,0,0,0,0.0,0.0,0.0,0.0,0.0,0.0,0.0,0.0,0.0,ROCK,0,0,0.0,0.0,SPARSE,0.55833,0.3607,0.0,0.0,0.3333,0.3333,0.3333,singular
2026-09-01T04:18:36,622,0.0,0.0,0.0,0.0,0.0,0.0,0.0,0.0,0.0,0,0,0,0,0,0,0.0,0.0,0.0,0.0,0.0,0.0,0.0,0.0,0.0,ROCK,0,0,0.0,0.0,SPARSE,0.53333,0.34926,0.0,0.0,0.3333,0.3333,0.3333,singular
2026-09-01T04:20:15,623,0.0,0.0,0.0,0.0,0.0,0.0,0.0,0.0,0.0,0,0,0,0,0,0,0.0,0.0,0.0,0.0,0.0,0.0,0.0,0.0,0.0,ROCK,0,0,0.0,0.0,SPARSE,0.50833,0.33835,0.0,0.0,0.3333,0.3333,0.3333,singular
2026-09-01T04:21:08,624,0.0,0.0,0.0,0.0,0.0,0.0,0.0,0.0,0.0,0,0,0,0,0,0,0.0,0.0,0.0,0.0,0.0,0.0,0.0,0.0,0.0,ROCK,0,0,0.0,0.0,SPARSE,0.48333,0.32803,0.0,0.0,0.3333,0.3333,0.3333,singular
2026-09-01T04:21:36,625,0.0,0.0,0.0,0.0,0.0,0.0,0.0,0.0,0.0,0,0,0,0,0,0,0.0,0.0,0.0,0.0,0.0,0.0,0.0,0.0,0.0,ROCK,0,0,0.0,0.0,SPARSE,0.45833,0.31836,0.0,0.0,0.3333,0.3333,0.3333,singular
2026-09-01T04:24:15,626,0.0,0.0,0.0,0.0,0.0,0.0,0.0,0.0,0.0,0,0,0,0,0,0,0.0,0.0,0.0,0.0,0.0,0.0,0.0,0.0,0.0,ROCK,0,0,0.0,0.0,SPARSE,0.45833,0.31836,0.0,0.0,0.3333,0.3333,0.3333,singular
2026-09-01T04:24:55,627,0.0,0.0,0.0,0.0,0.0,0.0,0.0,0.0,0.0,0,0,0,0,0,0,0.0,0.0,0.0,0.0,0.0,0.0,0.0,0.0,0.0,ROCK,0,0,0.0,0.0,SPARSE,0.45833,0.31836,0.0,0.0,0.3333,0.3333,0.3333,singular
2026-09-01T04:26:50,628,0.0,0.0,0.0,0.0,0.0,0.0,0.0,0.0,0.0,0,0,0,0,0,0,0.0,0.0,0.0,0.0,0.0,0.0,0.0,0.0,0.0,ROCK,0,0,0.0,0.0,SPARSE,0.44167,0.3094,0.0,0.0,0.3333,0.3333,0.3333,singular
2026-09-01T04:27:45,629,0.0,0.0,0.0,0.0,0.0,0.0,0.0,0.0,0.0,0,0,0,0,0,0,0.0,0.0,0.0,0.0,0.0,0.0,0.0,0.0,0.0,ROCK,0,0,0.0,0.0,SPARSE,0.44167,0.30121,0.0,0.0,0.3333,0.3333,0.3333,singular
2026-09-01T04:28:55,630,0.0,0.0,0.0,0.0,0.0,0.0,0.0,0.0,0.0,0,0,0,0,0,0,0.0,0.0,0.0,0.0,0.0,0.0,0.0,0.0,0.0,ROCK,0,0,0.0,0.0,SPARSE,0.44167,0.30121,0.0,0.0,0.3333,0.3333,0.3333,singular
2026-09-01T04:30:00,631,0.0,0.0,0.0,0.0,0.0,0.0,0.0,0.0,0.0,0,0,0,0,0,0,0.0,0.0,0.0,0.0,0.0,0.0,0.0,0.0,0.0,ROCK,0,0,0.0,0.0,SPARSE,0.46667,0.31885,0.0,0.0,0.3333,0.3333,0.3333,singular
2026-09-01T04:30:46,632,0.0,0.0,0.0,0.0,0.0,0.0,0.0,0.0,0.0,0,0,0,0,0,0,0.0,0.0,0.0,0.0,0.0,0.0,0.0,0.0,0.0,ROCK,0,0,0.0,0.0,SPARSE,0.49167,0.3365,0.0,0.0,0.3333,0.3333,0.3333,singular
2026-09-01T04:32:34,633,0.0,0.0,0.0,0.0,0.0,0.0,0.0,0.0,0.0,0,0,0,0,0,0,0.0,0.0,0.0,0.0,0.0,0.0,0.0,0.0,0.0,ROCK,0,0,0.0,0.0,SPARSE,0.49167,0.3365,0.0,0.0,0.3333,0.3333,0.3333,singular
2026-09-01T04:33:04,634,0.0,0.0,0.0,0.0,0.0,0.0,0.0,0.0,0.0,0,0,0,0,0,0,0.0,0.0,0.0,0.0,0.0,0.0,0.0,0.0,0.0,ROCK,0,0,0.0,0.0,SPARSE,0.49167,0.3365,0.0,0.0,0.3333,0.3333,0.3333,singular
2026-09-01T04:34:30,635,0.0,0.0,0.0,0.0,0.0,0.0,0.0,0.0,0.0,0,0,0,0,0,0,0.0,0.0,0.0,0.0,0.0,0.0,0.0,0.0,0.0,ROCK,0,0,0.0,0.0,SPARSE,0.49167,0.3365,0.0,0.0,0.3333,0.3333,0.3333,singular
2026-09-01T04:35:15,636,0.0,0.0,0.0,0.0,0.0,0.0,0.0,0.0,0.0,0,0,0,0,0,0,0.0,0.0,0.0,0.0,0.0,0.0,0.0,0.0,0.0,ROCK,0,0,0.0,0.0,SPARSE,0.49167,0.3365,0.0,0.0,0.3333,0.3333,0.3333,singular
2026-09-01T04:36:56,637,0.0,0.0,0.0,0.0,0.0,0.0,0.0,0.0,0.0,0,0,0,0,0,0,0.0,0.0,0.0,0.0,0.0,0.0,0.0,0.0,0.0,ROCK,0,0,0.0,0.0,SPARSE,0.49167,0.34475,0.0,0.0,0.3333,0.3333,0.3333,singular
2026-09-01T04:39:36,638,0.0,0.0,0.0,0.0,0.0,0.0,0.0,0.0,0.0,0,0,0,0,0,0,0.0,0.0,0.0,0.0,0.0,0.0,0.0,0.0,0.0,ROCK,0,0,0.0,0.0,SPARSE,0.48333,0.33603,0.0,0.0,0.3333,0.3333,0.3333,singular
2026-09-01T04:40:15,639,0.0,0.0,0.0,0.0,0.0,0.0,0.0,0.0,0.0,0,0,0,0,0,0,0.0,0.0,0.0,0.0,0.0,0.0,0.0,0.0,0.0,ROCK,0,0,0.0,0.0,SPARSE,0.48333,0.33603,0.0,0.0,0.3333,0.3333,0.3333,singular
2026-09-01T04:41:18,640,0.0,0.0,0.0,0.0,0.0,0.0,0.0,0.0,0.0,0,0,0,0,0,0,0.0,0.0,0.0,0.0,0.0,0.0,0.0,0.0,0.0,ROCK,0,0,0.0,0.0,SPARSE,0.46667,0.32708,0.0,0.0,0.3333,0.3333,0.3333,singular
2026-09-01T04:43:01,641,0.0,0.0,0.0,0.0,0.0,0.0,0.0,0.0,0.0,0,0,0,0,0,0,0.0,0.0,0.0,0.0,0.0,0.0,0.0,0.0,0.0,ROCK,0,0,0.0,0.0,SPARSE,0.48333,0.33603,0.0,0.0,0.3333,0.3333,0.3333,singular
2026-09-01T04:44:16,642,0.0,0.0,0.0,0.0,0.0,0.0,0.0,0.0,0.0,0,0,0,0,0,0,0.0,0.0,0.0,0.0,0.0,0.0,0.0,0.0,0.0,ROCK,0,0,0.0,0.0,SPARSE,0.48333,0.33603,0.0,0.0,0.3333,0.3333,0.3333,singular
2026-09-01T04:45:27,643,0.0,0.0,0.0,0.0,0.0,0.0,0.0,0.0,0.0,0,0,0,0,0,0,0.0,0.0,0.0,0.0,0.0,0.0,0.0,0.0,0.0,ROCK,0,0,0.0,0.0,SPARSE,0.48333,0.33603,0.0,0.0,0.3333,0.3333,0.3333,singular
2026-09-01T04:46:22,644,0.0,0.0,0.0,0.0,0.0,0.0,0.0,0.0,0.0,0,0,0,0,0,0,0.0,0.0,0.0,0.0,0.0,0.0,0.0,0.0,0.0,ROCK,0,0,0.0,0.0,SPARSE,0.48333,0.33603,0.0,0.0,0.3333,0.3333,0.3333,singular
2026-09-01T04:49:17,645,0.0,0.0,0.0,0.0,0.0,0.0,0.0,0.0,0.0,0,0,0,0,0,0,0.0,0.0,0.0,0.0,0.0,0.0,0.0,0.0,0.0,ROCK,0,0,0.0,0.0,SPARSE,0.48333,0.33603,0.0,0.0,0.3333,0.3333,0.3333,singular
2026-09-01T04:51:51,646,0.0,0.0,0.0,0.0,0.0,0.0,0.0,0.0,0.0,0,0,0,0,0,0,0.0,0.0,0.0,0.0,0.0,0.0,0.0,0.0,0.0,ROCK,0,0,0.0,0.0,SPARSE,0.45833,0.31836,0.0,0.0,0.3333,0.3333,0.3333,singular
2026-09-01T04:52:40,647,0.0,0.0,0.0,0.0,0.0,0.0,0.0,0.0,0.0,0,0,0,0,0,0,0.0,0.0,0.0,0.0,0.0,0.0,0.0,0.0,0.0,ROCK,0,0,0.0,0.0,SPARSE,0.43333,0.30069,0.0,0.0,0.3333,0.3333,0.3333,singular
2026-09-01T04:53:26,648,0.0,0.0,0.0,0.0,0.0,0.0,0.0,0.0,0.0,0,0,0,0,0,0,0.0,0.0,0.0,0.0,0.0,0.0,0.0,0.0,0.0,ROCK,0,0,0.0,0.0,SPARSE,0.41667,0.29173,0.0,0.0,0.3333,0.3333,0.3333,singular
2026-09-01T04:54:27,649,0.0,0.0,0.0,0.0,0.0,0.0,0.0,0.0,0.0,0,0,0,0,0,0,0.0,0.0,0.0,0.0,0.0,0.0,0.0,0.0,0.0,ROCK,0,0,0.0,0.0,SPARSE,0.43333,0.30069,0.0,0.0,0.3333,0.3333,0.3333,singular
2026-09-01T04:55:25,650,0.0,0.0,0.0,0.0,0.0,0.0,0.0,0.0,0.0,0,0,0,0,0,0,0.0,0.0,0.0,0.0,0.0,0.0,0.0,0.0,0.0,ROCK,0,0,0.0,0.0,SPARSE,0.44167,0.3094,0.0,0.0,0.3333,0.3333,0.3333,singular
2026-09-01T04:56:41,651,0.0,0.0,0.0,0.0,0.0,0.0,0.0,0.0,0.0,0,0,0,0,0,0,0.0,0.0,0.0,0.0,0.0,0.0,0.0,0.0,0.0,ROCK,0,0,0.0,0.0,SPARSE,0.46667,0.31885,0.0,0.0,0.3333,0.3333,0.3333,singular
2026-09-01T04:57:43,652,0.0,0.0,0.0,0.0,0.0,0.0,0.0,0.0,0.0,0,0,0,0,0,0,0.0,0.0,0.0,0.0,0.0,0.0,0.0,0.0,0.0,ROCK,0,0,0.0,0.0,SPARSE,0.44167,0.3094,0.0,0.0,0.3333,0.3333,0.3333,singular
2026-09-01T04:58:37,653,0.0,0.0,0.0,0.0,0.0,0.0,0.0,0.0,0.0,0,0,0,0,0,0,0.0,0.0,0.0,0.0,0.0,0.0,0.0,0.0,0.0,ROCK,0,0,0.0,0.0,SPARSE,0.44167,0.3094,0.0,0.0,0.3333,0.3333,0.3333,singular
2026-09-01T04:59:15,654,0.0,0.0,0.0,0.0,0.0,0.0,0.0,0.0,0.0,0,0,0,0,0,0,0.0,0.0,0.0,0.0,0.0,0.0,0.0,0.0,0.0,ROCK,0,0,0.0,0.0,SPARSE,0.45833,0.31836,0.0,0.0,0.3333,0.3333,0.3333,singular
2026-09-01T05:00:10,655,0.0,0.0,0.0,0.0,0.0,0.0,0.0,0.0,0.0,0,0,0,0,0,0,0.0,0.0,0.0,0.0,0.0,0.0,0.0,0.0,0.0,ROCK,0,0,0.0,0.0,SPARSE,0.48333,0.32803,0.0,0.0,0.3333,0.3333,0.3333,singular
2026-09-01T05:01:02,656,0.0,0.0,0.0,0.0,0.0,0.0,0.0,0.0,0.0,0,0,0,0,0,0,0.0,0.0,0.0,0.0,0.0,0.0,0.0,0.0,0.0,ROCK,0,0,0.0,0.0,SPARSE,0.48333,0.32803,0.0,0.0,0.3333,0.3333,0.3333,singular
2026-09-01T05:02:08,657,0.0,0.0,0.0,0.0,0.0,0.0,0.0,0.0,0.0,0,0,0,0,0,0,0.0,0.0,0.0,0.0,0.0,0.0,0.0,0.0,0.0,ROCK,0,0,0.0,0.0,SPARSE,0.45833,0.31041,0.0,0.0,0.3333,0.3333,0.3333,singular
2026-09-01T05:02:48,658,0.0,0.0,0.0,0.0,0.0,0.0,0.0,0.0,0.0,0,0,0,0,0,0,0.0,0.0,0.0,0.0,0.0,0.0,0.0,0.0,0.0,ROCK,0,0,0.0,0.0,SPARSE,0.43333,0.30069,0.0,0.0,0.3333,0.3333,0.3333,singular
2026-09-01T05:04:13,659,0.0,0.0,0.0,0.0,0.0,0.0,0.0,0.0,0.0,0,0,0,0,0,0,0.0,0.0,0.0,0.0,0.0,0.0,0.0,0.0,0.0,ROCK,0,0,0.0,0.0,SPARSE,0.43333,0.2928,0.0,0.0,0.3333,0.3333,0.3333,singular
2026-09-01T05:04:44,660,0.0,0.0,0.0,0.0,0.0,0.0,0.0,0.0,0.0,0,0,0,0,0,0,0.0,0.0,0.0,0.0,0.0,0.0,0.0,0.0,0.0,ROCK,0,0,0.0,0.0,SPARSE,0.43333,0.2928,0.0,0.0,0.3333,0.3333,0.3333,singular
2026-09-01T05:05:53,661,0.0,0.0,0.0,0.0,0.0,0.0,0.0,0.0,0.0,0,0,0,0,0,0,0.0,0.0,0.0,0.0,0.0,0.0,0.0,0.0,0.0,ROCK,0,0,0.0,0.0,SPARSE,0.43333,0.2928,0.0,0.0,0.3333,0.3333,0.3333,singular
2026-09-01T05:06:49,662,0.0,0.0,0.0,0.0,0.0,0.0,0.0,0.0,0.0,0,0,0,0,0,0,0.0,0.0,0.0,0.0,0.0,0.0,0.0,0.0,0.0,ROCK,0,0,0.0,0.0,SPARSE,0.43333,0.2928,0.0,0.0,0.3333,0.3333,0.3333,singular
2026-09-01T05:09:56,663,0.0,0.0,0.0,0.0,0.0,0.0,0.0,0.0,0.0,0,0,0,0,0,0,0.0,0.0,0.0,0.0,0.0,0.0,0.0,0.0,0.0,ROCK,0,0,0.0,0.0,SPARSE,0.45833,0.30328,0.0,0.0,0.3333,0.3333,0.3333,singular
2026-09-01T05:10:55,664,0.0,0.0,0.0,0.0,0.0,0.0,0.0,0.0,0.0,0,0,0,0,0,0,0.0,0.0,0.0,0.0,0.0,0.0,0.0,0.0,0.0,ROCK,0,0,0.0,0.0,SPARSE,0.43333,0.2928,0.0,0.0,0.3333,0.3333,0.3333,singular
2026-09-01T05:11:46,665,0.0,0.0,0.0,0.0,0.0,0.0,0.0,0.0,0.0,0,0,0,0,0,0,0.0,0.0,0.0,0.0,0.0,0.0,0.0,0.0,0.0,ROCK,0,0,0.0,0.0,SPARSE,0.45833,0.30328,0.0,0.0,0.3333,0.3333,0.3333,singular
2026-09-01T05:12:45,666,0.0,0.0,0.0,0.0,0.0,0.0,0.0,0.0,0.0,0,0,0,0,0,0,0.0,0.0,0.0,0.0,0.0,0.0,0.0,0.0,0.0,ROCK,0,0,0.0,0.0,SPARSE,0.45833,0.30328,0.0,0.0,0.3333,0.3333,0.3333,singular
2026-09-01T05:14:12,667,0.0,0.0,0.0,0.0,0.0,0.0,0.0,0.0,0.0,0,0,0,0,0,0,0.0,0.0,0.0,0.0,0.0,0.0,0.0,0.0,0.0,ROCK,0,0,0.0,0.0,SPARSE,0.45833,0.30328,0.0,0.0,0.3333,0.3333,0.3333,singular
2026-09-01T05:16:10,668,0.0,0.0,0.0,0.0,0.0,0.0,0.0,0.0,0.0,0,0,0,0,0,0,0.0,0.0,0.0,0.0,0.0,0.0,0.0,0.0,0.0,ROCK,0,0,0.0,0.0,SPARSE,0.48333,0.31441,0.0,0.0,0.3333,0.3333,0.3333,singular
2026-09-01T05:16:50,669,0.0,0.0,0.0,0.0,0.0,0.0,0.0,0.0,0.0,0,0,0,0,0,0,0.0,0.0,0.0,0.0,0.0,0.0,0.0,0.0,0.0,ROCK,0,0,0.0,0.0,SPARSE,0.48333,0.31441,0.0,0.0,0.3333,0.3333,0.3333,singular
2026-09-01T05:18:11,670,0.0,0.0,0.0,0.0,0.0,0.0,0.0,0.0,0.0,0,0,0,0,0,0,0.0,0.0,0.0,0.0,0.0,0.0,0.0,0.0,0.0,ROCK,0,0,0.0,0.0,SPARSE,0.45833,0.30328,0.0,0.0,0.3333,0.3333,0.3333,singular
2026-09-01T05:19:04,671,0.0,0.0,0.0,0.0,0.0,0.0,0.0,0.0,0.0,0,0,0,0,0,0,0.0,0.0,0.0,0.0,0.0,0.0,0.0,0.0,0.0,ROCK,0,0,0.0,0.0,SPARSE,0.45833,0.30328,0.0,0.0,0.3333,0.3333,0.3333,singular
2026-09-01T05:22:31,672,0.0,0.0,0.0,0.0,0.0,0.0,0.0,0.0,0.0,0,0,0,0,0,0,0.0,0.0,0.0,0.0,0.0,0.0,0.0,0.0,0.0,ROCK,0,0,0.0,0.0,SPARSE,0.45833,0.30328,0.0,0.0,0.3333,0.3333,0.3333,singular
2026-09-01T05:26:25,673,0.0,0.0,0.0,0.0,0.0,0.0,0.0,0.0,0.0,0,0,0,0,0,0,0.0,0.0,0.0,0.0,0.0,0.0,0.0,0.0,0.0,ROCK,0,0,0.0,0.0,SPARSE,0.45833,0.30328,0.0,0.0,0.3333,0.3333,0.3333,singular
2026-09-01T05:27:10,674,0.0,0.0,0.0,0.0,0.0,0.0,0.0,0.0,0.0,0,0,0,0,0,0,0.0,0.0,0.0,0.0,0.0,0.0,0.0,0.0,0.0,ROCK,0,0,0.0,0.0,SPARSE,0.48333,0.31441,0.0,0.0,0.3333,0.3333,0.3333,singular
2026-09-01T05:28:17,675,0.0,0.0,0.0,0.0,0.0,0.0,0.0,0.0,0.0,0,0,0,0,0,0,0.0,0.0,0.0,0.0,0.0,0.0,0.0,0.0,0.0,ROCK,0,0,0.0,0.0,SPARSE,0.45833,0.30328,0.0,0.0,0.3333,0.3333,0.3333,singular
2026-09-01T05:29:16,676,0.0,0.0,0.0,0.0,0.0,0.0,0.0,0.0,0.0,0,0,0,0,0,0,0.0,0.0,0.0,0.0,0.0,0.0,0.0,0.0,0.0,ROCK,0,0,0.0,0.0,SPARSE,0.48333,0.32081,0.0,0.0,0.3333,0.3333,0.3333,singular
2026-09-01T05:30:13,677,0.0,0.0,0.0,0.0,0.0,0.0,0.0,0.0,0.0,0,0,0,0,0,0,0.0,0.0,0.0,0.0,0.0,0.0,0.0,0.0,0.0,ROCK,0,0,0.0,0.0,SPARSE,0.50833,0.33835,0.0,0.0,0.3333,0.3333,0.3333,singular
2026-09-01T05:31:23,678,0.0,0.0,0.0,0.0,0.0,0.0,0.0,0.0,0.0,0,0,0,0,0,0,0.0,0.0,0.0,0.0,0.0,0.0,0.0,0.0,0.0,ROCK,0,0,0.0,0.0,SPARSE,0.50833,0.33835,0.0,0.0,0.3333,0.3333,0.3333,singular
2026-09-01T05:32:57,679,0.0,0.0,0.0,0.0,0.0,0.0,0.0,0.0,0.0,0,0,0,0,0,0,0.0,0.0,0.0,0.0,0.0,0.0,0.0,0.0,0.0,ROCK,0,0,0.0,0.0,SPARSE,0.50833,0.33835,0.0,0.0,0.3333,0.3333,0.3333,singular
2026-09-01T05:35:01,680,0.0,0.0,0.0,0.0,0.0,0.0,0.0,0.0,0.0,0,0,0,0,0,0,0.0,0.0,0.0,0.0,0.0,0.0,0.0,0.0,0.0,ROCK,0,0,0.0,0.0,SPARSE,0.50833,0.33835,0.0,0.0,0.3333,0.3333,0.3333,singular
2026-09-01T05:35:54,681,0.0,0.0,0.0,0.0,0.0,0.0,0.0,0.0,0.0,0,0,0,0,0,0,0.0,0.0,0.0,0.0,0.0,0.0,0.0,0.0,0.0,ROCK,0,0,0.0,0.0,SPARSE,0.50833,0.33835,0.0,0.0,0.3333,0.3333,0.3333,singular
2026-09-01T05:38:46,682,0.0,0.0,0.0,0.0,0.0,0.0,0.0,0.0,0.0,0,0,0,0,0,0,0.0,0.0,0.0,0.0,0.0,0.0,0.0,0.0,0.0,ROCK,0,0,0.0,0.0,SPARSE,0.48333,0.32803,0.0,0.0,0.3333,0.3333,0.3333,singular
2026-09-01T05:39:15,683,0.0,0.0,0.0,0.0,0.0,0.0,0.0,0.0,0.0,0,0,0,0,0,0,0.0,0.0,0.0,0.0,0.0,0.0,0.0,0.0,0.0,ROCK,0,0,0.0,0.0,SPARSE,0.48333,0.32803,0.0,0.0,0.3333,0.3333,0.3333,singular
2026-09-01T05:39:58,684,0.0,0.0,0.0,0.0,0.0,0.0,0.0,0.0,0.0,0,0,0,0,0,0,0.0,0.0,0.0,0.0,0.0,0.0,0.0,0.0,0.0,ROCK,0,0,0.0,0.0,SPARSE,0.45833,0.31836,0.0,0.0,0.3333,0.3333,0.3333,singular
2026-09-01T05:40:40,685,0.0,0.0,0.0,0.0,0.0,0.0,0.0,0.0,0.0,0,0,0,0,0,0,0.0,0.0,0.0,0.0,0.0,0.0,0.0,0.0,0.0,ROCK,0,0,0.0,0.0,SPARSE,0.46667,0.32708,0.0,0.0,0.3333,0.3333,0.3333,singular
2026-09-01T05:41:32,686,0.0,0.0,0.0,0.0,0.0,0.0,0.0,0.0,0.0,0,0,0,0,0,0,0.0,0.0,0.0,0.0,0.0,0.0,0.0,0.0,0.0,ROCK,0,0,0.0,0.0,SPARSE,0.46667,0.31885,0.0,0.0,0.3333,0.3333,0.3333,singular
2026-09-01T05:42:04,687,0.0,0.0,0.0,0.0,0.0,0.0,0.0,0.0,0.0,0,0,0,0,0,0,0.0,0.0,0.0,0.0,0.0,0.0,0.0,0.0,0.0,ROCK,0,0,0.0,0.0,SPARSE,0.49167,0.3365,0.0,0.0,0.3333,0.3333,0.3333,singular
2026-09-01T05:42:57,688,0.0,0.0,0.0,0.0,0.0,0.0,0.0,0.0,0.0,0,0,0,0,0,0,0.0,0.0,0.0,0.0,0.0,0.0,0.0,0.0,0.0,ROCK,0,0,0.0,0.0,SPARSE,0.49167,0.32898,0.0,0.0,0.3333,0.3333,0.3333,singular
2026-09-01T05:46:15,689,0.0,0.0,0.0,0.0,0.0,0.0,0.0,0.0,0.0,0,0,0,0,0,0,0.0,0.0,0.0,0.0,0.0,0.0,0.0,0.0,0.0,ROCK,0,0,0.0,0.0,SPARSE,0.49167,0.32226,0.0,0.0,0.3333,0.3333,0.3333,singular
2026-09-01T05:46:59,690,0.0,0.0,0.0,0.0,0.0,0.0,0.0,0.0,0.0,0,0,0,0,0,0,0.0,0.0,0.0,0.0,0.0,0.0,0.0,0.0,0.0,ROCK,0,0,0.0,0.0,SPARSE,0.49167,0.32226,0.0,0.0,0.3333,0.3333,0.3333,singular
2026-09-01T05:48:06,691,0.0,0.0,0.0,0.0,0.0,0.0,0.0,0.0,0.0,0,0,0,0,0,0,0.0,0.0,0.0,0.0,0.0,0.0,0.0,0.0,0.0,ROCK,0,0,0.0,0.0,SPARSE,0.49167,0.31639,0.0,0.0,0.3333,0.3333,0.3333,singular
2026-09-01T05:48:45,692,0.0,0.0,0.0,0.0,0.0,0.0,0.0,0.0,0.0,0,0,0,0,0,0,0.0,0.0,0.0,0.0,0.0,0.0,0.0,0.0,0.0,ROCK,0,0,0.0,0.0,SPARSE,0.49167,0.31141,0.0,0.0,0.3333,0.3333,0.3333,singular
2026-09-01T05:49:35,693,0.0,0.0,0.0,0.0,0.0,0.0,0.0,0.0,0.0,0,0,0,0,0,0,0.0,0.0,0.0,0.0,0.0,0.0,0.0,0.0,0.0,ROCK,0,0,0.0,0.0,SPARSE,0.49167,0.31141,0.0,0.0,0.3333,0.3333,0.3333,singular
2026-09-01T05:50:21,694,0.0,0.0,0.0,0.0,0.0,0.0,0.0,0.0,0.0,0,0,0,0,0,0,0.0,0.0,0.0,0.0,0.0,0.0,0.0,0.0,0.0,ROCK,0,0,0.0,0.0,SPARSE,0.49167,0.31141,0.0,0.0,0.3333,0.3333,0.3333,singular
2026-09-01T05:50:59,695,0.0,0.0,0.0,0.0,0.0,0.0,0.0,0.0,0.0,0,0,0,0,0,0,0.0,0.0,0.0,0.0,0.0,0.0,0.0,0.0,0.0,ROCK,0,0,0.0,0.0,SPARSE,0.49167,0.30737,0.0,0.0,0.3333,0.3333,0.3333,singular
2026-09-01T05:52:09,696,0.0,0.0,0.0,0.0,0.0,0.0,0.0,0.0,0.0,0,0,0,0,0,0,0.0,0.0,0.0,0.0,0.0,0.0,0.0,0.0,0.0,ROCK,0,0,0.0,0.0,SPARSE,0.49167,0.31141,0.0,0.0,0.3333,0.3333,0.3333,singular
2026-09-01T05:52:48,697,0.0,0.0,0.0,0.0,0.0,0.0,0.0,0.0,0.0,0,0,0,0,0,0,0.0,0.0,0.0,0.0,0.0,0.0,0.0,0.0,0.0,ROCK,0,0,0.0,0.0,SPARSE,0.49167,0.31141,0.0,0.0,0.3333,0.3333,0.3333,singular
2026-09-01T05:53:54,698,0.0,0.0,0.0,0.0,0.0,0.0,0.0,0.0,0.0,0,0,0,0,0,0,0.0,0.0,0.0,0.0,0.0,0.0,0.0,0.0,0.0,ROCK,0,0,0.0,0.0,SPARSE,0.49167,0.31141,0.0,0.0,0.3333,0.3333,0.3333,singular
2026-09-01T05:55:34,699,0.0,0.0,0.0,0.0,0.0,0.0,0.0,0.0,0.0,0,0,0,0,0,0,0.0,0.0,0.0,0.0,0.0,0.0,0.0,0.0,0.0,ROCK,0,0,0.0,0.0,SPARSE,0.49167,0.31141,0.0,0.0,0.3333,0.3333,0.3333,singular
2026-09-01T05:56:17,700,0.0,0.0,0.0,0.0,0.0,0.0,0.0,0.0,0.0,0,0,0,0,0,0,0.0,0.0,0.0,0.0,0.0,0.0,0.0,0.0,0.0,ROCK,0,0,0.0,0.0,SPARSE,0.49167,0.31141,0.0,0.0,0.3333,0.3333,0.3333,singular
2026-09-01T05:57:17,701,0.0,0.0,0.0,0.0,0.0,0.0,0.0,0.0,0.0,0,0,0,0,0,0,0.0,0.0,0.0,0.0,0.0,0.0,0.0,0.0,0.0,ROCK,0,0,0.0,0.0,SPARSE,0.49167,0.31639,0.0,0.0,0.3333,0.3333,0.3333,singular
2026-09-01T05:57:59,702,0.0,0.0,0.0,0.0,0.0,0.0,0.0,0.0,0.0,0,0,0,0,0,0,0.0,0.0,0.0,0.0,0.0,0.0,0.0,0.0,0.0,ROCK,0,0,0.0,0.0,SPARSE,0.49167,0.31639,0.0,0.0,0.3333,0.3333,0.3333,singular
2026-09-01T05:58:34,703,0.0,0.0,0.0,0.0,0.0,0.0,0.0,0.0,0.0,0,0,0,0,0,0,0.0,0.0,0.0,0.0,0.0,0.0,0.0,0.0,0.0,ROCK,0,0,0.0,0.0,SPARSE,0.49167,0.31639,0.0,0.0,0.3333,0.3333,0.3333,singular
2026-09-01T05:59:32,704,0.0,0.0,0.0,0.0,0.0,0.0,0.0,0.0,0.0,0,0,0,0,0,0,0.0,0.0,0.0,0.0,0.0,0.0,0.0,0.0,0.0,ROCK,0,0,0.0,0.0,SPARSE,0.49167,0.32226,0.0,0.0,0.3333,0.3333,0.3333,singular
2026-09-01T06:01:05,705,0.0,0.0,0.0,0.0,0.0,0.0,0.0,0.0,0.0,0,0,0,0,0,0,0.0,0.0,0.0,0.0,0.0,0.0,0.0,0.0,0.0,ROCK,0,0,0.0,0.0,SPARSE,0.49167,0.32226,0.0,0.0,0.3333,0.3333,0.3333,singular
2026-09-01T06:02:08,706,0.0,0.0,0.0,0.0,0.0,0.0,0.0,0.0,0.0,0,0,0,0,0,0,0.0,0.0,0.0,0.0,0.0,0.0,0.0,0.0,0.0,ROCK,0,0,0.0,0.0,SPARSE,0.49167,0.31639,0.0,0.0,0.3333,0.3333,0.3333,singular
2026-09-01T06:02:44,707,0.0,0.0,0.0,0.0,0.0,0.0,0.0,0.0,0.0,0,0,0,0,0,0,0.0,0.0,0.0,0.0,0.0,0.0,0.0,0.0,0.0,ROCK,0,0,0.0,0.0,SPARSE,0.49167,0.31141,0.0,0.0,0.3333,0.3333,0.3333,singular
2026-09-01T06:03:39,708,0.0,0.0,0.0,0.0,0.0,0.0,0.0,0.0,0.0,0,0,0,0,0,0,0.0,0.0,0.0,0.0,0.0,0.0,0.0,0.0,0.0,ROCK,0,0,0.0,0.0,SPARSE,0.49167,0.31639,0.0,0.0,0.3333,0.3333,0.3333,singular
2026-09-01T06:05:14,709,0.0,0.0,0.0,0.0,0.0,0.0,0.0,0.0,0.0,0,0,0,0,0,0,0.0,0.0,0.0,0.0,0.0,0.0,0.0,0.0,0.0,ROCK,0,0,0.0,0.0,SPARSE,0.49167,0.31639,0.0,0.0,0.3333,0.3333,0.3333,singular
2026-09-01T06:05:48,710,0.0,0.0,0.0,0.0,0.0,0.0,0.0,0.0,0.0,0,0,0,0,0,0,0.0,0.0,0.0,0.0,0.0,0.0,0.0,0.0,0.0,ROCK,0,0,0.0,0.0,SPARSE,0.49167,0.31639,0.0,0.0,0.3333,0.3333,0.3333,singular
2026-09-01T06:06:36,711,0.0,0.0,0.0,0.0,0.0,0.0,0.0,0.0,0.0,0,0,0,0,0,0,0.0,0.0,0.0,0.0,0.0,0.0,0.0,0.0,0.0,ROCK,0,0,0.0,0.0,SPARSE,0.49167,0.31141,0.0,0.0,0.3333,0.3333,0.3333,singular
2026-09-01T06:08:02,712,0.0,0.0,0.0,0.0,0.0,0.0,0.0,0.0,0.0,0,0,0,0,0,0,0.0,0.0,0.0,0.0,0.0,0.0,0.0,0.0,0.0,ROCK,0,0,0.0,0.0,SPARSE,0.49167,0.30737,0.0,0.0,0.3333,0.3333,0.3333,singular
2026-09-01T06:08:49,713,0.0,0.0,0.0,0.0,0.0,0.0,0.0,0.0,0.0,0,0,0,0,0,0,0.0,0.0,0.0,0.0,0.0,0.0,0.0,0.0,0.0,ROCK,0,0,0.0,0.0,SPARSE,0.49167,0.30737,0.0,0.0,0.3333,0.3333,0.3333,singular
2026-09-01T06:10:11,714,0.0,0.0,0.0,0.0,0.0,0.0,0.0,0.0,0.0,0,0,0,0,0,0,0.0,0.0,0.0,0.0,0.0,0.0,0.0,0.0,0.0,ROCK,0,0,0.0,0.0,SPARSE,0.49167,0.30737,0.0,0.0,0.3333,0.3333,0.3333,singular
2026-09-01T06:11:04,715,0.0,0.0,0.0,0.0,0.0,0.0,0.0,0.0,0.0,0,0,0,0,0,0,0.0,0.0,0.0,0.0,0.0,0.0,0.0,0.0,0.0,ROCK,0,0,0.0,0.0,SPARSE,0.49167,0.30737,0.0,0.0,0.3333,0.3333,0.3333,singular
2026-09-01T06:12:26,716,0.0,0.0,0.0,0.0,0.0,0.0,0.0,0.0,0.0,0,0,0,0,0,0,0.0,0.0,0.0,0.0,0.0,0.0,0.0,0.0,0.0,ROCK,0,0,0.0,0.0,SPARSE,0.49167,0.30431,0.0,0.0,0.3333,0.3333,0.3333,singular
2026-09-01T06:13:30,717,0.0,0.0,0.0,0.0,0.0,0.0,0.0,0.0,0.0,0,0,0,0,0,0,0.0,0.0,0.0,0.0,0.0,0.0,0.0,0.0,0.0,ROCK,0,0,0.0,0.0,SPARSE,0.49167,0.30225,0.0,0.0,0.3333,0.3333,0.3333,singular
2026-09-01T06:14:02,718,0.0,0.0,0.0,0.0,0.0,0.0,0.0,0.0,0.0,0,0,0,0,0,0,0.0,0.0,0.0,0.0,0.0,0.0,0.0,0.0,0.0,ROCK,0,0,0.0,0.0,SPARSE,0.51667,0.31689,0.0,0.0,0.3333,0.3333,0.3333,singular
2026-09-01T06:14:56,719,0.0,0.0,0.0,0.0,0.0,0.0,0.0,0.0,0.0,0,0,0,0,0,0,0.0,0.0,0.0,0.0,0.0,0.0,0.0,0.0,0.0,ROCK,0,0,0.0,0.0,SPARSE,0.51667,0.31639,0.0,0.0,0.3333,0.3333,0.3333,singular
2026-09-01T06:15:55,720,0.0,0.0,0.0,0.0,0.0,0.0,0.0,0.0,0.0,0,0,0,0,0,0,0.0,0.0,0.0,0.0,0.0,0.0,0.0,0.0,0.0,ROCK,0,0,0.0,0.0,SPARSE,0.51667,0.31639,0.0,0.0,0.3333,0.3333,0.3333,singular
2026-09-01T06:16:38,721,0.0,0.0,0.0,0.0,0.0,0.0,0.0,0.0,0.0,0,0,0,0,0,0,0.0,0.0,0.0,0.0,0.0,0.0,0.0,0.0,0.0,ROCK,0,0,0.0,0.0,SPARSE,0.51667,0.31689,0.0,0.0,0.3333,0.3333,0.3333,singular
2026-09-01T06:17:11,722,0.0,0.0,0.0,0.0,0.0,0.0,0.0,0.0,0.0,0,0,0,0,0,0,0.0,0.0,0.0,0.0,0.0,0.0,0.0,0.0,0.0,ROCK,0,0,0.0,0.0,SPARSE,0.51667,0.31836,0.0,0.0,0.3333,0.3333,0.3333,singular
2026-09-01T06:18:00,723,0.0,0.0,0.0,0.0,0.0,0.0,0.0,0.0,0.0,0,0,0,0,0,0,0.0,0.0,0.0,0.0,0.0,0.0,0.0,0.0,0.0,ROCK,0,0,0.0,0.0,SPARSE,0.51667,0.32081,0.0,0.0,0.3333,0.3333,0.3333,singular
2026-09-01T06:19:21,724,0.0,0.0,0.0,0.0,0.0,0.0,0.0,0.0,0.0,0,0,0,0,0,0,0.0,0.0,0.0,0.0,0.0,0.0,0.0,0.0,0.0,ROCK,0,0,0.0,0.0,SPARSE,0.51667,0.32081,0.0,0.0,0.3333,0.3333,0.3333,singular
2026-09-01T06:19:52,725,0.0,0.0,0.0,0.0,0.0,0.0,0.0,0.0,0.0,0,0,0,0,0,0,0.0,0.0,0.0,0.0,0.0,0.0,0.0,0.0,0.0,ROCK,0,0,0.0,0.0,SPARSE,0.51667,0.32081,0.0,0.0,0.3333,0.3333,0.3333,singular
2026-09-01T06:20:51,726,0.0,0.0,0.0,0.0,0.0,0.0,0.0,0.0,0.0,0,0,0,0,0,0,0.0,0.0,0.0,0.0,0.0,0.0,0.0,0.0,0.0,ROCK,0,0,0.0,0.0,SPARSE,0.54167,0.33463,0.0,0.0,0.3333,0.3333,0.3333,singular
2026-09-01T06:21:46,727,0.0,0.0,0.0,0.0,0.0,0.0,0.0,0.0,0.0,0,0,0,0,0,0,0.0,0.0,0.0,0.0,0.0,0.0,0.0,0.0,0.0,ROCK,0,0,0.0,0.0,SPARSE,0.56667,0.34881,0.0,0.0,0.3333,0.3333,0.3333,singular
2026-09-01T06:22:51,728,0.0,0.0,0.0,0.0,0.0,0.0,0.0,0.0,0.0,0,0,0,0,0,0,0.0,0.0,0.0,0.0,0.0,0.0,0.0,0.0,0.0,ROCK,0,0,0.0,0.0,SPARSE,0.56667,0.34746,0.0,0.0,0.3333,0.3333,0.3333,singular
2026-09-01T06:23:32,729,0.0,0.0,0.0,0.0,0.0,0.0,0.0,0.0,0.0,0,0,0,0,0,0,0.0,0.0,0.0,0.0,0.0,0.0,0.0,0.0,0.0,ROCK,0,0,0.0,0.0,SPARSE,0.56667,0.34746,0.0,0.0,0.3333,0.3333,0.3333,singular
2026-09-01T06:24:56,730,0.0,0.0,0.0,0.0,0.0,0.0,0.0,0.0,0.0,0,0,0,0,0,0,0.0,0.0,0.0,0.0,0.0,0.0,0.0,0.0,0.0,ROCK,0,0,0.0,0.0,SPARSE,0.54167,0.33182,0.0,0.0,0.3333,0.3333,0.3333,singular
2026-09-01T06:27:37,731,0.0,0.0,0.0,0.0,0.0,0.0,0.0,0.0,0.0,0,0,0,0,0,0,0.0,0.0,0.0,0.0,0.0,0.0,0.0,0.0,0.0,ROCK,0,0,0.0,0.0,SPARSE,0.54167,0.33182,0.0,0.0,0.3333,0.3333,0.3333,singular
2026-09-01T06:28:07,732,0.0,0.0,0.0,0.0,0.0,0.0,0.0,0.0,0.0,0,0,0,0,0,0,0.0,0.0,0.0,0.0,0.0,0.0,0.0,0.0,0.0,ROCK,0,0,0.0,0.0,SPARSE,0.56667,0.34701,0.0,0.0,0.3333,0.3333,0.3333,singular
2026-09-01T06:29:31,733,0.0,0.0,0.0,0.0,0.0,0.0,0.0,0.0,0.0,0,0,0,0,0,0,0.0,0.0,0.0,0.0,0.0,0.0,0.0,0.0,0.0,ROCK,0,0,0.0,0.0,SPARSE,0.56667,0.34746,0.0,0.0,0.3333,0.3333,0.3333,singular
2026-09-01T06:30:35,734,0.0,0.0,0.0,0.0,0.0,0.0,0.0,0.0,0.0,0,0,0,0,0,0,0.0,0.0,0.0,0.0,0.0,0.0,0.0,0.0,0.0,ROCK,0,0,0.0,0.0,SPARSE,0.56667,0.34881,0.0,0.0,0.3333,0.3333,0.3333,singular
2026-09-01T06:31:28,735,0.0,0.0,0.0,0.0,0.0,0.0,0.0,0.0,0.0,0,0,0,0,0,0,0.0,0.0,0.0,0.0,0.0,0.0,0.0,0.0,0.0,ROCK,0,0,0.0,0.0,SPARSE,0.56667,0.35104,0.0,0.0,0.3333,0.3333,0.3333,singular
2026-09-01T06:32:16,736,0.0,0.0,0.0,0.0,0.0,0.0,0.0,0.0,0.0,0,0,0,0,0,0,0.0,0.0,0.0,0.0,0.0,0.0,0.0,0.0,0.0,ROCK,0,0,0.0,0.0,SPARSE,0.56667,0.35414,0.0,0.0,0.3333,0.3333,0.3333,singular
2026-09-01T06:35:23,737,0.0,0.0,0.0,0.0,0.0,0.0,0.0,0.0,0.0,0,0,0,0,0,0,0.0,0.0,0.0,0.0,0.0,0.0,0.0,0.0,0.0,ROCK,0,0,0.0,0.0,SPARSE,0.5679,0.35653,0.0,0.0,0.3333,0.3333,0.3333,singular
2026-09-01T06:38:51,738,0.0,0.0,0.0,0.0,0.0,0.0,0.0,0.0,0.0,0,0,0,0,0,0,0.0,0.0,0.0,0.0,0.0,0.0,0.0,0.0,0.0,ROCK,0,0,0.0,0.0,SPARSE,0.5679,0.3531,0.0,0.0,0.3333,0.3333,0.3333,singular
2026-09-01T06:39:40,739,0.0,0.0,0.0,0.0,0.0,0.0,0.0,0.0,0.0,0,0,0,0,0,0,0.0,0.0,0.0,0.0,0.0,0.0,0.0,0.0,0.0,ROCK,0,0,0.0,0.0,SPARSE,0.56911,0.35232,0.0,0.0,0.3333,0.3333,0.3333,singular
2026-09-01T06:42:05,740,0.0,0.0,0.0,0.0,0.0,0.0,0.0,0.0,0.0,0,0,0,0,0,0,0.0,0.0,0.0,0.0,0.0,0.0,0.0,0.0,0.0,ROCK,0,0,0.0,0.0,SPARSE,0.56911,0.35232,0.0,0.0,0.3333,0.3333,0.3333,singular
2026-09-01T06:43:46,741,0.0,0.0,0.0,0.0,0.0,0.0,0.0,0.0,0.0,0,0,0,0,0,0,0.0,0.0,0.0,0.0,0.0,0.0,0.0,0.0,0.0,ROCK,0,0,0.0,0.0,SPARSE,0.56911,0.35232,0.0,0.0,0.3333,0.3333,0.3333,singular
2026-09-01T06:44:33,742,0.0,0.0,0.0,0.0,0.0,0.0,0.0,0.0,0.0,0,0,0,0,0,0,0.0,0.0,0.0,0.0,0.0,0.0,0.0,0.0,0.0,ROCK,0,0,0.0,0.0,SPARSE,0.56911,0.35527,0.0,0.0,0.3333,0.3333,0.3333,singular
2026-09-01T06:45:16,743,0.0,0.0,0.0,0.0,0.0,0.0,0.0,0.0,0.0,0,0,0,0,0,0,0.0,0.0,0.0,0.0,0.0,0.0,0.0,0.0,0.0,ROCK,0,0,0.0,0.0,SPARSE,0.56911,0.35901,0.0,0.0,0.3333,0.3333,0.3333,singular
2026-09-01T06:47:39,744,0.0,0.0,0.0,0.0,0.0,0.0,0.0,0.0,0.0,0,0,0,0,0,0,0.0,0.0,0.0,0.0,0.0,0.0,0.0,0.0,0.0,ROCK,0,0,0.0,0.0,SPARSE,0.56911,0.35901,0.0,0.0,0.3333,0.3333,0.3333,singular
2026-09-01T06:48:55,745,0.0,0.0,0.0,0.0,0.0,0.0,0.0,0.0,0.0,0,0,0,0,0,0,0.0,0.0,0.0,0.0,0.0,0.0,0.0,0.0,0.0,ROCK,0,0,0.0,0.0,SPARSE,0.56911,0.36354,0.0,0.0,0.3333,0.3333,0.3333,singular
2026-09-01T06:49:51,746,0.0,0.0,0.0,0.0,0.0,0.0,0.0,0.0,0.0,0,0,0,0,0,0,0.0,0.0,0.0,0.0,0.0,0.0,0.0,0.0,0.0,ROCK,0,0,0.0,0.0,SPARSE,0.56911,0.36354,0.0,0.0,0.3333,0.3333,0.3333,singular
2026-09-01T06:50:55,747,0.0,0.0,0.0,0.0,0.0,0.0,0.0,0.0,0.0,0,0,0,0,0,0,0.0,0.0,0.0,0.0,0.0,0.0,0.0,0.0,0.0,ROCK,0,0,0.0,0.0,SPARSE,0.56911,0.35901,0.0,0.0,0.3333,0.3333,0.3333,singular
2026-09-01T06:51:47,748,0.0,0.0,0.0,0.0,0.0,0.0,0.0,0.0,0.0,0,0,0,0,0,0,0.0,0.0,0.0,0.0,0.0,0.0,0.0,0.0,0.0,ROCK,0,0,0.0,0.0,SPARSE,0.56911,0.36354,0.0,0.0,0.3333,0.3333,0.3333,singular
2026-09-01T06:53:01,749,0.0,0.0,0.0,0.0,0.0,0.0,0.0,0.0,0.0,0,0,0,0,0,0,0.0,0.0,0.0,0.0,0.0,0.0,0.0,0.0,0.0,ROCK,0,0,0.0,0.0,SPARSE,0.56911,0.36354,0.0,0.0,0.3333,0.3333,0.3333,singular
2026-09-01T06:53:29,750,0.0,0.0,0.0,0.0,0.0,0.0,0.0,0.0,0.0,0,0,0,0,0,0,0.0,0.0,0.0,0.0,0.0,0.0,0.0,0.0,0.0,ROCK,0,0,0.0,0.0,SPARSE,0.56911,0.35901,0.0,0.0,0.3333,0.3333,0.3333,singular
2026-09-01T06:54:32,751,0.0,0.0,0.0,0.0,0.0,0.0,0.0,0.0,0.0,0,0,0,0,0,0,0.0,0.0,0.0,0.0,0.0,0.0,0.0,0.0,0.0,ROCK,0,0,0.0,0.0,SPARSE,0.56911,0.36354,0.0,0.0,0.3333,0.3333,0.3333,singular
2026-09-01T06:55:37,752,0.0,0.0,0.0,0.0,0.0,0.0,0.0,0.0,0.0,0,0,0,0,0,0,0.0,0.0,0.0,0.0,0.0,0.0,0.0,0.0,0.0,ROCK,0,0,0.0,0.0,SPARSE,0.56911,0.36882,0.0,0.0,0.3333,0.3333,0.3333,singular
2026-09-01T06:56:39,753,0.0,0.0,0.0,0.0,0.0,0.0,0.0,0.0,0.0,0,0,0,0,0,0,0.0,0.0,0.0,0.0,0.0,0.0,0.0,0.0,0.0,ROCK,0,0,0.0,0.0,SPARSE,0.56911,0.36882,0.0,0.0,0.3333,0.3333,0.3333,singular
2026-09-01T06:57:22,754,0.0,0.0,0.0,0.0,0.0,0.0,0.0,0.0,0.0,0,0,0,0,0,0,0.0,0.0,0.0,0.0,0.0,0.0,0.0,0.0,0.0,ROCK,0,0,0.0,0.0,SPARSE,0.56911,0.37482,0.0,0.0,0.3333,0.3333,0.3333,singular
2026-09-01T06:58:17,755,0.0,0.0,0.0,0.0,0.0,0.0,0.0,0.0,0.0,0,0,0,0,0,0,0.0,0.0,0.0,0.0,0.0,0.0,0.0,0.0,0.0,ROCK,0,0,0.0,0.0,SPARSE,0.56911,0.37482,0.0,0.0,0.3333,0.3333,0.3333,singular
2026-09-01T06:59:04,756,0.0,0.0,0.0,0.0,0.0,0.0,0.0,0.0,0.0,0,0,0,0,0,0,0.0,0.0,0.0,0.0,0.0,0.0,0.0,0.0,0.0,ROCK,0,0,0.0,0.0,SPARSE,0.56911,0.37482,0.0,0.0,0.3333,0.3333,0.3333,singular
2026-09-01T07:00:17,757,0.0,0.0,0.0,0.0,0.0,0.0,0.0,0.0,0.0,0,0,0,0,0,0,0.0,0.0,0.0,0.0,0.0,0.0,0.0,0.0,0.0,ROCK,0,0,0.0,0.0,SPARSE,0.56911,0.38151,0.0,0.0,0.3333,0.3333,0.3333,singular
2026-09-01T07:01:08,758,0.0,0.0,0.0,0.0,0.0,0.0,0.0,0.0,0.0,0,0,0,0,0,0,0.0,0.0,0.0,0.0,0.0,0.0,0.0,0.0,0.0,ROCK,0,0,0.0,0.0,SPARSE,0.56911,0.38151,0.0,0.0,0.3333,0.3333,0.3333,singular
2026-09-01T07:01:52,759,0.0,0.0,0.0,0.0,0.0,0.0,0.0,0.0,0.0,0,0,0,0,0,0,0.0,0.0,0.0,0.0,0.0,0.0,0.0,0.0,0.0,ROCK,0,0,0.0,0.0,SPARSE,0.56911,0.38151,0.0,0.0,0.3333,0.3333,0.3333,singular
2026-09-01T07:02:30,760,0.0,0.0,0.0,0.0,0.0,0.0,0.0,0.0,0.0,0,0,0,0,0,0,0.0,0.0,0.0,0.0,0.0,0.0,0.0,0.0,0.0,ROCK,0,0,0.0,0.0,SPARSE,0.56911,0.38151,0.0,0.0,0.3333,0.3333,0.3333,singular
2026-09-01T07:03:30,761,0.0,0.0,0.0,0.0,0.0,0.0,0.0,0.0,0.0,0,0,0,0,0,0,0.0,0.0,0.0,0.0,0.0,0.0,0.0,0.0,0.0,ROCK,0,0,0.0,0.0,SPARSE,0.56911,0.37482,0.0,0.0,0.3333,0.3333,0.3333,singular
2026-09-01T07:04:23,762,0.0,0.0,0.0,0.0,0.0,0.0,0.0,0.0,0.0,0,0,0,0,0,0,0.0,0.0,0.0,0.0,0.0,0.0,0.0,0.0,0.0,ROCK,0,0,0.0,0.0,SPARSE,0.56911,0.36882,0.0,0.0,0.3333,0.3333,0.3333,singular
2026-09-01T07:05:03,763,0.0,0.0,0.0,0.0,0.0,0.0,0.0,0.0,0.0,0,0,0,0,0,0,0.0,0.0,0.0,0.0,0.0,0.0,0.0,0.0,0.0,ROCK,0,0,0.0,0.0,SPARSE,0.56911,0.37482,0.0,0.0,0.3333,0.3333,0.3333,singular
2026-09-01T07:07:03,764,0.0,0.0,0.0,0.0,0.0,0.0,0.0,0.0,0.0,0,0,0,0,0,0,0.0,0.0,0.0,0.0,0.0,0.0,0.0,0.0,0.0,ROCK,0,0,0.0,0.0,SPARSE,0.56911,0.36882,0.0,0.0,0.3333,0.3333,0.3333,singular
2026-09-01T07:07:45,765,0.0,0.0,0.0,0.0,0.0,0.0,0.0,0.0,0.0,0,0,0,0,0,0,0.0,0.0,0.0,0.0,0.0,0.0,0.0,0.0,0.0,ROCK,0,0,0.0,0.0,SPARSE,0.56911,0.36354,0.0,0.0,0.3333,0.3333,0.3333,singular
2026-09-01T07:08:25,766,0.0,0.0,0.0,0.0,0.0,0.0,0.0,0.0,0.0,0,0,0,0,0,0,0.0,0.0,0.0,0.0,0.0,0.0,0.0,0.0,0.0,ROCK,0,0,0.0,0.0,SPARSE,0.56911,0.35901,0.0,0.0,0.3333,0.3333,0.3333,singular
2026-09-01T07:09:44,767,0.0,0.0,0.0,0.0,0.0,0.0,0.0,0.0,0.0,0,0,0,0,0,0,0.0,0.0,0.0,0.0,0.0,0.0,0.0,0.0,0.0,ROCK,0,0,0.0,0.0,SPARSE,0.56911,0.35901,0.0,0.0,0.3333,0.3333,0.3333,singular
2026-09-01T07:10:47,768,0.0,0.0,0.0,0.0,0.0,0.0,0.0,0.0,0.0,0,0,0,0,0,0,0.0,0.0,0.0,0.0,0.0,0.0,0.0,0.0,0.0,ROCK,0,0,0.0,0.0,SPARSE,0.56911,0.35527,0.0,0.0,0.3333,0.3333,0.3333,singular
2026-09-01T07:11:24,769,0.0,0.0,0.0,0.0,0.0,0.0,0.0,0.0,0.0,0,0,0,0,0,0,0.0,0.0,0.0,0.0,0.0,0.0,0.0,0.0,0.0,ROCK,0,0,0.0,0.0,SPARSE,0.56911,0.35527,0.0,0.0,0.3333,0.3333,0.3333,singular
2026-09-01T07:12:40,770,0.0,0.0,0.0,0.0,0.0,0.0,0.0,0.0,0.0,0,0,0,0,0,0,0.0,0.0,0.0,0.0,0.0,0.0,0.0,0.0,0.0,ROCK,0,0,0.0,0.0,SPARSE,0.56911,0.35232,0.0,0.0,0.3333,0.3333,0.3333,singular
2026-09-01T07:14:28,771,0.0,0.0,0.0,0.0,0.0,0.0,0.0,0.0,0.0,0,0,0,0,0,0,0.0,0.0,0.0,0.0,0.0,0.0,0.0,0.0,0.0,ROCK,0,0,0.0,0.0,SPARSE,0.56911,0.35021,0.0,0.0,0.3333,0.3333,0.3333,singular
2026-09-01T07:15:43,772,0.0,0.0,0.0,0.0,0.0,0.0,0.0,0.0,0.0,0,0,0,0,0,0,0.0,0.0,0.0,0.0,0.0,0.0,0.0,0.0,0.0,ROCK,0,0,0.0,0.0,SPARSE,0.56911,0.35021,0.0,0.0,0.3333,0.3333,0.3333,singular
2026-09-01T07:17:26,773,0.0,0.0,0.0,0.0,0.0,0.0,0.0,0.0,0.0,0,0,0,0,0,0,0.0,0.0,0.0,0.0,0.0,0.0,0.0,0.0,0.0,ROCK,0,0,0.0,0.0,SPARSE,0.56911,0.35232,0.0,0.0,0.3333,0.3333,0.3333,singular
2026-09-01T07:18:10,774,0.0,0.0,0.0,0.0,0.0,0.0,0.0,0.0,0.0,0,0,0,0,0,0,0.0,0.0,0.0,0.0,0.0,0.0,0.0,0.0,0.0,ROCK,0,0,0.0,0.0,SPARSE,0.56911,0.35527,0.0,0.0,0.3333,0.3333,0.3333,singular
2026-09-01T07:19:37,775,0.0,0.0,0.0,0.0,0.0,0.0,0.0,0.0,0.0,0,0,0,0,0,0,0.0,0.0,0.0,0.0,0.0,0.0,0.0,0.0,0.0,ROCK,0,0,0.0,0.0,SPARSE,0.56911,0.35527,0.0,0.0,0.3333,0.3333,0.3333,singular
2026-09-01T07:21:24,776,0.0,0.0,0.0,0.0,0.0,0.0,0.0,0.0,0.0,0,0,0,0,0,0,0.0,0.0,0.0,0.0,0.0,0.0,0.0,0.0,0.0,ROCK,0,0,0.0,0.0,SPARSE,0.56911,0.35527,0.0,0.0,0.3333,0.3333,0.3333,singular
2026-09-01T07:23:26,777,0.0,0.0,0.0,0.0,0.0,0.0,0.0,0.0,0.0,0,0,0,0,0,0,0.0,0.0,0.0,0.0,0.0,0.0,0.0,0.0,0.0,ROCK,0,0,0.0,0.0,SPARSE,0.57028,0.35754,0.0,0.0,0.3333,0.3333,0.3333,singular
2026-09-01T07:24:28,778,0.0,0.0,0.0,0.0,0.0,0.0,0.0,0.0,0.0,0,0,0,0,0,0,0.0,0.0,0.0,0.0,0.0,0.0,0.0,0.0,0.0,ROCK,0,0,0.0,0.0,SPARSE,0.57028,0.35428,0.0,0.0,0.3333,0.3333,0.3333,singular
2026-09-01T07:25:13,779,0.0,0.0,0.0,0.0,0.0,0.0,0.0,0.0,0.0,0,0,0,0,0,0,0.0,0.0,0.0,0.0,0.0,0.0,0.0,0.0,0.0,ROCK,0,0,0.0,0.0,SPARSE,0.57028,0.35181,0.0,0.0,0.3333,0.3333,0.3333,singular
2026-09-01T07:25:48,780,0.0,0.0,0.0,0.0,0.0,0.0,0.0,0.0,0.0,0,0,0,0,0,0,0.0,0.0,0.0,0.0,0.0,0.0,0.0,0.0,0.0,ROCK,0,0,0.0,0.0,SPARSE,0.57028,0.35428,0.0,0.0,0.3333,0.3333,0.3333,singular
2026-09-01T07:26:58,781,0.0,0.0,0.0,0.0,0.0,0.0,0.0,0.0,0.0,0,0,0,0,0,0,0.0,0.0,0.0,0.0,0.0,0.0,0.0,0.0,0.0,ROCK,0,0,0.0,0.0,SPARSE,0.57028,0.35428,0.0,0.0,0.3333,0.3333,0.3333,singular
2026-09-01T07:27:37,782,0.0,0.0,0.0,0.0,0.0,0.0,0.0,0.0,0.0,0,0,0,0,0,0,0.0,0.0,0.0,0.0,0.0,0.0,0.0,0.0,0.0,ROCK,0,0,0.0,0.0,SPARSE,0.57028,0.35181,0.0,0.0,0.3333,0.3333,0.3333,singular
2026-09-01T07:28:57,783,0.0,0.0,0.0,0.0,0.0,0.0,0.0,0.0,0.0,0,0,0,0,0,0,0.0,0.0,0.0,0.0,0.0,0.0,0.0,0.0,0.0,ROCK,0,0,0.0,0.0,SPARSE,0.57028,0.35016,0.0,0.0,0.3333,0.3333,0.3333,singular
2026-09-01T07:30:38,784,0.0,0.0,0.0,0.0,0.0,0.0,0.0,0.0,0.0,0,0,0,0,0,0,0.0,0.0,0.0,0.0,0.0,0.0,0.0,0.0,0.0,ROCK,0,0,0.0,0.0,SPARSE,0.57028,0.35016,0.0,0.0,0.3333,0.3333,0.3333,singular
2026-09-01T07:31:26,785,0.0,0.0,0.0,0.0,0.0,0.0,0.0,0.0,0.0,0,0,0,0,0,0,0.0,0.0,0.0,0.0,0.0,0.0,0.0,0.0,0.0,ROCK,0,0,0.0,0.0,SPARSE,0.57028,0.35016,0.0,0.0,0.3333,0.3333,0.3333,singular
2026-09-01T07:32:15,786,0.0,0.0,0.0,0.0,0.0,0.0,0.0,0.0,0.0,0,0,0,0,0,0,0.0,0.0,0.0,0.0,0.0,0.0,0.0,0.0,0.0,ROCK,0,0,0.0,0.0,SPARSE,0.57028,0.35016,0.0,0.0,0.3333,0.3333,0.3333,singular
2026-09-01T07:33:30,787,0.0,0.0,0.0,0.0,0.0,0.0,0.0,0.0,0.0,0,0,0,0,0,0,0.0,0.0,0.0,0.0,0.0,0.0,0.0,0.0,0.0,ROCK,0,0,0.0,0.0,SPARSE,0.57028,0.34933,0.0,0.0,0.3333,0.3333,0.3333,singular
2026-09-01T07:34:11,788,0.0,0.0,0.0,0.0,0.0,0.0,0.0,0.0,0.0,0,0,0,0,0,0,0.0,0.0,0.0,0.0,0.0,0.0,0.0,0.0,0.0,ROCK,0,0,0.0,0.0,SPARSE,0.57028,0.34933,0.0,0.0,0.3333,0.3333,0.3333,singular
2026-09-01T07:35:07,789,0.0,0.0,0.0,0.0,0.0,0.0,0.0,0.0,0.0,0,0,0,0,0,0,0.0,0.0,0.0,0.0,0.0,0.0,0.0,0.0,0.0,ROCK,0,0,0.0,0.0,SPARSE,0.57028,0.34933,0.0,0.0,0.3333,0.3333,0.3333,singular
2026-09-01T07:36:09,790,0.0,0.0,0.0,0.0,0.0,0.0,0.0,0.0,0.0,0,0,0,0,0,0,0.0,0.0,0.0,0.0,0.0,0.0,0.0,0.0,0.0,ROCK,0,0,0.0,0.0,SPARSE,0.57028,0.35016,0.0,0.0,0.3333,0.3333,0.3333,singular
2026-09-01T07:37:16,791,0.0,0.0,0.0,0.0,0.0,0.0,0.0,0.0,0.0,0,0,0,0,0,0,0.0,0.0,0.0,0.0,0.0,0.0,0.0,0.0,0.0,ROCK,0,0,0.0,0.0,SPARSE,0.57028,0.35016,0.0,0.0,0.3333,0.3333,0.3333,singular
2026-09-01T07:38:44,792,0.0,0.0,0.0,0.0,0.0,0.0,0.0,0.0,0.0,0,0,0,0,0,0,0.0,0.0,0.0,0.0,0.0,0.0,0.0,0.0,0.0,ROCK,0,0,0.0,0.0,SPARSE,0.57028,0.34933,0.0,0.0,0.3333,0.3333,0.3333,singular
2026-09-01T07:39:39,793,0.0,0.0,0.0,0.0,0.0,0.0,0.0,0.0,0.0,0,0,0,0,0,0,0.0,0.0,0.0,0.0,0.0,0.0,0.0,0.0,0.0,ROCK,0,0,0.0,0.0,SPARSE,0.57028,0.34933,0.0,0.0,0.3333,0.3333,0.3333,singular
2026-09-01T07:40:39,794,0.0,0.0,0.0,0.0,0.0,0.0,0.0,0.0,0.0,0,0,0,0,0,0,0.0,0.0,0.0,0.0,0.0,0.0,0.0,0.0,0.0,ROCK,0,0,0.0,0.0,SPARSE,0.57028,0.35016,0.0,0.0,0.3333,0.3333,0.3333,singular
2026-09-01T07:41:35,795,0.0,0.0,0.0,0.0,0.0,0.0,0.0,0.0,0.0,0,0,0,0,0,0,0.0,0.0,0.0,0.0,0.0,0.0,0.0,0.0,0.0,ROCK,0,0,0.0,0.0,SPARSE,0.57028,0.35016,0.0,0.0,0.3333,0.3333,0.3333,singular
2026-09-01T07:43:09,796,0.0,0.0,0.0,0.0,0.0,0.0,0.0,0.0,0.0,0,0,0,0,0,0,0.0,0.0,0.0,0.0,0.0,0.0,0.0,0.0,0.0,ROCK,0,0,0.0,0.0,SPARSE,0.57028,0.35016,0.0,0.0,0.3333,0.3333,0.3333,singular
2026-09-01T07:43:47,797,0.0,0.0,0.0,0.0,0.0,0.0,0.0,0.0,0.0,0,0,0,0,0,0,0.0,0.0,0.0,0.0,0.0,0.0,0.0,0.0,0.0,ROCK,0,0,0.0,0.0,SPARSE,0.57028,0.35016,0.0,0.0,0.3333,0.3333,0.3333,singular
2026-09-01T07:44:22,798,0.0,0.0,0.0,0.0,0.0,0.0,0.0,0.0,0.0,0,0,0,0,0,0,0.0,0.0,0.0,0.0,0.0,0.0,0.0,0.0,0.0,ROCK,0,0,0.0,0.0,SPARSE,0.57028,0.34933,0.0,0.0,0.3333,0.3333,0.3333,singular
2026-09-01T07:45:18,799,0.0,0.0,0.0,0.0,0.0,0.0,0.0,0.0,0.0,0,0,0,0,0,0,0.0,0.0,0.0,0.0,0.0,0.0,0.0,0.0,0.0,ROCK,0,0,0.0,0.0,SPARSE,0.57028,0.34933,0.0,0.0,0.3333,0.3333,0.3333,singular
2026-09-01T07:46:10,800,0.0,0.0,0.0,0.0,0.0,0.0,0.0,0.0,0.0,0,0,0,0,0,0,0.0,0.0,0.0,0.0,0.0,0.0,0.0,0.0,0.0,ROCK,0,0,0.0,0.0,SPARSE,0.57028,0.35016,0.0,0.0,0.3333,0.3333,0.3333,singular
2026-09-01T07:46:48,801,0.0,0.0,0.0,0.0,0.0,0.0,0.0,0.0,0.0,0,0,0,0,0,0,0.0,0.0,0.0,0.0,0.0,0.0,0.0,0.0,0.0,ROCK,0,0,0.0,0.0,SPARSE,0.57028,0.35181,0.0,0.0,0.3333,0.3333,0.3333,singular
2026-09-01T07:48:45,802,0.0,0.0,0.0,0.0,0.0,0.0,0.0,0.0,0.0,0,0,0,0,0,0,0.0,0.0,0.0,0.0,0.0,0.0,0.0,0.0,0.0,ROCK,0,0,0.0,0.0,SPARSE,0.57028,0.35181,0.0,0.0,0.3333,0.3333,0.3333,singular
2026-09-01T07:49:57,803,0.0,0.0,0.0,0.0,0.0,0.0,0.0,0.0,0.0,0,0,0,0,0,0,0.0,0.0,0.0,0.0,0.0,0.0,0.0,0.0,0.0,ROCK,0,0,0.0,0.0,SPARSE,0.57028,0.35428,0.0,0.0,0.3333,0.3333,0.3333,singular
2026-09-01T07:51:38,804,0.0,0.0,0.0,0.0,0.0,0.0,0.0,0.0,0.0,0,0,0,0,0,0,0.0,0.0,0.0,0.0,0.0,0.0,0.0,0.0,0.0,ROCK,0,0,0.0,0.0,SPARSE,0.57028,0.35181,0.0,0.0,0.3333,0.3333,0.3333,singular
2026-09-01T07:54:10,805,0.0,0.0,0.0,0.0,0.0,0.0,0.0,0.0,0.0,0,0,0,0,0,0,0.0,0.0,0.0,0.0,0.0,0.0,0.0,0.0,0.0,ROCK,0,0,0.0,0.0,SPARSE,0.57028,0.35016,0.0,0.0,0.3333,0.3333,0.3333,singular
2026-09-01T07:54:53,806,0.0,0.0,0.0,0.0,0.0,0.0,0.0,0.0,0.0,0,0,0,0,0,0,0.0,0.0,0.0,0.0,0.0,0.0,0.0,0.0,0.0,ROCK,0,0,0.0,0.0,SPARSE,0.57028,0.34933,0.0,0.0,0.3333,0.3333,0.3333,singular
2026-09-01T07:55:30,807,0.0,0.0,0.0,0.0,0.0,0.0,0.0,0.0,0.0,0,0,0,0,0,0,0.0,0.0,0.0,0.0,0.0,0.0,0.0,0.0,0.0,ROCK,0,0,0.0,0.0,SPARSE,0.57028,0.34933,0.0,0.0,0.3333,0.3333,0.3333,singular
2026-09-01T07:57:41,808,0.0,0.0,0.0,0.0,0.0,0.0,0.0,0.0,0.0,0,0,0,0,0,0,0.0,0.0,0.0,0.0,0.0,0.0,0.0,0.0,0.0,ROCK,0,0,0.0,0.0,SPARSE,0.57028,0.35016,0.0,0.0,0.3333,0.3333,0.3333,singular
2026-09-01T07:58:40,809,0.0,0.0,0.0,0.0,0.0,0.0,0.0,0.0,0.0,0,0,0,0,0,0,0.0,0.0,0.0,0.0,0.0,0.0,0.0,0.0,0.0,ROCK,0,0,0.0,0.0,SPARSE,0.57028,0.35181,0.0,0.0,0.3333,0.3333,0.3333,singular
2026-09-01T07:59:57,810,0.0,0.0,0.0,0.0,0.0,0.0,0.0,0.0,0.0,0,0,0,0,0,0,0.0,0.0,0.0,0.0,0.0,0.0,0.0,0.0,0.0,ROCK,0,0,0.0,0.0,SPARSE,0.57143,0.35154,0.0,0.0,0.3333,0.3333,0.3333,singular
2026-09-01T08:00:47,811,0.0,0.0,0.0,0.0,0.0,0.0,0.0,0.0,0.0,0,0,0,0,0,0,0.0,0.0,0.0,0.0,0.0,0.0,0.0,0.0,0.0,ROCK,0,0,0.0,0.0,SPARSE,0.57143,0.35154,0.0,0.0,0.3333,0.3333,0.3333,singular
2026-09-01T08:01:28,812,0.0,0.0,0.0,0.0,0.0,0.0,0.0,0.0,0.0,0,0,0,0,0,0,0.0,0.0,0.0,0.0,0.0,0.0,0.0,0.0,0.0,ROCK,0,0,0.0,0.0,SPARSE,0.57143,0.35355,0.0,0.0,0.3333,0.3333,0.3333,singular
2026-09-01T08:02:19,813,0.0,0.0,0.0,0.0,0.0,0.0,0.0,0.0,0.0,0,0,0,0,0,0,0.0,0.0,0.0,0.0,0.0,0.0,0.0,0.0,0.0,ROCK,0,0,0.0,0.0,SPARSE,0.57143,0.35355,0.0,0.0,0.3333,0.3333,0.3333,singular
2026-09-01T08:03:12,814,0.0,0.0,0.0,0.0,0.0,0.0,0.0,0.0,0.0,0,0,0,0,0,0,0.0,0.0,0.0,0.0,0.0,0.0,0.0,0.0,0.0,ROCK,0,0,0.0,0.0,SPARSE,0.57143,0.35355,0.0,0.0,0.3333,0.3333,0.3333,singular
2026-09-01T08:03:46,815,0.0,0.0,0.0,0.0,0.0,0.0,0.0,0.0,0.0,0,0,0,0,0,0,0.0,0.0,0.0,0.0,0.0,0.0,0.0,0.0,0.0,ROCK,0,0,0.0,0.0,SPARSE,0.57143,0.35355,0.0,0.0,0.3333,0.3333,0.3333,singular
2026-09-01T08:04:41,816,0.0,0.0,0.0,0.0,0.0,0.0,0.0,0.0,0.0,0,0,0,0,0,0,0.0,0.0,0.0,0.0,0.0,0.0,0.0,0.0,0.0,ROCK,0,0,0.0,0.0,SPARSE,0.57028,0.35181,0.0,0.0,0.3333,0.3333,0.3333,singular
2026-09-01T08:05:37,817,0.0,0.0,0.0,0.0,0.0,0.0,0.0,0.0,0.0,0,0,0,0,0,0,0.0,0.0,0.0,0.0,0.0,0.0,0.0,0.0,0.0,ROCK,0,0,0.0,0.0,SPARSE,0.57028,0.35181,0.0,0.0,0.3333,0.3333,0.3333,singular
2026-09-01T08:08:34,818,0.0,0.0,0.0,0.0,0.0,0.0,0.0,0.0,0.0,0,0,0,0,0,0,0.0,0.0,0.0,0.0,0.0,0.0,0.0,0.0,0.0,ROCK,0,0,0.0,0.0,SPARSE,0.57028,0.35428,0.0,0.0,0.3333,0.3333,0.3333,singular
2026-09-01T08:09:21,819,0.0,0.0,0.0,0.0,0.0,0.0,0.0,0.0,0.0,0,0,0,0,0,0,0.0,0.0,0.0,0.0,0.0,0.0,0.0,0.0,0.0,ROCK,0,0,0.0,0.0,SPARSE,0.57028,0.35754,0.0,0.0,0.3333,0.3333,0.3333,singular
2026-09-01T08:10:17,820,0.0,0.0,0.0,0.0,0.0,0.0,0.0,0.0,0.0,0,0,0,0,0,0,0.0,0.0,0.0,0.0,0.0,0.0,0.0,0.0,0.0,ROCK,0,0,0.0,0.0,SPARSE,0.57028,0.35428,0.0,0.0,0.3333,0.3333,0.3333,singular
2026-09-01T08:11:10,821,0.0,0.0,0.0,0.0,0.0,0.0,0.0,0.0,0.0,0,0,0,0,0,0,0.0,0.0,0.0,0.0,0.0,0.0,0.0,0.0,0.0,ROCK,0,0,0.0,0.0,SPARSE,0.57028,0.35428,0.0,0.0,0.3333,0.3333,0.3333,singular
2026-09-01T08:11:57,822,0.0,0.0,0.0,0.0,0.0,0.0,0.0,0.0,0.0,0,0,0,0,0,0,0.0,0.0,0.0,0.0,0.0,0.0,0.0,0.0,0.0,ROCK,0,0,0.0,0.0,SPARSE,0.57028,0.35181,0.0,0.0,0.3333,0.3333,0.3333,singular
2026-09-01T08:12:52,823,0.0,0.0,0.0,0.0,0.0,0.0,0.0,0.0,0.0,0,0,0,0,0,0,0.0,0.0,0.0,0.0,0.0,0.0,0.0,0.0,0.0,ROCK,0,0,0.0,0.0,SPARSE,0.57028,0.35016,0.0,0.0,0.3333,0.3333,0.3333,singular
2026-09-01T08:13:29,824,0.0,0.0,0.0,0.0,0.0,0.0,0.0,0.0,0.0,0,0,0,0,0,0,0.0,0.0,0.0,0.0,0.0,0.0,0.0,0.0,0.0,ROCK,0,0,0.0,0.0,SPARSE,0.57028,0.35016,0.0,0.0,0.3333,0.3333,0.3333,singular
2026-09-01T08:14:05,825,0.0,0.0,0.0,0.0,0.0,0.0,0.0,0.0,0.0,0,0,0,0,0,0,0.0,0.0,0.0,0.0,0.0,0.0,0.0,0.0,0.0,ROCK,0,0,0.0,0.0,SPARSE,0.57028,0.35016,0.0,0.0,0.3333,0.3333,0.3333,singular
2026-09-01T08:15:31,826,0.0,0.0,0.0,0.0,0.0,0.0,0.0,0.0,0.0,0,0,0,0,0,0,0.0,0.0,0.0,0.0,0.0,0.0,0.0,0.0,0.0,ROCK,0,0,0.0,0.0,SPARSE,0.57028,0.35016,0.0,0.0,0.3333,0.3333,0.3333,singular
2026-09-01T08:16:01,827,0.0,0.0,0.0,0.0,0.0,0.0,0.0,0.0,0.0,0,0,0,0,0,0,0.0,0.0,0.0,0.0,0.0,0.0,0.0,0.0,0.0,ROCK,0,0,0.0,0.0,SPARSE,0.57028,0.35016,0.0,0.0,0.3333,0.3333,0.3333,singular
2026-09-01T08:17:17,828,0.0,0.0,0.0,0.0,0.0,0.0,0.0,0.0,0.0,0,0,0,0,0,0,0.0,0.0,0.0,0.0,0.0,0.0,0.0,0.0,0.0,ROCK,0,0,0.0,0.0,SPARSE,0.57028,0.35016,0.0,0.0,0.3333,0.3333,0.3333,singular
2026-09-01T08:17:53,829,0.0,0.0,0.0,0.0,0.0,0.0,0.0,0.0,0.0,0,0,0,0,0,0,0.0,0.0,0.0,0.0,0.0,0.0,0.0,0.0,0.0,ROCK,0,0,0.0,0.0,SPARSE,0.57028,0.35016,0.0,0.0,0.3333,0.3333,0.3333,singular
2026-09-01T08:18:29,830,0.0,0.0,0.0,0.0,0.0,0.0,0.0,0.0,0.0,0,0,0,0,0,0,0.0,0.0,0.0,0.0,0.0,0.0,0.0,0.0,0.0,ROCK,0,0,0.0,0.0,SPARSE,0.57028,0.35016,0.0,0.0,0.3333,0.3333,0.3333,singular
2026-09-01T08:19:43,831,0.0,0.0,0.0,0.0,0.0,0.0,0.0,0.0,0.0,0,0,0,0,0,0,0.0,0.0,0.0,0.0,0.0,0.0,0.0,0.0,0.0,ROCK,0,0,0.0,0.0,SPARSE,0.57028,0.35016,0.0,0.0,0.3333,0.3333,0.3333,singular
2026-09-01T08:20:13,832,0.0,0.0,0.0,0.0,0.0,0.0,0.0,0.0,0.0,0,0,0,0,0,0,0.0,0.0,0.0,0.0,0.0,0.0,0.0,0.0,0.0,ROCK,0,0,0.0,0.0,SPARSE,0.57028,0.34933,0.0,0.0,0.3333,0.3333,0.3333,singular
2026-09-01T08:20:54,833,0.0,0.0,0.0,0.0,0.0,0.0,0.0,0.0,0.0,0,0,0,0,0,0,0.0,0.0,0.0,0.0,0.0,0.0,0.0,0.0,0.0,ROCK,0,0,0.0,0.0,SPARSE,0.57028,0.35016,0.0,0.0,0.3333,0.3333,0.3333,singular
2026-09-01T08:21:41,834,0.0,0.0,0.0,0.0,0.0,0.0,0.0,0.0,0.0,0,0,0,0,0,0,0.0,0.0,0.0,0.0,0.0,0.0,0.0,0.0,0.0,ROCK,0,0,0.0,0.0,SPARSE,0.57028,0.35016,0.0,0.0,0.3333,0.3333,0.3333,singular
2026-09-01T08:22:47,835,0.0,0.0,0.0,0.0,0.0,0.0,0.0,0.0,0.0,0,0,0,0,0,0,0.0,0.0,0.0,0.0,0.0,0.0,0.0,0.0,0.0,ROCK,0,0,0.0,0.0,SPARSE,0.57028,0.34933,0.0,0.0,0.3333,0.3333,0.3333,singular
2026-09-01T07:55:10,1,0.0,-1.0,1.0,1.0,0.0,-1.0,-1.0,1.0,0.0,237,234,237,281,234,281,0.0,0.0,0.0,0.0,0.0,0.0,3.0,-3.0,-1.0,ROCK,234,1504,0.0,0.0,CYCLE_OK,0.3878,0.2376,0.2854,0.0,0.3333,0.3333,0.3333,interior
2026-09-01T07:56:05,1,0.0,-1.0,1.0,1.0,0.0,-1.0,-1.0,1.0,0.0,226,221,226,279,221,279,0.0,0.0,0.0,0.0,0.0,0.0,3.0,-3.0,-1.0,ROCK,221,1452,0.0,0.0,CYCLE_OK,0.3878,0.2376,0.2963,0.0,0.3333,0.3333,0.3333,interior
2026-09-01T07:57:54,1,0.0,-1.0,1.0,1.0,0.0,-1.0,-1.0,1.0,0.0,217,201,217,260,201,260,0.0,0.0,0.0,0.0,0.0,0.0,3.0,-3.0,-1.0,ROCK,201,1356,0.0,0.0,CYCLE_OK,0.3878,0.2376,0.2963,0.0,0.3333,0.3333,0.3333,interior
2026-09-01T07:59:34,2,0.0,-1.0,1.0,1.0,0.0,-1.0,-1.0,1.0,0.0,244,187,244,292,187,292,0.0,0.0,0.0,0.0,0.0,0.0,3.0,-3.0,-1.0,ROCK,187,1446,0.0,0.0,CYCLE_OK,0.3878,0.2376,0.2963,0.0,0.3333,0.3333,0.3333,interior
2026-09-01T08:00:48,2,0.0,-1.0,1.0,1.0,0.0,-1.0,-1.0,1.0,0.0,237,179,237,289,179,289,0.0,0.0,0.0,0.0,0.0,0.0,3.0,-3.0,-1.0,ROCK,179,1410,0.0,0.0,CYCLE_OK,0.3878,0.2376,0.2963,0.0,0.3333,0.3333,0.3333,interior
2026-09-05T12:22:22,1,0.0,-1.0,1.0,1.0,0.0,-1.0,-1.0,1.0,0.0,202,188,202,210,188,210,0.0,0.0,0.0,0.0,0.0,0.0,3.0,-3.0,-1.0,ROCK,188,1200,0.0,0.0,CYCLE_OK,0.3878,0.2376,0.2963,0.0,0.3333,0.3333,0.3333,interior
2026-09-05T12:22:34,2,0.0,-1.0,1.0,1.0,0.0,-1.0,-1.0,1.0,0.0,214,186,214,231,186,231,0.0,0.0,0.0,0.0,0.0,0.0,3.0,-3.0,-1.0,ROCK,186,1262,0.0,0.0,CYCLE_OK,0.3878,0.2376,0.2963,0.0,0.3333,0.3333,0.3333,interior
2026-09-05T12:22:42,3,0.0,-1.0,1.0,1.0,0.0,-1.0,-1.0,1.0,0.0,212,178,212,235,178,235,0.0,0.0,0.0,0.0,0.0,0.0,3.0,-3.0,-1.0,ROCK,178,1250,0.0,0.0,CYCLE_OK,0.3878,0.2386,0.30719,0.0,0.3333,0.3333,0.3333,interior
2026-09-05T12:22:49,4,0.0,-1.0,1.0,1.0,0.0,-1.0,-1.0,1.0,0.0,216,180,216,244,180,244,0.0,0.0,0.0,0.0,0.0,0.0,3.0,-3.0,-1.0,ROCK,180,1280,0.0,0.0,CYCLE_OK,0.3878,0.2386,0.30719,0.0,0.3333,0.3333,0.3333,interior
2026-09-05T12:22:57,5,0.0,-1.0,1.0,1.0,0.0,-1.0,-1.0,1.0,0.0,220,192,220,242,192,242,0.0,0.0,0.0,0.0,0.0,0.0,3.0,-3.0,-1.0,ROCK,192,1308,0.0,0.0,CYCLE_OK,0.38473,0.23611,0.29956,0.0,0.3333,0.3333,0.3333,interior
2026-09-05T12:23:10,6,0.0,-1.0,1.0,1.0,0.0,-1.0,-1.0,1.0,0.0,227,207,227,256,207,256,0.0,0.0,0.0,0.0,0.0,0.0,3.0,-3.0,-1.0,ROCK,207,1380,0.0,0.0,CYCLE_OK,0.38473,0.2356,0.28855,0.0,0.3333,0.3333,0.3333,interior
2026-09-05T12:23:19,7,0.0,-1.0,1.0,1.0,0.0,-1.0,-1.0,1.0,0.0,218,223,218,255,223,255,0.0,0.0,0.0,0.0,0.0,0.0,3.0,-3.0,-1.0,ROCK,218,1392,0.0,0.0,CYCLE_OK,0.38473,0.23611,0.27753,0.0,0.3333,0.3333,0.3333,interior
2026-09-05T12:23:28,8,0.0,-1.0,1.0,1.0,0.0,-1.0,-1.0,1.0,0.0,250,211,250,250,211,250,0.0,0.0,0.0,0.0,0.0,0.0,3.0,-3.0,-1.0,ROCK,211,1422,0.0,0.0,CYCLE_OK,0.38159,0.23487,0.26949,0.0,0.3333,0.3333,0.3333,interior
2026-09-05T12:23:36,9,0.0,-1.0,1.0,1.0,0.0,-1.0,-1.0,1.0,0.0,231,195,231,272,195,272,0.0,0.0,0.0,0.0,0.0,0.0,3.0,-3.0,-1.0,ROCK,195,1396,0.0,0.0,CYCLE_OK,0.38159,0.23381,0.28062,0.0,0.3333,0.3333,0.3333,interior
2026-09-05T12:23:50,10,0.0,-1.0,1.0,1.0,0.0,-1.0,-1.0,1.0,0.0,209,210,209,265,210,265,0.0,0.0,0.0,0.0,0.0,0.0,3.0,-3.0,-1.0,ROCK,209,1368,0.0,0.0,CYCLE_OK,0.38159,0.23487,0.26949,0.0,0.3333,0.3333,0.3333,interior
2026-09-05T12:24:04,11,0.0,-1.0,1.0,1.0,0.0,-1.0,-1.0,1.0,0.0,250,229,250,309,229,309,0.0,0.0,0.0,0.0,0.0,0.0,3.0,-3.0,-1.0,ROCK,229,1576,0.0,0.0,CYCLE_OK,0.38159,0.23487,0.26949,0.0,0.3333,0.3333,0.3333,interior
2026-09-05T12:24:15,12,0.0,-1.0,1.0,1.0,0.0,-1.0,-1.0,1.0,0.0,262,242,262,297,242,297,0.0,0.0,0.0,0.0,0.0,0.0,3.0,-3.0,-1.0,ROCK,242,1602,0.0,0.0,CYCLE_OK,0.38159,0.23381,0.28062,0.0,0.3333,0.3333,0.3333,interior
2026-09-05T12:24:23,13,0.0,-1.0,1.0,1.0,0.0,-1.0,-1.0,1.0,0.0,219,237,219,250,237,250,0.0,0.0,0.0,0.0,0.0,0.0,3.0,-3.0,-1.0,ROCK,219,1412,0.0,0.0,CYCLE_OK,0.38159,0.23381,0.28062,0.0,0.3333,0.3333,0.3333,interior
2026-09-05T12:24:30,14,0.0,-1.0,1.0,1.0,0.0,-1.0,-1.0,1.0,0.0,220,217,220,260,217,260,0.0,0.0,0.0,0.0,0.0,0.0,3.0,-3.0,-1.0,ROCK,217,1394,0.0,0.0,CYCLE_OK,0.38159,0.23381,0.29176,0.0,0.3333,0.3333,0.3333,interior
2026-09-05T12:24:38,15,0.0,-1.0,1.0,1.0,0.0,-1.0,-1.0,1.0,0.0,237,229,237,238,229,238,0.0,0.0,0.0,0.0,0.0,0.0,3.0,-3.0,-1.0,ROCK,229,1408,0.0,0.0,CYCLE_OK,0.37838,0.23226,0.29505,0.0,0.3333,0.3333,0.3333,interior
2026-09-05T12:24:50,16,0.0,-1.0,1.0,1.0,0.0,-1.0,-1.0,1.0,0.0,225,221,225,264,221,264,0.0,0.0,0.0,0.0,0.0,0.0,3.0,-3.0,-1.0,ROCK,221,1420,0.0,0.0,CYCLE_OK,0.37838,0.23226,0.29505,0.0,0.3333,0.3333,0.3333,interior
2026-09-05T12:24:58,17,0.0,-1.0,1.0,1.0,0.0,-1.0,-1.0,1.0,0.0,215,242,215,263,242,263,0.0,0.0,0.0,0.0,0.0,0.0,3.0,-3.0,-1.0,ROCK,215,1440,0.0,0.0,CYCLE_OK,0.37838,0.23226,0.29505,0.0,0.3333,0.3333,0.3333,interior
2026-09-05T12:25:12,18,0.0,-1.0,1.0,1.0,0.0,-1.0,-1.0,1.0,0.0,261,228,261,306,228,306,0.0,0.0,0.0,0.0,0.0,0.0,3.0,-3.0,-1.0,ROCK,228,1590,0.0,0.0,CYCLE_OK,0.37838,0.23226,0.29505,0.0,0.3333,0.3333,0.3333,interior
2026-09-05T12:25:20,19,0.0,-1.0,1.0,1.0,0.0,-1.0,-1.0,1.0,0.0,221,198,221,286,198,286,0.0,0.0,0.0,0.0,0.0,0.0,3.0,-3.0,-1.0,ROCK,198,1410,0.0,0.0,CYCLE_OK,0.37838,0.23226,0.29505,0.0,0.3333,0.3333,0.3333,interior
2026-09-05T12:25:31,20,0.0,-1.0,1.0,1.0,0.0,-1.0,-1.0,1.0,0.0,237,238,237,296,238,296,0.0,0.0,0.0,0.0,0.0,0.0,3.0,-3.0,-1.0,ROCK,237,1542,0.0,0.0,CYCLE_OK,0.37838,0.23226,0.29505,0.0,0.3333,0.3333,0.3333,interior
2026-09-05T12:25:44,21,0.0,-1.0,1.0,1.0,0.0,-1.0,-1.0,1.0,0.0,209,227,209,272,227,272,0.0,0.0,0.0,0.0,0.0,0.0,3.0,-3.0,-1.0,ROCK,209,1416,0.0,0.0,CYCLE_OK,0.37838,0.23171,0.28378,0.0,0.3333,0.3333,0.3333,interior
2026-09-05T12:25:54,22,0.0,-1.0,1.0,1.0,0.0,-1.0,-1.0,1.0,0.0,226,268,226,285,268,285,0.0,0.0,0.0,0.0,0.0,0.0,3.0,-3.0,-1.0,ROCK,226,1558,0.0,0.0,CYCLE_OK,0.37838,0.23226,0.27252,0.0,0.3333,0.3333,0.3333,interior
2026-09-05T12:26:02,23,0.0,-1.0,1.0,1.0,0.0,-1.0,-1.0,1.0,0.0,206,271,206,281,271,281,0.0,0.0,0.0,0.0,0.0,0.0,3.0,-3.0,-1.0,ROCK,206,1516,0.0,0.0,CYCLE_OK,0.37838,0.23389,0.26126,0.0,0.3333,0.3333,0.3333,interior
2026-09-05T12:26:10,24,0.0,-1.0,1.0,1.0,0.0,-1.0,-1.0,1.0,0.0,194,269,194,266,269,266,0.0,0.0,0.0,0.0,0.0,0.0,3.0,-3.0,-1.0,ROCK,194,1458,0.0,0.0,CYCLE_OK,0.37838,0.23658,0.25,0.0,0.3333,0.3333,0.3333,interior
2026-09-05T12:26:17,25,0.0,-1.0,1.0,1.0,0.0,-1.0,-1.0,1.0,0.0,181,276,181,251,276,251,0.0,0.0,0.0,0.0,0.0,0.0,3.0,-3.0,-1.0,ROCK,181,1416,0.0,0.0,CYCLE_OK,0.37838,0.23658,0.25,0.0,0.3333,0.3333,0.3333,interior
2026-09-05T12:26:35,26,0.0,-1.0,1.0,1.0,0.0,-1.0,-1.0,1.0,0.0,188,268,188,273,268,273,0.0,0.0,0.0,0.0,0.0,0.0,3.0,-3.0,-1.0,ROCK,188,1458,0.0,0.0,CYCLE_OK,0.37838,0.23389,0.26126,0.0,0.3333,0.3333,0.3333,interior
2026-09-05T12:26:45,27,0.0,-1.0,1.0,1.0,0.0,-1.0,-1.0,1.0,0.0,195,296,195,277,296,277,0.0,0.0,0.0,0.0,0.0,0.0,3.0,-3.0,-1.0,ROCK,195,1536,0.0,0.0,CYCLE_OK,0.37838,0.23658,0.25,0.0,0.3333,0.3333,0.3333,interior
2026-09-05T12:26:55,28,0.0,-1.0,1.0,1.0,0.0,-1.0,-1.0,1.0,0.0,221,301,221,253,301,253,0.0,0.0,0.0,0.0,0.0,0.0,3.0,-3.0,-1.0,ROCK,221,1550,0.0,0.0,CYCLE_OK,0.37509,0.23651,0.24146,0.0,0.3333,0.3333,0.3333,interior
2026-09-05T12:27:03,29,0.0,-1.0,1.0,1.0,0.0,-1.0,-1.0,1.0,0.0,212,295,212,218,295,218,0.0,0.0,0.0,0.0,0.0,0.0,3.0,-3.0,-1.0,ROCK,212,1450,0.0,0.0,CYCLE_OK,0.37174,0.23283,0.24424,0.0,0.3333,0.3333,0.3333,interior
2026-09-05T12:27:10,30,0.0,-1.0,1.0,1.0,0.0,-1.0,-1.0,1.0,0.0,215,289,215,213,289,213,0.0,0.0,0.0,0.0,0.0,0.0,3.0,-3.0,-1.0,ROCK,213,1434,0.0,0.0,CYCLE_OK,0.49167,0.30431,0.3375,0.0,0.3333,0.3333,0.3333,interior
2026-09-05T12:27:22,31,0.0,-1.0,1.0,1.0,0.0,-1.0,-1.0,1.0,0.0,202,290,202,216,290,216,0.0,0.0,0.0,0.0,0.0,0.0,3.0,-3.0,-1.0,ROCK,202,1416,0.0,0.0,CYCLE_OK,0.49167,0.30431,0.3375,0.0,0.3333,0.3333,0.3333,interior
2026-09-05T12:27:32,32,0.0,-1.0,1.0,1.0,0.0,-1.0,-1.0,1.0,0.0,230,276,230,241,276,241,0.0,0.0,0.0,0.0,0.0,0.0,3.0,-3.0,-1.0,ROCK,230,1494,0.0,0.0,CYCLE_OK,0.49167,0.30431,0.3375,0.0,0.3333,0.3333,0.3333,interior
2026-09-05T12:27:39,33,0.0,-1.0,1.0,1.0,0.0,-1.0,-1.0,1.0,0.0,215,261,215,241,261,241,0.0,0.0,0.0,0.0,0.0,0.0,3.0,-3.0,-1.0,ROCK,215,1434,0.0,0.0,CYCLE_OK,0.49167,0.30431,0.3375,0.0,0.3333,0.3333,0.3333,interior
2026-09-05T12:27:52,34,0.0,-1.0,1.0,1.0,0.0,-1.0,-1.0,1.0,0.0,251,271,251,238,271,238,0.0,0.0,0.0,0.0,0.0,0.0,3.0,-3.0,-1.0,ROCK,238,1520,0.0,0.0,CYCLE_OK,0.46667,0.28795,0.325,0.0,0.3333,0.3333,0.3333,interior
2026-09-05T12:28:03,35,0.0,-1.0,1.0,1.0,0.0,-1.0,-1.0,1.0,0.0,267,264,267,229,264,229,0.0,0.0,0.0,0.0,0.0,0.0,3.0,-3.0,-1.0,ROCK,229,1520,0.0,0.0,CYCLE_OK,0.44167,0.27405,0.3,0.0,0.3333,0.3333,0.3333,interior
2026-09-05T12:28:20,36,0.0,-1.0,1.0,1.0,0.0,-1.0,-1.0,1.0,0.0,266,219,266,245,219,245,0.0,0.0,0.0,0.0,0.0,0.0,3.0,-3.0,-1.0,ROCK,219,1460,0.0,0.0,CYCLE_OK,0.44167,0.27176,0.3125,0.0,0.3333,0.3333,0.3333,interior
2026-09-05T12:28:34,37,0.0,-1.0,1.0,1.0,0.0,-1.0,-1.0,1.0,0.0,264,222,264,244,222,244,0.0,0.0,0.0,0.0,0.0,0.0,3.0,-3.0,-1.0,ROCK,222,1460,0.0,0.0,CYCLE_OK,0.44167,0.27061,0.325,0.0,0.3333,0.3333,0.3333,interior
2026-09-05T12:28:43,38,0.0,-1.0,1.0,1.0,0.0,-1.0,-1.0,1.0,0.0,263,216,263,248,216,248,0.0,0.0,0.0,0.0,0.0,0.0,3.0,-3.0,-1.0,ROCK,216,1454,0.0,0.0,CYCLE_OK,0.44167,0.27061,0.325,0.0,0.3333,0.3333,0.3333,interior
2026-09-05T12:28:54,39,0.0,-1.0,1.0,1.0,0.0,-1.0,-1.0,1.0,0.0,266,223,266,244,223,244,0.0,0.0,0.0,0.0,0.0,0.0,3.0,-3.0,-1.0,ROCK,223,1466,0.0,0.0,CYCLE_OK,0.44167,0.27176,0.3125,0.0,0.3333,0.3333,0.3333,interior
2026-09-05T12:29:02,40,0.0,-1.0,1.0,1.0,0.0,-1.0,-1.0,1.0,0.0,265,204,265,249,204,249,0.0,0.0,0.0,0.0,0.0,0.0,3.0,-3.0,-1.0,ROCK,204,1436,0.0,0.0,CYCLE_OK,0.44167,0.27176,0.3125,0.0,0.3333,0.3333,0.3333,interior
2026-09-05T12:29:13,41,0.0,-1.0,1.0,1.0,0.0,-1.0,-1.0,1.0,0.0,266,186,266,254,186,254,0.0,0.0,0.0,0.0,0.0,0.0,3.0,-3.0,-1.0,ROCK,186,1412,0.0,0.0,CYCLE_OK,0.44167,0.27176,0.3125,0.0,0.3333,0.3333,0.3333,interior
2026-09-05T12:29:28,42,0.0,-1.0,1.0,1.0,0.0,-1.0,-1.0,1.0,0.0,248,220,248,276,220,276,0.0,0.0,0.0,0.0,0.0,0.0,3.0,-3.0,-1.0,ROCK,220,1488,0.0,0.0,CYCLE_OK,0.44167,0.27176,0.3125,0.0,0.3333,0.3333,0.3333,interior
2026-09-05T12:29:36,43,0.0,-1.0,1.0,1.0,0.0,-1.0,-1.0,1.0,0.0,254,209,254,259,209,259,0.0,0.0,0.0,0.0,0.0,0.0,3.0,-3.0,-1.0,ROCK,209,1444,0.0,0.0,CYCLE_OK,0.41667,0.25759,0.2875,0.0,0.3333,0.3333,0.3333,interior
2026-09-05T12:29:44,44,0.0,-1.0,1.0,1.0,0.0,-1.0,-1.0,1.0,0.0,259,189,259,289,189,289,0.0,0.0,0.0,0.0,0.0,0.0,3.0,-3.0,-1.0,ROCK,189,1474,0.0,0.0,CYCLE_OK,0.41667,0.25577,0.3,0.0,0.3333,0.3333,0.3333,interior
2026-09-05T12:29:55,45,0.0,-1.0,1.0,1.0,0.0,-1.0,-1.0,1.0,0.0,254,242,254,277,242,277,0.0,0.0,0.0,0.0,0.0,0.0,3.0,-3.0,-1.0,ROCK,242,1546,0.0,0.0,CYCLE_OK,0.41667,0.25577,0.3,0.0,0.3333,0.3333,0.3333,interior
2026-09-05T12:30:08,46,0.0,-1.0,1.0,1.0,0.0,-1.0,-1.0,1.0,0.0,254,217,254,257,217,257,0.0,0.0,0.0,0.0,0.0,0.0,3.0,-3.0,-1.0,ROCK,217,1456,0.0,0.0,CYCLE_OK,0.39167,0.24001,0.2875,0.0,0.3333,0.3333,0.3333,interior
2026-09-05T12:30:25,47,0.0,-1.0,1.0,1.0,0.0,-1.0,-1.0,1.0,0.0,276,255,276,314,255,314,0.0,0.0,0.0,0.0,0.0,0.0,3.0,-3.0,-1.0,ROCK,255,1690,0.0,0.0,CYCLE_OK,0.39167,0.24001,0.3,0.0,0.3333,0.3333,0.3333,interior
2026-09-05T12:30:37,48,0.0,-1.0,1.0,1.0,0.0,-1.0,-1.0,1.0,0.0,240,268,240,271,268,271,0.0,0.0,0.0,0.0,0.0,0.0,3.0,-3.0,-1.0,ROCK,240,1558,0.0,0.0,CYCLE_OK,0.39167,0.24001,0.3,0.0,0.3333,0.3333,0.3333,interior
2026-09-05T12:30:44,49,0.0,-1.0,1.0,1.0,0.0,-1.0,-1.0,1.0,0.0,219,260,219,249,260,249,0.0,0.0,0.0,0.0,0.0,0.0,3.0,-3.0,-1.0,ROCK,219,1456,0.0,0.0,CYCLE_OK,0.39167,0.24001,0.3,0.0,0.3333,0.3333,0.3333,interior
2026-09-05T12:30:55,50,0.0,-1.0,1.0,1.0,0.0,-1.0,-1.0,1.0,0.0,238,251,238,225,251,225,0.0,0.0,0.0,0.0,0.0,0.0,3.0,-3.0,-1.0,ROCK,225,1428,0.0,0.0,CYCLE_OK,0.36667,0.22454,0.275,0.0,0.3333,0.3333,0.3333,interior
2026-09-05T12:31:09,51,0.0,-1.0,1.0,1.0,0.0,-1.0,-1.0,1.0,0.0,246,241,246,254,241,254,0.0,0.0,0.0,0.0,0.0,0.0,3.0,-3.0,-1.0,ROCK,241,1482,0.0,0.0,CYCLE_OK,0.36667,0.22523,0.2875,0.0,0.3333,0.3333,0.3333,interior
2026-09-05T12:31:17,52,0.0,-1.0,1.0,1.0,0.0,-1.0,-1.0,1.0,0.0,216,244,216,242,244,242,0.0,0.0,0.0,0.0,0.0,0.0,3.0,-3.0,-1.0,ROCK,216,1404,0.0,0.0,CYCLE_OK,0.36667,0.22523,0.2875,0.0,0.3333,0.3333,0.3333,interior
2026-09-05T12:31:26,53,0.0,-1.0,1.0,1.0,0.0,-1.0,-1.0,1.0,0.0,220,273,220,248,273,248,0.0,0.0,0.0,0.0,0.0,0.0,3.0,-3.0,-1.0,ROCK,220,1482,0.0,0.0,CYCLE_OK,0.36667,0.22523,0.2875,0.0,0.3333,0.3333,0.3333,interior
2026-09-05T12:31:33,54,0.0,-1.0,1.0,1.0,0.0,-1.0,-1.0,1.0,0.0,194,274,194,240,274,240,0.0,0.0,0.0,0.0,0.0,0.0,3.0,-3.0,-1.0,ROCK,194,1416,0.0,0.0,CYCLE_OK,0.36667,0.22523,0.2875,0.0,0.3333,0.3333,0.3333,interior
2026-09-05T12:31:42,55,0.0,-1.0,1.0,1.0,0.0,-1.0,-1.0,1.0,0.0,255,281,255,247,281,247,0.0,0.0,0.0,0.0,0.0,0.0,3.0,-3.0,-1.0,ROCK,247,1566,0.0,0.0,CYCLE_OK,0.34167,0.2109,0.275,0.0,0.3333,0.3333,0.3333,interior
2026-09-05T12:31:54,56,0.0,-1.0,1.0,1.0,0.0,-1.0,-1.0,1.0,0.0,204,280,204,233,280,233,0.0,0.0,0.0,0.0,0.0,0.0,3.0,-3.0,-1.0,ROCK,204,1434,0.0,0.0,CYCLE_OK,0.36667,0.22523,0.2875,0.0,0.3333,0.3333,0.3333,interior
2026-09-05T12:32:01,57,0.0,-1.0,1.0,1.0,0.0,-1.0,-1.0,1.0,0.0,209,255,209,250,255,250,0.0,0.0,0.0,0.0,0.0,0.0,3.0,-3.0,-1.0,ROCK,209,1428,0.0,0.0,CYCLE_OK,0.36667,0.2273,0.3,0.0,0.3333,0.3333,0.3333,interior
2026-09-05T12:32:17,58,0.0,-1.0,1.0,1.0,0.0,-1.0,-1.0,1.0,0.0,249,287,249,293,287,293,0.0,0.0,0.0,0.0,0.0,0.0,3.0,-3.0,-1.0,ROCK,249,1658,0.0,0.0,CYCLE_OK,0.36667,0.23071,0.3125,0.0,0.3333,0.3333,0.3333,interior
2026-09-05T12:32:28,59,0.0,-1.0,1.0,1.0,0.0,-1.0,-1.0,1.0,0.0,257,252,257,286,252,286,0.0,0.0,0.0,0.0,0.0,0.0,3.0,-3.0,-1.0,ROCK,252,1590,0.0,0.0,CYCLE_OK,0.36667,0.23541,0.325,0.0,0.3333,0.3333,0.3333,interior
2026-09-05T12:32:35,60,0.0,-1.0,1.0,1.0,0.0,-1.0,-1.0,1.0,0.0,219,221,219,268,221,268,0.0,0.0,0.0,0.0,0.0,0.0,3.0,-3.0,-1.0,ROCK,219,1416,0.0,0.0,CYCLE_OK,0.36667,0.23541,0.325,0.0,0.3333,0.3333,0.3333,interior
2026-09-05T12:32:48,61,0.0,-1.0,1.0,1.0,0.0,-1.0,-1.0,1.0,0.0,245,249,245,250,249,250,0.0,0.0,0.0,0.0,0.0,0.0,3.0,-3.0,-1.0,ROCK,245,1488,0.0,0.0,CYCLE_OK,0.34167,0.22384,0.3125,0.0,0.3333,0.3333,0.3333,interior
2026-09-05T12:32:56,62,0.0,-1.0,1.0,1.0,0.0,-1.0,-1.0,1.0,0.0,247,235,247,238,235,238,0.0,0.0,0.0,0.0,0.0,0.0,3.0,-3.0,-1.0,ROCK,235,1440,0.0,0.0,CYCLE_OK,0.31667,0.20641,0.2875,0.0,0.3333,0.3333,0.3333,interior
2026-09-05T12:33:05,63,0.0,-1.0,1.0,1.0,0.0,-1.0,-1.0,1.0,0.0,258,230,258,230,230,230,0.0,0.0,0.0,0.0,0.0,0.0,3.0,-3.0,-1.0,ROCK,230,1436,0.0,0.0,CYCLE_OK,0.29167,0.18902,0.2625,0.0,0.3333,0.3333,0.3333,interior
2026-09-05T12:33:13,64,0.0,-1.0,1.0,1.0,0.0,-1.0,-1.0,1.0,0.0,278,230,278,225,230,225,0.0,0.0,0.0,0.0,0.0,0.0,3.0,-3.0,-1.0,ROCK,225,1466,0.0,0.0,CYCLE_OK,0.26667,0.17795,0.25,0.0,0.3333,0.3333,0.3333,interior
2026-09-05T12:33:23,65,0.0,-1.0,1.0,1.0,0.0,-1.0,-1.0,1.0,0.0,261,254,261,253,254,253,0.0,0.0,0.0,0.0,0.0,0.0,3.0,-3.0,-1.0,ROCK,253,1536,0.0,0.0,CYCLE_OK,0.26667,0.17795,0.25,0.0,0.3333,0.3333,0.3333,interior
2026-09-05T12:33:41,66,0.0,-1.0,1.0,1.0,0.0,-1.0,-1.0,1.0,0.0,301,308,301,285,308,285,0.0,0.0,0.0,0.0,0.0,0.0,3.0,-3.0,-1.0,ROCK,285,1788,0.0,0.0,CYCLE_OK,0.26667,0.17795,0.25,0.0,0.3333,0.3333,0.3333,interior
2026-09-05T12:33:51,67,0.0,-1.0,1.0,1.0,0.0,-1.0,-1.0,1.0,0.0,248,231,248,229,231,229,0.0,0.0,0.0,0.0,0.0,0.0,3.0,-3.0,-1.0,ROCK,229,1416,0.0,0.0,CYCLE_OK,0.26667,0.17795,0.25,0.0,0.3333,0.3333,0.3333,interior
2026-09-05T12:34:03,68,0.0,-1.0,1.0,1.0,0.0,-1.0,-1.0,1.0,0.0,279,255,279,223,255,223,0.0,0.0,0.0,0.0,0.0,0.0,3.0,-3.0,-1.0,ROCK,223,1514,0.0,0.0,CYCLE_OK,0.24167,0.16802,0.2375,0.0,0.3333,0.3333,0.3333,interior
2026-09-05T12:34:15,69,0.0,-1.0,1.0,1.0,0.0,-1.0,-1.0,1.0,0.0,267,244,267,231,244,231,0.0,0.0,0.0,0.0,0.0,0.0,3.0,-3.0,-1.0,ROCK,231,1484,0.0,0.0,CYCLE_OK,0.24167,0.16802,0.2375,0.0,0.3333,0.3333,0.3333,interior
2026-09-05T12:34:29,70,0.0,-1.0,1.0,1.0,0.0,-1.0,-1.0,1.0,0.0,272,257,272,283,257,283,0.0,0.0,0.0,0.0,0.0,0.0,3.0,-3.0,-1.0,ROCK,257,1624,0.0,0.0,CYCLE_OK,0.24167,0.16802,0.2375,0.0,0.3333,0.3333,0.3333,interior
2026-09-05T12:34:47,71,0.0,-1.0,1.0,1.0,0.0,-1.0,-1.0,1.0,0.0,277,250,277,311,250,311,0.0,0.0,0.0,0.0,0.0,0.0,3.0,-3.0,-1.0,ROCK,250,1676,0.0,0.0,CYCLE_OK,0.25833,0.17707,0.25,0.0,0.3333,0.3333,0.3333,interior
2026-09-05T12:34:59,72,0.0,-1.0,1.0,1.0,0.0,-1.0,-1.0,1.0,0.0,239,212,239,270,212,270,0.0,0.0,0.0,0.0,0.0,0.0,3.0,-3.0,-1.0,ROCK,212,1442,0.0,0.0,CYCLE_OK,0.25833,0.17707,0.25,0.0,0.3333,0.3333,0.3333,interior
2026-09-05T12:35:10,73,0.0,-1.0,1.0,1.0,0.0,-1.0,-1.0,1.0,0.0,278,240,278,270,240,270,0.0,0.0,0.0,0.0,0.0,0.0,3.0,-3.0,-1.0,ROCK,240,1576,0.0,0.0,CYCLE_OK,0.25833,0.16987,0.2375,0.0,0.3333,0.3333,0.3333,interior
2026-09-05T12:35:18,74,0.0,-1.0,1.0,1.0,0.0,-1.0,-1.0,1.0,0.0,266,206,266,279,206,279,0.0,0.0,0.0,0.0,0.0,0.0,3.0,-3.0,-1.0,ROCK,206,1502,0.0,0.0,CYCLE_OK,0.28333,0.18143,0.25,0.0,0.3333,0.3333,0.3333,interior
2026-09-05T12:35:30,75,0.0,-1.0,1.0,1.0,0.0,-1.0,-1.0,1.0,0.0,281,227,281,282,227,282,0.0,0.0,0.0,0.0,0.0,0.0,3.0,-3.0,-1.0,ROCK,227,1580,0.0,0.0,CYCLE_OK,0.25833,0.16425,0.225,0.0,0.3333,0.3333,0.3333,interior
2026-09-05T12:35:42,76,0.0,-1.0,1.0,1.0,0.0,-1.0,-1.0,1.0,0.0,264,203,264,246,203,246,0.0,0.0,0.0,0.0,0.0,0.0,3.0,-3.0,-1.0,ROCK,203,1426,0.0,0.0,CYCLE_OK,0.23333,0.1472,0.2,0.0,0.3333,0.3333,0.3333,interior
2026-09-05T12:35:49,77,0.0,-1.0,1.0,1.0,0.0,-1.0,-1.0,1.0,0.0,256,192,256,262,192,262,0.0,0.0,0.0,0.0,0.0,0.0,3.0,-3.0,-1.0,ROCK,192,1420,0.0,0.0,CYCLE_OK,0.23333,0.1472,0.2,0.0,0.3333,0.3333,0.3333,interior
2026-09-05T12:35:57,78,0.0,-1.0,1.0,1.0,0.0,-1.0,-1.0,1.0,0.0,273,207,273,254,207,254,0.0,0.0,0.0,0.0,0.0,0.0,3.0,-3.0,-1.0,ROCK,207,1468,0.0,0.0,CYCLE_OK,0.20833,0.1303,0.175,0.0,0.3333,0.3333,0.3333,interior
2026-09-05T12:36:09,79,0.0,-1.0,1.0,1.0,0.0,-1.0,-1.0,1.0,0.0,281,209,281,266,209,266,0.0,0.0,0.0,0.0,0.0,0.0,3.0,-3.0,-1.0,ROCK,209,1512,0.0,0.0,CYCLE_OK,0.20833,0.1303,0.175,0.0,0.3333,0.3333,0.3333,interior
2026-09-05T12:36:22,80,0.0,-1.0,1.0,1.0,0.0,-1.0,-1.0,1.0,0.0,272,190,272,267,190,267,0.0,0.0,0.0,0.0,0.0,0.0,3.0,-3.0,-1.0,ROCK,190,1458,0.0,0.0,CYCLE_OK,0.20833,0.1303,0.175,0.0,0.3333,0.3333,0.3333,interior
2026-09-05T12:36:34,81,0.0,-1.0,1.0,1.0,0.0,-1.0,-1.0,1.0,0.0,287,211,287,235,211,235,0.0,0.0,0.0,0.0,0.0,0.0,3.0,-3.0,-1.0,ROCK,211,1466,0.0,0.0,CYCLE_OK,0.18333,0.11365,0.15,0.0,0.3333,0.3333,0.3333,interior
2026-09-05T12:36:46,82,0.0,-1.0,1.0,1.0,0.0,-1.0,-1.0,1.0,0.0,305,240,305,298,240,298,0.0,0.0,0.0,0.0,0.0,0.0,3.0,-3.0,-1.0,ROCK,240,1686,0.0,0.0,CYCLE_OK,0.18333,0.11365,0.15,0.0,0.3333,0.3333,0.3333,interior
2026-09-05T12:36:55,83,0.0,-1.0,1.0,1.0,0.0,-1.0,-1.0,1.0,0.0,305,230,305,246,230,246,0.0,0.0,0.0,0.0,0.0,0.0,3.0,-3.0,-1.0,ROCK,230,1562,0.0,0.0,CYCLE_OK,0.15833,0.09736,0.125,0.0,0.3333,0.3333,0.3333,interior
2026-09-05T12:37:02,84,0.0,-1.0,1.0,1.0,0.0,-1.0,-1.0,1.0,0.0,277,206,277,220,206,220,0.0,0.0,0.0,0.0,0.0,0.0,3.0,-3.0,-1.0,ROCK,206,1406,0.0,0.0,CYCLE_OK,0.13333,0.08165,0.1,0.0,0.3333,0.3333,0.3333,interior
2026-09-05T12:37:12,85,0.0,-1.0,1.0,1.0,0.0,-1.0,-1.0,1.0,0.0,268,246,268,258,246,258,0.0,0.0,0.0,0.0,0.0,0.0,3.0,-3.0,-1.0,ROCK,246,1544,0.0,0.0,CYCLE_OK,0.13333,0.08354,0.1125,0.0,0.3333,0.3333,0.3333,interior
2026-09-05T12:37:24,86,0.0,-1.0,1.0,1.0,0.0,-1.0,-1.0,1.0,0.0,271,219,271,260,219,260,0.0,0.0,0.0,0.0,0.0,0.0,3.0,-3.0,-1.0,ROCK,219,1500,0.0,0.0,CYCLE_OK,0.15833,0.09736,0.125,0.0,0.3333,0.3333,0.3333,interior
2026-09-05T12:37:31,87,0.0,-1.0,1.0,1.0,0.0,-1.0,-1.0,1.0,0.0,253,212,253,228,212,228,0.0,0.0,0.0,0.0,0.0,0.0,3.0,-3.0,-1.0,ROCK,212,1386,0.0,0.0,CYCLE_OK,0.15833,0.09736,0.1125,0.0,0.3333,0.3333,0.3333,interior
2026-09-05T12:37:43,88,0.0,-1.0,1.0,1.0,0.0,-1.0,-1.0,1.0,0.0,244,221,244,232,221,232,0.0,0.0,0.0,0.0,0.0,0.0,3.0,-3.0,-1.0,ROCK,221,1394,0.0,0.0,CYCLE_OK,0.15833,0.09736,0.125,0.0,0.3333,0.3333,0.3333,interior
2026-09-05T12:37:51,89,0.0,-1.0,1.0,1.0,0.0,-1.0,-1.0,1.0,0.0,259,222,259,257,222,257,0.0,0.0,0.0,0.0,0.0,0.0,3.0,-3.0,-1.0,ROCK,222,1476,0.0,0.0,CYCLE_OK,0.15833,0.09736,0.125,0.0,0.3333,0.3333,0.3333,interior
2026-09-05T12:37:58,90,0.0,-1.0,1.0,1.0,0.0,-1.0,-1.0,1.0,0.0,256,217,256,256,217,256,0.0,0.0,0.0,0.0,0.0,0.0,3.0,-3.0,-1.0,ROCK,217,1458,0.0,0.0,CYCLE_OK,0.18333,0.11227,0.1375,0.0,0.3333,0.3333,0.3333,interior
2026-09-05T12:38:10,91,0.0,-1.0,1.0,1.0,0.0,-1.0,-1.0,1.0,0.0,252,215,252,271,215,271,0.0,0.0,0.0,0.0,0.0,0.0,3.0,-3.0,-1.0,ROCK,215,1476,0.0,0.0,CYCLE_OK,0.18333,0.11227,0.1375,0.0,0.3333,0.3333,0.3333,interior
2026-09-05T12:38:17,92,0.0,-1.0,1.0,1.0,0.0,-1.0,-1.0,1.0,0.0,250,204,250,287,204,287,0.0,0.0,0.0,0.0,0.0,0.0,3.0,-3.0,-1.0,ROCK,204,1482,0.0,0.0,CYCLE_OK,0.18333,0.11227,0.1375,0.0,0.3333,0.3333,0.3333,interior
2026-09-05T12:38:25,93,0.0,-1.0,1.0,1.0,0.0,-1.0,-1.0,1.0,0.0,257,212,257,260,212,260,0.0,0.0,0.0,0.0,0.0,0.0,3.0,-3.0,-1.0,ROCK,212,1458,0.0,0.0,CYCLE_OK,0.18333,0.11365,0.125,0.0,0.3333,0.3333,0.3333,interior
2026-09-05T12:38:33,94,0.0,-1.0,1.0,1.0,0.0,-1.0,-1.0,1.0,0.0,246,200,246,262,200,262,0.0,0.0,0.0,0.0,0.0,0.0,3.0,-3.0,-1.0,ROCK,200,1416,0.0,0.0,CYCLE_OK,0.18333,0.11365,0.125,0.0,0.3333,0.3333,0.3333,interior
2026-09-05T12:38:39,95,0.0,-1.0,1.0,1.0,0.0,-1.0,-1.0,1.0,0.0,241,192,241,263,192,263,0.0,0.0,0.0,0.0,0.0,0.0,3.0,-3.0,-1.0,ROCK,192,1392,0.0,0.0,CYCLE_OK,0.20833,0.12788,0.15,0.0,0.3333,0.3333,0.3333,interior
2026-09-05T12:38:57,96,0.0,-1.0,1.0,1.0,0.0,-1.0,-1.0,1.0,0.0,253,195,253,278,195,278,0.0,0.0,0.0,0.0,0.0,0.0,3.0,-3.0,-1.0,ROCK,195,1452,0.0,0.0,CYCLE_OK,0.20833,0.12788,0.15,0.0,0.3333,0.3333,0.3333,interior
2026-09-05T12:39:13,97,0.0,-1.0,1.0,1.0,0.0,-1.0,-1.0,1.0,0.0,344,279,344,355,279,355,0.0,0.0,0.0,0.0,0.0,0.0,3.0,-3.0,-1.0,ROCK,279,1956,0.0,0.0,CYCLE_OK,0.20833,0.1303,0.1375,0.0,0.3333,0.3333,0.3333,interior
2026-09-05T12:39:20,98,0.0,-1.0,1.0,1.0,0.0,-1.0,-1.0,1.0,0.0,267,203,267,257,203,257,0.0,0.0,0.0,0.0,0.0,0.0,3.0,-3.0,-1.0,ROCK,203,1454,0.0,0.0,CYCLE_OK,0.18333,0.1177,0.1125,0.0,0.3333,0.3333,0.3333,interior
2026-09-05T12:39:29,99,0.0,-1.0,1.0,1.0,0.0,-1.0,-1.0,1.0,0.0,276,213,276,238,213,238,0.0,0.0,0.0,0.0,0.0,0.0,3.0,-3.0,-1.0,ROCK,213,1454,0.0,0.0,CYCLE_OK,0.15833,0.10656,0.0875,0.0,0.3333,0.3333,0.3333,interior
2026-09-05T12:39:38,100,0.0,-1.0,1.0,1.0,0.0,-1.0,-1.0,1.0,0.0,275,211,275,223,211,223,0.0,0.0,0.0,0.0,0.0,0.0,3.0,-3.0,-1.0,ROCK,211,1418,0.0,0.0,CYCLE_OK,0.16667,0.11502,0.0875,0.0,0.3333,0.3333,0.3333,interior
2026-09-05T12:39:51,101,0.0,-1.0,1.0,1.0,0.0,-1.0,-1.0,1.0,0.0,276,210,276,217,210,217,0.0,0.0,0.0,0.0,0.0,0.0,3.0,-3.0,-1.0,ROCK,210,1406,0.0,0.0,CYCLE_OK,0.19167,0.12542,0.1125,0.0,0.3333,0.3333,0.3333,interior
2026-09-05T12:40:00,102,0.0,-1.0,1.0,1.0,0.0,-1.0,-1.0,1.0,0.0,299,228,299,210,228,210,0.0,0.0,0.0,0.0,0.0,0.0,3.0,-3.0,-1.0,ROCK,210,1474,0.0,0.0,CYCLE_OK,0.21667,0.13731,0.1375,0.0,0.3333,0.3333,0.3333,interior
2026-09-05T12:40:06,103,0.0,-1.0,1.0,1.0,0.0,-1.0,-1.0,1.0,0.0,265,224,265,206,224,206,0.0,0.0,0.0,0.0,0.0,0.0,3.0,-3.0,-1.0,ROCK,206,1390,0.0,0.0,CYCLE_OK,0.21667,0.13731,0.1375,0.0,0.3333,0.3333,0.3333,interior
2026-09-05T12:40:18,104,0.0,-1.0,1.0,1.0,0.0,-1.0,-1.0,1.0,0.0,290,233,290,193,233,193,0.0,0.0,0.0,0.0,0.0,0.0,3.0,-3.0,-1.0,ROCK,193,1432,0.0,0.0,CYCLE_OK,0.24167,0.15035,0.1625,0.0,0.3333,0.3333,0.3333,interior
2026-09-05T12:40:25,105,0.0,-1.0,1.0,1.0,0.0,-1.0,-1.0,1.0,0.0,298,232,298,181,232,181,0.0,0.0,0.0,0.0,0.0,0.0,3.0,-3.0,-1.0,ROCK,181,1422,0.0,0.0,CYCLE_OK,0.26667,0.16425,0.1875,0.0,0.3333,0.3333,0.3333,interior
2026-09-05T12:40:45,106,0.0,-1.0,1.0,1.0,0.0,-1.0,-1.0,1.0,0.0,294,269,294,205,269,205,0.0,0.0,0.0,0.0,0.0,0.0,3.0,-3.0,-1.0,ROCK,205,1536,0.0,0.0,CYCLE_OK,0.24167,0.14825,0.175,0.0,0.3333,0.3333,0.3333,interior
2026-09-05T12:40:51,107,0.0,-1.0,1.0,1.0,0.0,-1.0,-1.0,1.0,0.0,294,240,294,168,240,168,0.0,0.0,0.0,0.0,0.0,0.0,3.0,-3.0,-1.0,ROCK,168,1404,0.0,0.0,CYCLE_OK,0.26667,0.1633,0.2,0.0,0.3333,0.3333,0.3333,interior
2026-09-05T12:40:58,108,0.0,-1.0,1.0,1.0,0.0,-1.0,-1.0,1.0,0.0,264,254,264,178,254,178,0.0,0.0,0.0,0.0,0.0,0.0,3.0,-3.0,-1.0,ROCK,178,1392,0.0,0.0,CYCLE_OK,0.24167,0.14825,0.175,0.0,0.3333,0.3333,0.3333,interior
2026-09-05T12:41:09,109,0.0,-1.0,1.0,1.0,0.0,-1.0,-1.0,1.0,0.0,284,277,284,187,277,187,0.0,0.0,0.0,0.0,0.0,0.0,3.0,-3.0,-1.0,ROCK,187,1496,0.0,0.0,CYCLE_OK,0.21667,0.13385,0.15,0.0,0.3333,0.3333,0.3333,interior
2026-09-05T12:41:22,110,0.0,-1.0,1.0,1.0,0.0,-1.0,-1.0,1.0,0.0,297,274,297,228,274,228,0.0,0.0,0.0,0.0,0.0,0.0,3.0,-3.0,-1.0,ROCK,228,1598,0.0,0.0,CYCLE_OK,0.21667,0.13731,0.1375,0.0,0.3333,0.3333,0.3333,interior
2026-09-05T12:41:34,111,0.0,-1.0,1.0,1.0,0.0,-1.0,-1.0,1.0,0.0,270,241,270,211,241,211,0.0,0.0,0.0,0.0,0.0,0.0,3.0,-3.0,-1.0,ROCK,211,1444,0.0,0.0,CYCLE_OK,0.24167,0.15445,0.15,0.0,0.3333,0.3333,0.3333,interior
2026-09-05T12:41:47,112,0.0,-1.0,1.0,1.0,0.0,-1.0,-1.0,1.0,0.0,265,244,265,242,244,242,0.0,0.0,0.0,0.0,0.0,0.0,3.0,-3.0,-1.0,ROCK,242,1502,0.0,0.0,CYCLE_OK,0.24167,0.15445,0.15,0.0,0.3333,0.3333,0.3333,interior
2026-09-05T12:41:59,113,0.0,-1.0,1.0,1.0,0.0,-1.0,-1.0,1.0,0.0,274,323,274,321,323,321,0.0,0.0,0.0,0.0,0.0,0.0,3.0,-3.0,-1.0,ROCK,274,1836,0.0,0.0,CYCLE_OK,0.21667,0.13731,0.1375,0.0,0.3333,0.3333,0.3333,interior
2026-09-05T12:42:06,114,0.0,-1.0,1.0,1.0,0.0,-1.0,-1.0,1.0,0.0,201,252,201,249,252,249,0.0,0.0,0.0,0.0,0.0,0.0,3.0,-3.0,-1.0,ROCK,201,1404,0.0,0.0,CYCLE_OK,0.19167,0.12542,0.1125,0.0,0.3333,0.3333,0.3333,interior
2026-09-05T12:42:14,115,0.0,-1.0,1.0,1.0,0.0,-1.0,-1.0,1.0,0.0,236,255,236,247,255,247,0.0,0.0,0.0,0.0,0.0,0.0,3.0,-3.0,-1.0,ROCK,236,1476,0.0,0.0,CYCLE_OK,0.19167,0.12542,0.1125,0.0,0.3333,0.3333,0.3333,interior
2026-09-05T12:42:30,116,0.0,-1.0,1.0,1.0,0.0,-1.0,-1.0,1.0,0.0,275,262,275,270,262,270,0.0,0.0,0.0,0.0,0.0,0.0,3.0,-3.0,-1.0,ROCK,262,1614,0.0,0.0,CYCLE_OK,0.19167,0.12033,0.125,0.0,0.3333,0.3333,0.3333,interior
2026-09-05T12:42:40,117,0.0,-1.0,1.0,1.0,0.0,-1.0,-1.0,1.0,0.0,241,226,241,269,226,269,0.0,0.0,0.0,0.0,0.0,0.0,3.0,-3.0,-1.0,ROCK,226,1472,0.0,0.0,CYCLE_OK,0.19167,0.12033,0.125,0.0,0.3333,0.3333,0.3333,interior
2026-09-05T12:42:49,118,0.0,-1.0,1.0,1.0,0.0,-1.0,-1.0,1.0,0.0,238,260,238,250,260,250,0.0,0.0,0.0,0.0,0.0,0.0,3.0,-3.0,-1.0,ROCK,238,1496,0.0,0.0,CYCLE_OK,0.16667,0.10358,0.1125,0.0,0.3333,0.3333,0.3333,interior
2026-09-05T12:42:58,119,0.0,-1.0,1.0,1.0,0.0,-1.0,-1.0,1.0,0.0,247,246,247,261,246,261,0.0,0.0,0.0,0.0,0.0,0.0,3.0,-3.0,-1.0,ROCK,246,1508,0.0,0.0,CYCLE_OK,0.19167,0.12033,0.125,0.0,0.3333,0.3333,0.3333,interior
2026-09-05T12:43:09,120,0.0,-1.0,1.0,1.0,0.0,-1.0,-1.0,1.0,0.0,210,259,210,240,259,240,0.0,0.0,0.0,0.0,0.0,0.0,3.0,-3.0,-1.0,ROCK,210,1418,0.0,0.0,CYCLE_OK,0.16667,0.10358,0.1125,0.0,0.3333,0.3333,0.3333,interior
2026-09-05T12:43:22,121,0.0,-1.0,1.0,1.0,0.0,-1.0,-1.0,1.0,0.0,220,267,220,246,267,246,0.0,0.0,0.0,0.0,0.0,0.0,3.0,-3.0,-1.0,ROCK,220,1466,0.0,0.0,CYCLE_OK,0.14167,0.0872,0.1,0.0,0.3333,0.3333,0.3333,interior
2026-09-05T12:43:34,122,0.0,-1.0,1.0,1.0,0.0,-1.0,-1.0,1.0,0.0,237,297,237,267,297,267,0.0,0.0,0.0,0.0,0.0,0.0,3.0,-3.0,-1.0,ROCK,237,1602,0.0,0.0,CYCLE_OK,0.14167,0.0872,0.1,0.0,0.3333,0.3333,0.3333,interior
2026-09-05T12:43:42,123,0.0,-1.0,1.0,1.0,0.0,-1.0,-1.0,1.0,0.0,232,249,232,227,249,227,0.0,0.0,0.0,0.0,0.0,0.0,3.0,-3.0,-1.0,ROCK,227,1416,0.0,0.0,CYCLE_OK,0.14167,0.0872,0.1,0.0,0.3333,0.3333,0.3333,interior
2026-09-05T12:44:01,124,0.0,-1.0,1.0,1.0,0.0,-1.0,-1.0,1.0,0.0,260,328,260,319,328,319,0.0,0.0,0.0,0.0,0.0,0.0,3.0,-3.0,-1.0,ROCK,260,1814,0.0,0.0,CYCLE_OK,0.11667,0.07144,0.0875,0.0,0.3333,0.3333,0.3333,interior
2026-09-05T12:44:08,125,0.0,-1.0,1.0,1.0,0.0,-1.0,-1.0,1.0,0.0,234,273,234,233,273,233,0.0,0.0,0.0,0.0,0.0,0.0,3.0,-3.0,-1.0,ROCK,233,1480,0.0,0.0,CYCLE_OK,0.14167,0.0872,0.1125,0.0,0.3333,0.3333,0.3333,interior
2026-09-05T12:44:19,126,0.0,-1.0,1.0,1.0,0.0,-1.0,-1.0,1.0,0.0,223,250,223,243,250,243,0.0,0.0,0.0,0.0,0.0,0.0,3.0,-3.0,-1.0,ROCK,223,1432,0.0,0.0,CYCLE_OK,0.14167,0.0872,0.1,0.0,0.3333,0.3333,0.3333,interior
2026-09-05T12:44:29,127,0.0,-1.0,1.0,1.0,0.0,-1.0,-1.0,1.0,0.0,253,278,253,227,278,227,0.0,0.0,0.0,0.0,0.0,0.0,3.0,-3.0,-1.0,ROCK,227,1516,0.0,0.0,CYCLE_OK,0.14167,0.0872,0.1125,0.0,0.3333,0.3333,0.3333,interior
2026-09-05T12:44:41,128,0.0,-1.0,1.0,1.0,0.0,-1.0,-1.0,1.0,0.0,253,249,253,251,249,251,0.0,0.0,0.0,0.0,0.0,0.0,3.0,-3.0,-1.0,ROCK,249,1506,0.0,0.0,CYCLE_OK,0.16667,0.10206,0.125,0.0,0.3333,0.3333,0.3333,interior
2026-09-05T12:44:51,129,0.0,-1.0,1.0,1.0,0.0,-1.0,-1.0,1.0,0.0,246,232,246,248,232,248,0.0,0.0,0.0,0.0,0.0,0.0,3.0,-3.0,-1.0,ROCK,232,1452,0.0,0.0,CYCLE_OK,0.19167,0.1177,0.1375,0.0,0.3333,0.3333,0.3333,interior
2026-09-05T12:44:59,130,0.0,-1.0,1.0,1.0,0.0,-1.0,-1.0,1.0,0.0,269,223,269,270,223,270,0.0,0.0,0.0,0.0,0.0,0.0,3.0,-3.0,-1.0,ROCK,223,1524,0.0,0.0,CYCLE_OK,0.19167,0.12033,0.125,0.0,0.3333,0.3333,0.3333,interior
2026-09-05T12:45:10,131,0.0,-1.0,1.0,1.0,0.0,-1.0,-1.0,1.0,0.0,262,215,262,234,215,234,0.0,0.0,0.0,0.0,0.0,0.0,3.0,-3.0,-1.0,ROCK,215,1422,0.0,0.0,CYCLE_OK,0.19167,0.1177,0.1375,0.0,0.3333,0.3333,0.3333,interior
2026-09-05T12:45:21,132,0.0,-1.0,1.0,1.0,0.0,-1.0,-1.0,1.0,0.0,292,238,292,298,238,298,0.0,0.0,0.0,0.0,0.0,0.0,3.0,-3.0,-1.0,ROCK,238,1656,0.0,0.0,CYCLE_OK,0.21667,0.13385,0.15,0.0,0.3333,0.3333,0.3333,interior
2026-09-05T12:45:28,133,0.0,-1.0,1.0,1.0,0.0,-1.0,-1.0,1.0,0.0,236,215,236,248,215,248,0.0,0.0,0.0,0.0,0.0,0.0,3.0,-3.0,-1.0,ROCK,215,1398,0.0,0.0,CYCLE_OK,0.21667,0.13385,0.15,0.0,0.3333,0.3333,0.3333,interior
2026-09-05T12:45:39,134,0.0,-1.0,1.0,1.0,0.0,-1.0,-1.0,1.0,0.0,280,207,280,290,207,290,0.0,0.0,0.0,0.0,0.0,0.0,3.0,-3.0,-1.0,ROCK,207,1554,0.0,0.0,CYCLE_OK,0.24167,0.15035,0.1625,0.0,0.3333,0.3333,0.3333,interior
2026-09-05T12:45:48,135,0.0,-1.0,1.0,1.0,0.0,-1.0,-1.0,1.0,0.0,258,201,258,258,201,258,0.0,0.0,0.0,0.0,0.0,0.0,3.0,-3.0,-1.0,ROCK,201,1434,0.0,0.0,CYCLE_OK,0.24167,0.15035,0.1625,0.0,0.3333,0.3333,0.3333,interior
2026-09-05T12:46:03,136,0.0,-1.0,1.0,1.0,0.0,-1.0,-1.0,1.0,0.0,268,203,268,296,203,296,0.0,0.0,0.0,0.0,0.0,0.0,3.0,-3.0,-1.0,ROCK,203,1534,0.0,0.0,CYCLE_OK,0.26667,0.16708,0.175,0.0,0.3333,0.3333,0.3333,interior
2026-09-05T12:46:12,137,0.0,-1.0,1.0,1.0,0.0,-1.0,-1.0,1.0,0.0,269,216,269,308,216,308,0.0,0.0,0.0,0.0,0.0,0.0,3.0,-3.0,-1.0,ROCK,216,1586,0.0,0.0,CYCLE_OK,0.26667,0.16708,0.175,0.0,0.3333,0.3333,0.3333,interior
2026-09-05T12:46:19,138,0.0,-1.0,1.0,1.0,0.0,-1.0,-1.0,1.0,0.0,264,203,264,255,203,255,0.0,0.0,0.0,0.0,0.0,0.0,3.0,-3.0,-1.0,ROCK,203,1444,0.0,0.0,CYCLE_OK,0.26667,0.16425,0.1875,0.0,0.3333,0.3333,0.3333,interior
2026-09-05T12:46:30,139,0.0,-1.0,1.0,1.0,0.0,-1.0,-1.0,1.0,0.0,253,202,253,270,202,270,0.0,0.0,0.0,0.0,0.0,0.0,3.0,-3.0,-1.0,ROCK,202,1450,0.0,0.0,CYCLE_OK,0.26667,0.16425,0.1875,0.0,0.3333,0.3333,0.3333,interior
2026-09-05T12:46:37,140,0.0,-1.0,1.0,1.0,0.0,-1.0,-1.0,1.0,0.0,249,194,249,279,194,279,0.0,0.0,0.0,0.0,0.0,0.0,3.0,-3.0,-1.0,ROCK,194,1444,0.0,0.0,CYCLE_OK,0.26667,0.16425,0.1875,0.0,0.3333,0.3333,0.3333,interior
2026-09-05T12:46:50,141,0.0,-1.0,1.0,1.0,0.0,-1.0,-1.0,1.0,0.0,247,197,247,278,197,278,0.0,0.0,0.0,0.0,0.0,0.0,3.0,-3.0,-1.0,ROCK,197,1444,0.0,0.0,CYCLE_OK,0.26667,0.16708,0.175,0.0,0.3333,0.3333,0.3333,interior
2026-09-05T12:46:59,142,0.0,-1.0,1.0,1.0,0.0,-1.0,-1.0,1.0,0.0,288,226,288,274,226,274,0.0,0.0,0.0,0.0,0.0,0.0,3.0,-3.0,-1.0,ROCK,226,1576,0.0,0.0,CYCLE_OK,0.26667,0.16708,0.175,0.0,0.3333,0.3333,0.3333,interior
2026-09-05T12:47:07,143,0.0,-1.0,1.0,1.0,0.0,-1.0,-1.0,1.0,0.0,261,184,261,268,184,268,0.0,0.0,0.0,0.0,0.0,0.0,3.0,-3.0,-1.0,ROCK,184,1426,0.0,0.0,CYCLE_OK,0.26667,0.17169,0.1625,0.0,0.3333,0.3333,0.3333,interior
2026-09-05T12:47:20,144,0.0,-1.0,1.0,1.0,0.0,-1.0,-1.0,1.0,0.0,265,191,265,284,191,284,0.0,0.0,0.0,0.0,0.0,0.0,3.0,-3.0,-1.0,ROCK,191,1480,0.0,0.0,CYCLE_OK,0.26667,0.17795,0.15,0.0,0.3333,0.3333,0.3333,interior
2026-09-05T12:47:28,145,0.0,-1.0,1.0,1.0,0.0,-1.0,-1.0,1.0,0.0,257,178,257,298,178,298,0.0,0.0,0.0,0.0,0.0,0.0,3.0,-3.0,-1.0,ROCK,178,1466,0.0,0.0,CYCLE_OK,0.29167,0.19552,0.1625,0.0,0.3333,0.3333,0.3333,interior
2026-09-05T12:47:41,146,0.0,-1.0,1.0,1.0,0.0,-1.0,-1.0,1.0,0.0,303,228,303,284,228,284,0.0,0.0,0.0,0.0,0.0,0.0,3.0,-3.0,-1.0,ROCK,228,1630,0.0,0.0,CYCLE_OK,0.31667,0.20641,0.1875,0.0,0.3333,0.3333,0.3333,interior
2026-09-05T12:47:50,147,0.0,-1.0,1.0,1.0,0.0,-1.0,-1.0,1.0,0.0,273,194,273,249,194,249,0.0,0.0,0.0,0.0,0.0,0.0,3.0,-3.0,-1.0,ROCK,194,1432,0.0,0.0,CYCLE_OK,0.31667,0.20104,0.2,0.0,0.3333,0.3333,0.3333,interior
2026-09-05T12:47:57,148,0.0,-1.0,1.0,1.0,0.0,-1.0,-1.0,1.0,0.0,270,192,270,281,192,281,0.0,0.0,0.0,0.0,0.0,0.0,3.0,-3.0,-1.0,ROCK,192,1486,0.0,0.0,CYCLE_OK,0.31667,0.20641,0.1875,0.0,0.3333,0.3333,0.3333,interior
2026-09-05T12:48:07,149,0.0,-1.0,1.0,1.0,0.0,-1.0,-1.0,1.0,0.0,287,210,287,293,210,293,0.0,0.0,0.0,0.0,0.0,0.0,3.0,-3.0,-1.0,ROCK,210,1580,0.0,0.0,CYCLE_OK,0.31667,0.20641,0.1875,0.0,0.3333,0.3333,0.3333,interior
2026-09-05T12:48:14,150,0.0,-1.0,1.0,1.0,0.0,-1.0,-1.0,1.0,0.0,281,203,281,243,203,243,0.0,0.0,0.0,0.0,0.0,0.0,3.0,-3.0,-1.0,ROCK,203,1454,0.0,0.0,CYCLE_OK,0.31667,0.20104,0.2,0.0,0.3333,0.3333,0.3333,interior
2026-09-05T12:48:26,151,0.0,-1.0,1.0,1.0,0.0,-1.0,-1.0,1.0,0.0,295,205,295,240,205,240,0.0,0.0,0.0,0.0,0.0,0.0,3.0,-3.0,-1.0,ROCK,205,1480,0.0,0.0,CYCLE_OK,0.31667,0.19711,0.2125,0.0,0.3333,0.3333,0.3333,interior
2026-09-05T12:48:37,152,0.0,-1.0,1.0,1.0,0.0,-1.0,-1.0,1.0,0.0,269,184,269,260,184,260,0.0,0.0,0.0,0.0,0.0,0.0,3.0,-3.0,-1.0,ROCK,184,1426,0.0,0.0,CYCLE_OK,0.31667,0.19711,0.2125,0.0,0.3333,0.3333,0.3333,interior
2026-09-05T12:48:45,153,0.0,-1.0,1.0,1.0,0.0,-1.0,-1.0,1.0,0.0,266,187,266,265,187,265,0.0,0.0,0.0,0.0,0.0,0.0,3.0,-3.0,-1.0,ROCK,187,1436,0.0,0.0,CYCLE_OK,0.31667,0.20104,0.2,0.0,0.3333,0.3333,0.3333,interior
2026-09-05T12:48:52,154,0.0,-1.0,1.0,1.0,0.0,-1.0,-1.0,1.0,0.0,293,210,293,246,210,246,0.0,0.0,0.0,0.0,0.0,0.0,3.0,-3.0,-1.0,ROCK,210,1498,0.0,0.0,CYCLE_OK,0.31667,0.19711,0.2125,0.0,0.3333,0.3333,0.3333,interior
2026-09-05T12:49:04,155,0.0,-1.0,1.0,1.0,0.0,-1.0,-1.0,1.0,0.0,330,244,330,259,244,259,0.0,0.0,0.0,0.0,0.0,0.0,3.0,-3.0,-1.0,ROCK,244,1666,0.0,0.0,CYCLE_OK,0.31667,0.19711,0.2125,0.0,0.3333,0.3333,0.3333,interior
2026-09-05T12:49:15,156,0.0,-1.0,1.0,1.0,0.0,-1.0,-1.0,1.0,0.0,293,205,293,218,205,218,0.0,0.0,0.0,0.0,0.0,0.0,3.0,-3.0,-1.0,ROCK,205,1432,0.0,0.0,CYCLE_OK,0.31667,0.19711,0.2125,0.0,0.3333,0.3333,0.3333,interior
2026-09-05T12:49:22,157,0.0,-1.0,1.0,1.0,0.0,-1.0,-1.0,1.0,0.0,264,217,264,223,217,223,0.0,0.0,0.0,0.0,0.0,0.0,3.0,-3.0,-1.0,ROCK,217,1408,0.0,0.0,CYCLE_OK,0.29167,0.18057,0.2,0.0,0.3333,0.3333,0.3333,interior
2026-09-05T12:49:30,158,0.0,-1.0,1.0,1.0,0.0,-1.0,-1.0,1.0,0.0,301,238,301,217,238,217,0.0,0.0,0.0,0.0,0.0,0.0,3.0,-3.0,-1.0,ROCK,217,1512,0.0,0.0,CYCLE_OK,0.29167,0.18057,0.2,0.0,0.3333,0.3333,0.3333,interior
2026-09-05T12:49:39,159,0.0,-1.0,1.0,1.0,0.0,-1.0,-1.0,1.0,0.0,303,234,303,237,234,237,0.0,0.0,0.0,0.0,0.0,0.0,3.0,-3.0,-1.0,ROCK,234,1548,0.0,0.0,CYCLE_OK,0.29167,0.18057,0.2,0.0,0.3333,0.3333,0.3333,interior
2026-09-05T12:49:52,160,0.0,-1.0,1.0,1.0,0.0,-1.0,-1.0,1.0,0.0,286,226,286,267,226,267,0.0,0.0,0.0,0.0,0.0,0.0,3.0,-3.0,-1.0,ROCK,226,1558,0.0,0.0,CYCLE_OK,0.29167,0.18057,0.2,0.0,0.3333,0.3333,0.3333,interior
2026-09-05T12:50:03,161,0.0,-1.0,1.0,1.0,0.0,-1.0,-1.0,1.0,0.0,266,210,266,223,210,223,0.0,0.0,0.0,0.0,0.0,0.0,3.0,-3.0,-1.0,ROCK,210,1398,0.0,0.0,CYCLE_OK,0.29167,0.18057,0.2,0.0,0.3333,0.3333,0.3333,interior
2026-09-05T12:50:16,162,0.0,-1.0,1.0,1.0,0.0,-1.0,-1.0,1.0,0.0,313,269,313,302,269,302,0.0,0.0,0.0,0.0,0.0,0.0,3.0,-3.0,-1.0,ROCK,269,1768,0.0,0.0,CYCLE_OK,0.29167,0.18057,0.2,0.0,0.3333,0.3333,0.3333,interior
2026-09-05T12:50:24,163,0.0,-1.0,1.0,1.0,0.0,-1.0,-1.0,1.0,0.0,260,214,260,242,214,242,0.0,0.0,0.0,0.0,0.0,0.0,3.0,-3.0,-1.0,ROCK,214,1432,0.0,0.0,CYCLE_OK,0.29167,0.184,0.1875,0.0,0.3333,0.3333,0.3333,interior
2026-09-05T12:50:31,164,0.0,-1.0,1.0,1.0,0.0,-1.0,-1.0,1.0,0.0,250,235,250,264,235,264,0.0,0.0,0.0,0.0,0.0,0.0,3.0,-3.0,-1.0,ROCK,235,1498,0.0,0.0,CYCLE_OK,0.26667,0.17169,0.1625,0.0,0.3333,0.3333,0.3333,interior
2026-09-05T12:50:39,165,0.0,-1.0,1.0,1.0,0.0,-1.0,-1.0,1.0,0.0,268,223,268,255,223,255,0.0,0.0,0.0,0.0,0.0,0.0,3.0,-3.0,-1.0,ROCK,223,1492,0.0,0.0,CYCLE_OK,0.29167,0.184,0.1875,0.0,0.3333,0.3333,0.3333,interior
2026-09-05T12:50:53,166,0.0,-1.0,1.0,1.0,0.0,-1.0,-1.0,1.0,0.0,252,201,252,281,201,281,0.0,0.0,0.0,0.0,0.0,0.0,3.0,-3.0,-1.0,ROCK,201,1468,0.0,0.0,CYCLE_OK,0.29167,0.184,0.1875,0.0,0.3333,0.3333,0.3333,interior
2026-09-05T12:51:01,167,0.0,-1.0,1.0,1.0,0.0,-1.0,-1.0,1.0,0.0,227,227,227,277,227,277,0.0,0.0,0.0,0.0,0.0,0.0,3.0,-3.0,-1.0,ROCK,227,1462,0.0,0.0,CYCLE_OK,0.26667,0.17169,0.1625,0.0,0.3333,0.3333,0.3333,interior
2026-09-05T12:51:16,168,0.0,-1.0,1.0,1.0,0.0,-1.0,-1.0,1.0,0.0,280,264,280,271,264,271,0.0,0.0,0.0,0.0,0.0,0.0,3.0,-3.0,-1.0,ROCK,264,1630,0.0,0.0,CYCLE_OK,0.29167,0.184,0.1875,0.0,0.3333,0.3333,0.3333,interior
2026-09-05T12:51:26,169,0.0,-1.0,1.0,1.0,0.0,-1.0,-1.0,1.0,0.0,250,223,250,273,223,273,0.0,0.0,0.0,0.0,0.0,0.0,3.0,-3.0,-1.0,ROCK,223,1492,0.0,0.0,CYCLE_OK,0.29167,0.184,0.1875,0.0,0.3333,0.3333,0.3333,interior
2026-09-05T12:51:33,170,0.0,-1.0,1.0,1.0,0.0,-1.0,-1.0,1.0,0.0,237,209,237,274,209,274,0.0,0.0,0.0,0.0,0.0,0.0,3.0,-3.0,-1.0,ROCK,209,1440,0.0,0.0,CYCLE_OK,0.29167,0.184,0.1875,0.0,0.3333,0.3333,0.3333,interior
2026-09-05T12:51:45,171,0.0,-1.0,1.0,1.0,0.0,-1.0,-1.0,1.0,0.0,243,217,243,257,217,257,0.0,0.0,0.0,0.0,0.0,0.0,3.0,-3.0,-1.0,ROCK,217,1434,0.0,0.0,CYCLE_OK,0.29167,0.18057,0.2,0.0,0.3333,0.3333,0.3333,interior
2026-09-05T12:51:52,172,0.0,-1.0,1.0,1.0,0.0,-1.0,-1.0,1.0,0.0,245,212,245,279,212,279,0.0,0.0,0.0,0.0,0.0,0.0,3.0,-3.0,-1.0,ROCK,212,1472,0.0,0.0,CYCLE_OK,0.29167,0.18057,0.2,0.0,0.3333,0.3333,0.3333,interior
2026-09-05T12:51:59,173,0.0,-1.0,1.0,1.0,0.0,-1.0,-1.0,1.0,0.0,235,200,235,271,200,271,0.0,0.0,0.0,0.0,0.0,0.0,3.0,-3.0,-1.0,ROCK,200,1412,0.0,0.0,CYCLE_OK,0.29167,0.184,0.1875,0.0,0.3333,0.3333,0.3333,interior
2026-09-05T12:52:07,174,0.0,-1.0,1.0,1.0,0.0,-1.0,-1.0,1.0,0.0,236,239,236,268,239,268,0.0,0.0,0.0,0.0,0.0,0.0,3.0,-3.0,-1.0,ROCK,236,1486,0.0,0.0,CYCLE_OK,0.26667,0.16708,0.175,0.0,0.3333,0.3333,0.3333,interior
2026-09-05T12:52:14,175,0.0,-1.0,1.0,1.0,0.0,-1.0,-1.0,1.0,0.0,226,225,226,256,225,256,0.0,0.0,0.0,0.0,0.0,0.0,3.0,-3.0,-1.0,ROCK,225,1414,0.0,0.0,CYCLE_OK,0.24167,0.15035,0.1625,0.0,0.3333,0.3333,0.3333,interior
2026-09-05T12:52:29,176,0.0,-1.0,1.0,1.0,0.0,-1.0,-1.0,1.0,0.0,243,224,243,246,224,246,0.0,0.0,0.0,0.0,0.0,0.0,3.0,-3.0,-1.0,ROCK,224,1426,0.0,0.0,CYCLE_OK,0.24167,0.14825,0.175,0.0,0.3333,0.3333,0.3333,interior
2026-09-05T12:52:42,177,0.0,-1.0,1.0,1.0,0.0,-1.0,-1.0,1.0,0.0,240,221,240,290,221,290,0.0,0.0,0.0,0.0,0.0,0.0,3.0,-3.0,-1.0,ROCK,221,1502,0.0,0.0,CYCLE_OK,0.24167,0.15035,0.1625,0.0,0.3333,0.3333,0.3333,interior
2026-09-05T12:52:50,178,0.0,-1.0,1.0,1.0,0.0,-1.0,-1.0,1.0,0.0,249,216,249,281,216,281,0.0,0.0,0.0,0.0,0.0,0.0,3.0,-3.0,-1.0,ROCK,216,1492,0.0,0.0,CYCLE_OK,0.24167,0.15445,0.15,0.0,0.3333,0.3333,0.3333,interior
2026-09-05T12:52:58,179,0.0,-1.0,1.0,1.0,0.0,-1.0,-1.0,1.0,0.0,250,208,250,261,208,261,0.0,0.0,0.0,0.0,0.0,0.0,3.0,-3.0,-1.0,ROCK,208,1438,0.0,0.0,CYCLE_OK,0.24167,0.15445,0.15,0.0,0.3333,0.3333,0.3333,interior
2026-09-05T12:53:08,180,0.0,-1.0,1.0,1.0,0.0,-1.0,-1.0,1.0,0.0,265,215,265,304,215,304,0.0,0.0,0.0,0.0,0.0,0.0,3.0,-3.0,-1.0,ROCK,215,1568,0.0,0.0,CYCLE_OK,0.24167,0.1604,0.1375,0.0,0.3333,0.3333,0.3333,interior
2026-09-05T12:53:24,181,0.0,-1.0,1.0,1.0,0.0,-1.0,-1.0,1.0,0.0,293,257,293,290,257,290,0.0,0.0,0.0,0.0,0.0,0.0,3.0,-3.0,-1.0,ROCK,257,1680,0.0,0.0,CYCLE_OK,0.24167,0.1604,0.1375,0.0,0.3333,0.3333,0.3333,interior
2026-09-05T12:53:33,182,0.0,-1.0,1.0,1.0,0.0,-1.0,-1.0,1.0,0.0,236,243,236,259,243,259,0.0,0.0,0.0,0.0,0.0,0.0,3.0,-3.0,-1.0,ROCK,236,1476,0.0,0.0,CYCLE_OK,0.21667,0.15035,0.1125,0.0,0.3333,0.3333,0.3333,interior
2026-09-05T12:53:43,183,0.0,-1.0,1.0,1.0,0.0,-1.0,-1.0,1.0,0.0,273,243,273,246,243,246,0.0,0.0,0.0,0.0,0.0,0.0,3.0,-3.0,-1.0,ROCK,243,1524,0.0,0.0,CYCLE_OK,0.24167,0.1604,0.1375,0.0,0.3333,0.3333,0.3333,interior
2026-09-05T12:53:51,184,0.0,-1.0,1.0,1.0,0.0,-1.0,-1.0,1.0,0.0,248,252,248,259,252,259,0.0,0.0,0.0,0.0,0.0,0.0,3.0,-3.0,-1.0,ROCK,248,1518,0.0,0.0,CYCLE_OK,0.21667,0.15035,0.1125,0.0,0.3333,0.3333,0.3333,interior
2026-09-05T12:54:03,185,0.0,-1.0,1.0,1.0,0.0,-1.0,-1.0,1.0,0.0,249,227,249,256,227,256,0.0,0.0,0.0,0.0,0.0,0.0,3.0,-3.0,-1.0,ROCK,227,1464,0.0,0.0,CYCLE_OK,0.23333,0.15943,0.125,0.0,0.3333,0.3333,0.3333,interior
2026-09-05T12:54:15,186,0.0,-1.0,1.0,1.0,0.0,-1.0,-1.0,1.0,0.0,249,229,249,260,229,260,0.0,0.0,0.0,0.0,0.0,0.0,3.0,-3.0,-1.0,ROCK,229,1476,0.0,0.0,CYCLE_OK,0.25833,0.17707,0.1375,0.0,0.3333,0.3333,0.3333,interior
2026-09-05T12:54:26,187,0.0,-1.0,1.0,1.0,0.0,-1.0,-1.0,1.0,0.0,267,248,267,286,248,286,0.0,0.0,0.0,0.0,0.0,0.0,3.0,-3.0,-1.0,ROCK,248,1602,0.0,0.0,CYCLE_OK,0.28333,0.18736,0.1625,0.0,0.3333,0.3333,0.3333,interior
2026-09-05T12:54:34,188,0.0,-1.0,1.0,1.0,0.0,-1.0,-1.0,1.0,0.0,250,231,250,272,231,272,0.0,0.0,0.0,0.0,0.0,0.0,3.0,-3.0,-1.0,ROCK,231,1506,0.0,0.0,CYCLE_OK,0.30833,0.20489,0.175,0.0,0.3333,0.3333,0.3333,interior
2026-09-05T12:54:43,189,0.0,-1.0,1.0,1.0,0.0,-1.0,-1.0,1.0,0.0,257,235,257,301,235,301,0.0,0.0,0.0,0.0,0.0,0.0,3.0,-3.0,-1.0,ROCK,235,1586,0.0,0.0,CYCLE_OK,0.33333,0.22244,0.1875,0.0,0.3333,0.3333,0.3333,interior
2026-09-05T12:54:50,190,0.0,-1.0,1.0,1.0,0.0,-1.0,-1.0,1.0,0.0,217,227,217,265,227,265,0.0,0.0,0.0,0.0,0.0,0.0,3.0,-3.0,-1.0,ROCK,217,1418,0.0,0.0,CYCLE_OK,0.30833,0.20489,0.175,0.0,0.3333,0.3333,0.3333,interior
2026-09-05T12:55:02,191,0.0,-1.0,1.0,1.0,0.0,-1.0,-1.0,1.0,0.0,221,229,221,268,229,268,0.0,0.0,0.0,0.0,0.0,0.0,3.0,-3.0,-1.0,ROCK,221,1436,0.0,0.0,CYCLE_OK,0.28333,0.18736,0.1625,0.0,0.3333,0.3333,0.3333,interior
2026-09-05T12:55:11,192,0.0,-1.0,1.0,1.0,0.0,-1.0,-1.0,1.0,0.0,230,216,230,281,216,281,0.0,0.0,0.0,0.0,0.0,0.0,3.0,-3.0,-1.0,ROCK,216,1454,0.0,0.0,CYCLE_OK,0.28333,0.18736,0.1625,0.0,0.3333,0.3333,0.3333,interior
2026-09-05T12:55:22,193,0.0,-1.0,1.0,1.0,0.0,-1.0,-1.0,1.0,0.0,201,232,201,282,232,282,0.0,0.0,0.0,0.0,0.0,0.0,3.0,-3.0,-1.0,ROCK,201,1430,0.0,0.0,CYCLE_OK,0.28333,0.18736,0.1625,0.0,0.3333,0.3333,0.3333,interior
2026-09-05T12:55:31,194,0.0,-1.0,1.0,1.0,0.0,-1.0,-1.0,1.0,0.0,235,212,235,313,212,313,0.0,0.0,0.0,0.0,0.0,0.0,3.0,-3.0,-1.0,ROCK,212,1520,0.0,0.0,CYCLE_OK,0.30833,0.20489,0.175,0.0,0.3333,0.3333,0.3333,interior
2026-09-05T12:55:45,195,0.0,-1.0,1.0,1.0,0.0,-1.0,-1.0,1.0,0.0,298,288,298,359,288,359,0.0,0.0,0.0,0.0,0.0,0.0,3.0,-3.0,-1.0,ROCK,288,1890,0.0,0.0,CYCLE_OK,0.33333,0.21602,0.2,0.0,0.3333,0.3333,0.3333,interior
2026-09-05T12:55:56,196,0.0,-1.0,1.0,1.0,0.0,-1.0,-1.0,1.0,0.0,223,219,223,260,219,260,0.0,0.0,0.0,0.0,0.0,0.0,3.0,-3.0,-1.0,ROCK,219,1404,0.0,0.0,CYCLE_OK,0.33333,0.21602,0.2,0.0,0.3333,0.3333,0.3333,interior
2026-09-05T12:56:10,197,0.0,-1.0,1.0,1.0,0.0,-1.0,-1.0,1.0,0.0,268,268,268,274,268,274,0.0,0.0,0.0,0.0,0.0,0.0,3.0,-3.0,-1.0,ROCK,268,1620,0.0,0.0,CYCLE_OK,0.30833,0.20489,0.175,0.0,0.3333,0.3333,0.3333,interior
2026-09-05T12:56:18,198,0.0,-1.0,1.0,1.0,0.0,-1.0,-1.0,1.0,0.0,259,236,259,238,236,238,0.0,0.0,0.0,0.0,0.0,0.0,3.0,-3.0,-1.0,ROCK,236,1466,0.0,0.0,CYCLE_OK,0.30833,0.21238,0.1625,0.0,0.3333,0.3333,0.3333,interior
2026-09-05T12:56:26,199,0.0,-1.0,1.0,1.0,0.0,-1.0,-1.0,1.0,0.0,262,227,262,264,227,264,0.0,0.0,0.0,0.0,0.0,0.0,3.0,-3.0,-1.0,ROCK,227,1506,0.0,0.0,CYCLE_OK,0.30833,0.21238,0.1625,0.0,0.3333,0.3333,0.3333,interior
2026-09-05T12:56:35,200,0.0,-1.0,1.0,1.0,0.0,-1.0,-1.0,1.0,0.0,272,219,272,280,219,280,0.0,0.0,0.0,0.0,0.0,0.0,3.0,-3.0,-1.0,ROCK,219,1542,0.0,0.0,CYCLE_OK,0.33333,0.23004,0.175,0.0,0.3333,0.3333,0.3333,interior
2026-09-05T12:56:51,201,0.0,-1.0,1.0,1.0,0.0,-1.0,-1.0,1.0,0.0,268,219,268,230,219,230,0.0,0.0,0.0,0.0,0.0,0.0,3.0,-3.0,-1.0,ROCK,219,1434,0.0,0.0,CYCLE_OK,0.34167,0.2387,0.175,0.0,0.3333,0.3333,0.3333,interior
2026-09-05T12:57:00,202,0.0,-1.0,1.0,1.0,0.0,-1.0,-1.0,1.0,0.0,260,246,260,251,246,251,0.0,0.0,0.0,0.0,0.0,0.0,3.0,-3.0,-1.0,ROCK,246,1514,0.0,0.0,CYCLE_OK,0.34167,0.2387,0.175,0.0,0.3333,0.3333,0.3333,interior
2026-09-05T12:57:07,203,0.0,-1.0,1.0,1.0,0.0,-1.0,-1.0,1.0,0.0,264,225,264,229,225,229,0.0,0.0,0.0,0.0,0.0,0.0,3.0,-3.0,-1.0,ROCK,225,1436,0.0,0.0,CYCLE_OK,0.34167,0.2387,0.175,0.0,0.3333,0.3333,0.3333,interior
2026-09-05T12:57:15,204,0.0,-1.0,1.0,1.0,0.0,-1.0,-1.0,1.0,0.0,286,228,286,223,228,223,0.0,0.0,0.0,0.0,0.0,0.0,3.0,-3.0,-1.0,ROCK,223,1474,0.0,0.0,CYCLE_OK,0.36667,0.24833,0.2,0.0,0.3333,0.3333,0.3333,interior
2026-09-05T12:57:22,205,0.0,-1.0,1.0,1.0,0.0,-1.0,-1.0,1.0,0.0,248,233,248,229,233,229,0.0,0.0,0.0,0.0,0.0,0.0,3.0,-3.0,-1.0,ROCK,229,1420,0.0,0.0,CYCLE_OK,0.34167,0.2387,0.175,0.0,0.3333,0.3333,0.3333,interior
2026-09-05T12:57:36,206,0.0,-1.0,1.0,1.0,0.0,-1.0,-1.0,1.0,0.0,254,263,254,235,263,235,0.0,0.0,0.0,0.0,0.0,0.0,3.0,-3.0,-1.0,ROCK,235,1504,0.0,0.0,CYCLE_OK,0.31667,0.22103,0.1625,0.0,0.3333,0.3333,0.3333,interior
2026-09-05T12:57:50,207,0.0,-1.0,1.0,1.0,0.0,-1.0,-1.0,1.0,0.0,308,303,308,278,303,278,0.0,0.0,0.0,0.0,0.0,0.0,3.0,-3.0,-1.0,ROCK,278,1778,0.0,0.0,CYCLE_OK,0.31667,0.22103,0.1625,0.0,0.3333,0.3333,0.3333,interior
2026-09-05T12:57:57,208,0.0,-1.0,1.0,1.0,0.0,-1.0,-1.0,1.0,0.0,240,230,240,234,230,234,0.0,0.0,0.0,0.0,0.0,0.0,3.0,-3.0,-1.0,ROCK,230,1408,0.0,0.0,CYCLE_OK,0.31667,0.22103,0.1625,0.0,0.3333,0.3333,0.3333,interior
2026-09-05T12:58:10,209,0.0,-1.0,1.0,1.0,0.0,-1.0,-1.0,1.0,0.0,273,267,273,230,267,230,0.0,0.0,0.0,0.0,0.0,0.0,3.0,-3.0,-1.0,ROCK,230,1540,0.0,0.0,CYCLE_OK,0.31667,0.21311,0.175,0.0,0.3333,0.3333,0.3333,interior
2026-09-05T12:58:23,210,0.0,-1.0,1.0,1.0,0.0,-1.0,-1.0,1.0,0.0,270,262,270,220,262,220,0.0,0.0,0.0,0.0,0.0,0.0,3.0,-3.0,-1.0,ROCK,220,1504,0.0,0.0,CYCLE_OK,0.31667,0.20641,0.1875,0.0,0.3333,0.3333,0.3333,interior
2026-09-05T12:58:39,211,0.0,-1.0,1.0,1.0,0.0,-1.0,-1.0,1.0,0.0,255,247,255,220,247,220,0.0,0.0,0.0,0.0,0.0,0.0,3.0,-3.0,-1.0,ROCK,220,1444,0.0,0.0,CYCLE_OK,0.31667,0.21311,0.175,0.0,0.3333,0.3333,0.3333,interior
2026-09-05T12:58:51,212,0.0,-1.0,1.0,1.0,0.0,-1.0,-1.0,1.0,0.0,261,231,261,233,231,233,0.0,0.0,0.0,0.0,0.0,0.0,3.0,-3.0,-1.0,ROCK,231,1450,0.0,0.0,CYCLE_OK,0.31667,0.21311,0.175,0.0,0.3333,0.3333,0.3333,interior
2026-09-05T12:59:01,213,0.0,-1.0,1.0,1.0,0.0,-1.0,-1.0,1.0,0.0,261,235,261,265,235,265,0.0,0.0,0.0,0.0,0.0,0.0,3.0,-3.0,-1.0,ROCK,235,1522,0.0,0.0,CYCLE_OK,0.34167,0.23071,0.1875,0.0,0.3333,0.3333,0.3333,interior
2026-09-05T12:59:16,214,0.0,-1.0,1.0,1.0,0.0,-1.0,-1.0,1.0,0.0,296,232,296,304,232,304,0.0,0.0,0.0,0.0,0.0,0.0,3.0,-3.0,-1.0,ROCK,232,1664,0.0,0.0,CYCLE_OK,0.34167,0.23071,0.1875,0.0,0.3333,0.3333,0.3333,interior
2026-09-05T12:59:28,215,0.0,-1.0,1.0,1.0,0.0,-1.0,-1.0,1.0,0.0,282,217,282,255,217,255,0.0,0.0,0.0,0.0,0.0,0.0,3.0,-3.0,-1.0,ROCK,217,1508,0.0,0.0,CYCLE_OK,0.34167,0.23071,0.1875,0.0,0.3333,0.3333,0.3333,interior
2026-09-05T12:59:44,216,0.0,-1.0,1.0,1.0,0.0,-1.0,-1.0,1.0,0.0,268,197,268,280,197,280,0.0,0.0,0.0,0.0,0.0,0.0,3.0,-3.0,-1.0,ROCK,197,1490,0.0,0.0,CYCLE_OK,0.34167,0.23071,0.1875,0.0,0.3333,0.3333,0.3333,interior
2026-09-05T12:59:54,217,0.0,-1.0,1.0,1.0,0.0,-1.0,-1.0,1.0,0.0,282,204,282,241,204,241,0.0,0.0,0.0,0.0,0.0,0.0,3.0,-3.0,-1.0,ROCK,204,1454,0.0,0.0,CYCLE_OK,0.34167,0.22384,0.2,0.0,0.3333,0.3333,0.3333,interior
2026-09-05T13:00:05,218,0.0,-1.0,1.0,1.0,0.0,-1.0,-1.0,1.0,0.0,257,219,257,255,219,255,0.0,0.0,0.0,0.0,0.0,0.0,3.0,-3.0,-1.0,ROCK,219,1462,0.0,0.0,CYCLE_OK,0.31667,0.21311,0.175,0.0,0.3333,0.3333,0.3333,interior
2026-09-05T13:00:16,219,0.0,-1.0,1.0,1.0,0.0,-1.0,-1.0,1.0,0.0,260,201,260,273,201,273,0.0,0.0,0.0,0.0,0.0,0.0,3.0,-3.0,-1.0,ROCK,201,1468,0.0,0.0,CYCLE_OK,0.31667,0.21311,0.175,0.0,0.3333,0.3333,0.3333,interior
2026-09-05T13:00:25,220,0.0,-1.0,1.0,1.0,0.0,-1.0,-1.0,1.0,0.0,267,207,267,263,207,263,0.0,0.0,0.0,0.0,0.0,0.0,3.0,-3.0,-1.0,ROCK,207,1474,0.0,0.0,CYCLE_OK,0.31667,0.20641,0.1875,0.0,0.3333,0.3333,0.3333,interior
2026-09-05T13:00:42,221,0.0,-1.0,1.0,1.0,0.0,-1.0,-1.0,1.0,0.0,256,244,256,264,244,264,0.0,0.0,0.0,0.0,0.0,0.0,3.0,-3.0,-1.0,ROCK,244,1528,0.0,0.0,CYCLE_OK,0.29167,0.18902,0.175,0.0,0.3333,0.3333,0.3333,interior
2026-09-05T13:00:52,222,0.0,-1.0,1.0,1.0,0.0,-1.0,-1.0,1.0,0.0,245,206,245,256,206,256,0.0,0.0,0.0,0.0,0.0,0.0,3.0,-3.0,-1.0,ROCK,206,1414,0.0,0.0,CYCLE_OK,0.29167,0.19552,0.1625,0.0,0.3333,0.3333,0.3333,interior
2026-09-05T13:01:01,223,0.0,-1.0,1.0,1.0,0.0,-1.0,-1.0,1.0,0.0,239,200,239,262,200,262,0.0,0.0,0.0,0.0,0.0,0.0,3.0,-3.0,-1.0,ROCK,200,1402,0.0,0.0,CYCLE_OK,0.29167,0.19552,0.1625,0.0,0.3333,0.3333,0.3333,interior
2026-09-05T13:01:10,224,0.0,-1.0,1.0,1.0,0.0,-1.0,-1.0,1.0,0.0,258,214,258,238,214,238,0.0,0.0,0.0,0.0,0.0,0.0,3.0,-3.0,-1.0,ROCK,214,1420,0.0,0.0,CYCLE_OK,0.29167,0.18902,0.175,0.0,0.3333,0.3333,0.3333,interior
2026-09-05T13:01:21,225,0.0,-1.0,1.0,1.0,0.0,-1.0,-1.0,1.0,0.0,252,249,252,266,249,266,0.0,0.0,0.0,0.0,0.0,0.0,3.0,-3.0,-1.0,ROCK,249,1534,0.0,0.0,CYCLE_OK,0.26667,0.17169,0.1625,0.0,0.3333,0.3333,0.3333,interior
2026-09-05T13:01:36,226,0.0,-1.0,1.0,1.0,0.0,-1.0,-1.0,1.0,0.0,239,261,239,253,261,253,0.0,0.0,0.0,0.0,0.0,0.0,3.0,-3.0,-1.0,ROCK,239,1506,0.0,0.0,CYCLE_OK,0.24167,0.1604,0.1375,0.0,0.3333,0.3333,0.3333,interior
2026-09-05T13:01:45,227,0.0,-1.0,1.0,1.0,0.0,-1.0,-1.0,1.0,0.0,223,251,223,243,251,243,0.0,0.0,0.0,0.0,0.0,0.0,3.0,-3.0,-1.0,ROCK,223,1434,0.0,0.0,CYCLE_OK,0.21667,0.15035,0.1125,0.0,0.3333,0.3333,0.3333,interior
2026-09-05T13:01:55,228,0.0,-1.0,1.0,1.0,0.0,-1.0,-1.0,1.0,0.0,237,249,237,238,249,238,0.0,0.0,0.0,0.0,0.0,0.0,3.0,-3.0,-1.0,ROCK,237,1448,0.0,0.0,CYCLE_OK,0.21667,0.14289,0.125,0.0,0.3333,0.3333,0.3333,interior
2026-09-05T13:02:03,229,0.0,-1.0,1.0,1.0,0.0,-1.0,-1.0,1.0,0.0,206,252,206,236,252,236,0.0,0.0,0.0,0.0,0.0,0.0,3.0,-3.0,-1.0,ROCK,206,1388,0.0,0.0,CYCLE_OK,0.19167,0.12542,0.1125,0.0,0.3333,0.3333,0.3333,interior
2026-09-05T13:02:13,230,0.0,-1.0,1.0,1.0,0.0,-1.0,-1.0,1.0,0.0,229,242,229,247,242,247,0.0,0.0,0.0,0.0,0.0,0.0,3.0,-3.0,-1.0,ROCK,229,1436,0.0,0.0,CYCLE_OK,0.19167,0.13268,0.1,0.0,0.3333,0.3333,0.3333,interior
2026-09-05T13:02:27,231,0.0,-1.0,1.0,1.0,0.0,-1.0,-1.0,1.0,0.0,205,254,205,238,254,238,0.0,0.0,0.0,0.0,0.0,0.0,3.0,-3.0,-1.0,ROCK,205,1394,0.0,0.0,CYCLE_OK,0.18333,0.12416,0.1,0.0,0.3333,0.3333,0.3333,interior
2026-09-05T13:02:37,232,0.0,-1.0,1.0,1.0,0.0,-1.0,-1.0,1.0,0.0,222,262,222,237,262,237,0.0,0.0,0.0,0.0,0.0,0.0,3.0,-3.0,-1.0,ROCK,222,1442,0.0,0.0,CYCLE_OK,0.16667,0.11502,0.0875,0.0,0.3333,0.3333,0.3333,interior
2026-09-05T13:02:48,233,0.0,-1.0,1.0,1.0,0.0,-1.0,-1.0,1.0,0.0,213,269,213,251,269,251,0.0,0.0,0.0,0.0,0.0,0.0,3.0,-3.0,-1.0,ROCK,213,1466,0.0,0.0,CYCLE_OK,0.14167,0.09736,0.075,0.0,0.3333,0.3333,0.3333,interior
2026-09-05T13:02:55,234,0.0,-1.0,1.0,1.0,0.0,-1.0,-1.0,1.0,0.0,228,264,228,218,264,218,0.0,0.0,0.0,0.0,0.0,0.0,3.0,-3.0,-1.0,ROCK,218,1420,0.0,0.0,CYCLE_OK,0.14167,0.09736,0.075,0.0,0.3333,0.3333,0.3333,interior
2026-09-05T13:03:03,235,0.0,-1.0,1.0,1.0,0.0,-1.0,-1.0,1.0,0.0,229,263,229,253,263,253,0.0,0.0,0.0,0.0,0.0,0.0,3.0,-3.0,-1.0,ROCK,229,1490,0.0,0.0,CYCLE_OK,0.15833,0.10656,0.0875,0.0,0.3333,0.3333,0.3333,interior
2026-09-05T13:03:15,236,0.0,-1.0,1.0,1.0,0.0,-1.0,-1.0,1.0,0.0,246,269,246,231,269,231,0.0,0.0,0.0,0.0,0.0,0.0,3.0,-3.0,-1.0,ROCK,231,1492,0.0,0.0,CYCLE_OK,0.15833,0.10656,0.0875,0.0,0.3333,0.3333,0.3333,interior
2026-09-05T13:03:23,237,0.0,-1.0,1.0,1.0,0.0,-1.0,-1.0,1.0,0.0,247,264,247,247,264,247,0.0,0.0,0.0,0.0,0.0,0.0,3.0,-3.0,-1.0,ROCK,247,1516,0.0,0.0,CYCLE_OK,0.18333,0.12416,0.1,0.0,0.3333,0.3333,0.3333,interior
2026-09-05T13:03:31,238,0.0,-1.0,1.0,1.0,0.0,-1.0,-1.0,1.0,0.0,230,251,230,255,251,255,0.0,0.0,0.0,0.0,0.0,0.0,3.0,-3.0,-1.0,ROCK,230,1472,0.0,0.0,CYCLE_OK,0.20833,0.13502,0.125,0.0,0.3333,0.3333,0.3333,interior
2026-09-05T13:03:44,239,0.0,-1.0,1.0,1.0,0.0,-1.0,-1.0,1.0,0.0,303,271,303,319,271,319,0.0,0.0,0.0,0.0,0.0,0.0,3.0,-3.0,-1.0,ROCK,271,1786,0.0,0.0,CYCLE_OK,0.20833,0.13502,0.125,0.0,0.3333,0.3333,0.3333,interior
2026-09-05T13:03:52,240,0.0,-1.0,1.0,1.0,0.0,-1.0,-1.0,1.0,0.0,266,227,266,236,227,236,0.0,0.0,0.0,0.0,0.0,0.0,3.0,-3.0,-1.0,ROCK,227,1458,0.0,0.0,CYCLE_OK,0.18333,0.12416,0.1,0.0,0.3333,0.3333,0.3333,interior
2026-09-05T13:04:07,241,0.0,-1.0,1.0,1.0,0.0,-1.0,-1.0,1.0,0.0,272,218,272,230,218,230,0.0,0.0,0.0,0.0,0.0,0.0,3.0,-3.0,-1.0,ROCK,218,1440,0.0,0.0,CYCLE_OK,0.18333,0.12416,0.1,0.0,0.3333,0.3333,0.3333,interior
2026-09-05T13:04:19,242,0.0,-1.0,1.0,1.0,0.0,-1.0,-1.0,1.0,0.0,316,255,316,268,255,268,0.0,0.0,0.0,0.0,0.0,0.0,3.0,-3.0,-1.0,ROCK,255,1678,0.0,0.0,CYCLE_OK,0.16667,0.11502,0.0875,0.0,0.3333,0.3333,0.3333,interior
2026-09-05T13:04:29,243,0.0,-1.0,1.0,1.0,0.0,-1.0,-1.0,1.0,0.0,277,223,277,273,223,273,0.0,0.0,0.0,0.0,0.0,0.0,3.0,-3.0,-1.0,ROCK,223,1546,0.0,0.0,CYCLE_OK,0.16667,0.11502,0.0875,0.0,0.3333,0.3333,0.3333,interior
2026-09-05T13:04:39,244,0.0,-1.0,1.0,1.0,0.0,-1.0,-1.0,1.0,0.0,255,248,255,258,248,258,0.0,0.0,0.0,0.0,0.0,0.0,3.0,-3.0,-1.0,ROCK,248,1522,0.0,0.0,CYCLE_OK,0.16667,0.11502,0.0875,0.0,0.3333,0.3333,0.3333,interior
2026-09-05T13:04:51,245,0.0,-1.0,1.0,1.0,0.0,-1.0,-1.0,1.0,0.0,273,245,273,268,245,268,0.0,0.0,0.0,0.0,0.0,0.0,3.0,-3.0,-1.0,ROCK,245,1572,0.0,0.0,CYCLE_OK,0.18333,0.12416,0.1,0.0,0.3333,0.3333,0.3333,interior
2026-09-05T13:05:02,246,0.0,-1.0,1.0,1.0,0.0,-1.0,-1.0,1.0,0.0,233,240,233,241,240,241,0.0,0.0,0.0,0.0,0.0,0.0,3.0,-3.0,-1.0,ROCK,233,1428,0.0,0.0,CYCLE_OK,0.15833,0.10656,0.0875,0.0,0.3333,0.3333,0.3333,interior
2026-09-05T13:05:09,247,0.0,-1.0,1.0,1.0,0.0,-1.0,-1.0,1.0,0.0,228,253,228,242,253,242,0.0,0.0,0.0,0.0,0.0,0.0,3.0,-3.0,-1.0,ROCK,228,1446,0.0,0.0,CYCLE_OK,0.15833,0.10656,0.0875,0.0,0.3333,0.3333,0.3333,interior
2026-09-05T13:05:16,248,0.0,-1.0,1.0,1.0,0.0,-1.0,-1.0,1.0,0.0,241,245,241,229,245,229,0.0,0.0,0.0,0.0,0.0,0.0,3.0,-3.0,-1.0,ROCK,229,1430,0.0,0.0,CYCLE_OK,0.15833,0.10656,0.0875,0.0,0.3333,0.3333,0.3333,interior
2026-09-05T13:05:28,249,0.0,-1.0,1.0,1.0,0.0,-1.0,-1.0,1.0,0.0,249,241,249,237,241,237,0.0,0.0,0.0,0.0,0.0,0.0,3.0,-3.0,-1.0,ROCK,237,1454,0.0,0.0,CYCLE_OK,0.15833,0.10656,0.0875,0.0,0.3333,0.3333,0.3333,interior
2026-09-05T13:05:40,250,0.0,-1.0,1.0,1.0,0.0,-1.0,-1.0,1.0,0.0,264,265,264,281,265,281,0.0,0.0,0.0,0.0,0.0,0.0,3.0,-3.0,-1.0,ROCK,264,1620,0.0,0.0,CYCLE_OK,0.15833,0.10656,0.0875,0.0,0.3333,0.3333,0.3333,interior
2026-09-05T13:05:55,251,0.0,-1.0,1.0,1.0,0.0,-1.0,-1.0,1.0,0.0,255,267,255,270,267,270,0.0,0.0,0.0,0.0,0.0,0.0,3.0,-3.0,-1.0,ROCK,255,1584,0.0,0.0,CYCLE_OK,0.15833,0.10656,0.0875,0.0,0.3333,0.3333,0.3333,interior
2026-09-05T13:06:03,252,0.0,-1.0,1.0,1.0,0.0,-1.0,-1.0,1.0,0.0,241,245,241,240,245,240,0.0,0.0,0.0,0.0,0.0,0.0,3.0,-3.0,-1.0,ROCK,240,1452,0.0,0.0,CYCLE_OK,0.14167,0.09736,0.075,0.0,0.3333,0.3333,0.3333,interior
2026-09-05T13:06:14,253,0.0,-1.0,1.0,1.0,0.0,-1.0,-1.0,1.0,0.0,249,257,249,259,257,259,0.0,0.0,0.0,0.0,0.0,0.0,3.0,-3.0,-1.0,ROCK,249,1530,0.0,0.0,CYCLE_OK,0.14167,0.09736,0.075,0.0,0.3333,0.3333,0.3333,interior
2026-09-05T13:06:21,254,0.0,-1.0,1.0,1.0,0.0,-1.0,-1.0,1.0,0.0,241,221,241,255,221,255,0.0,0.0,0.0,0.0,0.0,0.0,3.0,-3.0,-1.0,ROCK,221,1434,0.0,0.0,CYCLE_OK,0.16667,0.11502,0.0875,0.0,0.3333,0.3333,0.3333,interior
2026-09-05T13:06:32,255,0.0,-1.0,1.0,1.0,0.0,-1.0,-1.0,1.0,0.0,265,244,265,253,244,253,0.0,0.0,0.0,0.0,0.0,0.0,3.0,-3.0,-1.0,ROCK,244,1524,0.0,0.0,CYCLE_OK,0.19167,0.12542,0.1125,0.0,0.3333,0.3333,0.3333,interior
2026-09-05T13:06:45,256,0.0,-1.0,1.0,1.0,0.0,-1.0,-1.0,1.0,0.0,264,222,264,255,222,255,0.0,0.0,0.0,0.0,0.0,0.0,3.0,-3.0,-1.0,ROCK,222,1482,0.0,0.0,CYCLE_OK,0.19167,0.13268,0.1,0.0,0.3333,0.3333,0.3333,interior
2026-09-05T13:06:56,257,0.0,-1.0,1.0,1.0,0.0,-1.0,-1.0,1.0,0.0,271,203,271,231,203,231,0.0,0.0,0.0,0.0,0.0,0.0,3.0,-3.0,-1.0,ROCK,203,1410,0.0,0.0,CYCLE_OK,0.19167,0.12542,0.1125,0.0,0.3333,0.3333,0.3333,interior
2026-09-05T13:07:04,258,0.0,-1.0,1.0,1.0,0.0,-1.0,-1.0,1.0,0.0,250,227,250,251,227,251,0.0,0.0,0.0,0.0,0.0,0.0,3.0,-3.0,-1.0,ROCK,227,1456,0.0,0.0,CYCLE_OK,0.16667,0.10801,0.1,0.0,0.3333,0.3333,0.3333,interior
2026-09-05T13:07:11,259,0.0,-1.0,1.0,1.0,0.0,-1.0,-1.0,1.0,0.0,264,215,264,276,215,276,0.0,0.0,0.0,0.0,0.0,0.0,3.0,-3.0,-1.0,ROCK,215,1510,0.0,0.0,CYCLE_OK,0.16667,0.11502,0.0875,0.0,0.3333,0.3333,0.3333,interior
2026-09-05T13:07:19,260,0.0,-1.0,1.0,1.0,0.0,-1.0,-1.0,1.0,0.0,240,218,240,250,218,250,0.0,0.0,0.0,0.0,0.0,0.0,3.0,-3.0,-1.0,ROCK,218,1416,0.0,0.0,CYCLE_OK,0.14167,0.09736,0.075,0.0,0.3333,0.3333,0.3333,interior
2026-09-05T13:07:30,261,0.0,-1.0,1.0,1.0,0.0,-1.0,-1.0,1.0,0.0,258,211,258,269,211,269,0.0,0.0,0.0,0.0,0.0,0.0,3.0,-3.0,-1.0,ROCK,211,1476,0.0,0.0,CYCLE_OK,0.15833,0.10656,0.0875,0.0,0.3333,0.3333,0.3333,interior
2026-09-05T13:07:37,262,0.0,-1.0,1.0,1.0,0.0,-1.0,-1.0,1.0,0.0,259,211,259,241,211,241,0.0,0.0,0.0,0.0,0.0,0.0,3.0,-3.0,-1.0,ROCK,211,1422,0.0,0.0,CYCLE_OK,0.16667,0.11502,0.0875,0.0,0.3333,0.3333,0.3333,interior
2026-09-05T13:07:50,263,0.0,-1.0,1.0,1.0,0.0,-1.0,-1.0,1.0,0.0,270,278,270,307,278,307,0.0,0.0,0.0,0.0,0.0,0.0,3.0,-3.0,-1.0,ROCK,270,1710,0.0,0.0,CYCLE_OK,0.15833,0.10656,0.0875,0.0,0.3333,0.3333,0.3333,interior
2026-09-05T13:08:02,264,0.0,-1.0,1.0,1.0,0.0,-1.0,-1.0,1.0,0.0,258,291,258,298,291,298,0.0,0.0,0.0,0.0,0.0,0.0,3.0,-3.0,-1.0,ROCK,258,1694,0.0,0.0,CYCLE_OK,0.15833,0.10656,0.0875,0.0,0.3333,0.3333,0.3333,interior
2026-09-05T13:08:12,265,0.0,-1.0,1.0,1.0,0.0,-1.0,-1.0,1.0,0.0,259,277,259,254,277,254,0.0,0.0,0.0,0.0,0.0,0.0,3.0,-3.0,-1.0,ROCK,254,1580,0.0,0.0,CYCLE_OK,0.14167,0.09736,0.075,0.0,0.3333,0.3333,0.3333,interior
2026-09-05T13:08:29,266,0.0,-1.0,1.0,1.0,0.0,-1.0,-1.0,1.0,0.0,242,245,242,272,245,272,0.0,0.0,0.0,0.0,0.0,0.0,3.0,-3.0,-1.0,ROCK,242,1518,0.0,0.0,CYCLE_OK,0.14167,0.09736,0.075,0.0,0.3333,0.3333,0.3333,interior
2026-09-05T13:08:39,267,0.0,-1.0,1.0,1.0,0.0,-1.0,-1.0,1.0,0.0,229,227,229,246,227,246,0.0,0.0,0.0,0.0,0.0,0.0,3.0,-3.0,-1.0,ROCK,227,1404,0.0,0.0,CYCLE_OK,0.14167,0.09736,0.075,0.0,0.3333,0.3333,0.3333,interior
2026-09-05T13:08:48,268,0.0,-1.0,1.0,1.0,0.0,-1.0,-1.0,1.0,0.0,259,252,259,281,252,281,0.0,0.0,0.0,0.0,0.0,0.0,3.0,-3.0,-1.0,ROCK,252,1584,0.0,0.0,CYCLE_OK,0.14167,0.09736,0.075,0.0,0.3333,0.3333,0.3333,interior
2026-09-05T13:08:55,269,0.0,-1.0,1.0,1.0,0.0,-1.0,-1.0,1.0,0.0,240,234,240,234,234,234,0.0,0.0,0.0,0.0,0.0,0.0,3.0,-3.0,-1.0,ROCK,234,1416,0.0,0.0,CYCLE_OK,0.14167,0.09071,0.0875,0.0,0.3333,0.3333,0.3333,interior
2026-09-05T13:09:02,270,0.0,-1.0,1.0,1.0,0.0,-1.0,-1.0,1.0,0.0,219,250,219,254,250,254,0.0,0.0,0.0,0.0,0.0,0.0,3.0,-3.0,-1.0,ROCK,219,1446,0.0,0.0,CYCLE_OK,0.14167,0.09071,0.0875,0.0,0.3333,0.3333,0.3333,interior
2026-09-05T13:09:12,271,0.0,-1.0,1.0,1.0,0.0,-1.0,-1.0,1.0,0.0,225,227,225,263,227,263,0.0,0.0,0.0,0.0,0.0,0.0,3.0,-3.0,-1.0,ROCK,225,1430,0.0,0.0,CYCLE_OK,0.16667,0.10801,0.1,0.0,0.3333,0.3333,0.3333,interior
2026-09-05T13:09:23,272,0.0,-1.0,1.0,1.0,0.0,-1.0,-1.0,1.0,0.0,245,253,245,268,253,268,0.0,0.0,0.0,0.0,0.0,0.0,3.0,-3.0,-1.0,ROCK,245,1532,0.0,0.0,CYCLE_OK,0.14167,0.09071,0.0875,0.0,0.3333,0.3333,0.3333,interior
2026-09-05T13:09:33,273,0.0,-1.0,1.0,1.0,0.0,-1.0,-1.0,1.0,0.0,237,262,237,276,262,276,0.0,0.0,0.0,0.0,0.0,0.0,3.0,-3.0,-1.0,ROCK,237,1550,0.0,0.0,CYCLE_OK,0.14167,0.09071,0.0875,0.0,0.3333,0.3333,0.3333,interior
2026-09-05T13:09:41,274,0.0,-1.0,1.0,1.0,0.0,-1.0,-1.0,1.0,0.0,222,252,222,257,252,257,0.0,0.0,0.0,0.0,0.0,0.0,3.0,-3.0,-1.0,ROCK,222,1462,0.0,0.0,CYCLE_OK,0.11667,0.0736,0.075,0.0,0.3333,0.3333,0.3333,interior
2026-09-05T13:09:52,275,0.0,-1.0,1.0,1.0,0.0,-1.0,-1.0,1.0,0.0,224,263,224,263,263,263,0.0,0.0,0.0,0.0,0.0,0.0,3.0,-3.0,-1.0,ROCK,224,1500,0.0,0.0,CYCLE_OK,0.09167,0.05683,0.0625,0.0,0.3333,0.3333,0.3333,interior
2026-09-05T13:10:04,276,0.0,-1.0,1.0,1.0,0.0,-1.0,-1.0,1.0,0.0,214,232,214,271,232,271,0.0,0.0,0.0,0.0,0.0,0.0,3.0,-3.0,-1.0,ROCK,214,1434,0.0,0.0,CYCLE_OK,0.09167,0.06208,0.05,0.0,0.3333,0.3333,0.3333,interior
2026-09-05T13:10:13,277,0.0,-1.0,1.0,1.0,0.0,-1.0,-1.0,1.0,0.0,232,247,232,269,247,269,0.0,0.0,0.0,0.0,0.0,0.0,3.0,-3.0,-1.0,ROCK,232,1496,0.0,0.0,CYCLE_OK,0.09167,0.06208,0.05,0.0,0.3333,0.3333,0.3333,interior
2026-09-05T13:10:23,278,0.0,-1.0,1.0,1.0,0.0,-1.0,-1.0,1.0,0.0,243,264,243,253,264,253,0.0,0.0,0.0,0.0,0.0,0.0,3.0,-3.0,-1.0,ROCK,243,1520,0.0,0.0,CYCLE_OK,0.09167,0.06208,0.05,0.0,0.3333,0.3333,0.3333,interior
2026-09-05T13:10:35,279,0.0,-1.0,1.0,1.0,0.0,-1.0,-1.0,1.0,0.0,238,301,238,270,301,270,0.0,0.0,0.0,0.0,0.0,0.0,3.0,-3.0,-1.0,ROCK,238,1618,0.0,0.0,CYCLE_OK,0.06667,0.04449,0.0375,0.0,0.3333,0.3333,0.3333,interior
2026-09-05T13:10:45,280,0.0,-1.0,1.0,1.0,0.0,-1.0,-1.0,1.0,0.0,232,320,232,267,320,267,0.0,0.0,0.0,0.0,0.0,0.0,3.0,-3.0,-1.0,ROCK,232,1638,0.0,0.0,CYCLE_OK,0.04167,0.027,0.025,0.0,0.3333,0.3333,0.3333,interior
2026-09-05T13:10:57,281,0.0,-1.0,1.0,1.0,0.0,-1.0,-1.0,1.0,0.0,207,290,207,235,290,235,0.0,0.0,0.0,0.0,0.0,0.0,3.0,-3.0,-1.0,ROCK,207,1464,0.0,0.0,CYCLE_OK,0.03333,0.02041,0.025,0.0,0.3333,0.3333,0.3333,interior
2026-09-05T13:11:05,282,0.0,-1.0,1.0,1.0,0.0,-1.0,-1.0,1.0,0.0,245,280,245,273,280,273,0.0,0.0,0.0,0.0,0.0,0.0,3.0,-3.0,-1.0,ROCK,245,1596,0.0,0.0,CYCLE_OK,0.05833,0.0368,0.0375,0.0,0.3333,0.3333,0.3333,interior
2026-09-05T13:11:23,283,0.0,-1.0,1.0,1.0,0.0,-1.0,-1.0,1.0,0.0,262,273,262,285,273,285,0.0,0.0,0.0,0.0,0.0,0.0,3.0,-3.0,-1.0,ROCK,262,1640,0.0,0.0,CYCLE_OK,0.08333,0.05103,0.0625,0.0,0.3333,0.3333,0.3333,interior
2026-09-05T13:11:31,284,0.0,-1.0,1.0,1.0,0.0,-1.0,-1.0,1.0,0.0,226,291,226,284,291,284,0.0,0.0,0.0,0.0,0.0,0.0,3.0,-3.0,-1.0,ROCK,226,1602,0.0,0.0,CYCLE_OK,0.08333,0.05401,0.075,0.0,0.3333,0.3333,0.3333,interior
2026-09-05T13:11:40,285,0.0,-1.0,1.0,1.0,0.0,-1.0,-1.0,1.0,0.0,221,263,221,257,263,257,0.0,0.0,0.0,0.0,0.0,0.0,3.0,-3.0,-1.0,ROCK,221,1482,0.0,0.0,CYCLE_OK,0.08333,0.05103,0.0625,0.0,0.3333,0.3333,0.3333,interior
2026-09-06T17:24:56,1,0.0,-1.0,1.0,1.0,0.0,-1.0,-1.0,1.0,0.0,196,243,196,242,243,242,0.0,0.0,0.0,0.0,0.0,0.0,3.0,-3.0,-1.0,ROCK,196,1362,0.0,0.0,CYCLE_OK,0.08333,0.05103,0.0625,0.0,0.3333,0.3333,0.3333,interior
2026-09-06T17:26:00,2,0.0,-1.0,1.0,1.0,0.0,-1.0,-1.0,1.0,0.0,216,240,216,217,240,217,0.0,0.0,0.0,0.0,0.0,0.0,3.0,-3.0,-1.0,ROCK,216,1346,0.0,0.0,CYCLE_OK,0.08333,0.05401,0.05,0.0,0.3333,0.3333,0.3333,interior
2026-09-06T17:26:51,3,0.0,-1.0,1.0,1.0,0.0,-1.0,-1.0,1.0,0.0,211,241,211,211,241,211,0.0,0.0,0.0,0.0,0.0,0.0,3.0,-3.0,-1.0,ROCK,211,1326,0.0,0.0,CYCLE_OK,0.08333,0.05103,0.0625,0.0,0.3333,0.3333,0.3333,interior
2026-09-06T17:28:35,4,0.0,-1.0,1.0,1.0,0.0,-1.0,-1.0,1.0,0.0,210,243,210,199,243,199,0.0,0.0,0.0,0.0,0.0,0.0,3.0,-3.0,-1.0,ROCK,199,1304,0.0,0.0,CYCLE_OK,0.05833,0.0368,0.05,0.0,0.3333,0.3333,0.3333,interior
2026-09-06T17:29:21,5,0.0,-1.0,1.0,1.0,0.0,-1.0,-1.0,1.0,0.0,211,245,211,195,245,195,0.0,0.0,0.0,0.0,0.0,0.0,3.0,-3.0,-1.0,ROCK,195,1302,0.0,0.0,CYCLE_OK,0.05833,0.0368,0.05,0.0,0.3333,0.3333,0.3333,interior
2026-09-06T17:30:29,6,0.0,-1.0,1.0,1.0,0.0,-1.0,-1.0,1.0,0.0,201,232,201,218,232,218,0.0,0.0,0.0,0.0,0.0,0.0,3.0,-3.0,-1.0,ROCK,201,1302,0.0,0.0,CYCLE_OK,0.08333,0.05401,0.075,0.0,0.3333,0.3333,0.3333,interior
2026-09-06T17:31:10,7,0.0,-1.0,1.0,1.0,0.0,-1.0,-1.0,1.0,0.0,193,235,193,224,235,224,0.0,0.0,0.0,0.0,0.0,0.0,3.0,-3.0,-1.0,ROCK,193,1304,0.0,0.0,CYCLE_OK,0.06667,0.04449,0.0625,0.0,0.3333,0.3333,0.3333,interior
2026-09-06T17:31:44,8,0.0,-1.0,1.0,1.0,0.0,-1.0,-1.0,1.0,0.0,180,262,180,210,262,210,0.0,0.0,0.0,0.0,0.0,0.0,3.0,-3.0,-1.0,ROCK,180,1304,0.0,0.0,CYCLE_OK,0.06667,0.04082,0.05,0.0,0.3333,0.3333,0.3333,interior
2026-09-06T17:32:21,9,0.0,-1.0,1.0,1.0,0.0,-1.0,-1.0,1.0,0.0,189,252,189,213,252,213,0.0,0.0,0.0,0.0,0.0,0.0,3.0,-3.0,-1.0,ROCK,189,1308,0.0,0.0,CYCLE_OK,0.06667,0.04449,0.0375,0.0,0.3333,0.3333,0.3333,interior
2026-09-06T17:32:58,10,0.0,-1.0,1.0,1.0,0.0,-1.0,-1.0,1.0,0.0,185,248,185,221,248,221,0.0,0.0,0.0,0.0,0.0,0.0,3.0,-3.0,-1.0,ROCK,185,1308,0.0,0.0,CYCLE_OK,0.08333,0.05401,0.05,0.0,0.3333,0.3333,0.3333,interior
2026-09-06T17:34:28,11,0.0,-1.0,1.0,1.0,0.0,-1.0,-1.0,1.0,0.0,184,229,184,239,229,239,0.0,0.0,0.0,0.0,0.0,0.0,3.0,-3.0,-1.0,ROCK,184,1304,0.0,0.0,CYCLE_OK,0.09167,0.06208,0.05,0.0,0.3333,0.3333,0.3333,interior
2026-09-06T17:35:36,12,0.0,-1.0,1.0,1.0,0.0,-1.0,-1.0,1.0,0.0,214,182,214,257,182,257,0.0,0.0,0.0,0.0,0.0,0.0,3.0,-3.0,-1.0,ROCK,182,1306,0.0,0.0,CYCLE_OK,0.09167,0.06208,0.05,0.0,0.3333,0.3333,0.3333,interior
2026-09-06T17:36:24,13,0.0,-1.0,1.0,1.0,0.0,-1.0,-1.0,1.0,0.0,192,201,192,260,201,260,0.0,0.0,0.0,0.0,0.0,0.0,3.0,-3.0,-1.0,ROCK,192,1306,0.0,0.0,CYCLE_OK,0.11667,0.07971,0.0625,0.0,0.3333,0.3333,0.3333,interior
2026-09-06T17:37:32,14,0.0,-1.0,1.0,1.0,0.0,-1.0,-1.0,1.0,0.0,205,196,205,255,196,255,0.0,0.0,0.0,0.0,0.0,0.0,3.0,-3.0,-1.0,ROCK,196,1312,0.0,0.0,CYCLE_OK,0.11667,0.0736,0.075,0.0,0.3333,0.3333,0.3333,interior
2026-09-06T17:39:16,15,0.0,-1.0,1.0,1.0,0.0,-1.0,-1.0,1.0,0.0,219,227,219,208,227,208,0.0,0.0,0.0,0.0,0.0,0.0,3.0,-3.0,-1.0,ROCK,208,1308,0.0,0.0,CYCLE_OK,0.09167,0.06208,0.05,0.0,0.3333,0.3333,0.3333,interior
2026-09-06T17:40:55,16,0.0,-1.0,1.0,1.0,0.0,-1.0,-1.0,1.0,0.0,232,207,232,216,207,216,0.0,0.0,0.0,0.0,0.0,0.0,3.0,-3.0,-1.0,ROCK,207,1310,0.0,0.0,CYCLE_OK,0.11667,0.0736,0.075,0.0,0.3333,0.3333,0.3333,interior
2026-09-06T17:42:05,17,0.0,-1.0,1.0,1.0,0.0,-1.0,-1.0,1.0,0.0,230,219,230,210,219,210,0.0,0.0,0.0,0.0,0.0,0.0,3.0,-3.0,-1.0,ROCK,210,1318,0.0,0.0,CYCLE_OK,0.11667,0.0736,0.075,0.0,0.3333,0.3333,0.3333,interior
2026-09-06T17:43:28,18,0.0,-1.0,1.0,1.0,0.0,-1.0,-1.0,1.0,0.0,214,219,214,225,219,225,0.0,0.0,0.0,0.0,0.0,0.0,3.0,-3.0,-1.0,ROCK,214,1316,0.0,0.0,CYCLE_OK,0.09167,0.06208,0.05,0.0,0.3333,0.3333,0.3333,interior
2026-09-06T17:44:13,19,0.0,-1.0,1.0,1.0,0.0,-1.0,-1.0,1.0,0.0,230,233,230,196,233,196,0.0,0.0,0.0,0.0,0.0,0.0,3.0,-3.0,-1.0,ROCK,196,1318,0.0,0.0,CYCLE_OK,0.08333,0.05401,0.05,0.0,0.3333,0.3333,0.3333,interior
2026-09-06T17:45:09,20,0.0,-1.0,1.0,1.0,0.0,-1.0,-1.0,1.0,0.0,237,232,237,191,232,191,0.0,0.0,0.0,0.0,0.0,0.0,3.0,-3.0,-1.0,ROCK,191,1320,0.0,0.0,CYCLE_OK,0.08333,0.05401,0.05,0.0,0.3333,0.3333,0.3333,interior
2026-09-06T17:46:00,21,0.0,-1.0,1.0,1.0,0.0,-1.0,-1.0,1.0,0.0,251,207,251,202,207,202,0.0,0.0,0.0,0.0,0.0,0.0,3.0,-3.0,-1.0,ROCK,202,1320,0.0,0.0,CYCLE_OK,0.06667,0.04449,0.0375,0.0,0.3333,0.3333,0.3333,interior
2026-09-06T17:46:43,22,0.0,-1.0,1.0,1.0,0.0,-1.0,-1.0,1.0,0.0,251,206,251,205,206,205,0.0,0.0,0.0,0.0,0.0,0.0,3.0,-3.0,-1.0,ROCK,205,1324,0.0,0.0,CYCLE_OK,0.06667,0.04082,0.05,0.0,0.3333,0.3333,0.3333,interior
2026-09-06T17:47:28,23,0.0,-1.0,1.0,1.0,0.0,-1.0,-1.0,1.0,0.0,233,212,233,218,212,218,0.0,0.0,0.0,0.0,0.0,0.0,3.0,-3.0,-1.0,ROCK,212,1326,0.0,0.0,CYCLE_OK,0.06667,0.04082,0.05,0.0,0.3333,0.3333,0.3333,interior
2026-09-06T17:48:11,24,0.0,-1.0,1.0,1.0,0.0,-1.0,-1.0,1.0,0.0,250,200,250,215,200,215,0.0,0.0,0.0,0.0,0.0,0.0,3.0,-3.0,-1.0,ROCK,200,1330,0.0,0.0,CYCLE_OK,0.09167,0.05683,0.075,0.0,0.3333,0.3333,0.3333,interior
2026-09-06T17:49:32,25,0.0,-1.0,1.0,1.0,0.0,-1.0,-1.0,1.0,0.0,213,209,213,242,209,242,0.0,0.0,0.0,0.0,0.0,0.0,3.0,-3.0,-1.0,ROCK,209,1328,0.0,0.0,CYCLE_OK,0.09167,0.05683,0.075,0.0,0.3333,0.3333,0.3333,interior
2026-09-06T17:50:20,26,0.0,-1.0,1.0,1.0,0.0,-1.0,-1.0,1.0,0.0,181,226,181,256,226,256,0.0,0.0,0.0,0.0,0.0,0.0,3.0,-3.0,-1.0,ROCK,181,1326,0.0,0.0,CYCLE_OK,0.09167,0.05683,0.0625,0.0,0.3333,0.3333,0.3333,interior
2026-09-06T17:51:54,27,0.0,-1.0,1.0,1.0,0.0,-1.0,-1.0,1.0,0.0,176,233,176,254,233,254,0.0,0.0,0.0,0.0,0.0,0.0,3.0,-3.0,-1.0,ROCK,176,1326,0.0,0.0,CYCLE_OK,0.09167,0.05683,0.075,0.0,0.3333,0.3333,0.3333,interior
2026-09-06T17:52:32,28,0.0,-1.0,1.0,1.0,0.0,-1.0,-1.0,1.0,0.0,178,244,178,242,244,242,0.0,0.0,0.0,0.0,0.0,0.0,3.0,-3.0,-1.0,ROCK,178,1328,0.0,0.0,CYCLE_OK,0.11667,0.07144,0.0875,0.0,0.3333,0.3333,0.3333,interior
2026-09-06T17:53:23,29,0.0,-1.0,1.0,1.0,0.0,-1.0,-1.0,1.0,0.0,172,244,172,247,244,247,0.0,0.0,0.0,0.0,0.0,0.0,3.0,-3.0,-1.0,ROCK,172,1326,0.0,0.0,CYCLE_OK,0.11667,0.07144,0.0875,0.0,0.3333,0.3333,0.3333,interior
2026-09-06T17:54:24,30,0.0,-1.0,1.0,1.0,0.0,-1.0,-1.0,1.0,0.0,184,244,184,234,244,234,0.0,0.0,0.0,0.0,0.0,0.0,3.0,-3.0,-1.0,ROCK,184,1324,0.0,0.0,CYCLE_OK,0.14167,0.0872,0.1,0.0,0.3333,0.3333,0.3333,interior
2026-09-06T17:55:13,31,0.0,-1.0,1.0,1.0,0.0,-1.0,-1.0,1.0,0.0,159,260,159,243,260,243,0.0,0.0,0.0,0.0,0.0,0.0,3.0,-3.0,-1.0,ROCK,159,1324,0.0,0.0,CYCLE_OK,0.14167,0.09071,0.0875,0.0,0.3333,0.3333,0.3333,interior
2026-09-06T17:56:07,32,0.0,-1.0,1.0,1.0,0.0,-1.0,-1.0,1.0,0.0,163,270,163,230,270,230,0.0,0.0,0.0,0.0,0.0,0.0,3.0,-3.0,-1.0,ROCK,163,1326,0.0,0.0,CYCLE_OK,0.16667,0.10358,0.1125,0.0,0.3333,0.3333,0.3333,interior
2026-09-06T17:56:56,33,0.0,-1.0,1.0,1.0,0.0,-1.0,-1.0,1.0,0.0,175,253,175,235,253,235,0.0,0.0,0.0,0.0,0.0,0.0,3.0,-3.0,-1.0,ROCK,175,1326,0.0,0.0,CYCLE_OK,0.16667,0.10358,0.1125,0.0,0.3333,0.3333,0.3333,interior
2026-09-06T17:57:37,34,0.0,-1.0,1.0,1.0,0.0,-1.0,-1.0,1.0,0.0,190,237,190,237,237,237,0.0,0.0,0.0,0.0,0.0,0.0,3.0,-3.0,-1.0,ROCK,190,1328,0.0,0.0,CYCLE_OK,0.14167,0.09071,0.0875,0.0,0.3333,0.3333,0.3333,interior
2026-09-06T17:59:01,35,0.0,-1.0,1.0,1.0,0.0,-1.0,-1.0,1.0,0.0,185,244,185,237,244,237,0.0,0.0,0.0,0.0,0.0,0.0,3.0,-3.0,-1.0,ROCK,185,1332,0.0,0.0,CYCLE_OK,0.14167,0.09736,0.075,0.0,0.3333,0.3333,0.3333,interior
2026-09-06T18:00:20,36,0.0,-1.0,1.0,1.0,0.0,-1.0,-1.0,1.0,0.0,210,216,210,240,216,240,0.0,0.0,0.0,0.0,0.0,0.0,3.0,-3.0,-1.0,ROCK,210,1332,0.0,0.0,CYCLE_OK,0.16667,0.10801,0.1,0.0,0.3333,0.3333,0.3333,interior
2026-09-06T18:01:21,37,0.0,-1.0,1.0,1.0,0.0,-1.0,-1.0,1.0,0.0,215,202,215,249,202,249,0.0,0.0,0.0,0.0,0.0,0.0,3.0,-3.0,-1.0,ROCK,202,1332,0.0,0.0,CYCLE_OK,0.19167,0.12033,0.125,0.0,0.3333,0.3333,0.3333,interior
2026-09-06T18:02:19,38,0.0,-1.0,1.0,1.0,0.0,-1.0,-1.0,1.0,0.0,205,211,205,251,211,251,0.0,0.0,0.0,0.0,0.0,0.0,3.0,-3.0,-1.0,ROCK,205,1334,0.0,0.0,CYCLE_OK,0.21667,0.13385,0.15,0.0,0.3333,0.3333,0.3333,interior
2026-09-06T18:03:04,39,0.0,-1.0,1.0,1.0,0.0,-1.0,-1.0,1.0,0.0,180,239,180,247,239,247,0.0,0.0,0.0,0.0,0.0,0.0,3.0,-3.0,-1.0,ROCK,180,1332,0.0,0.0,CYCLE_OK,0.21667,0.13731,0.1375,0.0,0.3333,0.3333,0.3333,interior
2026-09-06T18:04:13,40,0.0,-1.0,1.0,1.0,0.0,-1.0,-1.0,1.0,0.0,183,220,183,261,220,261,0.0,0.0,0.0,0.0,0.0,0.0,3.0,-3.0,-1.0,ROCK,183,1328,0.0,0.0,CYCLE_OK,0.21667,0.13731,0.1375,0.0,0.3333,0.3333,0.3333,interior
2026-09-06T18:05:34,41,0.0,-1.0,1.0,1.0,0.0,-1.0,-1.0,1.0,0.0,166,241,166,255,241,255,0.0,0.0,0.0,0.0,0.0,0.0,3.0,-3.0,-1.0,ROCK,166,1324,0.0,0.0,CYCLE_OK,0.21667,0.14289,0.125,0.0,0.3333,0.3333,0.3333,interior
2026-09-06T18:06:19,42,0.0,-1.0,1.0,1.0,0.0,-1.0,-1.0,1.0,0.0,197,280,197,186,280,186,0.0,0.0,0.0,0.0,0.0,0.0,3.0,-3.0,-1.0,ROCK,186,1326,0.0,0.0,CYCLE_OK,0.19167,0.12542,0.1125,0.0,0.3333,0.3333,0.3333,interior
2026-09-06T18:07:39,43,0.0,-1.0,1.0,1.0,0.0,-1.0,-1.0,1.0,0.0,196,266,196,202,266,202,0.0,0.0,0.0,0.0,0.0,0.0,3.0,-3.0,-1.0,ROCK,196,1328,0.0,0.0,CYCLE_OK,0.19167,0.12542,0.1125,0.0,0.3333,0.3333,0.3333,interior
2026-09-06T18:09:31,44,0.0,-1.0,1.0,1.0,0.0,-1.0,-1.0,1.0,0.0,215,236,215,216,236,216,0.0,0.0,0.0,0.0,0.0,0.0,3.0,-3.0,-1.0,ROCK,215,1334,0.0,0.0,CYCLE_OK,0.21667,0.13731,0.1375,0.0,0.3333,0.3333,0.3333,interior
2026-09-06T18:12:56,45,0.0,-1.0,1.0,1.0,0.0,-1.0,-1.0,1.0,0.0,215,210,215,239,210,239,0.0,0.0,0.0,0.0,0.0,0.0,3.0,-3.0,-1.0,ROCK,210,1328,0.0,0.0,CYCLE_OK,0.21667,0.14289,0.125,0.0,0.3333,0.3333,0.3333,interior
2026-09-06T18:14:07,46,0.0,-1.0,1.0,1.0,0.0,-1.0,-1.0,1.0,0.0,189,219,189,255,219,255,0.0,0.0,0.0,0.0,0.0,0.0,3.0,-3.0,-1.0,ROCK,189,1326,0.0,0.0,CYCLE_OK,0.21667,0.14289,0.125,0.0,0.3333,0.3333,0.3333,interior
2026-09-06T18:15:37,47,0.0,-1.0,1.0,1.0,0.0,-1.0,-1.0,1.0,0.0,189,250,189,223,250,223,0.0,0.0,0.0,0.0,0.0,0.0,3.0,-3.0,-1.0,ROCK,189,1324,0.0,0.0,CYCLE_OK,0.24167,0.1604,0.1375,0.0,0.3333,0.3333,0.3333,interior
2026-09-06T18:16:53,48,0.0,-1.0,1.0,1.0,0.0,-1.0,-1.0,1.0,0.0,193,221,193,249,221,249,0.0,0.0,0.0,0.0,0.0,0.0,3.0,-3.0,-1.0,ROCK,193,1326,0.0,0.0,CYCLE_OK,0.26667,0.17169,0.1625,0.0,0.3333,0.3333,0.3333,interior
2026-09-06T18:18:38,49,0.0,-1.0,1.0,1.0,0.0,-1.0,-1.0,1.0,0.0,187,217,187,260,217,260,0.0,0.0,0.0,0.0,0.0,0.0,3.0,-3.0,-1.0,ROCK,187,1328,0.0,0.0,CYCLE_OK,0.26667,0.17169,0.1625,0.0,0.3333,0.3333,0.3333,interior
2026-09-06T18:20:38,50,0.0,-1.0,1.0,1.0,0.0,-1.0,-1.0,1.0,0.0,212,199,212,253,199,253,0.0,0.0,0.0,0.0,0.0,0.0,3.0,-3.0,-1.0,ROCK,199,1328,0.0,0.0,CYCLE_OK,0.24167,0.1604,0.1375,0.0,0.3333,0.3333,0.3333,interior
2026-09-06T18:22:11,51,0.0,-1.0,1.0,1.0,0.0,-1.0,-1.0,1.0,0.0,218,195,218,251,195,251,0.0,0.0,0.0,0.0,0.0,0.0,3.0,-3.0,-1.0,ROCK,195,1328,0.0,0.0,CYCLE_OK,0.26667,0.17169,0.1625,0.0,0.3333,0.3333,0.3333,interior
2026-09-06T18:23:24,52,0.0,-1.0,1.0,1.0,0.0,-1.0,-1.0,1.0,0.0,225,182,225,258,182,258,0.0,0.0,0.0,0.0,0.0,0.0,3.0,-3.0,-1.0,ROCK,182,1330,0.0,0.0,CYCLE_OK,0.26667,0.17169,0.1625,0.0,0.3333,0.3333,0.3333,interior
2026-09-06T18:25:02,53,0.0,-1.0,1.0,1.0,0.0,-1.0,-1.0,1.0,0.0,226,178,226,262,178,262,0.0,0.0,0.0,0.0,0.0,0.0,3.0,-3.0,-1.0,ROCK,178,1332,0.0,0.0,CYCLE_OK,0.26667,0.17169,0.1625,0.0,0.3333,0.3333,0.3333,interior
2026-09-06T18:26:04,54,0.0,-1.0,1.0,1.0,0.0,-1.0,-1.0,1.0,0.0,215,215,215,236,215,236,0.0,0.0,0.0,0.0,0.0,0.0,3.0,-3.0,-1.0,ROCK,215,1332,0.0,0.0,CYCLE_OK,0.26667,0.17169,0.1625,0.0,0.3333,0.3333,0.3333,interior
2026-09-06T18:28:13,55,0.0,-1.0,1.0,1.0,0.0,-1.0,-1.0,1.0,0.0,202,236,202,226,236,226,0.0,0.0,0.0,0.0,0.0,0.0,3.0,-3.0,-1.0,ROCK,202,1328,0.0,0.0,CYCLE_OK,0.26667,0.17795,0.15,0.0,0.3333,0.3333,0.3333,interior
2026-09-06T18:29:42,56,0.0,-1.0,1.0,1.0,0.0,-1.0,-1.0,1.0,0.0,198,237,198,229,237,229,0.0,0.0,0.0,0.0,0.0,0.0,3.0,-3.0,-1.0,ROCK,198,1328,0.0,0.0,CYCLE_OK,0.26667,0.17169,0.1625,0.0,0.3333,0.3333,0.3333,interior
2026-09-06T18:31:36,57,0.0,-1.0,1.0,1.0,0.0,-1.0,-1.0,1.0,0.0,184,236,184,244,236,244,0.0,0.0,0.0,0.0,0.0,0.0,3.0,-3.0,-1.0,ROCK,184,1328,0.0,0.0,CYCLE_OK,0.26667,0.17169,0.1625,0.0,0.3333,0.3333,0.3333,interior
2026-09-06T18:32:31,58,0.0,-1.0,1.0,1.0,0.0,-1.0,-1.0,1.0,0.0,224,221,224,220,221,220,0.0,0.0,0.0,0.0,0.0,0.0,3.0,-3.0,-1.0,ROCK,220,1330,0.0,0.0,CYCLE_OK,0.26667,0.17169,0.1625,0.0,0.3333,0.3333,0.3333,interior
2026-09-06T18:34:35,59,0.0,-1.0,1.0,1.0,0.0,-1.0,-1.0,1.0,0.0,244,217,244,207,217,207,0.0,0.0,0.0,0.0,0.0,0.0,3.0,-3.0,-1.0,ROCK,207,1336,0.0,0.0,CYCLE_OK,0.24167,0.15445,0.15,0.0,0.3333,0.3333,0.3333,interior
2026-09-06T18:37:31,60,0.0,-1.0,1.0,1.0,0.0,-1.0,-1.0,1.0,0.0,239,194,239,234,194,234,0.0,0.0,0.0,0.0,0.0,0.0,3.0,-3.0,-1.0,ROCK,194,1334,0.0,0.0,CYCLE_OK,0.24167,0.15035,0.1625,0.0,0.3333,0.3333,0.3333,interior
2026-09-06T18:39:53,61,0.0,-1.0,1.0,1.0,0.0,-1.0,-1.0,1.0,0.0,225,228,225,213,228,213,0.0,0.0,0.0,0.0,0.0,0.0,3.0,-3.0,-1.0,ROCK,213,1332,0.0,0.0,CYCLE_OK,0.26667,0.16708,0.175,0.0,0.3333,0.3333,0.3333,interior
2026-09-06T18:41:19,62,0.0,-1.0,1.0,1.0,0.0,-1.0,-1.0,1.0,0.0,188,251,188,225,251,225,0.0,0.0,0.0,0.0,0.0,0.0,3.0,-3.0,-1.0,ROCK,188,1328,0.0,0.0,CYCLE_OK,0.26667,0.17169,0.1625,0.0,0.3333,0.3333,0.3333,interior
2026-09-06T18:43:08,63,0.0,-1.0,1.0,1.0,0.0,-1.0,-1.0,1.0,0.0,181,270,181,212,270,212,0.0,0.0,0.0,0.0,0.0,0.0,3.0,-3.0,-1.0,ROCK,181,1326,0.0,0.0,CYCLE_OK,0.26667,0.17795,0.15,0.0,0.3333,0.3333,0.3333,interior
2026-09-06T18:45:34,64,0.0,-1.0,1.0,1.0,0.0,-1.0,-1.0,1.0,0.0,177,273,177,214,273,214,0.0,0.0,0.0,0.0,0.0,0.0,3.0,-3.0,-1.0,ROCK,177,1328,0.0,0.0,CYCLE_OK,0.26667,0.18569,0.1375,0.0,0.3333,0.3333,0.3333,interior
2026-09-06T18:46:31,65,0.0,-1.0,1.0,1.0,0.0,-1.0,-1.0,1.0,0.0,196,236,196,233,236,233,0.0,0.0,0.0,0.0,0.0,0.0,3.0,-3.0,-1.0,ROCK,196,1330,0.0,0.0,CYCLE_OK,0.29167,0.19552,0.1625,0.0,0.3333,0.3333,0.3333,interior
2026-09-06T18:47:30,66,0.0,-1.0,1.0,1.0,0.0,-1.0,-1.0,1.0,0.0,191,240,191,234,240,234,0.0,0.0,0.0,0.0,0.0,0.0,3.0,-3.0,-1.0,ROCK,191,1330,0.0,0.0,CYCLE_OK,0.29167,0.18902,0.175,0.0,0.3333,0.3333,0.3333,interior
2026-09-06T18:48:08,67,0.0,-1.0,1.0,1.0,0.0,-1.0,-1.0,1.0,0.0,191,237,191,237,237,237,0.0,0.0,0.0,0.0,0.0,0.0,3.0,-3.0,-1.0,ROCK,191,1330,0.0,0.0,CYCLE_OK,0.29167,0.19552,0.1625,0.0,0.3333,0.3333,0.3333,interior
2026-09-06T18:48:46,68,0.0,-1.0,1.0,1.0,0.0,-1.0,-1.0,1.0,0.0,176,249,176,240,249,240,0.0,0.0,0.0,0.0,0.0,0.0,3.0,-3.0,-1.0,ROCK,176,1330,0.0,0.0,CYCLE_OK,0.29167,0.19552,0.1625,0.0,0.3333,0.3333,0.3333,interior
2026-09-06T18:49:50,69,0.0,-1.0,1.0,1.0,0.0,-1.0,-1.0,1.0,0.0,173,259,173,233,259,233,0.0,0.0,0.0,0.0,0.0,0.0,3.0,-3.0,-1.0,ROCK,173,1330,0.0,0.0,CYCLE_OK,0.29167,0.19552,0.1625,0.0,0.3333,0.3333,0.3333,interior
2026-09-06T18:52:33,70,0.0,-1.0,1.0,1.0,0.0,-1.0,-1.0,1.0,0.0,202,258,202,203,258,203,0.0,0.0,0.0,0.0,0.0,0.0,3.0,-3.0,-1.0,ROCK,202,1326,0.0,0.0,CYCLE_OK,0.26667,0.17795,0.15,0.0,0.3333,0.3333,0.3333,interior
2026-09-06T18:55:20,71,0.0,-1.0,1.0,1.0,0.0,-1.0,-1.0,1.0,0.0,265,215,265,184,215,184,0.0,0.0,0.0,0.0,0.0,0.0,3.0,-3.0,-1.0,ROCK,184,1328,0.0,0.0,CYCLE_OK,0.24167,0.1604,0.1375,0.0,0.3333,0.3333,0.3333,interior
2026-09-06T18:56:19,72,0.0,-1.0,1.0,1.0,0.0,-1.0,-1.0,1.0,0.0,250,213,250,201,213,201,0.0,0.0,0.0,0.0,0.0,0.0,3.0,-3.0,-1.0,ROCK,201,1328,0.0,0.0,CYCLE_OK,0.24167,0.1604,0.1375,0.0,0.3333,0.3333,0.3333,interior
2026-09-06T18:59:38,73,0.0,-1.0,1.0,1.0,0.0,-1.0,-1.0,1.0,0.0,235,206,235,221,206,221,0.0,0.0,0.0,0.0,0.0,0.0,3.0,-3.0,-1.0,ROCK,206,1324,0.0,0.0,CYCLE_OK,0.26667,0.17169,0.1625,0.0,0.3333,0.3333,0.3333,interior
2026-09-06T19:01:23,74,0.0,-1.0,1.0,1.0,0.0,-1.0,-1.0,1.0,0.0,233,210,233,219,210,219,0.0,0.0,0.0,0.0,0.0,0.0,3.0,-3.0,-1.0,ROCK,210,1324,0.0,0.0,CYCLE_OK,0.29167,0.18902,0.175,0.0,0.3333,0.3333,0.3333,interior
2026-09-06T19:03:13,75,0.0,-1.0,1.0,1.0,0.0,-1.0,-1.0,1.0,0.0,233,207,233,223,207,223,0.0,0.0,0.0,0.0,0.0,0.0,3.0,-3.0,-1.0,ROCK,207,1326,0.0,0.0,CYCLE_OK,0.29167,0.18902,0.175,0.0,0.3333,0.3333,0.3333,interior
2026-09-06T19:08:02,76,0.0,-1.0,1.0,1.0,0.0,-1.0,-1.0,1.0,0.0,208,214,208,241,214,241,0.0,0.0,0.0,0.0,0.0,0.0,3.0,-3.0,-1.0,ROCK,208,1326,0.0,0.0,CYCLE_OK,0.29167,0.18902,0.175,0.0,0.3333,0.3333,0.3333,interior
2026-09-06T19:09:42,77,0.0,-1.0,1.0,1.0,0.0,-1.0,-1.0,1.0,0.0,193,234,193,236,234,236,0.0,0.0,0.0,0.0,0.0,0.0,3.0,-3.0,-1.0,ROCK,193,1326,0.0,0.0,CYCLE_OK,0.29167,0.18902,0.175,0.0,0.3333,0.3333,0.3333,interior
2026-09-06T19:15:12,78,0.0,-1.0,1.0,1.0,0.0,-1.0,-1.0,1.0,0.0,221,197,221,241,197,241,0.0,0.0,0.0,0.0,0.0,0.0,3.0,-3.0,-1.0,ROCK,197,1318,0.0,0.0,CYCLE_OK,0.29167,0.18902,0.175,0.0,0.3333,0.3333,0.3333,interior
2026-09-06T19:17:31,79,0.0,-1.0,1.0,1.0,0.0,-1.0,-1.0,1.0,0.0,213,196,213,250,196,250,0.0,0.0,0.0,0.0,0.0,0.0,3.0,-3.0,-1.0,ROCK,196,1318,0.0,0.0,CYCLE_OK,0.29167,0.18902,0.175,0.0,0.3333,0.3333,0.3333,interior
2026-09-06T19:19:27,80,0.0,-1.0,1.0,1.0,0.0,-1.0,-1.0,1.0,0.0,234,214,234,211,214,211,0.0,0.0,0.0,0.0,0.0,0.0,3.0,-3.0,-1.0,ROCK,211,1318,0.0,0.0,CYCLE_OK,0.26667,0.17169,0.1625,0.0,0.3333,0.3333,0.3333,interior
2026-09-06T19:20:48,81,0.0,-1.0,1.0,1.0,0.0,-1.0,-1.0,1.0,0.0,251,232,251,178,232,178,0.0,0.0,0.0,0.0,0.0,0.0,3.0,-3.0,-1.0,ROCK,178,1322,0.0,0.0,CYCLE_OK,0.26667,0.17169,0.1625,0.0,0.3333,0.3333,0.3333,interior
2026-09-06T19:21:24,82,0.0,-1.0,1.0,1.0,0.0,-1.0,-1.0,1.0,0.0,254,226,254,182,226,182,0.0,0.0,0.0,0.0,0.0,0.0,3.0,-3.0,-1.0,ROCK,182,1324,0.0,0.0,CYCLE_OK,0.29167,0.18902,0.175,0.0,0.3333,0.3333,0.3333,interior
2026-09-06T19:22:28,83,0.0,-1.0,1.0,1.0,0.0,-1.0,-1.0,1.0,0.0,241,234,241,188,234,188,0.0,0.0,0.0,0.0,0.0,0.0,3.0,-3.0,-1.0,ROCK,188,1326,0.0,0.0,CYCLE_OK,0.29167,0.18902,0.175,0.0,0.3333,0.3333,0.3333,interior
2026-09-06T19:23:37,84,0.0,-1.0,1.0,1.0,0.0,-1.0,-1.0,1.0,0.0,238,239,238,186,239,186,0.0,0.0,0.0,0.0,0.0,0.0,3.0,-3.0,-1.0,ROCK,186,1326,0.0,0.0,CYCLE_OK,0.29167,0.184,0.1875,0.0,0.3333,0.3333,0.3333,interior
2026-09-06T19:24:54,85,0.0,-1.0,1.0,1.0,0.0,-1.0,-1.0,1.0,0.0,205,250,205,208,250,208,0.0,0.0,0.0,0.0,0.0,0.0,3.0,-3.0,-1.0,ROCK,205,1326,0.0,0.0,CYCLE_OK,0.31667,0.20104,0.2,0.0,0.3333,0.3333,0.3333,interior
2026-09-06T19:25:37,86,0.0,-1.0,1.0,1.0,0.0,-1.0,-1.0,1.0,0.0,202,257,202,205,257,205,0.0,0.0,0.0,0.0,0.0,0.0,3.0,-3.0,-1.0,ROCK,202,1328,0.0,0.0,CYCLE_OK,0.31667,0.20641,0.1875,0.0,0.3333,0.3333,0.3333,interior
2026-09-06T19:26:26,87,0.0,-1.0,1.0,1.0,0.0,-1.0,-1.0,1.0,0.0,193,263,193,209,263,209,0.0,0.0,0.0,0.0,0.0,0.0,3.0,-3.0,-1.0,ROCK,193,1330,0.0,0.0,CYCLE_OK,0.31667,0.20641,0.1875,0.0,0.3333,0.3333,0.3333,interior
2026-09-06T19:28:31,88,0.0,-1.0,1.0,1.0,0.0,-1.0,-1.0,1.0,0.0,178,270,178,216,270,216,0.0,0.0,0.0,0.0,0.0,0.0,3.0,-3.0,-1.0,ROCK,178,1328,0.0,0.0,CYCLE_OK,0.31667,0.20641,0.1875,0.0,0.3333,0.3333,0.3333,interior
2026-09-06T19:29:13,89,0.0,-1.0,1.0,1.0,0.0,-1.0,-1.0,1.0,0.0,174,268,174,222,268,222,0.0,0.0,0.0,0.0,0.0,0.0,3.0,-3.0,-1.0,ROCK,174,1328,0.0,0.0,CYCLE_OK,0.31667,0.20641,0.1875,0.0,0.3333,0.3333,0.3333,interior
2026-09-06T19:30:03,90,0.0,-1.0,1.0,1.0,0.0,-1.0,-1.0,1.0,0.0,156,293,156,216,293,216,0.0,0.0,0.0,0.0,0.0,0.0,3.0,-3.0,-1.0,ROCK,156,1330,0.0,0.0,CYCLE_OK,0.31667,0.20641,0.1875,0.0,0.3333,0.3333,0.3333,interior
2026-09-06T19:31:49,91,0.0,-1.0,1.0,1.0,0.0,-1.0,-1.0,1.0,0.0,162,284,162,216,284,216,0.0,0.0,0.0,0.0,0.0,0.0,3.0,-3.0,-1.0,ROCK,162,1324,0.0,0.0,CYCLE_OK,0.31667,0.21311,0.175,0.0,0.3333,0.3333,0.3333,interior
2026-09-06T19:33:02,92,0.0,-1.0,1.0,1.0,0.0,-1.0,-1.0,1.0,0.0,179,254,179,228,254,228,0.0,0.0,0.0,0.0,0.0,0.0,3.0,-3.0,-1.0,ROCK,179,1322,0.0,0.0,CYCLE_OK,0.31667,0.21311,0.175,0.0,0.3333,0.3333,0.3333,interior
2026-09-06T19:37:30,93,0.0,-1.0,1.0,1.0,0.0,-1.0,-1.0,1.0,0.0,204,234,204,219,234,219,0.0,0.0,0.0,0.0,0.0,0.0,3.0,-3.0,-1.0,ROCK,204,1314,0.0,0.0,CYCLE_OK,0.31667,0.21311,0.175,0.0,0.3333,0.3333,0.3333,interior
2026-09-06T19:38:42,94,0.0,-1.0,1.0,1.0,0.0,-1.0,-1.0,1.0,0.0,198,229,198,231,229,231,0.0,0.0,0.0,0.0,0.0,0.0,3.0,-3.0,-1.0,ROCK,198,1316,0.0,0.0,CYCLE_OK,0.31667,0.21311,0.175,0.0,0.3333,0.3333,0.3333,interior
2026-09-06T19:39:23,95,0.0,-1.0,1.0,1.0,0.0,-1.0,-1.0,1.0,0.0,205,228,205,226,228,226,0.0,0.0,0.0,0.0,0.0,0.0,3.0,-3.0,-1.0,ROCK,205,1318,0.0,0.0,CYCLE_OK,0.34167,0.23071,0.1875,0.0,0.3333,0.3333,0.3333,interior
2026-09-06T19:40:36,96,0.0,-1.0,1.0,1.0,0.0,-1.0,-1.0,1.0,0.0,178,261,178,222,261,222,0.0,0.0,0.0,0.0,0.0,0.0,3.0,-3.0,-1.0,ROCK,178,1322,0.0,0.0,CYCLE_OK,0.34167,0.2387,0.175,0.0,0.3333,0.3333,0.3333,interior
2026-09-06T19:41:46,97,0.0,-1.0,1.0,1.0,0.0,-1.0,-1.0,1.0,0.0,173,267,173,223,267,223,0.0,0.0,0.0,0.0,0.0,0.0,3.0,-3.0,-1.0,ROCK,173,1326,0.0,0.0,CYCLE_OK,0.34167,0.2387,0.175,0.0,0.3333,0.3333,0.3333,interior
2026-09-06T19:43:05,98,0.0,-1.0,1.0,1.0,0.0,-1.0,-1.0,1.0,0.0,189,251,189,223,251,223,0.0,0.0,0.0,0.0,0.0,0.0,3.0,-3.0,-1.0,ROCK,189,1326,0.0,0.0,CYCLE_OK,0.34167,0.2387,0.175,0.0,0.3333,0.3333,0.3333,interior
2026-09-06T19:43:59,99,0.0,-1.0,1.0,1.0,0.0,-1.0,-1.0,1.0,0.0,194,232,194,237,232,237,0.0,0.0,0.0,0.0,0.0,0.0,3.0,-3.0,-1.0,ROCK,194,1326,0.0,0.0,CYCLE_OK,0.36667,0.24833,0.2,0.0,0.3333,0.3333,0.3333,interior
2026-09-06T19:44:42,100,0.0,-1.0,1.0,1.0,0.0,-1.0,-1.0,1.0,0.0,214,242,214,208,242,208,0.0,0.0,0.0,0.0,0.0,0.0,3.0,-3.0,-1.0,ROCK,208,1328,0.0,0.0,CYCLE_OK,0.36667,0.24833,0.2,0.0,0.3333,0.3333,0.3333,interior
2026-09-06T19:45:29,101,0.0,-1.0,1.0,1.0,0.0,-1.0,-1.0,1.0,0.0,213,237,213,214,237,214,0.0,0.0,0.0,0.0,0.0,0.0,3.0,-3.0,-1.0,ROCK,213,1328,0.0,0.0,CYCLE_OK,0.36667,0.25638,0.1875,0.0,0.3333,0.3333,0.3333,interior
2026-09-06T19:46:47,102,0.0,-1.0,1.0,1.0,0.0,-1.0,-1.0,1.0,0.0,216,218,216,230,218,230,0.0,0.0,0.0,0.0,0.0,0.0,3.0,-3.0,-1.0,ROCK,216,1328,0.0,0.0,CYCLE_OK,0.36667,0.25638,0.1875,0.0,0.3333,0.3333,0.3333,interior
2026-09-06T19:48:27,103,0.0,-1.0,1.0,1.0,0.0,-1.0,-1.0,1.0,0.0,218,199,218,244,199,244,0.0,0.0,0.0,0.0,0.0,0.0,3.0,-3.0,-1.0,ROCK,199,1322,0.0,0.0,CYCLE_OK,0.36667,0.24833,0.2,0.0,0.3333,0.3333,0.3333,interior
2026-09-06T19:49:18,104,0.0,-1.0,1.0,1.0,0.0,-1.0,-1.0,1.0,0.0,207,208,207,247,208,247,0.0,0.0,0.0,0.0,0.0,0.0,3.0,-3.0,-1.0,ROCK,207,1324,0.0,0.0,CYCLE_OK,0.36667,0.25638,0.1875,0.0,0.3333,0.3333,0.3333,interior
2026-09-06T19:50:14,105,0.0,-1.0,1.0,1.0,0.0,-1.0,-1.0,1.0,0.0,194,234,194,234,234,234,0.0,0.0,0.0,0.0,0.0,0.0,3.0,-3.0,-1.0,ROCK,194,1324,0.0,0.0,CYCLE_OK,0.36667,0.25638,0.1875,0.0,0.3333,0.3333,0.3333,interior
2026-09-06T19:51:10,106,0.0,-1.0,1.0,1.0,0.0,-1.0,-1.0,1.0,0.0,200,222,200,241,222,241,0.0,0.0,0.0,0.0,0.0,0.0,3.0,-3.0,-1.0,ROCK,200,1326,0.0,0.0,CYCLE_OK,0.36667,0.24833,0.2,0.0,0.3333,0.3333,0.3333,interior
2026-09-06T19:52:11,107,0.0,-1.0,1.0,1.0,0.0,-1.0,-1.0,1.0,0.0,176,255,176,232,255,232,0.0,0.0,0.0,0.0,0.0,0.0,3.0,-3.0,-1.0,ROCK,176,1326,0.0,0.0,CYCLE_OK,0.36667,0.25638,0.1875,0.0,0.3333,0.3333,0.3333,interior
2026-09-06T19:53:05,108,0.0,-1.0,1.0,1.0,0.0,-1.0,-1.0,1.0,0.0,175,254,175,234,254,234,0.0,0.0,0.0,0.0,0.0,0.0,3.0,-3.0,-1.0,ROCK,175,1326,0.0,0.0,CYCLE_OK,0.36667,0.25638,0.1875,0.0,0.3333,0.3333,0.3333,interior
2026-09-06T19:53:57,109,0.0,-1.0,1.0,1.0,0.0,-1.0,-1.0,1.0,0.0,195,221,195,247,221,247,0.0,0.0,0.0,0.0,0.0,0.0,3.0,-3.0,-1.0,ROCK,195,1326,0.0,0.0,CYCLE_OK,0.36667,0.24833,0.2,0.0,0.3333,0.3333,0.3333,interior
2026-09-06T19:55:22,110,0.0,-1.0,1.0,1.0,0.0,-1.0,-1.0,1.0,0.0,189,236,189,237,236,237,0.0,0.0,0.0,0.0,0.0,0.0,3.0,-3.0,-1.0,ROCK,189,1324,0.0,0.0,CYCLE_OK,0.36667,0.24833,0.2,0.0,0.3333,0.3333,0.3333,interior
2026-09-06T19:55:59,111,0.0,-1.0,1.0,1.0,0.0,-1.0,-1.0,1.0,0.0,172,249,172,241,249,241,0.0,0.0,0.0,0.0,0.0,0.0,3.0,-3.0,-1.0,ROCK,172,1324,0.0,0.0,CYCLE_OK,0.36667,0.24833,0.2,0.0,0.3333,0.3333,0.3333,interior
2026-09-06T19:57:18,112,0.0,-1.0,1.0,1.0,0.0,-1.0,-1.0,1.0,0.0,165,247,165,250,247,250,0.0,0.0,0.0,0.0,0.0,0.0,3.0,-3.0,-1.0,ROCK,165,1324,0.0,0.0,CYCLE_OK,0.36667,0.25638,0.1875,0.0,0.3333,0.3333,0.3333,interior
2026-09-06T19:58:09,113,0.0,-1.0,1.0,1.0,0.0,-1.0,-1.0,1.0,0.0,173,265,173,225,265,225,0.0,0.0,0.0,0.0,0.0,0.0,3.0,-3.0,-1.0,ROCK,173,1326,0.0,0.0,CYCLE_OK,0.36667,0.25638,0.1875,0.0,0.3333,0.3333,0.3333,interior
2026-09-06T19:59:53,114,0.0,-1.0,1.0,1.0,0.0,-1.0,-1.0,1.0,0.0,210,215,210,238,215,238,0.0,0.0,0.0,0.0,0.0,0.0,3.0,-3.0,-1.0,ROCK,210,1326,0.0,0.0,CYCLE_OK,0.39167,0.26595,0.2125,0.0,0.3333,0.3333,0.3333,interior
2026-09-06T20:02:04,115,0.0,-1.0,1.0,1.0,0.0,-1.0,-1.0,1.0,0.0,221,192,221,250,192,250,0.0,0.0,0.0,0.0,0.0,0.0,3.0,-3.0,-1.0,ROCK,192,1326,0.0,0.0,CYCLE_OK,0.39167,0.2588,0.225,0.0,0.3333,0.3333,0.3333,interior
2026-09-06T20:03:44,116,0.0,-1.0,1.0,1.0,0.0,-1.0,-1.0,1.0,0.0,223,191,223,250,191,250,0.0,0.0,0.0,0.0,0.0,0.0,3.0,-3.0,-1.0,ROCK,191,1328,0.0,0.0,CYCLE_OK,0.36667,0.24833,0.2,0.0,0.3333,0.3333,0.3333,interior
2026-09-06T20:05:31,117,0.0,-1.0,1.0,1.0,0.0,-1.0,-1.0,1.0,0.0,231,210,231,224,210,224,0.0,0.0,0.0,0.0,0.0,0.0,3.0,-3.0,-1.0,ROCK,210,1330,0.0,0.0,CYCLE_OK,0.36667,0.25638,0.1875,0.0,0.3333,0.3333,0.3333,interior
2026-09-06T20:07:27,118,0.0,-1.0,1.0,1.0,0.0,-1.0,-1.0,1.0,0.0,208,237,208,217,237,217,0.0,0.0,0.0,0.0,0.0,0.0,3.0,-3.0,-1.0,ROCK,208,1324,0.0,0.0,CYCLE_OK,0.38333,0.26536,0.2,0.0,0.3333,0.3333,0.3333,interior
2026-09-06T20:08:01,119,0.0,-1.0,1.0,1.0,0.0,-1.0,-1.0,1.0,0.0,200,230,200,232,230,232,0.0,0.0,0.0,0.0,0.0,0.0,3.0,-3.0,-1.0,ROCK,200,1324,0.0,0.0,CYCLE_OK,0.36667,0.25638,0.1875,0.0,0.3333,0.3333,0.3333,interior
2026-09-06T20:09:08,120,0.0,-1.0,1.0,1.0,0.0,-1.0,-1.0,1.0,0.0,186,247,186,231,247,231,0.0,0.0,0.0,0.0,0.0,0.0,3.0,-3.0,-1.0,ROCK,186,1328,0.0,0.0,CYCLE_OK,0.36667,0.25638,0.1875,0.0,0.3333,0.3333,0.3333,interior
2026-09-06T20:10:32,121,0.0,-1.0,1.0,1.0,0.0,-1.0,-1.0,1.0,0.0,185,242,185,238,242,238,0.0,0.0,0.0,0.0,0.0,0.0,3.0,-3.0,-1.0,ROCK,185,1330,0.0,0.0,CYCLE_OK,0.36667,0.24833,0.2,0.0,0.3333,0.3333,0.3333,interior
2026-09-06T20:11:47,122,0.0,-1.0,1.0,1.0,0.0,-1.0,-1.0,1.0,0.0,189,239,189,238,239,238,0.0,0.0,0.0,0.0,0.0,0.0,3.0,-3.0,-1.0,ROCK,189,1332,0.0,0.0,CYCLE_OK,0.36667,0.24833,0.2,0.0,0.3333,0.3333,0.3333,interior
2026-09-06T20:13:09,123,0.0,-1.0,1.0,1.0,0.0,-1.0,-1.0,1.0,0.0,195,234,195,238,234,238,0.0,0.0,0.0,0.0,0.0,0.0,3.0,-3.0,-1.0,ROCK,195,1334,0.0,0.0,CYCLE_OK,0.36667,0.24833,0.2,0.0,0.3333,0.3333,0.3333,interior
2026-09-06T20:13:49,124,0.0,-1.0,1.0,1.0,0.0,-1.0,-1.0,1.0,0.0,186,251,186,230,251,230,0.0,0.0,0.0,0.0,0.0,0.0,3.0,-3.0,-1.0,ROCK,186,1334,0.0,0.0,CYCLE_OK,0.36667,0.25638,0.1875,0.0,0.3333,0.3333,0.3333,interior
2026-09-06T20:15:04,125,0.0,-1.0,1.0,1.0,0.0,-1.0,-1.0,1.0,0.0,183,240,183,243,240,243,0.0,0.0,0.0,0.0,0.0,0.0,3.0,-3.0,-1.0,ROCK,183,1332,0.0,0.0,CYCLE_OK,0.36667,0.24833,0.2,0.0,0.3333,0.3333,0.3333,interior
2026-09-06T20:17:46,126,0.0,-1.0,1.0,1.0,0.0,-1.0,-1.0,1.0,0.0,211,210,211,245,210,245,0.0,0.0,0.0,0.0,0.0,0.0,3.0,-3.0,-1.0,ROCK,210,1332,0.0,0.0,CYCLE_OK,0.36667,0.24833,0.2,0.0,0.3333,0.3333,0.3333,interior
2026-09-06T20:19:08,127,0.0,-1.0,1.0,1.0,0.0,-1.0,-1.0,1.0,0.0,206,207,206,254,207,254,0.0,0.0,0.0,0.0,0.0,0.0,3.0,-3.0,-1.0,ROCK,206,1334,0.0,0.0,CYCLE_OK,0.36667,0.24131,0.2125,0.0,0.3333,0.3333,0.3333,interior
2026-09-06T20:21:57,128,0.0,-1.0,1.0,1.0,0.0,-1.0,-1.0,1.0,0.0,213,192,213,263,192,263,0.0,0.0,0.0,0.0,0.0,0.0,3.0,-3.0,-1.0,ROCK,192,1336,0.0,0.0,CYCLE_OK,0.36667,0.24131,0.2125,0.0,0.3333,0.3333,0.3333,interior
2026-09-06T20:25:36,129,0.0,-1.0,1.0,1.0,0.0,-1.0,-1.0,1.0,0.0,221,200,221,246,200,246,0.0,0.0,0.0,0.0,0.0,0.0,3.0,-3.0,-1.0,ROCK,200,1334,0.0,0.0,CYCLE_OK,0.34167,0.23071,0.1875,0.0,0.3333,0.3333,0.3333,interior
2026-09-06T20:26:26,130,0.0,-1.0,1.0,1.0,0.0,-1.0,-1.0,1.0,0.0,231,183,231,254,183,254,0.0,0.0,0.0,0.0,0.0,0.0,3.0,-3.0,-1.0,ROCK,183,1336,0.0,0.0,CYCLE_OK,0.36667,0.24131,0.2125,0.0,0.3333,0.3333,0.3333,interior
2026-09-06T20:29:05,131,0.0,-1.0,1.0,1.0,0.0,-1.0,-1.0,1.0,0.0,235,180,235,254,180,254,0.0,0.0,0.0,0.0,0.0,0.0,3.0,-3.0,-1.0,ROCK,180,1338,0.0,0.0,CYCLE_OK,0.36667,0.24833,0.2,0.0,0.3333,0.3333,0.3333,interior
2026-09-06T20:30:33,132,0.0,-1.0,1.0,1.0,0.0,-1.0,-1.0,1.0,0.0,226,201,226,242,201,242,0.0,0.0,0.0,0.0,0.0,0.0,3.0,-3.0,-1.0,ROCK,201,1338,0.0,0.0,CYCLE_OK,0.36667,0.24833,0.2,0.0,0.3333,0.3333,0.3333,interior
2026-09-06T20:32:25,133,0.0,-1.0,1.0,1.0,0.0,-1.0,-1.0,1.0,0.0,229,201,229,239,201,239,0.0,0.0,0.0,0.0,0.0,0.0,3.0,-3.0,-1.0,ROCK,201,1338,0.0,0.0,CYCLE_OK,0.36667,0.24833,0.2,0.0,0.3333,0.3333,0.3333,interior
2026-09-06T20:33:30,134,0.0,-1.0,1.0,1.0,0.0,-1.0,-1.0,1.0,0.0,231,199,231,238,199,238,0.0,0.0,0.0,0.0,0.0,0.0,3.0,-3.0,-1.0,ROCK,199,1336,0.0,0.0,CYCLE_OK,0.36667,0.24131,0.2125,0.0,0.3333,0.3333,0.3333,interior
2026-09-06T20:34:57,135,0.0,-1.0,1.0,1.0,0.0,-1.0,-1.0,1.0,0.0,220,208,220,240,208,240,0.0,0.0,0.0,0.0,0.0,0.0,3.0,-3.0,-1.0,ROCK,208,1336,0.0,0.0,CYCLE_OK,0.36667,0.24131,0.2125,0.0,0.3333,0.3333,0.3333,interior
2026-09-06T20:36:38,136,0.0,-1.0,1.0,1.0,0.0,-1.0,-1.0,1.0,0.0,201,217,201,249,217,249,0.0,0.0,0.0,0.0,0.0,0.0,3.0,-3.0,-1.0,ROCK,201,1334,0.0,0.0,CYCLE_OK,0.36667,0.24833,0.2,0.0,0.3333,0.3333,0.3333,interior
2026-09-06T20:40:11,137,0.0,-1.0,1.0,1.0,0.0,-1.0,-1.0,1.0,0.0,200,231,200,235,231,235,0.0,0.0,0.0,0.0,0.0,0.0,3.0,-3.0,-1.0,ROCK,200,1332,0.0,0.0,CYCLE_OK,0.36667,0.25638,0.1875,0.0,0.3333,0.3333,0.3333,interior
2026-09-06T20:41:15,138,0.0,-1.0,1.0,1.0,0.0,-1.0,-1.0,1.0,0.0,175,247,175,244,247,244,0.0,0.0,0.0,0.0,0.0,0.0,3.0,-3.0,-1.0,ROCK,175,1332,0.0,0.0,CYCLE_OK,0.39167,0.27405,0.2,0.0,0.3333,0.3333,0.3333,interior
2026-09-06T20:42:44,139,0.0,-1.0,1.0,1.0,0.0,-1.0,-1.0,1.0,0.0,181,259,181,226,259,226,0.0,0.0,0.0,0.0,0.0,0.0,3.0,-3.0,-1.0,ROCK,181,1332,0.0,0.0,CYCLE_OK,0.41667,0.28358,0.225,0.0,0.3333,0.3333,0.3333,interior
2026-09-06T20:43:36,140,0.0,-1.0,1.0,1.0,0.0,-1.0,-1.0,1.0,0.0,174,259,174,233,259,233,0.0,0.0,0.0,0.0,0.0,0.0,3.0,-3.0,-1.0,ROCK,174,1332,0.0,0.0,CYCLE_OK,0.41667,0.29173,0.2125,0.0,0.3333,0.3333,0.3333,interior
2026-09-06T20:45:55,141,0.0,-1.0,1.0,1.0,0.0,-1.0,-1.0,1.0,0.0,194,229,194,242,229,242,0.0,0.0,0.0,0.0,0.0,0.0,3.0,-3.0,-1.0,ROCK,194,1330,0.0,0.0,CYCLE_OK,0.41667,0.28358,0.225,0.0,0.3333,0.3333,0.3333,interior
2026-09-06T20:46:48,142,0.0,-1.0,1.0,1.0,0.0,-1.0,-1.0,1.0,0.0,181,243,181,241,243,241,0.0,0.0,0.0,0.0,0.0,0.0,3.0,-3.0,-1.0,ROCK,181,1330,0.0,0.0,CYCLE_OK,0.41667,0.28358,0.225,0.0,0.3333,0.3333,0.3333,interior
2026-09-06T20:48:11,143,0.0,-1.0,1.0,1.0,0.0,-1.0,-1.0,1.0,0.0,194,240,194,232,240,232,0.0,0.0,0.0,0.0,0.0,0.0,3.0,-3.0,-1.0,ROCK,194,1332,0.0,0.0,CYCLE_OK,0.39167,0.26595,0.2125,0.0,0.3333,0.3333,0.3333,interior
2026-09-06T20:51:22,144,0.0,-1.0,1.0,1.0,0.0,-1.0,-1.0,1.0,0.0,191,251,191,223,251,223,0.0,0.0,0.0,0.0,0.0,0.0,3.0,-3.0,-1.0,ROCK,191,1330,0.0,0.0,CYCLE_OK,0.39167,0.26595,0.2125,0.0,0.3333,0.3333,0.3333,interior
2026-09-06T20:52:15,145,0.0,-1.0,1.0,1.0,0.0,-1.0,-1.0,1.0,0.0,203,219,203,244,219,244,0.0,0.0,0.0,0.0,0.0,0.0,3.0,-3.0,-1.0,ROCK,203,1332,0.0,0.0,CYCLE_OK,0.39167,0.26595,0.2125,0.0,0.3333,0.3333,0.3333,interior
2026-09-06T20:56:08,146,0.0,-1.0,1.0,1.0,0.0,-1.0,-1.0,1.0,0.0,209,209,209,246,209,246,0.0,0.0,0.0,0.0,0.0,0.0,3.0,-3.0,-1.0,ROCK,209,1328,0.0,0.0,CYCLE_OK,0.39167,0.26595,0.2125,0.0,0.3333,0.3333,0.3333,interior
2026-09-06T20:57:43,147,0.0,-1.0,1.0,1.0,0.0,-1.0,-1.0,1.0,0.0,221,187,221,256,187,256,0.0,0.0,0.0,0.0,0.0,0.0,3.0,-3.0,-1.0,ROCK,187,1328,0.0,0.0,CYCLE_OK,0.39167,0.2588,0.225,0.0,0.3333,0.3333,0.3333,interior
2026-09-06T21:01:01,148,0.0,-1.0,1.0,1.0,0.0,-1.0,-1.0,1.0,0.0,228,163,228,273,163,273,0.0,0.0,0.0,0.0,0.0,0.0,3.0,-3.0,-1.0,ROCK,163,1328,0.0,0.0,CYCLE_OK,0.39167,0.25269,0.2375,0.0,0.3333,0.3333,0.3333,interior
2026-09-06T21:04:14,149,0.0,-1.0,1.0,1.0,0.0,-1.0,-1.0,1.0,0.0,203,230,203,235,230,235,0.0,0.0,0.0,0.0,0.0,0.0,3.0,-3.0,-1.0,ROCK,203,1336,0.0,0.0,CYCLE_OK,0.39167,0.25269,0.2375,0.0,0.3333,0.3333,0.3333,interior
2026-09-06T21:06:45,150,0.0,-1.0,1.0,1.0,0.0,-1.0,-1.0,1.0,0.0,182,263,182,223,263,223,0.0,0.0,0.0,0.0,0.0,0.0,3.0,-3.0,-1.0,ROCK,182,1336,0.0,0.0,CYCLE_OK,0.41667,0.27003,0.25,0.0,0.3333,0.3333,0.3333,interior
2026-09-06T21:08:49,151,0.0,-1.0,1.0,1.0,0.0,-1.0,-1.0,1.0,0.0,157,277,157,233,277,233,0.0,0.0,0.0,0.0,0.0,0.0,3.0,-3.0,-1.0,ROCK,157,1334,0.0,0.0,CYCLE_OK,0.44167,0.28741,0.2625,0.0,0.3333,0.3333,0.3333,interior
2026-09-06T21:11:04,152,0.0,-1.0,1.0,1.0,0.0,-1.0,-1.0,1.0,0.0,171,268,171,229,268,229,0.0,0.0,0.0,0.0,0.0,0.0,3.0,-3.0,-1.0,ROCK,171,1336,0.0,0.0,CYCLE_OK,0.44167,0.28741,0.2625,0.0,0.3333,0.3333,0.3333,interior
2026-09-06T21:12:53,153,0.0,-1.0,1.0,1.0,0.0,-1.0,-1.0,1.0,0.0,177,283,177,208,283,208,0.0,0.0,0.0,0.0,0.0,0.0,3.0,-3.0,-1.0,ROCK,177,1336,0.0,0.0,CYCLE_OK,0.41667,0.27632,0.2375,0.0,0.3333,0.3333,0.3333,interior
2026-09-06T21:14:45,154,0.0,-1.0,1.0,1.0,0.0,-1.0,-1.0,1.0,0.0,195,249,195,224,249,224,0.0,0.0,0.0,0.0,0.0,0.0,3.0,-3.0,-1.0,ROCK,195,1336,0.0,0.0,CYCLE_OK,0.41667,0.27003,0.25,0.0,0.3333,0.3333,0.3333,interior
2026-09-06T21:16:44,155,0.0,-1.0,1.0,1.0,0.0,-1.0,-1.0,1.0,0.0,179,251,179,239,251,239,0.0,0.0,0.0,0.0,0.0,0.0,3.0,-3.0,-1.0,ROCK,179,1338,0.0,0.0,CYCLE_OK,0.41667,0.27003,0.25,0.0,0.3333,0.3333,0.3333,interior
2026-09-06T21:17:50,156,0.0,-1.0,1.0,1.0,0.0,-1.0,-1.0,1.0,0.0,191,252,191,226,252,226,0.0,0.0,0.0,0.0,0.0,0.0,3.0,-3.0,-1.0,ROCK,191,1338,0.0,0.0,CYCLE_OK,0.41667,0.27003,0.25,0.0,0.3333,0.3333,0.3333,interior
2026-09-06T21:19:17,157,0.0,-1.0,1.0,1.0,0.0,-1.0,-1.0,1.0,0.0,214,206,214,249,206,249,0.0,0.0,0.0,0.0,0.0,0.0,3.0,-3.0,-1.0,ROCK,206,1338,0.0,0.0,CYCLE_OK,0.41667,0.26477,0.2625,0.0,0.3333,0.3333,0.3333,interior
2026-09-06T21:21:53,158,0.0,-1.0,1.0,1.0,0.0,-1.0,-1.0,1.0,0.0,199,219,199,250,219,250,0.0,0.0,0.0,0.0,0.0,0.0,3.0,-3.0,-1.0,ROCK,199,1336,0.0,0.0,CYCLE_OK,0.41667,0.27003,0.25,0.0,0.3333,0.3333,0.3333,interior
2026-09-06T21:24:53,159,0.0,-1.0,1.0,1.0,0.0,-1.0,-1.0,1.0,0.0,196,232,196,236,232,236,0.0,0.0,0.0,0.0,0.0,0.0,3.0,-3.0,-1.0,ROCK,196,1328,0.0,0.0,CYCLE_OK,0.41667,0.27632,0.2375,0.0,0.3333,0.3333,0.3333,interior
2026-09-06T21:26:10,160,0.0,-1.0,1.0,1.0,0.0,-1.0,-1.0,1.0,0.0,205,214,205,246,214,246,0.0,0.0,0.0,0.0,0.0,0.0,3.0,-3.0,-1.0,ROCK,205,1330,0.0,0.0,CYCLE_OK,0.44167,0.28741,0.2625,0.0,0.3333,0.3333,0.3333,interior
2026-09-06T21:28:57,161,0.0,-1.0,1.0,1.0,0.0,-1.0,-1.0,1.0,0.0,185,250,185,229,250,229,0.0,0.0,0.0,0.0,0.0,0.0,3.0,-3.0,-1.0,ROCK,185,1328,0.0,0.0,CYCLE_OK,0.46667,0.30482,0.275,0.0,0.3333,0.3333,0.3333,interior
2026-09-06T21:30:56,162,0.0,-1.0,1.0,1.0,0.0,-1.0,-1.0,1.0,0.0,176,268,176,221,268,221,0.0,0.0,0.0,0.0,0.0,0.0,3.0,-3.0,-1.0,ROCK,176,1330,0.0,0.0,CYCLE_OK,0.46667,0.30482,0.275,0.0,0.3333,0.3333,0.3333,interior
2026-09-06T21:31:56,163,0.0,-1.0,1.0,1.0,0.0,-1.0,-1.0,1.0,0.0,173,257,173,236,257,236,0.0,0.0,0.0,0.0,0.0,0.0,3.0,-3.0,-1.0,ROCK,173,1332,0.0,0.0,CYCLE_OK,0.46667,0.29913,0.2875,0.0,0.3333,0.3333,0.3333,interior
2026-09-06T21:33:24,164,0.0,-1.0,1.0,1.0,0.0,-1.0,-1.0,1.0,0.0,189,236,189,242,236,242,0.0,0.0,0.0,0.0,0.0,0.0,3.0,-3.0,-1.0,ROCK,189,1334,0.0,0.0,CYCLE_OK,0.46667,0.29913,0.2875,0.0,0.3333,0.3333,0.3333,interior
2026-09-06T21:34:52,165,0.0,-1.0,1.0,1.0,0.0,-1.0,-1.0,1.0,0.0,194,231,194,242,231,242,0.0,0.0,0.0,0.0,0.0,0.0,3.0,-3.0,-1.0,ROCK,194,1334,0.0,0.0,CYCLE_OK,0.46667,0.29439,0.3,0.0,0.3333,0.3333,0.3333,interior
2026-09-06T21:39:52,166,0.0,-1.0,1.0,1.0,0.0,-1.0,-1.0,1.0,0.0,224,188,224,254,188,254,0.0,0.0,0.0,0.0,0.0,0.0,3.0,-3.0,-1.0,ROCK,188,1332,0.0,0.0,CYCLE_OK,0.46667,0.29065,0.3125,0.0,0.3333,0.3333,0.3333,interior
2026-09-06T21:41:41,167,0.0,-1.0,1.0,1.0,0.0,-1.0,-1.0,1.0,0.0,229,190,229,247,190,247,0.0,0.0,0.0,0.0,0.0,0.0,3.0,-3.0,-1.0,ROCK,190,1332,0.0,0.0,CYCLE_OK,0.44167,0.27405,0.3,0.0,0.3333,0.3333,0.3333,interior
2026-09-06T21:44:13,168,0.0,-1.0,1.0,1.0,0.0,-1.0,-1.0,1.0,0.0,242,216,242,208,216,208,0.0,0.0,0.0,0.0,0.0,0.0,3.0,-3.0,-1.0,ROCK,208,1332,0.0,0.0,CYCLE_OK,0.41667,0.25759,0.2875,0.0,0.3333,0.3333,0.3333,interior
2026-09-06T21:47:19,169,0.0,-1.0,1.0,1.0,0.0,-1.0,-1.0,1.0,0.0,236,219,236,212,219,212,0.0,0.0,0.0,0.0,0.0,0.0,3.0,-3.0,-1.0,ROCK,212,1334,0.0,0.0,CYCLE_OK,0.41667,0.25759,0.2875,0.0,0.3333,0.3333,0.3333,interior
2026-09-06T21:48:47,170,0.0,-1.0,1.0,1.0,0.0,-1.0,-1.0,1.0,0.0,217,238,217,211,238,211,0.0,0.0,0.0,0.0,0.0,0.0,3.0,-3.0,-1.0,ROCK,211,1332,0.0,0.0,CYCLE_OK,0.41667,0.25759,0.2875,0.0,0.3333,0.3333,0.3333,interior
2026-09-06T21:51:01,171,0.0,-1.0,1.0,1.0,0.0,-1.0,-1.0,1.0,0.0,235,253,235,182,253,182,0.0,0.0,0.0,0.0,0.0,0.0,3.0,-3.0,-1.0,ROCK,182,1340,0.0,0.0,CYCLE_OK,0.39167,0.24131,0.275,0.0,0.3333,0.3333,0.3333,interior
2026-09-06T21:52:10,172,0.0,-1.0,1.0,1.0,0.0,-1.0,-1.0,1.0,0.0,219,228,219,225,228,225,0.0,0.0,0.0,0.0,0.0,0.0,3.0,-3.0,-1.0,ROCK,219,1344,0.0,0.0,CYCLE_OK,0.39167,0.24131,0.275,0.0,0.3333,0.3333,0.3333,interior
2026-09-06T21:52:55,173,0.0,-1.0,1.0,1.0,0.0,-1.0,-1.0,1.0,0.0,216,245,216,212,245,212,0.0,0.0,0.0,0.0,0.0,0.0,3.0,-3.0,-1.0,ROCK,212,1346,0.0,0.0,CYCLE_OK,0.39167,0.24131,0.275,0.0,0.3333,0.3333,0.3333,interior
2026-09-06T21:53:49,174,0.0,-1.0,1.0,1.0,0.0,-1.0,-1.0,1.0,0.0,235,211,235,228,211,228,0.0,0.0,0.0,0.0,0.0,0.0,3.0,-3.0,-1.0,ROCK,211,1348,0.0,0.0,CYCLE_OK,0.39167,0.24131,0.275,0.0,0.3333,0.3333,0.3333,interior
2026-09-06T21:55:29,175,0.0,-1.0,1.0,1.0,0.0,-1.0,-1.0,1.0,0.0,209,200,209,261,200,261,0.0,0.0,0.0,0.0,0.0,0.0,3.0,-3.0,-1.0,ROCK,200,1340,0.0,0.0,CYCLE_OK,0.39167,0.24001,0.2875,0.0,0.3333,0.3333,0.3333,interior
2026-09-06T21:56:49,176,0.0,-1.0,1.0,1.0,0.0,-1.0,-1.0,1.0,0.0,218,190,218,261,190,261,0.0,0.0,0.0,0.0,0.0,0.0,3.0,-3.0,-1.0,ROCK,190,1338,0.0,0.0,CYCLE_OK,0.39167,0.24001,0.3,0.0,0.3333,0.3333,0.3333,interior
2026-09-06T21:57:24,177,0.0,-1.0,1.0,1.0,0.0,-1.0,-1.0,1.0,0.0,231,183,231,255,183,255,0.0,0.0,0.0,0.0,0.0,0.0,3.0,-3.0,-1.0,ROCK,183,1338,0.0,0.0,CYCLE_OK,0.36667,0.22523,0.2875,0.0,0.3333,0.3333,0.3333,interior
2026-09-06T21:58:34,178,0.0,-1.0,1.0,1.0,0.0,-1.0,-1.0,1.0,0.0,216,200,216,253,200,253,0.0,0.0,0.0,0.0,0.0,0.0,3.0,-3.0,-1.0,ROCK,200,1338,0.0,0.0,CYCLE_OK,0.39167,0.24001,0.3,0.0,0.3333,0.3333,0.3333,interior
2026-09-06T21:59:30,179,0.0,-1.0,1.0,1.0,0.0,-1.0,-1.0,1.0,0.0,216,185,216,268,185,268,0.0,0.0,0.0,0.0,0.0,0.0,3.0,-3.0,-1.0,ROCK,185,1338,0.0,0.0,CYCLE_OK,0.39167,0.24001,0.3,0.0,0.3333,0.3333,0.3333,interior
2026-09-06T22:00:45,180,0.0,-1.0,1.0,1.0,0.0,-1.0,-1.0,1.0,0.0,201,218,201,249,218,249,0.0,0.0,0.0,0.0,0.0,0.0,3.0,-3.0,-1.0,ROCK,201,1336,0.0,0.0,CYCLE_OK,0.41667,0.25516,0.3125,0.0,0.3333,0.3333,0.3333,interior
2026-09-06T22:01:37,181,0.0,-1.0,1.0,1.0,0.0,-1.0,-1.0,1.0,0.0,185,226,185,257,226,257,0.0,0.0,0.0,0.0,0.0,0.0,3.0,-3.0,-1.0,ROCK,185,1336,0.0,0.0,CYCLE_OK,0.41667,0.25516,0.3125,0.0,0.3333,0.3333,0.3333,interior
2026-09-06T22:03:11,182,0.0,-1.0,1.0,1.0,0.0,-1.0,-1.0,1.0,0.0,185,247,185,235,247,235,0.0,0.0,0.0,0.0,0.0,0.0,3.0,-3.0,-1.0,ROCK,185,1334,0.0,0.0,CYCLE_OK,0.39167,0.24001,0.2875,0.0,0.3333,0.3333,0.3333,interior
2026-09-06T22:04:01,183,0.0,-1.0,1.0,1.0,0.0,-1.0,-1.0,1.0,0.0,185,271,185,210,271,210,0.0,0.0,0.0,0.0,0.0,0.0,3.0,-3.0,-1.0,ROCK,185,1332,0.0,0.0,CYCLE_OK,0.39167,0.24131,0.275,0.0,0.3333,0.3333,0.3333,interior
2026-09-06T22:04:55,184,0.0,-1.0,1.0,1.0,0.0,-1.0,-1.0,1.0,0.0,168,279,168,219,279,219,0.0,0.0,0.0,0.0,0.0,0.0,3.0,-3.0,-1.0,ROCK,168,1332,0.0,0.0,CYCLE_OK,0.39167,0.24131,0.275,0.0,0.3333,0.3333,0.3333,interior
2026-09-06T22:05:40,185,0.0,-1.0,1.0,1.0,0.0,-1.0,-1.0,1.0,0.0,180,266,180,220,266,220,0.0,0.0,0.0,0.0,0.0,0.0,3.0,-3.0,-1.0,ROCK,180,1332,0.0,0.0,CYCLE_OK,0.39167,0.24001,0.2875,0.0,0.3333,0.3333,0.3333,interior
2026-09-06T22:06:48,186,0.0,-1.0,1.0,1.0,0.0,-1.0,-1.0,1.0,0.0,202,234,202,230,234,230,0.0,0.0,0.0,0.0,0.0,0.0,3.0,-3.0,-1.0,ROCK,202,1332,0.0,0.0,CYCLE_OK,0.39167,0.24001,0.2875,0.0,0.3333,0.3333,0.3333,interior
2026-09-06T22:08:04,187,0.0,-1.0,1.0,1.0,0.0,-1.0,-1.0,1.0,0.0,206,240,206,220,240,220,0.0,0.0,0.0,0.0,0.0,0.0,3.0,-3.0,-1.0,ROCK,206,1332,0.0,0.0,CYCLE_OK,0.36667,0.22454,0.275,0.0,0.3333,0.3333,0.3333,interior
2026-09-06T22:08:49,188,0.0,-1.0,1.0,1.0,0.0,-1.0,-1.0,1.0,0.0,202,227,202,238,227,238,0.0,0.0,0.0,0.0,0.0,0.0,3.0,-3.0,-1.0,ROCK,202,1334,0.0,0.0,CYCLE_OK,0.36667,0.22523,0.2875,0.0,0.3333,0.3333,0.3333,interior
2026-09-06T22:09:58,189,0.0,-1.0,1.0,1.0,0.0,-1.0,-1.0,1.0,0.0,226,201,226,241,201,241,0.0,0.0,0.0,0.0,0.0,0.0,3.0,-3.0,-1.0,ROCK,201,1336,0.0,0.0,CYCLE_OK,0.36667,0.22523,0.2875,0.0,0.3333,0.3333,0.3333,interior
2026-09-06T22:10:55,190,0.0,-1.0,1.0,1.0,0.0,-1.0,-1.0,1.0,0.0,229,174,229,266,174,266,0.0,0.0,0.0,0.0,0.0,0.0,3.0,-3.0,-1.0,ROCK,174,1338,0.0,0.0,CYCLE_OK,0.36667,0.2273,0.3,0.0,0.3333,0.3333,0.3333,interior
2026-09-06T22:11:31,191,0.0,-1.0,1.0,1.0,0.0,-1.0,-1.0,1.0,0.0,227,194,227,248,194,248,0.0,0.0,0.0,0.0,0.0,0.0,3.0,-3.0,-1.0,ROCK,194,1338,0.0,0.0,CYCLE_OK,0.36667,0.2273,0.3,0.0,0.3333,0.3333,0.3333,interior
2026-09-06T22:12:41,192,0.0,-1.0,1.0,1.0,0.0,-1.0,-1.0,1.0,0.0,220,210,220,239,210,239,0.0,0.0,0.0,0.0,0.0,0.0,3.0,-3.0,-1.0,ROCK,210,1338,0.0,0.0,CYCLE_OK,0.36667,0.2273,0.3,0.0,0.3333,0.3333,0.3333,interior
2026-09-06T22:13:23,193,0.0,-1.0,1.0,1.0,0.0,-1.0,-1.0,1.0,0.0,211,226,211,232,226,232,0.0,0.0,0.0,0.0,0.0,0.0,3.0,-3.0,-1.0,ROCK,211,1338,0.0,0.0,CYCLE_OK,0.36667,0.22523,0.2875,0.0,0.3333,0.3333,0.3333,interior
2026-09-06T22:13:58,194,0.0,-1.0,1.0,1.0,0.0,-1.0,-1.0,1.0,0.0,195,227,195,247,227,247,0.0,0.0,0.0,0.0,0.0,0.0,3.0,-3.0,-1.0,ROCK,195,1338,0.0,0.0,CYCLE_OK,0.36667,0.22454,0.275,0.0,0.3333,0.3333,0.3333,interior
2026-09-06T22:14:46,195,0.0,-1.0,1.0,1.0,0.0,-1.0,-1.0,1.0,0.0,176,253,176,238,253,238,0.0,0.0,0.0,0.0,0.0,0.0,3.0,-3.0,-1.0,ROCK,176,1334,0.0,0.0,CYCLE_OK,0.36667,0.22523,0.2625,0.0,0.3333,0.3333,0.3333,interior
2026-09-06T22:15:27,196,0.0,-1.0,1.0,1.0,0.0,-1.0,-1.0,1.0,0.0,173,246,173,249,246,249,0.0,0.0,0.0,0.0,0.0,0.0,3.0,-3.0,-1.0,ROCK,173,1336,0.0,0.0,CYCLE_OK,0.39167,0.24001,0.2875,0.0,0.3333,0.3333,0.3333,interior
2026-09-06T22:16:35,197,0.0,-1.0,1.0,1.0,0.0,-1.0,-1.0,1.0,0.0,172,261,172,234,261,234,0.0,0.0,0.0,0.0,0.0,0.0,3.0,-3.0,-1.0,ROCK,172,1334,0.0,0.0,CYCLE_OK,0.39167,0.24001,0.3,0.0,0.3333,0.3333,0.3333,interior
2026-09-06T22:17:17,198,0.0,-1.0,1.0,1.0,0.0,-1.0,-1.0,1.0,0.0,167,261,167,239,261,239,0.0,0.0,0.0,0.0,0.0,0.0,3.0,-3.0,-1.0,ROCK,167,1334,0.0,0.0,CYCLE_OK,0.39167,0.24001,0.3,0.0,0.3333,0.3333,0.3333,interior
2026-09-06T22:18:51,199,0.0,-1.0,1.0,1.0,0.0,-1.0,-1.0,1.0,0.0,191,236,191,239,236,239,0.0,0.0,0.0,0.0,0.0,0.0,3.0,-3.0,-1.0,ROCK,191,1332,0.0,0.0,CYCLE_OK,0.39167,0.24001,0.2875,0.0,0.3333,0.3333,0.3333,interior
2026-09-06T22:20:56,200,0.0,-1.0,1.0,1.0,0.0,-1.0,-1.0,1.0,0.0,181,259,181,224,259,224,0.0,0.0,0.0,0.0,0.0,0.0,3.0,-3.0,-1.0,ROCK,181,1328,0.0,0.0,CYCLE_OK,0.39167,0.24001,0.2875,0.0,0.3333,0.3333,0.3333,interior
2026-09-06T22:24:23,201,0.0,-1.0,1.0,1.0,0.0,-1.0,-1.0,1.0,0.0,213,243,213,209,243,209,0.0,0.0,0.0,0.0,0.0,0.0,3.0,-3.0,-1.0,ROCK,209,1330,0.0,0.0,CYCLE_OK,0.36667,0.22523,0.2625,0.0,0.3333,0.3333,0.3333,interior
2026-09-06T22:27:01,202,0.0,-1.0,1.0,1.0,0.0,-1.0,-1.0,1.0,0.0,218,238,218,210,238,210,0.0,0.0,0.0,0.0,0.0,0.0,3.0,-3.0,-1.0,ROCK,210,1332,0.0,0.0,CYCLE_OK,0.39167,0.24001,0.2875,0.0,0.3333,0.3333,0.3333,interior
2026-09-06T22:28:32,203,0.0,-1.0,1.0,1.0,0.0,-1.0,-1.0,1.0,0.0,226,221,226,220,221,220,0.0,0.0,0.0,0.0,0.0,0.0,3.0,-3.0,-1.0,ROCK,220,1334,0.0,0.0,CYCLE_OK,0.39167,0.24001,0.2875,0.0,0.3333,0.3333,0.3333,interior
2026-09-06T22:29:44,204,0.0,-1.0,1.0,1.0,0.0,-1.0,-1.0,1.0,0.0,221,227,221,220,227,220,0.0,0.0,0.0,0.0,0.0,0.0,3.0,-3.0,-1.0,ROCK,220,1336,0.0,0.0,CYCLE_OK,0.39167,0.24001,0.3,0.0,0.3333,0.3333,0.3333,interior
2026-09-06T22:30:48,205,0.0,-1.0,1.0,1.0,0.0,-1.0,-1.0,1.0,0.0,212,209,212,247,209,247,0.0,0.0,0.0,0.0,0.0,0.0,3.0,-3.0,-1.0,ROCK,209,1336,0.0,0.0,CYCLE_OK,0.39167,0.24001,0.3,0.0,0.3333,0.3333,0.3333,interior
2026-09-06T22:32:52,206,0.0,-1.0,1.0,1.0,0.0,-1.0,-1.0,1.0,0.0,180,233,180,254,233,254,0.0,0.0,0.0,0.0,0.0,0.0,3.0,-3.0,-1.0,ROCK,180,1334,0.0,0.0,CYCLE_OK,0.39167,0.24001,0.2875,0.0,0.3333,0.3333,0.3333,interior
2026-09-06T22:33:52,207,0.0,-1.0,1.0,1.0,0.0,-1.0,-1.0,1.0,0.0,180,255,180,233,255,233,0.0,0.0,0.0,0.0,0.0,0.0,3.0,-3.0,-1.0,ROCK,180,1336,0.0,0.0,CYCLE_OK,0.39167,0.24131,0.275,0.0,0.3333,0.3333,0.3333,interior
2026-09-06T22:35:30,208,0.0,-1.0,1.0,1.0,0.0,-1.0,-1.0,1.0,0.0,188,229,188,250,229,250,0.0,0.0,0.0,0.0,0.0,0.0,3.0,-3.0,-1.0,ROCK,188,1334,0.0,0.0,CYCLE_OK,0.39167,0.24131,0.275,0.0,0.3333,0.3333,0.3333,interior
2026-09-06T22:38:21,209,0.0,-1.0,1.0,1.0,0.0,-1.0,-1.0,1.0,0.0,220,197,220,254,197,254,0.0,0.0,0.0,0.0,0.0,0.0,3.0,-3.0,-1.0,ROCK,197,1342,0.0,0.0,CYCLE_OK,0.41667,0.25577,0.3,0.0,0.3333,0.3333,0.3333,interior
2026-09-06T22:38:56,210,0.0,-1.0,1.0,1.0,0.0,-1.0,-1.0,1.0,0.0,235,167,235,270,167,270,0.0,0.0,0.0,0.0,0.0,0.0,3.0,-3.0,-1.0,ROCK,167,1344,0.0,0.0,CYCLE_OK,0.41667,0.25577,0.3,0.0,0.3333,0.3333,0.3333,interior
2026-09-06T22:40:00,211,0.0,-1.0,1.0,1.0,0.0,-1.0,-1.0,1.0,0.0,202,191,202,278,191,278,0.0,0.0,0.0,0.0,0.0,0.0,3.0,-3.0,-1.0,ROCK,191,1342,0.0,0.0,CYCLE_OK,0.41667,0.25577,0.3,0.0,0.3333,0.3333,0.3333,interior
2026-09-06T22:41:09,212,0.0,-1.0,1.0,1.0,0.0,-1.0,-1.0,1.0,0.0,201,226,201,243,226,243,0.0,0.0,0.0,0.0,0.0,0.0,3.0,-3.0,-1.0,ROCK,201,1340,0.0,0.0,CYCLE_OK,0.41667,0.25759,0.2875,0.0,0.3333,0.3333,0.3333,interior
2026-09-06T22:42:29,213,0.0,-1.0,1.0,1.0,0.0,-1.0,-1.0,1.0,0.0,188,230,188,251,230,251,0.0,0.0,0.0,0.0,0.0,0.0,3.0,-3.0,-1.0,ROCK,188,1338,0.0,0.0,CYCLE_OK,0.44167,0.27405,0.3,0.0,0.3333,0.3333,0.3333,interior
2026-09-06T22:43:27,214,0.0,-1.0,1.0,1.0,0.0,-1.0,-1.0,1.0,0.0,172,223,172,274,223,274,0.0,0.0,0.0,0.0,0.0,0.0,3.0,-3.0,-1.0,ROCK,172,1338,0.0,0.0,CYCLE_OK,0.44167,0.27405,0.3,0.0,0.3333,0.3333,0.3333,interior
2026-09-06T22:44:38,215,0.0,-1.0,1.0,1.0,0.0,-1.0,-1.0,1.0,0.0,183,225,183,261,225,261,0.0,0.0,0.0,0.0,0.0,0.0,3.0,-3.0,-1.0,ROCK,183,1338,0.0,0.0,CYCLE_OK,0.44167,0.27405,0.3,0.0,0.3333,0.3333,0.3333,interior
2026-09-06T22:46:40,216,0.0,-1.0,1.0,1.0,0.0,-1.0,-1.0,1.0,0.0,182,238,182,246,238,246,0.0,0.0,0.0,0.0,0.0,0.0,3.0,-3.0,-1.0,ROCK,182,1332,0.0,0.0,CYCLE_OK,0.44167,0.27176,0.3125,0.0,0.3333,0.3333,0.3333,interior
2026-09-06T22:47:56,217,0.0,-1.0,1.0,1.0,0.0,-1.0,-1.0,1.0,0.0,168,243,168,255,243,255,0.0,0.0,0.0,0.0,0.0,0.0,3.0,-3.0,-1.0,ROCK,168,1332,0.0,0.0,CYCLE_OK,0.44167,0.27176,0.3125,0.0,0.3333,0.3333,0.3333,interior
2026-09-06T22:49:28,218,0.0,-1.0,1.0,1.0,0.0,-1.0,-1.0,1.0,0.0,189,228,189,249,228,249,0.0,0.0,0.0,0.0,0.0,0.0,3.0,-3.0,-1.0,ROCK,189,1332,0.0,0.0,CYCLE_OK,0.44167,0.27061,0.325,0.0,0.3333,0.3333,0.3333,interior
2026-09-06T22:51:09,219,0.0,-1.0,1.0,1.0,0.0,-1.0,-1.0,1.0,0.0,196,225,196,246,225,246,0.0,0.0,0.0,0.0,0.0,0.0,3.0,-3.0,-1.0,ROCK,196,1334,0.0,0.0,CYCLE_OK,0.44167,0.27176,0.3125,0.0,0.3333,0.3333,0.3333,interior
2026-09-06T22:52:15,220,0.0,-1.0,1.0,1.0,0.0,-1.0,-1.0,1.0,0.0,164,245,164,257,245,257,0.0,0.0,0.0,0.0,0.0,0.0,3.0,-3.0,-1.0,ROCK,164,1332,0.0,0.0,CYCLE_OK,0.44167,0.27176,0.3125,0.0,0.3333,0.3333,0.3333,interior
2026-09-06T22:54:58,221,0.0,-1.0,1.0,1.0,0.0,-1.0,-1.0,1.0,0.0,174,278,174,213,278,213,0.0,0.0,0.0,0.0,0.0,0.0,3.0,-3.0,-1.0,ROCK,174,1330,0.0,0.0,CYCLE_OK,0.44167,0.27405,0.3,0.0,0.3333,0.3333,0.3333,interior
2026-09-06T22:55:29,222,0.0,-1.0,1.0,1.0,0.0,-1.0,-1.0,1.0,0.0,176,269,176,220,269,220,0.0,0.0,0.0,0.0,0.0,0.0,3.0,-3.0,-1.0,ROCK,176,1330,0.0,0.0,CYCLE_OK,0.44167,0.27176,0.3125,0.0,0.3333,0.3333,0.3333,interior
2026-09-06T22:56:29,223,0.0,-1.0,1.0,1.0,0.0,-1.0,-1.0,1.0,0.0,184,273,184,209,273,209,0.0,0.0,0.0,0.0,0.0,0.0,3.0,-3.0,-1.0,ROCK,184,1332,0.0,0.0,CYCLE_OK,0.44167,0.27176,0.3125,0.0,0.3333,0.3333,0.3333,interior
2026-09-06T22:58:48,224,0.0,-1.0,1.0,1.0,0.0,-1.0,-1.0,1.0,0.0,225,212,225,229,212,229,0.0,0.0,0.0,0.0,0.0,0.0,3.0,-3.0,-1.0,ROCK,212,1332,0.0,0.0,CYCLE_OK,0.44167,0.27061,0.325,0.0,0.3333,0.3333,0.3333,interior
2026-09-06T23:02:03,225,0.0,-1.0,1.0,1.0,0.0,-1.0,-1.0,1.0,0.0,227,209,227,229,209,229,0.0,0.0,0.0,0.0,0.0,0.0,3.0,-3.0,-1.0,ROCK,209,1330,0.0,0.0,CYCLE_OK,0.44167,0.27176,0.3125,0.0,0.3333,0.3333,0.3333,interior
2026-09-06T23:03:16,226,0.0,-1.0,1.0,1.0,0.0,-1.0,-1.0,1.0,0.0,209,204,209,251,204,251,0.0,0.0,0.0,0.0,0.0,0.0,3.0,-3.0,-1.0,ROCK,204,1328,0.0,0.0,CYCLE_OK,0.44167,0.27176,0.3125,0.0,0.3333,0.3333,0.3333,interior
2026-09-06T23:04:39,227,0.0,-1.0,1.0,1.0,0.0,-1.0,-1.0,1.0,0.0,197,224,197,243,224,243,0.0,0.0,0.0,0.0,0.0,0.0,3.0,-3.0,-1.0,ROCK,197,1328,0.0,0.0,CYCLE_OK,0.44167,0.27405,0.3,0.0,0.3333,0.3333,0.3333,interior
2026-09-06T23:06:05,228,0.0,-1.0,1.0,1.0,0.0,-1.0,-1.0,1.0,0.0,215,230,215,220,230,220,0.0,0.0,0.0,0.0,0.0,0.0,3.0,-3.0,-1.0,ROCK,215,1330,0.0,0.0,CYCLE_OK,0.41667,0.26061,0.275,0.0,0.3333,0.3333,0.3333,interior
2026-09-06T23:07:39,229,0.0,-1.0,1.0,1.0,0.0,-1.0,-1.0,1.0,0.0,209,212,209,245,212,245,0.0,0.0,0.0,0.0,0.0,0.0,3.0,-3.0,-1.0,ROCK,209,1332,0.0,0.0,CYCLE_OK,0.41667,0.25759,0.2875,0.0,0.3333,0.3333,0.3333,interior
2026-09-06T23:09:13,230,0.0,-1.0,1.0,1.0,0.0,-1.0,-1.0,1.0,0.0,226,195,226,249,195,249,0.0,0.0,0.0,0.0,0.0,0.0,3.0,-3.0,-1.0,ROCK,195,1340,0.0,0.0,CYCLE_OK,0.41667,0.25577,0.3,0.0,0.3333,0.3333,0.3333,interior
2026-09-06T23:10:56,231,0.0,-1.0,1.0,1.0,0.0,-1.0,-1.0,1.0,0.0,203,208,203,258,208,258,0.0,0.0,0.0,0.0,0.0,0.0,3.0,-3.0,-1.0,ROCK,203,1338,0.0,0.0,CYCLE_OK,0.41667,0.25577,0.3,0.0,0.3333,0.3333,0.3333,interior
2026-09-06T23:12:10,232,0.0,-1.0,1.0,1.0,0.0,-1.0,-1.0,1.0,0.0,224,191,224,256,191,256,0.0,0.0,0.0,0.0,0.0,0.0,3.0,-3.0,-1.0,ROCK,191,1342,0.0,0.0,CYCLE_OK,0.39167,0.24131,0.275,0.0,0.3333,0.3333,0.3333,interior
2026-09-06T23:13:50,233,0.0,-1.0,1.0,1.0,0.0,-1.0,-1.0,1.0,0.0,202,240,202,227,240,227,0.0,0.0,0.0,0.0,0.0,0.0,3.0,-3.0,-1.0,ROCK,202,1338,0.0,0.0,CYCLE_OK,0.41667,0.25759,0.2875,0.0,0.3333,0.3333,0.3333,interior
2026-09-06T23:14:45,234,0.0,-1.0,1.0,1.0,0.0,-1.0,-1.0,1.0,0.0,179,244,179,245,244,245,0.0,0.0,0.0,0.0,0.0,0.0,3.0,-3.0,-1.0,ROCK,179,1336,0.0,0.0,CYCLE_OK,0.41667,0.26061,0.275,0.0,0.3333,0.3333,0.3333,interior
2026-09-06T23:16:16,235,0.0,-1.0,1.0,1.0,0.0,-1.0,-1.0,1.0,0.0,176,281,176,210,281,210,0.0,0.0,0.0,0.0,0.0,0.0,3.0,-3.0,-1.0,ROCK,176,1334,0.0,0.0,CYCLE_OK,0.41667,0.26061,0.275,0.0,0.3333,0.3333,0.3333,interior
2026-09-06T23:19:30,236,0.0,-1.0,1.0,1.0,0.0,-1.0,-1.0,1.0,0.0,168,285,168,214,285,214,0.0,0.0,0.0,0.0,0.0,0.0,3.0,-3.0,-1.0,ROCK,168,1334,0.0,0.0,CYCLE_OK,0.41667,0.26061,0.275,0.0,0.3333,0.3333,0.3333,interior
2026-09-06T23:20:58,237,0.0,-1.0,1.0,1.0,0.0,-1.0,-1.0,1.0,0.0,171,261,171,234,261,234,0.0,0.0,0.0,0.0,0.0,0.0,3.0,-3.0,-1.0,ROCK,171,1332,0.0,0.0,CYCLE_OK,0.41667,0.26061,0.275,0.0,0.3333,0.3333,0.3333,interior
2026-09-06T23:22:28,238,0.0,-1.0,1.0,1.0,0.0,-1.0,-1.0,1.0,0.0,196,219,196,251,219,251,0.0,0.0,0.0,0.0,0.0,0.0,3.0,-3.0,-1.0,ROCK,196,1332,0.0,0.0,CYCLE_OK,0.41667,0.25759,0.2875,0.0,0.3333,0.3333,0.3333,interior
2026-09-06T23:24:33,239,0.0,-1.0,1.0,1.0,0.0,-1.0,-1.0,1.0,0.0,203,209,203,256,209,256,0.0,0.0,0.0,0.0,0.0,0.0,3.0,-3.0,-1.0,ROCK,203,1336,0.0,0.0,CYCLE_OK,0.41667,0.25759,0.2875,0.0,0.3333,0.3333,0.3333,interior
2026-09-06T23:25:41,240,0.0,-1.0,1.0,1.0,0.0,-1.0,-1.0,1.0,0.0,204,211,204,253,211,253,0.0,0.0,0.0,0.0,0.0,0.0,3.0,-3.0,-1.0,ROCK,204,1336,0.0,0.0,CYCLE_OK,0.41667,0.25759,0.2875,0.0,0.3333,0.3333,0.3333,interior
2026-09-06T23:29:57,241,0.0,-1.0,1.0,1.0,0.0,-1.0,-1.0,1.0,0.0,218,204,218,242,204,242,0.0,0.0,0.0,0.0,0.0,0.0,3.0,-3.0,-1.0,ROCK,204,1328,0.0,0.0,CYCLE_OK,0.41667,0.25577,0.3,0.0,0.3333,0.3333,0.3333,interior
2026-09-06T23:31:26,242,0.0,-1.0,1.0,1.0,0.0,-1.0,-1.0,1.0,0.0,204,220,204,241,220,241,0.0,0.0,0.0,0.0,0.0,0.0,3.0,-3.0,-1.0,ROCK,204,1330,0.0,0.0,CYCLE_OK,0.41667,0.25577,0.3,0.0,0.3333,0.3333,0.3333,interior
2026-09-06T23:32:19,243,0.0,-1.0,1.0,1.0,0.0,-1.0,-1.0,1.0,0.0,206,230,206,230,230,230,0.0,0.0,0.0,0.0,0.0,0.0,3.0,-3.0,-1.0,ROCK,206,1332,0.0,0.0,CYCLE_OK,0.41667,0.25759,0.2875,0.0,0.3333,0.3333,0.3333,interior
2026-09-06T23:33:45,244,0.0,-1.0,1.0,1.0,0.0,-1.0,-1.0,1.0,0.0,218,236,218,213,236,213,0.0,0.0,0.0,0.0,0.0,0.0,3.0,-3.0,-1.0,ROCK,213,1334,0.0,0.0,CYCLE_OK,0.39167,0.24388,0.2625,0.0,0.3333,0.3333,0.3333,interior
2026-09-06T23:35:43,245,0.0,-1.0,1.0,1.0,0.0,-1.0,-1.0,1.0,0.0,199,242,199,226,242,226,0.0,0.0,0.0,0.0,0.0,0.0,3.0,-3.0,-1.0,ROCK,199,1334,0.0,0.0,CYCLE_OK,0.39167,0.2477,0.25,0.0,0.3333,0.3333,0.3333,interior
2026-09-06T23:38:19,246,0.0,-1.0,1.0,1.0,0.0,-1.0,-1.0,1.0,0.0,201,255,201,210,255,210,0.0,0.0,0.0,0.0,0.0,0.0,3.0,-3.0,-1.0,ROCK,201,1332,0.0,0.0,CYCLE_OK,0.39167,0.25269,0.2375,0.0,0.3333,0.3333,0.3333,interior
2026-09-06T23:39:16,247,0.0,-1.0,1.0,1.0,0.0,-1.0,-1.0,1.0,0.0,180,266,180,221,266,221,0.0,0.0,0.0,0.0,0.0,0.0,3.0,-3.0,-1.0,ROCK,180,1334,0.0,0.0,CYCLE_OK,0.41667,0.27003,0.25,0.0,0.3333,0.3333,0.3333,interior
2026-09-06T23:41:06,248,0.0,-1.0,1.0,1.0,0.0,-1.0,-1.0,1.0,0.0,178,276,178,214,276,214,0.0,0.0,0.0,0.0,0.0,0.0,3.0,-3.0,-1.0,ROCK,178,1336,0.0,0.0,CYCLE_OK,0.44167,0.28741,0.2625,0.0,0.3333,0.3333,0.3333,interior
2026-09-06T23:42:36,249,0.0,-1.0,1.0,1.0,0.0,-1.0,-1.0,1.0,0.0,165,287,165,216,287,216,0.0,0.0,0.0,0.0,0.0,0.0,3.0,-3.0,-1.0,ROCK,165,1336,0.0,0.0,CYCLE_OK,0.44167,0.28741,0.2625,0.0,0.3333,0.3333,0.3333,interior
2026-09-06T23:43:58,250,0.0,-1.0,1.0,1.0,0.0,-1.0,-1.0,1.0,0.0,167,258,167,242,258,242,0.0,0.0,0.0,0.0,0.0,0.0,3.0,-3.0,-1.0,ROCK,167,1334,0.0,0.0,CYCLE_OK,0.44167,0.28192,0.275,0.0,0.3333,0.3333,0.3333,interior
2026-09-06T23:44:56,251,0.0,-1.0,1.0,1.0,0.0,-1.0,-1.0,1.0,0.0,178,253,178,235,253,235,0.0,0.0,0.0,0.0,0.0,0.0,3.0,-3.0,-1.0,ROCK,178,1332,0.0,0.0,CYCLE_OK,0.46667,0.29913,0.2875,0.0,0.3333,0.3333,0.3333,interior
2026-09-06T23:46:24,252,0.0,-1.0,1.0,1.0,0.0,-1.0,-1.0,1.0,0.0,178,239,178,249,239,249,0.0,0.0,0.0,0.0,0.0,0.0,3.0,-3.0,-1.0,ROCK,178,1332,0.0,0.0,CYCLE_OK,0.46667,0.29913,0.2875,0.0,0.3333,0.3333,0.3333,interior
2026-09-06T23:48:23,253,0.0,-1.0,1.0,1.0,0.0,-1.0,-1.0,1.0,0.0,186,239,186,241,239,241,0.0,0.0,0.0,0.0,0.0,0.0,3.0,-3.0,-1.0,ROCK,186,1332,0.0,0.0,CYCLE_OK,0.46667,0.29913,0.2875,0.0,0.3333,0.3333,0.3333,interior
2026-09-06T23:52:49,254,0.0,-1.0,1.0,1.0,0.0,-1.0,-1.0,1.0,0.0,210,230,210,227,230,227,0.0,0.0,0.0,0.0,0.0,0.0,3.0,-3.0,-1.0,ROCK,210,1334,0.0,0.0,CYCLE_OK,0.44167,0.28741,0.2625,0.0,0.3333,0.3333,0.3333,interior
2026-09-06T23:56:08,255,0.0,-1.0,1.0,1.0,0.0,-1.0,-1.0,1.0,0.0,220,229,220,218,229,218,0.0,0.0,0.0,0.0,0.0,0.0,3.0,-3.0,-1.0,ROCK,218,1334,0.0,0.0,CYCLE_OK,0.44167,0.28741,0.2625,0.0,0.3333,0.3333,0.3333,interior
2026-09-06T23:57:34,256,0.0,-1.0,1.0,1.0,0.0,-1.0,-1.0,1.0,0.0,230,194,230,244,194,244,0.0,0.0,0.0,0.0,0.0,0.0,3.0,-3.0,-1.0,ROCK,194,1336,0.0,0.0,CYCLE_OK,0.44167,0.28741,0.2625,0.0,0.3333,0.3333,0.3333,interior
2026-09-06T23:58:22,257,0.0,-1.0,1.0,1.0,0.0,-1.0,-1.0,1.0,0.0,222,203,222,243,203,243,0.0,0.0,0.0,0.0,0.0,0.0,3.0,-3.0,-1.0,ROCK,203,1336,0.0,0.0,CYCLE_OK,0.46667,0.30482,0.275,0.0,0.3333,0.3333,0.3333,interior
2026-09-06T23:59:23,258,0.0,-1.0,1.0,1.0,0.0,-1.0,-1.0,1.0,0.0,211,209,211,248,209,248,0.0,0.0,0.0,0.0,0.0,0.0,3.0,-3.0,-1.0,ROCK,209,1336,0.0,0.0,CYCLE_OK,0.46667,0.30482,0.275,0.0,0.3333,0.3333,0.3333,interior
2026-09-07T00:00:32,259,0.0,-1.0,1.0,1.0,0.0,-1.0,-1.0,1.0,0.0,204,203,204,261,203,261,0.0,0.0,0.0,0.0,0.0,0.0,3.0,-3.0,-1.0,ROCK,203,1336,0.0,0.0,CYCLE_OK,0.46667,0.30482,0.275,0.0,0.3333,0.3333,0.3333,interior
2026-09-07T00:01:36,260,0.0,-1.0,1.0,1.0,0.0,-1.0,-1.0,1.0,0.0,205,197,205,267,197,267,0.0,0.0,0.0,0.0,0.0,0.0,3.0,-3.0,-1.0,ROCK,197,1338,0.0,0.0,CYCLE_OK,0.46667,0.29913,0.2875,0.0,0.3333,0.3333,0.3333,interior
2026-09-07T00:02:55,261,0.0,-1.0,1.0,1.0,0.0,-1.0,-1.0,1.0,0.0,191,208,191,271,208,271,0.0,0.0,0.0,0.0,0.0,0.0,3.0,-3.0,-1.0,ROCK,191,1340,0.0,0.0,CYCLE_OK,0.46667,0.29913,0.2875,0.0,0.3333,0.3333,0.3333,interior
2026-09-07T00:06:54,262,0.0,-1.0,1.0,1.0,0.0,-1.0,-1.0,1.0,0.0,233,208,233,226,208,226,0.0,0.0,0.0,0.0,0.0,0.0,3.0,-3.0,-1.0,ROCK,208,1334,0.0,0.0,CYCLE_OK,0.46667,0.29913,0.2875,0.0,0.3333,0.3333,0.3333,interior
2026-09-07T00:08:05,263,0.0,-1.0,1.0,1.0,0.0,-1.0,-1.0,1.0,0.0,215,232,215,220,232,220,0.0,0.0,0.0,0.0,0.0,0.0,3.0,-3.0,-1.0,ROCK,215,1334,0.0,0.0,CYCLE_OK,0.46667,0.29913,0.2875,0.0,0.3333,0.3333,0.3333,interior
2026-09-07T00:08:54,264,0.0,-1.0,1.0,1.0,0.0,-1.0,-1.0,1.0,0.0,201,264,201,202,264,202,0.0,0.0,0.0,0.0,0.0,0.0,3.0,-3.0,-1.0,ROCK,201,1334,0.0,0.0,CYCLE_OK,0.46667,0.29913,0.2875,0.0,0.3333,0.3333,0.3333,interior
2026-09-07T00:10:29,265,0.0,-1.0,1.0,1.0,0.0,-1.0,-1.0,1.0,0.0,219,252,219,196,252,196,0.0,0.0,0.0,0.0,0.0,0.0,3.0,-3.0,-1.0,ROCK,196,1334,0.0,0.0,CYCLE_OK,0.44167,0.28741,0.2625,0.0,0.3333,0.3333,0.3333,interior
2026-09-07T00:12:02,266,0.0,-1.0,1.0,1.0,0.0,-1.0,-1.0,1.0,0.0,216,251,216,201,251,201,0.0,0.0,0.0,0.0,0.0,0.0,3.0,-3.0,-1.0,ROCK,201,1336,0.0,0.0,CYCLE_OK,0.44167,0.28741,0.2625,0.0,0.3333,0.3333,0.3333,interior
2026-09-07T00:13:03,267,0.0,-1.0,1.0,1.0,0.0,-1.0,-1.0,1.0,0.0,224,233,224,212,233,212,0.0,0.0,0.0,0.0,0.0,0.0,3.0,-3.0,-1.0,ROCK,212,1338,0.0,0.0,CYCLE_OK,0.46667,0.29913,0.2875,0.0,0.3333,0.3333,0.3333,interior
2026-09-07T00:13:59,268,0.0,-1.0,1.0,1.0,0.0,-1.0,-1.0,1.0,0.0,215,241,215,214,241,214,0.0,0.0,0.0,0.0,0.0,0.0,3.0,-3.0,-1.0,ROCK,214,1340,0.0,0.0,CYCLE_OK,0.46667,0.30482,0.275,0.0,0.3333,0.3333,0.3333,interior
2026-09-07T00:15:00,269,0.0,-1.0,1.0,1.0,0.0,-1.0,-1.0,1.0,0.0,220,237,220,214,237,214,0.0,0.0,0.0,0.0,0.0,0.0,3.0,-3.0,-1.0,ROCK,214,1342,0.0,0.0,CYCLE_OK,0.46667,0.30482,0.275,0.0,0.3333,0.3333,0.3333,interior
2026-09-07T00:16:13,270,0.0,-1.0,1.0,1.0,0.0,-1.0,-1.0,1.0,0.0,207,254,207,210,254,210,0.0,0.0,0.0,0.0,0.0,0.0,3.0,-3.0,-1.0,ROCK,207,1342,0.0,0.0,CYCLE_OK,0.46667,0.31141,0.2625,0.0,0.3333,0.3333,0.3333,interior
2026-09-07T00:17:32,271,0.0,-1.0,1.0,1.0,0.0,-1.0,-1.0,1.0,0.0,200,246,200,226,246,226,0.0,0.0,0.0,0.0,0.0,0.0,3.0,-3.0,-1.0,ROCK,200,1344,0.0,0.0,CYCLE_OK,0.44167,0.29386,0.25,0.0,0.3333,0.3333,0.3333,interior
2026-09-07T00:19:52,272,0.0,-1.0,1.0,1.0,0.0,-1.0,-1.0,1.0,0.0,220,198,220,252,198,252,0.0,0.0,0.0,0.0,0.0,0.0,3.0,-3.0,-1.0,ROCK,198,1340,0.0,0.0,CYCLE_OK,0.44167,0.28741,0.2625,0.0,0.3333,0.3333,0.3333,interior
2026-09-07T00:20:59,273,0.0,-1.0,1.0,1.0,0.0,-1.0,-1.0,1.0,0.0,215,195,215,260,195,260,0.0,0.0,0.0,0.0,0.0,0.0,3.0,-3.0,-1.0,ROCK,195,1340,0.0,0.0,CYCLE_OK,0.44167,0.28192,0.275,0.0,0.3333,0.3333,0.3333,interior
2026-09-07T00:22:23,274,0.0,-1.0,1.0,1.0,0.0,-1.0,-1.0,1.0,0.0,206,223,206,241,223,241,0.0,0.0,0.0,0.0,0.0,0.0,3.0,-3.0,-1.0,ROCK,206,1340,0.0,0.0,CYCLE_OK,0.44167,0.28192,0.275,0.0,0.3333,0.3333,0.3333,interior
2026-09-07T00:25:15,275,0.0,-1.0,1.0,1.0,0.0,-1.0,-1.0,1.0,0.0,191,234,191,242,234,242,0.0,0.0,0.0,0.0,0.0,0.0,3.0,-3.0,-1.0,ROCK,191,1334,0.0,0.0,CYCLE_OK,0.44167,0.28192,0.275,0.0,0.3333,0.3333,0.3333,interior
2026-09-07T00:26:15,276,0.0,-1.0,1.0,1.0,0.0,-1.0,-1.0,1.0,0.0,166,242,166,259,242,259,0.0,0.0,0.0,0.0,0.0,0.0,3.0,-3.0,-1.0,ROCK,166,1334,0.0,0.0,CYCLE_OK,0.44167,0.28741,0.2625,0.0,0.3333,0.3333,0.3333,interior
2026-09-07T00:28:07,277,0.0,-1.0,1.0,1.0,0.0,-1.0,-1.0,1.0,0.0,173,272,173,220,272,220,0.0,0.0,0.0,0.0,0.0,0.0,3.0,-3.0,-1.0,ROCK,173,1330,0.0,0.0,CYCLE_OK,0.44167,0.29386,0.25,0.0,0.3333,0.3333,0.3333,interior
2026-09-07T00:29:36,278,0.0,-1.0,1.0,1.0,0.0,-1.0,-1.0,1.0,0.0,161,291,161,215,291,215,0.0,0.0,0.0,0.0,0.0,0.0,3.0,-3.0,-1.0,ROCK,161,1334,0.0,0.0,CYCLE_OK,0.44167,0.29386,0.25,0.0,0.3333,0.3333,0.3333,interior
2026-09-07T00:32:30,279,0.0,-1.0,1.0,1.0,0.0,-1.0,-1.0,1.0,0.0,171,275,171,220,275,220,0.0,0.0,0.0,0.0,0.0,0.0,3.0,-3.0,-1.0,ROCK,171,1332,0.0,0.0,CYCLE_OK,0.44167,0.29386,0.25,0.0,0.3333,0.3333,0.3333,interior
2026-09-07T00:34:03,280,0.0,-1.0,1.0,1.0,0.0,-1.0,-1.0,1.0,0.0,163,280,163,224,280,224,0.0,0.0,0.0,0.0,0.0,0.0,3.0,-3.0,-1.0,ROCK,163,1334,0.0,0.0,CYCLE_OK,0.44167,0.29386,0.25,0.0,0.3333,0.3333,0.3333,interior
2026-09-07T00:38:16,281,0.0,-1.0,1.0,1.0,0.0,-1.0,-1.0,1.0,0.0,219,244,219,203,244,203,0.0,0.0,0.0,0.0,0.0,0.0,3.0,-3.0,-1.0,ROCK,203,1332,0.0,0.0,CYCLE_OK,0.44167,0.29386,0.25,0.0,0.3333,0.3333,0.3333,interior
2026-09-07T00:40:56,282,0.0,-1.0,1.0,1.0,0.0,-1.0,-1.0,1.0,0.0,249,223,249,193,223,193,0.0,0.0,0.0,0.0,0.0,0.0,3.0,-3.0,-1.0,ROCK,193,1330,0.0,0.0,CYCLE_OK,0.41667,0.28358,0.225,0.0,0.3333,0.3333,0.3333,interior
2026-09-07T00:42:17,283,0.0,-1.0,1.0,1.0,0.0,-1.0,-1.0,1.0,0.0,247,235,247,184,235,184,0.0,0.0,0.0,0.0,0.0,0.0,3.0,-3.0,-1.0,ROCK,184,1332,0.0,0.0,CYCLE_OK,0.41667,0.28358,0.225,0.0,0.3333,0.3333,0.3333,interior
2026-09-07T00:43:52,284,0.0,-1.0,1.0,1.0,0.0,-1.0,-1.0,1.0,0.0,229,247,229,191,247,191,0.0,0.0,0.0,0.0,0.0,0.0,3.0,-3.0,-1.0,ROCK,191,1334,0.0,0.0,CYCLE_OK,0.41667,0.29173,0.2125,0.0,0.3333,0.3333,0.3333,interior
2026-09-07T00:45:28,285,0.0,-1.0,1.0,1.0,0.0,-1.0,-1.0,1.0,0.0,232,243,232,192,243,192,0.0,0.0,0.0,0.0,0.0,0.0,3.0,-3.0,-1.0,ROCK,192,1334,0.0,0.0,CYCLE_OK,0.41667,0.29173,0.2125,0.0,0.3333,0.3333,0.3333,interior
2026-09-07T00:46:58,286,0.0,-1.0,1.0,1.0,0.0,-1.0,-1.0,1.0,0.0,196,257,196,213,257,213,0.0,0.0,0.0,0.0,0.0,0.0,3.0,-3.0,-1.0,ROCK,196,1332,0.0,0.0,CYCLE_OK,0.41667,0.29173,0.2125,0.0,0.3333,0.3333,0.3333,interior
2026-09-07T00:48:01,287,0.0,-1.0,1.0,1.0,0.0,-1.0,-1.0,1.0,0.0,163,274,163,229,274,229,0.0,0.0,0.0,0.0,0.0,0.0,3.0,-3.0,-1.0,ROCK,163,1332,0.0,0.0,CYCLE_OK,0.41667,0.29173,0.2125,0.0,0.3333,0.3333,0.3333,interior
2026-09-07T00:49:50,288,0.0,-1.0,1.0,1.0,0.0,-1.0,-1.0,1.0,0.0,158,283,158,225,283,225,0.0,0.0,0.0,0.0,0.0,0.0,3.0,-3.0,-1.0,ROCK,158,1332,0.0,0.0,CYCLE_OK,0.43333,0.30069,0.225,0.0,0.3333,0.3333,0.3333,interior
2026-09-07T00:50:41,289,0.0,-1.0,1.0,1.0,0.0,-1.0,-1.0,1.0,0.0,165,278,165,223,278,223,0.0,0.0,0.0,0.0,0.0,0.0,3.0,-3.0,-1.0,ROCK,165,1332,0.0,0.0,CYCLE_OK,0.43333,0.30069,0.225,0.0,0.3333,0.3333,0.3333,interior
2026-09-07T00:52:21,290,0.0,-1.0,1.0,1.0,0.0,-1.0,-1.0,1.0,0.0,191,246,191,230,246,230,0.0,0.0,0.0,0.0,0.0,0.0,3.0,-3.0,-1.0,ROCK,191,1334,0.0,0.0,CYCLE_OK,0.43333,0.2928,0.2375,0.0,0.3333,0.3333,0.3333,interior
2026-09-07T00:53:41,291,0.0,-1.0,1.0,1.0,0.0,-1.0,-1.0,1.0,0.0,187,252,187,228,252,228,0.0,0.0,0.0,0.0,0.0,0.0,3.0,-3.0,-1.0,ROCK,187,1334,0.0,0.0,CYCLE_OK,0.40833,0.28303,0.2125,0.0,0.3333,0.3333,0.3333,interior
2026-09-07T00:56:12,292,0.0,-1.0,1.0,1.0,0.0,-1.0,-1.0,1.0,0.0,188,253,188,226,253,226,0.0,0.0,0.0,0.0,0.0,0.0,3.0,-3.0,-1.0,ROCK,188,1334,0.0,0.0,CYCLE_OK,0.40833,0.28303,0.2125,0.0,0.3333,0.3333,0.3333,interior
2026-09-07T00:57:42,293,0.0,-1.0,1.0,1.0,0.0,-1.0,-1.0,1.0,0.0,235,232,235,199,232,199,0.0,0.0,0.0,0.0,0.0,0.0,3.0,-3.0,-1.0,ROCK,199,1332,0.0,0.0,CYCLE_OK,0.38333,0.26536,0.2,0.0,0.3333,0.3333,0.3333,interior
2026-09-07T00:58:37,294,0.0,-1.0,1.0,1.0,0.0,-1.0,-1.0,1.0,0.0,237,226,237,204,226,204,0.0,0.0,0.0,0.0,0.0,0.0,3.0,-3.0,-1.0,ROCK,204,1334,0.0,0.0,CYCLE_OK,0.38333,0.26536,0.2,0.0,0.3333,0.3333,0.3333,interior
2026-09-07T01:00:27,295,0.0,-1.0,1.0,1.0,0.0,-1.0,-1.0,1.0,0.0,232,216,232,219,216,219,0.0,0.0,0.0,0.0,0.0,0.0,3.0,-3.0,-1.0,ROCK,216,1334,0.0,0.0,CYCLE_OK,0.36667,0.25638,0.1875,0.0,0.3333,0.3333,0.3333,interior
2026-09-07T01:02:06,296,0.0,-1.0,1.0,1.0,0.0,-1.0,-1.0,1.0,0.0,209,211,209,246,211,246,0.0,0.0,0.0,0.0,0.0,0.0,3.0,-3.0,-1.0,ROCK,209,1332,0.0,0.0,CYCLE_OK,0.38333,0.26536,0.2,0.0,0.3333,0.3333,0.3333,interior
2026-09-07T01:03:25,297,0.0,-1.0,1.0,1.0,0.0,-1.0,-1.0,1.0,0.0,208,214,208,244,214,244,0.0,0.0,0.0,0.0,0.0,0.0,3.0,-3.0,-1.0,ROCK,208,1332,0.0,0.0,CYCLE_OK,0.36667,0.25638,0.1875,0.0,0.3333,0.3333,0.3333,interior
2026-09-07T01:04:24,298,0.0,-1.0,1.0,1.0,0.0,-1.0,-1.0,1.0,0.0,200,205,200,261,205,261,0.0,0.0,0.0,0.0,0.0,0.0,3.0,-3.0,-1.0,ROCK,200,1332,0.0,0.0,CYCLE_OK,0.36667,0.25638,0.1875,0.0,0.3333,0.3333,0.3333,interior
2026-09-07T01:05:40,299,0.0,-1.0,1.0,1.0,0.0,-1.0,-1.0,1.0,0.0,237,198,237,236,198,236,0.0,0.0,0.0,0.0,0.0,0.0,3.0,-3.0,-1.0,ROCK,198,1342,0.0,0.0,CYCLE_OK,0.34167,0.2387,0.175,0.0,0.3333,0.3333,0.3333,interior
2026-09-07T01:07:28,300,0.0,-1.0,1.0,1.0,0.0,-1.0,-1.0,1.0,0.0,227,227,227,216,227,216,0.0,0.0,0.0,0.0,0.0,0.0,3.0,-3.0,-1.0,ROCK,216,1340,0.0,0.0,CYCLE_OK,0.34167,0.2387,0.175,0.0,0.3333,0.3333,0.3333,interior
2026-09-07T01:08:50,301,0.0,-1.0,1.0,1.0,0.0,-1.0,-1.0,1.0,0.0,229,207,229,234,207,234,0.0,0.0,0.0,0.0,0.0,0.0,3.0,-3.0,-1.0,ROCK,207,1340,0.0,0.0,CYCLE_OK,0.34167,0.23071,0.1875,0.0,0.3333,0.3333,0.3333,interior
2026-09-07T01:09:49,302,0.0,-1.0,1.0,1.0,0.0,-1.0,-1.0,1.0,0.0,230,209,230,231,209,231,0.0,0.0,0.0,0.0,0.0,0.0,3.0,-3.0,-1.0,ROCK,209,1340,0.0,0.0,CYCLE_OK,0.34167,0.23071,0.1875,0.0,0.3333,0.3333,0.3333,interior
2026-09-07T01:11:04,303,0.0,-1.0,1.0,1.0,0.0,-1.0,-1.0,1.0,0.0,245,201,245,223,201,223,0.0,0.0,0.0,0.0,0.0,0.0,3.0,-3.0,-1.0,ROCK,201,1338,0.0,0.0,CYCLE_OK,0.34167,0.23071,0.1875,0.0,0.3333,0.3333,0.3333,interior
2026-09-07T01:12:52,304,0.0,-1.0,1.0,1.0,0.0,-1.0,-1.0,1.0,0.0,219,223,219,226,223,226,0.0,0.0,0.0,0.0,0.0,0.0,3.0,-3.0,-1.0,ROCK,219,1336,0.0,0.0,CYCLE_OK,0.34167,0.2387,0.175,0.0,0.3333,0.3333,0.3333,interior
2026-09-07T01:14:09,305,0.0,-1.0,1.0,1.0,0.0,-1.0,-1.0,1.0,0.0,219,207,219,242,207,242,0.0,0.0,0.0,0.0,0.0,0.0,3.0,-3.0,-1.0,ROCK,207,1336,0.0,0.0,CYCLE_OK,0.34167,0.23071,0.1875,0.0,0.3333,0.3333,0.3333,interior
2026-09-07T01:15:11,306,0.0,-1.0,1.0,1.0,0.0,-1.0,-1.0,1.0,0.0,223,211,223,235,211,235,0.0,0.0,0.0,0.0,0.0,0.0,3.0,-3.0,-1.0,ROCK,211,1338,0.0,0.0,CYCLE_OK,0.34167,0.23071,0.1875,0.0,0.3333,0.3333,0.3333,interior
2026-09-07T01:16:11,307,0.0,-1.0,1.0,1.0,0.0,-1.0,-1.0,1.0,0.0,227,184,227,259,184,259,0.0,0.0,0.0,0.0,0.0,0.0,3.0,-3.0,-1.0,ROCK,184,1340,0.0,0.0,CYCLE_OK,0.34167,0.22384,0.2,0.0,0.3333,0.3333,0.3333,interior
2026-09-07T01:18:09,308,0.0,-1.0,1.0,1.0,0.0,-1.0,-1.0,1.0,0.0,233,207,233,230,207,230,0.0,0.0,0.0,0.0,0.0,0.0,3.0,-3.0,-1.0,ROCK,207,1340,0.0,0.0,CYCLE_OK,0.36667,0.24131,0.2125,0.0,0.3333,0.3333,0.3333,interior
2026-09-07T01:19:48,309,0.0,-1.0,1.0,1.0,0.0,-1.0,-1.0,1.0,0.0,199,222,199,246,222,246,0.0,0.0,0.0,0.0,0.0,0.0,3.0,-3.0,-1.0,ROCK,199,1334,0.0,0.0,CYCLE_OK,0.36667,0.24833,0.2,0.0,0.3333,0.3333,0.3333,interior
2026-09-07T01:20:56,310,0.0,-1.0,1.0,1.0,0.0,-1.0,-1.0,1.0,0.0,199,227,199,241,227,241,0.0,0.0,0.0,0.0,0.0,0.0,3.0,-3.0,-1.0,ROCK,199,1334,0.0,0.0,CYCLE_OK,0.36667,0.24833,0.2,0.0,0.3333,0.3333,0.3333,interior
2026-09-07T01:21:50,311,0.0,-1.0,1.0,1.0,0.0,-1.0,-1.0,1.0,0.0,177,262,177,228,262,228,0.0,0.0,0.0,0.0,0.0,0.0,3.0,-3.0,-1.0,ROCK,177,1334,0.0,0.0,CYCLE_OK,0.36667,0.24833,0.2,0.0,0.3333,0.3333,0.3333,interior
2026-09-07T01:23:52,312,0.0,-1.0,1.0,1.0,0.0,-1.0,-1.0,1.0,0.0,176,251,176,240,251,240,0.0,0.0,0.0,0.0,0.0,0.0,3.0,-3.0,-1.0,ROCK,176,1334,0.0,0.0,CYCLE_OK,0.39167,0.2588,0.225,0.0,0.3333,0.3333,0.3333,interior
2026-09-07T01:24:50,313,0.0,-1.0,1.0,1.0,0.0,-1.0,-1.0,1.0,0.0,195,240,195,233,240,233,0.0,0.0,0.0,0.0,0.0,0.0,3.0,-3.0,-1.0,ROCK,195,1336,0.0,0.0,CYCLE_OK,0.36667,0.24131,0.2125,0.0,0.3333,0.3333,0.3333,interior
2026-09-07T01:25:33,314,0.0,-1.0,1.0,1.0,0.0,-1.0,-1.0,1.0,0.0,201,208,201,259,208,259,0.0,0.0,0.0,0.0,0.0,0.0,3.0,-3.0,-1.0,ROCK,201,1336,0.0,0.0,CYCLE_OK,0.36667,0.23541,0.225,0.0,0.3333,0.3333,0.3333,interior
2026-09-07T01:27:24,315,0.0,-1.0,1.0,1.0,0.0,-1.0,-1.0,1.0,0.0,213,192,213,264,192,264,0.0,0.0,0.0,0.0,0.0,0.0,3.0,-3.0,-1.0,ROCK,192,1338,0.0,0.0,CYCLE_OK,0.36667,0.23071,0.2375,0.0,0.3333,0.3333,0.3333,interior
2026-09-07T01:28:27,316,0.0,-1.0,1.0,1.0,0.0,-1.0,-1.0,1.0,0.0,228,170,228,271,170,271,0.0,0.0,0.0,0.0,0.0,0.0,3.0,-3.0,-1.0,ROCK,170,1338,0.0,0.0,CYCLE_OK,0.36667,0.2273,0.25,0.0,0.3333,0.3333,0.3333,interior
2026-09-07T01:30:08,317,0.0,-1.0,1.0,1.0,0.0,-1.0,-1.0,1.0,0.0,228,175,228,267,175,267,0.0,0.0,0.0,0.0,0.0,0.0,3.0,-3.0,-1.0,ROCK,175,1340,0.0,0.0,CYCLE_OK,0.36667,0.2273,0.25,0.0,0.3333,0.3333,0.3333,interior
2026-09-07T01:31:25,318,0.0,-1.0,1.0,1.0,0.0,-1.0,-1.0,1.0,0.0,222,177,222,269,177,269,0.0,0.0,0.0,0.0,0.0,0.0,3.0,-3.0,-1.0,ROCK,177,1336,0.0,0.0,CYCLE_OK,0.36667,0.2273,0.25,0.0,0.3333,0.3333,0.3333,interior
2026-09-07T01:32:08,319,0.0,-1.0,1.0,1.0,0.0,-1.0,-1.0,1.0,0.0,226,164,226,279,164,279,0.0,0.0,0.0,0.0,0.0,0.0,3.0,-3.0,-1.0,ROCK,164,1338,0.0,0.0,CYCLE_OK,0.36667,0.22523,0.2625,0.0,0.3333,0.3333,0.3333,interior
2026-09-07T01:33:21,320,0.0,-1.0,1.0,1.0,0.0,-1.0,-1.0,1.0,0.0,222,170,222,277,170,277,0.0,0.0,0.0,0.0,0.0,0.0,3.0,-3.0,-1.0,ROCK,170,1338,0.0,0.0,CYCLE_OK,0.36667,0.22523,0.2625,0.0,0.3333,0.3333,0.3333,interior
2026-09-07T01:35:14,321,0.0,-1.0,1.0,1.0,0.0,-1.0,-1.0,1.0,0.0,221,174,221,277,174,277,0.0,0.0,0.0,0.0,0.0,0.0,3.0,-3.0,-1.0,ROCK,174,1344,0.0,0.0,CYCLE_OK,0.36667,0.22523,0.2625,0.0,0.3333,0.3333,0.3333,interior
2026-09-07T01:36:04,322,0.0,-1.0,1.0,1.0,0.0,-1.0,-1.0,1.0,0.0,235,179,235,260,179,260,0.0,0.0,0.0,0.0,0.0,0.0,3.0,-3.0,-1.0,ROCK,179,1348,0.0,0.0,CYCLE_OK,0.34167,0.20941,0.25,0.0,0.3333,0.3333,0.3333,interior
2026-09-07T01:37:01,323,0.0,-1.0,1.0,1.0,0.0,-1.0,-1.0,1.0,0.0,216,200,216,258,200,258,0.0,0.0,0.0,0.0,0.0,0.0,3.0,-3.0,-1.0,ROCK,200,1348,0.0,0.0,CYCLE_OK,0.34167,0.20941,0.25,0.0,0.3333,0.3333,0.3333,interior
2026-09-07T01:38:00,324,0.0,-1.0,1.0,1.0,0.0,-1.0,-1.0,1.0,0.0,221,223,221,229,223,229,0.0,0.0,0.0,0.0,0.0,0.0,3.0,-3.0,-1.0,ROCK,221,1346,0.0,0.0,CYCLE_OK,0.34167,0.20941,0.25,0.0,0.3333,0.3333,0.3333,interior
2026-09-07T01:39:21,325,0.0,-1.0,1.0,1.0,0.0,-1.0,-1.0,1.0,0.0,223,230,223,218,230,218,0.0,0.0,0.0,0.0,0.0,0.0,3.0,-3.0,-1.0,ROCK,218,1342,0.0,0.0,CYCLE_OK,0.34167,0.20941,0.25,0.0,0.3333,0.3333,0.3333,interior
2026-09-07T01:39:57,326,0.0,-1.0,1.0,1.0,0.0,-1.0,-1.0,1.0,0.0,201,216,201,254,216,254,0.0,0.0,0.0,0.0,0.0,0.0,3.0,-3.0,-1.0,ROCK,201,1342,0.0,0.0,CYCLE_OK,0.34167,0.20941,0.2625,0.0,0.3333,0.3333,0.3333,interior
2026-09-07T01:41:29,327,0.0,-1.0,1.0,1.0,0.0,-1.0,-1.0,1.0,0.0,206,229,206,234,229,234,0.0,0.0,0.0,0.0,0.0,0.0,3.0,-3.0,-1.0,ROCK,206,1338,0.0,0.0,CYCLE_OK,0.34167,0.2109,0.275,0.0,0.3333,0.3333,0.3333,interior
2026-09-07T01:42:26,328,0.0,-1.0,1.0,1.0,0.0,-1.0,-1.0,1.0,0.0,208,215,208,245,215,245,0.0,0.0,0.0,0.0,0.0,0.0,3.0,-3.0,-1.0,ROCK,208,1336,0.0,0.0,CYCLE_OK,0.34167,0.2109,0.275,0.0,0.3333,0.3333,0.3333,interior
2026-09-07T01:44:10,329,0.0,-1.0,1.0,1.0,0.0,-1.0,-1.0,1.0,0.0,187,227,187,253,227,253,0.0,0.0,0.0,0.0,0.0,0.0,3.0,-3.0,-1.0,ROCK,187,1334,0.0,0.0,CYCLE_OK,0.34167,0.2109,0.275,0.0,0.3333,0.3333,0.3333,interior
2026-09-07T01:45:39,330,0.0,-1.0,1.0,1.0,0.0,-1.0,-1.0,1.0,0.0,180,219,180,269,219,269,0.0,0.0,0.0,0.0,0.0,0.0,3.0,-3.0,-1.0,ROCK,180,1336,0.0,0.0,CYCLE_OK,0.34167,0.2109,0.275,0.0,0.3333,0.3333,0.3333,interior
2026-09-07T01:46:35,331,0.0,-1.0,1.0,1.0,0.0,-1.0,-1.0,1.0,0.0,195,215,195,259,215,259,0.0,0.0,0.0,0.0,0.0,0.0,3.0,-3.0,-1.0,ROCK,195,1338,0.0,0.0,CYCLE_OK,0.34167,0.2109,0.275,0.0,0.3333,0.3333,0.3333,interior
2026-09-07T01:47:34,332,0.0,-1.0,1.0,1.0,0.0,-1.0,-1.0,1.0,0.0,185,216,185,267,216,267,0.0,0.0,0.0,0.0,0.0,0.0,3.0,-3.0,-1.0,ROCK,185,1336,0.0,0.0,CYCLE_OK,0.34167,0.2109,0.275,0.0,0.3333,0.3333,0.3333,interior
2026-09-07T01:49:15,333,0.0,-1.0,1.0,1.0,0.0,-1.0,-1.0,1.0,0.0,178,249,178,240,249,240,0.0,0.0,0.0,0.0,0.0,0.0,3.0,-3.0,-1.0,ROCK,178,1334,0.0,0.0,CYCLE_OK,0.34167,0.2109,0.275,0.0,0.3333,0.3333,0.3333,interior
2026-09-07T01:51:06,334,0.0,-1.0,1.0,1.0,0.0,-1.0,-1.0,1.0,0.0,184,235,184,249,235,249,0.0,0.0,0.0,0.0,0.0,0.0,3.0,-3.0,-1.0,ROCK,184,1336,0.0,0.0,CYCLE_OK,0.36667,0.2273,0.3,0.0,0.3333,0.3333,0.3333,interior
2026-09-07T01:51:59,335,0.0,-1.0,1.0,1.0,0.0,-1.0,-1.0,1.0,0.0,203,202,203,264,202,264,0.0,0.0,0.0,0.0,0.0,0.0,3.0,-3.0,-1.0,ROCK,202,1338,0.0,0.0,CYCLE_OK,0.36667,0.2273,0.3,0.0,0.3333,0.3333,0.3333,interior
2026-09-07T01:52:54,336,0.0,-1.0,1.0,1.0,0.0,-1.0,-1.0,1.0,0.0,227,201,227,241,201,241,0.0,0.0,0.0,0.0,0.0,0.0,3.0,-3.0,-1.0,ROCK,201,1338,0.0,0.0,CYCLE_OK,0.34167,0.2109,0.275,0.0,0.3333,0.3333,0.3333,interior
2026-09-07T01:54:06,337,0.0,-1.0,1.0,1.0,0.0,-1.0,-1.0,1.0,0.0,217,227,217,225,227,225,0.0,0.0,0.0,0.0,0.0,0.0,3.0,-3.0,-1.0,ROCK,217,1338,0.0,0.0,CYCLE_OK,0.34167,0.2109,0.275,0.0,0.3333,0.3333,0.3333,interior
2026-09-07T01:55:42,338,0.0,-1.0,1.0,1.0,0.0,-1.0,-1.0,1.0,0.0,229,223,229,218,223,218,0.0,0.0,0.0,0.0,0.0,0.0,3.0,-3.0,-1.0,ROCK,218,1340,0.0,0.0,CYCLE_OK,0.31667,0.19711,0.2625,0.0,0.3333,0.3333,0.3333,interior
2026-09-07T01:56:43,339,0.0,-1.0,1.0,1.0,0.0,-1.0,-1.0,1.0,0.0,234,207,234,229,207,229,0.0,0.0,0.0,0.0,0.0,0.0,3.0,-3.0,-1.0,ROCK,207,1340,0.0,0.0,CYCLE_OK,0.31667,0.19711,0.2625,0.0,0.3333,0.3333,0.3333,interior
2026-09-07T01:57:33,340,0.0,-1.0,1.0,1.0,0.0,-1.0,-1.0,1.0,0.0,234,184,234,253,184,253,0.0,0.0,0.0,0.0,0.0,0.0,3.0,-3.0,-1.0,ROCK,184,1342,0.0,0.0,CYCLE_OK,0.31667,0.19711,0.2625,0.0,0.3333,0.3333,0.3333,interior
2026-09-07T01:59:14,341,0.0,-1.0,1.0,1.0,0.0,-1.0,-1.0,1.0,0.0,244,197,244,229,197,229,0.0,0.0,0.0,0.0,0.0,0.0,3.0,-3.0,-1.0,ROCK,197,1340,0.0,0.0,CYCLE_OK,0.31667,0.20104,0.275,0.0,0.3333,0.3333,0.3333,interior
2026-09-07T02:00:30,342,0.0,-1.0,1.0,1.0,0.0,-1.0,-1.0,1.0,0.0,219,193,219,257,193,257,0.0,0.0,0.0,0.0,0.0,0.0,3.0,-3.0,-1.0,ROCK,193,1338,0.0,0.0,CYCLE_OK,0.34167,0.21818,0.3,0.0,0.3333,0.3333,0.3333,interior
2026-09-07T02:02:34,343,0.0,-1.0,1.0,1.0,0.0,-1.0,-1.0,1.0,0.0,222,188,222,257,188,257,0.0,0.0,0.0,0.0,0.0,0.0,3.0,-3.0,-1.0,ROCK,188,1334,0.0,0.0,CYCLE_OK,0.34167,0.22384,0.3125,0.0,0.3333,0.3333,0.3333,interior
2026-09-07T02:03:59,344,0.0,-1.0,1.0,1.0,0.0,-1.0,-1.0,1.0,0.0,211,172,211,284,172,284,0.0,0.0,0.0,0.0,0.0,0.0,3.0,-3.0,-1.0,ROCK,172,1334,0.0,0.0,CYCLE_OK,0.34167,0.23071,0.325,0.0,0.3333,0.3333,0.3333,interior
2026-09-07T02:05:55,345,0.0,-1.0,1.0,1.0,0.0,-1.0,-1.0,1.0,0.0,235,204,235,227,204,227,0.0,0.0,0.0,0.0,0.0,0.0,3.0,-3.0,-1.0,ROCK,204,1332,0.0,0.0,CYCLE_OK,0.34167,0.23071,0.325,0.0,0.3333,0.3333,0.3333,interior
2026-09-07T02:07:07,346,0.0,-1.0,1.0,1.0,0.0,-1.0,-1.0,1.0,0.0,227,192,227,247,192,247,0.0,0.0,0.0,0.0,0.0,0.0,3.0,-3.0,-1.0,ROCK,192,1332,0.0,0.0,CYCLE_OK,0.34167,0.23071,0.325,0.0,0.3333,0.3333,0.3333,interior
2026-09-07T02:08:03,347,0.0,-1.0,1.0,1.0,0.0,-1.0,-1.0,1.0,0.0,216,200,216,251,200,251,0.0,0.0,0.0,0.0,0.0,0.0,3.0,-3.0,-1.0,ROCK,200,1334,0.0,0.0,CYCLE_OK,0.34167,0.22384,0.3125,0.0,0.3333,0.3333,0.3333,interior
2026-09-07T02:09:01,348,0.0,-1.0,1.0,1.0,0.0,-1.0,-1.0,1.0,0.0,222,211,222,234,211,234,0.0,0.0,0.0,0.0,0.0,0.0,3.0,-3.0,-1.0,ROCK,211,1334,0.0,0.0,CYCLE_OK,0.34167,0.23071,0.325,0.0,0.3333,0.3333,0.3333,interior
2026-09-07T02:11:21,349,0.0,-1.0,1.0,1.0,0.0,-1.0,-1.0,1.0,0.0,233,199,233,237,199,237,0.0,0.0,0.0,0.0,0.0,0.0,3.0,-3.0,-1.0,ROCK,199,1338,0.0,0.0,CYCLE_OK,0.34167,0.23071,0.325,0.0,0.3333,0.3333,0.3333,interior
2026-09-07T02:12:28,350,0.0,-1.0,1.0,1.0,0.0,-1.0,-1.0,1.0,0.0,205,198,205,265,198,265,0.0,0.0,0.0,0.0,0.0,0.0,3.0,-3.0,-1.0,ROCK,198,1336,0.0,0.0,CYCLE_OK,0.34167,0.2387,0.3375,0.0,0.3333,0.3333,0.3333,interior
2026-09-07T02:14:10,351,0.0,-1.0,1.0,1.0,0.0,-1.0,-1.0,1.0,0.0,206,208,206,254,208,254,0.0,0.0,0.0,0.0,0.0,0.0,3.0,-3.0,-1.0,ROCK,206,1336,0.0,0.0,CYCLE_OK,0.36667,0.24833,0.35,0.0,0.3333,0.3333,0.3333,interior
2026-09-07T02:15:25,352,0.0,-1.0,1.0,1.0,0.0,-1.0,-1.0,1.0,0.0,197,225,197,245,225,245,0.0,0.0,0.0,0.0,0.0,0.0,3.0,-3.0,-1.0,ROCK,197,1334,0.0,0.0,CYCLE_OK,0.36667,0.24131,0.3375,0.0,0.3333,0.3333,0.3333,interior
2026-09-07T02:16:43,353,0.0,-1.0,1.0,1.0,0.0,-1.0,-1.0,1.0,0.0,198,209,198,261,209,261,0.0,0.0,0.0,0.0,0.0,0.0,3.0,-3.0,-1.0,ROCK,198,1336,0.0,0.0,CYCLE_OK,0.36667,0.24131,0.3375,0.0,0.3333,0.3333,0.3333,interior
2026-09-07T02:17:59,354,0.0,-1.0,1.0,1.0,0.0,-1.0,-1.0,1.0,0.0,193,208,193,266,208,266,0.0,0.0,0.0,0.0,0.0,0.0,3.0,-3.0,-1.0,ROCK,193,1334,0.0,0.0,CYCLE_OK,0.36667,0.24833,0.35,0.0,0.3333,0.3333,0.3333,interior
2026-09-07T02:18:50,355,0.0,-1.0,1.0,1.0,0.0,-1.0,-1.0,1.0,0.0,183,203,183,282,203,282,0.0,0.0,0.0,0.0,0.0,0.0,3.0,-3.0,-1.0,ROCK,183,1336,0.0,0.0,CYCLE_OK,0.36667,0.25638,0.3625,0.0,0.3333,0.3333,0.3333,interior
2026-09-07T02:20:16,356,0.0,-1.0,1.0,1.0,0.0,-1.0,-1.0,1.0,0.0,205,190,205,273,190,273,0.0,0.0,0.0,0.0,0.0,0.0,3.0,-3.0,-1.0,ROCK,190,1336,0.0,0.0,CYCLE_OK,0.38333,0.26536,0.375,0.0,0.3333,0.3333,0.3333,interior
2026-09-07T02:21:34,357,0.0,-1.0,1.0,1.0,0.0,-1.0,-1.0,1.0,0.0,221,158,221,290,158,290,0.0,0.0,0.0,0.0,0.0,0.0,3.0,-3.0,-1.0,ROCK,158,1338,0.0,0.0,CYCLE_OK,0.40833,0.27519,0.3875,0.0,0.3333,0.3333,0.3333,interior
2026-09-07T02:22:35,358,0.0,-1.0,1.0,1.0,0.0,-1.0,-1.0,1.0,0.0,207,177,207,286,177,286,0.0,0.0,0.0,0.0,0.0,0.0,3.0,-3.0,-1.0,ROCK,177,1340,0.0,0.0,CYCLE_OK,0.40833,0.27519,0.3875,0.0,0.3333,0.3333,0.3333,interior
2026-09-07T02:23:46,359,0.0,-1.0,1.0,1.0,0.0,-1.0,-1.0,1.0,0.0,188,213,188,270,213,270,0.0,0.0,0.0,0.0,0.0,0.0,3.0,-3.0,-1.0,ROCK,188,1342,0.0,0.0,CYCLE_OK,0.40833,0.27519,0.3875,0.0,0.3333,0.3333,0.3333,interior
2026-09-07T02:24:49,360,0.0,-1.0,1.0,1.0,0.0,-1.0,-1.0,1.0,0.0,187,227,187,256,227,256,0.0,0.0,0.0,0.0,0.0,0.0,3.0,-3.0,-1.0,ROCK,187,1340,0.0,0.0,CYCLE_OK,0.43333,0.28577,0.4,0.0,0.3333,0.3333,0.3333,interior
2026-09-07T02:25:46,361,0.0,-1.0,1.0,1.0,0.0,-1.0,-1.0,1.0,0.0,198,204,198,270,204,270,0.0,0.0,0.0,0.0,0.0,0.0,3.0,-3.0,-1.0,ROCK,198,1344,0.0,0.0,CYCLE_OK,0.43333,0.28577,0.4,0.0,0.3333,0.3333,0.3333,interior
2026-09-07T02:26:31,362,0.0,-1.0,1.0,1.0,0.0,-1.0,-1.0,1.0,0.0,190,220,190,261,220,261,0.0,0.0,0.0,0.0,0.0,0.0,3.0,-3.0,-1.0,ROCK,190,1342,0.0,0.0,CYCLE_OK,0.45833,0.30328,0.425,0.0,0.3333,0.3333,0.3333,interior
2026-09-07T02:28:26,363,0.0,-1.0,1.0,1.0,0.0,-1.0,-1.0,1.0,0.0,208,199,208,262,199,262,0.0,0.0,0.0,0.0,0.0,0.0,3.0,-3.0,-1.0,ROCK,199,1338,0.0,0.0,CYCLE_OK,0.48333,0.31441,0.4375,0.0,0.3333,0.3333,0.3333,interior
2026-09-07T02:29:43,364,0.0,-1.0,1.0,1.0,0.0,-1.0,-1.0,1.0,0.0,226,174,226,267,174,267,0.0,0.0,0.0,0.0,0.0,0.0,3.0,-3.0,-1.0,ROCK,174,1334,0.0,0.0,CYCLE_OK,0.50833,0.32612,0.45,0.0,0.3333,0.3333,0.3333,interior
2026-09-07T02:30:54,365,0.0,-1.0,1.0,1.0,0.0,-1.0,-1.0,1.0,0.0,226,171,226,270,171,270,0.0,0.0,0.0,0.0,0.0,0.0,3.0,-3.0,-1.0,ROCK,171,1334,0.0,0.0,CYCLE_OK,0.50833,0.32612,0.45,0.0,0.3333,0.3333,0.3333,interior
2026-09-07T02:31:45,366,0.0,-1.0,1.0,1.0,0.0,-1.0,-1.0,1.0,0.0,221,166,221,281,166,281,0.0,0.0,0.0,0.0,0.0,0.0,3.0,-3.0,-1.0,ROCK,166,1336,0.0,0.0,CYCLE_OK,0.53333,0.33835,0.4625,0.0,0.3333,0.3333,0.3333,interior
2026-09-07T02:34:50,367,0.0,-1.0,1.0,1.0,0.0,-1.0,-1.0,1.0,0.0,209,217,209,240,217,240,0.0,0.0,0.0,0.0,0.0,0.0,3.0,-3.0,-1.0,ROCK,209,1332,0.0,0.0,CYCLE_OK,0.53333,0.33835,0.4625,0.0,0.3333,0.3333,0.3333,interior
2026-09-07T02:35:48,368,0.0,-1.0,1.0,1.0,0.0,-1.0,-1.0,1.0,0.0,222,186,222,259,186,259,0.0,0.0,0.0,0.0,0.0,0.0,3.0,-3.0,-1.0,ROCK,186,1334,0.0,0.0,CYCLE_OK,0.55833,0.35104,0.475,0.0,0.3333,0.3333,0.3333,interior
2026-09-07T02:37:05,369,0.0,-1.0,1.0,1.0,0.0,-1.0,-1.0,1.0,0.0,214,218,214,234,218,234,0.0,0.0,0.0,0.0,0.0,0.0,3.0,-3.0,-1.0,ROCK,214,1332,0.0,0.0,CYCLE_OK,0.53333,0.33417,0.45,0.0,0.3333,0.3333,0.3333,interior
2026-09-07T02:38:34,370,0.0,-1.0,1.0,1.0,0.0,-1.0,-1.0,1.0,0.0,245,226,245,196,226,196,0.0,0.0,0.0,0.0,0.0,0.0,3.0,-3.0,-1.0,ROCK,196,1334,0.0,0.0,CYCLE_OK,0.53333,0.33417,0.45,0.0,0.3333,0.3333,0.3333,interior
2026-09-07T02:39:19,371,0.0,-1.0,1.0,1.0,0.0,-1.0,-1.0,1.0,0.0,217,246,217,204,246,204,0.0,0.0,0.0,0.0,0.0,0.0,3.0,-3.0,-1.0,ROCK,204,1334,0.0,0.0,CYCLE_OK,0.50833,0.32129,0.4375,0.0,0.3333,0.3333,0.3333,interior
2026-09-07T02:40:24,372,0.0,-1.0,1.0,1.0,0.0,-1.0,-1.0,1.0,0.0,219,251,219,196,251,196,0.0,0.0,0.0,0.0,0.0,0.0,3.0,-3.0,-1.0,ROCK,196,1332,0.0,0.0,CYCLE_OK,0.50833,0.32129,0.4375,0.0,0.3333,0.3333,0.3333,interior
2026-09-07T02:41:32,373,0.0,-1.0,1.0,1.0,0.0,-1.0,-1.0,1.0,0.0,188,276,188,202,276,202,0.0,0.0,0.0,0.0,0.0,0.0,3.0,-3.0,-1.0,ROCK,188,1332,0.0,0.0,CYCLE_OK,0.50833,0.32612,0.45,0.0,0.3333,0.3333,0.3333,interior
2026-09-07T02:42:34,374,0.0,-1.0,1.0,1.0,0.0,-1.0,-1.0,1.0,0.0,193,266,193,208,266,208,0.0,0.0,0.0,0.0,0.0,0.0,3.0,-3.0,-1.0,ROCK,193,1334,0.0,0.0,CYCLE_OK,0.50833,0.32612,0.45,0.0,0.3333,0.3333,0.3333,interior
2026-09-07T02:44:09,375,0.0,-1.0,1.0,1.0,0.0,-1.0,-1.0,1.0,0.0,182,241,182,243,241,243,0.0,0.0,0.0,0.0,0.0,0.0,3.0,-3.0,-1.0,ROCK,182,1332,0.0,0.0,CYCLE_OK,0.50833,0.32612,0.45,0.0,0.3333,0.3333,0.3333,interior
2026-09-07T02:45:48,376,0.0,-1.0,1.0,1.0,0.0,-1.0,-1.0,1.0,0.0,193,220,193,254,220,254,0.0,0.0,0.0,0.0,0.0,0.0,3.0,-3.0,-1.0,ROCK,193,1334,0.0,0.0,CYCLE_OK,0.50833,0.32612,0.45,0.0,0.3333,0.3333,0.3333,interior
2026-09-07T02:46:24,377,0.0,-1.0,1.0,1.0,0.0,-1.0,-1.0,1.0,0.0,183,222,183,262,222,262,0.0,0.0,0.0,0.0,0.0,0.0,3.0,-3.0,-1.0,ROCK,183,1334,0.0,0.0,CYCLE_OK,0.50833,0.32612,0.45,0.0,0.3333,0.3333,0.3333,interior
2026-09-07T02:47:25,378,0.0,-1.0,1.0,1.0,0.0,-1.0,-1.0,1.0,0.0,191,214,191,264,214,264,0.0,0.0,0.0,0.0,0.0,0.0,3.0,-3.0,-1.0,ROCK,191,1338,0.0,0.0,CYCLE_OK,0.48333,0.31441,0.4375,0.0,0.3333,0.3333,0.3333,interior
2026-09-07T02:48:13,379,0.0,-1.0,1.0,1.0,0.0,-1.0,-1.0,1.0,0.0,197,215,197,258,215,258,0.0,0.0,0.0,0.0,0.0,0.0,3.0,-3.0,-1.0,ROCK,197,1340,0.0,0.0,CYCLE_OK,0.50833,0.33182,0.4625,0.0,0.3333,0.3333,0.3333,interior
2026-09-07T02:49:26,380,0.0,-1.0,1.0,1.0,0.0,-1.0,-1.0,1.0,0.0,198,213,198,259,213,259,0.0,0.0,0.0,0.0,0.0,0.0,3.0,-3.0,-1.0,ROCK,198,1340,0.0,0.0,CYCLE_OK,0.53333,0.34339,0.475,0.0,0.3333,0.3333,0.3333,interior
2026-09-07T02:51:11,381,0.0,-1.0,1.0,1.0,0.0,-1.0,-1.0,1.0,0.0,203,202,203,265,202,265,0.0,0.0,0.0,0.0,0.0,0.0,3.0,-3.0,-1.0,ROCK,202,1340,0.0,0.0,CYCLE_OK,0.53333,0.34339,0.475,0.0,0.3333,0.3333,0.3333,interior
2026-09-07T02:52:20,382,0.0,-1.0,1.0,1.0,0.0,-1.0,-1.0,1.0,0.0,195,222,195,252,222,252,0.0,0.0,0.0,0.0,0.0,0.0,3.0,-3.0,-1.0,ROCK,195,1338,0.0,0.0,CYCLE_OK,0.50833,0.33182,0.4625,0.0,0.3333,0.3333,0.3333,interior
2026-09-07T02:54:40,383,0.0,-1.0,1.0,1.0,0.0,-1.0,-1.0,1.0,0.0,185,252,185,229,252,229,0.0,0.0,0.0,0.0,0.0,0.0,3.0,-3.0,-1.0,ROCK,185,1332,0.0,0.0,CYCLE_OK,0.50833,0.33835,0.475,0.0,0.3333,0.3333,0.3333,interior
2026-09-07T02:55:40,384,0.0,-1.0,1.0,1.0,0.0,-1.0,-1.0,1.0,0.0,191,234,191,242,234,242,0.0,0.0,0.0,0.0,0.0,0.0,3.0,-3.0,-1.0,ROCK,191,1334,0.0,0.0,CYCLE_OK,0.53333,0.34926,0.4875,0.0,0.3333,0.3333,0.3333,interior
2026-09-07T02:57:37,385,0.0,-1.0,1.0,1.0,0.0,-1.0,-1.0,1.0,0.0,219,199,219,253,199,253,0.0,0.0,0.0,0.0,0.0,0.0,3.0,-3.0,-1.0,ROCK,199,1342,0.0,0.0,CYCLE_OK,0.53333,0.34926,0.4875,0.0,0.3333,0.3333,0.3333,interior
2026-09-07T02:59:00,386,0.0,-1.0,1.0,1.0,0.0,-1.0,-1.0,1.0,0.0,213,196,213,262,196,262,0.0,0.0,0.0,0.0,0.0,0.0,3.0,-3.0,-1.0,ROCK,196,1342,0.0,0.0,CYCLE_OK,0.53333,0.34926,0.4875,0.0,0.3333,0.3333,0.3333,interior
2026-09-07T02:59:44,387,0.0,-1.0,1.0,1.0,0.0,-1.0,-1.0,1.0,0.0,230,176,230,266,176,266,0.0,0.0,0.0,0.0,0.0,0.0,3.0,-3.0,-1.0,ROCK,176,1344,0.0,0.0,CYCLE_OK,0.50833,0.33182,0.4625,0.0,0.3333,0.3333,0.3333,interior
2026-09-07T03:03:00,388,0.0,-1.0,1.0,1.0,0.0,-1.0,-1.0,1.0,0.0,225,196,225,248,196,248,0.0,0.0,0.0,0.0,0.0,0.0,3.0,-3.0,-1.0,ROCK,196,1338,0.0,0.0,CYCLE_OK,0.50833,0.33182,0.4625,0.0,0.3333,0.3333,0.3333,interior
2026-09-07T03:04:44,389,0.0,-1.0,1.0,1.0,0.0,-1.0,-1.0,1.0,0.0,198,252,198,215,252,215,0.0,0.0,0.0,0.0,0.0,0.0,3.0,-3.0,-1.0,ROCK,198,1330,0.0,0.0,CYCLE_OK,0.50833,0.33182,0.4625,0.0,0.3333,0.3333,0.3333,interior
2026-09-07T03:06:22,390,0.0,-1.0,1.0,1.0,0.0,-1.0,-1.0,1.0,0.0,179,270,179,218,270,218,0.0,0.0,0.0,0.0,0.0,0.0,3.0,-3.0,-1.0,ROCK,179,1334,0.0,0.0,CYCLE_OK,0.48333,0.32081,0.45,0.0,0.3333,0.3333,0.3333,interior
2026-09-07T03:07:29,391,0.0,-1.0,1.0,1.0,0.0,-1.0,-1.0,1.0,0.0,173,288,173,207,288,207,0.0,0.0,0.0,0.0,0.0,0.0,3.0,-3.0,-1.0,ROCK,173,1336,0.0,0.0,CYCLE_OK,0.48333,0.32081,0.45,0.0,0.3333,0.3333,0.3333,interior
2026-09-07T03:09:45,392,0.0,-1.0,1.0,1.0,0.0,-1.0,-1.0,1.0,0.0,171,284,171,210,284,210,0.0,0.0,0.0,0.0,0.0,0.0,3.0,-3.0,-1.0,ROCK,171,1330,0.0,0.0,CYCLE_OK,0.45833,0.31041,0.4375,0.0,0.3333,0.3333,0.3333,interior
2026-09-07T03:10:18,393,0.0,-1.0,1.0,1.0,0.0,-1.0,-1.0,1.0,0.0,189,273,189,204,273,204,0.0,0.0,0.0,0.0,0.0,0.0,3.0,-3.0,-1.0,ROCK,189,1332,0.0,0.0,CYCLE_OK,0.45833,0.31041,0.4375,0.0,0.3333,0.3333,0.3333,interior
2026-09-07T03:10:59,394,0.0,-1.0,1.0,1.0,0.0,-1.0,-1.0,1.0,0.0,193,246,193,227,246,227,0.0,0.0,0.0,0.0,0.0,0.0,3.0,-3.0,-1.0,ROCK,193,1332,0.0,0.0,CYCLE_OK,0.45833,0.31041,0.4375,0.0,0.3333,0.3333,0.3333,interior
2026-09-07T03:11:56,395,0.0,-1.0,1.0,1.0,0.0,-1.0,-1.0,1.0,0.0,209,218,209,239,218,239,0.0,0.0,0.0,0.0,0.0,0.0,3.0,-3.0,-1.0,ROCK,209,1332,0.0,0.0,CYCLE_OK,0.45833,0.31041,0.4375,0.0,0.3333,0.3333,0.3333,interior
2026-09-07T03:12:58,396,0.0,-1.0,1.0,1.0,0.0,-1.0,-1.0,1.0,0.0,232,214,232,222,214,222,0.0,0.0,0.0,0.0,0.0,0.0,3.0,-3.0,-1.0,ROCK,214,1336,0.0,0.0,CYCLE_OK,0.43333,0.2928,0.4125,0.0,0.3333,0.3333,0.3333,interior
2026-09-07T03:14:29,397,0.0,-1.0,1.0,1.0,0.0,-1.0,-1.0,1.0,0.0,223,209,223,241,209,241,0.0,0.0,0.0,0.0,0.0,0.0,3.0,-3.0,-1.0,ROCK,209,1346,0.0,0.0,CYCLE_OK,0.43333,0.2928,0.4125,0.0,0.3333,0.3333,0.3333,interior
2026-09-07T03:15:25,398,0.0,-1.0,1.0,1.0,0.0,-1.0,-1.0,1.0,0.0,235,193,235,245,193,245,0.0,0.0,0.0,0.0,0.0,0.0,3.0,-3.0,-1.0,ROCK,193,1346,0.0,0.0,CYCLE_OK,0.40833,0.28303,0.4,0.0,0.3333,0.3333,0.3333,interior
2026-09-07T03:16:51,399,0.0,-1.0,1.0,1.0,0.0,-1.0,-1.0,1.0,0.0,227,207,227,237,207,237,0.0,0.0,0.0,0.0,0.0,0.0,3.0,-3.0,-1.0,ROCK,207,1342,0.0,0.0,CYCLE_OK,0.40833,0.28303,0.4,0.0,0.3333,0.3333,0.3333,interior
2026-09-07T03:18:11,400,0.0,-1.0,1.0,1.0,0.0,-1.0,-1.0,1.0,0.0,209,191,209,269,191,269,0.0,0.0,0.0,0.0,0.0,0.0,3.0,-3.0,-1.0,ROCK,191,1338,0.0,0.0,CYCLE_OK,0.40833,0.28303,0.4,0.0,0.3333,0.3333,0.3333,interior
2026-09-07T03:19:38,401,0.0,-1.0,1.0,1.0,0.0,-1.0,-1.0,1.0,0.0,208,202,208,256,202,256,0.0,0.0,0.0,0.0,0.0,0.0,3.0,-3.0,-1.0,ROCK,202,1332,0.0,0.0,CYCLE_OK,0.40833,0.28303,0.4,0.0,0.3333,0.3333,0.3333,interior
2026-09-07T03:20:28,402,0.0,-1.0,1.0,1.0,0.0,-1.0,-1.0,1.0,0.0,217,164,217,285,164,285,0.0,0.0,0.0,0.0,0.0,0.0,3.0,-3.0,-1.0,ROCK,164,1332,0.0,0.0,CYCLE_OK,0.43333,0.30069,0.425,0.0,0.3333,0.3333,0.3333,interior
2026-09-07T03:22:10,403,0.0,-1.0,1.0,1.0,0.0,-1.0,-1.0,1.0,0.0,203,190,203,273,190,273,0.0,0.0,0.0,0.0,0.0,0.0,3.0,-3.0,-1.0,ROCK,190,1332,0.0,0.0,CYCLE_OK,0.43333,0.30069,0.425,0.0,0.3333,0.3333,0.3333,interior
2026-09-07T03:24:22,404,0.0,-1.0,1.0,1.0,0.0,-1.0,-1.0,1.0,0.0,217,215,217,233,215,233,0.0,0.0,0.0,0.0,0.0,0.0,3.0,-3.0,-1.0,ROCK,215,1330,0.0,0.0,CYCLE_OK,0.43333,0.30069,0.425,0.0,0.3333,0.3333,0.3333,interior
2026-09-07T03:26:02,405,0.0,-1.0,1.0,1.0,0.0,-1.0,-1.0,1.0,0.0,217,245,217,203,245,203,0.0,0.0,0.0,0.0,0.0,0.0,3.0,-3.0,-1.0,ROCK,203,1330,0.0,0.0,CYCLE_OK,0.43333,0.30069,0.425,0.0,0.3333,0.3333,0.3333,interior
2026-09-07T03:27:17,406,0.0,-1.0,1.0,1.0,0.0,-1.0,-1.0,1.0,0.0,227,223,227,215,223,215,0.0,0.0,0.0,0.0,0.0,0.0,3.0,-3.0,-1.0,ROCK,215,1330,0.0,0.0,CYCLE_OK,0.43333,0.30069,0.425,0.0,0.3333,0.3333,0.3333,interior
2026-09-07T03:28:07,407,0.0,-1.0,1.0,1.0,0.0,-1.0,-1.0,1.0,0.0,231,197,231,239,197,239,0.0,0.0,0.0,0.0,0.0,0.0,3.0,-3.0,-1.0,ROCK,197,1334,0.0,0.0,CYCLE_OK,0.43333,0.30069,0.425,0.0,0.3333,0.3333,0.3333,interior
2026-09-07T03:28:42,408,0.0,-1.0,1.0,1.0,0.0,-1.0,-1.0,1.0,0.0,225,198,225,244,198,244,0.0,0.0,0.0,0.0,0.0,0.0,3.0,-3.0,-1.0,ROCK,198,1334,0.0,0.0,CYCLE_OK,0.45833,0.31041,0.4375,0.0,0.3333,0.3333,0.3333,interior
2026-09-07T03:29:32,409,0.0,-1.0,1.0,1.0,0.0,-1.0,-1.0,1.0,0.0,220,189,220,259,189,259,0.0,0.0,0.0,0.0,0.0,0.0,3.0,-3.0,-1.0,ROCK,189,1336,0.0,0.0,CYCLE_OK,0.48333,0.32081,0.45,0.0,0.3333,0.3333,0.3333,interior
2026-09-07T03:30:25,410,0.0,-1.0,1.0,1.0,0.0,-1.0,-1.0,1.0,0.0,216,184,216,269,184,269,0.0,0.0,0.0,0.0,0.0,0.0,3.0,-3.0,-1.0,ROCK,184,1338,0.0,0.0,CYCLE_OK,0.45833,0.31041,0.4375,0.0,0.3333,0.3333,0.3333,interior
2026-09-07T03:31:38,411,0.0,-1.0,1.0,1.0,0.0,-1.0,-1.0,1.0,0.0,208,163,208,297,163,297,0.0,0.0,0.0,0.0,0.0,0.0,3.0,-3.0,-1.0,ROCK,163,1336,0.0,0.0,CYCLE_OK,0.48333,0.32081,0.45,0.0,0.3333,0.3333,0.3333,interior
2026-09-07T03:32:27,412,0.0,-1.0,1.0,1.0,0.0,-1.0,-1.0,1.0,0.0,218,147,218,304,147,304,0.0,0.0,0.0,0.0,0.0,0.0,3.0,-3.0,-1.0,ROCK,147,1338,0.0,0.0,CYCLE_OK,0.48333,0.32081,0.45,0.0,0.3333,0.3333,0.3333,interior
2026-09-07T03:34:12,413,0.0,-1.0,1.0,1.0,0.0,-1.0,-1.0,1.0,0.0,211,187,211,269,187,269,0.0,0.0,0.0,0.0,0.0,0.0,3.0,-3.0,-1.0,ROCK,187,1334,0.0,0.0,CYCLE_OK,0.50833,0.33182,0.4625,0.0,0.3333,0.3333,0.3333,interior
2026-09-07T03:35:19,414,0.0,-1.0,1.0,1.0,0.0,-1.0,-1.0,1.0,0.0,215,188,215,264,188,264,0.0,0.0,0.0,0.0,0.0,0.0,3.0,-3.0,-1.0,ROCK,188,1334,0.0,0.0,CYCLE_OK,0.50833,0.33182,0.4625,0.0,0.3333,0.3333,0.3333,interior
2026-09-07T03:36:37,415,0.0,-1.0,1.0,1.0,0.0,-1.0,-1.0,1.0,0.0,236,188,236,244,188,244,0.0,0.0,0.0,0.0,0.0,0.0,3.0,-3.0,-1.0,ROCK,188,1336,0.0,0.0,CYCLE_OK,0.48333,0.31441,0.4375,0.0,0.3333,0.3333,0.3333,interior
2026-09-07T03:38:28,416,0.0,-1.0,1.0,1.0,0.0,-1.0,-1.0,1.0,0.0,237,197,237,234,197,234,0.0,0.0,0.0,0.0,0.0,0.0,3.0,-3.0,-1.0,ROCK,197,1336,0.0,0.0,CYCLE_OK,0.50833,0.33182,0.4625,0.0,0.3333,0.3333,0.3333,interior
2026-09-07T03:39:24,417,0.0,-1.0,1.0,1.0,0.0,-1.0,-1.0,1.0,0.0,229,218,229,221,218,221,0.0,0.0,0.0,0.0,0.0,0.0,3.0,-3.0,-1.0,ROCK,218,1336,0.0,0.0,CYCLE_OK,0.50833,0.33182,0.4625,0.0,0.3333,0.3333,0.3333,interior
2026-09-07T03:40:23,418,0.0,-1.0,1.0,1.0,0.0,-1.0,-1.0,1.0,0.0,217,237,217,214,237,214,0.0,0.0,0.0,0.0,0.0,0.0,3.0,-3.0,-1.0,ROCK,214,1336,0.0,0.0,CYCLE_OK,0.50833,0.33835,0.475,0.0,0.3333,0.3333,0.3333,interior
2026-09-07T03:41:13,419,0.0,-1.0,1.0,1.0,0.0,-1.0,-1.0,1.0,0.0,234,232,234,203,232,203,0.0,0.0,0.0,0.0,0.0,0.0,3.0,-3.0,-1.0,ROCK,203,1338,0.0,0.0,CYCLE_OK,0.48333,0.32081,0.45,0.0,0.3333,0.3333,0.3333,interior
2026-09-07T03:42:04,420,0.0,-1.0,1.0,1.0,0.0,-1.0,-1.0,1.0,0.0,191,242,191,234,242,234,0.0,0.0,0.0,0.0,0.0,0.0,3.0,-3.0,-1.0,ROCK,191,1334,0.0,0.0,CYCLE_OK,0.45833,0.31041,0.4375,0.0,0.3333,0.3333,0.3333,interior
2026-09-07T03:43:02,421,0.0,-1.0,1.0,1.0,0.0,-1.0,-1.0,1.0,0.0,186,256,186,225,256,225,0.0,0.0,0.0,0.0,0.0,0.0,3.0,-3.0,-1.0,ROCK,186,1334,0.0,0.0,CYCLE_OK,0.43333,0.30069,0.425,0.0,0.3333,0.3333,0.3333,interior
2026-09-07T03:44:36,422,0.0,-1.0,1.0,1.0,0.0,-1.0,-1.0,1.0,0.0,194,233,194,242,233,242,0.0,0.0,0.0,0.0,0.0,0.0,3.0,-3.0,-1.0,ROCK,194,1338,0.0,0.0,CYCLE_OK,0.43333,0.30069,0.425,0.0,0.3333,0.3333,0.3333,interior
2026-09-07T03:45:25,423,0.0,-1.0,1.0,1.0,0.0,-1.0,-1.0,1.0,0.0,188,236,188,245,236,245,0.0,0.0,0.0,0.0,0.0,0.0,3.0,-3.0,-1.0,ROCK,188,1338,0.0,0.0,CYCLE_OK,0.41667,0.29173,0.4125,0.0,0.3333,0.3333,0.3333,interior
2026-09-07T03:47:55,424,0.0,-1.0,1.0,1.0,0.0,-1.0,-1.0,1.0,0.0,200,226,200,240,226,240,0.0,0.0,0.0,0.0,0.0,0.0,3.0,-3.0,-1.0,ROCK,200,1332,0.0,0.0,CYCLE_OK,0.41667,0.29173,0.4125,0.0,0.3333,0.3333,0.3333,interior
2026-09-07T03:48:54,425,0.0,-1.0,1.0,1.0,0.0,-1.0,-1.0,1.0,0.0,201,224,201,241,224,241,0.0,0.0,0.0,0.0,0.0,0.0,3.0,-3.0,-1.0,ROCK,201,1332,0.0,0.0,CYCLE_OK,0.44167,0.30121,0.425,0.0,0.3333,0.3333,0.3333,interior
2026-09-07T03:50:19,426,0.0,-1.0,1.0,1.0,0.0,-1.0,-1.0,1.0,0.0,209,214,209,242,214,242,0.0,0.0,0.0,0.0,0.0,0.0,3.0,-3.0,-1.0,ROCK,209,1330,0.0,0.0,CYCLE_OK,0.44167,0.30121,0.425,0.0,0.3333,0.3333,0.3333,interior
2026-09-07T03:51:50,427,0.0,-1.0,1.0,1.0,0.0,-1.0,-1.0,1.0,0.0,202,216,202,248,216,248,0.0,0.0,0.0,0.0,0.0,0.0,3.0,-3.0,-1.0,ROCK,202,1332,0.0,0.0,CYCLE_OK,0.44167,0.30121,0.425,0.0,0.3333,0.3333,0.3333,interior
2026-09-07T03:53:39,428,0.0,-1.0,1.0,1.0,0.0,-1.0,-1.0,1.0,0.0,204,222,204,241,222,241,0.0,0.0,0.0,0.0,0.0,0.0,3.0,-3.0,-1.0,ROCK,204,1334,0.0,0.0,CYCLE_OK,0.41667,0.28358,0.4,0.0,0.3333,0.3333,0.3333,interior
2026-09-07T03:55:03,429,0.0,-1.0,1.0,1.0,0.0,-1.0,-1.0,1.0,0.0,211,213,211,244,213,244,0.0,0.0,0.0,0.0,0.0,0.0,3.0,-3.0,-1.0,ROCK,211,1336,0.0,0.0,CYCLE_OK,0.41667,0.27632,0.3875,0.0,0.3333,0.3333,0.3333,interior
2026-09-07T03:56:46,430,0.0,-1.0,1.0,1.0,0.0,-1.0,-1.0,1.0,0.0,215,212,215,240,212,240,0.0,0.0,0.0,0.0,0.0,0.0,3.0,-3.0,-1.0,ROCK,212,1334,0.0,0.0,CYCLE_OK,0.41667,0.27632,0.3875,0.0,0.3333,0.3333,0.3333,interior
2026-09-07T03:57:46,431,0.0,-1.0,1.0,1.0,0.0,-1.0,-1.0,1.0,0.0,200,220,200,248,220,248,0.0,0.0,0.0,0.0,0.0,0.0,3.0,-3.0,-1.0,ROCK,200,1336,0.0,0.0,CYCLE_OK,0.41667,0.27632,0.3875,0.0,0.3333,0.3333,0.3333,interior
2026-09-07T03:58:46,432,0.0,-1.0,1.0,1.0,0.0,-1.0,-1.0,1.0,0.0,185,256,185,225,256,225,0.0,0.0,0.0,0.0,0.0,0.0,3.0,-3.0,-1.0,ROCK,185,1332,0.0,0.0,CYCLE_OK,0.41667,0.27632,0.3875,0.0,0.3333,0.3333,0.3333,interior
2026-09-07T03:59:43,433,0.0,-1.0,1.0,1.0,0.0,-1.0,-1.0,1.0,0.0,200,254,200,212,254,212,0.0,0.0,0.0,0.0,0.0,0.0,3.0,-3.0,-1.0,ROCK,200,1332,0.0,0.0,CYCLE_OK,0.39167,0.2588,0.3625,0.0,0.3333,0.3333,0.3333,interior
2026-09-07T04:00:57,434,0.0,-1.0,1.0,1.0,0.0,-1.0,-1.0,1.0,0.0,203,249,203,213,249,213,0.0,0.0,0.0,0.0,0.0,0.0,3.0,-3.0,-1.0,ROCK,203,1330,0.0,0.0,CYCLE_OK,0.36667,0.24131,0.3375,0.0,0.3333,0.3333,0.3333,interior
2026-09-07T04:02:43,435,0.0,-1.0,1.0,1.0,0.0,-1.0,-1.0,1.0,0.0,198,286,198,182,286,182,0.0,0.0,0.0,0.0,0.0,0.0,3.0,-3.0,-1.0,ROCK,182,1332,0.0,0.0,CYCLE_OK,0.36667,0.23541,0.325,0.0,0.3333,0.3333,0.3333,interior
2026-09-07T04:03:42,436,0.0,-1.0,1.0,1.0,0.0,-1.0,-1.0,1.0,0.0,209,261,209,196,261,196,0.0,0.0,0.0,0.0,0.0,0.0,3.0,-3.0,-1.0,ROCK,196,1332,0.0,0.0,CYCLE_OK,0.36667,0.23541,0.325,0.0,0.3333,0.3333,0.3333,interior
2026-09-07T04:04:55,437,0.0,-1.0,1.0,1.0,0.0,-1.0,-1.0,1.0,0.0,212,255,212,200,255,200,0.0,0.0,0.0,0.0,0.0,0.0,3.0,-3.0,-1.0,ROCK,200,1334,0.0,0.0,CYCLE_OK,0.36667,0.23541,0.325,0.0,0.3333,0.3333,0.3333,interior
2026-09-07T04:06:43,438,0.0,-1.0,1.0,1.0,0.0,-1.0,-1.0,1.0,0.0,223,232,223,213,232,213,0.0,0.0,0.0,0.0,0.0,0.0,3.0,-3.0,-1.0,ROCK,213,1336,0.0,0.0,CYCLE_OK,0.36667,0.23541,0.325,0.0,0.3333,0.3333,0.3333,interior
2026-09-07T04:08:03,439,0.0,-1.0,1.0,1.0,0.0,-1.0,-1.0,1.0,0.0,175,260,175,234,260,234,0.0,0.0,0.0,0.0,0.0,0.0,3.0,-3.0,-1.0,ROCK,175,1338,0.0,0.0,CYCLE_OK,0.36667,0.23541,0.325,0.0,0.3333,0.3333,0.3333,interior
2026-09-07T04:09:46,440,0.0,-1.0,1.0,1.0,0.0,-1.0,-1.0,1.0,0.0,205,242,205,222,242,222,0.0,0.0,0.0,0.0,0.0,0.0,3.0,-3.0,-1.0,ROCK,205,1338,0.0,0.0,CYCLE_OK,0.34167,0.21818,0.3,0.0,0.3333,0.3333,0.3333,interior
2026-09-07T04:10:34,441,0.0,-1.0,1.0,1.0,0.0,-1.0,-1.0,1.0,0.0,211,254,211,205,254,205,0.0,0.0,0.0,0.0,0.0,0.0,3.0,-3.0,-1.0,ROCK,205,1340,0.0,0.0,CYCLE_OK,0.34167,0.21818,0.3,0.0,0.3333,0.3333,0.3333,interior
2026-09-07T04:11:13,442,0.0,-1.0,1.0,1.0,0.0,-1.0,-1.0,1.0,0.0,217,248,217,205,248,205,0.0,0.0,0.0,0.0,0.0,0.0,3.0,-3.0,-1.0,ROCK,205,1340,0.0,0.0,CYCLE_OK,0.34167,0.21818,0.3,0.0,0.3333,0.3333,0.3333,interior
2026-09-07T04:12:48,443,0.0,-1.0,1.0,1.0,0.0,-1.0,-1.0,1.0,0.0,219,252,219,200,252,200,0.0,0.0,0.0,0.0,0.0,0.0,3.0,-3.0,-1.0,ROCK,200,1342,0.0,0.0,CYCLE_OK,0.31667,0.20104,0.275,0.0,0.3333,0.3333,0.3333,interior
2026-09-07T04:13:49,444,0.0,-1.0,1.0,1.0,0.0,-1.0,-1.0,1.0,0.0,219,252,219,200,252,200,0.0,0.0,0.0,0.0,0.0,0.0,3.0,-3.0,-1.0,ROCK,200,1342,0.0,0.0,CYCLE_OK,0.31667,0.19711,0.2625,0.0,0.3333,0.3333,0.3333,interior
2026-09-07T04:14:55,445,0.0,-1.0,1.0,1.0,0.0,-1.0,-1.0,1.0,0.0,204,251,204,215,251,215,0.0,0.0,0.0,0.0,0.0,0.0,3.0,-3.0,-1.0,ROCK,204,1340,0.0,0.0,CYCLE_OK,0.31667,0.19472,0.25,0.0,0.3333,0.3333,0.3333,interior
2026-09-07T04:15:41,446,0.0,-1.0,1.0,1.0,0.0,-1.0,-1.0,1.0,0.0,218,243,218,210,243,210,0.0,0.0,0.0,0.0,0.0,0.0,3.0,-3.0,-1.0,ROCK,210,1342,0.0,0.0,CYCLE_OK,0.31667,0.19472,0.25,0.0,0.3333,0.3333,0.3333,interior
2026-09-07T04:17:52,447,0.0,-1.0,1.0,1.0,0.0,-1.0,-1.0,1.0,0.0,197,235,197,236,235,236,0.0,0.0,0.0,0.0,0.0,0.0,3.0,-3.0,-1.0,ROCK,197,1336,0.0,0.0,CYCLE_OK,0.31667,0.19472,0.25,0.0,0.3333,0.3333,0.3333,interior
2026-09-07T04:18:51,448,0.0,-1.0,1.0,1.0,0.0,-1.0,-1.0,1.0,0.0,181,244,181,243,244,243,0.0,0.0,0.0,0.0,0.0,0.0,3.0,-3.0,-1.0,ROCK,181,1336,0.0,0.0,CYCLE_OK,0.31667,0.19392,0.2375,0.0,0.3333,0.3333,0.3333,interior
2026-09-07T04:20:23,449,0.0,-1.0,1.0,1.0,0.0,-1.0,-1.0,1.0,0.0,203,234,203,229,234,229,0.0,0.0,0.0,0.0,0.0,0.0,3.0,-3.0,-1.0,ROCK,203,1332,0.0,0.0,CYCLE_OK,0.31667,0.19392,0.2375,0.0,0.3333,0.3333,0.3333,interior
2026-09-07T04:21:16,450,0.0,-1.0,1.0,1.0,0.0,-1.0,-1.0,1.0,0.0,230,251,230,186,251,186,0.0,0.0,0.0,0.0,0.0,0.0,3.0,-3.0,-1.0,ROCK,186,1334,0.0,0.0,CYCLE_OK,0.31667,0.19392,0.2375,0.0,0.3333,0.3333,0.3333,interior
2026-09-07T04:22:23,451,0.0,-1.0,1.0,1.0,0.0,-1.0,-1.0,1.0,0.0,213,269,213,186,269,186,0.0,0.0,0.0,0.0,0.0,0.0,3.0,-3.0,-1.0,ROCK,186,1336,0.0,0.0,CYCLE_OK,0.31667,0.19392,0.2375,0.0,0.3333,0.3333,0.3333,interior
2026-09-07T04:23:50,452,0.0,-1.0,1.0,1.0,0.0,-1.0,-1.0,1.0,0.0,199,270,199,200,270,200,0.0,0.0,0.0,0.0,0.0,0.0,3.0,-3.0,-1.0,ROCK,199,1338,0.0,0.0,CYCLE_OK,0.31667,0.19392,0.2375,0.0,0.3333,0.3333,0.3333,interior
2026-09-07T04:24:33,453,0.0,-1.0,1.0,1.0,0.0,-1.0,-1.0,1.0,0.0,205,271,205,193,271,193,0.0,0.0,0.0,0.0,0.0,0.0,3.0,-3.0,-1.0,ROCK,193,1338,0.0,0.0,CYCLE_OK,0.31667,0.19472,0.25,0.0,0.3333,0.3333,0.3333,interior
2026-09-07T04:26:04,454,0.0,-1.0,1.0,1.0,0.0,-1.0,-1.0,1.0,0.0,233,214,233,223,214,223,0.0,0.0,0.0,0.0,0.0,0.0,3.0,-3.0,-1.0,ROCK,214,1340,0.0,0.0,CYCLE_OK,0.31667,0.19472,0.25,0.0,0.3333,0.3333,0.3333,interior
2026-09-07T04:27:56,455,0.0,-1.0,1.0,1.0,0.0,-1.0,-1.0,1.0,0.0,209,190,209,268,190,268,0.0,0.0,0.0,0.0,0.0,0.0,3.0,-3.0,-1.0,ROCK,190,1334,0.0,0.0,CYCLE_OK,0.31667,0.19472,0.25,0.0,0.3333,0.3333,0.3333,interior
2026-09-07T04:28:39,456,0.0,-1.0,1.0,1.0,0.0,-1.0,-1.0,1.0,0.0,210,196,210,261,196,261,0.0,0.0,0.0,0.0,0.0,0.0,3.0,-3.0,-1.0,ROCK,196,1334,0.0,0.0,CYCLE_OK,0.31667,0.19472,0.25,0.0,0.3333,0.3333,0.3333,interior
2026-09-07T04:30:09,457,0.0,-1.0,1.0,1.0,0.0,-1.0,-1.0,1.0,0.0,209,193,209,264,193,264,0.0,0.0,0.0,0.0,0.0,0.0,3.0,-3.0,-1.0,ROCK,193,1332,0.0,0.0,CYCLE_OK,0.31667,0.19472,0.25,0.0,0.3333,0.3333,0.3333,interior
2026-09-07T04:31:57,458,0.0,-1.0,1.0,1.0,0.0,-1.0,-1.0,1.0,0.0,192,225,192,248,225,248,0.0,0.0,0.0,0.0,0.0,0.0,3.0,-3.0,-1.0,ROCK,192,1330,0.0,0.0,CYCLE_OK,0.31667,0.19472,0.25,0.0,0.3333,0.3333,0.3333,interior
2026-09-07T04:34:32,459,0.0,-1.0,1.0,1.0,0.0,-1.0,-1.0,1.0,0.0,226,233,226,205,233,205,0.0,0.0,0.0,0.0,0.0,0.0,3.0,-3.0,-1.0,ROCK,205,1328,0.0,0.0,CYCLE_OK,0.29167,0.17883,0.225,0.0,0.3333,0.3333,0.3333,interior
2026-09-07T04:36:23,460,0.0,-1.0,1.0,1.0,0.0,-1.0,-1.0,1.0,0.0,246,222,246,196,222,196,0.0,0.0,0.0,0.0,0.0,0.0,3.0,-3.0,-1.0,ROCK,196,1328,0.0,0.0,CYCLE_OK,0.26667,0.1633,0.2,0.0,0.3333,0.3333,0.3333,interior
2026-09-07T04:37:21,461,0.0,-1.0,1.0,1.0,0.0,-1.0,-1.0,1.0,0.0,232,234,232,199,234,199,0.0,0.0,0.0,0.0,0.0,0.0,3.0,-3.0,-1.0,ROCK,199,1330,0.0,0.0,CYCLE_OK,0.26667,0.16425,0.1875,0.0,0.3333,0.3333,0.3333,interior
2026-09-07T04:38:35,462,0.0,-1.0,1.0,1.0,0.0,-1.0,-1.0,1.0,0.0,237,224,237,205,224,205,0.0,0.0,0.0,0.0,0.0,0.0,3.0,-3.0,-1.0,ROCK,205,1332,0.0,0.0,CYCLE_OK,0.26667,0.1633,0.2,0.0,0.3333,0.3333,0.3333,interior
2026-09-07T04:39:08,463,0.0,-1.0,1.0,1.0,0.0,-1.0,-1.0,1.0,0.0,228,221,228,217,221,217,0.0,0.0,0.0,0.0,0.0,0.0,3.0,-3.0,-1.0,ROCK,217,1332,0.0,0.0,CYCLE_OK,0.26667,0.16425,0.2125,0.0,0.3333,0.3333,0.3333,interior
2026-09-07T04:40:48,464,0.0,-1.0,1.0,1.0,0.0,-1.0,-1.0,1.0,0.0,256,217,256,196,217,196,0.0,0.0,0.0,0.0,0.0,0.0,3.0,-3.0,-1.0,ROCK,196,1338,0.0,0.0,CYCLE_OK,0.24167,0.14825,0.1875,0.0,0.3333,0.3333,0.3333,interior
2026-09-07T04:41:34,465,0.0,-1.0,1.0,1.0,0.0,-1.0,-1.0,1.0,0.0,244,206,244,219,206,219,0.0,0.0,0.0,0.0,0.0,0.0,3.0,-3.0,-1.0,ROCK,206,1338,0.0,0.0,CYCLE_OK,0.24167,0.14825,0.1875,0.0,0.3333,0.3333,0.3333,interior
2026-09-07T04:42:18,466,0.0,-1.0,1.0,1.0,0.0,-1.0,-1.0,1.0,0.0,234,196,234,239,196,239,0.0,0.0,0.0,0.0,0.0,0.0,3.0,-3.0,-1.0,ROCK,196,1338,0.0,0.0,CYCLE_OK,0.24167,0.14825,0.1875,0.0,0.3333,0.3333,0.3333,interior
2026-09-07T04:43:58,467,0.0,-1.0,1.0,1.0,0.0,-1.0,-1.0,1.0,0.0,215,204,215,248,204,248,0.0,0.0,0.0,0.0,0.0,0.0,3.0,-3.0,-1.0,ROCK,204,1334,0.0,0.0,CYCLE_OK,0.26667,0.1633,0.2,0.0,0.3333,0.3333,0.3333,interior
2026-09-07T04:45:25,468,0.0,-1.0,1.0,1.0,0.0,-1.0,-1.0,1.0,0.0,234,209,234,223,209,223,0.0,0.0,0.0,0.0,0.0,0.0,3.0,-3.0,-1.0,ROCK,209,1332,0.0,0.0,CYCLE_OK,0.24167,0.14825,0.1875,0.0,0.3333,0.3333,0.3333,interior
2026-09-07T04:46:07,469,0.0,-1.0,1.0,1.0,0.0,-1.0,-1.0,1.0,0.0,229,212,229,226,212,226,0.0,0.0,0.0,0.0,0.0,0.0,3.0,-3.0,-1.0,ROCK,212,1334,0.0,0.0,CYCLE_OK,0.24167,0.15035,0.2,0.0,0.3333,0.3333,0.3333,interior
2026-09-07T04:48:40,470,0.0,-1.0,1.0,1.0,0.0,-1.0,-1.0,1.0,0.0,195,239,195,231,239,231,0.0,0.0,0.0,0.0,0.0,0.0,3.0,-3.0,-1.0,ROCK,195,1330,0.0,0.0,CYCLE_OK,0.24167,0.15035,0.2,0.0,0.3333,0.3333,0.3333,interior
2026-09-07T04:49:57,471,0.0,-1.0,1.0,1.0,0.0,-1.0,-1.0,1.0,0.0,237,225,237,206,225,206,0.0,0.0,0.0,0.0,0.0,0.0,3.0,-3.0,-1.0,ROCK,206,1336,0.0,0.0,CYCLE_OK,0.21667,0.13731,0.1875,0.0,0.3333,0.3333,0.3333,interior
2026-09-07T04:51:02,472,0.0,-1.0,1.0,1.0,0.0,-1.0,-1.0,1.0,0.0,211,239,211,218,239,218,0.0,0.0,0.0,0.0,0.0,0.0,3.0,-3.0,-1.0,ROCK,211,1336,0.0,0.0,CYCLE_OK,0.21667,0.13731,0.1875,0.0,0.3333,0.3333,0.3333,interior
2026-09-07T04:51:45,473,0.0,-1.0,1.0,1.0,0.0,-1.0,-1.0,1.0,0.0,210,233,210,225,233,225,0.0,0.0,0.0,0.0,0.0,0.0,3.0,-3.0,-1.0,ROCK,210,1336,0.0,0.0,CYCLE_OK,0.24167,0.15445,0.2125,0.0,0.3333,0.3333,0.3333,interior
2026-09-07T04:53:32,474,0.0,-1.0,1.0,1.0,0.0,-1.0,-1.0,1.0,0.0,209,236,209,224,236,224,0.0,0.0,0.0,0.0,0.0,0.0,3.0,-3.0,-1.0,ROCK,209,1338,0.0,0.0,CYCLE_OK,0.24167,0.15035,0.2,0.0,0.3333,0.3333,0.3333,interior
2026-09-07T04:55:43,475,0.0,-1.0,1.0,1.0,0.0,-1.0,-1.0,1.0,0.0,217,215,217,236,215,236,0.0,0.0,0.0,0.0,0.0,0.0,3.0,-3.0,-1.0,ROCK,215,1336,0.0,0.0,CYCLE_OK,0.24167,0.15035,0.2,0.0,0.3333,0.3333,0.3333,interior
2026-09-07T04:57:43,476,0.0,-1.0,1.0,1.0,0.0,-1.0,-1.0,1.0,0.0,213,193,213,263,193,263,0.0,0.0,0.0,0.0,0.0,0.0,3.0,-3.0,-1.0,ROCK,193,1338,0.0,0.0,CYCLE_OK,0.26667,0.16708,0.225,0.0,0.3333,0.3333,0.3333,interior
2026-09-07T04:58:46,477,0.0,-1.0,1.0,1.0,0.0,-1.0,-1.0,1.0,0.0,219,193,219,258,193,258,0.0,0.0,0.0,0.0,0.0,0.0,3.0,-3.0,-1.0,ROCK,193,1340,0.0,0.0,CYCLE_OK,0.26667,0.16708,0.225,0.0,0.3333,0.3333,0.3333,interior
2026-09-07T05:00:34,478,0.0,-1.0,1.0,1.0,0.0,-1.0,-1.0,1.0,0.0,216,181,216,273,181,273,0.0,0.0,0.0,0.0,0.0,0.0,3.0,-3.0,-1.0,ROCK,181,1340,0.0,0.0,CYCLE_OK,0.26667,0.17169,0.2375,0.0,0.3333,0.3333,0.3333,interior
2026-09-07T05:01:36,479,0.0,-1.0,1.0,1.0,0.0,-1.0,-1.0,1.0,0.0,237,190,237,245,190,245,0.0,0.0,0.0,0.0,0.0,0.0,3.0,-3.0,-1.0,ROCK,190,1344,0.0,0.0,CYCLE_OK,0.24167,0.15445,0.2125,0.0,0.3333,0.3333,0.3333,interior
2026-09-07T05:03:45,480,0.0,-1.0,1.0,1.0,0.0,-1.0,-1.0,1.0,0.0,231,189,231,249,189,249,0.0,0.0,0.0,0.0,0.0,0.0,3.0,-3.0,-1.0,ROCK,189,1338,0.0,0.0,CYCLE_OK,0.24167,0.15445,0.2125,0.0,0.3333,0.3333,0.3333,interior
2026-09-07T05:05:25,481,0.0,-1.0,1.0,1.0,0.0,-1.0,-1.0,1.0,0.0,235,195,235,238,195,238,0.0,0.0,0.0,0.0,0.0,0.0,3.0,-3.0,-1.0,ROCK,195,1336,0.0,0.0,CYCLE_OK,0.24167,0.15445,0.2125,0.0,0.3333,0.3333,0.3333,interior
2026-09-07T05:06:29,482,0.0,-1.0,1.0,1.0,0.0,-1.0,-1.0,1.0,0.0,216,185,216,266,185,266,0.0,0.0,0.0,0.0,0.0,0.0,3.0,-3.0,-1.0,ROCK,185,1334,0.0,0.0,CYCLE_OK,0.24167,0.15445,0.2125,0.0,0.3333,0.3333,0.3333,interior
2026-09-07T05:08:18,483,0.0,-1.0,1.0,1.0,0.0,-1.0,-1.0,1.0,0.0,217,180,217,271,180,271,0.0,0.0,0.0,0.0,0.0,0.0,3.0,-3.0,-1.0,ROCK,180,1336,0.0,0.0,CYCLE_OK,0.24167,0.1604,0.225,0.0,0.3333,0.3333,0.3333,interior
2026-09-07T05:09:01,484,0.0,-1.0,1.0,1.0,0.0,-1.0,-1.0,1.0,0.0,228,149,228,292,149,292,0.0,0.0,0.0,0.0,0.0,0.0,3.0,-3.0,-1.0,ROCK,149,1338,0.0,0.0,CYCLE_OK,0.26667,0.17795,0.25,0.0,0.3333,0.3333,0.3333,interior
2026-09-07T05:10:45,485,0.0,-1.0,1.0,1.0,0.0,-1.0,-1.0,1.0,0.0,210,152,210,306,152,306,0.0,0.0,0.0,0.0,0.0,0.0,3.0,-3.0,-1.0,ROCK,152,1336,0.0,0.0,CYCLE_OK,0.26667,0.18569,0.2625,0.0,0.3333,0.3333,0.3333,interior
2026-09-07T05:12:04,486,0.0,-1.0,1.0,1.0,0.0,-1.0,-1.0,1.0,0.0,221,173,221,274,173,274,0.0,0.0,0.0,0.0,0.0,0.0,3.0,-3.0,-1.0,ROCK,173,1336,0.0,0.0,CYCLE_OK,0.26667,0.18569,0.2625,0.0,0.3333,0.3333,0.3333,interior
2026-09-07T05:14:05,487,0.0,-1.0,1.0,1.0,0.0,-1.0,-1.0,1.0,0.0,198,204,198,265,204,265,0.0,0.0,0.0,0.0,0.0,0.0,3.0,-3.0,-1.0,ROCK,198,1334,0.0,0.0,CYCLE_OK,0.26667,0.17795,0.25,0.0,0.3333,0.3333,0.3333,interior
2026-09-07T05:14:55,488,0.0,-1.0,1.0,1.0,0.0,-1.0,-1.0,1.0,0.0,204,203,204,260,203,260,0.0,0.0,0.0,0.0,0.0,0.0,3.0,-3.0,-1.0,ROCK,203,1334,0.0,0.0,CYCLE_OK,0.26667,0.17795,0.25,0.0,0.3333,0.3333,0.3333,interior
2026-09-07T05:17:00,489,0.0,-1.0,1.0,1.0,0.0,-1.0,-1.0,1.0,0.0,215,194,215,263,194,263,0.0,0.0,0.0,0.0,0.0,0.0,3.0,-3.0,-1.0,ROCK,194,1344,0.0,0.0,CYCLE_OK,0.26667,0.17795,0.25,0.0,0.3333,0.3333,0.3333,interior
2026-09-07T05:18:09,490,0.0,-1.0,1.0,1.0,0.0,-1.0,-1.0,1.0,0.0,216,196,216,260,196,260,0.0,0.0,0.0,0.0,0.0,0.0,3.0,-3.0,-1.0,ROCK,196,1344,0.0,0.0,CYCLE_OK,0.26667,0.18569,0.2625,0.0,0.3333,0.3333,0.3333,interior
2026-09-07T05:19:32,491,0.0,-1.0,1.0,1.0,0.0,-1.0,-1.0,1.0,0.0,206,212,206,254,212,254,0.0,0.0,0.0,0.0,0.0,0.0,3.0,-3.0,-1.0,ROCK,206,1344,0.0,0.0,CYCLE_OK,0.26667,0.17795,0.25,0.0,0.3333,0.3333,0.3333,interior
2026-09-07T05:20:38,492,0.0,-1.0,1.0,1.0,0.0,-1.0,-1.0,1.0,0.0,196,220,196,254,220,254,0.0,0.0,0.0,0.0,0.0,0.0,3.0,-3.0,-1.0,ROCK,196,1340,0.0,0.0,CYCLE_OK,0.26667,0.17169,0.2375,0.0,0.3333,0.3333,0.3333,interior
2026-09-07T05:21:19,493,0.0,-1.0,1.0,1.0,0.0,-1.0,-1.0,1.0,0.0,179,232,179,258,232,258,0.0,0.0,0.0,0.0,0.0,0.0,3.0,-3.0,-1.0,ROCK,179,1338,0.0,0.0,CYCLE_OK,0.24167,0.15445,0.2125,0.0,0.3333,0.3333,0.3333,interior
2026-09-07T05:24:18,494,0.0,-1.0,1.0,1.0,0.0,-1.0,-1.0,1.0,0.0,180,264,180,223,264,223,0.0,0.0,0.0,0.0,0.0,0.0,3.0,-3.0,-1.0,ROCK,180,1334,0.0,0.0,CYCLE_OK,0.24167,0.15035,0.2,0.0,0.3333,0.3333,0.3333,interior
2026-09-07T05:26:36,495,0.0,-1.0,1.0,1.0,0.0,-1.0,-1.0,1.0,0.0,218,219,218,228,219,228,0.0,0.0,0.0,0.0,0.0,0.0,3.0,-3.0,-1.0,ROCK,218,1330,0.0,0.0,CYCLE_OK,0.26667,0.16708,0.225,0.0,0.3333,0.3333,0.3333,interior
2026-09-07T05:28:02,496,0.0,-1.0,1.0,1.0,0.0,-1.0,-1.0,1.0,0.0,219,200,219,247,200,247,0.0,0.0,0.0,0.0,0.0,0.0,3.0,-3.0,-1.0,ROCK,200,1332,0.0,0.0,CYCLE_OK,0.26667,0.16708,0.225,0.0,0.3333,0.3333,0.3333,interior
2026-09-07T05:28:55,497,0.0,-1.0,1.0,1.0,0.0,-1.0,-1.0,1.0,0.0,250,191,250,226,191,226,0.0,0.0,0.0,0.0,0.0,0.0,3.0,-3.0,-1.0,ROCK,191,1334,0.0,0.0,CYCLE_OK,0.24167,0.15445,0.2125,0.0,0.3333,0.3333,0.3333,interior
2026-09-07T05:29:30,498,0.0,-1.0,1.0,1.0,0.0,-1.0,-1.0,1.0,0.0,231,212,231,224,212,224,0.0,0.0,0.0,0.0,0.0,0.0,3.0,-3.0,-1.0,ROCK,212,1334,0.0,0.0,CYCLE_OK,0.24167,0.15445,0.2125,0.0,0.3333,0.3333,0.3333,interior
2026-09-07T05:30:48,499,0.0,-1.0,1.0,1.0,0.0,-1.0,-1.0,1.0,0.0,223,188,223,258,188,258,0.0,0.0,0.0,0.0,0.0,0.0,3.0,-3.0,-1.0,ROCK,188,1338,0.0,0.0,CYCLE_OK,0.26667,0.17169,0.2375,0.0,0.3333,0.3333,0.3333,interior
2026-09-07T05:31:50,500,0.0,-1.0,1.0,1.0,0.0,-1.0,-1.0,1.0,0.0,220,224,220,225,224,225,0.0,0.0,0.0,0.0,0.0,0.0,3.0,-3.0,-1.0,ROCK,220,1338,0.0,0.0,CYCLE_OK,0.26667,0.17169,0.2375,0.0,0.3333,0.3333,0.3333,interior
2026-09-07T05:33:27,501,0.0,-1.0,1.0,1.0,0.0,-1.0,-1.0,1.0,0.0,215,203,215,250,203,250,0.0,0.0,0.0,0.0,0.0,0.0,3.0,-3.0,-1.0,ROCK,203,1336,0.0,0.0,CYCLE_OK,0.26667,0.17795,0.25,0.0,0.3333,0.3333,0.3333,interior
2026-09-07T05:34:38,502,0.0,-1.0,1.0,1.0,0.0,-1.0,-1.0,1.0,0.0,215,188,215,265,188,265,0.0,0.0,0.0,0.0,0.0,0.0,3.0,-3.0,-1.0,ROCK,188,1336,0.0,0.0,CYCLE_OK,0.26667,0.17795,0.25,0.0,0.3333,0.3333,0.3333,interior
2026-09-07T05:35:14,503,0.0,-1.0,1.0,1.0,0.0,-1.0,-1.0,1.0,0.0,221,170,221,278,170,278,0.0,0.0,0.0,0.0,0.0,0.0,3.0,-3.0,-1.0,ROCK,170,1338,0.0,0.0,CYCLE_OK,0.26667,0.18569,0.2625,0.0,0.3333,0.3333,0.3333,interior
2026-09-07T05:36:41,504,0.0,-1.0,1.0,1.0,0.0,-1.0,-1.0,1.0,0.0,196,203,196,267,203,267,0.0,0.0,0.0,0.0,0.0,0.0,3.0,-3.0,-1.0,ROCK,196,1332,0.0,0.0,CYCLE_OK,0.26667,0.17795,0.25,0.0,0.3333,0.3333,0.3333,interior
2026-09-07T05:38:16,505,0.0,-1.0,1.0,1.0,0.0,-1.0,-1.0,1.0,0.0,203,208,203,256,208,256,0.0,0.0,0.0,0.0,0.0,0.0,3.0,-3.0,-1.0,ROCK,203,1334,0.0,0.0,CYCLE_OK,0.26667,0.18569,0.2625,0.0,0.3333,0.3333,0.3333,interior
2026-09-07T05:39:16,506,0.0,-1.0,1.0,1.0,0.0,-1.0,-1.0,1.0,0.0,212,185,212,270,185,270,0.0,0.0,0.0,0.0,0.0,0.0,3.0,-3.0,-1.0,ROCK,185,1334,0.0,0.0,CYCLE_OK,0.26667,0.18569,0.2625,0.0,0.3333,0.3333,0.3333,interior
2026-09-07T05:40:14,507,0.0,-1.0,1.0,1.0,0.0,-1.0,-1.0,1.0,0.0,185,236,185,245,236,245,0.0,0.0,0.0,0.0,0.0,0.0,3.0,-3.0,-1.0,ROCK,185,1332,0.0,0.0,CYCLE_OK,0.26667,0.18569,0.2625,0.0,0.3333,0.3333,0.3333,interior
2026-09-07T05:41:27,508,0.0,-1.0,1.0,1.0,0.0,-1.0,-1.0,1.0,0.0,196,215,196,256,215,256,0.0,0.0,0.0,0.0,0.0,0.0,3.0,-3.0,-1.0,ROCK,196,1334,0.0,0.0,CYCLE_OK,0.29167,0.20336,0.2875,0.0,0.3333,0.3333,0.3333,interior
2026-09-07T05:42:19,509,0.0,-1.0,1.0,1.0,0.0,-1.0,-1.0,1.0,0.0,175,229,175,263,229,263,0.0,0.0,0.0,0.0,0.0,0.0,3.0,-3.0,-1.0,ROCK,175,1334,0.0,0.0,CYCLE_OK,0.29167,0.20336,0.2875,0.0,0.3333,0.3333,0.3333,interior
2026-09-07T05:43:39,510,0.0,-1.0,1.0,1.0,0.0,-1.0,-1.0,1.0,0.0,219,217,219,233,217,233,0.0,0.0,0.0,0.0,0.0,0.0,3.0,-3.0,-1.0,ROCK,217,1338,0.0,0.0,CYCLE_OK,0.26667,0.18569,0.2625,0.0,0.3333,0.3333,0.3333,interior
2026-09-07T05:46:13,511,0.0,-1.0,1.0,1.0,0.0,-1.0,-1.0,1.0,0.0,249,208,249,217,208,217,0.0,0.0,0.0,0.0,0.0,0.0,3.0,-3.0,-1.0,ROCK,208,1348,0.0,0.0,CYCLE_OK,0.28333,0.19472,0.275,0.0,0.3333,0.3333,0.3333,interior
2026-09-07T05:47:15,512,0.0,-1.0,1.0,1.0,0.0,-1.0,-1.0,1.0,0.0,231,211,231,230,211,230,0.0,0.0,0.0,0.0,0.0,0.0,3.0,-3.0,-1.0,ROCK,211,1344,0.0,0.0,CYCLE_OK,0.28333,0.18736,0.2625,0.0,0.3333,0.3333,0.3333,interior
2026-09-07T05:49:56,513,0.0,-1.0,1.0,1.0,0.0,-1.0,-1.0,1.0,0.0,249,204,249,220,204,220,0.0,0.0,0.0,0.0,0.0,0.0,3.0,-3.0,-1.0,ROCK,204,1346,0.0,0.0,CYCLE_OK,0.30833,0.20489,0.2875,0.0,0.3333,0.3333,0.3333,interior
2026-09-07T05:51:25,514,0.0,-1.0,1.0,1.0,0.0,-1.0,-1.0,1.0,0.0,230,218,230,222,218,222,0.0,0.0,0.0,0.0,0.0,0.0,3.0,-3.0,-1.0,ROCK,218,1340,0.0,0.0,CYCLE_OK,0.30833,0.21238,0.3,0.0,0.3333,0.3333,0.3333,interior
2026-09-07T05:52:24,515,0.0,-1.0,1.0,1.0,0.0,-1.0,-1.0,1.0,0.0,196,255,196,216,255,216,0.0,0.0,0.0,0.0,0.0,0.0,3.0,-3.0,-1.0,ROCK,196,1334,0.0,0.0,CYCLE_OK,0.30833,0.21238,0.3,0.0,0.3333,0.3333,0.3333,interior
2026-09-07T05:54:52,516,0.0,-1.0,1.0,1.0,0.0,-1.0,-1.0,1.0,0.0,200,218,200,253,218,253,0.0,0.0,0.0,0.0,0.0,0.0,3.0,-3.0,-1.0,ROCK,200,1342,0.0,0.0,CYCLE_OK,0.30833,0.21238,0.3,0.0,0.3333,0.3333,0.3333,interior
2026-09-07T05:56:25,517,0.0,-1.0,1.0,1.0,0.0,-1.0,-1.0,1.0,0.0,223,204,223,244,204,244,0.0,0.0,0.0,0.0,0.0,0.0,3.0,-3.0,-1.0,ROCK,204,1342,0.0,0.0,CYCLE_OK,0.29167,0.20336,0.2875,0.0,0.3333,0.3333,0.3333,interior
2026-09-07T05:57:46,518,0.0,-1.0,1.0,1.0,0.0,-1.0,-1.0,1.0,0.0,194,217,194,259,217,259,0.0,0.0,0.0,0.0,0.0,0.0,3.0,-3.0,-1.0,ROCK,194,1340,0.0,0.0,CYCLE_OK,0.30833,0.21238,0.3,0.0,0.3333,0.3333,0.3333,interior
2026-09-07T05:59:35,519,0.0,-1.0,1.0,1.0,0.0,-1.0,-1.0,1.0,0.0,184,248,184,234,248,234,0.0,0.0,0.0,0.0,0.0,0.0,3.0,-3.0,-1.0,ROCK,184,1332,0.0,0.0,CYCLE_OK,0.30833,0.21238,0.3,0.0,0.3333,0.3333,0.3333,interior
2026-09-07T06:01:14,520,0.0,-1.0,1.0,1.0,0.0,-1.0,-1.0,1.0,0.0,226,227,226,214,227,214,0.0,0.0,0.0,0.0,0.0,0.0,3.0,-3.0,-1.0,ROCK,214,1334,0.0,0.0,CYCLE_OK,0.30833,0.21238,0.3,0.0,0.3333,0.3333,0.3333,interior
2026-09-07T06:02:52,521,0.0,-1.0,1.0,1.0,0.0,-1.0,-1.0,1.0,0.0,214,229,214,223,229,223,0.0,0.0,0.0,0.0,0.0,0.0,3.0,-3.0,-1.0,ROCK,214,1332,0.0,0.0,CYCLE_OK,0.33333,0.23004,0.325,0.0,0.3333,0.3333,0.3333,interior
2026-09-07T06:03:59,522,0.0,-1.0,1.0,1.0,0.0,-1.0,-1.0,1.0,0.0,206,246,206,217,246,217,0.0,0.0,0.0,0.0,0.0,0.0,3.0,-3.0,-1.0,ROCK,206,1338,0.0,0.0,CYCLE_OK,0.31667,0.22103,0.3125,0.0,0.3333,0.3333,0.3333,interior
2026-09-07T06:06:12,523,0.0,-1.0,1.0,1.0,0.0,-1.0,-1.0,1.0,0.0,243,224,243,201,224,201,0.0,0.0,0.0,0.0,0.0,0.0,3.0,-3.0,-1.0,ROCK,201,1336,0.0,0.0,CYCLE_OK,0.31667,0.22103,0.3125,0.0,0.3333,0.3333,0.3333,interior
2026-09-07T06:07:34,524,0.0,-1.0,1.0,1.0,0.0,-1.0,-1.0,1.0,0.0,207,250,207,209,250,209,0.0,0.0,0.0,0.0,0.0,0.0,3.0,-3.0,-1.0,ROCK,207,1332,0.0,0.0,CYCLE_OK,0.31667,0.22103,0.3125,0.0,0.3333,0.3333,0.3333,interior
2026-09-07T06:08:51,525,0.0,-1.0,1.0,1.0,0.0,-1.0,-1.0,1.0,0.0,215,245,215,205,245,205,0.0,0.0,0.0,0.0,0.0,0.0,3.0,-3.0,-1.0,ROCK,205,1330,0.0,0.0,CYCLE_OK,0.31667,0.22103,0.3125,0.0,0.3333,0.3333,0.3333,interior
2026-09-07T06:09:53,526,0.0,-1.0,1.0,1.0,0.0,-1.0,-1.0,1.0,0.0,214,246,214,206,246,206,0.0,0.0,0.0,0.0,0.0,0.0,3.0,-3.0,-1.0,ROCK,206,1332,0.0,0.0,CYCLE_OK,0.31667,0.22103,0.3125,0.0,0.3333,0.3333,0.3333,interior
2026-09-07T06:12:14,527,0.0,-1.0,1.0,1.0,0.0,-1.0,-1.0,1.0,0.0,218,241,218,209,241,209,0.0,0.0,0.0,0.0,0.0,0.0,3.0,-3.0,-1.0,ROCK,209,1336,0.0,0.0,CYCLE_OK,0.31667,0.22103,0.3125,0.0,0.3333,0.3333,0.3333,interior
2026-09-07T06:12:52,528,0.0,-1.0,1.0,1.0,0.0,-1.0,-1.0,1.0,0.0,207,230,207,231,230,231,0.0,0.0,0.0,0.0,0.0,0.0,3.0,-3.0,-1.0,ROCK,207,1336,0.0,0.0,CYCLE_OK,0.33333,0.23004,0.325,0.0,0.3333,0.3333,0.3333,interior
2026-09-07T06:15:14,529,0.0,-1.0,1.0,1.0,0.0,-1.0,-1.0,1.0,0.0,200,206,200,261,206,261,0.0,0.0,0.0,0.0,0.0,0.0,3.0,-3.0,-1.0,ROCK,200,1334,0.0,0.0,CYCLE_OK,0.35833,0.2477,0.35,0.0,0.3333,0.3333,0.3333,interior
2026-09-07T06:17:12,530,0.0,-1.0,1.0,1.0,0.0,-1.0,-1.0,1.0,0.0,196,223,196,248,223,248,0.0,0.0,0.0,0.0,0.0,0.0,3.0,-3.0,-1.0,ROCK,196,1334,0.0,0.0,CYCLE_OK,0.36667,0.25638,0.3625,0.0,0.3333,0.3333,0.3333,interior
2026-09-07T06:18:12,531,0.0,-1.0,1.0,1.0,0.0,-1.0,-1.0,1.0,0.0,207,184,207,277,184,277,0.0,0.0,0.0,0.0,0.0,0.0,3.0,-3.0,-1.0,ROCK,184,1336,0.0,0.0,CYCLE_OK,0.38333,0.26536,0.375,0.0,0.3333,0.3333,0.3333,interior
2026-09-07T06:19:21,532,0.0,-1.0,1.0,1.0,0.0,-1.0,-1.0,1.0,0.0,195,211,195,260,211,260,0.0,0.0,0.0,0.0,0.0,0.0,3.0,-3.0,-1.0,ROCK,195,1332,0.0,0.0,CYCLE_OK,0.38333,0.26536,0.375,0.0,0.3333,0.3333,0.3333,interior
2026-09-07T06:21:09,533,0.0,-1.0,1.0,1.0,0.0,-1.0,-1.0,1.0,0.0,200,204,200,265,204,265,0.0,0.0,0.0,0.0,0.0,0.0,3.0,-3.0,-1.0,ROCK,200,1338,0.0,0.0,CYCLE_OK,0.38333,0.26536,0.375,0.0,0.3333,0.3333,0.3333,interior
2026-09-07T06:22:19,534,0.0,-1.0,1.0,1.0,0.0,-1.0,-1.0,1.0,0.0,206,201,206,264,201,264,0.0,0.0,0.0,0.0,0.0,0.0,3.0,-3.0,-1.0,ROCK,201,1342,0.0,0.0,CYCLE_OK,0.35833,0.2477,0.35,0.0,0.3333,0.3333,0.3333,interior
2026-09-07T06:24:00,535,0.0,-1.0,1.0,1.0,0.0,-1.0,-1.0,1.0,0.0,218,209,218,243,209,243,0.0,0.0,0.0,0.0,0.0,0.0,3.0,-3.0,-1.0,ROCK,209,1340,0.0,0.0,CYCLE_OK,0.35833,0.2477,0.35,0.0,0.3333,0.3333,0.3333,interior
2026-09-07T06:25:07,536,0.0,-1.0,1.0,1.0,0.0,-1.0,-1.0,1.0,0.0,232,192,232,246,192,246,0.0,0.0,0.0,0.0,0.0,0.0,3.0,-3.0,-1.0,ROCK,192,1340,0.0,0.0,CYCLE_OK,0.38333,0.25759,0.3625,0.0,0.3333,0.3333,0.3333,interior
2026-09-07T06:26:38,537,0.0,-1.0,1.0,1.0,0.0,-1.0,-1.0,1.0,0.0,239,181,239,249,181,249,0.0,0.0,0.0,0.0,0.0,0.0,3.0,-3.0,-1.0,ROCK,181,1338,0.0,0.0,CYCLE_OK,0.38333,0.25759,0.3625,0.0,0.3333,0.3333,0.3333,interior
2026-09-07T06:28:39,538,0.0,-1.0,1.0,1.0,0.0,-1.0,-1.0,1.0,0.0,222,178,222,267,178,267,0.0,0.0,0.0,0.0,0.0,0.0,3.0,-3.0,-1.0,ROCK,178,1334,0.0,0.0,CYCLE_OK,0.40833,0.26829,0.375,0.0,0.3333,0.3333,0.3333,interior
2026-09-07T06:29:48,539,0.0,-1.0,1.0,1.0,0.0,-1.0,-1.0,1.0,0.0,220,177,220,270,177,270,0.0,0.0,0.0,0.0,0.0,0.0,3.0,-3.0,-1.0,ROCK,177,1334,0.0,0.0,CYCLE_OK,0.43333,0.28577,0.4,0.0,0.3333,0.3333,0.3333,interior
2026-09-07T06:31:08,540,0.0,-1.0,1.0,1.0,0.0,-1.0,-1.0,1.0,0.0,237,191,237,239,191,239,0.0,0.0,0.0,0.0,0.0,0.0,3.0,-3.0,-1.0,ROCK,191,1334,0.0,0.0,CYCLE_OK,0.43333,0.28577,0.4,0.0,0.3333,0.3333,0.3333,interior
2026-09-07T06:32:15,541,0.0,-1.0,1.0,1.0,0.0,-1.0,-1.0,1.0,0.0,236,204,236,227,204,227,0.0,0.0,0.0,0.0,0.0,0.0,3.0,-3.0,-1.0,ROCK,204,1334,0.0,0.0,CYCLE_OK,0.43333,0.28577,0.4,0.0,0.3333,0.3333,0.3333,interior
2026-09-07T06:33:21,542,0.0,-1.0,1.0,1.0,0.0,-1.0,-1.0,1.0,0.0,251,198,251,220,198,220,0.0,0.0,0.0,0.0,0.0,0.0,3.0,-3.0,-1.0,ROCK,198,1338,0.0,0.0,CYCLE_OK,0.40833,0.26829,0.375,0.0,0.3333,0.3333,0.3333,interior
2026-09-07T06:34:26,543,0.0,-1.0,1.0,1.0,0.0,-1.0,-1.0,1.0,0.0,258,194,258,218,194,218,0.0,0.0,0.0,0.0,0.0,0.0,3.0,-3.0,-1.0,ROCK,194,1340,0.0,0.0,CYCLE_OK,0.40833,0.26829,0.375,0.0,0.3333,0.3333,0.3333,interior
2026-09-07T06:35:35,544,0.0,-1.0,1.0,1.0,0.0,-1.0,-1.0,1.0,0.0,255,216,255,199,216,199,0.0,0.0,0.0,0.0,0.0,0.0,3.0,-3.0,-1.0,ROCK,199,1340,0.0,0.0,CYCLE_OK,0.40833,0.26829,0.375,0.0,0.3333,0.3333,0.3333,interior
2026-09-07T06:36:13,545,0.0,-1.0,1.0,1.0,0.0,-1.0,-1.0,1.0,0.0,260,207,260,204,207,204,0.0,0.0,0.0,0.0,0.0,0.0,3.0,-3.0,-1.0,ROCK,204,1342,0.0,0.0,CYCLE_OK,0.40833,0.26829,0.375,0.0,0.3333,0.3333,0.3333,interior
2026-09-07T06:37:50,546,0.0,-1.0,1.0,1.0,0.0,-1.0,-1.0,1.0,0.0,242,184,242,243,184,243,0.0,0.0,0.0,0.0,0.0,0.0,3.0,-3.0,-1.0,ROCK,184,1338,0.0,0.0,CYCLE_OK,0.40833,0.26829,0.375,0.0,0.3333,0.3333,0.3333,interior
2026-09-07T06:38:58,547,0.0,-1.0,1.0,1.0,0.0,-1.0,-1.0,1.0,0.0,217,197,217,254,197,254,0.0,0.0,0.0,0.0,0.0,0.0,3.0,-3.0,-1.0,ROCK,197,1336,0.0,0.0,CYCLE_OK,0.40833,0.26829,0.375,0.0,0.3333,0.3333,0.3333,interior
2026-09-07T06:39:44,548,0.0,-1.0,1.0,1.0,0.0,-1.0,-1.0,1.0,0.0,219,198,219,251,198,251,0.0,0.0,0.0,0.0,0.0,0.0,3.0,-3.0,-1.0,ROCK,198,1336,0.0,0.0,CYCLE_OK,0.40833,0.27519,0.3875,0.0,0.3333,0.3333,0.3333,interior
2026-09-07T06:40:35,549,0.0,-1.0,1.0,1.0,0.0,-1.0,-1.0,1.0,0.0,191,238,191,237,238,237,0.0,0.0,0.0,0.0,0.0,0.0,3.0,-3.0,-1.0,ROCK,191,1332,0.0,0.0,CYCLE_OK,0.38333,0.26536,0.375,0.0,0.3333,0.3333,0.3333,interior
2026-09-07T06:41:49,550,0.0,-1.0,1.0,1.0,0.0,-1.0,-1.0,1.0,0.0,197,253,197,216,253,216,0.0,0.0,0.0,0.0,0.0,0.0,3.0,-3.0,-1.0,ROCK,197,1332,0.0,0.0,CYCLE_OK,0.38333,0.25759,0.3625,0.0,0.3333,0.3333,0.3333,interior
2026-09-07T06:43:03,551,0.0,-1.0,1.0,1.0,0.0,-1.0,-1.0,1.0,0.0,200,250,200,216,250,216,0.0,0.0,0.0,0.0,0.0,0.0,3.0,-3.0,-1.0,ROCK,200,1332,0.0,0.0,CYCLE_OK,0.40833,0.27519,0.3875,0.0,0.3333,0.3333,0.3333,interior
2026-09-07T06:44:20,552,0.0,-1.0,1.0,1.0,0.0,-1.0,-1.0,1.0,0.0,202,248,202,219,248,219,0.0,0.0,0.0,0.0,0.0,0.0,3.0,-3.0,-1.0,ROCK,202,1338,0.0,0.0,CYCLE_OK,0.40833,0.27519,0.3875,0.0,0.3333,0.3333,0.3333,interior
2026-09-07T06:48:39,553,0.0,-1.0,1.0,1.0,0.0,-1.0,-1.0,1.0,0.0,234,218,234,213,218,213,0.0,0.0,0.0,0.0,0.0,0.0,3.0,-3.0,-1.0,ROCK,213,1330,0.0,0.0,CYCLE_OK,0.38333,0.25759,0.3625,0.0,0.3333,0.3333,0.3333,interior
2026-09-07T06:49:53,554,0.0,-1.0,1.0,1.0,0.0,-1.0,-1.0,1.0,0.0,249,221,249,196,221,196,0.0,0.0,0.0,0.0,0.0,0.0,3.0,-3.0,-1.0,ROCK,196,1332,0.0,0.0,CYCLE_OK,0.38333,0.25083,0.35,0.0,0.3333,0.3333,0.3333,interior
2026-09-07T06:51:59,555,0.0,-1.0,1.0,1.0,0.0,-1.0,-1.0,1.0,0.0,246,218,246,204,218,204,0.0,0.0,0.0,0.0,0.0,0.0,3.0,-3.0,-1.0,ROCK,204,1336,0.0,0.0,CYCLE_OK,0.38333,0.25083,0.35,0.0,0.3333,0.3333,0.3333,interior
2026-09-07T06:52:53,556,0.0,-1.0,1.0,1.0,0.0,-1.0,-1.0,1.0,0.0,234,228,234,206,228,206,0.0,0.0,0.0,0.0,0.0,0.0,3.0,-3.0,-1.0,ROCK,206,1336,0.0,0.0,CYCLE_OK,0.35833,0.24001,0.3375,0.0,0.3333,0.3333,0.3333,interior
2026-09-07T06:55:21,557,0.0,-1.0,1.0,1.0,0.0,-1.0,-1.0,1.0,0.0,202,209,202,254,209,254,0.0,0.0,0.0,0.0,0.0,0.0,3.0,-3.0,-1.0,ROCK,202,1330,0.0,0.0,CYCLE_OK,0.35833,0.24001,0.3375,0.0,0.3333,0.3333,0.3333,interior
2026-09-07T06:56:11,558,0.0,-1.0,1.0,1.0,0.0,-1.0,-1.0,1.0,0.0,195,227,195,243,227,243,0.0,0.0,0.0,0.0,0.0,0.0,3.0,-3.0,-1.0,ROCK,195,1330,0.0,0.0,CYCLE_OK,0.33333,0.23004,0.325,0.0,0.3333,0.3333,0.3333,interior
2026-09-07T06:56:55,559,0.0,-1.0,1.0,1.0,0.0,-1.0,-1.0,1.0,0.0,196,219,196,251,219,251,0.0,0.0,0.0,0.0,0.0,0.0,3.0,-3.0,-1.0,ROCK,196,1332,0.0,0.0,CYCLE_OK,0.35833,0.2477,0.35,0.0,0.3333,0.3333,0.3333,interior
2026-09-07T06:57:49,560,0.0,-1.0,1.0,1.0,0.0,-1.0,-1.0,1.0,0.0,197,219,197,251,219,251,0.0,0.0,0.0,0.0,0.0,0.0,3.0,-3.0,-1.0,ROCK,197,1334,0.0,0.0,CYCLE_OK,0.34167,0.2387,0.3375,0.0,0.3333,0.3333,0.3333,interior
2026-09-07T06:58:30,561,0.0,-1.0,1.0,1.0,0.0,-1.0,-1.0,1.0,0.0,199,208,199,260,208,260,0.0,0.0,0.0,0.0,0.0,0.0,3.0,-3.0,-1.0,ROCK,199,1334,0.0,0.0,CYCLE_OK,0.34167,0.2387,0.3375,0.0,0.3333,0.3333,0.3333,interior
2026-09-07T06:59:25,562,0.0,-1.0,1.0,1.0,0.0,-1.0,-1.0,1.0,0.0,170,228,170,271,228,271,0.0,0.0,0.0,0.0,0.0,0.0,3.0,-3.0,-1.0,ROCK,170,1338,0.0,0.0,CYCLE_OK,0.34167,0.23071,0.325,0.0,0.3333,0.3333,0.3333,interior
2026-09-07T07:01:43,563,0.0,-1.0,1.0,1.0,0.0,-1.0,-1.0,1.0,0.0,168,251,168,252,251,252,0.0,0.0,0.0,0.0,0.0,0.0,3.0,-3.0,-1.0,ROCK,168,1342,0.0,0.0,CYCLE_OK,0.34167,0.22384,0.3125,0.0,0.3333,0.3333,0.3333,interior
2026-09-07T07:04:45,564,0.0,-1.0,1.0,1.0,0.0,-1.0,-1.0,1.0,0.0,166,246,166,260,246,260,0.0,0.0,0.0,0.0,0.0,0.0,3.0,-3.0,-1.0,ROCK,166,1344,0.0,0.0,CYCLE_OK,0.31667,0.20641,0.2875,0.0,0.3333,0.3333,0.3333,interior
2026-09-07T07:05:44,565,0.0,-1.0,1.0,1.0,0.0,-1.0,-1.0,1.0,0.0,174,250,174,248,250,248,0.0,0.0,0.0,0.0,0.0,0.0,3.0,-3.0,-1.0,ROCK,174,1344,0.0,0.0,CYCLE_OK,0.31667,0.20641,0.2875,0.0,0.3333,0.3333,0.3333,interior
2026-09-07T07:08:28,566,0.0,-1.0,1.0,1.0,0.0,-1.0,-1.0,1.0,0.0,178,241,178,253,241,253,0.0,0.0,0.0,0.0,0.0,0.0,3.0,-3.0,-1.0,ROCK,178,1344,0.0,0.0,CYCLE_OK,0.31667,0.20104,0.275,0.0,0.3333,0.3333,0.3333,interior
2026-09-07T07:09:46,567,0.0,-1.0,1.0,1.0,0.0,-1.0,-1.0,1.0,0.0,170,246,170,256,246,256,0.0,0.0,0.0,0.0,0.0,0.0,3.0,-3.0,-1.0,ROCK,170,1344,0.0,0.0,CYCLE_OK,0.31667,0.20641,0.2875,0.0,0.3333,0.3333,0.3333,interior
2026-09-07T07:10:57,568,0.0,-1.0,1.0,1.0,0.0,-1.0,-1.0,1.0,0.0,173,267,173,230,267,230,0.0,0.0,0.0,0.0,0.0,0.0,3.0,-3.0,-1.0,ROCK,173,1340,0.0,0.0,CYCLE_OK,0.31667,0.20104,0.275,0.0,0.3333,0.3333,0.3333,interior
2026-09-07T07:11:55,569,0.0,-1.0,1.0,1.0,0.0,-1.0,-1.0,1.0,0.0,157,304,157,208,304,208,0.0,0.0,0.0,0.0,0.0,0.0,3.0,-3.0,-1.0,ROCK,157,1338,0.0,0.0,CYCLE_OK,0.31667,0.19711,0.2625,0.0,0.3333,0.3333,0.3333,interior
2026-09-07T07:12:42,570,0.0,-1.0,1.0,1.0,0.0,-1.0,-1.0,1.0,0.0,173,261,173,235,261,235,0.0,0.0,0.0,0.0,0.0,0.0,3.0,-3.0,-1.0,ROCK,173,1338,0.0,0.0,CYCLE_OK,0.31667,0.19711,0.2625,0.0,0.3333,0.3333,0.3333,interior
2026-09-07T07:15:41,571,0.0,-1.0,1.0,1.0,0.0,-1.0,-1.0,1.0,0.0,184,226,184,258,226,258,0.0,0.0,0.0,0.0,0.0,0.0,3.0,-3.0,-1.0,ROCK,184,1336,0.0,0.0,CYCLE_OK,0.31667,0.20104,0.275,0.0,0.3333,0.3333,0.3333,interior
2026-09-07T07:18:06,572,0.0,-1.0,1.0,1.0,0.0,-1.0,-1.0,1.0,0.0,176,234,176,258,234,258,0.0,0.0,0.0,0.0,0.0,0.0,3.0,-3.0,-1.0,ROCK,176,1336,0.0,0.0,CYCLE_OK,0.31667,0.20641,0.2875,0.0,0.3333,0.3333,0.3333,interior
2026-09-07T07:20:37,573,0.0,-1.0,1.0,1.0,0.0,-1.0,-1.0,1.0,0.0,188,217,188,263,217,263,0.0,0.0,0.0,0.0,0.0,0.0,3.0,-3.0,-1.0,ROCK,188,1336,0.0,0.0,CYCLE_OK,0.34167,0.22384,0.3125,0.0,0.3333,0.3333,0.3333,interior
2026-09-07T07:23:26,574,0.0,-1.0,1.0,1.0,0.0,-1.0,-1.0,1.0,0.0,231,175,231,266,175,266,0.0,0.0,0.0,0.0,0.0,0.0,3.0,-3.0,-1.0,ROCK,175,1344,0.0,0.0,CYCLE_OK,0.34167,0.23071,0.325,0.0,0.3333,0.3333,0.3333,interior
2026-09-07T07:24:47,575,0.0,-1.0,1.0,1.0,0.0,-1.0,-1.0,1.0,0.0,201,207,201,264,207,264,0.0,0.0,0.0,0.0,0.0,0.0,3.0,-3.0,-1.0,ROCK,201,1344,0.0,0.0,CYCLE_OK,0.34167,0.22384,0.3125,0.0,0.3333,0.3333,0.3333,interior
2026-09-07T07:25:46,576,0.0,-1.0,1.0,1.0,0.0,-1.0,-1.0,1.0,0.0,205,203,205,265,203,265,0.0,0.0,0.0,0.0,0.0,0.0,3.0,-3.0,-1.0,ROCK,203,1346,0.0,0.0,CYCLE_OK,0.34167,0.22384,0.3125,0.0,0.3333,0.3333,0.3333,interior
2026-09-07T07:29:23,577,0.0,-1.0,1.0,1.0,0.0,-1.0,-1.0,1.0,0.0,199,213,199,253,213,253,0.0,0.0,0.0,0.0,0.0,0.0,3.0,-3.0,-1.0,ROCK,199,1330,0.0,0.0,CYCLE_OK,0.36667,0.24131,0.3375,0.0,0.3333,0.3333,0.3333,interior
2026-09-07T07:30:51,578,0.0,-1.0,1.0,1.0,0.0,-1.0,-1.0,1.0,0.0,226,197,226,242,197,242,0.0,0.0,0.0,0.0,0.0,0.0,3.0,-3.0,-1.0,ROCK,197,1330,0.0,0.0,CYCLE_OK,0.34167,0.23071,0.325,0.0,0.3333,0.3333,0.3333,interior
2026-09-07T07:32:21,579,0.0,-1.0,1.0,1.0,0.0,-1.0,-1.0,1.0,0.0,213,224,213,229,224,229,0.0,0.0,0.0,0.0,0.0,0.0,3.0,-3.0,-1.0,ROCK,213,1332,0.0,0.0,CYCLE_OK,0.34167,0.22384,0.3125,0.0,0.3333,0.3333,0.3333,interior
2026-09-07T07:33:44,580,0.0,-1.0,1.0,1.0,0.0,-1.0,-1.0,1.0,0.0,212,212,212,244,212,244,0.0,0.0,0.0,0.0,0.0,0.0,3.0,-3.0,-1.0,ROCK,212,1336,0.0,0.0,CYCLE_OK,0.34167,0.23071,0.325,0.0,0.3333,0.3333,0.3333,interior
2026-09-07T07:35:32,581,0.0,-1.0,1.0,1.0,0.0,-1.0,-1.0,1.0,0.0,201,227,201,241,227,241,0.0,0.0,0.0,0.0,0.0,0.0,3.0,-3.0,-1.0,ROCK,201,1338,0.0,0.0,CYCLE_OK,0.34167,0.22384,0.3125,0.0,0.3333,0.3333,0.3333,interior
2026-09-07T07:36:21,582,0.0,-1.0,1.0,1.0,0.0,-1.0,-1.0,1.0,0.0,205,226,205,238,226,238,0.0,0.0,0.0,0.0,0.0,0.0,3.0,-3.0,-1.0,ROCK,205,1338,0.0,0.0,CYCLE_OK,0.34167,0.22384,0.3125,0.0,0.3333,0.3333,0.3333,interior
2026-09-07T07:37:37,583,0.0,-1.0,1.0,1.0,0.0,-1.0,-1.0,1.0,0.0,208,217,208,246,217,246,0.0,0.0,0.0,0.0,0.0,0.0,3.0,-3.0,-1.0,ROCK,208,1342,0.0,0.0,CYCLE_OK,0.34167,0.21818,0.3,0.0,0.3333,0.3333,0.3333,interior
2026-09-07T07:40:44,584,0.0,-1.0,1.0,1.0,0.0,-1.0,-1.0,1.0,0.0,201,236,201,233,236,233,0.0,0.0,0.0,0.0,0.0,0.0,3.0,-3.0,-1.0,ROCK,201,1340,0.0,0.0,CYCLE_OK,0.34167,0.22384,0.3125,0.0,0.3333,0.3333,0.3333,interior
2026-09-07T07:43:17,585,0.0,-1.0,1.0,1.0,0.0,-1.0,-1.0,1.0,0.0,198,246,198,225,246,225,0.0,0.0,0.0,0.0,0.0,0.0,3.0,-3.0,-1.0,ROCK,198,1338,0.0,0.0,CYCLE_OK,0.31667,0.20641,0.2875,0.0,0.3333,0.3333,0.3333,interior
2026-09-07T07:44:39,586,0.0,-1.0,1.0,1.0,0.0,-1.0,-1.0,1.0,0.0,204,249,204,215,249,215,0.0,0.0,0.0,0.0,0.0,0.0,3.0,-3.0,-1.0,ROCK,204,1336,0.0,0.0,CYCLE_OK,0.31667,0.20104,0.275,0.0,0.3333,0.3333,0.3333,interior
2026-09-07T07:48:01,587,0.0,-1.0,1.0,1.0,0.0,-1.0,-1.0,1.0,0.0,223,221,223,222,221,222,0.0,0.0,0.0,0.0,0.0,0.0,3.0,-3.0,-1.0,ROCK,221,1332,0.0,0.0,CYCLE_OK,0.31667,0.20641,0.2875,0.0,0.3333,0.3333,0.3333,interior
2026-09-07T07:49:55,588,0.0,-1.0,1.0,1.0,0.0,-1.0,-1.0,1.0,0.0,223,230,223,215,230,215,0.0,0.0,0.0,0.0,0.0,0.0,3.0,-3.0,-1.0,ROCK,215,1336,0.0,0.0,CYCLE_OK,0.29167,0.18902,0.2625,0.0,0.3333,0.3333,0.3333,interior
2026-09-07T07:53:33,589,0.0,-1.0,1.0,1.0,0.0,-1.0,-1.0,1.0,0.0,237,222,237,209,222,209,0.0,0.0,0.0,0.0,0.0,0.0,3.0,-3.0,-1.0,ROCK,209,1336,0.0,0.0,CYCLE_OK,0.29167,0.18902,0.2625,0.0,0.3333,0.3333,0.3333,interior
2026-09-07T07:55:27,590,0.0,-1.0,1.0,1.0,0.0,-1.0,-1.0,1.0,0.0,234,215,234,220,215,220,0.0,0.0,0.0,0.0,0.0,0.0,3.0,-3.0,-1.0,ROCK,215,1338,0.0,0.0,CYCLE_OK,0.31667,0.20641,0.2875,0.0,0.3333,0.3333,0.3333,interior
2026-09-07T07:56:37,591,0.0,-1.0,1.0,1.0,0.0,-1.0,-1.0,1.0,0.0,224,217,224,228,217,228,0.0,0.0,0.0,0.0,0.0,0.0,3.0,-3.0,-1.0,ROCK,217,1338,0.0,0.0,CYCLE_OK,0.31667,0.20104,0.275,0.0,0.3333,0.3333,0.3333,interior
2026-09-07T07:59:06,592,0.0,-1.0,1.0,1.0,0.0,-1.0,-1.0,1.0,0.0,216,238,216,215,238,215,0.0,0.0,0.0,0.0,0.0,0.0,3.0,-3.0,-1.0,ROCK,215,1338,0.0,0.0,CYCLE_OK,0.34167,0.21384,0.2875,0.0,0.3333,0.3333,0.3333,interior
2026-09-07T08:01:44,593,0.0,-1.0,1.0,1.0,0.0,-1.0,-1.0,1.0,0.0,207,226,207,235,226,235,0.0,0.0,0.0,0.0,0.0,0.0,3.0,-3.0,-1.0,ROCK,207,1336,0.0,0.0,CYCLE_OK,0.31667,0.19711,0.2625,0.0,0.3333,0.3333,0.3333,interior
2026-09-07T08:02:52,594,0.0,-1.0,1.0,1.0,0.0,-1.0,-1.0,1.0,0.0,216,236,216,216,236,216,0.0,0.0,0.0,0.0,0.0,0.0,3.0,-3.0,-1.0,ROCK,216,1336,0.0,0.0,CYCLE_OK,0.29167,0.184,0.25,0.0,0.3333,0.3333,0.3333,interior
2026-09-07T08:05:51,595,0.0,-1.0,1.0,1.0,0.0,-1.0,-1.0,1.0,0.0,240,211,240,216,211,216,0.0,0.0,0.0,0.0,0.0,0.0,3.0,-3.0,-1.0,ROCK,211,1334,0.0,0.0,CYCLE_OK,0.29167,0.18902,0.2625,0.0,0.3333,0.3333,0.3333,interior
2026-09-07T08:08:57,596,0.0,-1.0,1.0,1.0,0.0,-1.0,-1.0,1.0,0.0,251,210,251,207,210,207,0.0,0.0,0.0,0.0,0.0,0.0,3.0,-3.0,-1.0,ROCK,207,1336,0.0,0.0,CYCLE_OK,0.26667,0.17169,0.2375,0.0,0.3333,0.3333,0.3333,interior
2026-09-07T08:10:15,597,0.0,-1.0,1.0,1.0,0.0,-1.0,-1.0,1.0,0.0,235,189,235,244,189,244,0.0,0.0,0.0,0.0,0.0,0.0,3.0,-3.0,-1.0,ROCK,189,1336,0.0,0.0,CYCLE_OK,0.26667,0.17795,0.25,0.0,0.3333,0.3333,0.3333,interior
2026-09-07T08:13:43,598,0.0,-1.0,1.0,1.0,0.0,-1.0,-1.0,1.0,0.0,223,183,223,262,183,262,0.0,0.0,0.0,0.0,0.0,0.0,3.0,-3.0,-1.0,ROCK,183,1336,0.0,0.0,CYCLE_OK,0.26667,0.17795,0.25,0.0,0.3333,0.3333,0.3333,interior
2026-09-07T08:14:43,599,0.0,-1.0,1.0,1.0,0.0,-1.0,-1.0,1.0,0.0,233,184,233,251,184,251,0.0,0.0,0.0,0.0,0.0,0.0,3.0,-3.0,-1.0,ROCK,184,1336,0.0,0.0,CYCLE_OK,0.26667,0.18569,0.2625,0.0,0.3333,0.3333,0.3333,interior
2026-09-07T08:16:24,600,0.0,-1.0,1.0,1.0,0.0,-1.0,-1.0,1.0,0.0,247,189,247,236,189,236,0.0,0.0,0.0,0.0,0.0,0.0,3.0,-3.0,-1.0,ROCK,189,1344,0.0,0.0,CYCLE_OK,0.26667,0.18569,0.2625,0.0,0.3333,0.3333,0.3333,interior
2026-09-07T08:18:08,601,0.0,-1.0,1.0,1.0,0.0,-1.0,-1.0,1.0,0.0,249,197,249,226,197,226,0.0,0.0,0.0,0.0,0.0,0.0,3.0,-3.0,-1.0,ROCK,197,1344,0.0,0.0,CYCLE_OK,0.24167,0.16802,0.2375,0.0,0.3333,0.3333,0.3333,interior
2026-09-07T08:20:13,602,0.0,-1.0,1.0,1.0,0.0,-1.0,-1.0,1.0,0.0,256,204,256,213,204,213,0.0,0.0,0.0,0.0,0.0,0.0,3.0,-3.0,-1.0,ROCK,204,1346,0.0,0.0,CYCLE_OK,0.23333,0.15943,0.225,0.0,0.3333,0.3333,0.3333,interior
2026-09-07T08:21:16,603,0.0,-1.0,1.0,1.0,0.0,-1.0,-1.0,1.0,0.0,244,215,244,215,215,215,0.0,0.0,0.0,0.0,0.0,0.0,3.0,-3.0,-1.0,ROCK,215,1348,0.0,0.0,CYCLE_OK,0.24167,0.16802,0.2375,0.0,0.3333,0.3333,0.3333,interior
2026-09-07T08:22:41,604,0.0,-1.0,1.0,1.0,0.0,-1.0,-1.0,1.0,0.0,218,225,218,231,225,231,0.0,0.0,0.0,0.0,0.0,0.0,3.0,-3.0,-1.0,ROCK,218,1348,0.0,0.0,CYCLE_OK,0.24167,0.16802,0.2375,0.0,0.3333,0.3333,0.3333,interior
2026-09-07T08:25:39,605,0.0,-1.0,1.0,1.0,0.0,-1.0,-1.0,1.0,0.0,232,245,232,192,245,192,0.0,0.0,0.0,0.0,0.0,0.0,3.0,-3.0,-1.0,ROCK,192,1338,0.0,0.0,CYCLE_OK,0.23333,0.15943,0.225,0.0,0.3333,0.3333,0.3333,interior
2026-09-07T08:28:15,606,0.0,-1.0,1.0,1.0,0.0,-1.0,-1.0,1.0,0.0,232,233,232,203,233,203,0.0,0.0,0.0,0.0,0.0,0.0,3.0,-3.0,-1.0,ROCK,203,1336,0.0,0.0,CYCLE_OK,0.23333,0.15943,0.225,0.0,0.3333,0.3333,0.3333,interior
2026-09-07T08:29:45,607,0.0,-1.0,1.0,1.0,0.0,-1.0,-1.0,1.0,0.0,241,219,241,209,219,209,0.0,0.0,0.0,0.0,0.0,0.0,3.0,-3.0,-1.0,ROCK,209,1338,0.0,0.0,CYCLE_OK,0.23333,0.15943,0.225,0.0,0.3333,0.3333,0.3333,interior
2026-09-07T08:30:51,608,0.0,-1.0,1.0,1.0,0.0,-1.0,-1.0,1.0,0.0,246,238,246,186,238,186,0.0,0.0,0.0,0.0,0.0,0.0,3.0,-3.0,-1.0,ROCK,186,1340,0.0,0.0,CYCLE_OK,0.20833,0.14179,0.2,0.0,0.3333,0.3333,0.3333,interior
2026-09-07T08:32:01,609,0.0,-1.0,1.0,1.0,0.0,-1.0,-1.0,1.0,0.0,213,243,213,214,243,214,0.0,0.0,0.0,0.0,0.0,0.0,3.0,-3.0,-1.0,ROCK,213,1340,0.0,0.0,CYCLE_OK,0.19167,0.13268,0.1875,0.0,0.3333,0.3333,0.3333,interior
2026-09-07T08:35:17,610,0.0,-1.0,1.0,1.0,0.0,-1.0,-1.0,1.0,0.0,218,228,218,221,228,221,0.0,0.0,0.0,0.0,0.0,0.0,3.0,-3.0,-1.0,ROCK,218,1334,0.0,0.0,CYCLE_OK,0.20833,0.14179,0.2,0.0,0.3333,0.3333,0.3333,interior
2026-09-07T08:37:48,611,0.0,-1.0,1.0,1.0,0.0,-1.0,-1.0,1.0,0.0,204,225,204,236,225,236,0.0,0.0,0.0,0.0,0.0,0.0,3.0,-3.0,-1.0,ROCK,204,1330,0.0,0.0,CYCLE_OK,0.19167,0.13268,0.1875,0.0,0.3333,0.3333,0.3333,interior
2026-09-07T08:39:36,612,0.0,-1.0,1.0,1.0,0.0,-1.0,-1.0,1.0,0.0,204,205,204,260,205,260,0.0,0.0,0.0,0.0,0.0,0.0,3.0,-3.0,-1.0,ROCK,204,1338,0.0,0.0,CYCLE_OK,0.20833,0.14179,0.2,0.0,0.3333,0.3333,0.3333,interior
2026-09-07T08:41:56,613,0.0,-1.0,1.0,1.0,0.0,-1.0,-1.0,1.0,0.0,202,206,202,262,206,262,0.0,0.0,0.0,0.0,0.0,0.0,3.0,-3.0,-1.0,ROCK,202,1340,0.0,0.0,CYCLE_OK,0.20833,0.14179,0.2,0.0,0.3333,0.3333,0.3333,interior
2026-09-07T08:44:43,614,0.0,-1.0,1.0,1.0,0.0,-1.0,-1.0,1.0,0.0,218,166,218,289,166,289,0.0,0.0,0.0,0.0,0.0,0.0,3.0,-3.0,-1.0,ROCK,166,1346,0.0,0.0,CYCLE_OK,0.23333,0.15943,0.225,0.0,0.3333,0.3333,0.3333,interior
2026-09-07T08:45:52,615,0.0,-1.0,1.0,1.0,0.0,-1.0,-1.0,1.0,0.0,205,192,205,274,192,274,0.0,0.0,0.0,0.0,0.0,0.0,3.0,-3.0,-1.0,ROCK,192,1342,0.0,0.0,CYCLE_OK,0.21667,0.15035,0.2125,0.0,0.3333,0.3333,0.3333,interior
2026-09-07T08:47:37,616,0.0,-1.0,1.0,1.0,0.0,-1.0,-1.0,1.0,0.0,206,210,206,256,210,256,0.0,0.0,0.0,0.0,0.0,0.0,3.0,-3.0,-1.0,ROCK,206,1344,0.0,0.0,CYCLE_OK,0.21667,0.14289,0.2,0.0,0.3333,0.3333,0.3333,interior
2026-09-07T08:48:44,617,0.0,-1.0,1.0,1.0,0.0,-1.0,-1.0,1.0,0.0,187,202,187,282,202,282,0.0,0.0,0.0,0.0,0.0,0.0,3.0,-3.0,-1.0,ROCK,187,1342,0.0,0.0,CYCLE_OK,0.21667,0.14289,0.2,0.0,0.3333,0.3333,0.3333,interior
2026-09-07T08:49:59,618,0.0,-1.0,1.0,1.0,0.0,-1.0,-1.0,1.0,0.0,179,242,179,249,242,249,0.0,0.0,0.0,0.0,0.0,0.0,3.0,-3.0,-1.0,ROCK,179,1340,0.0,0.0,CYCLE_OK,0.21667,0.13731,0.1875,0.0,0.3333,0.3333,0.3333,interior
2026-09-07T08:50:58,619,0.0,-1.0,1.0,1.0,0.0,-1.0,-1.0,1.0,0.0,170,231,170,269,231,269,0.0,0.0,0.0,0.0,0.0,0.0,3.0,-3.0,-1.0,ROCK,170,1340,0.0,0.0,CYCLE_OK,0.21667,0.13385,0.175,0.0,0.3333,0.3333,0.3333,interior
2026-09-07T08:52:28,620,0.0,-1.0,1.0,1.0,0.0,-1.0,-1.0,1.0,0.0,163,250,163,255,250,255,0.0,0.0,0.0,0.0,0.0,0.0,3.0,-3.0,-1.0,ROCK,163,1336,0.0,0.0,CYCLE_OK,0.24167,0.15035,0.2,0.0,0.3333,0.3333,0.3333,interior
2026-09-07T08:55:50,621,0.0,-1.0,1.0,1.0,0.0,-1.0,-1.0,1.0,0.0,192,245,192,230,245,230,0.0,0.0,0.0,0.0,0.0,0.0,3.0,-3.0,-1.0,ROCK,192,1334,0.0,0.0,CYCLE_OK,0.24167,0.15035,0.2,0.0,0.3333,0.3333,0.3333,interior
2026-09-07T08:57:58,622,0.0,-1.0,1.0,1.0,0.0,-1.0,-1.0,1.0,0.0,207,227,207,232,227,232,0.0,0.0,0.0,0.0,0.0,0.0,3.0,-3.0,-1.0,ROCK,207,1332,0.0,0.0,CYCLE_OK,0.26667,0.16708,0.225,0.0,0.3333,0.3333,0.3333,interior
2026-09-07T08:58:59,623,0.0,-1.0,1.0,1.0,0.0,-1.0,-1.0,1.0,0.0,209,235,209,223,235,223,0.0,0.0,0.0,0.0,0.0,0.0,3.0,-3.0,-1.0,ROCK,209,1334,0.0,0.0,CYCLE_OK,0.24167,0.15035,0.2,0.0,0.3333,0.3333,0.3333,interior
2026-09-07T09:00:45,624,0.0,-1.0,1.0,1.0,0.0,-1.0,-1.0,1.0,0.0,217,224,217,227,224,227,0.0,0.0,0.0,0.0,0.0,0.0,3.0,-3.0,-1.0,ROCK,217,1336,0.0,0.0,CYCLE_OK,0.26667,0.16708,0.225,0.0,0.3333,0.3333,0.3333,interior
2026-09-07T09:01:52,625,0.0,-1.0,1.0,1.0,0.0,-1.0,-1.0,1.0,0.0,212,211,212,246,211,246,0.0,0.0,0.0,0.0,0.0,0.0,3.0,-3.0,-1.0,ROCK,211,1338,0.0,0.0,CYCLE_OK,0.26667,0.16708,0.225,0.0,0.3333,0.3333,0.3333,interior
2026-09-07T09:02:51,626,0.0,-1.0,1.0,1.0,0.0,-1.0,-1.0,1.0,0.0,222,195,222,252,195,252,0.0,0.0,0.0,0.0,0.0,0.0,3.0,-3.0,-1.0,ROCK,195,1338,0.0,0.0,CYCLE_OK,0.26667,0.16425,0.2125,0.0,0.3333,0.3333,0.3333,interior
2026-09-07T09:05:08,627,0.0,-1.0,1.0,1.0,0.0,-1.0,-1.0,1.0,0.0,203,212,203,251,212,251,0.0,0.0,0.0,0.0,0.0,0.0,3.0,-3.0,-1.0,ROCK,203,1332,0.0,0.0,CYCLE_OK,0.26667,0.16425,0.2125,0.0,0.3333,0.3333,0.3333,interior
2026-09-07T09:06:00,628,0.0,-1.0,1.0,1.0,0.0,-1.0,-1.0,1.0,0.0,208,240,208,219,240,219,0.0,0.0,0.0,0.0,0.0,0.0,3.0,-3.0,-1.0,ROCK,208,1334,0.0,0.0,CYCLE_OK,0.24167,0.15035,0.2,0.0,0.3333,0.3333,0.3333,interior
2026-09-07T09:06:55,629,0.0,-1.0,1.0,1.0,0.0,-1.0,-1.0,1.0,0.0,231,249,231,188,249,188,0.0,0.0,0.0,0.0,0.0,0.0,3.0,-3.0,-1.0,ROCK,188,1336,0.0,0.0,CYCLE_OK,0.21667,0.13731,0.1875,0.0,0.3333,0.3333,0.3333,interior
2026-09-07T09:08:38,630,0.0,-1.0,1.0,1.0,0.0,-1.0,-1.0,1.0,0.0,238,221,238,211,221,211,0.0,0.0,0.0,0.0,0.0,0.0,3.0,-3.0,-1.0,ROCK,211,1340,0.0,0.0,CYCLE_OK,0.24167,0.15445,0.2125,0.0,0.3333,0.3333,0.3333,interior
2026-09-07T09:13:06,631,0.0,-1.0,1.0,1.0,0.0,-1.0,-1.0,1.0,0.0,238,220,238,213,220,213,0.0,0.0,0.0,0.0,0.0,0.0,3.0,-3.0,-1.0,ROCK,213,1342,0.0,0.0,CYCLE_OK,0.24167,0.15035,0.2,0.0,0.3333,0.3333,0.3333,interior
2026-09-07T09:15:39,632,0.0,-1.0,1.0,1.0,0.0,-1.0,-1.0,1.0,0.0,226,194,226,249,194,249,0.0,0.0,0.0,0.0,0.0,0.0,3.0,-3.0,-1.0,ROCK,194,1338,0.0,0.0,CYCLE_OK,0.24167,0.15445,0.2125,0.0,0.3333,0.3333,0.3333,interior
2026-09-07T09:17:51,633,0.0,-1.0,1.0,1.0,0.0,-1.0,-1.0,1.0,0.0,181,227,181,259,227,259,0.0,0.0,0.0,0.0,0.0,0.0,3.0,-3.0,-1.0,ROCK,181,1334,0.0,0.0,CYCLE_OK,0.26667,0.16708,0.225,0.0,0.3333,0.3333,0.3333,interior
2026-09-07T09:20:15,634,0.0,-1.0,1.0,1.0,0.0,-1.0,-1.0,1.0,0.0,202,242,202,224,242,224,0.0,0.0,0.0,0.0,0.0,0.0,3.0,-3.0,-1.0,ROCK,202,1336,0.0,0.0,CYCLE_OK,0.26667,0.16708,0.225,0.0,0.3333,0.3333,0.3333,interior
2026-09-07T09:22:19,635,0.0,-1.0,1.0,1.0,0.0,-1.0,-1.0,1.0,0.0,203,244,203,222,244,222,0.0,0.0,0.0,0.0,0.0,0.0,3.0,-3.0,-1.0,ROCK,203,1338,0.0,0.0,CYCLE_OK,0.24167,0.15035,0.2,0.0,0.3333,0.3333,0.3333,interior
2026-09-07T09:24:35,636,0.0,-1.0,1.0,1.0,0.0,-1.0,-1.0,1.0,0.0,238,229,238,203,229,203,0.0,0.0,0.0,0.0,0.0,0.0,3.0,-3.0,-1.0,ROCK,203,1340,0.0,0.0,CYCLE_OK,0.21667,0.13731,0.1875,0.0,0.3333,0.3333,0.3333,interior
2026-09-07T09:29:55,637,0.0,-1.0,1.0,1.0,0.0,-1.0,-1.0,1.0,0.0,219,247,219,200,247,200,0.0,0.0,0.0,0.0,0.0,0.0,3.0,-3.0,-1.0,ROCK,200,1332,0.0,0.0,CYCLE_OK,0.21667,0.13385,0.175,0.0,0.3333,0.3333,0.3333,interior
2026-09-07T09:32:05,638,0.0,-1.0,1.0,1.0,0.0,-1.0,-1.0,1.0,0.0,192,253,192,220,253,220,0.0,0.0,0.0,0.0,0.0,0.0,3.0,-3.0,-1.0,ROCK,192,1330,0.0,0.0,CYCLE_OK,0.21667,0.13385,0.175,0.0,0.3333,0.3333,0.3333,interior
2026-09-07T09:35:03,639,0.0,-1.0,1.0,1.0,0.0,-1.0,-1.0,1.0,0.0,182,231,182,253,231,253,0.0,0.0,0.0,0.0,0.0,0.0,3.0,-3.0,-1.0,ROCK,182,1332,0.0,0.0,CYCLE_OK,0.21667,0.13385,0.175,0.0,0.3333,0.3333,0.3333,interior
2026-09-07T09:38:18,640,0.0,-1.0,1.0,1.0,0.0,-1.0,-1.0,1.0,0.0,196,229,196,243,229,243,0.0,0.0,0.0,0.0,0.0,0.0,3.0,-3.0,-1.0,ROCK,196,1336,0.0,0.0,CYCLE_OK,0.21667,0.13731,0.1875,0.0,0.3333,0.3333,0.3333,interior
2026-09-07T09:43:12,641,0.0,-1.0,1.0,1.0,0.0,-1.0,-1.0,1.0,0.0,197,201,197,268,201,268,0.0,0.0,0.0,0.0,0.0,0.0,3.0,-3.0,-1.0,ROCK,197,1332,0.0,0.0,CYCLE_OK,0.21667,0.13385,0.175,0.0,0.3333,0.3333,0.3333,interior
2026-09-07T09:45:46,642,0.0,-1.0,1.0,1.0,0.0,-1.0,-1.0,1.0,0.0,174,237,174,254,237,254,0.0,0.0,0.0,0.0,0.0,0.0,3.0,-3.0,-1.0,ROCK,174,1330,0.0,0.0,CYCLE_OK,0.21667,0.13385,0.175,0.0,0.3333,0.3333,0.3333,interior
2026-09-07T09:46:54,643,0.0,-1.0,1.0,1.0,0.0,-1.0,-1.0,1.0,0.0,185,242,185,239,242,239,0.0,0.0,0.0,0.0,0.0,0.0,3.0,-3.0,-1.0,ROCK,185,1332,0.0,0.0,CYCLE_OK,0.21667,0.13731,0.1875,0.0,0.3333,0.3333,0.3333,interior
2026-09-07T09:48:45,644,0.0,-1.0,1.0,1.0,0.0,-1.0,-1.0,1.0,0.0,187,247,187,232,247,232,0.0,0.0,0.0,0.0,0.0,0.0,3.0,-3.0,-1.0,ROCK,187,1332,0.0,0.0,CYCLE_OK,0.24167,0.15445,0.2125,0.0,0.3333,0.3333,0.3333,interior
2026-09-07T09:51:05,645,0.0,-1.0,1.0,1.0,0.0,-1.0,-1.0,1.0,0.0,183,238,183,247,238,247,0.0,0.0,0.0,0.0,0.0,0.0,3.0,-3.0,-1.0,ROCK,183,1336,0.0,0.0,CYCLE_OK,0.24167,0.15445,0.2125,0.0,0.3333,0.3333,0.3333,interior
2026-09-07T09:52:37,646,0.0,-1.0,1.0,1.0,0.0,-1.0,-1.0,1.0,0.0,189,240,189,240,240,240,0.0,0.0,0.0,0.0,0.0,0.0,3.0,-3.0,-1.0,ROCK,189,1338,0.0,0.0,CYCLE_OK,0.24167,0.15445,0.2125,0.0,0.3333,0.3333,0.3333,interior
2026-09-07T09:54:32,647,0.0,-1.0,1.0,1.0,0.0,-1.0,-1.0,1.0,0.0,189,251,189,229,251,229,0.0,0.0,0.0,0.0,0.0,0.0,3.0,-3.0,-1.0,ROCK,189,1338,0.0,0.0,CYCLE_OK,0.21667,0.13731,0.1875,0.0,0.3333,0.3333,0.3333,interior
2026-09-07T09:56:37,648,0.0,-1.0,1.0,1.0,0.0,-1.0,-1.0,1.0,0.0,202,229,202,239,229,239,0.0,0.0,0.0,0.0,0.0,0.0,3.0,-3.0,-1.0,ROCK,202,1340,0.0,0.0,CYCLE_OK,0.21667,0.13731,0.1875,0.0,0.3333,0.3333,0.3333,interior
2026-09-07T09:58:08,649,0.0,-1.0,1.0,1.0,0.0,-1.0,-1.0,1.0,0.0,219,229,219,223,229,223,0.0,0.0,0.0,0.0,0.0,0.0,3.0,-3.0,-1.0,ROCK,219,1342,0.0,0.0,CYCLE_OK,0.19167,0.12542,0.175,0.0,0.3333,0.3333,0.3333,interior
2026-09-07T09:59:49,650,0.0,-1.0,1.0,1.0,0.0,-1.0,-1.0,1.0,0.0,222,222,222,227,222,227,0.0,0.0,0.0,0.0,0.0,0.0,3.0,-3.0,-1.0,ROCK,222,1342,0.0,0.0,CYCLE_OK,0.19167,0.12033,0.1625,0.0,0.3333,0.3333,0.3333,interior
2026-09-07T10:00:45,651,0.0,-1.0,1.0,1.0,0.0,-1.0,-1.0,1.0,0.0,243,237,243,192,237,192,0.0,0.0,0.0,0.0,0.0,0.0,3.0,-3.0,-1.0,ROCK,192,1344,0.0,0.0,CYCLE_OK,0.16667,0.10358,0.1375,0.0,0.3333,0.3333,0.3333,interior
2026-09-07T10:01:37,652,0.0,-1.0,1.0,1.0,0.0,-1.0,-1.0,1.0,0.0,245,235,245,192,235,192,0.0,0.0,0.0,0.0,0.0,0.0,3.0,-3.0,-1.0,ROCK,192,1344,0.0,0.0,CYCLE_OK,0.16667,0.10358,0.1375,0.0,0.3333,0.3333,0.3333,interior
2026-09-07T10:03:16,653,0.0,-1.0,1.0,1.0,0.0,-1.0,-1.0,1.0,0.0,238,208,238,224,208,224,0.0,0.0,0.0,0.0,0.0,0.0,3.0,-3.0,-1.0,ROCK,208,1340,0.0,0.0,CYCLE_OK,0.16667,0.10358,0.1375,0.0,0.3333,0.3333,0.3333,interior
2026-09-07T10:04:10,654,0.0,-1.0,1.0,1.0,0.0,-1.0,-1.0,1.0,0.0,220,220,220,230,220,230,0.0,0.0,0.0,0.0,0.0,0.0,3.0,-3.0,-1.0,ROCK,220,1340,0.0,0.0,CYCLE_OK,0.16667,0.10206,0.125,0.0,0.3333,0.3333,0.3333,interior
2026-09-07T10:07:36,655,0.0,-1.0,1.0,1.0,0.0,-1.0,-1.0,1.0,0.0,223,220,223,225,220,225,0.0,0.0,0.0,0.0,0.0,0.0,3.0,-3.0,-1.0,ROCK,220,1336,0.0,0.0,CYCLE_OK,0.16667,0.10206,0.125,0.0,0.3333,0.3333,0.3333,interior
2026-09-07T10:08:26,656,0.0,-1.0,1.0,1.0,0.0,-1.0,-1.0,1.0,0.0,201,224,201,243,224,243,0.0,0.0,0.0,0.0,0.0,0.0,3.0,-3.0,-1.0,ROCK,201,1336,0.0,0.0,CYCLE_OK,0.16667,0.10358,0.1125,0.0,0.3333,0.3333,0.3333,interior
2026-09-07T10:09:57,657,0.0,-1.0,1.0,1.0,0.0,-1.0,-1.0,1.0,0.0,184,230,184,253,230,253,0.0,0.0,0.0,0.0,0.0,0.0,3.0,-3.0,-1.0,ROCK,184,1334,0.0,0.0,CYCLE_OK,0.16667,0.10801,0.1,0.0,0.3333,0.3333,0.3333,interior
2026-09-07T10:12:40,658,0.0,-1.0,1.0,1.0,0.0,-1.0,-1.0,1.0,0.0,163,264,163,238,264,238,0.0,0.0,0.0,0.0,0.0,0.0,3.0,-3.0,-1.0,ROCK,163,1330,0.0,0.0,CYCLE_OK,0.19167,0.12542,0.1125,0.0,0.3333,0.3333,0.3333,interior
2026-09-07T10:13:18,659,0.0,-1.0,1.0,1.0,0.0,-1.0,-1.0,1.0,0.0,171,251,171,244,251,244,0.0,0.0,0.0,0.0,0.0,0.0,3.0,-3.0,-1.0,ROCK,171,1332,0.0,0.0,CYCLE_OK,0.19167,0.12033,0.125,0.0,0.3333,0.3333,0.3333,interior
2026-09-07T10:16:01,660,0.0,-1.0,1.0,1.0,0.0,-1.0,-1.0,1.0,0.0,180,250,180,237,250,237,0.0,0.0,0.0,0.0,0.0,0.0,3.0,-3.0,-1.0,ROCK,180,1334,0.0,0.0,CYCLE_OK,0.19167,0.12033,0.125,0.0,0.3333,0.3333,0.3333,interior
2026-09-07T10:17:45,661,0.0,-1.0,1.0,1.0,0.0,-1.0,-1.0,1.0,0.0,212,201,212,258,201,258,0.0,0.0,0.0,0.0,0.0,0.0,3.0,-3.0,-1.0,ROCK,201,1342,0.0,0.0,CYCLE_OK,0.19167,0.1177,0.1375,0.0,0.3333,0.3333,0.3333,interior
2026-09-07T10:18:30,662,0.0,-1.0,1.0,1.0,0.0,-1.0,-1.0,1.0,0.0,218,174,218,279,174,279,0.0,0.0,0.0,0.0,0.0,0.0,3.0,-3.0,-1.0,ROCK,174,1342,0.0,0.0,CYCLE_OK,0.19167,0.1177,0.1375,0.0,0.3333,0.3333,0.3333,interior
2026-09-07T10:19:47,663,0.0,-1.0,1.0,1.0,0.0,-1.0,-1.0,1.0,0.0,220,163,220,288,163,288,0.0,0.0,0.0,0.0,0.0,0.0,3.0,-3.0,-1.0,ROCK,163,1342,0.0,0.0,CYCLE_OK,0.19167,0.1177,0.15,0.0,0.3333,0.3333,0.3333,interior
2026-09-07T10:20:30,664,0.0,-1.0,1.0,1.0,0.0,-1.0,-1.0,1.0,0.0,224,164,224,283,164,283,0.0,0.0,0.0,0.0,0.0,0.0,3.0,-3.0,-1.0,ROCK,164,1342,0.0,0.0,CYCLE_OK,0.19167,0.1177,0.15,0.0,0.3333,0.3333,0.3333,interior
2026-09-07T10:22:16,665,0.0,-1.0,1.0,1.0,0.0,-1.0,-1.0,1.0,0.0,212,183,212,275,183,275,0.0,0.0,0.0,0.0,0.0,0.0,3.0,-3.0,-1.0,ROCK,183,1340,0.0,0.0,CYCLE_OK,0.21667,0.13268,0.1625,0.0,0.3333,0.3333,0.3333,interior
2026-09-07T10:24:22,666,0.0,-1.0,1.0,1.0,0.0,-1.0,-1.0,1.0,0.0,213,185,213,269,185,269,0.0,0.0,0.0,0.0,0.0,0.0,3.0,-3.0,-1.0,ROCK,185,1334,0.0,0.0,CYCLE_OK,0.21667,0.13385,0.175,0.0,0.3333,0.3333,0.3333,interior
2026-09-07T10:26:52,667,0.0,-1.0,1.0,1.0,0.0,-1.0,-1.0,1.0,0.0,204,234,204,232,234,232,0.0,0.0,0.0,0.0,0.0,0.0,3.0,-3.0,-1.0,ROCK,204,1340,0.0,0.0,CYCLE_OK,0.21667,0.13268,0.1625,0.0,0.3333,0.3333,0.3333,interior
2026-09-07T10:28:47,668,0.0,-1.0,1.0,1.0,0.0,-1.0,-1.0,1.0,0.0,177,276,177,216,276,216,0.0,0.0,0.0,0.0,0.0,0.0,3.0,-3.0,-1.0,ROCK,177,1338,0.0,0.0,CYCLE_OK,0.24167,0.14825,0.175,0.0,0.3333,0.3333,0.3333,interior
2026-09-07T10:30:49,669,0.0,-1.0,1.0,1.0,0.0,-1.0,-1.0,1.0,0.0,169,273,169,226,273,226,0.0,0.0,0.0,0.0,0.0,0.0,3.0,-3.0,-1.0,ROCK,169,1336,0.0,0.0,CYCLE_OK,0.24167,0.14825,0.175,0.0,0.3333,0.3333,0.3333,interior
2026-09-07T10:32:23,670,0.0,-1.0,1.0,1.0,0.0,-1.0,-1.0,1.0,0.0,153,305,153,208,305,208,0.0,0.0,0.0,0.0,0.0,0.0,3.0,-3.0,-1.0,ROCK,153,1332,0.0,0.0,CYCLE_OK,0.24167,0.15035,0.1625,0.0,0.3333,0.3333,0.3333,interior
2026-09-07T10:35:13,671,0.0,-1.0,1.0,1.0,0.0,-1.0,-1.0,1.0,0.0,167,275,167,225,275,225,0.0,0.0,0.0,0.0,0.0,0.0,3.0,-3.0,-1.0,ROCK,167,1334,0.0,0.0,CYCLE_OK,0.24167,0.15035,0.1625,0.0,0.3333,0.3333,0.3333,interior
2026-09-07T10:38:09,672,0.0,-1.0,1.0,1.0,0.0,-1.0,-1.0,1.0,0.0,176,270,176,222,270,222,0.0,0.0,0.0,0.0,0.0,0.0,3.0,-3.0,-1.0,ROCK,176,1336,0.0,0.0,CYCLE_OK,0.24167,0.15035,0.1625,0.0,0.3333,0.3333,0.3333,interior
2026-09-07T10:40:50,673,0.0,-1.0,1.0,1.0,0.0,-1.0,-1.0,1.0,0.0,213,210,213,247,210,247,0.0,0.0,0.0,0.0,0.0,0.0,3.0,-3.0,-1.0,ROCK,210,1340,0.0,0.0,CYCLE_OK,0.26667,0.16425,0.1875,0.0,0.3333,0.3333,0.3333,interior
2026-09-07T10:43:31,674,0.0,-1.0,1.0,1.0,0.0,-1.0,-1.0,1.0,0.0,216,199,216,252,199,252,0.0,0.0,0.0,0.0,0.0,0.0,3.0,-3.0,-1.0,ROCK,199,1334,0.0,0.0,CYCLE_OK,0.29167,0.17883,0.2125,0.0,0.3333,0.3333,0.3333,interior
2026-09-07T10:48:54,675,0.0,-1.0,1.0,1.0,0.0,-1.0,-1.0,1.0,0.0,222,207,222,237,207,237,0.0,0.0,0.0,0.0,0.0,0.0,3.0,-3.0,-1.0,ROCK,207,1332,0.0,0.0,CYCLE_OK,0.29167,0.17883,0.2125,0.0,0.3333,0.3333,0.3333,interior
2026-09-07T10:50:31,676,0.0,-1.0,1.0,1.0,0.0,-1.0,-1.0,1.0,0.0,215,190,215,261,190,261,0.0,0.0,0.0,0.0,0.0,0.0,3.0,-3.0,-1.0,ROCK,190,1332,0.0,0.0,CYCLE_OK,0.31667,0.19392,0.2375,0.0,0.3333,0.3333,0.3333,interior
2026-09-07T10:51:33,677,0.0,-1.0,1.0,1.0,0.0,-1.0,-1.0,1.0,0.0,221,195,221,250,195,250,0.0,0.0,0.0,0.0,0.0,0.0,3.0,-3.0,-1.0,ROCK,195,1332,0.0,0.0,CYCLE_OK,0.31667,0.19392,0.2375,0.0,0.3333,0.3333,0.3333,interior
2026-09-07T10:52:52,678,0.0,-1.0,1.0,1.0,0.0,-1.0,-1.0,1.0,0.0,204,217,204,246,217,246,0.0,0.0,0.0,0.0,0.0,0.0,3.0,-3.0,-1.0,ROCK,204,1334,0.0,0.0,CYCLE_OK,0.31667,0.19472,0.225,0.0,0.3333,0.3333,0.3333,interior
2026-09-07T10:55:51,679,0.0,-1.0,1.0,1.0,0.0,-1.0,-1.0,1.0,0.0,212,199,212,257,199,257,0.0,0.0,0.0,0.0,0.0,0.0,3.0,-3.0,-1.0,ROCK,199,1336,0.0,0.0,CYCLE_OK,0.31667,0.19472,0.225,0.0,0.3333,0.3333,0.3333,interior
2026-09-07T10:57:17,680,0.0,-1.0,1.0,1.0,0.0,-1.0,-1.0,1.0,0.0,189,230,189,250,230,250,0.0,0.0,0.0,0.0,0.0,0.0,3.0,-3.0,-1.0,ROCK,189,1338,0.0,0.0,CYCLE_OK,0.34167,0.2109,0.2375,0.0,0.3333,0.3333,0.3333,interior
2026-09-07T10:59:05,681,0.0,-1.0,1.0,1.0,0.0,-1.0,-1.0,1.0,0.0,185,229,185,255,229,255,0.0,0.0,0.0,0.0,0.0,0.0,3.0,-3.0,-1.0,ROCK,185,1338,0.0,0.0,CYCLE_OK,0.36667,0.22523,0.2625,0.0,0.3333,0.3333,0.3333,interior
2026-09-07T11:00:42,682,0.0,-1.0,1.0,1.0,0.0,-1.0,-1.0,1.0,0.0,202,203,202,263,203,263,0.0,0.0,0.0,0.0,0.0,0.0,3.0,-3.0,-1.0,ROCK,202,1336,0.0,0.0,CYCLE_OK,0.39167,0.24001,0.2875,0.0,0.3333,0.3333,0.3333,interior
2026-09-07T11:02:24,683,0.0,-1.0,1.0,1.0,0.0,-1.0,-1.0,1.0,0.0,204,212,204,251,212,251,0.0,0.0,0.0,0.0,0.0,0.0,3.0,-3.0,-1.0,ROCK,204,1334,0.0,0.0,CYCLE_OK,0.39167,0.24001,0.2875,0.0,0.3333,0.3333,0.3333,interior
2026-09-07T11:08:28,684,0.0,-1.0,1.0,1.0,0.0,-1.0,-1.0,1.0,0.0,209,227,209,226,227,226,0.0,0.0,0.0,0.0,0.0,0.0,3.0,-3.0,-1.0,ROCK,209,1324,0.0,0.0,CYCLE_OK,0.39167,0.24001,0.3,0.0,0.3333,0.3333,0.3333,interior
2026-09-07T11:09:37,685,0.0,-1.0,1.0,1.0,0.0,-1.0,-1.0,1.0,0.0,198,210,198,254,210,254,0.0,0.0,0.0,0.0,0.0,0.0,3.0,-3.0,-1.0,ROCK,198,1324,0.0,0.0,CYCLE_OK,0.41667,0.25577,0.325,0.0,0.3333,0.3333,0.3333,interior
2026-09-07T11:10:32,686,0.0,-1.0,1.0,1.0,0.0,-1.0,-1.0,1.0,0.0,213,204,213,246,204,246,0.0,0.0,0.0,0.0,0.0,0.0,3.0,-3.0,-1.0,ROCK,204,1326,0.0,0.0,CYCLE_OK,0.41667,0.25577,0.325,0.0,0.3333,0.3333,0.3333,interior
2026-09-07T11:13:38,687,0.0,-1.0,1.0,1.0,0.0,-1.0,-1.0,1.0,0.0,216,181,216,268,181,268,0.0,0.0,0.0,0.0,0.0,0.0,3.0,-3.0,-1.0,ROCK,181,1330,0.0,0.0,CYCLE_OK,0.41667,0.25759,0.3375,0.0,0.3333,0.3333,0.3333,interior
2026-09-07T11:16:35,688,0.0,-1.0,1.0,1.0,0.0,-1.0,-1.0,1.0,0.0,209,186,209,272,186,272,0.0,0.0,0.0,0.0,0.0,0.0,3.0,-3.0,-1.0,ROCK,186,1334,0.0,0.0,CYCLE_OK,0.44167,0.27176,0.35,0.0,0.3333,0.3333,0.3333,interior
2026-09-07T11:18:37,689,0.0,-1.0,1.0,1.0,0.0,-1.0,-1.0,1.0,0.0,206,200,206,262,200,262,0.0,0.0,0.0,0.0,0.0,0.0,3.0,-3.0,-1.0,ROCK,200,1336,0.0,0.0,CYCLE_OK,0.44167,0.27176,0.35,0.0,0.3333,0.3333,0.3333,interior
2026-09-07T11:20:10,690,0.0,-1.0,1.0,1.0,0.0,-1.0,-1.0,1.0,0.0,228,221,228,222,221,222,0.0,0.0,0.0,0.0,0.0,0.0,3.0,-3.0,-1.0,ROCK,221,1342,0.0,0.0,CYCLE_OK,0.41667,0.25577,0.325,0.0,0.3333,0.3333,0.3333,interior
2026-09-07T11:22:05,691,0.0,-1.0,1.0,1.0,0.0,-1.0,-1.0,1.0,0.0,212,256,212,206,256,206,0.0,0.0,0.0,0.0,0.0,0.0,3.0,-3.0,-1.0,ROCK,206,1348,0.0,0.0,CYCLE_OK,0.41667,0.25577,0.325,0.0,0.3333,0.3333,0.3333,interior
2026-09-07T11:26:12,692,0.0,-1.0,1.0,1.0,0.0,-1.0,-1.0,1.0,0.0,237,221,237,215,221,215,0.0,0.0,0.0,0.0,0.0,0.0,3.0,-3.0,-1.0,ROCK,215,1346,0.0,0.0,CYCLE_OK,0.41667,0.25577,0.325,0.0,0.3333,0.3333,0.3333,interior
2026-09-07T11:27:24,693,0.0,-1.0,1.0,1.0,0.0,-1.0,-1.0,1.0,0.0,198,221,198,253,221,253,0.0,0.0,0.0,0.0,0.0,0.0,3.0,-3.0,-1.0,ROCK,198,1344,0.0,0.0,CYCLE_OK,0.41667,0.25577,0.325,0.0,0.3333,0.3333,0.3333,interior
2026-09-07T11:30:28,694,0.0,-1.0,1.0,1.0,0.0,-1.0,-1.0,1.0,0.0,222,177,222,271,177,271,0.0,0.0,0.0,0.0,0.0,0.0,3.0,-3.0,-1.0,ROCK,177,1340,0.0,0.0,CYCLE_OK,0.41667,0.25577,0.325,0.0,0.3333,0.3333,0.3333,interior
2026-09-07T11:31:28,695,0.0,-1.0,1.0,1.0,0.0,-1.0,-1.0,1.0,0.0,228,168,228,274,168,274,0.0,0.0,0.0,0.0,0.0,0.0,3.0,-3.0,-1.0,ROCK,168,1340,0.0,0.0,CYCLE_OK,0.41667,0.25759,0.3375,0.0,0.3333,0.3333,0.3333,interior
2026-09-07T11:32:57,696,0.0,-1.0,1.0,1.0,0.0,-1.0,-1.0,1.0,0.0,226,171,226,275,171,275,0.0,0.0,0.0,0.0,0.0,0.0,3.0,-3.0,-1.0,ROCK,171,1344,0.0,0.0,CYCLE_OK,0.39167,0.24388,0.325,0.0,0.3333,0.3333,0.3333,interior
2026-09-07T11:33:39,697,0.0,-1.0,1.0,1.0,0.0,-1.0,-1.0,1.0,0.0,237,173,237,262,173,262,0.0,0.0,0.0,0.0,0.0,0.0,3.0,-3.0,-1.0,ROCK,173,1344,0.0,0.0,CYCLE_OK,0.39167,0.24388,0.325,0.0,0.3333,0.3333,0.3333,interior
2026-09-07T11:35:00,698,0.0,-1.0,1.0,1.0,0.0,-1.0,-1.0,1.0,0.0,216,217,216,238,217,238,0.0,0.0,0.0,0.0,0.0,0.0,3.0,-3.0,-1.0,ROCK,216,1342,0.0,0.0,CYCLE_OK,0.39167,0.24388,0.325,0.0,0.3333,0.3333,0.3333,interior
2026-09-07T11:36:28,699,0.0,-1.0,1.0,1.0,0.0,-1.0,-1.0,1.0,0.0,204,203,204,264,203,264,0.0,0.0,0.0,0.0,0.0,0.0,3.0,-3.0,-1.0,ROCK,203,1342,0.0,0.0,CYCLE_OK,0.39167,0.2477,0.3375,0.0,0.3333,0.3333,0.3333,interior
2026-09-07T11:38:54,700,0.0,-1.0,1.0,1.0,0.0,-1.0,-1.0,1.0,0.0,213,218,213,240,218,240,0.0,0.0,0.0,0.0,0.0,0.0,3.0,-3.0,-1.0,ROCK,213,1342,0.0,0.0,CYCLE_OK,0.39167,0.2477,0.3375,0.0,0.3333,0.3333,0.3333,interior
2026-09-07T11:39:42,701,0.0,-1.0,1.0,1.0,0.0,-1.0,-1.0,1.0,0.0,217,192,217,262,192,262,0.0,0.0,0.0,0.0,0.0,0.0,3.0,-3.0,-1.0,ROCK,192,1342,0.0,0.0,CYCLE_OK,0.39167,0.25269,0.35,0.0,0.3333,0.3333,0.3333,interior
2026-09-07T11:42:36,702,0.0,-1.0,1.0,1.0,0.0,-1.0,-1.0,1.0,0.0,224,179,224,264,179,264,0.0,0.0,0.0,0.0,0.0,0.0,3.0,-3.0,-1.0,ROCK,179,1334,0.0,0.0,CYCLE_OK,0.39167,0.25269,0.35,0.0,0.3333,0.3333,0.3333,interior
2026-09-07T11:43:36,703,0.0,-1.0,1.0,1.0,0.0,-1.0,-1.0,1.0,0.0,222,181,222,264,181,264,0.0,0.0,0.0,0.0,0.0,0.0,3.0,-3.0,-1.0,ROCK,181,1334,0.0,0.0,CYCLE_OK,0.41667,0.27003,0.375,0.0,0.3333,0.3333,0.3333,interior
2026-09-07T11:45:18,704,0.0,-1.0,1.0,1.0,0.0,-1.0,-1.0,1.0,0.0,233,199,233,235,199,235,0.0,0.0,0.0,0.0,0.0,0.0,3.0,-3.0,-1.0,ROCK,199,1334,0.0,0.0,CYCLE_OK,0.39167,0.25269,0.35,0.0,0.3333,0.3333,0.3333,interior
2026-09-07T11:46:17,705,0.0,-1.0,1.0,1.0,0.0,-1.0,-1.0,1.0,0.0,236,204,236,228,204,228,0.0,0.0,0.0,0.0,0.0,0.0,3.0,-3.0,-1.0,ROCK,204,1336,0.0,0.0,CYCLE_OK,0.39167,0.25269,0.35,0.0,0.3333,0.3333,0.3333,interior
2026-09-07T11:47:15,706,0.0,-1.0,1.0,1.0,0.0,-1.0,-1.0,1.0,0.0,222,214,222,232,214,232,0.0,0.0,0.0,0.0,0.0,0.0,3.0,-3.0,-1.0,ROCK,214,1336,0.0,0.0,CYCLE_OK,0.39167,0.25269,0.35,0.0,0.3333,0.3333,0.3333,interior
2026-09-07T11:48:32,707,0.0,-1.0,1.0,1.0,0.0,-1.0,-1.0,1.0,0.0,207,239,207,224,239,224,0.0,0.0,0.0,0.0,0.0,0.0,3.0,-3.0,-1.0,ROCK,207,1340,0.0,0.0,CYCLE_OK,0.39167,0.25269,0.35,0.0,0.3333,0.3333,0.3333,interior
2026-09-07T11:53:56,708,0.0,-1.0,1.0,1.0,0.0,-1.0,-1.0,1.0,0.0,212,235,212,216,235,216,0.0,0.0,0.0,0.0,0.0,0.0,3.0,-3.0,-1.0,ROCK,212,1326,0.0,0.0,CYCLE_OK,0.41667,0.26477,0.3625,0.0,0.3333,0.3333,0.3333,interior
2026-09-07T11:55:10,709,0.0,-1.0,1.0,1.0,0.0,-1.0,-1.0,1.0,0.0,199,242,199,223,242,223,0.0,0.0,0.0,0.0,0.0,0.0,3.0,-3.0,-1.0,ROCK,199,1328,0.0,0.0,CYCLE_OK,0.44167,0.27745,0.375,0.0,0.3333,0.3333,0.3333,interior
2026-09-07T11:56:00,710,0.0,-1.0,1.0,1.0,0.0,-1.0,-1.0,1.0,0.0,190,242,190,232,242,232,0.0,0.0,0.0,0.0,0.0,0.0,3.0,-3.0,-1.0,ROCK,190,1328,0.0,0.0,CYCLE_OK,0.44167,0.27745,0.375,0.0,0.3333,0.3333,0.3333,interior
2026-09-07T11:57:19,711,0.0,-1.0,1.0,1.0,0.0,-1.0,-1.0,1.0,0.0,196,234,196,236,234,236,0.0,0.0,0.0,0.0,0.0,0.0,3.0,-3.0,-1.0,ROCK,196,1332,0.0,0.0,CYCLE_OK,0.44167,0.28192,0.3875,0.0,0.3333,0.3333,0.3333,interior
2026-09-07T11:58:26,712,0.0,-1.0,1.0,1.0,0.0,-1.0,-1.0,1.0,0.0,184,243,184,241,243,241,0.0,0.0,0.0,0.0,0.0,0.0,3.0,-3.0,-1.0,ROCK,184,1336,0.0,0.0,CYCLE_OK,0.44167,0.27745,0.375,0.0,0.3333,0.3333,0.3333,interior
2026-09-07T11:59:22,713,0.0,-1.0,1.0,1.0,0.0,-1.0,-1.0,1.0,0.0,183,244,183,241,244,241,0.0,0.0,0.0,0.0,0.0,0.0,3.0,-3.0,-1.0,ROCK,183,1336,0.0,0.0,CYCLE_OK,0.44167,0.28192,0.3875,0.0,0.3333,0.3333,0.3333,interior
2026-09-07T12:00:14,714,0.0,-1.0,1.0,1.0,0.0,-1.0,-1.0,1.0,0.0,175,233,175,262,233,262,0.0,0.0,0.0,0.0,0.0,0.0,3.0,-3.0,-1.0,ROCK,175,1340,0.0,0.0,CYCLE_OK,0.46667,0.29913,0.4125,0.0,0.3333,0.3333,0.3333,interior
2026-09-07T12:01:52,715,0.0,-1.0,1.0,1.0,0.0,-1.0,-1.0,1.0,0.0,183,229,183,258,229,258,0.0,0.0,0.0,0.0,0.0,0.0,3.0,-3.0,-1.0,ROCK,183,1340,0.0,0.0,CYCLE_OK,0.49167,0.31141,0.425,0.0,0.3333,0.3333,0.3333,interior
2026-09-07T12:02:39,716,0.0,-1.0,1.0,1.0,0.0,-1.0,-1.0,1.0,0.0,187,208,187,275,208,275,0.0,0.0,0.0,0.0,0.0,0.0,3.0,-3.0,-1.0,ROCK,187,1340,0.0,0.0,CYCLE_OK,0.37174,0.24178,0.33641,0.0,0.3333,0.3333,0.3333,interior
2026-09-07T12:03:47,717,0.0,-1.0,1.0,1.0,0.0,-1.0,-1.0,1.0,0.0,167,236,167,266,236,266,0.0,0.0,0.0,0.0,0.0,0.0,3.0,-3.0,-1.0,ROCK,167,1338,0.0,0.0,CYCLE_OK,0.37174,0.24178,0.33641,0.0,0.3333,0.3333,0.3333,interior
2026-09-07T12:05:04,718,0.0,-1.0,1.0,1.0,0.0,-1.0,-1.0,1.0,0.0,159,262,159,247,262,247,0.0,0.0,0.0,0.0,0.0,0.0,3.0,-3.0,-1.0,ROCK,159,1336,0.0,0.0,CYCLE_OK,0.37174,0.24178,0.33641,0.0,0.3333,0.3333,0.3333,interior
2026-09-07T12:06:19,719,0.0,-1.0,1.0,1.0,0.0,-1.0,-1.0,1.0,0.0,170,248,170,250,248,250,0.0,0.0,0.0,0.0,0.0,0.0,3.0,-3.0,-1.0,ROCK,170,1336,0.0,0.0,CYCLE_OK,0.37174,0.23679,0.32488,0.0,0.3333,0.3333,0.3333,interior
2026-09-07T12:11:36,720,0.0,-1.0,1.0,1.0,0.0,-1.0,-1.0,1.0,0.0,216,229,216,219,229,219,0.0,0.0,0.0,0.0,0.0,0.0,3.0,-3.0,-1.0,ROCK,216,1328,0.0,0.0,CYCLE_OK,0.37174,0.23283,0.31336,0.0,0.3333,0.3333,0.3333,interior
2026-09-07T12:13:13,721,0.0,-1.0,1.0,1.0,0.0,-1.0,-1.0,1.0,0.0,214,224,214,226,224,226,0.0,0.0,0.0,0.0,0.0,0.0,3.0,-3.0,-1.0,ROCK,214,1328,0.0,0.0,CYCLE_OK,0.37174,0.23679,0.32488,0.0,0.3333,0.3333,0.3333,interior
2026-09-07T12:14:20,722,0.0,-1.0,1.0,1.0,0.0,-1.0,-1.0,1.0,0.0,196,242,196,227,242,227,0.0,0.0,0.0,0.0,0.0,0.0,3.0,-3.0,-1.0,ROCK,196,1330,0.0,0.0,CYCLE_OK,0.37174,0.23679,0.32488,0.0,0.3333,0.3333,0.3333,interior
2026-09-07T12:18:19,723,0.0,-1.0,1.0,1.0,0.0,-1.0,-1.0,1.0,0.0,227,238,227,201,238,201,0.0,0.0,0.0,0.0,0.0,0.0,3.0,-3.0,-1.0,ROCK,201,1332,0.0,0.0,CYCLE_OK,0.49167,0.30737,0.4125,0.0,0.3333,0.3333,0.3333,interior
2026-09-07T12:19:25,724,0.0,-1.0,1.0,1.0,0.0,-1.0,-1.0,1.0,0.0,215,251,215,201,251,201,0.0,0.0,0.0,0.0,0.0,0.0,3.0,-3.0,-1.0,ROCK,201,1334,0.0,0.0,CYCLE_OK,0.49167,0.30431,0.4,0.0,0.3333,0.3333,0.3333,interior
2026-09-07T12:21:41,725,0.0,-1.0,1.0,1.0,0.0,-1.0,-1.0,1.0,0.0,222,221,222,225,221,225,0.0,0.0,0.0,0.0,0.0,0.0,3.0,-3.0,-1.0,ROCK,221,1336,0.0,0.0,CYCLE_OK,0.49167,0.30431,0.4,0.0,0.3333,0.3333,0.3333,interior
2026-09-07T12:22:59,726,0.0,-1.0,1.0,1.0,0.0,-1.0,-1.0,1.0,0.0,222,201,222,245,201,245,0.0,0.0,0.0,0.0,0.0,0.0,3.0,-3.0,-1.0,ROCK,201,1336,0.0,0.0,CYCLE_OK,0.49167,0.30737,0.4125,0.0,0.3333,0.3333,0.3333,interior
2026-09-07T12:23:58,727,0.0,-1.0,1.0,1.0,0.0,-1.0,-1.0,1.0,0.0,203,210,203,254,210,254,0.0,0.0,0.0,0.0,0.0,0.0,3.0,-3.0,-1.0,ROCK,203,1334,0.0,0.0,CYCLE_OK,0.37174,0.23679,0.32488,0.0,0.3333,0.3333,0.3333,interior
2026-09-07T12:24:59,728,0.0,-1.0,1.0,1.0,0.0,-1.0,-1.0,1.0,0.0,215,163,215,288,163,288,0.0,0.0,0.0,0.0,0.0,0.0,3.0,-3.0,-1.0,ROCK,163,1332,0.0,0.0,CYCLE_OK,0.37174,0.24178,0.33641,0.0,0.3333,0.3333,0.3333,interior
2026-09-07T12:26:25,729,0.0,-1.0,1.0,1.0,0.0,-1.0,-1.0,1.0,0.0,222,156,222,290,156,290,0.0,0.0,0.0,0.0,0.0,0.0,3.0,-3.0,-1.0,ROCK,156,1336,0.0,0.0,CYCLE_OK,0.37509,0.24086,0.33257,0.0,0.3333,0.3333,0.3333,interior
2026-09-07T12:28:34,730,0.0,-1.0,1.0,1.0,0.0,-1.0,-1.0,1.0,0.0,210,163,210,297,163,297,0.0,0.0,0.0,0.0,0.0,0.0,3.0,-3.0,-1.0,ROCK,163,1340,0.0,0.0,CYCLE_OK,0.37509,0.24619,0.34396,0.0,0.3333,0.3333,0.3333,interior
2026-09-07T12:29:39,731,0.0,-1.0,1.0,1.0,0.0,-1.0,-1.0,1.0,0.0,205,187,205,278,187,278,0.0,0.0,0.0,0.0,0.0,0.0,3.0,-3.0,-1.0,ROCK,187,1340,0.0,0.0,CYCLE_OK,0.37838,0.24501,0.34009,0.0,0.3333,0.3333,0.3333,interior
2026-09-07T12:31:49,732,0.0,-1.0,1.0,1.0,0.0,-1.0,-1.0,1.0,0.0,226,213,226,230,213,230,0.0,0.0,0.0,0.0,0.0,0.0,3.0,-3.0,-1.0,ROCK,213,1338,0.0,0.0,CYCLE_OK,0.37509,0.24086,0.33257,0.0,0.3333,0.3333,0.3333,interior
2026-09-07T12:38:57,733,0.0,-1.0,1.0,1.0,0.0,-1.0,-1.0,1.0,0.0,225,212,225,233,212,233,0.0,0.0,0.0,0.0,0.0,0.0,3.0,-3.0,-1.0,ROCK,212,1340,0.0,0.0,CYCLE_OK,0.37509,0.23651,0.32118,0.0,0.3333,0.3333,0.3333,interior
2026-09-07T12:40:14,734,0.0,-1.0,1.0,1.0,0.0,-1.0,-1.0,1.0,0.0,190,239,190,237,239,237,0.0,0.0,0.0,0.0,0.0,0.0,3.0,-3.0,-1.0,ROCK,190,1332,0.0,0.0,CYCLE_OK,0.37509,0.23651,0.32118,0.0,0.3333,0.3333,0.3333,interior
2026-09-07T12:41:49,735,0.0,-1.0,1.0,1.0,0.0,-1.0,-1.0,1.0,0.0,198,265,198,201,265,201,0.0,0.0,0.0,0.0,0.0,0.0,3.0,-3.0,-1.0,ROCK,198,1328,0.0,0.0,CYCLE_OK,0.37509,0.23651,0.32118,0.0,0.3333,0.3333,0.3333,interior
2026-09-07T12:43:12,736,0.0,-1.0,1.0,1.0,0.0,-1.0,-1.0,1.0,0.0,187,269,187,209,269,209,0.0,0.0,0.0,0.0,0.0,0.0,3.0,-3.0,-1.0,ROCK,187,1330,0.0,0.0,CYCLE_OK,0.37509,0.23651,0.32118,0.0,0.3333,0.3333,0.3333,interior
2026-09-07T12:44:23,737,0.0,-1.0,1.0,1.0,0.0,-1.0,-1.0,1.0,0.0,181,282,181,202,282,202,0.0,0.0,0.0,0.0,0.0,0.0,3.0,-3.0,-1.0,ROCK,181,1330,0.0,0.0,CYCLE_OK,0.37509,0.23651,0.32118,0.0,0.3333,0.3333,0.3333,interior
2026-09-07T12:45:26,738,0.0,-1.0,1.0,1.0,0.0,-1.0,-1.0,1.0,0.0,158,284,158,222,284,222,0.0,0.0,0.0,0.0,0.0,0.0,3.0,-3.0,-1.0,ROCK,158,1328,0.0,0.0,CYCLE_OK,0.37509,0.23651,0.32118,0.0,0.3333,0.3333,0.3333,interior
2026-09-07T12:46:10,739,0.0,-1.0,1.0,1.0,0.0,-1.0,-1.0,1.0,0.0,152,270,152,242,270,242,0.0,0.0,0.0,0.0,0.0,0.0,3.0,-3.0,-1.0,ROCK,152,1328,0.0,0.0,CYCLE_OK,0.37509,0.23651,0.32118,0.0,0.3333,0.3333,0.3333,interior
2026-09-07T12:47:56,740,0.0,-1.0,1.0,1.0,0.0,-1.0,-1.0,1.0,0.0,194,258,194,217,258,217,0.0,0.0,0.0,0.0,0.0,0.0,3.0,-3.0,-1.0,ROCK,194,1338,0.0,0.0,CYCLE_OK,0.37174,0.23283,0.31336,0.0,0.3333,0.3333,0.3333,interior
2026-09-07T12:49:30,741,0.0,-1.0,1.0,1.0,0.0,-1.0,-1.0,1.0,0.0,250,233,250,189,233,189,0.0,0.0,0.0,0.0,0.0,0.0,3.0,-3.0,-1.0,ROCK,189,1344,0.0,0.0,CYCLE_OK,0.49167,0.30431,0.4,0.0,0.3333,0.3333,0.3333,interior
2026-09-07T12:52:23,742,0.0,-1.0,1.0,1.0,0.0,-1.0,-1.0,1.0,0.0,218,233,218,216,233,216,0.0,0.0,0.0,0.0,0.0,0.0,3.0,-3.0,-1.0,ROCK,216,1334,0.0,0.0,CYCLE_OK,0.49167,0.30225,0.3875,0.0,0.3333,0.3333,0.3333,interior
2026-09-07T12:53:00,743,0.0,-1.0,1.0,1.0,0.0,-1.0,-1.0,1.0,0.0,222,240,222,206,240,206,0.0,0.0,0.0,0.0,0.0,0.0,3.0,-3.0,-1.0,ROCK,206,1336,0.0,0.0,CYCLE_OK,0.49167,0.30225,0.3875,0.0,0.3333,0.3333,0.3333,interior
2026-09-07T12:54:18,744,0.0,-1.0,1.0,1.0,0.0,-1.0,-1.0,1.0,0.0,203,237,203,228,237,228,0.0,0.0,0.0,0.0,0.0,0.0,3.0,-3.0,-1.0,ROCK,203,1336,0.0,0.0,CYCLE_OK,0.49167,0.30121,0.375,0.0,0.3333,0.3333,0.3333,interior
2026-09-07T12:56:19,745,0.0,-1.0,1.0,1.0,0.0,-1.0,-1.0,1.0,0.0,199,229,199,240,229,240,0.0,0.0,0.0,0.0,0.0,0.0,3.0,-3.0,-1.0,ROCK,199,1336,0.0,0.0,CYCLE_OK,0.49167,0.30225,0.3875,0.0,0.3333,0.3333,0.3333,interior
2026-09-07T12:58:10,746,0.0,-1.0,1.0,1.0,0.0,-1.0,-1.0,1.0,0.0,167,249,167,252,249,252,0.0,0.0,0.0,0.0,0.0,0.0,3.0,-3.0,-1.0,ROCK,167,1336,0.0,0.0,CYCLE_OK,0.49167,0.30121,0.375,0.0,0.3333,0.3333,0.3333,interior
2026-09-07T12:59:13,747,0.0,-1.0,1.0,1.0,0.0,-1.0,-1.0,1.0,0.0,192,227,192,249,227,249,0.0,0.0,0.0,0.0,0.0,0.0,3.0,-3.0,-1.0,ROCK,192,1336,0.0,0.0,CYCLE_OK,0.49167,0.30225,0.3875,0.0,0.3333,0.3333,0.3333,interior
2026-09-07T13:00:52,748,0.0,-1.0,1.0,1.0,0.0,-1.0,-1.0,1.0,0.0,197,244,197,227,244,227,0.0,0.0,0.0,0.0,0.0,0.0,3.0,-3.0,-1.0,ROCK,197,1336,0.0,0.0,CYCLE_OK,0.46667,0.28795,0.375,0.0,0.3333,0.3333,0.3333,interior
2026-09-07T13:03:58,749,0.0,-1.0,1.0,1.0,0.0,-1.0,-1.0,1.0,0.0,222,213,222,232,213,232,0.0,0.0,0.0,0.0,0.0,0.0,3.0,-3.0,-1.0,ROCK,213,1334,0.0,0.0,CYCLE_OK,0.46667,0.29065,0.3875,0.0,0.3333,0.3333,0.3333,interior
2026-09-07T13:05:32,750,0.0,-1.0,1.0,1.0,0.0,-1.0,-1.0,1.0,0.0,212,222,212,232,222,232,0.0,0.0,0.0,0.0,0.0,0.0,3.0,-3.0,-1.0,ROCK,212,1332,0.0,0.0,CYCLE_OK,0.46667,0.29065,0.3875,0.0,0.3333,0.3333,0.3333,interior
2026-09-07T13:07:17,751,0.0,-1.0,1.0,1.0,0.0,-1.0,-1.0,1.0,0.0,198,215,198,253,215,253,0.0,0.0,0.0,0.0,0.0,0.0,3.0,-3.0,-1.0,ROCK,198,1332,0.0,0.0,CYCLE_OK,0.46667,0.29439,0.4,0.0,0.3333,0.3333,0.3333,interior
2026-09-07T13:08:57,752,0.0,-1.0,1.0,1.0,0.0,-1.0,-1.0,1.0,0.0,216,214,216,241,214,241,0.0,0.0,0.0,0.0,0.0,0.0,3.0,-3.0,-1.0,ROCK,214,1342,0.0,0.0,CYCLE_OK,0.44167,0.28192,0.3875,0.0,0.3333,0.3333,0.3333,interior
2026-09-07T13:11:36,753,0.0,-1.0,1.0,1.0,0.0,-1.0,-1.0,1.0,0.0,224,233,224,210,233,210,0.0,0.0,0.0,0.0,0.0,0.0,3.0,-3.0,-1.0,ROCK,210,1334,0.0,0.0,CYCLE_OK,0.44167,0.27745,0.375,0.0,0.3333,0.3333,0.3333,interior
2026-09-07T13:12:50,754,0.0,-1.0,1.0,1.0,0.0,-1.0,-1.0,1.0,0.0,199,250,199,215,250,215,0.0,0.0,0.0,0.0,0.0,0.0,3.0,-3.0,-1.0,ROCK,199,1328,0.0,0.0,CYCLE_OK,0.44167,0.27405,0.3625,0.0,0.3333,0.3333,0.3333,interior
2026-09-07T13:15:03,755,0.0,-1.0,1.0,1.0,0.0,-1.0,-1.0,1.0,0.0,200,236,200,229,236,229,0.0,0.0,0.0,0.0,0.0,0.0,3.0,-3.0,-1.0,ROCK,200,1330,0.0,0.0,CYCLE_OK,0.44167,0.27405,0.3625,0.0,0.3333,0.3333,0.3333,interior
2026-09-07T13:15:49,756,0.0,-1.0,1.0,1.0,0.0,-1.0,-1.0,1.0,0.0,185,237,185,243,237,243,0.0,0.0,0.0,0.0,0.0,0.0,3.0,-3.0,-1.0,ROCK,185,1330,0.0,0.0,CYCLE_OK,0.44167,0.27405,0.3625,0.0,0.3333,0.3333,0.3333,interior
2026-09-07T13:18:50,757,0.0,-1.0,1.0,1.0,0.0,-1.0,-1.0,1.0,0.0,218,200,218,250,200,250,0.0,0.0,0.0,0.0,0.0,0.0,3.0,-3.0,-1.0,ROCK,200,1336,0.0,0.0,CYCLE_OK,0.44167,0.27405,0.3625,0.0,0.3333,0.3333,0.3333,interior
2026-09-07T13:20:39,758,0.0,-1.0,1.0,1.0,0.0,-1.0,-1.0,1.0,0.0,232,197,232,239,197,239,0.0,0.0,0.0,0.0,0.0,0.0,3.0,-3.0,-1.0,ROCK,197,1336,0.0,0.0,CYCLE_OK,0.41667,0.26061,0.35,0.0,0.3333,0.3333,0.3333,interior
2026-09-07T13:22:19,759,0.0,-1.0,1.0,1.0,0.0,-1.0,-1.0,1.0,0.0,227,217,227,224,217,224,0.0,0.0,0.0,0.0,0.0,0.0,3.0,-3.0,-1.0,ROCK,217,1336,0.0,0.0,CYCLE_OK,0.41667,0.25759,0.3375,0.0,0.3333,0.3333,0.3333,interior
2026-09-07T13:23:09,760,0.0,-1.0,1.0,1.0,0.0,-1.0,-1.0,1.0,0.0,221,214,221,233,214,233,0.0,0.0,0.0,0.0,0.0,0.0,3.0,-3.0,-1.0,ROCK,214,1336,0.0,0.0,CYCLE_OK,0.41667,0.26061,0.35,0.0,0.3333,0.3333,0.3333,interior
2026-09-07T13:24:55,761,0.0,-1.0,1.0,1.0,0.0,-1.0,-1.0,1.0,0.0,201,231,201,236,231,236,0.0,0.0,0.0,0.0,0.0,0.0,3.0,-3.0,-1.0,ROCK,201,1336,0.0,0.0,CYCLE_OK,0.41667,0.25759,0.3375,0.0,0.3333,0.3333,0.3333,interior
2026-09-07T13:26:59,762,0.0,-1.0,1.0,1.0,0.0,-1.0,-1.0,1.0,0.0,195,244,195,230,244,230,0.0,0.0,0.0,0.0,0.0,0.0,3.0,-3.0,-1.0,ROCK,195,1338,0.0,0.0,CYCLE_OK,0.41667,0.25577,0.325,0.0,0.3333,0.3333,0.3333,interior
2026-09-07T13:28:02,763,0.0,-1.0,1.0,1.0,0.0,-1.0,-1.0,1.0,0.0,170,258,170,240,258,240,0.0,0.0,0.0,0.0,0.0,0.0,3.0,-3.0,-1.0,ROCK,170,1336,0.0,0.0,CYCLE_OK,0.41667,0.25577,0.325,0.0,0.3333,0.3333,0.3333,interior
2026-09-07T13:29:52,764,0.0,-1.0,1.0,1.0,0.0,-1.0,-1.0,1.0,0.0,189,243,189,235,243,235,0.0,0.0,0.0,0.0,0.0,0.0,3.0,-3.0,-1.0,ROCK,189,1334,0.0,0.0,CYCLE_OK,0.39167,0.24001,0.3,0.0,0.3333,0.3333,0.3333,interior
2026-09-07T13:31:49,765,0.0,-1.0,1.0,1.0,0.0,-1.0,-1.0,1.0,0.0,221,226,221,221,226,221,0.0,0.0,0.0,0.0,0.0,0.0,3.0,-3.0,-1.0,ROCK,221,1336,0.0,0.0,CYCLE_OK,0.39167,0.24001,0.3,0.0,0.3333,0.3333,0.3333,interior
2026-09-07T13:34:01,766,0.0,-1.0,1.0,1.0,0.0,-1.0,-1.0,1.0,0.0,247,215,247,206,215,206,0.0,0.0,0.0,0.0,0.0,0.0,3.0,-3.0,-1.0,ROCK,206,1336,0.0,0.0,CYCLE_OK,0.36667,0.22454,0.275,0.0,0.3333,0.3333,0.3333,interior
2026-09-07T13:35:28,767,0.0,-1.0,1.0,1.0,0.0,-1.0,-1.0,1.0,0.0,261,189,261,220,189,220,0.0,0.0,0.0,0.0,0.0,0.0,3.0,-3.0,-1.0,ROCK,189,1340,0.0,0.0,CYCLE_OK,0.36667,0.22454,0.275,0.0,0.3333,0.3333,0.3333,interior
2026-09-07T13:36:59,768,0.0,-1.0,1.0,1.0,0.0,-1.0,-1.0,1.0,0.0,225,207,225,236,207,236,0.0,0.0,0.0,0.0,0.0,0.0,3.0,-3.0,-1.0,ROCK,207,1336,0.0,0.0,CYCLE_OK,0.36667,0.22454,0.275,0.0,0.3333,0.3333,0.3333,interior
2026-09-07T13:38:01,769,0.0,-1.0,1.0,1.0,0.0,-1.0,-1.0,1.0,0.0,217,199,217,254,199,254,0.0,0.0,0.0,0.0,0.0,0.0,3.0,-3.0,-1.0,ROCK,199,1340,0.0,0.0,CYCLE_OK,0.36667,0.22523,0.2875,0.0,0.3333,0.3333,0.3333,interior
2026-09-07T13:41:03,770,0.0,-1.0,1.0,1.0,0.0,-1.0,-1.0,1.0,0.0,208,219,208,240,219,240,0.0,0.0,0.0,0.0,0.0,0.0,3.0,-3.0,-1.0,ROCK,208,1334,0.0,0.0,CYCLE_OK,0.39167,0.24001,0.3,0.0,0.3333,0.3333,0.3333,interior
2026-09-07T13:43:04,771,0.0,-1.0,1.0,1.0,0.0,-1.0,-1.0,1.0,0.0,189,257,189,219,257,219,0.0,0.0,0.0,0.0,0.0,0.0,3.0,-3.0,-1.0,ROCK,189,1330,0.0,0.0,CYCLE_OK,0.39167,0.24001,0.3,0.0,0.3333,0.3333,0.3333,interior
2026-09-07T13:44:23,772,0.0,-1.0,1.0,1.0,0.0,-1.0,-1.0,1.0,0.0,162,279,162,224,279,224,0.0,0.0,0.0,0.0,0.0,0.0,3.0,-3.0,-1.0,ROCK,162,1330,0.0,0.0,CYCLE_OK,0.39167,0.24001,0.2875,0.0,0.3333,0.3333,0.3333,interior
2026-09-07T13:46:04,773,0.0,-1.0,1.0,1.0,0.0,-1.0,-1.0,1.0,0.0,168,283,168,214,283,214,0.0,0.0,0.0,0.0,0.0,0.0,3.0,-3.0,-1.0,ROCK,168,1330,0.0,0.0,CYCLE_OK,0.39167,0.24131,0.275,0.0,0.3333,0.3333,0.3333,interior
2026-09-07T13:47:05,774,0.0,-1.0,1.0,1.0,0.0,-1.0,-1.0,1.0,0.0,158,292,158,215,292,215,0.0,0.0,0.0,0.0,0.0,0.0,3.0,-3.0,-1.0,ROCK,158,1330,0.0,0.0,CYCLE_OK,0.39167,0.24388,0.2625,0.0,0.3333,0.3333,0.3333,interior
2026-09-07T13:49:21,775,0.0,-1.0,1.0,1.0,0.0,-1.0,-1.0,1.0,0.0,182,268,182,214,268,214,0.0,0.0,0.0,0.0,0.0,0.0,3.0,-3.0,-1.0,ROCK,182,1328,0.0,0.0,CYCLE_OK,0.36667,0.23071,0.2375,0.0,0.3333,0.3333,0.3333,interior
2026-09-07T13:51:17,776,0.0,-1.0,1.0,1.0,0.0,-1.0,-1.0,1.0,0.0,192,266,192,206,266,206,0.0,0.0,0.0,0.0,0.0,0.0,3.0,-3.0,-1.0,ROCK,192,1328,0.0,0.0,CYCLE_OK,0.39167,0.2477,0.25,0.0,0.3333,0.3333,0.3333,interior
2026-09-07T13:52:55,777,0.0,-1.0,1.0,1.0,0.0,-1.0,-1.0,1.0,0.0,211,237,211,221,237,221,0.0,0.0,0.0,0.0,0.0,0.0,3.0,-3.0,-1.0,ROCK,211,1338,0.0,0.0,CYCLE_OK,0.39167,0.2477,0.25,0.0,0.3333,0.3333,0.3333,interior
2026-09-07T13:54:44,778,0.0,-1.0,1.0,1.0,0.0,-1.0,-1.0,1.0,0.0,198,233,198,242,233,242,0.0,0.0,0.0,0.0,0.0,0.0,3.0,-3.0,-1.0,ROCK,198,1346,0.0,0.0,CYCLE_OK,0.39167,0.2477,0.25,0.0,0.3333,0.3333,0.3333,interior
2026-09-07T13:55:42,779,0.0,-1.0,1.0,1.0,0.0,-1.0,-1.0,1.0,0.0,193,227,193,253,227,253,0.0,0.0,0.0,0.0,0.0,0.0,3.0,-3.0,-1.0,ROCK,193,1346,0.0,0.0,CYCLE_OK,0.39167,0.2477,0.25,0.0,0.3333,0.3333,0.3333,interior
2026-09-07T13:57:07,780,0.0,-1.0,1.0,1.0,0.0,-1.0,-1.0,1.0,0.0,206,209,206,258,209,258,0.0,0.0,0.0,0.0,0.0,0.0,3.0,-3.0,-1.0,ROCK,206,1346,0.0,0.0,CYCLE_OK,0.39167,0.2477,0.25,0.0,0.3333,0.3333,0.3333,interior
2026-09-07T13:58:40,781,0.0,-1.0,1.0,1.0,0.0,-1.0,-1.0,1.0,0.0,193,191,193,288,191,288,0.0,0.0,0.0,0.0,0.0,0.0,3.0,-3.0,-1.0,ROCK,191,1344,0.0,0.0,CYCLE_OK,0.39167,0.2477,0.25,0.0,0.3333,0.3333,0.3333,interior
2026-09-07T13:59:45,782,0.0,-1.0,1.0,1.0,0.0,-1.0,-1.0,1.0,0.0,208,213,208,250,213,250,0.0,0.0,0.0,0.0,0.0,0.0,3.0,-3.0,-1.0,ROCK,208,1342,0.0,0.0,CYCLE_OK,0.36667,0.23541,0.225,0.0,0.3333,0.3333,0.3333,interior
2026-09-07T14:01:39,783,0.0,-1.0,1.0,1.0,0.0,-1.0,-1.0,1.0,0.0,203,203,203,264,203,264,0.0,0.0,0.0,0.0,0.0,0.0,3.0,-3.0,-1.0,ROCK,203,1340,0.0,0.0,CYCLE_OK,0.36667,0.23541,0.225,0.0,0.3333,0.3333,0.3333,interior
2026-09-07T14:05:19,784,0.0,-1.0,1.0,1.0,0.0,-1.0,-1.0,1.0,0.0,231,211,231,225,211,225,0.0,0.0,0.0,0.0,0.0,0.0,3.0,-3.0,-1.0,ROCK,211,1334,0.0,0.0,CYCLE_OK,0.39167,0.2477,0.25,0.0,0.3333,0.3333,0.3333,interior
2026-09-07T14:06:44,785,0.0,-1.0,1.0,1.0,0.0,-1.0,-1.0,1.0,0.0,215,211,215,241,211,241,0.0,0.0,0.0,0.0,0.0,0.0,3.0,-3.0,-1.0,ROCK,211,1334,0.0,0.0,CYCLE_OK,0.39167,0.25269,0.2375,0.0,0.3333,0.3333,0.3333,interior
2026-09-07T14:08:06,786,0.0,-1.0,1.0,1.0,0.0,-1.0,-1.0,1.0,0.0,212,206,212,249,206,249,0.0,0.0,0.0,0.0,0.0,0.0,3.0,-3.0,-1.0,ROCK,206,1334,0.0,0.0,CYCLE_OK,0.39167,0.2477,0.25,0.0,0.3333,0.3333,0.3333,interior
2026-09-07T14:09:50,787,0.0,-1.0,1.0,1.0,0.0,-1.0,-1.0,1.0,0.0,211,209,211,247,209,247,0.0,0.0,0.0,0.0,0.0,0.0,3.0,-3.0,-1.0,ROCK,209,1334,0.0,0.0,CYCLE_OK,0.39167,0.24388,0.2625,0.0,0.3333,0.3333,0.3333,interior
2026-09-07T14:11:16,788,0.0,-1.0,1.0,1.0,0.0,-1.0,-1.0,1.0,0.0,214,197,214,257,197,257,0.0,0.0,0.0,0.0,0.0,0.0,3.0,-3.0,-1.0,ROCK,197,1336,0.0,0.0,CYCLE_OK,0.39167,0.24131,0.275,0.0,0.3333,0.3333,0.3333,interior
2026-09-07T14:12:37,789,0.0,-1.0,1.0,1.0,0.0,-1.0,-1.0,1.0,0.0,216,189,216,264,189,264,0.0,0.0,0.0,0.0,0.0,0.0,3.0,-3.0,-1.0,ROCK,189,1338,0.0,0.0,CYCLE_OK,0.39167,0.24001,0.2875,0.0,0.3333,0.3333,0.3333,interior
2026-09-07T14:13:52,790,0.0,-1.0,1.0,1.0,0.0,-1.0,-1.0,1.0,0.0,215,183,215,272,183,272,0.0,0.0,0.0,0.0,0.0,0.0,3.0,-3.0,-1.0,ROCK,183,1340,0.0,0.0,CYCLE_OK,0.39167,0.24131,0.275,0.0,0.3333,0.3333,0.3333,interior
2026-09-07T14:16:00,791,0.0,-1.0,1.0,1.0,0.0,-1.0,-1.0,1.0,0.0,204,204,204,260,204,260,0.0,0.0,0.0,0.0,0.0,0.0,3.0,-3.0,-1.0,ROCK,204,1336,0.0,0.0,CYCLE_OK,0.39167,0.24131,0.275,0.0,0.3333,0.3333,0.3333,interior
2026-09-07T14:18:01,792,0.0,-1.0,1.0,1.0,0.0,-1.0,-1.0,1.0,0.0,185,227,185,256,227,256,0.0,0.0,0.0,0.0,0.0,0.0,3.0,-3.0,-1.0,ROCK,185,1336,0.0,0.0,CYCLE_OK,0.39167,0.24131,0.275,0.0,0.3333,0.3333,0.3333,interior
2026-09-07T14:19:42,793,0.0,-1.0,1.0,1.0,0.0,-1.0,-1.0,1.0,0.0,177,255,177,235,255,235,0.0,0.0,0.0,0.0,0.0,0.0,3.0,-3.0,-1.0,ROCK,177,1334,0.0,0.0,CYCLE_OK,0.39167,0.24388,0.2625,0.0,0.3333,0.3333,0.3333,interior
2026-09-07T14:23:05,794,0.0,-1.0,1.0,1.0,0.0,-1.0,-1.0,1.0,0.0,192,252,192,221,252,221,0.0,0.0,0.0,0.0,0.0,0.0,3.0,-3.0,-1.0,ROCK,192,1330,0.0,0.0,CYCLE_OK,0.39167,0.2477,0.25,0.0,0.3333,0.3333,0.3333,interior
2026-09-07T14:25:05,795,0.0,-1.0,1.0,1.0,0.0,-1.0,-1.0,1.0,0.0,210,223,210,231,223,231,0.0,0.0,0.0,0.0,0.0,0.0,3.0,-3.0,-1.0,ROCK,210,1328,0.0,0.0,CYCLE_OK,0.39167,0.24388,0.2625,0.0,0.3333,0.3333,0.3333,interior
2026-09-07T14:26:04,796,0.0,-1.0,1.0,1.0,0.0,-1.0,-1.0,1.0,0.0,211,211,211,243,211,243,0.0,0.0,0.0,0.0,0.0,0.0,3.0,-3.0,-1.0,ROCK,211,1330,0.0,0.0,CYCLE_OK,0.39167,0.24388,0.2625,0.0,0.3333,0.3333,0.3333,interior
2026-09-07T14:26:59,797,0.0,-1.0,1.0,1.0,0.0,-1.0,-1.0,1.0,0.0,197,224,197,244,224,244,0.0,0.0,0.0,0.0,0.0,0.0,3.0,-3.0,-1.0,ROCK,197,1330,0.0,0.0,CYCLE_OK,0.39167,0.24388,0.2625,0.0,0.3333,0.3333,0.3333,interior
2026-09-07T14:28:28,798,0.0,-1.0,1.0,1.0,0.0,-1.0,-1.0,1.0,0.0,205,213,205,249,213,249,0.0,0.0,0.0,0.0,0.0,0.0,3.0,-3.0,-1.0,ROCK,205,1334,0.0,0.0,CYCLE_OK,0.39167,0.24131,0.275,0.0,0.3333,0.3333,0.3333,interior
2026-09-07T14:29:28,799,0.0,-1.0,1.0,1.0,0.0,-1.0,-1.0,1.0,0.0,217,223,217,228,223,228,0.0,0.0,0.0,0.0,0.0,0.0,3.0,-3.0,-1.0,ROCK,217,1336,0.0,0.0,CYCLE_OK,0.36667,0.22523,0.2625,0.0,0.3333,0.3333,0.3333,interior
2026-09-07T14:31:08,800,0.0,-1.0,1.0,1.0,0.0,-1.0,-1.0,1.0,0.0,228,195,228,247,195,247,0.0,0.0,0.0,0.0,0.0,0.0,3.0,-3.0,-1.0,ROCK,195,1340,0.0,0.0,CYCLE_OK,0.36667,0.22454,0.275,0.0,0.3333,0.3333,0.3333,interior
2026-09-07T14:32:34,801,0.0,-1.0,1.0,1.0,0.0,-1.0,-1.0,1.0,0.0,212,220,212,238,220,238,0.0,0.0,0.0,0.0,0.0,0.0,3.0,-3.0,-1.0,ROCK,212,1340,0.0,0.0,CYCLE_OK,0.36667,0.22523,0.2625,0.0,0.3333,0.3333,0.3333,interior
2026-09-07T14:33:31,802,0.0,-1.0,1.0,1.0,0.0,-1.0,-1.0,1.0,0.0,219,211,219,240,211,240,0.0,0.0,0.0,0.0,0.0,0.0,3.0,-3.0,-1.0,ROCK,211,1340,0.0,0.0,CYCLE_OK,0.36667,0.22454,0.275,0.0,0.3333,0.3333,0.3333,interior
2026-09-07T14:35:07,803,0.0,-1.0,1.0,1.0,0.0,-1.0,-1.0,1.0,0.0,232,193,232,246,193,246,0.0,0.0,0.0,0.0,0.0,0.0,3.0,-3.0,-1.0,ROCK,193,1342,0.0,0.0,CYCLE_OK,0.39167,0.24001,0.3,0.0,0.3333,0.3333,0.3333,interior
2026-09-07T14:35:57,804,0.0,-1.0,1.0,1.0,0.0,-1.0,-1.0,1.0,0.0,236,176,236,259,176,259,0.0,0.0,0.0,0.0,0.0,0.0,3.0,-3.0,-1.0,ROCK,176,1342,0.0,0.0,CYCLE_OK,0.39167,0.24131,0.3125,0.0,0.3333,0.3333,0.3333,interior
2026-09-07T14:39:19,805,0.0,-1.0,1.0,1.0,0.0,-1.0,-1.0,1.0,0.0,223,176,223,272,176,272,0.0,0.0,0.0,0.0,0.0,0.0,3.0,-3.0,-1.0,ROCK,176,1342,0.0,0.0,CYCLE_OK,0.36667,0.22523,0.2875,0.0,0.3333,0.3333,0.3333,interior
2026-09-07T14:42:45,806,0.0,-1.0,1.0,1.0,0.0,-1.0,-1.0,1.0,0.0,223,189,223,256,189,256,0.0,0.0,0.0,0.0,0.0,0.0,3.0,-3.0,-1.0,ROCK,189,1336,0.0,0.0,CYCLE_OK,0.36667,0.22523,0.2875,0.0,0.3333,0.3333,0.3333,interior
2026-09-07T14:43:51,807,0.0,-1.0,1.0,1.0,0.0,-1.0,-1.0,1.0,0.0,211,230,211,227,230,227,0.0,0.0,0.0,0.0,0.0,0.0,3.0,-3.0,-1.0,ROCK,211,1336,0.0,0.0,CYCLE_OK,0.36667,0.22454,0.275,0.0,0.3333,0.3333,0.3333,interior
2026-09-07T14:45:32,808,0.0,-1.0,1.0,1.0,0.0,-1.0,-1.0,1.0,0.0,196,211,196,260,211,260,0.0,0.0,0.0,0.0,0.0,0.0,3.0,-3.0,-1.0,ROCK,196,1334,0.0,0.0,CYCLE_OK,0.36667,0.22454,0.275,0.0,0.3333,0.3333,0.3333,interior
2026-09-07T14:48:54,809,0.0,-1.0,1.0,1.0,0.0,-1.0,-1.0,1.0,0.0,206,216,206,247,216,247,0.0,0.0,0.0,0.0,0.0,0.0,3.0,-3.0,-1.0,ROCK,206,1338,0.0,0.0,CYCLE_OK,0.36667,0.22454,0.275,0.0,0.3333,0.3333,0.3333,interior
2026-09-07T14:50:01,810,0.0,-1.0,1.0,1.0,0.0,-1.0,-1.0,1.0,0.0,204,207,204,259,207,259,0.0,0.0,0.0,0.0,0.0,0.0,3.0,-3.0,-1.0,ROCK,204,1340,0.0,0.0,CYCLE_OK,0.36667,0.22454,0.275,0.0,0.3333,0.3333,0.3333,interior
2026-09-07T14:51:35,811,0.0,-1.0,1.0,1.0,0.0,-1.0,-1.0,1.0,0.0,222,184,222,264,184,264,0.0,0.0,0.0,0.0,0.0,0.0,3.0,-3.0,-1.0,ROCK,184,1340,0.0,0.0,CYCLE_OK,0.36667,0.22523,0.2875,0.0,0.3333,0.3333,0.3333,interior
2026-09-07T14:52:39,812,0.0,-1.0,1.0,1.0,0.0,-1.0,-1.0,1.0,0.0,220,175,220,275,175,275,0.0,0.0,0.0,0.0,0.0,0.0,3.0,-3.0,-1.0,ROCK,175,1340,0.0,0.0,CYCLE_OK,0.36667,0.22523,0.2875,0.0,0.3333,0.3333,0.3333,interior
2026-09-07T14:53:44,813,0.0,-1.0,1.0,1.0,0.0,-1.0,-1.0,1.0,0.0,214,205,214,251,205,251,0.0,0.0,0.0,0.0,0.0,0.0,3.0,-3.0,-1.0,ROCK,205,1340,0.0,0.0,CYCLE_OK,0.36667,0.22523,0.2875,0.0,0.3333,0.3333,0.3333,interior
2026-09-07T14:54:38,814,0.0,-1.0,1.0,1.0,0.0,-1.0,-1.0,1.0,0.0,214,192,214,264,192,264,0.0,0.0,0.0,0.0,0.0,0.0,3.0,-3.0,-1.0,ROCK,192,1340,0.0,0.0,CYCLE_OK,0.36667,0.2273,0.3,0.0,0.3333,0.3333,0.3333,interior
2026-09-07T14:56:56,815,0.0,-1.0,1.0,1.0,0.0,-1.0,-1.0,1.0,0.0,210,195,210,265,195,265,0.0,0.0,0.0,0.0,0.0,0.0,3.0,-3.0,-1.0,ROCK,195,1340,0.0,0.0,CYCLE_OK,0.36667,0.23071,0.3125,0.0,0.3333,0.3333,0.3333,interior
2026-09-07T14:59:51,816,0.0,-1.0,1.0,1.0,0.0,-1.0,-1.0,1.0,0.0,214,183,214,275,183,275,0.0,0.0,0.0,0.0,0.0,0.0,3.0,-3.0,-1.0,ROCK,183,1344,0.0,0.0,CYCLE_OK,0.36667,0.23071,0.3125,0.0,0.3333,0.3333,0.3333,interior
2026-09-07T15:01:00,817,0.0,-1.0,1.0,1.0,0.0,-1.0,-1.0,1.0,0.0,196,219,196,254,219,254,0.0,0.0,0.0,0.0,0.0,0.0,3.0,-3.0,-1.0,ROCK,196,1338,0.0,0.0,CYCLE_OK,0.36667,0.23071,0.3125,0.0,0.3333,0.3333,0.3333,interior
2026-09-07T15:02:38,818,0.0,-1.0,1.0,1.0,0.0,-1.0,-1.0,1.0,0.0,183,224,183,258,224,258,0.0,0.0,0.0,0.0,0.0,0.0,3.0,-3.0,-1.0,ROCK,183,1330,0.0,0.0,CYCLE_OK,0.36667,0.23541,0.325,0.0,0.3333,0.3333,0.3333,interior
2026-09-07T15:03:22,819,0.0,-1.0,1.0,1.0,0.0,-1.0,-1.0,1.0,0.0,197,230,197,238,230,238,0.0,0.0,0.0,0.0,0.0,0.0,3.0,-3.0,-1.0,ROCK,197,1330,0.0,0.0,CYCLE_OK,0.36667,0.23541,0.325,0.0,0.3333,0.3333,0.3333,interior
2026-09-07T15:04:04,820,0.0,-1.0,1.0,1.0,0.0,-1.0,-1.0,1.0,0.0,182,247,182,237,247,237,0.0,0.0,0.0,0.0,0.0,0.0,3.0,-3.0,-1.0,ROCK,182,1332,0.0,0.0,CYCLE_OK,0.39167,0.2477,0.3375,0.0,0.3333,0.3333,0.3333,interior
2026-09-07T15:04:57,821,0.0,-1.0,1.0,1.0,0.0,-1.0,-1.0,1.0,0.0,177,258,177,232,258,232,0.0,0.0,0.0,0.0,0.0,0.0,3.0,-3.0,-1.0,ROCK,177,1334,0.0,0.0,CYCLE_OK,0.41667,0.26061,0.35,0.0,0.3333,0.3333,0.3333,interior
2026-09-07T15:05:44,822,0.0,-1.0,1.0,1.0,0.0,-1.0,-1.0,1.0,0.0,175,250,175,243,250,243,0.0,0.0,0.0,0.0,0.0,0.0,3.0,-3.0,-1.0,ROCK,175,1336,0.0,0.0,CYCLE_OK,0.41667,0.26061,0.35,0.0,0.3333,0.3333,0.3333,interior
2026-09-07T15:06:33,823,0.0,-1.0,1.0,1.0,0.0,-1.0,-1.0,1.0,0.0,166,264,166,240,264,240,0.0,0.0,0.0,0.0,0.0,0.0,3.0,-3.0,-1.0,ROCK,166,1340,0.0,0.0,CYCLE_OK,0.41667,0.25759,0.3375,0.0,0.3333,0.3333,0.3333,interior
2026-09-07T15:07:34,824,0.0,-1.0,1.0,1.0,0.0,-1.0,-1.0,1.0,0.0,195,271,195,202,271,202,0.0,0.0,0.0,0.0,0.0,0.0,3.0,-3.0,-1.0,ROCK,195,1336,0.0,0.0,CYCLE_OK,0.39167,0.24388,0.325,0.0,0.3333,0.3333,0.3333,interior
2026-09-07T15:08:15,825,0.0,-1.0,1.0,1.0,0.0,-1.0,-1.0,1.0,0.0,202,273,202,193,273,193,0.0,0.0,0.0,0.0,0.0,0.0,3.0,-3.0,-1.0,ROCK,193,1336,0.0,0.0,CYCLE_OK,0.36667,0.2273,0.3,0.0,0.3333,0.3333,0.3333,interior
2026-09-07T15:08:59,826,0.0,-1.0,1.0,1.0,0.0,-1.0,-1.0,1.0,0.0,221,222,221,228,222,228,0.0,0.0,0.0,0.0,0.0,0.0,3.0,-3.0,-1.0,ROCK,221,1342,0.0,0.0,CYCLE_OK,0.36667,0.23071,0.3125,0.0,0.3333,0.3333,0.3333,interior
2026-09-07T15:09:49,827,0.0,-1.0,1.0,1.0,0.0,-1.0,-1.0,1.0,0.0,248,186,248,238,186,238,0.0,0.0,0.0,0.0,0.0,0.0,3.0,-3.0,-1.0,ROCK,186,1344,0.0,0.0,CYCLE_OK,0.36667,0.23071,0.3125,0.0,0.3333,0.3333,0.3333,interior
2026-09-07T15:10:42,828,0.0,-1.0,1.0,1.0,0.0,-1.0,-1.0,1.0,0.0,242,166,242,265,166,265,0.0,0.0,0.0,0.0,0.0,0.0,3.0,-3.0,-1.0,ROCK,166,1346,0.0,0.0,CYCLE_OK,0.39167,0.2477,0.3375,0.0,0.3333,0.3333,0.3333,interior
2026-09-07T15:11:23,829,0.0,-1.0,1.0,1.0,0.0,-1.0,-1.0,1.0,0.0,206,180,206,284,180,284,0.0,0.0,0.0,0.0,0.0,0.0,3.0,-3.0,-1.0,ROCK,180,1340,0.0,0.0,CYCLE_OK,0.39167,0.24388,0.325,0.0,0.3333,0.3333,0.3333,interior
2026-09-07T15:12:30,830,0.0,-1.0,1.0,1.0,0.0,-1.0,-1.0,1.0,0.0,203,221,203,244,221,244,0.0,0.0,0.0,0.0,0.0,0.0,3.0,-3.0,-1.0,ROCK,203,1336,0.0,0.0,CYCLE_OK,0.39167,0.24388,0.325,0.0,0.3333,0.3333,0.3333,interior
2026-09-07T15:13:33,831,0.0,-1.0,1.0,1.0,0.0,-1.0,-1.0,1.0,0.0,211,223,211,233,223,233,0.0,0.0,0.0,0.0,0.0,0.0,3.0,-3.0,-1.0,ROCK,211,1334,0.0,0.0,CYCLE_OK,0.36667,0.2273,0.3,0.0,0.3333,0.3333,0.3333,interior
2026-09-07T15:14:44,832,0.0,-1.0,1.0,1.0,0.0,-1.0,-1.0,1.0,0.0,231,222,231,214,222,214,0.0,0.0,0.0,0.0,0.0,0.0,3.0,-3.0,-1.0,ROCK,214,1334,0.0,0.0,CYCLE_OK,0.39167,0.24388,0.325,0.0,0.3333,0.3333,0.3333,interior
2026-09-07T15:15:18,833,0.0,-1.0,1.0,1.0,0.0,-1.0,-1.0,1.0,0.0,230,201,230,237,201,237,0.0,0.0,0.0,0.0,0.0,0.0,3.0,-3.0,-1.0,ROCK,201,1336,0.0,0.0,CYCLE_OK,0.39167,0.2477,0.3375,0.0,0.3333,0.3333,0.3333,interior
2026-09-07T15:16:33,834,0.0,-1.0,1.0,1.0,0.0,-1.0,-1.0,1.0,0.0,237,200,237,233,200,233,0.0,0.0,0.0,0.0,0.0,0.0,3.0,-3.0,-1.0,ROCK,200,1340,0.0,0.0,CYCLE_OK,0.39167,0.2477,0.3375,0.0,0.3333,0.3333,0.3333,interior
2026-09-07T15:17:26,835,0.0,-1.0,1.0,1.0,0.0,-1.0,-1.0,1.0,0.0,193,229,193,245,229,245,0.0,0.0,0.0,0.0,0.0,0.0,3.0,-3.0,-1.0,ROCK,193,1334,0.0,0.0,CYCLE_OK,0.39167,0.24388,0.325,0.0,0.3333,0.3333,0.3333,interior
2026-09-07T15:18:39,836,0.0,-1.0,1.0,1.0,0.0,-1.0,-1.0,1.0,0.0,196,242,196,229,242,229,0.0,0.0,0.0,0.0,0.0,0.0,3.0,-3.0,-1.0,ROCK,196,1334,0.0,0.0,CYCLE_OK,0.36667,0.2273,0.3,0.0,0.3333,0.3333,0.3333,interior
2026-09-07T15:19:14,837,0.0,-1.0,1.0,1.0,0.0,-1.0,-1.0,1.0,0.0,202,248,202,217,248,217,0.0,0.0,0.0,0.0,0.0,0.0,3.0,-3.0,-1.0,ROCK,202,1334,0.0,0.0,CYCLE_OK,0.36667,0.2273,0.3,0.0,0.3333,0.3333,0.3333,interior
2026-09-07T15:19:59,838,0.0,-1.0,1.0,1.0,0.0,-1.0,-1.0,1.0,0.0,199,234,199,235,234,235,0.0,0.0,0.0,0.0,0.0,0.0,3.0,-3.0,-1.0,ROCK,199,1336,0.0,0.0,CYCLE_OK,0.39167,0.24388,0.325,0.0,0.3333,0.3333,0.3333,interior
2026-09-07T15:21:02,839,0.0,-1.0,1.0,1.0,0.0,-1.0,-1.0,1.0,0.0,207,229,207,233,229,233,0.0,0.0,0.0,0.0,0.0,0.0,3.0,-3.0,-1.0,ROCK,207,1338,0.0,0.0,CYCLE_OK,0.39167,0.24388,0.325,0.0,0.3333,0.3333,0.3333,interior
2026-09-07T15:21:58,840,0.0,-1.0,1.0,1.0,0.0,-1.0,-1.0,1.0,0.0,205,219,205,245,219,245,0.0,0.0,0.0,0.0,0.0,0.0,3.0,-3.0,-1.0,ROCK,205,1338,0.0,0.0,CYCLE_OK,0.39167,0.24388,0.325,0.0,0.3333,0.3333,0.3333,interior
2026-09-07T15:24:06,841,0.0,-1.0,1.0,1.0,0.0,-1.0,-1.0,1.0,0.0,225,170,225,275,170,275,0.0,0.0,0.0,0.0,0.0,0.0,3.0,-3.0,-1.0,ROCK,170,1340,0.0,0.0,CYCLE_OK,0.39167,0.2477,0.3375,0.0,0.3333,0.3333,0.3333,interior
2026-09-07T15:28:53,842,0.0,-1.0,1.0,1.0,0.0,-1.0,-1.0,1.0,0.0,217,193,217,259,193,259,0.0,0.0,0.0,0.0,0.0,0.0,3.0,-3.0,-1.0,ROCK,193,1338,0.0,0.0,CYCLE_OK,0.39167,0.25269,0.35,0.0,0.3333,0.3333,0.3333,interior
2026-09-07T15:29:58,843,0.0,-1.0,1.0,1.0,0.0,-1.0,-1.0,1.0,0.0,205,204,205,260,204,260,0.0,0.0,0.0,0.0,0.0,0.0,3.0,-3.0,-1.0,ROCK,204,1338,0.0,0.0,CYCLE_OK,0.39167,0.25269,0.35,0.0,0.3333,0.3333,0.3333,interior
2026-09-07T15:30:44,844,0.0,-1.0,1.0,1.0,0.0,-1.0,-1.0,1.0,0.0,228,212,228,229,212,229,0.0,0.0,0.0,0.0,0.0,0.0,3.0,-3.0,-1.0,ROCK,212,1338,0.0,0.0,CYCLE_OK,0.39167,0.25269,0.35,0.0,0.3333,0.3333,0.3333,interior
2026-09-07T15:34:21,845,0.0,-1.0,1.0,1.0,0.0,-1.0,-1.0,1.0,0.0,243,237,243,188,237,188,0.0,0.0,0.0,0.0,0.0,0.0,3.0,-3.0,-1.0,ROCK,188,1336,0.0,0.0,CYCLE_OK,0.36667,0.23541,0.325,0.0,0.3333,0.3333,0.3333,interior
2026-09-07T15:35:17,846,0.0,-1.0,1.0,1.0,0.0,-1.0,-1.0,1.0,0.0,220,245,220,203,245,203,0.0,0.0,0.0,0.0,0.0,0.0,3.0,-3.0,-1.0,ROCK,203,1336,0.0,0.0,CYCLE_OK,0.39167,0.2477,0.3375,0.0,0.3333,0.3333,0.3333,interior
2026-09-07T15:36:24,847,0.0,-1.0,1.0,1.0,0.0,-1.0,-1.0,1.0,0.0,216,236,216,216,236,216,0.0,0.0,0.0,0.0,0.0,0.0,3.0,-3.0,-1.0,ROCK,216,1336,0.0,0.0,CYCLE_OK,0.39167,0.2477,0.3375,0.0,0.3333,0.3333,0.3333,interior
2026-09-07T15:37:04,848,0.0,-1.0,1.0,1.0,0.0,-1.0,-1.0,1.0,0.0,215,225,215,229,225,229,0.0,0.0,0.0,0.0,0.0,0.0,3.0,-3.0,-1.0,ROCK,215,1338,0.0,0.0,CYCLE_OK,0.39167,0.25269,0.35,0.0,0.3333,0.3333,0.3333,interior
2026-09-07T15:37:44,849,0.0,-1.0,1.0,1.0,0.0,-1.0,-1.0,1.0,0.0,213,237,213,220,237,220,0.0,0.0,0.0,0.0,0.0,0.0,3.0,-3.0,-1.0,ROCK,213,1340,0.0,0.0,CYCLE_OK,0.39167,0.2477,0.3375,0.0,0.3333,0.3333,0.3333,interior
2026-09-07T15:38:21,850,0.0,-1.0,1.0,1.0,0.0,-1.0,-1.0,1.0,0.0,194,257,194,219,257,219,0.0,0.0,0.0,0.0,0.0,0.0,3.0,-3.0,-1.0,ROCK,194,1340,0.0,0.0,CYCLE_OK,0.39167,0.2477,0.3375,0.0,0.3333,0.3333,0.3333,interior
2026-09-07T15:38:59,851,0.0,-1.0,1.0,1.0,0.0,-1.0,-1.0,1.0,0.0,200,247,200,223,247,223,0.0,0.0,0.0,0.0,0.0,0.0,3.0,-3.0,-1.0,ROCK,200,1340,0.0,0.0,CYCLE_OK,0.39167,0.2477,0.3375,0.0,0.3333,0.3333,0.3333,interior
2026-09-07T15:40:09,852,0.0,-1.0,1.0,1.0,0.0,-1.0,-1.0,1.0,0.0,177,259,177,233,259,233,0.0,0.0,0.0,0.0,0.0,0.0,3.0,-3.0,-1.0,ROCK,177,1338,0.0,0.0,CYCLE_OK,0.39167,0.25269,0.35,0.0,0.3333,0.3333,0.3333,interior
2026-09-07T15:40:52,853,0.0,-1.0,1.0,1.0,0.0,-1.0,-1.0,1.0,0.0,169,267,169,234,267,234,0.0,0.0,0.0,0.0,0.0,0.0,3.0,-3.0,-1.0,ROCK,169,1340,0.0,0.0,CYCLE_OK,0.39167,0.25269,0.35,0.0,0.3333,0.3333,0.3333,interior
2026-09-07T15:41:38,854,0.0,-1.0,1.0,1.0,0.0,-1.0,-1.0,1.0,0.0,182,254,182,234,254,234,0.0,0.0,0.0,0.0,0.0,0.0,3.0,-3.0,-1.0,ROCK,182,1340,0.0,0.0,CYCLE_OK,0.36667,0.24131,0.3375,0.0,0.3333,0.3333,0.3333,interior
2026-09-07T15:42:39,855,0.0,-1.0,1.0,1.0,0.0,-1.0,-1.0,1.0,0.0,233,238,233,203,238,203,0.0,0.0,0.0,0.0,0.0,0.0,3.0,-3.0,-1.0,ROCK,203,1348,0.0,0.0,CYCLE_OK,0.36667,0.24131,0.3375,0.0,0.3333,0.3333,0.3333,interior
2026-09-07T15:43:28,856,0.0,-1.0,1.0,1.0,0.0,-1.0,-1.0,1.0,0.0,270,235,270,172,235,172,0.0,0.0,0.0,0.0,0.0,0.0,3.0,-3.0,-1.0,ROCK,172,1354,0.0,0.0,CYCLE_OK,0.34167,0.23071,0.325,0.0,0.3333,0.3333,0.3333,interior
2026-09-07T15:44:06,857,0.0,-1.0,1.0,1.0,0.0,-1.0,-1.0,1.0,0.0,266,210,266,201,210,201,0.0,0.0,0.0,0.0,0.0,0.0,3.0,-3.0,-1.0,ROCK,201,1354,0.0,0.0,CYCLE_OK,0.34167,0.23071,0.325,0.0,0.3333,0.3333,0.3333,interior
2026-09-07T15:45:13,858,0.0,-1.0,1.0,1.0,0.0,-1.0,-1.0,1.0,0.0,277,185,277,216,185,216,0.0,0.0,0.0,0.0,0.0,0.0,3.0,-3.0,-1.0,ROCK,185,1356,0.0,0.0,CYCLE_OK,0.34167,0.2387,0.3375,0.0,0.3333,0.3333,0.3333,interior
2026-09-07T15:46:41,859,0.0,-1.0,1.0,1.0,0.0,-1.0,-1.0,1.0,0.0,252,201,252,221,201,221,0.0,0.0,0.0,0.0,0.0,0.0,3.0,-3.0,-1.0,ROCK,201,1348,0.0,0.0,CYCLE_OK,0.31667,0.22103,0.3125,0.0,0.3333,0.3333,0.3333,interior
2026-09-07T15:47:14,860,0.0,-1.0,1.0,1.0,0.0,-1.0,-1.0,1.0,0.0,264,161,264,250,161,250,0.0,0.0,0.0,0.0,0.0,0.0,3.0,-3.0,-1.0,ROCK,161,1350,0.0,0.0,CYCLE_OK,0.31667,0.22103,0.3125,0.0,0.3333,0.3333,0.3333,interior
2026-09-07T15:48:51,861,0.0,-1.0,1.0,1.0,0.0,-1.0,-1.0,1.0,0.0,231,178,231,264,178,264,0.0,0.0,0.0,0.0,0.0,0.0,3.0,-3.0,-1.0,ROCK,178,1346,0.0,0.0,CYCLE_OK,0.31667,0.21311,0.3,0.0,0.3333,0.3333,0.3333,interior
2026-09-07T15:51:03,862,0.0,-1.0,1.0,1.0,0.0,-1.0,-1.0,1.0,0.0,232,187,232,253,187,253,0.0,0.0,0.0,0.0,0.0,0.0,3.0,-3.0,-1.0,ROCK,187,1344,0.0,0.0,CYCLE_OK,0.34167,0.23071,0.325,0.0,0.3333,0.3333,0.3333,interior
2026-09-07T15:53:30,863,0.0,-1.0,1.0,1.0,0.0,-1.0,-1.0,1.0,0.0,208,220,208,242,220,242,0.0,0.0,0.0,0.0,0.0,0.0,3.0,-3.0,-1.0,ROCK,208,1340,0.0,0.0,CYCLE_OK,0.34167,0.22384,0.3125,0.0,0.3333,0.3333,0.3333,interior
2026-09-07T15:55:13,864,0.0,-1.0,1.0,1.0,0.0,-1.0,-1.0,1.0,0.0,187,214,187,268,214,268,0.0,0.0,0.0,0.0,0.0,0.0,3.0,-3.0,-1.0,ROCK,187,1338,0.0,0.0,CYCLE_OK,0.34167,0.22384,0.3125,0.0,0.3333,0.3333,0.3333,interior
2026-09-07T16:00:19,865,0.0,-1.0,1.0,1.0,0.0,-1.0,-1.0,1.0,0.0,198,219,198,251,219,251,0.0,0.0,0.0,0.0,0.0,0.0,3.0,-3.0,-1.0,ROCK,198,1336,0.0,0.0,CYCLE_OK,0.34167,0.23071,0.325,0.0,0.3333,0.3333,0.3333,interior
2026-09-07T16:02:33,866,0.0,-1.0,1.0,1.0,0.0,-1.0,-1.0,1.0,0.0,200,217,200,252,217,252,0.0,0.0,0.0,0.0,0.0,0.0,3.0,-3.0,-1.0,ROCK,200,1338,0.0,0.0,CYCLE_OK,0.34167,0.23071,0.325,0.0,0.3333,0.3333,0.3333,interior
2026-09-07T16:06:26,867,0.0,-1.0,1.0,1.0,0.0,-1.0,-1.0,1.0,0.0,204,236,204,226,236,226,0.0,0.0,0.0,0.0,0.0,0.0,3.0,-3.0,-1.0,ROCK,204,1332,0.0,0.0,CYCLE_OK,0.34167,0.22384,0.3125,0.0,0.3333,0.3333,0.3333,interior
2026-09-07T16:09:16,868,0.0,-1.0,1.0,1.0,0.0,-1.0,-1.0,1.0,0.0,192,228,192,246,228,246,0.0,0.0,0.0,0.0,0.0,0.0,3.0,-3.0,-1.0,ROCK,192,1332,0.0,0.0,CYCLE_OK,0.34167,0.22384,0.3125,0.0,0.3333,0.3333,0.3333,interior
2026-09-07T16:10:28,869,0.0,-1.0,1.0,1.0,0.0,-1.0,-1.0,1.0,0.0,193,244,193,230,244,230,0.0,0.0,0.0,0.0,0.0,0.0,3.0,-3.0,-1.0,ROCK,193,1334,0.0,0.0,CYCLE_OK,0.34167,0.21818,0.3,0.0,0.3333,0.3333,0.3333,interior
2026-09-07T16:15:38,870,0.0,-1.0,1.0,1.0,0.0,-1.0,-1.0,1.0,0.0,222,199,222,245,199,245,0.0,0.0,0.0,0.0,0.0,0.0,3.0,-3.0,-1.0,ROCK,199,1332,0.0,0.0,CYCLE_OK,0.34167,0.22384,0.3125,0.0,0.3333,0.3333,0.3333,interior
2026-09-07T16:17:00,871,0.0,-1.0,1.0,1.0,0.0,-1.0,-1.0,1.0,0.0,214,208,214,244,208,244,0.0,0.0,0.0,0.0,0.0,0.0,3.0,-3.0,-1.0,ROCK,208,1332,0.0,0.0,CYCLE_OK,0.34167,0.22384,0.3125,0.0,0.3333,0.3333,0.3333,interior
2026-09-07T16:18:22,872,0.0,-1.0,1.0,1.0,0.0,-1.0,-1.0,1.0,0.0,220,175,220,272,175,272,0.0,0.0,0.0,0.0,0.0,0.0,3.0,-3.0,-1.0,ROCK,175,1334,0.0,0.0,CYCLE_OK,0.34167,0.23071,0.325,0.0,0.3333,0.3333,0.3333,interior
2026-09-07T16:19:59,873,0.0,-1.0,1.0,1.0,0.0,-1.0,-1.0,1.0,0.0,212,181,212,275,181,275,0.0,0.0,0.0,0.0,0.0,0.0,3.0,-3.0,-1.0,ROCK,181,1336,0.0,0.0,CYCLE_OK,0.34167,0.23071,0.325,0.0,0.3333,0.3333,0.3333,interior
2026-09-07T16:21:01,874,0.0,-1.0,1.0,1.0,0.0,-1.0,-1.0,1.0,0.0,205,206,205,257,206,257,0.0,0.0,0.0,0.0,0.0,0.0,3.0,-3.0,-1.0,ROCK,205,1336,0.0,0.0,CYCLE_OK,0.34167,0.23071,0.325,0.0,0.3333,0.3333,0.3333,interior
2026-09-07T16:25:33,875,0.0,-1.0,1.0,1.0,0.0,-1.0,-1.0,1.0,0.0,206,227,206,232,227,232,0.0,0.0,0.0,0.0,0.0,0.0,3.0,-3.0,-1.0,ROCK,206,1330,0.0,0.0,CYCLE_OK,0.34167,0.23071,0.325,0.0,0.3333,0.3333,0.3333,interior
2026-09-07T16:28:14,876,0.0,-1.0,1.0,1.0,0.0,-1.0,-1.0,1.0,0.0,219,207,219,239,207,239,0.0,0.0,0.0,0.0,0.0,0.0,3.0,-3.0,-1.0,ROCK,207,1330,0.0,0.0,CYCLE_OK,0.34167,0.23071,0.325,0.0,0.3333,0.3333,0.3333,interior
2026-09-07T16:29:45,877,0.0,-1.0,1.0,1.0,0.0,-1.0,-1.0,1.0,0.0,229,177,229,260,177,260,0.0,0.0,0.0,0.0,0.0,0.0,3.0,-3.0,-1.0,ROCK,177,1332,0.0,0.0,CYCLE_OK,0.34167,0.2387,0.3375,0.0,0.3333,0.3333,0.3333,interior
2026-09-07T16:31:35,878,0.0,-1.0,1.0,1.0,0.0,-1.0,-1.0,1.0,0.0,205,215,205,246,215,246,0.0,0.0,0.0,0.0,0.0,0.0,3.0,-3.0,-1.0,ROCK,205,1332,0.0,0.0,CYCLE_OK,0.34167,0.23071,0.325,0.0,0.3333,0.3333,0.3333,interior
2026-09-07T16:34:56,879,0.0,-1.0,1.0,1.0,0.0,-1.0,-1.0,1.0,0.0,193,247,193,224,247,224,0.0,0.0,0.0,0.0,0.0,0.0,3.0,-3.0,-1.0,ROCK,193,1328,0.0,0.0,CYCLE_OK,0.36667,0.24131,0.3375,0.0,0.3333,0.3333,0.3333,interior
2026-09-07T16:36:26,880,0.0,-1.0,1.0,1.0,0.0,-1.0,-1.0,1.0,0.0,211,241,211,213,241,213,0.0,0.0,0.0,0.0,0.0,0.0,3.0,-3.0,-1.0,ROCK,211,1330,0.0,0.0,CYCLE_OK,0.34167,0.22384,0.3125,0.0,0.3333,0.3333,0.3333,interior
2026-09-07T16:38:34,881,0.0,-1.0,1.0,1.0,0.0,-1.0,-1.0,1.0,0.0,229,238,229,199,238,199,0.0,0.0,0.0,0.0,0.0,0.0,3.0,-3.0,-1.0,ROCK,199,1332,0.0,0.0,CYCLE_OK,0.31667,0.21311,0.3,0.0,0.3333,0.3333,0.3333,interior
2026-09-07T16:39:14,882,0.0,-1.0,1.0,1.0,0.0,-1.0,-1.0,1.0,0.0,243,225,243,200,225,200,0.0,0.0,0.0,0.0,0.0,0.0,3.0,-3.0,-1.0,ROCK,200,1336,0.0,0.0,CYCLE_OK,0.31667,0.21311,0.3,0.0,0.3333,0.3333,0.3333,interior
2026-09-07T16:39:46,883,0.0,-1.0,1.0,1.0,0.0,-1.0,-1.0,1.0,0.0,232,223,232,213,223,213,0.0,0.0,0.0,0.0,0.0,0.0,3.0,-3.0,-1.0,ROCK,213,1336,0.0,0.0,CYCLE_OK,0.31667,0.21311,0.3,0.0,0.3333,0.3333,0.3333,interior
2026-09-07T16:41:24,884,0.0,-1.0,1.0,1.0,0.0,-1.0,-1.0,1.0,0.0,271,210,271,192,210,192,0.0,0.0,0.0,0.0,0.0,0.0,3.0,-3.0,-1.0,ROCK,192,1346,0.0,0.0,CYCLE_OK,0.29167,0.19552,0.275,0.0,0.3333,0.3333,0.3333,interior
2026-09-07T16:42:49,885,0.0,-1.0,1.0,1.0,0.0,-1.0,-1.0,1.0,0.0,256,218,256,200,218,200,0.0,0.0,0.0,0.0,0.0,0.0,3.0,-3.0,-1.0,ROCK,200,1348,0.0,0.0,CYCLE_OK,0.31667,0.20641,0.2875,0.0,0.3333,0.3333,0.3333,interior
2026-09-07T16:44:15,886,0.0,-1.0,1.0,1.0,0.0,-1.0,-1.0,1.0,0.0,261,219,261,194,219,194,0.0,0.0,0.0,0.0,0.0,0.0,3.0,-3.0,-1.0,ROCK,194,1348,0.0,0.0,CYCLE_OK,0.29167,0.18902,0.2625,0.0,0.3333,0.3333,0.3333,interior
2026-09-07T16:45:01,887,0.0,-1.0,1.0,1.0,0.0,-1.0,-1.0,1.0,0.0,261,210,261,203,210,203,0.0,0.0,0.0,0.0,0.0,0.0,3.0,-3.0,-1.0,ROCK,203,1348,0.0,0.0,CYCLE_OK,0.29167,0.19552,0.275,0.0,0.3333,0.3333,0.3333,interior
2026-09-07T16:45:56,888,0.0,-1.0,1.0,1.0,0.0,-1.0,-1.0,1.0,0.0,250,206,250,218,206,218,0.0,0.0,0.0,0.0,0.0,0.0,3.0,-3.0,-1.0,ROCK,206,1348,0.0,0.0,CYCLE_OK,0.26667,0.17795,0.25,0.0,0.3333,0.3333,0.3333,interior
2026-09-07T16:47:31,889,0.0,-1.0,1.0,1.0,0.0,-1.0,-1.0,1.0,0.0,257,216,257,199,216,199,0.0,0.0,0.0,0.0,0.0,0.0,3.0,-3.0,-1.0,ROCK,199,1344,0.0,0.0,CYCLE_OK,0.26667,0.17795,0.25,0.0,0.3333,0.3333,0.3333,interior
2026-09-07T16:48:42,890,0.0,-1.0,1.0,1.0,0.0,-1.0,-1.0,1.0,0.0,212,239,212,217,239,217,0.0,0.0,0.0,0.0,0.0,0.0,3.0,-3.0,-1.0,ROCK,212,1336,0.0,0.0,CYCLE_OK,0.26667,0.17169,0.2375,0.0,0.3333,0.3333,0.3333,interior
2026-09-07T16:50:22,891,0.0,-1.0,1.0,1.0,0.0,-1.0,-1.0,1.0,0.0,214,220,214,235,220,235,0.0,0.0,0.0,0.0,0.0,0.0,3.0,-3.0,-1.0,ROCK,214,1338,0.0,0.0,CYCLE_OK,0.26667,0.17169,0.2375,0.0,0.3333,0.3333,0.3333,interior
2026-09-07T16:50:58,892,0.0,-1.0,1.0,1.0,0.0,-1.0,-1.0,1.0,0.0,200,221,200,247,221,247,0.0,0.0,0.0,0.0,0.0,0.0,3.0,-3.0,-1.0,ROCK,200,1336,0.0,0.0,CYCLE_OK,0.29167,0.18902,0.2625,0.0,0.3333,0.3333,0.3333,interior
2026-09-07T16:53:12,893,0.0,-1.0,1.0,1.0,0.0,-1.0,-1.0,1.0,0.0,183,233,183,251,233,251,0.0,0.0,0.0,0.0,0.0,0.0,3.0,-3.0,-1.0,ROCK,183,1334,0.0,0.0,CYCLE_OK,0.29167,0.19552,0.275,0.0,0.3333,0.3333,0.3333,interior
2026-09-07T16:55:13,894,0.0,-1.0,1.0,1.0,0.0,-1.0,-1.0,1.0,0.0,188,250,188,230,250,230,0.0,0.0,0.0,0.0,0.0,0.0,3.0,-3.0,-1.0,ROCK,188,1336,0.0,0.0,CYCLE_OK,0.29167,0.18902,0.2625,0.0,0.3333,0.3333,0.3333,interior
2026-09-07T16:56:34,895,0.0,-1.0,1.0,1.0,0.0,-1.0,-1.0,1.0,0.0,203,214,203,251,214,251,0.0,0.0,0.0,0.0,0.0,0.0,3.0,-3.0,-1.0,ROCK,203,1336,0.0,0.0,CYCLE_OK,0.29167,0.18902,0.2625,0.0,0.3333,0.3333,0.3333,interior
2026-09-07T16:57:54,896,0.0,-1.0,1.0,1.0,0.0,-1.0,-1.0,1.0,0.0,228,217,228,223,217,223,0.0,0.0,0.0,0.0,0.0,0.0,3.0,-3.0,-1.0,ROCK,217,1336,0.0,0.0,CYCLE_OK,0.26667,0.17795,0.25,0.0,0.3333,0.3333,0.3333,interior
2026-09-07T16:59:48,897,0.0,-1.0,1.0,1.0,0.0,-1.0,-1.0,1.0,0.0,223,231,223,214,231,214,0.0,0.0,0.0,0.0,0.0,0.0,3.0,-3.0,-1.0,ROCK,214,1336,0.0,0.0,CYCLE_OK,0.26667,0.18569,0.2625,0.0,0.3333,0.3333,0.3333,interior
2026-09-07T17:00:48,898,0.0,-1.0,1.0,1.0,0.0,-1.0,-1.0,1.0,0.0,207,234,207,227,234,227,0.0,0.0,0.0,0.0,0.0,0.0,3.0,-3.0,-1.0,ROCK,207,1336,0.0,0.0,CYCLE_OK,0.26667,0.17795,0.25,0.0,0.3333,0.3333,0.3333,interior
2026-09-07T17:02:29,899,0.0,-1.0,1.0,1.0,0.0,-1.0,-1.0,1.0,0.0,234,208,234,226,208,226,0.0,0.0,0.0,0.0,0.0,0.0,3.0,-3.0,-1.0,ROCK,208,1336,0.0,0.0,CYCLE_OK,0.26667,0.17795,0.25,0.0,0.3333,0.3333,0.3333,interior
2026-09-07T17:04:42,900,0.0,-1.0,1.0,1.0,0.0,-1.0,-1.0,1.0,0.0,212,203,212,252,203,252,0.0,0.0,0.0,0.0,0.0,0.0,3.0,-3.0,-1.0,ROCK,203,1334,0.0,0.0,CYCLE_OK,0.26667,0.18569,0.2625,0.0,0.3333,0.3333,0.3333,interior
2026-09-07T17:06:35,901,0.0,-1.0,1.0,1.0,0.0,-1.0,-1.0,1.0,0.0,224,178,224,264,178,264,0.0,0.0,0.0,0.0,0.0,0.0,3.0,-3.0,-1.0,ROCK,178,1332,0.0,0.0,CYCLE_OK,0.28333,0.19472,0.275,0.0,0.3333,0.3333,0.3333,interior
2026-09-07T17:08:09,902,0.0,-1.0,1.0,1.0,0.0,-1.0,-1.0,1.0,0.0,225,177,225,266,177,266,0.0,0.0,0.0,0.0,0.0,0.0,3.0,-3.0,-1.0,ROCK,177,1336,0.0,0.0,CYCLE_OK,0.30833,0.20489,0.2875,0.0,0.3333,0.3333,0.3333,interior
2026-09-07T17:09:16,903,0.0,-1.0,1.0,1.0,0.0,-1.0,-1.0,1.0,0.0,227,155,227,287,155,287,0.0,0.0,0.0,0.0,0.0,0.0,3.0,-3.0,-1.0,ROCK,155,1338,0.0,0.0,CYCLE_OK,0.33333,0.21602,0.3,0.0,0.3333,0.3333,0.3333,interior
2026-09-07T17:10:12,904,0.0,-1.0,1.0,1.0,0.0,-1.0,-1.0,1.0,0.0,199,196,199,274,196,274,0.0,0.0,0.0,0.0,0.0,0.0,3.0,-3.0,-1.0,ROCK,196,1338,0.0,0.0,CYCLE_OK,0.33333,0.22244,0.3125,0.0,0.3333,0.3333,0.3333,interior
2026-09-07T17:11:21,905,0.0,-1.0,1.0,1.0,0.0,-1.0,-1.0,1.0,0.0,210,191,210,269,191,269,0.0,0.0,0.0,0.0,0.0,0.0,3.0,-3.0,-1.0,ROCK,191,1340,0.0,0.0,CYCLE_OK,0.35833,0.24001,0.3375,0.0,0.3333,0.3333,0.3333,interior
2026-09-07T17:12:32,906,0.0,-1.0,1.0,1.0,0.0,-1.0,-1.0,1.0,0.0,200,185,200,285,185,285,0.0,0.0,0.0,0.0,0.0,0.0,3.0,-3.0,-1.0,ROCK,185,1340,0.0,0.0,CYCLE_OK,0.33333,0.23004,0.325,0.0,0.3333,0.3333,0.3333,interior
2026-09-07T17:15:38,907,0.0,-1.0,1.0,1.0,0.0,-1.0,-1.0,1.0,0.0,216,204,216,251,204,251,0.0,0.0,0.0,0.0,0.0,0.0,3.0,-3.0,-1.0,ROCK,204,1342,0.0,0.0,CYCLE_OK,0.30833,0.21238,0.3,0.0,0.3333,0.3333,0.3333,interior
2026-09-07T17:17:25,908,0.0,-1.0,1.0,1.0,0.0,-1.0,-1.0,1.0,0.0,211,233,211,224,233,224,0.0,0.0,0.0,0.0,0.0,0.0,3.0,-3.0,-1.0,ROCK,211,1336,0.0,0.0,CYCLE_OK,0.30833,0.21238,0.3,0.0,0.3333,0.3333,0.3333,interior
2026-09-07T17:18:24,909,0.0,-1.0,1.0,1.0,0.0,-1.0,-1.0,1.0,0.0,227,209,227,232,209,232,0.0,0.0,0.0,0.0,0.0,0.0,3.0,-3.0,-1.0,ROCK,209,1336,0.0,0.0,CYCLE_OK,0.30833,0.20489,0.2875,0.0,0.3333,0.3333,0.3333,interior
2026-09-07T17:19:55,910,0.0,-1.0,1.0,1.0,0.0,-1.0,-1.0,1.0,0.0,258,210,258,201,210,201,0.0,0.0,0.0,0.0,0.0,0.0,3.0,-3.0,-1.0,ROCK,201,1338,0.0,0.0,CYCLE_OK,0.30833,0.19869,0.275,0.0,0.3333,0.3333,0.3333,interior
2026-09-07T17:21:32,911,0.0,-1.0,1.0,1.0,0.0,-1.0,-1.0,1.0,0.0,237,216,237,216,216,216,0.0,0.0,0.0,0.0,0.0,0.0,3.0,-3.0,-1.0,ROCK,216,1338,0.0,0.0,CYCLE_OK,0.30833,0.20489,0.2875,0.0,0.3333,0.3333,0.3333,interior
2026-09-07T17:22:33,912,0.0,-1.0,1.0,1.0,0.0,-1.0,-1.0,1.0,0.0,256,222,256,193,222,193,0.0,0.0,0.0,0.0,0.0,0.0,3.0,-3.0,-1.0,ROCK,193,1342,0.0,0.0,CYCLE_OK,0.28333,0.18736,0.2625,0.0,0.3333,0.3333,0.3333,interior
2026-09-07T17:23:33,913,0.0,-1.0,1.0,1.0,0.0,-1.0,-1.0,1.0,0.0,228,254,228,189,254,189,0.0,0.0,0.0,0.0,0.0,0.0,3.0,-3.0,-1.0,ROCK,189,1342,0.0,0.0,CYCLE_OK,0.25833,0.17707,0.25,0.0,0.3333,0.3333,0.3333,interior
2026-09-07T17:26:13,914,0.0,-1.0,1.0,1.0,0.0,-1.0,-1.0,1.0,0.0,215,257,215,197,257,197,0.0,0.0,0.0,0.0,0.0,0.0,3.0,-3.0,-1.0,ROCK,197,1338,0.0,0.0,CYCLE_OK,0.25833,0.16987,0.2375,0.0,0.3333,0.3333,0.3333,interior
2026-09-07T17:28:39,915,0.0,-1.0,1.0,1.0,0.0,-1.0,-1.0,1.0,0.0,216,253,216,200,253,200,0.0,0.0,0.0,0.0,0.0,0.0,3.0,-3.0,-1.0,ROCK,200,1338,0.0,0.0,CYCLE_OK,0.25833,0.16987,0.2375,0.0,0.3333,0.3333,0.3333,interior
2026-09-07T17:29:51,916,0.0,-1.0,1.0,1.0,0.0,-1.0,-1.0,1.0,0.0,238,241,238,188,241,188,0.0,0.0,0.0,0.0,0.0,0.0,3.0,-3.0,-1.0,ROCK,188,1334,0.0,0.0,CYCLE_OK,0.25833,0.16987,0.2375,0.0,0.3333,0.3333,0.3333,interior
2026-09-07T17:31:16,917,0.0,-1.0,1.0,1.0,0.0,-1.0,-1.0,1.0,0.0,239,209,239,222,209,222,0.0,0.0,0.0,0.0,0.0,0.0,3.0,-3.0,-1.0,ROCK,209,1340,0.0,0.0,CYCLE_OK,0.25833,0.16987,0.2375,0.0,0.3333,0.3333,0.3333,interior
2026-09-07T17:32:17,918,0.0,-1.0,1.0,1.0,0.0,-1.0,-1.0,1.0,0.0,230,194,230,246,194,246,0.0,0.0,0.0,0.0,0.0,0.0,3.0,-3.0,-1.0,ROCK,194,1340,0.0,0.0,CYCLE_OK,0.25833,0.16987,0.2375,0.0,0.3333,0.3333,0.3333,interior
2026-09-07T17:35:01,919,0.0,-1.0,1.0,1.0,0.0,-1.0,-1.0,1.0,0.0,229,187,229,251,187,251,0.0,0.0,0.0,0.0,0.0,0.0,3.0,-3.0,-1.0,ROCK,187,1334,0.0,0.0,CYCLE_OK,0.25833,0.16425,0.225,0.0,0.3333,0.3333,0.3333,interior
2026-09-07T17:36:36,920,0.0,-1.0,1.0,1.0,0.0,-1.0,-1.0,1.0,0.0,238,203,238,225,203,225,0.0,0.0,0.0,0.0,0.0,0.0,3.0,-3.0,-1.0,ROCK,203,1332,0.0,0.0,CYCLE_OK,0.25833,0.16425,0.225,0.0,0.3333,0.3333,0.3333,interior
2026-09-07T17:41:22,921,0.0,-1.0,1.0,1.0,0.0,-1.0,-1.0,1.0,0.0,202,210,202,253,210,253,0.0,0.0,0.0,0.0,0.0,0.0,3.0,-3.0,-1.0,ROCK,202,1330,0.0,0.0,CYCLE_OK,0.23333,0.15241,0.2125,0.0,0.3333,0.3333,0.3333,interior
2026-09-07T17:42:12,922,0.0,-1.0,1.0,1.0,0.0,-1.0,-1.0,1.0,0.0,203,221,203,241,221,241,0.0,0.0,0.0,0.0,0.0,0.0,3.0,-3.0,-1.0,ROCK,203,1330,0.0,0.0,CYCLE_OK,0.23333,0.15241,0.2125,0.0,0.3333,0.3333,0.3333,interior
2026-09-07T17:44:37,923,0.0,-1.0,1.0,1.0,0.0,-1.0,-1.0,1.0,0.0,204,232,204,231,232,231,0.0,0.0,0.0,0.0,0.0,0.0,3.0,-3.0,-1.0,ROCK,204,1334,0.0,0.0,CYCLE_OK,0.23333,0.15241,0.2125,0.0,0.3333,0.3333,0.3333,interior
2026-09-07T17:46:14,924,0.0,-1.0,1.0,1.0,0.0,-1.0,-1.0,1.0,0.0,218,230,218,220,230,220,0.0,0.0,0.0,0.0,0.0,0.0,3.0,-3.0,-1.0,ROCK,218,1336,0.0,0.0,CYCLE_OK,0.23333,0.15241,0.2125,0.0,0.3333,0.3333,0.3333,interior
2026-09-07T17:47:55,925,0.0,-1.0,1.0,1.0,0.0,-1.0,-1.0,1.0,0.0,219,198,219,252,198,252,0.0,0.0,0.0,0.0,0.0,0.0,3.0,-3.0,-1.0,ROCK,198,1338,0.0,0.0,CYCLE_OK,0.25833,0.16987,0.2375,0.0,0.3333,0.3333,0.3333,interior
2026-09-07T17:49:41,926,0.0,-1.0,1.0,1.0,0.0,-1.0,-1.0,1.0,0.0,238,217,238,214,217,214,0.0,0.0,0.0,0.0,0.0,0.0,3.0,-3.0,-1.0,ROCK,214,1338,0.0,0.0,CYCLE_OK,0.25833,0.16425,0.225,0.0,0.3333,0.3333,0.3333,interior
2026-09-07T17:50:33,927,0.0,-1.0,1.0,1.0,0.0,-1.0,-1.0,1.0,0.0,244,215,244,211,215,211,0.0,0.0,0.0,0.0,0.0,0.0,3.0,-3.0,-1.0,ROCK,211,1340,0.0,0.0,CYCLE_OK,0.23333,0.1472,0.2,0.0,0.3333,0.3333,0.3333,interior
2026-09-07T17:52:27,928,0.0,-1.0,1.0,1.0,0.0,-1.0,-1.0,1.0,0.0,273,204,273,192,204,192,0.0,0.0,0.0,0.0,0.0,0.0,3.0,-3.0,-1.0,ROCK,192,1338,0.0,0.0,CYCLE_OK,0.20833,0.1303,0.175,0.0,0.3333,0.3333,0.3333,interior
2026-09-07T17:53:40,929,0.0,-1.0,1.0,1.0,0.0,-1.0,-1.0,1.0,0.0,262,216,262,191,216,191,0.0,0.0,0.0,0.0,0.0,0.0,3.0,-3.0,-1.0,ROCK,191,1338,0.0,0.0,CYCLE_OK,0.23333,0.14398,0.1875,0.0,0.3333,0.3333,0.3333,interior
2026-09-07T17:54:54,930,0.0,-1.0,1.0,1.0,0.0,-1.0,-1.0,1.0,0.0,241,198,241,231,198,231,0.0,0.0,0.0,0.0,0.0,0.0,3.0,-3.0,-1.0,ROCK,198,1340,0.0,0.0,CYCLE_OK,0.25833,0.15844,0.2,0.0,0.3333,0.3333,0.3333,interior
2026-09-07T17:56:17,931,0.0,-1.0,1.0,1.0,0.0,-1.0,-1.0,1.0,0.0,233,210,233,227,210,227,0.0,0.0,0.0,0.0,0.0,0.0,3.0,-3.0,-1.0,ROCK,210,1340,0.0,0.0,CYCLE_OK,0.25833,0.15844,0.2,0.0,0.3333,0.3333,0.3333,interior
2026-09-07T17:57:16,932,0.0,-1.0,1.0,1.0,0.0,-1.0,-1.0,1.0,0.0,235,176,235,260,176,260,0.0,0.0,0.0,0.0,0.0,0.0,3.0,-3.0,-1.0,ROCK,176,1342,0.0,0.0,CYCLE_OK,0.25833,0.15844,0.2,0.0,0.3333,0.3333,0.3333,interior
2026-09-07T17:58:51,933,0.0,-1.0,1.0,1.0,0.0,-1.0,-1.0,1.0,0.0,210,167,210,293,167,293,0.0,0.0,0.0,0.0,0.0,0.0,3.0,-3.0,-1.0,ROCK,167,1340,0.0,0.0,CYCLE_OK,0.28333,0.17351,0.2125,0.0,0.3333,0.3333,0.3333,interior
2026-09-07T17:59:49,934,0.0,-1.0,1.0,1.0,0.0,-1.0,-1.0,1.0,0.0,211,178,211,281,178,281,0.0,0.0,0.0,0.0,0.0,0.0,3.0,-3.0,-1.0,ROCK,178,1340,0.0,0.0,CYCLE_OK,0.30833,0.18902,0.2375,0.0,0.3333,0.3333,0.3333,interior
2026-09-07T18:01:10,935,0.0,-1.0,1.0,1.0,0.0,-1.0,-1.0,1.0,0.0,212,172,212,284,172,284,0.0,0.0,0.0,0.0,0.0,0.0,3.0,-3.0,-1.0,ROCK,172,1336,0.0,0.0,CYCLE_OK,0.33333,0.20489,0.2625,0.0,0.3333,0.3333,0.3333,interior
2026-09-07T18:02:27,936,0.0,-1.0,1.0,1.0,0.0,-1.0,-1.0,1.0,0.0,200,192,200,276,192,276,0.0,0.0,0.0,0.0,0.0,0.0,3.0,-3.0,-1.0,ROCK,192,1336,0.0,0.0,CYCLE_OK,0.33333,0.20716,0.275,0.0,0.3333,0.3333,0.3333,interior
2026-09-07T18:03:18,937,0.0,-1.0,1.0,1.0,0.0,-1.0,-1.0,1.0,0.0,203,198,203,268,198,268,0.0,0.0,0.0,0.0,0.0,0.0,3.0,-3.0,-1.0,ROCK,198,1338,0.0,0.0,CYCLE_OK,0.33333,0.20716,0.275,0.0,0.3333,0.3333,0.3333,interior
2026-09-07T18:05:58,938,0.0,-1.0,1.0,1.0,0.0,-1.0,-1.0,1.0,0.0,179,235,179,251,235,251,0.0,0.0,0.0,0.0,0.0,0.0,3.0,-3.0,-1.0,ROCK,179,1330,0.0,0.0,CYCLE_OK,0.30833,0.19392,0.2625,0.0,0.3333,0.3333,0.3333,interior
2026-09-07T18:08:07,939,0.0,-1.0,1.0,1.0,0.0,-1.0,-1.0,1.0,0.0,203,213,203,247,213,247,0.0,0.0,0.0,0.0,0.0,0.0,3.0,-3.0,-1.0,ROCK,203,1326,0.0,0.0,CYCLE_OK,0.33333,0.2109,0.2875,0.0,0.3333,0.3333,0.3333,interior
2026-09-07T18:09:09,940,0.0,-1.0,1.0,1.0,0.0,-1.0,-1.0,1.0,0.0,206,224,206,234,224,234,0.0,0.0,0.0,0.0,0.0,0.0,3.0,-3.0,-1.0,ROCK,206,1328,0.0,0.0,CYCLE_OK,0.30833,0.19869,0.275,0.0,0.3333,0.3333,0.3333,interior
2026-09-07T18:10:38,941,0.0,-1.0,1.0,1.0,0.0,-1.0,-1.0,1.0,0.0,203,216,203,246,216,246,0.0,0.0,0.0,0.0,0.0,0.0,3.0,-3.0,-1.0,ROCK,203,1330,0.0,0.0,CYCLE_OK,0.33333,0.2109,0.2875,0.0,0.3333,0.3333,0.3333,interior
2026-09-07T18:11:42,942,0.0,-1.0,1.0,1.0,0.0,-1.0,-1.0,1.0,0.0,212,202,212,252,202,252,0.0,0.0,0.0,0.0,0.0,0.0,3.0,-3.0,-1.0,ROCK,202,1332,0.0,0.0,CYCLE_OK,0.30833,0.19392,0.2625,0.0,0.3333,0.3333,0.3333,interior
2026-09-07T18:13:14,943,0.0,-1.0,1.0,1.0,0.0,-1.0,-1.0,1.0,0.0,205,212,205,251,212,251,0.0,0.0,0.0,0.0,0.0,0.0,3.0,-3.0,-1.0,ROCK,205,1336,0.0,0.0,CYCLE_OK,0.30833,0.19392,0.2625,0.0,0.3333,0.3333,0.3333,interior
2026-09-07T18:15:32,944,0.0,-1.0,1.0,1.0,0.0,-1.0,-1.0,1.0,0.0,196,211,196,263,211,263,0.0,0.0,0.0,0.0,0.0,0.0,3.0,-3.0,-1.0,ROCK,196,1340,0.0,0.0,CYCLE_OK,0.28333,0.18143,0.25,0.0,0.3333,0.3333,0.3333,interior
2026-09-07T18:18:12,945,0.0,-1.0,1.0,1.0,0.0,-1.0,-1.0,1.0,0.0,213,213,213,243,213,243,0.0,0.0,0.0,0.0,0.0,0.0,3.0,-3.0,-1.0,ROCK,213,1338,0.0,0.0,CYCLE_OK,0.28333,0.18143,0.25,0.0,0.3333,0.3333,0.3333,interior
2026-09-07T18:19:14,946,0.0,-1.0,1.0,1.0,0.0,-1.0,-1.0,1.0,0.0,213,218,213,238,218,238,0.0,0.0,0.0,0.0,0.0,0.0,3.0,-3.0,-1.0,ROCK,213,1338,0.0,0.0,CYCLE_OK,0.28333,0.18143,0.25,0.0,0.3333,0.3333,0.3333,interior
2026-09-07T18:20:30,947,0.0,-1.0,1.0,1.0,0.0,-1.0,-1.0,1.0,0.0,180,245,180,245,245,245,0.0,0.0,0.0,0.0,0.0,0.0,3.0,-3.0,-1.0,ROCK,180,1340,0.0,0.0,CYCLE_OK,0.28333,0.18143,0.25,0.0,0.3333,0.3333,0.3333,interior
2026-09-07T18:24:23,948,0.0,-1.0,1.0,1.0,0.0,-1.0,-1.0,1.0,0.0,177,255,177,239,255,239,0.0,0.0,0.0,0.0,0.0,0.0,3.0,-3.0,-1.0,ROCK,177,1342,0.0,0.0,CYCLE_OK,0.25833,0.16987,0.2375,0.0,0.3333,0.3333,0.3333,interior
2026-09-07T18:26:17,949,0.0,-1.0,1.0,1.0,0.0,-1.0,-1.0,1.0,0.0,202,219,202,251,219,251,0.0,0.0,0.0,0.0,0.0,0.0,3.0,-3.0,-1.0,ROCK,202,1344,0.0,0.0,CYCLE_OK,0.28333,0.18143,0.25,0.0,0.3333,0.3333,0.3333,interior
2026-09-07T18:27:35,950,0.0,-1.0,1.0,1.0,0.0,-1.0,-1.0,1.0,0.0,192,231,192,249,231,249,0.0,0.0,0.0,0.0,0.0,0.0,3.0,-3.0,-1.0,ROCK,192,1344,0.0,0.0,CYCLE_OK,0.25833,0.16987,0.2375,0.0,0.3333,0.3333,0.3333,interior
2026-09-07T18:29:42,951,0.0,-1.0,1.0,1.0,0.0,-1.0,-1.0,1.0,0.0,212,227,212,233,227,233,0.0,0.0,0.0,0.0,0.0,0.0,3.0,-3.0,-1.0,ROCK,212,1344,0.0,0.0,CYCLE_OK,0.23333,0.15241,0.2125,0.0,0.3333,0.3333,0.3333,interior
2026-09-07T18:31:27,952,0.0,-1.0,1.0,1.0,0.0,-1.0,-1.0,1.0,0.0,249,210,249,214,210,214,0.0,0.0,0.0,0.0,0.0,0.0,3.0,-3.0,-1.0,ROCK,210,1346,0.0,0.0,CYCLE_OK,0.20833,0.13502,0.1875,0.0,0.3333,0.3333,0.3333,interior
2026-09-07T18:32:51,953,0.0,-1.0,1.0,1.0,0.0,-1.0,-1.0,1.0,0.0,276,203,276,194,203,194,0.0,0.0,0.0,0.0,0.0,0.0,3.0,-3.0,-1.0,ROCK,194,1346,0.0,0.0,CYCLE_OK,0.20833,0.1303,0.175,0.0,0.3333,0.3333,0.3333,interior
2026-09-07T18:34:36,954,0.0,-1.0,1.0,1.0,0.0,-1.0,-1.0,1.0,0.0,260,212,260,200,212,200,0.0,0.0,0.0,0.0,0.0,0.0,3.0,-3.0,-1.0,ROCK,200,1344,0.0,0.0,CYCLE_OK,0.23333,0.14398,0.1875,0.0,0.3333,0.3333,0.3333,interior
2026-09-07T18:36:08,955,0.0,-1.0,1.0,1.0,0.0,-1.0,-1.0,1.0,0.0,262,225,262,185,225,185,0.0,0.0,0.0,0.0,0.0,0.0,3.0,-3.0,-1.0,ROCK,185,1344,0.0,0.0,CYCLE_OK,0.20833,0.1303,0.175,0.0,0.3333,0.3333,0.3333,interior
2026-09-07T18:37:27,956,0.0,-1.0,1.0,1.0,0.0,-1.0,-1.0,1.0,0.0,253,211,253,208,211,208,0.0,0.0,0.0,0.0,0.0,0.0,3.0,-3.0,-1.0,ROCK,208,1344,0.0,0.0,CYCLE_OK,0.20833,0.1303,0.175,0.0,0.3333,0.3333,0.3333,interior
2026-09-07T18:39:06,957,0.0,-1.0,1.0,1.0,0.0,-1.0,-1.0,1.0,0.0,250,201,250,221,201,221,0.0,0.0,0.0,0.0,0.0,0.0,3.0,-3.0,-1.0,ROCK,201,1344,0.0,0.0,CYCLE_OK,0.20833,0.1303,0.175,0.0,0.3333,0.3333,0.3333,interior
2026-09-07T18:41:29,958,0.0,-1.0,1.0,1.0,0.0,-1.0,-1.0,1.0,0.0,260,189,260,224,189,224,0.0,0.0,0.0,0.0,0.0,0.0,3.0,-3.0,-1.0,ROCK,189,1346,0.0,0.0,CYCLE_OK,0.23333,0.14398,0.1875,0.0,0.3333,0.3333,0.3333,interior
2026-09-07T18:43:01,959,0.0,-1.0,1.0,1.0,0.0,-1.0,-1.0,1.0,0.0,232,192,232,248,192,248,0.0,0.0,0.0,0.0,0.0,0.0,3.0,-3.0,-1.0,ROCK,192,1344,0.0,0.0,CYCLE_OK,0.25833,0.15844,0.2,0.0,0.3333,0.3333,0.3333,interior
2026-09-07T18:44:50,960,0.0,-1.0,1.0,1.0,0.0,-1.0,-1.0,1.0,0.0,218,173,218,281,173,281,0.0,0.0,0.0,0.0,0.0,0.0,3.0,-3.0,-1.0,ROCK,173,1344,0.0,0.0,CYCLE_OK,0.28333,0.1744,0.225,0.0,0.3333,0.3333,0.3333,interior
2026-09-07T18:46:27,961,0.0,-1.0,1.0,1.0,0.0,-1.0,-1.0,1.0,0.0,221,157,221,295,157,295,0.0,0.0,0.0,0.0,0.0,0.0,3.0,-3.0,-1.0,ROCK,157,1346,0.0,0.0,CYCLE_OK,0.30833,0.19067,0.25,0.0,0.3333,0.3333,0.3333,interior
2026-09-07T18:47:47,962,0.0,-1.0,1.0,1.0,0.0,-1.0,-1.0,1.0,0.0,210,178,210,284,178,284,0.0,0.0,0.0,0.0,0.0,0.0,3.0,-3.0,-1.0,ROCK,178,1344,0.0,0.0,CYCLE_OK,0.28333,0.17707,0.2375,0.0,0.3333,0.3333,0.3333,interior
2026-09-07T18:48:54,963,0.0,-1.0,1.0,1.0,0.0,-1.0,-1.0,1.0,0.0,214,171,214,287,171,287,0.0,0.0,0.0,0.0,0.0,0.0,3.0,-3.0,-1.0,ROCK,171,1344,0.0,0.0,CYCLE_OK,0.28333,0.17707,0.2375,0.0,0.3333,0.3333,0.3333,interior
2026-09-07T18:51:45,964,0.0,-1.0,1.0,1.0,0.0,-1.0,-1.0,1.0,0.0,189,227,189,252,227,252,0.0,0.0,0.0,0.0,0.0,0.0,3.0,-3.0,-1.0,ROCK,189,1336,0.0,0.0,CYCLE_OK,0.28333,0.18143,0.25,0.0,0.3333,0.3333,0.3333,interior
2026-09-07T18:54:39,965,0.0,-1.0,1.0,1.0,0.0,-1.0,-1.0,1.0,0.0,190,243,190,232,243,232,0.0,0.0,0.0,0.0,0.0,0.0,3.0,-3.0,-1.0,ROCK,190,1330,0.0,0.0,CYCLE_OK,0.28333,0.18143,0.25,0.0,0.3333,0.3333,0.3333,interior
2026-09-07T18:56:41,966,0.0,-1.0,1.0,1.0,0.0,-1.0,-1.0,1.0,0.0,194,247,194,228,247,228,0.0,0.0,0.0,0.0,0.0,0.0,3.0,-3.0,-1.0,ROCK,194,1338,0.0,0.0,CYCLE_OK,0.30833,0.19869,0.275,0.0,0.3333,0.3333,0.3333,interior
2026-09-07T18:58:59,967,0.0,-1.0,1.0,1.0,0.0,-1.0,-1.0,1.0,0.0,194,237,194,239,237,239,0.0,0.0,0.0,0.0,0.0,0.0,3.0,-3.0,-1.0,ROCK,194,1340,0.0,0.0,CYCLE_OK,0.28333,0.18736,0.2625,0.0,0.3333,0.3333,0.3333,interior
2026-09-07T19:01:54,968,0.0,-1.0,1.0,1.0,0.0,-1.0,-1.0,1.0,0.0,210,189,210,267,189,267,0.0,0.0,0.0,0.0,0.0,0.0,3.0,-3.0,-1.0,ROCK,189,1332,0.0,0.0,CYCLE_OK,0.30833,0.20489,0.2875,0.0,0.3333,0.3333,0.3333,interior
2026-09-07T19:04:04,969,0.0,-1.0,1.0,1.0,0.0,-1.0,-1.0,1.0,0.0,215,201,215,249,201,249,0.0,0.0,0.0,0.0,0.0,0.0,3.0,-3.0,-1.0,ROCK,201,1330,0.0,0.0,CYCLE_OK,0.33333,0.21602,0.3,0.0,0.3333,0.3333,0.3333,interior
2026-09-07T19:04:53,970,0.0,-1.0,1.0,1.0,0.0,-1.0,-1.0,1.0,0.0,224,174,224,267,174,267,0.0,0.0,0.0,0.0,0.0,0.0,3.0,-3.0,-1.0,ROCK,174,1330,0.0,0.0,CYCLE_OK,0.35833,0.22799,0.3125,0.0,0.3333,0.3333,0.3333,interior
2026-09-07T19:06:00,971,0.0,-1.0,1.0,1.0,0.0,-1.0,-1.0,1.0,0.0,212,179,212,274,179,274,0.0,0.0,0.0,0.0,0.0,0.0,3.0,-3.0,-1.0,ROCK,179,1330,0.0,0.0,CYCLE_OK,0.35833,0.22799,0.3125,0.0,0.3333,0.3333,0.3333,interior
2026-09-07T19:08:22,972,0.0,-1.0,1.0,1.0,0.0,-1.0,-1.0,1.0,0.0,230,174,230,264,174,264,0.0,0.0,0.0,0.0,0.0,0.0,3.0,-3.0,-1.0,ROCK,174,1336,0.0,0.0,CYCLE_OK,0.33333,0.2109,0.2875,0.0,0.3333,0.3333,0.3333,interior
2026-09-07T19:10:05,973,0.0,-1.0,1.0,1.0,0.0,-1.0,-1.0,1.0,0.0,209,209,209,251,209,251,0.0,0.0,0.0,0.0,0.0,0.0,3.0,-3.0,-1.0,ROCK,209,1338,0.0,0.0,CYCLE_OK,0.30833,0.19869,0.275,0.0,0.3333,0.3333,0.3333,interior
2026-09-07T19:12:16,974,0.0,-1.0,1.0,1.0,0.0,-1.0,-1.0,1.0,0.0,220,222,220,227,222,227,0.0,0.0,0.0,0.0,0.0,0.0,3.0,-3.0,-1.0,ROCK,220,1338,0.0,0.0,CYCLE_OK,0.30833,0.19392,0.2625,0.0,0.3333,0.3333,0.3333,interior
2026-09-07T19:14:22,975,0.0,-1.0,1.0,1.0,0.0,-1.0,-1.0,1.0,0.0,219,226,219,222,226,222,0.0,0.0,0.0,0.0,0.0,0.0,3.0,-3.0,-1.0,ROCK,219,1334,0.0,0.0,CYCLE_OK,0.30833,0.19392,0.2625,0.0,0.3333,0.3333,0.3333,interior
2026-09-07T19:15:04,976,0.0,-1.0,1.0,1.0,0.0,-1.0,-1.0,1.0,0.0,223,224,223,220,224,220,0.0,0.0,0.0,0.0,0.0,0.0,3.0,-3.0,-1.0,ROCK,220,1334,0.0,0.0,CYCLE_OK,0.30833,0.19392,0.2625,0.0,0.3333,0.3333,0.3333,interior
2026-09-07T19:16:40,977,0.0,-1.0,1.0,1.0,0.0,-1.0,-1.0,1.0,0.0,227,223,227,218,223,218,0.0,0.0,0.0,0.0,0.0,0.0,3.0,-3.0,-1.0,ROCK,218,1336,0.0,0.0,CYCLE_OK,0.30833,0.19392,0.2625,0.0,0.3333,0.3333,0.3333,interior
2026-09-07T19:17:41,978,0.0,-1.0,1.0,1.0,0.0,-1.0,-1.0,1.0,0.0,230,210,230,229,210,229,0.0,0.0,0.0,0.0,0.0,0.0,3.0,-3.0,-1.0,ROCK,210,1338,0.0,0.0,CYCLE_OK,0.30833,0.19392,0.2625,0.0,0.3333,0.3333,0.3333,interior
2026-09-07T19:19:39,979,0.0,-1.0,1.0,1.0,0.0,-1.0,-1.0,1.0,0.0,195,229,195,244,229,244,0.0,0.0,0.0,0.0,0.0,0.0,3.0,-3.0,-1.0,ROCK,195,1336,0.0,0.0,CYCLE_OK,0.28333,0.18143,0.25,0.0,0.3333,0.3333,0.3333,interior
2026-09-07T19:22:23,980,0.0,-1.0,1.0,1.0,0.0,-1.0,-1.0,1.0,0.0,184,248,184,236,248,236,0.0,0.0,0.0,0.0,0.0,0.0,3.0,-3.0,-1.0,ROCK,184,1336,0.0,0.0,CYCLE_OK,0.25833,0.16987,0.2375,0.0,0.3333,0.3333,0.3333,interior
2026-09-07T19:24:56,981,0.0,-1.0,1.0,1.0,0.0,-1.0,-1.0,1.0,0.0,173,246,173,248,246,248,0.0,0.0,0.0,0.0,0.0,0.0,3.0,-3.0,-1.0,ROCK,173,1334,0.0,0.0,CYCLE_OK,0.25833,0.16987,0.2375,0.0,0.3333,0.3333,0.3333,interior
2026-09-07T19:31:45,982,0.0,-1.0,1.0,1.0,0.0,-1.0,-1.0,1.0,0.0,211,205,211,247,205,247,0.0,0.0,0.0,0.0,0.0,0.0,3.0,-3.0,-1.0,ROCK,205,1326,0.0,0.0,CYCLE_OK,0.25833,0.16987,0.2375,0.0,0.3333,0.3333,0.3333,interior
2026-09-07T19:33:25,983,0.0,-1.0,1.0,1.0,0.0,-1.0,-1.0,1.0,0.0,211,218,211,235,218,235,0.0,0.0,0.0,0.0,0.0,0.0,3.0,-3.0,-1.0,ROCK,211,1328,0.0,0.0,CYCLE_OK,0.23333,0.15943,0.225,0.0,0.3333,0.3333,0.3333,interior
2026-09-07T19:34:42,984,0.0,-1.0,1.0,1.0,0.0,-1.0,-1.0,1.0,0.0,194,228,194,242,228,242,0.0,0.0,0.0,0.0,0.0,0.0,3.0,-3.0,-1.0,ROCK,194,1328,0.0,0.0,CYCLE_OK,0.23333,0.15943,0.225,0.0,0.3333,0.3333,0.3333,interior
2026-09-07T19:36:20,985,0.0,-1.0,1.0,1.0,0.0,-1.0,-1.0,1.0,0.0,209,219,209,237,219,237,0.0,0.0,0.0,0.0,0.0,0.0,3.0,-3.0,-1.0,ROCK,209,1330,0.0,0.0,CYCLE_OK,0.21667,0.15035,0.2125,0.0,0.3333,0.3333,0.3333,interior
2026-09-07T19:40:46,986,0.0,-1.0,1.0,1.0,0.0,-1.0,-1.0,1.0,0.0,218,210,218,244,210,244,0.0,0.0,0.0,0.0,0.0,0.0,3.0,-3.0,-1.0,ROCK,210,1344,0.0,0.0,CYCLE_OK,0.23333,0.15943,0.225,0.0,0.3333,0.3333,0.3333,interior
2026-09-07T19:41:30,987,0.0,-1.0,1.0,1.0,0.0,-1.0,-1.0,1.0,0.0,215,208,215,249,208,249,0.0,0.0,0.0,0.0,0.0,0.0,3.0,-3.0,-1.0,ROCK,208,1344,0.0,0.0,CYCLE_OK,0.24167,0.16802,0.2375,0.0,0.3333,0.3333,0.3333,interior
2026-09-07T19:42:14,988,0.0,-1.0,1.0,1.0,0.0,-1.0,-1.0,1.0,0.0,213,214,213,245,214,245,0.0,0.0,0.0,0.0,0.0,0.0,3.0,-3.0,-1.0,ROCK,213,1344,0.0,0.0,CYCLE_OK,0.21667,0.15035,0.2125,0.0,0.3333,0.3333,0.3333,interior
2026-09-07T19:43:10,989,0.0,-1.0,1.0,1.0,0.0,-1.0,-1.0,1.0,0.0,227,205,227,240,205,240,0.0,0.0,0.0,0.0,0.0,0.0,3.0,-3.0,-1.0,ROCK,205,1344,0.0,0.0,CYCLE_OK,0.24167,0.16802,0.2375,0.0,0.3333,0.3333,0.3333,interior
2026-09-07T19:45:22,990,0.0,-1.0,1.0,1.0,0.0,-1.0,-1.0,1.0,0.0,211,231,211,223,231,223,0.0,0.0,0.0,0.0,0.0,0.0,3.0,-3.0,-1.0,ROCK,211,1330,0.0,0.0,CYCLE_OK,0.26667,0.17795,0.25,0.0,0.3333,0.3333,0.3333,interior
2026-09-07T19:46:13,991,0.0,-1.0,1.0,1.0,0.0,-1.0,-1.0,1.0,0.0,202,231,202,231,231,231,0.0,0.0,0.0,0.0,0.0,0.0,3.0,-3.0,-1.0,ROCK,202,1328,0.0,0.0,CYCLE_OK,0.26667,0.18569,0.2625,0.0,0.3333,0.3333,0.3333,interior
2026-09-07T19:47:01,992,0.0,-1.0,1.0,1.0,0.0,-1.0,-1.0,1.0,0.0,211,234,211,221,234,221,0.0,0.0,0.0,0.0,0.0,0.0,3.0,-3.0,-1.0,ROCK,211,1332,0.0,0.0,CYCLE_OK,0.26667,0.18569,0.2625,0.0,0.3333,0.3333,0.3333,interior
2026-09-07T19:47:34,993,0.0,-1.0,1.0,1.0,0.0,-1.0,-1.0,1.0,0.0,215,211,215,240,211,240,0.0,0.0,0.0,0.0,0.0,0.0,3.0,-3.0,-1.0,ROCK,211,1332,0.0,0.0,CYCLE_OK,0.28333,0.19472,0.275,0.0,0.3333,0.3333,0.3333,interior
2026-09-07T19:48:21,994,0.0,-1.0,1.0,1.0,0.0,-1.0,-1.0,1.0,0.0,204,206,204,259,206,259,0.0,0.0,0.0,0.0,0.0,0.0,3.0,-3.0,-1.0,ROCK,204,1338,0.0,0.0,CYCLE_OK,0.30833,0.21238,0.3,0.0,0.3333,0.3333,0.3333,interior
2026-09-07T19:49:17,995,0.0,-1.0,1.0,1.0,0.0,-1.0,-1.0,1.0,0.0,200,184,200,286,184,286,0.0,0.0,0.0,0.0,0.0,0.0,3.0,-3.0,-1.0,ROCK,184,1340,0.0,0.0,CYCLE_OK,0.33333,0.22244,0.3125,0.0,0.3333,0.3333,0.3333,interior
2026-09-07T19:50:24,996,0.0,-1.0,1.0,1.0,0.0,-1.0,-1.0,1.0,0.0,217,177,217,276,177,276,0.0,0.0,0.0,0.0,0.0,0.0,3.0,-3.0,-1.0,ROCK,177,1340,0.0,0.0,CYCLE_OK,0.33333,0.23004,0.325,0.0,0.3333,0.3333,0.3333,interior
2026-09-07T19:51:53,997,0.0,-1.0,1.0,1.0,0.0,-1.0,-1.0,1.0,0.0,217,185,217,268,185,268,0.0,0.0,0.0,0.0,0.0,0.0,3.0,-3.0,-1.0,ROCK,185,1340,0.0,0.0,CYCLE_OK,0.33333,0.23004,0.325,0.0,0.3333,0.3333,0.3333,interior
2026-09-07T19:52:56,998,0.0,-1.0,1.0,1.0,0.0,-1.0,-1.0,1.0,0.0,195,203,195,270,203,270,0.0,0.0,0.0,0.0,0.0,0.0,3.0,-3.0,-1.0,ROCK,195,1336,0.0,0.0,CYCLE_OK,0.31667,0.22103,0.3125,0.0,0.3333,0.3333,0.3333,interior
2026-09-07T19:54:16,999,0.0,-1.0,1.0,1.0,0.0,-1.0,-1.0,1.0,0.0,197,231,197,237,231,237,0.0,0.0,0.0,0.0,0.0,0.0,3.0,-3.0,-1.0,ROCK,197,1330,0.0,0.0,CYCLE_OK,0.34167,0.2387,0.3375,0.0,0.3333,0.3333,0.3333,interior
2026-09-07T19:55:22,1000,0.0,-1.0,1.0,1.0,0.0,-1.0,-1.0,1.0,0.0,230,220,230,217,220,217,0.0,0.0,0.0,0.0,0.0,0.0,3.0,-3.0,-1.0,ROCK,217,1334,0.0,0.0,CYCLE_OK,0.31667,0.22103,0.3125,0.0,0.3333,0.3333,0.3333,interior
2026-09-07T19:56:06,1001,0.0,-1.0,1.0,1.0,0.0,-1.0,-1.0,1.0,0.0,205,240,205,221,240,221,0.0,0.0,0.0,0.0,0.0,0.0,3.0,-3.0,-1.0,ROCK,205,1332,0.0,0.0,CYCLE_OK,0.31667,0.22103,0.3125,0.0,0.3333,0.3333,0.3333,interior
2026-09-07T19:56:49,1002,0.0,-1.0,1.0,1.0,0.0,-1.0,-1.0,1.0,0.0,225,213,225,229,213,229,0.0,0.0,0.0,0.0,0.0,0.0,3.0,-3.0,-1.0,ROCK,213,1334,0.0,0.0,CYCLE_OK,0.31667,0.22103,0.3125,0.0,0.3333,0.3333,0.3333,interior
2026-09-07T19:58:58,1003,0.0,-1.0,1.0,1.0,0.0,-1.0,-1.0,1.0,0.0,207,230,207,231,230,231,0.0,0.0,0.0,0.0,0.0,0.0,3.0,-3.0,-1.0,ROCK,207,1336,0.0,0.0,CYCLE_OK,0.31667,0.22103,0.3125,0.0,0.3333,0.3333,0.3333,interior
2026-09-07T20:01:44,1004,0.0,-1.0,1.0,1.0,0.0,-1.0,-1.0,1.0,0.0,185,250,185,234,250,234,0.0,0.0,0.0,0.0,0.0,0.0,3.0,-3.0,-1.0,ROCK,185,1338,0.0,0.0,CYCLE_OK,0.34167,0.23071,0.325,0.0,0.3333,0.3333,0.3333,interior
2026-09-07T20:05:27,1005,0.0,-1.0,1.0,1.0,0.0,-1.0,-1.0,1.0,0.0,226,236,226,204,236,204,0.0,0.0,0.0,0.0,0.0,0.0,3.0,-3.0,-1.0,ROCK,204,1332,0.0,0.0,CYCLE_OK,0.31667,0.21311,0.3,0.0,0.3333,0.3333,0.3333,interior
2026-09-07T20:09:08,1006,0.0,-1.0,1.0,1.0,0.0,-1.0,-1.0,1.0,0.0,242,223,242,200,223,200,0.0,0.0,0.0,0.0,0.0,0.0,3.0,-3.0,-1.0,ROCK,200,1330,0.0,0.0,CYCLE_OK,0.34167,0.23071,0.325,0.0,0.3333,0.3333,0.3333,interior
2026-09-07T20:10:55,1007,0.0,-1.0,1.0,1.0,0.0,-1.0,-1.0,1.0,0.0,237,202,237,227,202,227,0.0,0.0,0.0,0.0,0.0,0.0,3.0,-3.0,-1.0,ROCK,202,1332,0.0,0.0,CYCLE_OK,0.36667,0.24833,0.35,0.0,0.3333,0.3333,0.3333,interior
2026-09-07T20:11:50,1008,0.0,-1.0,1.0,1.0,0.0,-1.0,-1.0,1.0,0.0,226,229,226,211,229,211,0.0,0.0,0.0,0.0,0.0,0.0,3.0,-3.0,-1.0,ROCK,211,1332,0.0,0.0,CYCLE_OK,0.39167,0.2588,0.3625,0.0,0.3333,0.3333,0.3333,interior
2026-09-07T20:13:41,1009,0.0,-1.0,1.0,1.0,0.0,-1.0,-1.0,1.0,0.0,234,203,234,231,203,231,0.0,0.0,0.0,0.0,0.0,0.0,3.0,-3.0,-1.0,ROCK,203,1336,0.0,0.0,CYCLE_OK,0.39167,0.2588,0.3625,0.0,0.3333,0.3333,0.3333,interior
2026-09-07T20:15:43,1010,0.0,-1.0,1.0,1.0,0.0,-1.0,-1.0,1.0,0.0,227,226,227,216,226,216,0.0,0.0,0.0,0.0,0.0,0.0,3.0,-3.0,-1.0,ROCK,216,1338,0.0,0.0,CYCLE_OK,0.39167,0.25269,0.35,0.0,0.3333,0.3333,0.3333,interior
2026-09-07T20:17:08,1011,0.0,-1.0,1.0,1.0,0.0,-1.0,-1.0,1.0,0.0,221,221,221,227,221,227,0.0,0.0,0.0,0.0,0.0,0.0,3.0,-3.0,-1.0,ROCK,221,1338,0.0,0.0,CYCLE_OK,0.36667,0.24131,0.3375,0.0,0.3333,0.3333,0.3333,interior
2026-09-07T20:18:03,1012,0.0,-1.0,1.0,1.0,0.0,-1.0,-1.0,1.0,0.0,214,225,214,230,225,230,0.0,0.0,0.0,0.0,0.0,0.0,3.0,-3.0,-1.0,ROCK,214,1338,0.0,0.0,CYCLE_OK,0.36667,0.23541,0.325,0.0,0.3333,0.3333,0.3333,interior
2026-09-07T20:19:43,1013,0.0,-1.0,1.0,1.0,0.0,-1.0,-1.0,1.0,0.0,192,264,192,211,264,211,0.0,0.0,0.0,0.0,0.0,0.0,3.0,-3.0,-1.0,ROCK,192,1334,0.0,0.0,CYCLE_OK,0.36667,0.23071,0.3125,0.0,0.3333,0.3333,0.3333,interior
2026-09-07T20:20:53,1014,0.0,-1.0,1.0,1.0,0.0,-1.0,-1.0,1.0,0.0,212,262,212,193,262,193,0.0,0.0,0.0,0.0,0.0,0.0,3.0,-3.0,-1.0,ROCK,193,1334,0.0,0.0,CYCLE_OK,0.34167,0.21384,0.2875,0.0,0.3333,0.3333,0.3333,interior
2026-09-07T20:23:04,1015,0.0,-1.0,1.0,1.0,0.0,-1.0,-1.0,1.0,0.0,199,262,199,205,262,205,0.0,0.0,0.0,0.0,0.0,0.0,3.0,-3.0,-1.0,ROCK,199,1332,0.0,0.0,CYCLE_OK,0.34167,0.2109,0.275,0.0,0.3333,0.3333,0.3333,interior
2026-09-07T20:24:38,1016,0.0,-1.0,1.0,1.0,0.0,-1.0,-1.0,1.0,0.0,193,278,193,195,278,195,0.0,0.0,0.0,0.0,0.0,0.0,3.0,-3.0,-1.0,ROCK,193,1332,0.0,0.0,CYCLE_OK,0.34167,0.2109,0.275,0.0,0.3333,0.3333,0.3333,interior
2026-09-07T20:26:24,1017,0.0,-1.0,1.0,1.0,0.0,-1.0,-1.0,1.0,0.0,207,239,207,221,239,221,0.0,0.0,0.0,0.0,0.0,0.0,3.0,-3.0,-1.0,ROCK,207,1334,0.0,0.0,CYCLE_OK,0.34167,0.2109,0.275,0.0,0.3333,0.3333,0.3333,interior
2026-09-07T20:29:18,1018,0.0,-1.0,1.0,1.0,0.0,-1.0,-1.0,1.0,0.0,218,229,218,219,229,219,0.0,0.0,0.0,0.0,0.0,0.0,3.0,-3.0,-1.0,ROCK,218,1332,0.0,0.0,CYCLE_OK,0.31667,0.19711,0.2625,0.0,0.3333,0.3333,0.3333,interior
2026-09-07T20:32:12,1019,0.0,-1.0,1.0,1.0,0.0,-1.0,-1.0,1.0,0.0,259,226,259,181,226,181,0.0,0.0,0.0,0.0,0.0,0.0,3.0,-3.0,-1.0,ROCK,181,1332,0.0,0.0,CYCLE_OK,0.29167,0.18057,0.2375,0.0,0.3333,0.3333,0.3333,interior
2026-09-07T20:33:33,1020,0.0,-1.0,1.0,1.0,0.0,-1.0,-1.0,1.0,0.0,270,211,270,187,211,187,0.0,0.0,0.0,0.0,0.0,0.0,3.0,-3.0,-1.0,ROCK,187,1336,0.0,0.0,CYCLE_OK,0.29167,0.184,0.25,0.0,0.3333,0.3333,0.3333,interior
2026-09-07T20:41:40,1021,0.0,-1.0,1.0,1.0,0.0,-1.0,-1.0,1.0,0.0,242,189,242,235,189,235,0.0,0.0,0.0,0.0,0.0,0.0,3.0,-3.0,-1.0,ROCK,189,1332,0.0,0.0,CYCLE_OK,0.29167,0.184,0.25,0.0,0.3333,0.3333,0.3333,interior
2026-09-07T20:44:41,1022,0.0,-1.0,1.0,1.0,0.0,-1.0,-1.0,1.0,0.0,210,218,210,236,218,236,0.0,0.0,0.0,0.0,0.0,0.0,3.0,-3.0,-1.0,ROCK,210,1328,0.0,0.0,CYCLE_OK,0.31667,0.19711,0.2625,0.0,0.3333,0.3333,0.3333,interior
2026-09-07T20:51:36,1023,0.0,-1.0,1.0,1.0,0.0,-1.0,-1.0,1.0,0.0,204,216,204,245,216,245,0.0,0.0,0.0,0.0,0.0,0.0,3.0,-3.0,-1.0,ROCK,204,1330,0.0,0.0,CYCLE_OK,0.31667,0.20104,0.275,0.0,0.3333,0.3333,0.3333,interior
2026-09-07T20:57:03,1024,0.0,-1.0,1.0,1.0,0.0,-1.0,-1.0,1.0,0.0,192,228,192,245,228,245,0.0,0.0,0.0,0.0,0.0,0.0,3.0,-3.0,-1.0,ROCK,192,1330,0.0,0.0,CYCLE_OK,0.31667,0.20104,0.275,0.0,0.3333,0.3333,0.3333,interior
2026-09-07T20:59:11,1025,0.0,-1.0,1.0,1.0,0.0,-1.0,-1.0,1.0,0.0,188,247,188,231,247,231,0.0,0.0,0.0,0.0,0.0,0.0,3.0,-3.0,-1.0,ROCK,188,1332,0.0,0.0,CYCLE_OK,0.31667,0.19711,0.2625,0.0,0.3333,0.3333,0.3333,interior
2026-09-07T21:00:17,1026,0.0,-1.0,1.0,1.0,0.0,-1.0,-1.0,1.0,0.0,189,251,189,227,251,227,0.0,0.0,0.0,0.0,0.0,0.0,3.0,-3.0,-1.0,ROCK,189,1334,0.0,0.0,CYCLE_OK,0.31667,0.19472,0.25,0.0,0.3333,0.3333,0.3333,interior
2026-09-07T21:03:41,1027,0.0,-1.0,1.0,1.0,0.0,-1.0,-1.0,1.0,0.0,196,250,196,223,250,223,0.0,0.0,0.0,0.0,0.0,0.0,3.0,-3.0,-1.0,ROCK,196,1338,0.0,0.0,CYCLE_OK,0.29167,0.18057,0.2375,0.0,0.3333,0.3333,0.3333,interior
2026-09-07T21:04:52,1028,0.0,-1.0,1.0,1.0,0.0,-1.0,-1.0,1.0,0.0,190,272,190,207,272,207,0.0,0.0,0.0,0.0,0.0,0.0,3.0,-3.0,-1.0,ROCK,190,1338,0.0,0.0,CYCLE_OK,0.29167,0.18057,0.2375,0.0,0.3333,0.3333,0.3333,interior
2026-09-07T21:06:45,1029,0.0,-1.0,1.0,1.0,0.0,-1.0,-1.0,1.0,0.0,194,254,194,223,254,223,0.0,0.0,0.0,0.0,0.0,0.0,3.0,-3.0,-1.0,ROCK,194,1342,0.0,0.0,CYCLE_OK,0.29167,0.18057,0.2375,0.0,0.3333,0.3333,0.3333,interior
2026-09-07T21:07:55,1030,0.0,-1.0,1.0,1.0,0.0,-1.0,-1.0,1.0,0.0,200,258,200,213,258,213,0.0,0.0,0.0,0.0,0.0,0.0,3.0,-3.0,-1.0,ROCK,200,1342,0.0,0.0,CYCLE_OK,0.29167,0.18057,0.2375,0.0,0.3333,0.3333,0.3333,interior
2026-09-07T21:09:26,1031,0.0,-1.0,1.0,1.0,0.0,-1.0,-1.0,1.0,0.0,214,229,214,229,229,229,0.0,0.0,0.0,0.0,0.0,0.0,3.0,-3.0,-1.0,ROCK,214,1344,0.0,0.0,CYCLE_OK,0.31667,0.19711,0.2625,0.0,0.3333,0.3333,0.3333,interior
2026-09-07T21:10:55,1032,0.0,-1.0,1.0,1.0,0.0,-1.0,-1.0,1.0,0.0,224,220,224,229,220,229,0.0,0.0,0.0,0.0,0.0,0.0,3.0,-3.0,-1.0,ROCK,220,1346,0.0,0.0,CYCLE_OK,0.34167,0.21384,0.2875,0.0,0.3333,0.3333,0.3333,interior
2026-09-07T21:14:04,1033,0.0,-1.0,1.0,1.0,0.0,-1.0,-1.0,1.0,0.0,208,205,208,255,205,255,0.0,0.0,0.0,0.0,0.0,0.0,3.0,-3.0,-1.0,ROCK,205,1336,0.0,0.0,CYCLE_OK,0.36667,0.2273,0.3,0.0,0.3333,0.3333,0.3333,interior
2026-09-07T21:15:10,1034,0.0,-1.0,1.0,1.0,0.0,-1.0,-1.0,1.0,0.0,197,204,197,265,204,265,0.0,0.0,0.0,0.0,0.0,0.0,3.0,-3.0,-1.0,ROCK,197,1332,0.0,0.0,CYCLE_OK,0.36667,0.2273,0.3,0.0,0.3333,0.3333,0.3333,interior
2026-09-07T21:17:20,1035,0.0,-1.0,1.0,1.0,0.0,-1.0,-1.0,1.0,0.0,203,208,203,255,208,255,0.0,0.0,0.0,0.0,0.0,0.0,3.0,-3.0,-1.0,ROCK,203,1332,0.0,0.0,CYCLE_OK,0.36667,0.2273,0.3,0.0,0.3333,0.3333,0.3333,interior
2026-09-07T21:18:39,1036,0.0,-1.0,1.0,1.0,0.0,-1.0,-1.0,1.0,0.0,215,219,215,232,219,232,0.0,0.0,0.0,0.0,0.0,0.0,3.0,-3.0,-1.0,ROCK,215,1332,0.0,0.0,CYCLE_OK,0.34167,0.2109,0.275,0.0,0.3333,0.3333,0.3333,interior
2026-09-07T21:19:30,1037,0.0,-1.0,1.0,1.0,0.0,-1.0,-1.0,1.0,0.0,224,224,224,218,224,218,0.0,0.0,0.0,0.0,0.0,0.0,3.0,-3.0,-1.0,ROCK,218,1332,0.0,0.0,CYCLE_OK,0.31667,0.19472,0.25,0.0,0.3333,0.3333,0.3333,interior
2026-09-07T21:23:06,1038,0.0,-1.0,1.0,1.0,0.0,-1.0,-1.0,1.0,0.0,217,248,217,200,248,200,0.0,0.0,0.0,0.0,0.0,0.0,3.0,-3.0,-1.0,ROCK,200,1330,0.0,0.0,CYCLE_OK,0.31667,0.19392,0.2375,0.0,0.3333,0.3333,0.3333,interior
2026-09-07T21:24:52,1039,0.0,-1.0,1.0,1.0,0.0,-1.0,-1.0,1.0,0.0,198,232,198,234,232,234,0.0,0.0,0.0,0.0,0.0,0.0,3.0,-3.0,-1.0,ROCK,198,1328,0.0,0.0,CYCLE_OK,0.31667,0.19392,0.2375,0.0,0.3333,0.3333,0.3333,interior
2026-09-07T21:27:05,1040,0.0,-1.0,1.0,1.0,0.0,-1.0,-1.0,1.0,0.0,218,240,218,208,240,208,0.0,0.0,0.0,0.0,0.0,0.0,3.0,-3.0,-1.0,ROCK,208,1332,0.0,0.0,CYCLE_OK,0.29167,0.17883,0.2125,0.0,0.3333,0.3333,0.3333,interior
2026-09-07T21:29:21,1041,0.0,-1.0,1.0,1.0,0.0,-1.0,-1.0,1.0,0.0,222,224,222,222,224,222,0.0,0.0,0.0,0.0,0.0,0.0,3.0,-3.0,-1.0,ROCK,222,1336,0.0,0.0,CYCLE_OK,0.29167,0.17883,0.2125,0.0,0.3333,0.3333,0.3333,interior
2026-09-07T21:30:51,1042,0.0,-1.0,1.0,1.0,0.0,-1.0,-1.0,1.0,0.0,261,188,261,222,188,222,0.0,0.0,0.0,0.0,0.0,0.0,3.0,-3.0,-1.0,ROCK,188,1342,0.0,0.0,CYCLE_OK,0.26667,0.1633,0.2,0.0,0.3333,0.3333,0.3333,interior
2026-09-07T21:32:55,1043,0.0,-1.0,1.0,1.0,0.0,-1.0,-1.0,1.0,0.0,262,191,262,219,191,219,0.0,0.0,0.0,0.0,0.0,0.0,3.0,-3.0,-1.0,ROCK,191,1344,0.0,0.0,CYCLE_OK,0.26667,0.1633,0.2,0.0,0.3333,0.3333,0.3333,interior
2026-09-07T21:34:06,1044,0.0,-1.0,1.0,1.0,0.0,-1.0,-1.0,1.0,0.0,238,185,238,248,185,248,0.0,0.0,0.0,0.0,0.0,0.0,3.0,-3.0,-1.0,ROCK,185,1342,0.0,0.0,CYCLE_OK,0.26667,0.16425,0.2125,0.0,0.3333,0.3333,0.3333,interior
2026-09-07T21:35:22,1045,0.0,-1.0,1.0,1.0,0.0,-1.0,-1.0,1.0,0.0,236,165,236,270,165,270,0.0,0.0,0.0,0.0,0.0,0.0,3.0,-3.0,-1.0,ROCK,165,1342,0.0,0.0,CYCLE_OK,0.26667,0.16708,0.225,0.0,0.3333,0.3333,0.3333,interior
2026-09-07T21:37:38,1046,0.0,-1.0,1.0,1.0,0.0,-1.0,-1.0,1.0,0.0,221,169,221,278,169,278,0.0,0.0,0.0,0.0,0.0,0.0,3.0,-3.0,-1.0,ROCK,169,1336,0.0,0.0,CYCLE_OK,0.26667,0.16708,0.225,0.0,0.3333,0.3333,0.3333,interior
2026-09-07T21:40:40,1047,0.0,-1.0,1.0,1.0,0.0,-1.0,-1.0,1.0,0.0,215,171,215,281,171,281,0.0,0.0,0.0,0.0,0.0,0.0,3.0,-3.0,-1.0,ROCK,171,1334,0.0,0.0,CYCLE_OK,0.26667,0.17169,0.2375,0.0,0.3333,0.3333,0.3333,interior
2026-09-07T21:43:10,1048,0.0,-1.0,1.0,1.0,0.0,-1.0,-1.0,1.0,0.0,230,179,230,262,179,262,0.0,0.0,0.0,0.0,0.0,0.0,3.0,-3.0,-1.0,ROCK,179,1342,0.0,0.0,CYCLE_OK,0.26667,0.17169,0.2375,0.0,0.3333,0.3333,0.3333,interior
2026-09-07T21:46:27,1049,0.0,-1.0,1.0,1.0,0.0,-1.0,-1.0,1.0,0.0,206,203,206,260,203,260,0.0,0.0,0.0,0.0,0.0,0.0,3.0,-3.0,-1.0,ROCK,203,1338,0.0,0.0,CYCLE_OK,0.26667,0.16708,0.225,0.0,0.3333,0.3333,0.3333,interior
2026-09-07T21:48:01,1050,0.0,-1.0,1.0,1.0,0.0,-1.0,-1.0,1.0,0.0,218,195,218,258,195,258,0.0,0.0,0.0,0.0,0.0,0.0,3.0,-3.0,-1.0,ROCK,195,1342,0.0,0.0,CYCLE_OK,0.26667,0.16708,0.225,0.0,0.3333,0.3333,0.3333,interior
2026-09-07T21:49:27,1051,0.0,-1.0,1.0,1.0,0.0,-1.0,-1.0,1.0,0.0,193,218,193,258,218,258,0.0,0.0,0.0,0.0,0.0,0.0,3.0,-3.0,-1.0,ROCK,193,1338,0.0,0.0,CYCLE_OK,0.26667,0.16425,0.2125,0.0,0.3333,0.3333,0.3333,interior
2026-09-07T21:51:37,1052,0.0,-1.0,1.0,1.0,0.0,-1.0,-1.0,1.0,0.0,217,247,217,207,247,207,0.0,0.0,0.0,0.0,0.0,0.0,3.0,-3.0,-1.0,ROCK,207,1342,0.0,0.0,CYCLE_OK,0.26667,0.16425,0.2125,0.0,0.3333,0.3333,0.3333,interior
2026-09-07T21:53:31,1053,0.0,-1.0,1.0,1.0,0.0,-1.0,-1.0,1.0,0.0,239,235,239,199,235,199,0.0,0.0,0.0,0.0,0.0,0.0,3.0,-3.0,-1.0,ROCK,199,1346,0.0,0.0,CYCLE_OK,0.24167,0.15035,0.2,0.0,0.3333,0.3333,0.3333,interior
2026-09-07T21:55:47,1054,0.0,-1.0,1.0,1.0,0.0,-1.0,-1.0,1.0,0.0,242,234,242,196,234,196,0.0,0.0,0.0,0.0,0.0,0.0,3.0,-3.0,-1.0,ROCK,196,1344,0.0,0.0,CYCLE_OK,0.26667,0.16425,0.2125,0.0,0.3333,0.3333,0.3333,interior
2026-09-07T21:57:02,1055,0.0,-1.0,1.0,1.0,0.0,-1.0,-1.0,1.0,0.0,229,233,229,209,233,209,0.0,0.0,0.0,0.0,0.0,0.0,3.0,-3.0,-1.0,ROCK,209,1342,0.0,0.0,CYCLE_OK,0.26667,0.16425,0.2125,0.0,0.3333,0.3333,0.3333,interior
2026-09-07T21:58:10,1056,0.0,-1.0,1.0,1.0,0.0,-1.0,-1.0,1.0,0.0,252,209,252,211,209,211,0.0,0.0,0.0,0.0,0.0,0.0,3.0,-3.0,-1.0,ROCK,209,1344,0.0,0.0,CYCLE_OK,0.29167,0.18057,0.2375,0.0,0.3333,0.3333,0.3333,interior
2026-09-07T22:00:17,1057,0.0,-1.0,1.0,1.0,0.0,-1.0,-1.0,1.0,0.0,200,236,200,231,236,231,0.0,0.0,0.0,0.0,0.0,0.0,3.0,-3.0,-1.0,ROCK,200,1334,0.0,0.0,CYCLE_OK,0.29167,0.17883,0.225,0.0,0.3333,0.3333,0.3333,interior
2026-09-07T22:01:42,1058,0.0,-1.0,1.0,1.0,0.0,-1.0,-1.0,1.0,0.0,198,236,198,234,236,234,0.0,0.0,0.0,0.0,0.0,0.0,3.0,-3.0,-1.0,ROCK,198,1336,0.0,0.0,CYCLE_OK,0.29167,0.17883,0.225,0.0,0.3333,0.3333,0.3333,interior
2026-09-07T22:02:24,1059,0.0,-1.0,1.0,1.0,0.0,-1.0,-1.0,1.0,0.0,183,229,183,255,229,255,0.0,0.0,0.0,0.0,0.0,0.0,3.0,-3.0,-1.0,ROCK,183,1334,0.0,0.0,CYCLE_OK,0.29167,0.18057,0.2375,0.0,0.3333,0.3333,0.3333,interior
2026-09-07T22:05:04,1060,0.0,-1.0,1.0,1.0,0.0,-1.0,-1.0,1.0,0.0,192,225,192,249,225,249,0.0,0.0,0.0,0.0,0.0,0.0,3.0,-3.0,-1.0,ROCK,192,1332,0.0,0.0,CYCLE_OK,0.29167,0.184,0.25,0.0,0.3333,0.3333,0.3333,interior
2026-09-07T22:07:09,1061,0.0,-1.0,1.0,1.0,0.0,-1.0,-1.0,1.0,0.0,208,203,208,256,203,256,0.0,0.0,0.0,0.0,0.0,0.0,3.0,-3.0,-1.0,ROCK,203,1334,0.0,0.0,CYCLE_OK,0.29167,0.184,0.25,0.0,0.3333,0.3333,0.3333,interior
2026-09-07T22:09:33,1062,0.0,-1.0,1.0,1.0,0.0,-1.0,-1.0,1.0,0.0,224,181,224,262,181,262,0.0,0.0,0.0,0.0,0.0,0.0,3.0,-3.0,-1.0,ROCK,181,1334,0.0,0.0,CYCLE_OK,0.29167,0.184,0.25,0.0,0.3333,0.3333,0.3333,interior
2026-09-07T22:10:55,1063,0.0,-1.0,1.0,1.0,0.0,-1.0,-1.0,1.0,0.0,204,198,204,266,198,266,0.0,0.0,0.0,0.0,0.0,0.0,3.0,-3.0,-1.0,ROCK,198,1336,0.0,0.0,CYCLE_OK,0.29167,0.184,0.25,0.0,0.3333,0.3333,0.3333,interior
2026-09-07T22:13:17,1064,0.0,-1.0,1.0,1.0,0.0,-1.0,-1.0,1.0,0.0,204,203,204,262,203,262,0.0,0.0,0.0,0.0,0.0,0.0,3.0,-3.0,-1.0,ROCK,203,1338,0.0,0.0,CYCLE_OK,0.29167,0.18902,0.2625,0.0,0.3333,0.3333,0.3333,interior
2026-09-07T22:17:58,1065,0.0,-1.0,1.0,1.0,0.0,-1.0,-1.0,1.0,0.0,204,236,204,224,236,224,0.0,0.0,0.0,0.0,0.0,0.0,3.0,-3.0,-1.0,ROCK,204,1328,0.0,0.0,CYCLE_OK,0.29167,0.18902,0.2625,0.0,0.3333,0.3333,0.3333,interior
2026-09-07T22:19:36,1066,0.0,-1.0,1.0,1.0,0.0,-1.0,-1.0,1.0,0.0,207,234,207,224,234,224,0.0,0.0,0.0,0.0,0.0,0.0,3.0,-3.0,-1.0,ROCK,207,1330,0.0,0.0,CYCLE_OK,0.29167,0.18902,0.2625,0.0,0.3333,0.3333,0.3333,interior
2026-09-07T22:21:54,1067,0.0,-1.0,1.0,1.0,0.0,-1.0,-1.0,1.0,0.0,201,231,201,233,231,233,0.0,0.0,0.0,0.0,0.0,0.0,3.0,-3.0,-1.0,ROCK,201,1330,0.0,0.0,CYCLE_OK,0.29167,0.19552,0.275,0.0,0.3333,0.3333,0.3333,interior
2026-09-07T22:24:00,1068,0.0,-1.0,1.0,1.0,0.0,-1.0,-1.0,1.0,0.0,223,222,223,224,222,224,0.0,0.0,0.0,0.0,0.0,0.0,3.0,-3.0,-1.0,ROCK,222,1338,0.0,0.0,CYCLE_OK,0.29167,0.19552,0.275,0.0,0.3333,0.3333,0.3333,interior
2026-09-07T22:24:59,1069,0.0,-1.0,1.0,1.0,0.0,-1.0,-1.0,1.0,0.0,217,223,217,230,223,230,0.0,0.0,0.0,0.0,0.0,0.0,3.0,-3.0,-1.0,ROCK,217,1340,0.0,0.0,CYCLE_OK,0.29167,0.19552,0.275,0.0,0.3333,0.3333,0.3333,interior
2026-09-07T22:27:21,1070,0.0,-1.0,1.0,1.0,0.0,-1.0,-1.0,1.0,0.0,239,191,239,238,191,238,0.0,0.0,0.0,0.0,0.0,0.0,3.0,-3.0,-1.0,ROCK,191,1336,0.0,0.0,CYCLE_OK,0.29167,0.20336,0.2875,0.0,0.3333,0.3333,0.3333,interior
2026-09-07T22:28:32,1071,0.0,-1.0,1.0,1.0,0.0,-1.0,-1.0,1.0,0.0,264,184,264,221,184,221,0.0,0.0,0.0,0.0,0.0,0.0,3.0,-3.0,-1.0,ROCK,184,1338,0.0,0.0,CYCLE_OK,0.26667,0.18569,0.2625,0.0,0.3333,0.3333,0.3333,interior
2026-09-07T22:29:37,1072,0.0,-1.0,1.0,1.0,0.0,-1.0,-1.0,1.0,0.0,265,171,265,234,171,234,0.0,0.0,0.0,0.0,0.0,0.0,3.0,-3.0,-1.0,ROCK,171,1340,0.0,0.0,CYCLE_OK,0.29167,0.20336,0.2875,0.0,0.3333,0.3333,0.3333,interior
2026-09-07T22:31:59,1073,0.0,-1.0,1.0,1.0,0.0,-1.0,-1.0,1.0,0.0,220,214,220,234,214,234,0.0,0.0,0.0,0.0,0.0,0.0,3.0,-3.0,-1.0,ROCK,214,1336,0.0,0.0,CYCLE_OK,0.29167,0.19552,0.275,0.0,0.3333,0.3333,0.3333,interior
2026-09-07T22:34:59,1074,0.0,-1.0,1.0,1.0,0.0,-1.0,-1.0,1.0,0.0,204,231,204,231,231,231,0.0,0.0,0.0,0.0,0.0,0.0,3.0,-3.0,-1.0,ROCK,204,1332,0.0,0.0,CYCLE_OK,0.29167,0.18902,0.2625,0.0,0.3333,0.3333,0.3333,interior
