gameid,winner,teamSize,R_BAIT_TURN,R_BOUNCE_JUKE,R_CHOKE_PINCH,R_CLEAR_SPLIT,R_CLOSE_QUARTERS,R_CONTESTED_SPLIT,R_DELAY_FEAST,R_DENSITY_RAID,R_ESCORT_RING,R_ETA_STRIKE,R_FEAR_RIDGE,R_FORT_KITE,R_GATE_CAMP,R_GIVE_GROUND,R_HOLD_COVER,R_LAST_MAN_RUN,R_LAST_MEAL_STALL,R_LAST_PREY_CARE,R_LAST_STAND,R_NASH_HOLD,R_OPEN_KITE,R_ORBIT_KITE,R_PACK_HUNT,R_PRESSURE_BREAK,R_REGROUP_MASS,R_ROLE_SWEEP,R_SCATTER_RAID,R_SCREEN_HUNT,R_SHADOW_PREY,R_SURVIVE_FEAR,R_WALL_POUNCE,R_switches,P_BAIT_TURN,P_BOUNCE_JUKE,P_CHOKE_PINCH,P_CLEAR_SPLIT,P_CLOSE_QUARTERS,P_CONTESTED_SPLIT,P_DELAY_FEAST,P_DENSITY_RAID,P_ESCORT_RING,P_ETA_STRIKE,P_FEAR_RIDGE,P_FORT_KITE,P_GATE_CAMP,P_GIVE_GROUND,P_HOLD_COVER,P_LAST_MAN_RUN,P_LAST_MEAL_STALL,P_LAST_PREY_CARE,P_LAST_STAND,P_NASH_HOLD,P_OPEN_KITE,P_ORBIT_KITE,P_PACK_HUNT,P_PRESSURE_BREAK,P_REGROUP_MASS,P_ROLE_SWEEP,P_SCATTER_RAID,P_SCREEN_HUNT,P_SHADOW_PREY,P_SURVIVE_FEAR,P_WALL_POUNCE,P_switches,S_BAIT_TURN,S_BOUNCE_JUKE,S_CHOKE_PINCH,S_CLEAR_SPLIT,S_CLOSE_QUARTERS,S_CONTESTED_SPLIT,S_DELAY_FEAST,S_DENSITY_RAID,S_ESCORT_RING,S_ETA_STRIKE,S_FEAR_RIDGE,S_FORT_KITE,S_GATE_CAMP,S_GIVE_GROUND,S_HOLD_COVER,S_LAST_MAN_RUN,S_LAST_MEAL_STALL,S_LAST_PREY_CARE,S_LAST_STAND,S_NASH_HOLD,S_OPEN_KITE,S_ORBIT_KITE,S_PACK_HUNT,S_PRESSURE_BREAK,S_REGROUP_MASS,S_ROLE_SWEEP,S_SCATTER_RAID,S_SCREEN_HUNT,S_SHADOW_PREY,S_SURVIVE_FEAR,S_WALL_POUNCE,S_switches,
8a4f3e6c-ed4c-4476-ac35-e3f5f82a303f,SCISSORS,8,0,0,0,0,0,0,0,0,0,0,0,0,0,0,0,0,0,0,0,0,0,0,78,28,0,0,0,0,0,0,243,0,0,0,0,0,0,0,0,0,0,0,145,0,0,0,0,0,0,0,0,0,0,0,0,0,0,0,0,0,0,131,149,0,0,0,52,17,0,0,0,0,0,0,0,0,0,0,0,0,0,0,0,0,0,178,0,0,0,0,0,0,0,0,158,0,"['0', '0', '0', '0', '0', '0', '0', '0', '0', '0', '0', '0', '146', '45', '0', '0', '0', '0', '0', '0', '0', '0', '0', '0', '0', '0', '0', '0', '0', '0', '0', '0', '197']"
b3bf160f-26c1-489f-84f6-b349e7ee3ce8,ROCK,13,0,0,0,0,0,0,0,0,0,0,0,0,0,0,0,0,0,0,0,0,0,0,144,115,0,0,0,0,0,0,292,35,0,0,0,0,0,0,0,0,0,0,158,0,0,0,0,0,0,0,0,0,0,0,145,0,0,0,0,0,0,114,237,0,21,0,69,0,0,0,0,0,0,0,0,0,0,0,0,0,0,0,0,0,0,189,0,0,0,0,0,0,0,0,217,0,"['0', '0', '0', '0', '0', '0', '0', '0', '0', '0', '0', '45', '201', '123', '0', '0', '0', '0', '0', '0', '0', '0', '0', '0', '0', '0', '0', '0', '0', '0', '0', '0', '210']"
bb49954b-ccec-4a2f-9751-5a939097dad3,ROCK,10,0,0,0,0,0,0,0,0,0,0,0,0,0,0,0,0,0,0,0,0,0,0,0,0,0,0,0,0,0,0,300,0,0,0,0,0,0,0,0,0,0,0,158,0,0,0,0,0,0,0,0,0,0,0,67,0,0,0,0,0,0,129,104,0,0,0,0,0,0,0,0,0,0,0,0,0,0,0,0,0,0,0,0,0,0,193,0,0,0,0,0,0,0,0,98,0,"['0', '0', '0', '0', '0', '0', '0', '0', '0', '0', '0', '0', '167', '35', '0', '0', '0', '0', '0', '0', '0', '0', '0', '0', '0', '0', '0', '0', '0', '0', '0', '0', '217']"
277c8607-3fc7-4af5-92cc-cdda219616fe,ROCK,9,0,0,0,0,0,0,0,0,0,0,0,0,0,0,0,0,0,0,0,0,0,0,52,50,0,0,0,0,0,0,444,29,0,0,0,0,0,0,0,0,0,0,167,0,0,0,0,0,0,0,0,0,0,0,0,0,0,0,0,0,0,298,131,0,0,0,25,121,0,0,0,0,0,0,0,0,0,0,0,0,0,0,0,0,0,202,0,0,0,0,0,0,0,0,132,0,"['0', '0', '0', '0', '0', '0', '0', '0', '0', '0', '0', '0', '226', '217', '0', '0', '0', '0', '0', '0', '0', '0', '0', '0', '0', '0', '0', '0', '0', '0', '0', '0', '229']"
947aba4c-6175-48eb-8d2c-152d16a11e2b,PAPER,19,0,0,0,0,0,0,0,0,0,0,0,0,0,0,0,0,0,0,0,0,291,0,150,97,0,0,0,0,0,0,452,0,0,0,0,0,0,0,0,0,0,0,182,0,0,0,0,0,0,0,0,0,0,0,0,0,0,0,0,0,0,196,443,0,102,0,157,92,0,0,0,0,0,0,0,0,0,0,0,0,0,0,0,0,0,221,0,0,0,0,0,0,0,0,226,0,"['0', '0', '0', '0', '0', '0', '0', '0', '0', '0', '0', '0', '507', '257', '0', '0', '0', '0', '0', '0', '0', '0', '0', '0', '0', '0', '0', '0', '0', '0', '0', '0', '243']"
2e461766-7e6a-41e0-af25-64ebec286eed,ROCK,7,0,0,0,0,0,0,0,0,0,0,0,0,0,0,0,0,0,0,0,0,76,0,51,9,0,0,0,0,0,0,360,38,0,0,0,0,0,0,0,0,0,0,190,0,0,0,0,0,0,0,0,0,0,0,0,0,0,0,0,0,0,261,273,0,0,0,0,0,0,0,0,0,0,0,0,0,0,0,0,0,0,0,0,0,0,228,0,0,0,0,0,0,0,0,128,0,"['0', '0', '0', '0', '0', '0', '0', '0', '0', '0', '0', '0', '386', '20', '0', '0', '0', '0', '0', '0', '0', '0', '0', '0', '0', '0', '0', '0', '0', '0', '0', '0', '250']"
985fb0c8-4191-4dc1-8d74-24848dbdc98b,ROCK,18,0,0,0,0,0,0,0,0,0,0,0,0,0,0,0,0,0,0,0,0,0,0,8,0,0,0,0,0,0,0,249,75,0,0,0,0,0,0,0,0,0,0,193,0,0,0,0,0,0,0,0,0,0,0,0,0,0,0,0,0,0,75,91,0,36,0,115,15,0,0,0,0,0,0,0,0,0,0,0,0,0,0,0,0,0,233,0,0,0,0,0,0,0,0,74,0,"['0', '0', '0', '0', '0', '0', '0', '0', '0', '0', '0', '0', '200', '58', '0', '0', '0', '0', '0', '0', '0', '0', '0', '0', '0', '0', '0', '0', '0', '0', '0', '0', '256']"
414eff4c-a593-4ab9-813c-d610a87f118a,PAPER,16,0,0,0,0,0,0,0,0,0,0,0,0,0,0,0,0,0,0,0,0,35,0,66,18,0,0,0,0,0,0,201,0,0,0,0,0,0,0,0,0,0,0,196,0,0,0,0,0,0,0,0,0,0,0,0,0,0,0,0,0,0,56,188,0,0,0,76,0,0,0,0,0,0,0,0,0,0,0,0,0,0,0,0,0,0,236,0,0,0,0,0,0,0,0,111,0,"['0', '0', '0', '0', '0', '0', '0', '0', '0', '0', '0', '109', '78', '22', '0', '0', '0', '0', '0', '0', '0', '0', '0', '0', '0', '0', '0', '0', '0', '0', '0', '0', '260']"
adb0390a-2f5b-43d6-9dd2-0ac7d7d6ac5f,ROCK,20,0,0,0,0,0,0,0,0,0,0,0,0,0,0,0,0,0,0,0,0,76,0,37,84,0,0,0,0,0,0,296,33,0,0,0,0,0,0,0,0,0,0,205,0,0,0,0,0,0,0,0,0,0,0,0,0,0,0,0,0,0,132,314,0,39,0,0,41,0,0,0,0,0,0,0,0,0,0,0,0,0,0,0,0,0,243,0,0,0,0,0,0,0,0,103,0,"['0', '0', '0', '0', '0', '0', '0', '0', '0', '0', '0', '141', '158', '124', '0', '0', '0', '0', '0', '0', '0', '0', '0', '0', '0', '0', '0', '0', '0', '0', '0', '0', '271']"
dd59001c-ac15-4489-b4b4-91ec6b44fdd2,ROCK,14,0,0,0,0,0,0,0,0,0,0,0,0,0,0,0,0,0,0,0,0,0,0,61,23,0,0,0,0,0,0,295,59,0,0,0,0,0,0,0,0,0,0,213,0,0,0,0,0,0,0,0,0,0,0,0,0,0,0,0,0,0,180,158,0,0,0,100,0,0,0,0,0,0,0,0,0,0,0,0,0,0,0,0,0,0,251,0,0,0,0,0,0,0,0,123,0,"['0', '0', '0', '0', '0', '0', '0', '0', '0', '0', '0', '0', '303', '12', '0', '0', '0', '0', '0', '0', '0', '0', '0', '0', '0', '0', '0', '0', '0', '0', '0', '0', '282']"
1d9e5229-dee9-4fec-a52c-bc773ec89b85,PAPER,16,0,0,0,0,0,0,0,0,0,0,0,0,0,0,0,0,0,0,0,0,40,0,216,103,0,0,0,0,0,0,583,0,0,0,0,0,0,0,0,0,0,0,229,0,0,0,0,0,0,0,0,0,0,0,0,0,0,0,0,0,0,312,428,0,64,0,138,0,0,0,0,0,0,0,0,0,0,0,0,0,0,0,0,0,0,266,0,0,0,0,0,0,0,0,205,0,"['0', '0', '0', '0', '0', '0', '0', '0', '0', '0', '0', '34', '544', '159', '0', '0', '0', '0', '0', '0', '0', '0', '0', '0', '0', '0', '0', '0', '0', '0', '0', '0', '303']"
adbb0fde-27c3-4ce6-a552-daed65b2a802,ROCK,12,0,0,0,0,0,0,0,0,0,0,0,0,0,0,0,0,0,0,0,0,75,0,19,48,0,0,0,0,0,0,322,37,0,0,0,0,0,0,0,0,0,0,236,0,0,0,0,0,0,0,0,0,0,0,0,0,0,0,0,0,0,225,276,0,0,0,0,0,0,0,0,0,0,0,0,0,0,0,0,0,0,0,0,0,0,271,0,0,0,0,0,0,0,0,122,0,"['0', '0', '0', '0', '0', '0', '0', '0', '0', '0', '0', '51', '245', '83', '0', '0', '0', '0', '0', '0', '0', '0', '0', '0', '0', '0', '0', '0', '0', '0', '0', '0', '312']"
1d24a07f-3e95-4a20-88b7-db42d2cb4c39,ROCK,5,0,0,0,0,0,0,0,0,0,0,0,0,0,0,0,0,0,0,0,0,0,0,69,110,0,0,0,0,0,0,409,0,0,0,0,0,0,0,0,0,0,0,245,0,0,0,0,0,0,0,0,0,0,0,0,0,0,0,0,0,0,231,260,39,0,0,0,58,0,0,0,0,0,0,0,0,0,0,0,0,0,0,0,0,0,281,0,0,0,0,0,0,0,0,123,0,"['0', '0', '0', '0', '0', '0', '0', '0', '0', '0', '0', '41', '325', '99', '0', '0', '0', '0', '0', '0', '0', '0', '0', '0', '0', '0', '0', '0', '0', '0', '0', '0', '322']"
4be7de3b-9c0e-479d-a989-7ecb1b431e1d,ROCK,19,0,0,0,0,0,0,0,0,0,0,0,0,0,0,0,0,0,0,0,0,0,0,0,0,0,0,0,0,0,0,244,37,0,0,0,0,0,0,0,0,0,0,247,0,0,0,0,0,0,0,0,0,0,0,0,0,0,0,0,0,0,41,90,81,0,0,0,69,0,0,0,0,0,0,0,0,0,0,0,0,0,0,0,0,0,285,0,0,0,0,0,0,0,0,91,0,"['0', '0', '0', '0', '0', '0', '0', '0', '0', '0', '0', '40', '107', '43', '0', '0', '0', '0', '0', '0', '0', '0', '0', '0', '0', '0', '0', '0', '0', '0', '0', '0', '330']"
9546bbdd-e946-44b6-8a35-a11d45e47462,PAPER,7,0,0,0,0,0,0,0,0,0,0,0,0,0,0,0,0,0,0,0,0,79,0,55,7,0,0,0,0,0,0,215,0,0,0,0,0,0,0,0,0,0,0,252,0,0,0,0,0,0,0,0,0,0,0,0,0,0,0,0,0,0,79,213,64,0,0,0,0,0,0,0,0,0,0,0,0,0,0,0,0,0,0,0,0,0,288,0,0,0,0,0,0,0,0,52,0,"['0', '0', '0', '0', '0', '0', '0', '0', '0', '0', '0', '63', '183', '58', '0', '0', '0', '0', '0', '0', '0', '0', '0', '0', '0', '0', '0', '0', '0', '0', '0', '0', '335']"
d4fbce74-4747-44eb-b37e-9c137d0bc349,ROCK,15,0,0,0,0,0,0,0,0,0,0,0,0,0,0,0,0,0,0,0,0,68,0,23,80,0,0,0,0,0,0,372,24,0,0,0,0,0,0,0,0,0,0,262,0,0,0,0,0,0,0,0,0,0,0,0,0,0,0,0,0,0,194,303,0,0,0,0,70,0,0,0,0,0,0,0,0,0,0,0,0,0,0,0,0,0,295,0,0,0,0,0,0,0,0,85,0,"['0', '0', '0', '0', '0', '0', '0', '0', '0', '0', '0', '0', '373', '109', '0', '0', '0', '0', '0', '0', '0', '0', '0', '0', '0', '0', '0', '0', '0', '0', '0', '0', '347']"
7326788a-ad47-4fc1-800c-d9947fafc9d1,SCISSORS,5,0,0,0,0,0,0,0,0,0,0,0,0,0,0,0,0,0,0,0,0,0,0,83,26,0,0,0,0,0,0,280,0,0,0,0,0,0,0,0,0,0,0,264,0,0,0,0,0,0,0,0,0,0,0,0,0,57,0,0,0,0,93,145,0,0,0,22,72,0,0,0,0,0,0,0,0,0,0,0,0,0,0,0,0,0,302,0,0,0,0,0,0,0,0,182,0,"['0', '0', '0', '0', '0', '0', '0', '0', '0', '0', '0', '0', '191', '16', '0', '0', '0', '0', '0', '0', '0', '0', '0', '0', '0', '0', '0', '0', '0', '0', '0', '0', '355']"
a91ba1fc-9720-42c7-a92e-3dbde20fc4f5,PAPER,16,0,0,0,0,0,0,0,0,0,0,0,0,0,0,0,0,0,0,0,0,0,0,166,210,0,0,0,0,0,0,208,0,0,0,0,0,0,0,0,0,0,0,272,0,0,0,0,0,0,0,0,0,0,0,36,0,79,0,0,0,0,38,304,79,0,0,23,25,0,0,0,0,0,0,0,0,0,0,0,0,0,0,0,0,0,313,0,0,0,0,0,0,0,0,137,0,"['0', '0', '0', '0', '0', '0', '0', '0', '0', '0', '0', '114', '180', '153', '0', '0', '0', '0', '0', '0', '0', '0', '0', '0', '0', '0', '0', '0', '0', '0', '0', '0', '365']"
a5cebd8c-d1b8-4019-97a5-9a8240e75e04,ROCK,9,0,0,0,0,0,0,0,0,0,0,0,0,0,0,0,0,0,0,0,0,0,0,71,28,0,0,0,0,0,0,133,25,0,0,0,0,0,0,0,0,0,0,278,0,0,0,0,0,0,0,0,0,0,0,0,0,0,0,0,0,0,110,132,0,0,0,0,15,0,0,0,0,0,0,0,0,0,0,0,0,0,0,0,0,0,317,0,0,0,0,0,0,0,0,59,0,"['0', '0', '0', '0', '0', '0', '0', '0', '0', '0', '0', '66', '84', '48', '0', '0', '0', '0', '0', '0', '0', '0', '0', '0', '0', '0', '0', '0', '0', '0', '0', '0', '371']"
c6e93ca6-7ec9-4487-bfb9-afffdc81db0b,ROCK,20,0,0,0,0,0,0,0,0,0,0,0,0,0,0,0,0,0,0,0,0,0,0,0,0,0,0,0,0,0,0,233,28,0,0,0,0,0,0,0,0,0,0,280,0,0,0,0,0,0,0,0,0,0,0,0,0,0,0,0,0,0,194,67,0,0,0,0,0,0,0,0,0,0,0,0,0,0,0,0,0,0,0,0,0,0,319,0,0,0,0,0,0,0,0,98,0,"['0', '0', '0', '0', '0', '0', '0', '0', '0', '0', '0', '0', '144', '19', '0', '0', '0', '0', '0', '0', '0', '0', '0', '0', '0', '0', '0', '0', '0', '0', '0', '0', '376']"
1a696b37-85f4-4251-a524-72341508409f,ROCK,12,0,0,0,0,0,0,0,0,0,0,0,0,0,0,0,0,0,0,0,0,0,0,29,0,0,0,0,0,0,0,202,42,0,0,0,0,0,0,0,0,0,0,284,0,0,0,0,0,0,0,0,0,0,0,0,0,0,0,0,0,0,196,77,0,0,0,0,0,0,0,0,0,0,0,0,0,0,0,0,0,0,0,0,0,0,323,0,0,0,0,0,0,0,0,103,0,"['0', '0', '0', '0', '0', '0', '0', '0', '0', '0', '0', '28', '130', '12', '0', '0', '0', '0', '0', '0', '0', '0', '0', '0', '0', '0', '0', '0', '0', '0', '0', '0', '382']"
05ddfb18-c4a0-4aa0-bbb2-24dc6f8d748b,ROCK,8,0,0,0,0,0,0,0,0,0,0,0,0,0,0,0,0,0,0,0,0,0,0,45,113,0,0,0,0,0,0,396,38,0,0,0,0,0,0,0,0,0,0,294,0,0,0,0,0,0,0,0,0,0,0,0,0,0,0,0,0,0,234,200,64,0,0,0,94,0,0,0,0,0,0,0,0,0,0,0,0,0,0,0,0,0,334,0,0,0,0,0,0,0,0,77,0,"['0', '0', '0', '0', '0', '0', '0', '0', '0', '0', '0', '127', '284', '104', '0', '0', '0', '0', '0', '0', '0', '0', '0', '0', '0', '0', '0', '0', '0', '0', '0', '0', '394']"
80548791-b5d7-448e-a7bc-f57c7c662f4a,SCISSORS,12,0,0,0,0,0,0,0,0,0,0,0,0,0,0,0,0,0,0,0,0,0,0,31,192,0,0,0,0,0,0,319,0,0,0,0,0,0,0,0,0,0,0,298,0,0,0,0,0,0,0,0,0,0,0,0,0,0,0,0,0,0,77,179,37,0,0,57,123,0,0,0,0,0,0,0,0,0,0,0,0,0,0,0,69,0,347,0,0,0,0,0,0,0,0,189,0,"['0', '0', '0', '0', '0', '0', '0', '0', '0', '0', '0', '0', '222', '131', '0', '0', '0', '0', '0', '0', '0', '0', '0', '0', '0', '0', '0', '0', '0', '0', '0', '0', '405']"
dd9b8cb7-4db2-43df-9753-681f0c3ba5c5,ROCK,12,0,0,0,0,0,0,0,0,0,0,0,0,0,0,0,0,0,0,0,0,0,0,79,70,0,0,0,0,0,0,301,25,0,0,0,0,0,0,0,0,0,0,305,0,0,0,0,0,0,0,0,0,0,0,0,0,0,0,0,0,0,204,125,60,0,0,0,0,0,0,0,0,0,0,0,0,0,0,0,0,0,0,0,86,0,355,0,0,0,0,0,0,0,0,196,0,"['0', '0', '0', '0', '0', '0', '0', '0', '0', '0', '0', '0', '184', '95', '0', '0', '0', '0', '0', '0', '0', '0', '0', '0', '0', '0', '0', '0', '0', '0', '0', '0', '412']"
bcbe9b15-74b5-47c0-bc1e-d360e3b87fa0,ROCK,13,0,0,0,0,0,0,0,0,0,0,0,0,0,0,0,0,0,0,0,0,0,0,39,41,0,0,0,0,0,0,259,0,0,0,0,0,0,0,0,0,0,0,308,0,0,0,0,0,0,0,0,0,0,0,0,0,0,0,0,0,0,157,155,0,0,0,0,27,0,0,0,0,0,0,0,0,0,0,0,0,0,0,0,0,0,360,0,0,0,0,0,0,0,0,73,0,"['0', '0', '0', '0', '0', '0', '0', '0', '0', '0', '0', '36', '166', '64', '0', '0', '0', '0', '0', '0', '0', '0', '0', '0', '0', '0', '0', '0', '0', '0', '0', '0', '422']"
41753802-1a1b-4b11-bb02-c03dd5263a67,ROCK,9,0,0,0,0,0,0,0,0,0,0,0,0,0,0,0,0,0,0,0,0,0,0,10,59,0,0,0,0,0,0,264,0,0,0,0,0,0,0,0,0,0,0,311,0,0,0,0,0,0,0,0,0,0,0,0,0,0,0,0,0,0,167,151,0,0,0,0,15,0,0,0,0,0,0,0,0,0,0,0,0,0,0,0,0,0,365,0,0,0,0,0,0,0,0,95,0,"['0', '0', '0', '0', '0', '0', '0', '0', '0', '0', '0', '39', '142', '57', '0', '0', '0', '0', '0', '0', '0', '0', '0', '0', '0', '0', '0', '0', '0', '0', '0', '0', '429']"
d1f3b13b-9a51-44df-a47f-ff4e711a2868,ROCK,6,0,0,0,0,0,0,0,0,0,0,0,0,0,0,0,0,0,0,0,0,0,0,57,104,0,0,0,0,0,0,266,54,0,0,0,0,0,0,0,0,0,0,318,0,0,0,0,0,0,0,0,0,0,0,0,0,0,0,0,0,0,178,163,0,0,0,57,83,0,0,0,0,0,0,0,0,0,0,0,0,0,0,0,0,0,374,0,0,0,0,0,0,0,0,134,0,"['0', '0', '0', '0', '0', '0', '0', '0', '0', '0', '0', '0', '305', '42', '0', '0', '0', '0', '0', '0', '0', '0', '0', '0', '0', '0', '0', '0', '0', '0', '0', '0', '438']"
33c7fa18-299e-43bd-8273-1e39b27d177f,ROCK,15,0,0,0,0,0,0,0,0,0,0,0,0,0,0,0,0,0,0,0,0,0,0,18,52,0,0,0,0,0,0,226,23,0,0,0,0,0,0,0,0,0,0,323,0,0,0,0,0,0,0,0,0,0,0,0,0,0,0,0,0,0,26,88,103,0,0,0,102,0,0,0,0,0,0,0,0,0,0,0,0,0,0,0,0,0,380,0,0,0,0,0,0,0,0,54,0,"['0', '0', '0', '0', '0', '0', '0', '0', '0', '0', '0', '33', '122', '110', '0', '0', '0', '0', '0', '0', '0', '0', '0', '0', '0', '0', '0', '0', '0', '0', '0', '0', '445']"
6dc2ec8e-f295-4e7b-94fe-7f1134c00a3a,ROCK,14,0,0,0,0,0,0,0,0,0,0,0,0,0,0,0,0,0,0,0,0,0,0,46,26,0,0,0,0,0,0,231,31,0,0,0,0,0,0,0,0,0,0,328,0,0,0,0,0,0,0,0,0,0,0,0,0,0,0,0,0,0,140,84,89,0,0,21,0,0,0,0,0,0,0,0,0,0,0,0,0,0,0,0,0,0,385,0,0,0,0,0,0,0,0,128,0,"['0', '0', '0', '0', '0', '0', '0', '0', '0', '0', '0', '81', '114', '11', '0', '0', '0', '0', '0', '0', '0', '0', '0', '0', '0', '0', '0', '0', '0', '0', '0', '0', '452']"
6b825d15-912a-41dc-8f6c-e32b0bb9435a,PAPER,15,0,0,0,0,0,0,0,0,0,0,0,0,0,0,0,0,0,0,0,0,0,63,66,48,0,0,0,0,0,0,229,0,0,0,0,0,0,0,0,0,0,0,334,0,0,0,0,0,0,0,0,0,0,0,0,0,0,0,0,0,0,148,236,22,0,0,0,0,0,0,0,0,0,0,0,0,0,0,0,0,0,0,0,0,0,391,0,0,0,0,0,0,0,0,87,0,"['0', '0', '0', '0', '0', '0', '0', '0', '0', '0', '0', '107', '150', '62', '0', '0', '0', '0', '0', '0', '0', '0', '0', '0', '0', '0', '0', '0', '0', '0', '0', '0', '458']"
3bd09a97-a7eb-4e7f-8741-c3e477546b99,ROCK,12,0,0,0,0,0,0,0,0,0,0,0,0,0,0,0,0,0,0,0,0,0,67,14,33,0,0,0,0,0,0,142,23,0,0,0,0,0,0,0,0,0,0,339,0,0,0,0,0,0,0,0,0,0,0,0,0,0,0,0,0,0,107,172,0,0,0,0,0,0,0,0,0,0,0,0,0,0,0,0,0,0,0,0,0,0,394,0,0,0,0,0,0,0,0,90,0,"['0', '0', '0', '0', '0', '0', '0', '0', '0', '0', '0', '67', '82', '40', '0', '0', '0', '0', '0', '0', '0', '0', '0', '0', '0', '0', '0', '0', '0', '0', '0', '0', '464']"
a7520a54-0fb9-40ec-8bd3-33d10ffc4dc2,PAPER,12,0,0,0,0,0,0,0,0,0,0,0,0,0,0,0,0,0,0,0,0,45,0,20,19,0,0,0,0,0,0,109,62,0,0,0,0,0,0,0,0,0,0,343,0,0,0,0,0,0,0,0,0,0,0,0,0,0,0,0,0,0,116,139,0,0,0,0,0,0,0,0,0,0,0,0,0,0,0,0,0,0,0,0,0,0,397,0,0,0,0,0,0,0,0,67,0,"['0', '0', '0', '0', '0', '0', '0', '0', '0', '0', '0', '0', '188', '0', '0', '0', '0', '0', '0', '0', '0', '0', '0', '0', '0', '0', '0', '0', '0', '0', '0', '0', '468']"
45288d83-a27a-4449-98de-bb765fceae5a,ROCK,16,0,0,0,0,0,0,0,0,0,0,0,0,0,0,0,0,0,0,0,0,64,0,13,0,0,0,0,0,0,0,230,32,0,0,0,0,0,0,0,0,0,0,348,0,0,0,0,0,0,0,0,0,0,0,0,0,0,0,0,0,0,60,153,109,0,0,0,17,0,0,0,0,0,0,0,0,0,0,0,0,0,0,0,0,0,401,0,0,0,0,0,0,0,0,93,0,"['0', '0', '0', '0', '0', '0', '0', '0', '0', '0', '0', '0', '183', '63', '0', '0', '0', '0', '0', '0', '0', '0', '0', '0', '0', '0', '0', '0', '0', '0', '0', '0', '473']"
4b6f39d2-e912-454b-9ff7-63a49caa340c,ROCK,5,0,0,0,0,0,0,0,0,0,0,0,0,0,0,0,0,0,0,0,0,0,0,67,15,0,0,0,0,0,0,483,24,0,0,0,0,0,0,0,0,0,0,357,0,0,0,0,0,0,0,0,0,0,0,13,0,0,0,0,0,0,215,240,90,0,0,0,31,0,0,0,0,0,0,0,0,0,0,0,0,0,0,0,0,0,412,0,0,0,0,0,0,0,0,131,0,"['0', '0', '0', '0', '0', '0', '0', '0', '0', '0', '0', '0', '337', '121', '0', '0', '0', '0', '0', '0', '0', '0', '0', '0', '0', '0', '0', '0', '0', '0', '0', '0', '484']"
90b432d3-f819-480a-9b54-2d32793abbc4,ROCK,13,0,0,0,0,0,0,0,0,0,0,0,0,0,0,0,0,0,0,0,0,96,0,4,148,0,0,0,0,0,0,183,44,0,0,0,0,0,0,0,0,0,0,367,0,0,0,0,0,0,0,0,0,0,0,0,0,0,0,0,0,0,68,151,26,0,0,106,124,0,0,0,0,0,0,0,0,0,0,0,0,0,0,0,0,0,423,0,0,0,0,0,0,0,0,121,0,"['0', '0', '0', '0', '0', '0', '0', '0', '0', '0', '0', '54', '196', '104', '0', '0', '0', '0', '0', '0', '0', '0', '0', '0', '0', '0', '0', '0', '0', '0', '0', '0', '496']"
1445c8c9-b009-4bf9-97ab-1077fbf94e66,SCISSORS,8,0,0,0,0,0,0,0,0,0,0,0,0,0,0,0,0,0,0,0,0,0,0,0,132,0,0,0,0,0,0,177,0,0,0,0,0,0,0,0,0,0,0,368,0,0,0,0,0,0,0,0,0,0,0,0,0,0,0,0,0,0,39,92,0,0,0,14,81,0,0,0,0,0,0,0,0,0,0,0,0,0,0,0,83,0,428,0,0,0,0,0,0,0,0,162,0,"['0', '0', '0', '0', '0', '0', '0', '0', '0', '0', '0', '22', '125', '0', '0', '0', '0', '0', '0', '0', '0', '0', '0', '0', '0', '0', '0', '0', '0', '0', '0', '0', '500']"
66b14bbe-33fd-48f7-80eb-ce77a2d1646e,ROCK,12,0,0,0,0,0,0,0,0,0,0,0,0,0,0,0,0,0,0,0,0,79,0,16,184,0,0,0,0,0,0,582,0,0,0,3,0,0,0,0,0,0,0,379,0,0,0,0,0,0,0,0,0,0,0,0,0,0,0,0,0,0,163,272,198,0,0,73,85,0,0,0,0,0,0,0,0,0,0,0,0,0,0,0,73,0,443,0,0,0,0,0,0,0,0,239,0,"['0', '0', '0', '0', '0', '0', '0', '0', '0', '0', '0', '15', '264', '346', '0', '0', '0', '0', '0', '0', '0', '0', '0', '0', '0', '0', '0', '0', '0', '0', '0', '0', '520']"
818c8e1e-b17d-4d08-ba2c-9f108c32636c,PAPER,15,0,0,0,0,0,0,0,0,0,0,0,0,0,0,0,0,0,0,0,0,20,0,120,68,0,0,0,0,0,0,427,0,0,0,0,0,0,0,0,0,0,0,391,0,0,0,0,0,0,0,0,0,0,0,0,0,0,0,0,0,0,140,202,122,0,0,83,88,0,0,0,0,0,0,0,0,0,0,0,0,0,0,0,0,0,456,0,0,0,0,0,0,0,0,193,0,"['0', '0', '0', '0', '0', '0', '0', '0', '0', '0', '0', '0', '195', '247', '0', '0', '0', '0', '0', '0', '0', '0', '0', '0', '0', '0', '0', '0', '0', '0', '0', '0', '532']"
4b3e70ac-6c10-4a02-a270-5b7415ac16b2,SCISSORS,9,0,0,0,0,0,0,0,0,0,0,0,0,0,0,0,0,0,0,0,0,79,0,54,0,0,0,0,0,0,0,110,0,0,0,0,0,0,0,0,0,0,0,393,0,0,0,0,0,0,0,0,0,0,0,0,0,0,0,0,0,0,53,145,0,0,0,9,0,0,0,0,0,0,0,0,0,0,0,0,0,0,36,0,0,0,460,0,0,0,0,0,0,0,0,124,0,"['0', '0', '0', '0', '0', '0', '0', '0', '0', '0', '0', '0', '40', '79', '0', '0', '0', '0', '0', '0', '0', '0', '0', '0', '0', '0', '0', '0', '0', '0', '0', '0', '536']"
dafb731b-2d8c-40a7-a783-551e5409c3c3,PAPER,18,0,0,0,0,0,0,0,0,0,0,0,0,0,83,0,0,0,0,0,0,0,0,95,36,0,0,0,0,0,0,181,0,0,0,0,0,0,0,0,0,0,0,397,0,0,0,0,0,0,0,0,0,0,0,0,0,0,0,0,0,0,54,180,70,0,0,12,17,0,0,0,0,0,0,0,0,0,0,0,0,0,62,0,0,0,468,0,0,0,0,0,0,0,0,130,0,"['0', '0', '0', '0', '0', '0', '0', '0', '0', '0', '0', '0', '202', '63', '0', '0', '0', '0', '0', '0', '0', '0', '0', '0', '0', '0', '0', '0', '0', '0', '0', '0', '542']"
dfe1c9a7-383e-4384-83c6-72b8be227b98,PAPER,5,0,0,0,0,0,0,0,0,0,0,0,0,0,0,0,0,0,0,0,0,0,0,124,8,0,0,0,0,0,0,113,0,0,0,0,0,0,0,0,0,0,0,400,0,0,0,0,0,0,0,0,0,0,0,0,0,0,0,0,0,0,48,197,0,0,0,0,0,0,0,0,0,0,0,0,0,0,0,0,0,0,0,0,0,0,470,0,0,0,0,0,0,0,0,82,0,"['0', '0', '0', '0', '0', '0', '0', '0', '0', '0', '0', '0', '163', '0', '0', '0', '0', '0', '0', '0', '0', '0', '0', '0', '0', '0', '0', '0', '0', '0', '0', '0', '544']"
3a755e8c-2343-4233-9c5a-bc62fe6386a2,ROCK,9,0,0,0,0,0,0,0,0,0,0,0,0,0,0,0,0,0,0,0,0,0,0,101,58,0,0,0,0,0,0,174,34,0,0,0,0,0,0,0,0,0,0,407,0,0,0,0,0,0,0,0,0,0,0,0,0,0,0,0,0,0,50,197,60,0,0,18,42,0,0,0,0,0,0,0,0,0,0,0,0,0,0,0,0,0,475,0,0,0,0,0,0,0,0,67,0,"['0', '0', '0', '0', '0', '0', '0', '0', '0', '0', '0', '0', '214', '86', '0', '0', '0', '0', '0', '0', '0', '0', '0', '0', '0', '0', '0', '0', '0', '0', '0', '0', '552']"
b936198a-5db3-4200-841b-8dda9050e10d,ROCK,10,0,0,0,0,0,0,0,0,0,0,0,0,0,0,0,0,0,0,0,0,0,0,0,0,0,0,0,0,0,0,240,0,0,0,0,0,0,0,0,0,0,0,407,0,0,0,0,0,0,0,0,0,0,0,0,0,0,0,0,0,0,0,75,91,0,0,0,74,0,0,0,0,0,0,0,0,0,0,0,0,0,0,0,0,0,477,0,0,0,0,0,0,0,0,63,0,"['0', '0', '0', '0', '0', '0', '0', '0', '0', '0', '0', '0', '149', '28', '0', '0', '0', '0', '0', '0', '0', '0', '0', '0', '0', '0', '0', '0', '0', '0', '0', '0', '557']"
8325dffe-bd3a-4bbc-9396-823b1c02a49b,ROCK,16,0,0,0,0,0,0,0,0,0,0,0,0,0,0,0,0,0,0,0,0,0,43,73,81,0,0,0,0,0,0,296,63,0,0,0,0,0,0,0,0,0,0,417,0,0,0,0,0,0,0,0,0,0,0,0,0,0,0,0,0,0,90,175,98,0,0,32,161,0,0,0,0,0,0,0,0,0,0,0,0,0,0,0,0,0,488,0,0,0,0,0,0,0,0,99,0,"['0', '0', '0', '0', '0', '0', '0', '0', '0', '0', '0', '30', '305', '122', '0', '0', '0', '0', '0', '0', '0', '0', '0', '0', '0', '0', '0', '0', '0', '0', '0', '0', '570']"
e8773fe3-88ad-46a3-b295-52b3382ad88f,ROCK,9,0,0,0,0,0,0,0,0,0,0,0,0,0,0,0,0,0,0,0,0,0,0,76,55,0,0,0,0,0,0,409,33,0,0,0,0,0,0,0,0,0,0,426,0,0,0,0,0,0,0,0,0,0,0,0,0,0,0,0,0,0,248,204,49,0,0,13,59,0,0,0,0,0,0,0,0,0,0,0,0,0,0,0,0,0,498,0,0,0,0,0,0,0,0,155,0,"['0', '0', '0', '0', '0', '0', '0', '0', '0', '0', '0', '0', '310', '108', '0', '0', '0', '0', '0', '0', '0', '0', '0', '0', '0', '0', '0', '0', '0', '0', '0', '0', '584']"
81aee24a-6287-4a4b-b8c3-e307425a3213,ROCK,5,0,0,0,0,0,0,0,0,0,0,0,0,0,0,0,0,0,0,0,0,0,0,38,64,0,0,0,0,0,0,442,25,0,0,0,0,0,0,0,0,0,0,435,0,0,0,0,0,0,0,0,0,0,0,0,0,0,0,0,0,0,319,218,0,0,0,0,32,0,0,0,0,0,0,0,0,0,0,0,0,0,0,0,0,0,507,0,0,0,0,0,0,0,0,112,0,"['0', '0', '0', '0', '0', '0', '0', '0', '0', '0', '0', '31', '315', '111', '0', '0', '0', '0', '0', '0', '0', '0', '0', '0', '0', '0', '0', '0', '0', '0', '0', '0', '596']"
8395514e-b2c2-4e61-bf5c-258676cd97ce,ROCK,16,0,0,0,0,0,0,0,0,0,0,0,0,0,0,0,0,0,0,0,0,0,0,42,16,0,0,0,0,0,0,334,26,0,0,0,0,0,0,0,0,0,0,442,0,0,0,0,0,0,0,0,0,0,0,0,0,0,0,0,0,0,193,65,0,0,0,160,0,0,0,0,0,0,0,0,0,0,0,0,0,0,0,0,0,0,514,0,0,0,0,0,0,0,0,150,0,"['0', '0', '0', '0', '0', '0', '0', '0', '0', '0', '0', '0', '192', '76', '0', '0', '0', '0', '0', '0', '0', '0', '0', '0', '0', '0', '0', '0', '0', '0', '0', '0', '608']"
c59069dd-39bf-44d5-8127-fdb5b642cbb0,PAPER,18,0,0,0,0,0,0,0,0,0,0,0,0,0,0,0,0,0,0,0,0,42,0,22,21,0,0,0,0,0,0,224,0,0,0,0,0,0,0,0,0,0,0,445,0,0,0,0,0,0,0,0,0,0,0,0,0,0,0,0,0,0,90,154,0,0,0,65,0,0,0,0,0,0,0,0,0,0,0,0,0,0,0,0,0,0,517,0,0,0,0,0,0,0,0,98,0,"['0', '0', '0', '0', '0', '0', '0', '0', '0', '0', '0', '0', '192', '19', '0', '0', '0', '0', '0', '0', '0', '0', '0', '0', '0', '0', '0', '0', '0', '0', '0', '0', '614']"
67946272-047b-4d9b-8821-ceb409f6b3f6,PAPER,8,0,0,0,0,0,0,0,0,0,0,0,0,0,0,0,0,0,0,0,0,131,0,123,28,0,0,0,0,0,0,396,0,0,0,0,0,0,0,0,0,0,0,456,0,0,0,0,0,0,0,0,0,0,0,0,0,0,0,0,0,0,183,327,134,0,0,34,0,0,0,0,0,0,0,0,0,0,0,0,0,0,0,0,0,0,529,0,0,0,0,0,0,0,0,188,0,"['0', '0', '0', '0', '0', '0', '0', '0', '0', '0', '0', '93', '217', '180', '0', '0', '0', '0', '0', '0', '0', '0', '0', '0', '0', '0', '0', '0', '0', '0', '0', '0', '629']"
c10dad4d-1b20-4cab-825b-a4dd84f89011,ROCK,5,0,0,0,0,0,0,0,0,0,0,0,0,0,0,0,0,0,0,0,0,0,0,68,0,0,0,0,0,0,0,133,22,0,0,0,0,0,0,0,0,0,0,459,0,0,0,0,0,0,0,0,0,0,0,0,0,0,0,0,0,0,70,153,0,0,0,0,0,0,0,0,0,0,0,0,0,0,0,0,0,0,0,0,0,0,530,0,0,0,0,0,0,0,0,68,0,"['0', '0', '0', '0', '0', '0', '0', '0', '0', '0', '0', '86', '58', '11', '0', '0', '0', '0', '0', '0', '0', '0', '0', '0', '0', '0', '0', '0', '0', '0', '0', '0', '632']"
dcd68cf3-9d15-4d5e-afee-57f23d5f3a00,ROCK,18,0,0,0,0,0,0,0,0,0,0,0,0,0,0,0,0,0,0,0,0,0,59,10,58,0,0,0,0,0,0,297,56,0,0,0,0,0,0,0,0,0,0,464,0,0,0,0,0,0,0,0,0,0,0,0,0,0,0,0,0,0,157,119,135,0,0,69,0,0,0,0,0,0,0,0,0,0,0,0,0,0,0,0,0,0,539,0,0,0,0,0,0,0,0,69,0,"['0', '0', '0', '0', '0', '0', '0', '0', '0', '0', '0', '0', '257', '154', '0', '0', '0', '0', '0', '0', '0', '0', '0', '0', '0', '0', '0', '0', '0', '0', '0', '0', '644']"
9f59a373-81c0-4e3b-8206-a6c7ff8683b4,PAPER,10,0,0,0,0,0,0,0,0,0,0,0,0,0,0,0,0,0,0,0,0,0,31,49,33,0,0,0,0,0,0,216,0,0,0,0,0,0,0,0,0,0,0,469,0,0,0,0,0,0,0,0,0,0,0,0,0,0,0,0,0,0,40,145,92,0,0,0,52,0,0,0,0,0,0,0,0,0,0,0,0,0,0,0,0,0,543,0,0,0,0,0,0,0,0,107,0,"['0', '0', '0', '0', '0', '0', '0', '0', '0', '0', '0', '0', '165', '57', '0', '0', '0', '0', '0', '0', '0', '0', '0', '0', '0', '0', '0', '0', '0', '0', '0', '0', '647']"
d713f930-5193-4bb2-8178-d0aaf5a40192,ROCK,6,0,0,0,0,0,0,0,0,0,0,0,0,0,0,0,0,0,0,0,0,0,81,45,0,0,0,0,0,0,0,193,28,0,0,0,0,0,0,0,0,0,0,476,0,0,0,0,0,0,0,0,0,0,0,0,0,0,0,0,0,0,49,236,0,0,0,0,62,0,0,0,0,0,0,0,0,0,0,0,0,0,0,0,0,0,546,0,0,0,0,0,0,0,0,73,0,"['0', '0', '0', '0', '0', '0', '0', '0', '0', '0', '0', '0', '240', '34', '0', '0', '0', '0', '0', '0', '0', '0', '0', '0', '0', '0', '0', '0', '0', '0', '0', '0', '654']"
e1c59845-e4c3-4d4b-8287-d173fb5b39c8,PAPER,13,0,0,0,0,0,0,0,0,0,0,0,0,0,0,0,0,0,0,0,0,0,42,20,31,0,0,0,0,0,0,252,0,0,0,0,0,0,0,0,0,0,0,479,0,0,0,0,0,0,0,0,0,0,0,0,0,0,0,0,0,0,38,172,68,0,0,0,67,0,0,0,0,0,0,0,0,0,0,0,0,0,0,0,0,0,552,0,0,0,0,0,0,0,0,61,0,"['0', '0', '0', '0', '0', '0', '0', '0', '0', '0', '0', '0', '208', '76', '0', '0', '0', '0', '0', '0', '0', '0', '0', '0', '0', '0', '0', '0', '0', '0', '0', '0', '659']"
0e0c5aa7-e473-4aa6-bce0-4bc043d1cca6,ROCK,11,0,0,0,0,0,0,0,0,0,0,0,0,0,0,0,0,0,0,0,0,0,103,25,0,0,0,0,0,0,0,160,48,0,0,0,0,0,0,0,0,0,0,484,0,0,0,0,0,0,0,0,0,0,0,0,0,0,0,0,0,0,26,133,41,0,0,136,0,0,0,0,0,0,0,0,0,0,0,0,0,0,0,0,0,0,556,0,0,0,0,0,0,0,0,123,0,"['0', '0', '0', '0', '0', '0', '0', '0', '0', '0', '0', '40', '128', '45', '0', '0', '0', '0', '0', '0', '0', '0', '0', '0', '0', '0', '0', '0', '0', '0', '0', '0', '665']"
efc483b2-26bc-4d62-b8d4-80819f7b0c7f,ROCK,19,0,0,0,0,0,0,0,0,0,0,0,0,0,0,0,0,0,0,0,0,0,0,29,0,0,0,0,0,0,0,238,36,0,0,0,0,0,0,0,0,0,0,488,0,0,0,0,0,0,0,0,0,0,0,0,0,0,0,0,0,0,41,94,80,0,0,88,0,0,0,0,0,0,0,0,0,0,0,0,0,0,0,0,0,0,562,0,0,0,0,0,0,0,0,77,0,"['0', '0', '0', '0', '0', '0', '0', '0', '0', '0', '0', '88', '109', '29', '0', '0', '0', '0', '0', '0', '0', '0', '0', '0', '0', '0', '0', '0', '0', '0', '0', '0', '670']"
6271633e-767f-4612-a99e-fe7747d8eb0a,ROCK,11,0,0,0,0,0,0,0,0,0,0,0,0,0,0,0,0,0,0,0,0,0,0,72,28,0,0,0,0,0,0,286,31,0,0,0,0,0,0,0,0,0,0,495,0,0,0,0,0,0,0,0,0,0,0,0,0,0,0,0,0,0,165,166,86,0,0,0,0,0,0,0,0,0,0,0,0,0,0,0,0,0,0,0,0,0,568,0,0,0,0,0,0,0,0,102,0,"['0', '0', '0', '0', '0', '0', '0', '0', '0', '0', '0', '0', '300', '15', '0', '0', '0', '0', '0', '0', '0', '0', '0', '0', '0', '0', '0', '0', '0', '0', '0', '0', '677']"
812cc8fd-de80-42e5-b85a-edc443ea5619,PAPER,6,0,0,0,0,0,0,0,0,0,0,0,0,0,0,0,0,0,0,0,0,0,0,221,32,0,0,0,0,0,0,181,0,0,0,0,0,0,0,0,0,0,0,497,0,0,0,0,0,0,0,0,0,0,0,0,0,0,0,0,0,0,120,262,52,0,0,0,0,0,0,0,0,0,0,0,0,0,0,0,0,0,0,0,0,0,572,0,0,0,0,0,0,0,0,73,0,"['0', '0', '0', '0', '0', '0', '0', '0', '0', '0', '232', '0', '58', '71', '0', '0', '0', '0', '0', '0', '0', '0', '0', '0', '0', '0', '0', '0', '0', '0', '0', '0', '680']"
3e232a79-ea17-450e-a6fd-fe7a39a9715b,ROCK,7,0,0,0,0,0,0,0,0,0,0,0,0,0,0,0,0,0,0,0,0,0,0,225,489,0,0,0,0,0,0,903,51,0,0,0,0,0,0,0,0,0,0,527,0,0,0,0,0,0,0,0,0,0,0,0,0,0,0,0,0,0,447,649,223,0,0,167,182,0,0,0,0,0,0,0,0,0,0,0,0,0,0,0,0,0,610,0,0,0,0,0,0,0,0,271,0,"['0', '0', '0', '0', '0', '0', '0', '0', '0', '0', '137', '0', '626', '634', '0', '0', '0', '0', '0', '0', '0', '0', '0', '0', '0', '0', '0', '0', '0', '0', '0', '0', '721']"
b526e84f-3ae6-45f3-a13b-4254634bc84c,ROCK,9,0,0,0,0,0,0,0,0,0,0,0,0,0,0,0,0,0,0,0,0,0,0,0,0,0,0,0,0,0,0,264,0,0,0,0,0,0,0,0,0,0,0,527,0,0,0,0,0,0,0,0,0,0,0,0,0,0,0,0,0,0,29,111,82,0,0,0,42,0,0,0,0,0,0,0,0,0,0,0,0,0,0,0,0,0,614,0,0,0,0,0,0,0,0,55,0,"['0', '0', '0', '0', '0', '0', '0', '0', '0', '0', '0', '0', '184', '25', '0', '0', '0', '0', '0', '0', '0', '0', '0', '0', '0', '0', '0', '0', '0', '0', '0', '0', '725']"
e0ab3487-01a5-4e61-b506-9a22ee459dfd,ROCK,20,0,0,0,0,0,0,0,0,0,0,0,0,0,0,0,0,0,0,0,0,0,0,12,0,0,0,0,0,0,0,241,41,0,0,0,0,0,0,0,0,0,0,531,0,0,0,0,0,0,0,0,0,0,0,0,0,0,0,0,0,0,56,83,0,0,0,0,155,0,0,0,0,0,0,0,0,0,0,0,0,0,0,0,0,0,618,0,0,0,0,0,0,0,0,96,0,"['0', '0', '0', '0', '0', '0', '0', '0', '0', '0', '0', '0', '180', '18', '0', '0', '0', '0', '0', '0', '0', '0', '0', '0', '0', '0', '0', '0', '0', '0', '0', '0', '730']"
18323020-4edf-4d71-a8da-da62d2c96f8c,PAPER,13,0,0,0,0,0,0,0,0,0,0,0,0,0,0,0,0,0,0,0,0,0,32,63,17,0,0,0,0,0,0,216,0,0,0,0,0,0,0,0,0,0,0,536,0,0,0,0,0,0,0,0,0,0,0,0,0,0,0,0,0,0,54,196,26,0,0,0,52,0,0,0,0,0,0,0,0,0,0,0,0,0,0,0,0,0,622,0,0,0,0,0,0,0,0,95,0,"['0', '0', '0', '0', '0', '0', '0', '0', '0', '0', '0', '0', '188', '45', '0', '0', '0', '0', '0', '0', '0', '0', '0', '0', '0', '0', '0', '0', '0', '0', '0', '0', '736']"
1da9009d-3d0e-43e7-84f2-16a2966bd4c5,ROCK,5,0,0,0,0,0,0,0,0,0,0,0,0,0,0,0,0,0,0,0,0,0,83,36,51,0,0,0,0,0,0,158,0,0,0,0,0,0,0,0,0,0,0,540,0,0,0,0,0,0,0,0,0,0,0,0,0,0,0,0,0,0,134,164,0,0,0,0,30,0,0,0,0,0,0,0,0,0,0,0,0,0,0,0,0,0,626,0,0,0,0,0,0,0,0,89,0,"['0', '0', '0', '0', '0', '0', '0', '0', '0', '0', '21', '0', '148', '70', '0', '0', '0', '0', '0', '0', '0', '0', '0', '0', '0', '0', '0', '0', '0', '0', '0', '0', '743']"
a819892d-3579-4840-8db4-1bc8cc97d811,ROCK,13,0,0,0,0,0,0,0,0,0,0,0,0,0,0,0,0,0,0,0,0,0,0,7,170,0,0,0,0,0,0,272,0,0,0,0,0,0,0,0,0,0,0,549,0,0,0,0,0,0,0,0,0,0,0,0,0,0,0,0,0,0,91,244,48,54,0,12,0,0,0,0,0,0,0,0,0,0,0,0,0,0,0,0,0,0,634,0,0,0,0,0,0,0,0,55,0,"['0', '0', '0', '0', '0', '0', '0', '0', '0', '0', '60', '0', '219', '115', '0', '0', '0', '0', '0', '0', '0', '0', '0', '0', '0', '0', '0', '0', '0', '0', '0', '0', '753']"
613a6baf-b9a9-4b01-acdc-41cdf764be04,ROCK,7,0,0,0,0,0,0,0,0,0,0,0,0,0,0,0,0,0,0,0,0,0,0,61,27,0,0,0,0,0,0,206,29,0,0,0,0,0,0,0,0,0,0,554,0,0,0,0,0,0,0,0,0,0,0,0,0,0,0,0,0,0,145,133,0,0,0,45,0,0,0,0,0,0,0,0,0,0,0,0,0,0,0,0,0,0,638,0,0,0,0,0,0,0,0,135,0,"['0', '0', '0', '0', '0', '0', '0', '0', '0', '0', '0', '0', '173', '15', '0', '0', '0', '0', '0', '0', '0', '0', '0', '0', '0', '0', '0', '0', '0', '0', '0', '0', '758']"
783b01d2-06dd-4cb9-a875-66dad7cb2470,ROCK,6,0,0,0,0,0,0,0,0,0,0,0,0,0,0,0,0,0,0,0,0,0,0,20,28,0,0,0,0,0,0,241,32,0,0,0,0,0,0,0,0,0,0,559,0,0,0,0,0,0,0,0,0,0,0,0,0,0,0,0,0,0,214,107,0,0,0,0,0,0,0,0,0,0,0,0,0,0,0,0,0,0,0,0,0,0,642,0,0,0,0,0,0,0,0,63,0,"['0', '0', '0', '0', '0', '0', '0', '0', '0', '0', '0', '0', '209', '49', '0', '0', '0', '0', '0', '0', '0', '0', '0', '0', '0', '0', '0', '0', '0', '0', '0', '0', '764']"
0ed232b4-a1f6-4679-85ed-6ac8b6c03bd1,ROCK,12,0,0,0,0,0,0,0,0,0,0,0,0,0,0,0,0,0,0,0,0,0,0,21,29,0,0,0,0,0,0,189,60,0,0,0,0,0,0,0,0,0,0,563,0,0,0,0,0,0,0,0,0,0,0,0,0,0,0,0,0,0,130,169,0,0,0,0,0,0,0,0,0,0,0,0,0,0,0,0,0,0,0,0,0,0,645,0,0,0,0,0,0,0,0,91,0,"['0', '0', '0', '0', '0', '0', '0', '0', '0', '0', '0', '0', '195', '13', '0', '0', '0', '0', '0', '0', '0', '0', '0', '0', '0', '0', '0', '0', '0', '0', '0', '0', '771']"
688aa70a-def4-4eec-915f-d213455d1ec9,SCISSORS,9,0,0,0,0,0,0,0,0,0,0,0,0,0,0,0,0,0,0,0,0,0,88,10,46,0,0,0,0,0,0,310,0,0,0,0,0,0,0,0,0,0,0,567,0,0,0,0,0,0,0,0,0,0,0,0,0,0,0,0,0,0,75,258,27,0,0,16,0,0,0,0,0,0,0,0,0,0,0,0,0,0,78,0,0,0,652,0,0,0,0,0,0,0,0,197,0,"['0', '0', '0', '0', '0', '0', '0', '0', '0', '0', '0', '0', '220', '37', '0', '0', '0', '0', '0', '0', '0', '0', '0', '0', '0', '0', '0', '0', '0', '0', '0', '0', '779']"
65d711a3-8e9c-4271-b90d-1d9a83f6245a,ROCK,20,0,0,0,0,0,0,0,0,0,0,0,0,0,0,0,0,0,0,0,0,0,56,36,33,0,0,0,0,0,0,272,20,0,0,0,0,0,0,0,0,0,0,572,0,0,0,0,0,0,0,0,0,0,0,0,0,0,0,0,0,0,185,111,0,0,0,49,22,0,0,0,0,0,0,0,0,0,0,0,0,0,50,0,0,0,660,0,0,0,0,0,0,0,0,200,0,"['0', '0', '0', '0', '0', '0', '0', '0', '0', '0', '0', '0', '124', '93', '0', '0', '0', '0', '0', '0', '0', '0', '0', '0', '0', '0', '0', '0', '0', '0', '0', '0', '787']"
8f7478c5-c0ad-4db0-958e-fd66fdc422ae,ROCK,11,0,0,0,0,0,0,0,0,0,0,0,0,0,0,0,0,0,0,0,0,0,61,78,52,0,0,0,0,0,0,260,113,0,0,0,0,0,0,0,0,0,0,586,0,0,0,0,0,0,0,0,0,0,0,0,0,0,0,0,0,0,235,137,0,0,0,192,0,0,0,0,0,0,0,0,0,0,0,0,0,0,0,0,0,0,669,0,0,0,0,0,0,0,0,221,0,"['0', '0', '0', '0', '0', '0', '0', '0', '0', '0', '0', '0', '281', '62', '0', '0', '0', '0', '0', '0', '0', '0', '0', '0', '0', '0', '0', '0', '0', '0', '0', '0', '799']"
a3b893ed-4ccc-41c1-ab41-d92f79c246d8,SCISSORS,18,0,0,0,0,0,0,0,0,0,0,0,0,0,0,0,0,0,0,0,0,0,113,0,42,0,0,0,0,0,0,178,0,0,0,0,0,0,0,0,0,0,0,588,0,0,0,0,0,0,0,0,0,0,0,0,0,75,0,0,0,0,54,83,0,0,0,121,0,0,0,0,0,0,0,0,0,0,0,0,0,0,0,0,0,0,674,0,0,0,0,0,0,0,0,175,0,"['0', '0', '0', '0', '0', '0', '0', '0', '0', '0', '0', '0', '142', '16', '0', '0', '0', '0', '0', '0', '0', '0', '0', '0', '0', '0', '0', '0', '0', '0', '0', '0', '803']"
9806a285-0a75-48cf-b562-c5806d0929ba,ROCK,13,0,0,0,0,0,0,0,0,0,0,0,0,0,0,0,0,0,0,0,0,0,48,90,39,0,0,0,0,0,0,283,49,0,0,0,0,0,0,0,0,0,0,597,0,0,0,0,0,0,0,0,0,0,0,0,0,52,0,0,0,0,233,185,0,39,0,0,0,0,0,0,0,0,0,0,0,0,0,0,0,0,0,0,0,0,683,0,0,0,0,0,0,0,0,204,0,"['0', '0', '0', '0', '0', '0', '0', '0', '0', '0', '26', '0', '204', '75', '0', '0', '0', '0', '0', '0', '0', '0', '0', '0', '0', '0', '0', '0', '0', '0', '0', '0', '815']"
fed022fe-19cd-4cbf-9f2b-1858142590e8,PAPER,5,0,0,0,0,0,0,0,0,0,0,0,0,0,0,0,0,0,0,0,0,0,0,93,88,0,0,0,0,0,0,246,70,0,0,0,0,0,0,0,0,0,0,605,0,0,0,0,0,0,0,0,0,0,0,0,0,0,0,0,0,0,164,212,0,56,0,38,27,0,0,0,0,0,0,0,0,0,0,0,0,0,0,0,0,0,694,0,0,0,0,0,0,0,0,112,0,"['0', '0', '0', '0', '0', '0', '0', '0', '0', '0', '45', '0', '241', '99', '0', '0', '0', '0', '0', '0', '0', '0', '0', '0', '0', '0', '0', '0', '0', '0', '0', '0', '824']"
e3985b2d-6059-4ff3-8032-4110de8f8a36,ROCK,20,0,0,0,0,0,0,0,0,0,0,0,0,0,0,0,0,0,0,0,0,34,0,101,40,0,0,0,0,0,0,251,66,0,0,0,0,0,0,0,0,0,0,614,0,0,0,0,0,0,0,0,0,0,0,0,0,0,0,0,0,0,23,173,0,145,0,99,52,0,0,0,0,0,0,0,0,0,0,0,0,0,0,0,0,0,702,0,0,0,0,0,0,0,0,145,0,"['0', '0', '0', '0', '0', '0', '0', '0', '0', '0', '0', '0', '208', '139', '0', '0', '0', '0', '0', '0', '0', '0', '0', '0', '0', '0', '0', '0', '0', '0', '0', '0', '834']"
2588b535-33b1-46b2-9aa8-782ed92081be,ROCK,18,0,0,0,0,0,0,0,0,0,0,0,0,0,0,0,0,0,0,0,0,0,0,42,10,0,0,0,0,0,0,256,27,0,0,0,0,0,0,0,0,0,0,621,0,0,0,0,0,0,0,0,0,0,0,0,0,0,0,0,0,0,130,118,0,87,0,0,0,0,0,0,0,0,0,0,0,0,0,0,0,0,0,0,0,0,708,0,0,0,0,0,0,0,0,132,0,"['0', '0', '0', '0', '0', '0', '0', '0', '0', '0', '0', '0', '196', '7', '0', '0', '0', '0', '0', '0', '0', '0', '0', '0', '0', '0', '0', '0', '0', '0', '0', '0', '841']"
dfc16a3c-e11e-4f00-83a3-034fe85fefd5,ROCK,9,0,0,0,0,0,0,0,0,0,0,0,0,0,0,0,0,0,0,0,0,0,0,96,0,0,0,0,0,0,0,353,23,0,0,0,0,0,0,0,0,0,0,627,0,0,0,0,0,0,0,0,0,0,0,0,0,0,0,0,0,0,187,129,0,89,0,46,21,0,0,0,0,0,0,0,0,0,0,0,0,0,0,0,0,0,716,0,0,0,0,0,0,0,0,150,0,"['0', '0', '0', '0', '0', '0', '0', '0', '0', '0', '0', '0', '253', '69', '0', '0', '0', '0', '0', '0', '0', '0', '0', '0', '0', '0', '0', '0', '0', '0', '0', '0', '848']"
a52ad053-70b3-43c7-8696-4487bc1edd0a,ROCK,7,0,0,0,0,0,0,0,0,0,0,0,0,0,0,0,0,0,0,0,0,0,0,44,41,0,0,0,0,0,0,548,33,0,0,0,0,0,0,0,0,0,0,636,0,0,0,0,0,0,0,0,0,0,0,0,0,0,0,0,0,0,273,208,0,89,0,36,60,0,0,0,0,0,0,0,0,0,0,0,0,0,0,0,0,0,731,0,0,0,0,0,0,0,0,171,0,"['0', '0', '0', '0', '0', '0', '0', '0', '0', '0', '0', '0', '323', '172', '0', '0', '0', '0', '0', '0', '0', '0', '0', '0', '0', '0', '0', '0', '0', '0', '0', '0', '863']"
fafbc1ba-ff16-47c3-9d16-43a1b14fc694,ROCK,16,0,0,0,0,0,0,0,0,0,0,0,0,0,0,0,0,0,0,0,0,0,0,0,0,0,0,0,0,0,0,222,28,0,0,0,0,0,0,0,0,0,0,638,0,0,0,0,0,0,0,0,0,0,0,0,0,0,0,0,0,0,190,60,0,0,0,0,0,0,0,0,0,0,0,0,0,0,0,0,0,0,0,0,0,0,735,0,0,0,0,0,0,0,0,74,0,"['0', '0', '0', '0', '0', '0', '0', '0', '0', '0', '0', '0', '161', '15', '0', '0', '0', '0', '0', '0', '0', '0', '0', '0', '0', '0', '0', '0', '0', '0', '0', '0', '871']"
448bf5fe-0aaf-4002-8fd0-289ea2530bd9,SCISSORS,15,0,0,0,0,0,0,0,0,0,0,0,0,0,0,0,0,0,0,0,0,0,0,97,0,0,0,0,0,0,0,209,0,0,0,0,0,0,0,0,0,0,0,641,0,0,0,0,0,0,0,0,0,0,0,0,0,33,0,0,0,0,110,101,0,21,0,41,0,0,0,0,0,0,0,0,0,0,0,0,0,0,0,0,0,0,743,0,0,0,0,0,0,0,0,138,0,"['0', '0', '0', '0', '0', '0', '0', '0', '0', '0', '0', '0', '130', '38', '0', '0', '0', '0', '0', '0', '0', '0', '0', '0', '0', '0', '0', '0', '0', '0', '0', '0', '877']"
e1bb364d-48b2-4510-904a-7306e8987eb4,ROCK,19,0,0,0,0,0,0,0,0,0,0,0,0,0,0,0,0,0,0,0,0,0,0,118,0,0,0,0,0,0,0,274,27,0,0,0,0,0,0,0,0,0,0,648,0,0,0,0,0,0,0,0,0,0,0,0,0,76,0,0,0,0,134,133,0,76,0,0,0,0,0,0,0,0,0,0,0,0,0,0,0,0,0,0,0,0,750,0,0,0,0,0,0,0,0,187,0,"['0', '0', '0', '0', '0', '0', '0', '0', '0', '0', '0', '0', '190', '42', '0', '0', '0', '0', '0', '0', '0', '0', '0', '0', '0', '0', '0', '0', '0', '0', '0', '0', '883']"
065304e1-545b-4c33-92ed-15dee92f44de,ROCK,19,0,0,0,0,0,0,0,0,0,0,0,0,0,0,0,0,0,0,0,0,15,0,37,56,0,0,0,0,0,0,222,31,0,0,0,0,0,0,0,0,0,0,657,0,0,0,0,0,0,0,0,0,0,0,0,0,0,0,0,0,0,146,96,0,79,0,40,0,0,0,0,0,0,0,0,0,0,0,0,0,0,0,0,0,0,757,0,0,0,0,0,0,0,0,88,0,"['0', '0', '0', '0', '0', '0', '0', '0', '0', '0', '54', '0', '186', '33', '0', '0', '0', '0', '0', '0', '0', '0', '0', '0', '0', '0', '0', '0', '0', '0', '0', '0', '891']"
6bdc0e28-7a31-4121-b4e2-c743d58dc271,ROCK,6,0,0,0,0,0,0,0,0,0,0,0,0,0,0,0,0,0,0,0,0,0,0,68,16,0,0,0,0,0,0,331,23,0,0,0,0,0,0,0,0,0,0,665,0,0,0,0,0,0,0,0,0,0,0,0,0,0,0,0,0,0,249,147,0,0,0,0,42,0,0,0,0,0,0,0,0,0,0,0,0,0,0,0,0,0,765,0,0,0,0,0,0,0,0,87,0,"['0', '0', '0', '0', '0', '0', '0', '0', '0', '0', '0', '0', '261', '90', '0', '0', '0', '0', '0', '0', '0', '0', '0', '0', '0', '0', '0', '0', '0', '0', '0', '0', '899']"
51d4d8e5-349b-4dc3-ad3d-cc3febe73b2e,PAPER,8,0,0,0,0,0,0,0,0,0,0,0,0,0,0,0,0,0,0,0,0,85,0,154,301,0,0,0,0,0,0,735,0,0,0,0,0,0,0,0,0,0,0,689,0,0,0,0,0,0,0,0,0,0,0,0,0,0,0,0,0,0,455,565,0,67,0,110,78,0,0,0,0,0,0,0,0,0,0,0,0,0,0,0,0,0,788,0,0,0,0,0,0,0,0,257,0,"['0', '0', '0', '0', '0', '0', '0', '0', '0', '0', '0', '0', '559', '459', '0', '0', '0', '0', '0', '0', '0', '0', '0', '0', '0', '0', '0', '0', '0', '0', '0', '0', '929']"
97636e82-dba6-49e3-86f5-4f996d234e03,PAPER,10,0,0,0,0,0,0,0,0,0,0,0,0,0,0,0,0,0,0,0,0,73,0,168,183,0,0,0,0,0,0,570,0,0,0,0,0,0,0,0,0,0,0,707,0,0,0,0,0,0,0,0,0,0,0,0,0,0,0,0,0,0,294,470,0,59,0,83,88,0,0,0,0,0,0,0,0,0,0,0,0,0,0,0,0,0,807,0,0,0,0,0,0,0,0,319,0,"['0', '0', '0', '0', '0', '0', '0', '0', '0', '0', '105', '0', '343', '227', '0', '0', '0', '0', '0', '0', '0', '0', '0', '0', '0', '0', '0', '0', '0', '0', '0', '0', '947']"
6b0d6cda-38b3-4d49-8268-5e4729af69af,ROCK,11,0,0,0,0,0,0,0,0,0,0,0,0,0,0,0,0,0,0,0,0,63,0,58,94,0,0,0,0,0,0,601,33,0,0,0,0,0,0,0,0,0,0,718,0,0,0,0,0,0,0,0,0,0,0,0,0,0,0,0,0,0,338,360,0,58,0,68,25,0,0,0,0,0,0,0,0,0,0,0,0,0,0,0,0,0,822,0,0,0,0,0,0,0,0,203,0,"['0', '0', '0', '0', '0', '0', '0', '0', '0', '0', '111', '0', '328', '207', '0', '0', '0', '0', '0', '0', '0', '0', '0', '0', '0', '0', '0', '0', '0', '0', '0', '0', '965']"
66c9b886-cfbc-4c4c-a592-60b6d73a6c0b,ROCK,5,0,0,0,0,0,0,0,0,0,0,0,0,0,0,0,0,0,0,0,0,0,0,76,18,0,0,0,0,0,0,349,26,0,0,0,0,0,0,0,0,0,0,725,0,0,0,0,0,0,0,0,0,0,0,0,0,0,0,0,0,0,163,121,0,105,0,80,0,0,0,0,0,0,0,0,0,0,0,0,0,0,0,0,0,0,831,0,0,0,0,0,0,0,0,145,0,"['0', '0', '0', '0', '0', '0', '0', '0', '0', '0', '81', '0', '151', '92', '0', '0', '0', '0', '0', '0', '0', '0', '0', '0', '0', '0', '0', '0', '0', '0', '0', '0', '977']"
dec215c2-1a00-4039-a87d-220f53d1de70,SCISSORS,10,0,0,0,0,0,0,0,0,0,0,0,0,0,0,0,0,0,0,0,0,50,0,17,158,0,0,0,0,0,0,335,0,0,0,0,0,0,0,0,0,0,0,733,0,0,0,0,0,0,0,0,0,0,0,0,0,0,0,0,0,0,85,203,0,104,0,79,89,0,0,0,0,0,0,0,0,0,0,0,0,0,0,0,0,0,845,0,0,0,0,0,0,0,0,135,0,"['0', '0', '0', '0', '0', '0', '0', '0', '0', '0', '7', '0', '207', '211', '0', '0', '0', '0', '0', '0', '0', '0', '0', '0', '0', '0', '0', '0', '0', '0', '0', '0', '994']"
5919e0e5-3761-4986-948e-3339bf2c4a71,PAPER,15,0,0,0,0,0,0,0,0,0,0,0,0,0,0,0,0,0,0,0,0,64,0,70,77,0,0,0,0,0,0,408,0,0,0,0,0,0,0,0,0,0,0,741,0,0,0,0,0,0,0,0,0,0,0,0,0,0,0,0,0,0,220,290,0,0,0,59,50,0,0,0,0,0,0,0,0,0,0,0,0,0,0,0,0,0,856,0,0,0,0,0,0,0,0,222,0,"['0', '0', '0', '0', '0', '0', '0', '0', '0', '0', '54', '0', '249', '94', '0', '0', '0', '0', '0', '0', '0', '0', '0', '0', '0', '0', '0', '0', '0', '0', '0', '0', '1005']"
97d61d7f-9957-4b09-8fed-13da9bd6f278,ROCK,18,0,0,0,0,0,0,0,0,0,0,0,0,0,0,0,0,0,0,0,0,0,0,104,13,0,0,0,0,0,0,290,0,0,0,0,0,0,0,0,0,0,0,747,0,0,0,0,0,0,0,0,0,0,0,0,0,0,0,0,0,0,204,189,0,0,0,14,0,0,0,0,0,0,0,0,0,0,0,0,0,0,0,0,0,0,863,0,0,0,0,0,0,0,0,159,0,"['0', '0', '0', '0', '0', '0', '0', '0', '0', '0', '22', '0', '207', '19', '0', '0', '0', '0', '0', '0', '0', '0', '0', '0', '0', '0', '0', '0', '0', '0', '0', '0', '1015']"
6cf781c1-d6a1-4200-97eb-29ca07c4bbb1,ROCK,10,0,0,0,0,0,0,0,0,0,0,0,0,0,0,0,0,0,0,0,0,0,0,17,58,0,0,0,0,0,0,288,26,0,0,0,0,0,0,0,0,0,0,753,0,0,0,0,0,0,0,0,0,0,0,0,0,0,0,0,0,0,156,210,0,0,0,0,23,0,0,0,0,0,0,0,0,0,0,0,0,0,0,0,0,0,869,0,0,0,0,0,0,0,0,84,0,"['0', '0', '0', '0', '0', '0', '0', '0', '0', '0', '29', '0', '233', '43', '0', '0', '0', '0', '0', '0', '0', '0', '0', '0', '0', '0', '0', '0', '0', '0', '0', '0', '1023']"
480b6120-ce82-4c06-ba15-b5233be8ee0a,ROCK,19,0,0,0,0,0,0,0,0,0,0,0,0,0,0,0,0,0,0,0,0,45,0,26,23,0,0,0,0,0,0,347,29,0,0,0,0,0,0,0,0,0,0,759,0,0,0,0,0,0,0,0,0,0,0,0,0,0,0,0,0,0,149,182,0,0,0,139,0,0,0,0,0,0,0,0,0,0,0,0,0,0,0,0,0,0,874,0,0,0,0,0,0,0,0,162,0,"['0', '0', '0', '0', '0', '0', '0', '0', '0', '0', '0', '0', '278', '30', '0', '0', '0', '0', '0', '0', '0', '0', '0', '0', '0', '0', '0', '0', '0', '0', '0', '0', '1032']"
85358b27-df9c-4e7b-8440-17bb0799a411,ROCK,8,0,0,0,0,0,0,0,0,0,0,0,0,0,0,0,0,0,0,0,0,0,0,12,0,0,0,0,0,0,0,273,0,0,0,0,0,0,0,0,0,0,0,761,0,0,0,0,0,0,0,0,0,0,0,0,0,0,0,0,0,0,110,101,0,0,0,74,0,0,0,0,0,0,0,0,0,0,0,0,0,0,0,0,0,0,878,0,0,0,0,0,0,0,0,102,0,"['0', '0', '0', '0', '0', '0', '0', '0', '0', '0', '0', '0', '157', '26', '0', '0', '0', '0', '0', '0', '0', '0', '0', '0', '0', '0', '0', '0', '0', '0', '0', '0', '1038']"
4d4955e9-d6a0-4bfa-9543-984a26299123,PAPER,6,0,0,0,0,0,0,0,0,0,0,0,0,0,0,0,0,0,0,0,0,31,0,202,160,0,0,0,0,0,0,867,0,0,0,0,0,0,0,0,0,0,0,776,0,0,0,0,0,0,0,0,0,0,0,0,0,0,0,0,0,0,573,573,0,43,0,0,71,0,0,0,0,0,0,0,0,0,0,0,0,0,0,0,0,0,900,0,0,0,0,0,0,0,0,300,0,"['0', '0', '0', '0', '0', '0', '0', '0', '0', '0', '144', '0', '497', '319', '0', '0', '0', '0', '0', '0', '0', '0', '0', '0', '0', '0', '0', '0', '0', '0', '0', '0', '1070']"
ebfb492f-c82c-441c-b96d-061f0f553734,ROCK,15,0,0,0,0,0,0,0,0,0,0,0,0,0,0,0,0,0,0,0,0,71,0,15,0,0,0,0,0,0,0,409,35,0,0,0,0,0,0,0,0,0,0,781,0,0,0,0,0,0,0,0,0,0,0,0,0,0,0,0,0,0,110,203,0,45,0,46,126,0,0,0,0,0,0,0,0,0,0,0,0,0,0,0,0,0,910,0,0,0,0,0,0,0,0,80,0,"['0', '0', '0', '0', '0', '0', '0', '0', '0', '0', '132', '0', '131', '187', '0', '0', '0', '0', '0', '0', '0', '0', '0', '0', '0', '0', '0', '0', '0', '0', '0', '0', '1085']"
4ae46e60-00f8-4d32-91ce-41312718cc55,ROCK,13,0,0,0,0,0,0,0,0,0,0,0,0,0,0,0,0,0,0,0,0,0,0,44,38,0,0,0,0,0,0,230,24,0,0,0,0,0,0,0,0,0,0,788,0,0,0,0,0,0,0,0,0,0,0,0,0,0,0,0,0,0,140,133,0,0,0,0,63,0,0,0,0,0,0,0,0,0,0,0,0,0,0,0,0,0,914,0,0,0,0,0,0,0,0,81,0,"['0', '0', '0', '0', '0', '0', '0', '0', '0', '0', '71', '0', '157', '27', '0', '0', '0', '0', '0', '0', '0', '0', '0', '0', '0', '0', '0', '0', '0', '0', '0', '0', '1093']"
ef9fe80a-b9ad-41fb-885c-d55151f0d0bc,ROCK,12,0,0,0,0,0,0,0,0,0,0,0,0,0,0,0,0,0,0,0,0,0,0,47,21,0,0,0,0,0,0,225,61,0,0,0,0,0,0,0,0,0,0,792,0,0,0,0,0,0,0,0,0,0,0,0,0,0,0,0,0,0,92,117,0,34,0,111,0,0,0,0,0,0,0,0,0,0,0,0,0,0,0,0,0,0,919,0,0,0,0,0,0,0,0,113,0,"['0', '0', '0', '0', '0', '0', '0', '0', '0', '0', '32', '0', '141', '68', '0', '0', '0', '0', '0', '0', '0', '0', '0', '0', '0', '0', '0', '0', '0', '0', '0', '0', '1102']"
25a115ab-133a-48bc-a615-866cb954d063,ROCK,9,0,0,0,0,0,0,0,0,0,0,0,0,0,0,0,0,0,0,0,0,0,0,6,57,0,0,0,0,0,0,196,33,0,0,0,0,0,0,0,0,0,0,797,0,0,0,0,0,0,0,0,0,0,0,0,0,0,0,0,0,0,106,117,0,0,0,69,0,0,0,0,0,0,0,0,0,0,0,0,0,0,0,0,0,0,923,0,0,0,0,0,0,0,0,56,0,"['0', '0', '0', '0', '0', '0', '0', '0', '0', '0', '145', '0', '60', '31', '0', '0', '0', '0', '0', '0', '0', '0', '0', '0', '0', '0', '0', '0', '0', '0', '0', '0', '1107']"
d437e377-d6c1-4ab3-b938-8b4f8aa3b7c5,ROCK,16,0,0,0,0,0,0,0,0,0,0,0,0,0,0,0,0,0,0,0,0,0,0,209,243,0,0,0,0,0,0,911,40,0,0,0,0,0,0,0,0,0,0,820,0,0,0,0,0,0,0,0,0,0,0,0,0,0,0,0,0,0,510,367,0,194,0,181,151,0,0,0,0,0,0,0,0,0,0,0,0,0,0,0,0,0,956,0,0,0,0,0,0,0,0,412,0,"['0', '0', '0', '0', '0', '0', '0', '0', '0', '0', '102', '0', '494', '395', '0', '0', '0', '0', '0', '0', '0', '0', '0', '0', '0', '0', '0', '0', '0', '0', '0', '0', '1146']"
3f7c4cdd-2b6e-444b-bad2-eee131a43ced,ROCK,5,0,0,0,0,0,0,0,0,0,0,0,0,0,0,0,0,0,0,0,0,0,0,30,0,0,0,0,0,0,0,266,29,0,0,0,0,0,0,0,0,0,0,824,0,0,0,0,0,0,0,0,0,0,0,0,0,0,0,0,0,0,107,122,0,96,0,0,0,0,0,0,0,0,0,0,0,0,0,0,0,0,0,0,0,0,961,0,0,0,0,0,0,0,0,96,0,"['0', '0', '0', '0', '0', '0', '0', '0', '0', '0', '33', '0', '134', '62', '0', '0', '0', '0', '0', '0', '0', '0', '0', '0', '0', '0', '0', '0', '0', '0', '0', '0', '1153']"
00d054e8-6c2e-476a-9671-0556db4f9700,ROCK,9,0,0,0,0,0,0,0,0,0,0,0,0,0,0,0,0,0,0,0,0,0,0,13,128,0,0,0,0,0,0,201,33,0,0,0,0,0,0,0,0,0,0,831,0,0,0,0,0,0,0,0,0,0,0,0,0,0,0,0,0,0,69,153,0,104,0,49,0,0,0,0,0,0,0,0,0,0,0,0,0,0,0,0,0,0,966,0,0,0,0,0,0,0,0,67,0,"['0', '0', '0', '0', '0', '0', '0', '0', '0', '0', '119', '0', '93', '96', '0', '0', '0', '0', '0', '0', '0', '0', '0', '0', '0', '0', '0', '0', '0', '0', '0', '0', '1161']"
5ce7b9a2-3027-4dc2-b031-e43cfafc1b9f,ROCK,17,0,0,0,0,0,0,0,0,0,0,0,0,0,0,0,0,0,0,0,0,0,0,55,88,0,0,0,0,0,0,498,28,0,0,0,0,0,0,0,0,0,0,840,0,0,0,0,0,0,0,0,0,0,0,0,0,0,0,0,0,0,205,203,0,127,0,40,94,0,0,0,0,0,0,0,0,0,0,0,0,0,0,0,0,0,979,0,0,0,0,0,0,0,0,172,0,"['0', '0', '0', '0', '0', '0', '0', '0', '0', '0', '47', '0', '268', '182', '0', '0', '0', '0', '0', '0', '0', '0', '0', '0', '0', '0', '0', '0', '0', '0', '0', '0', '1175']"
cf9fdba7-9c86-418c-9834-c65879cdfbb4,ROCK,7,0,0,0,0,0,0,0,0,0,0,0,0,0,0,0,0,0,0,0,0,0,0,19,0,0,0,0,0,0,0,151,99,0,0,0,0,0,0,0,0,0,0,845,0,0,0,0,0,0,0,0,0,0,0,0,0,0,0,0,0,0,99,90,0,80,0,0,0,0,0,0,0,0,0,0,0,0,0,0,0,0,0,0,0,0,983,0,0,0,0,0,0,0,0,85,0,"['0', '0', '0', '0', '0', '0', '0', '0', '0', '0', '0', '0', '171', '13', '0', '0', '0', '0', '0', '0', '0', '0', '0', '0', '0', '0', '0', '0', '0', '0', '0', '0', '1180']"
664d1e8a-0775-45c8-82a6-cb95b09f73ce,ROCK,10,0,0,0,0,0,0,0,0,0,0,0,0,0,0,0,0,0,0,0,0,0,0,55,140,0,0,0,0,0,0,357,25,0,0,0,0,0,0,0,0,0,0,860,0,0,0,0,0,0,0,0,0,0,0,0,0,0,0,0,0,0,225,279,0,46,0,0,27,0,0,0,0,0,0,0,0,0,0,0,0,0,0,0,0,0,993,0,0,0,0,0,0,0,0,89,0,"['0', '0', '0', '0', '0', '0', '0', '0', '0', '0', '0', '0', '352', '136', '0', '0', '0', '0', '0', '0', '0', '0', '0', '0', '0', '0', '0', '0', '0', '0', '0', '0', '1194']"
d4da4da5-c3eb-4eaf-a461-b4fa857895be,SCISSORS,7,0,0,0,0,0,0,0,0,0,0,0,0,0,0,0,0,0,0,0,0,4,0,1,0,0,0,0,0,0,0,1,0,0,0,0,0,0,0,0,0,0,0,2,0,0,0,0,0,0,0,0,0,2,0,0,0,1,0,0,0,0,0,0,1,0,0,0,0,0,0,0,0,0,2,0,0,0,0,0,0,0,0,0,0,0,3,0,0,0,0,0,0,0,0,4,0,"['0', '0', '0', '0', '0', '0', '0', '0', '0', '0', '0', '0', '1', '0', '0', '0', '0', '0', '0', '0', '1', '0', '0', '0', '0', '0', '0', '0', '0', '0', '0', '0', '2']"
266ecc13-f9a3-4d7a-9921-d4ae5adf0803,SCISSORS,6,0,0,0,0,0,0,0,0,0,6,0,0,0,0,0,0,0,0,0,0,0,0,0,0,0,0,0,0,0,0,1,0,0,0,0,0,0,0,0,0,0,0,6,0,0,0,0,0,0,0,0,0,0,0,0,0,4,0,0,0,0,0,2,1,0,0,0,0,0,0,0,0,0,0,0,0,0,0,0,0,0,0,0,0,0,8,0,0,0,0,0,0,0,0,6,0,"['0', '0', '0', '0', '0', '0', '0', '0', '0', '0', '0', '0', '1', '0', '0', '0', '0', '0', '0', '0', '0', '0', '0', '0', '0', '0', '0', '0', '0', '0', '0', '0', '5']"
4379c40c-aaf4-4966-8933-13ce449b5113,SCISSORS,8,0,0,0,0,0,0,0,0,0,2,0,0,0,0,0,0,0,0,0,0,1,0,3,0,0,0,0,0,0,0,2,0,0,0,0,0,0,0,0,0,0,0,14,0,0,0,0,0,0,0,0,0,1,0,0,0,1,0,0,0,0,3,3,0,0,0,0,0,0,0,0,0,0,0,0,0,0,0,0,0,0,0,0,0,0,19,0,0,0,0,0,0,0,0,5,1,"['0', '0', '0', '0', '0', '0', '0', '0', '0', '0', '0', '0', '2', '0', '0', '0', '0', '0', '0', '0', '0', '0', '0', '0', '0', '0', '0', '0', '0', '0', '0', '0', '16']"
8e71fe04-454b-488d-ac04-2994a850acb7,ROCK,7,0,0,0,0,1,0,0,0,0,3,0,0,0,0,0,0,0,0,0,0,0,0,1,0,0,0,0,0,0,0,1,0,0,0,0,0,0,0,0,0,0,0,23,0,0,0,0,0,0,0,0,0,0,0,0,0,0,0,0,0,0,1,4,1,0,0,0,0,0,0,0,0,0,0,0,0,0,0,0,0,0,0,0,0,0,25,0,0,0,0,0,0,0,0,2,0,"['0', '0', '0', '1', '0', '0', '0', '0', '0', '0', '1', '0', '2', '0', '0', '0', '0', '0', '0', '0', '0', '0', '0', '0', '0', '0', '0', '0', '0', '0', '0', '0', '26']"
d5752dea-1f3e-465e-b863-04f92b793e8d,ROCK,8,0,0,0,0,1,0,0,0,1,0,0,0,0,0,0,0,0,0,0,0,0,0,1,0,0,0,0,0,0,0,1,0,0,0,0,0,0,0,0,0,0,0,35,0,0,0,0,0,0,0,0,0,3,0,0,0,0,0,0,0,0,0,1,0,0,0,0,0,0,0,0,0,0,0,0,0,0,0,0,0,0,0,0,0,0,28,0,0,0,0,0,0,0,0,1,1,"['0', '0', '0', '2', '0', '0', '0', '0', '0', '0', '0', '0', '0', '0', '0', '0', '0', '0', '0', '0', '0', '0', '0', '0', '0', '0', '0', '0', '0', '0', '0', '0', '31']"
4b5b05fe-4cbe-4429-b3c9-c202841ee983,SCISSORS,7,0,0,0,0,0,0,0,0,0,0,0,0,0,0,0,0,0,0,0,0,0,0,1,0,0,0,0,0,0,0,2,0,0,0,0,0,0,0,0,0,0,0,39,0,0,0,0,0,0,0,0,0,0,0,0,0,1,0,0,0,0,1,1,0,0,0,0,0,0,0,0,0,0,0,0,0,0,0,0,0,0,0,0,0,0,33,0,0,0,0,0,0,0,0,3,0,"['0', '0', '0', '0', '0', '0', '0', '0', '0', '0', '0', '0', '0', '0', '0', '0', '0', '0', '0', '0', '0', '0', '0', '0', '0', '0', '0', '0', '0', '0', '0', '0', '34']"
0bbcbf06-4af6-4a22-811b-b6e205985bdb,ROCK,6,0,0,0,0,0,0,0,0,2,1,0,0,0,0,1,0,0,0,0,0,1,0,1,0,0,0,0,0,0,0,2,0,0,0,0,0,0,0,0,0,0,0,56,0,0,0,0,0,0,0,0,0,2,0,0,0,0,0,0,0,0,0,2,4,0,0,0,0,0,0,0,0,0,0,0,0,0,0,0,0,0,0,0,0,0,39,0,0,0,0,0,0,0,0,3,1,"['0', '0', '0', '2', '0', '0', '0', '0', '0', '0', '1', '0', '1', '0', '0', '0', '0', '0', '0', '0', '0', '0', '0', '0', '0', '0', '0', '0', '0', '0', '0', '0', '41']"
e19b8e83-449a-4cf7-8cf5-bb3828bd2293,SCISSORS,7,0,0,0,0,0,0,0,0,1,0,0,0,0,0,0,0,0,0,0,0,1,0,1,0,0,0,0,0,0,0,0,0,0,0,0,0,0,0,0,0,0,0,60,0,0,0,0,0,0,0,0,0,1,0,0,0,1,0,0,0,0,0,1,0,0,0,0,0,0,0,0,0,0,0,0,0,0,0,0,0,0,0,0,0,0,44,0,0,0,0,0,0,0,0,3,0,"['0', '0', '0', '0', '0', '0', '0', '0', '0', '0', '0', '0', '0', '0', '0', '0', '0', '0', '0', '0', '0', '0', '0', '0', '0', '0', '0', '0', '0', '0', '0', '0', '44']"
8344d113-b7cf-4309-b182-ce6262a1b6c7,SCISSORS,9,0,0,0,0,0,0,0,0,0,1,0,0,0,0,0,0,0,0,0,0,4,0,2,0,0,0,0,0,0,0,3,0,0,0,0,0,0,0,0,0,0,0,70,0,0,0,0,0,0,0,0,0,3,0,0,0,2,0,0,0,0,2,3,0,0,0,0,0,0,0,0,0,0,0,0,0,0,0,0,0,0,0,0,0,0,62,0,0,0,0,0,0,0,0,5,1,"['0', '0', '0', '0', '0', '0', '0', '0', '0', '0', '2', '0', '2', '0', '0', '0', '0', '0', '0', '0', '0', '0', '0', '0', '0', '0', '0', '0', '0', '0', '0', '0', '57']"
2e8264ef-7753-4ace-86b2-6e493a9672ea,SCISSORS,7,0,0,0,0,0,0,0,0,0,0,0,0,0,0,0,0,0,0,0,0,2,0,0,0,0,0,0,0,0,0,2,0,0,0,0,0,0,0,0,0,0,0,75,0,0,0,0,0,0,0,0,0,1,0,0,0,0,0,0,0,0,1,1,0,0,0,0,1,0,0,0,0,0,0,0,0,0,0,0,0,0,0,0,0,0,67,0,0,0,0,0,0,0,0,4,0,"['0', '0', '0', '0', '0', '0', '0', '0', '0', '0', '0', '0', '0', '0', '0', '0', '0', '0', '0', '0', '0', '0', '0', '0', '0', '0', '0', '0', '0', '0', '0', '0', '57']"
6700354e-472d-419e-86e8-17385e50c01c,ROCK,6,0,0,0,0,0,0,0,0,1,0,0,0,0,0,0,0,0,0,0,0,0,0,0,0,0,0,0,0,0,0,2,0,0,0,0,0,0,0,0,0,0,0,3,0,0,0,0,0,0,0,0,0,0,0,0,0,0,0,0,0,0,0,2,0,0,0,0,1,0,0,0,0,0,0,0,0,0,0,0,0,0,0,0,0,0,2,0,0,0,0,0,0,0,0,0,1,"['0', '0', '0', '1', '0', '0', '0', '0', '0', '0', '0', '0', '0', '0', '0', '0', '0', '0', '0', '0', '1', '0', '0', '0', '0', '0', '0', '0', '0', '0', '0', '0', '4']"
9772d1bb-79b4-4c2c-90b3-33b6ca09c674,ROCK,6,0,0,0,0,0,0,0,0,3,0,0,0,0,0,0,0,0,0,0,0,1,0,2,0,0,0,0,0,0,0,3,0,0,0,0,0,0,0,0,0,0,0,12,0,0,0,0,0,0,0,0,0,4,0,0,0,0,0,0,0,0,0,2,0,0,0,0,3,0,0,0,0,0,0,0,0,0,0,0,0,0,0,0,0,0,8,0,0,0,0,0,0,0,0,3,4,"['0', '0', '0', '1', '0', '0', '0', '0', '0', '0', '0', '0', '1', '0', '0', '0', '0', '0', '0', '0', '0', '0', '0', '0', '0', '0', '0', '0', '0', '0', '0', '0', '13']"
77d664be-511c-4a35-915d-fcf0596f689d,PAPER,9,0,0,0,0,0,0,0,0,1,2,0,0,0,4,0,0,0,0,0,0,2,0,7,0,0,0,0,0,0,0,11,0,0,0,0,0,0,0,0,0,0,0,33,0,0,0,0,0,0,0,0,0,7,0,0,0,0,0,0,0,0,0,17,3,0,0,0,0,0,0,0,0,0,0,0,0,0,0,0,0,0,0,0,0,0,28,0,0,0,0,0,0,0,0,10,9,"['0', '0', '0', '0', '0', '0', '0', '0', '0', '0', '6', '0', '0', '0', '0', '0', '0', '0', '0', '0', '0', '0', '0', '0', '0', '0', '0', '2', '0', '0', '0', '0', '35']"
b0205cc9-9175-4113-b12e-995cc4867aba,SCISSORS,5,0,0,0,0,0,0,0,0,0,1,0,0,0,0,0,0,0,0,0,0,3,0,0,0,0,0,0,0,0,0,0,0,0,0,0,0,0,0,0,0,0,0,36,0,0,0,0,0,0,0,0,0,2,0,0,0,1,0,0,0,0,0,0,1,0,0,0,0,0,0,0,0,0,0,0,0,0,0,0,0,0,0,0,0,0,34,0,0,0,0,0,0,0,0,3,1,"['0', '0', '0', '0', '0', '0', '0', '0', '0', '0', '0', '0', '0', '0', '0', '0', '0', '0', '0', '0', '0', '0', '0', '0', '0', '0', '0', '0', '0', '0', '0', '0', '38']"
59bbfb53-a605-47bd-9b83-bcd6ef3832e8,PAPER,6,0,0,0,0,0,0,0,0,0,0,0,0,0,7,0,0,0,0,0,0,1,0,1,0,0,0,0,0,0,0,1,0,0,0,0,0,0,0,0,0,0,0,41,0,0,0,0,0,0,0,0,0,0,0,0,0,0,0,0,0,0,0,10,0,0,0,0,0,0,0,0,0,0,0,0,0,0,0,0,0,0,0,0,0,0,35,0,0,0,0,0,0,0,0,1,0,"['0', '0', '0', '0', '0', '0', '0', '0', '0', '0', '9', '0', '0', '0', '0', '0', '0', '0', '0', '0', '0', '0', '0', '0', '0', '0', '0', '0', '0', '0', '0', '0', '41']"
c3ac9d02-1295-460c-9c70-e5e2ae05ca47,SCISSORS,6,0,0,0,0,0,0,0,0,0,6,0,0,0,0,0,0,0,0,0,0,2,0,1,0,0,0,0,0,0,0,4,0,0,0,0,0,0,0,0,0,0,0,48,0,0,0,0,0,0,0,0,0,2,0,1,0,1,0,0,0,0,0,6,1,0,0,0,2,0,0,0,0,0,0,0,0,0,0,0,0,0,0,0,0,0,46,0,0,0,0,0,0,0,0,4,5,"['0', '0', '0', '0', '0', '0', '0', '0', '0', '0', '2', '0', '0', '0', '1', '0', '0', '0', '0', '0', '0', '0', '0', '0', '1', '0', '0', '0', '0', '0', '0', '0', '52']"
0a0d923f-7b04-46eb-9655-11ec82e9786a,SCISSORS,7,0,0,0,0,0,0,0,0,0,0,0,0,0,0,0,0,0,0,0,0,0,0,1,0,0,0,0,0,0,0,1,0,0,0,0,0,0,0,0,0,0,0,50,0,0,0,0,0,0,0,0,0,0,0,1,0,0,0,0,0,0,0,1,0,0,0,0,0,0,0,0,0,0,0,0,0,0,0,0,0,0,0,0,0,0,50,0,0,0,0,0,0,0,0,2,0,"['0', '0', '0', '0', '0', '0', '0', '0', '0', '0', '0', '0', '0', '0', '0', '0', '0', '0', '0', '0', '0', '0', '0', '0', '0', '0', '0', '0', '0', '0', '0', '0', '52']"
45709338-f9d4-44d9-963a-309e890199ff,SCISSORS,7,0,0,0,0,0,0,0,0,0,3,0,0,0,0,0,0,0,0,0,0,4,0,1,0,0,0,0,0,0,0,1,0,0,0,0,0,0,0,0,0,0,0,56,0,0,0,0,0,0,0,0,0,1,0,0,0,1,0,0,0,0,0,5,1,0,0,0,1,0,0,0,0,0,0,0,0,0,0,0,0,0,0,0,0,0,57,0,0,0,0,0,0,0,0,6,0,"['0', '0', '0', '0', '0', '0', '0', '0', '0', '0', '0', '0', '0', '0', '0', '0', '0', '0', '0', '0', '0', '0', '0', '0', '3', '0', '0', '0', '0', '0', '0', '0', '55']"
748f3537-80ba-4b40-87ec-9b51b0d38703,ROCK,6,0,0,0,0,0,0,0,0,1,6,0,0,0,0,0,0,0,0,0,0,0,0,3,0,0,0,0,0,0,0,12,0,0,0,0,0,0,0,0,0,0,0,63,0,0,0,0,0,0,0,0,0,6,0,4,0,0,0,0,0,0,0,9,3,0,0,0,0,0,0,0,0,0,0,0,0,0,0,0,0,0,0,0,0,0,67,0,0,0,0,0,0,0,0,3,13,"['0', '0', '0', '0', '0', '0', '0', '0', '0', '0', '4', '0', '0', '0', '0', '0', '0', '0', '0', '0', '0', '0', '0', '0', '2', '0', '0', '0', '0', '0', '0', '0', '70']"
8e59e2ef-edea-4017-990e-cce868004964,PAPER,9,0,0,0,0,0,0,0,0,1,1,0,0,0,0,0,0,0,0,0,0,0,0,2,0,0,0,0,0,0,0,7,0,0,0,0,0,0,0,0,0,0,0,71,0,0,0,0,0,0,0,0,0,1,0,0,0,0,0,0,0,0,0,4,5,0,0,0,1,0,0,0,0,0,0,0,0,0,0,0,0,0,0,0,0,0,74,0,0,0,0,0,0,0,0,2,7,"['0', '0', '0', '0', '0', '0', '0', '0', '0', '0', '0', '0', '0', '0', '0', '0', '0', '0', '0', '0', '0', '0', '0', '0', '2', '0', '0', '0', '0', '0', '0', '0', '79']"
fa5ba79e-6f53-4a49-8c56-0a8757a89fd4,ROCK,8,0,0,0,0,0,0,0,0,1,0,0,0,0,0,0,0,0,0,0,0,0,0,1,0,0,0,0,0,0,0,6,0,0,0,0,0,0,0,0,0,0,0,6,0,0,0,0,0,0,0,0,0,0,0,1,0,0,0,0,0,0,0,3,1,0,0,0,0,0,0,0,0,0,3,0,0,0,0,0,0,0,0,0,0,0,16,0,0,0,0,0,0,0,0,1,5,"['0', '0', '0', '1', '0', '0', '0', '0', '0', '0', '0', '0', '0', '0', '0', '0', '0', '0', '0', '0', '1', '0', '0', '0', '0', '0', '0', '0', '0', '0', '0', '0', '9']"
d20ab58e-4845-4281-8779-c04c77bef20b,ROCK,9,0,0,0,0,0,0,0,0,2,2,0,0,0,0,0,0,0,0,0,0,0,0,0,0,0,0,0,0,0,0,3,0,0,0,0,0,0,0,0,0,0,0,13,0,0,0,0,0,0,0,0,0,0,0,1,0,0,0,0,0,0,0,3,1,0,0,0,0,0,0,0,0,0,1,0,0,0,0,0,0,0,1,0,0,0,33,0,0,0,0,0,0,0,0,1,6,"['0', '0', '0', '0', '0', '0', '0', '0', '0', '0', '0', '0', '0', '0', '0', '0', '0', '0', '0', '0', '0', '0', '0', '0', '0', '0', '0', '0', '0', '0', '0', '0', '19']"
36680e83-b567-48b2-bb27-76d87f86da32,PAPER,5,0,0,0,0,0,0,0,0,0,9,0,0,0,2,0,0,0,0,0,0,1,0,2,0,0,0,0,0,0,0,2,0,0,0,0,0,0,0,0,0,0,0,22,0,0,0,0,0,0,0,0,0,6,0,0,0,0,0,0,0,0,0,8,1,0,0,0,0,0,0,0,0,0,1,0,0,0,0,0,0,0,0,0,0,0,55,0,0,0,0,0,0,0,0,1,7,"['0', '3', '0', '0', '0', '0', '0', '0', '0', '0', '3', '0', '0', '0', '0', '0', '0', '0', '0', '0', '0', '0', '2', '0', '0', '0', '0', '0', '0', '0', '0', '0', '28']"
a616ce3a-0604-4002-81e5-40c515109ea1,ROCK,5,0,0,0,0,0,0,0,0,2,2,0,0,0,0,0,0,0,0,0,0,0,0,4,0,0,0,0,0,0,0,3,0,0,0,0,0,0,0,0,0,0,0,26,0,0,0,0,0,0,0,0,0,5,0,1,0,0,0,0,0,0,0,0,4,0,0,0,1,0,0,0,0,0,0,0,0,0,0,0,0,0,0,0,0,0,65,0,0,0,0,0,0,0,0,2,7,"['0', '0', '0', '1', '0', '0', '0', '0', '0', '0', '0', '0', '0', '0', '1', '0', '0', '0', '0', '0', '0', '0', '0', '0', '0', '0', '0', '0', '0', '0', '0', '0', '36']"
4a51453c-2981-4d8d-a60f-0fd579f4aa33,ROCK,9,0,0,0,0,0,0,0,0,5,0,0,0,0,0,0,0,0,0,0,0,4,0,1,0,0,0,0,0,0,0,0,0,0,0,0,0,0,0,0,0,0,0,29,0,0,0,0,0,0,0,0,0,4,0,0,0,0,0,0,0,0,0,1,5,0,0,0,0,0,0,0,0,0,0,0,0,0,0,0,0,0,0,0,0,0,70,0,0,0,0,0,0,0,0,3,3,"['0', '0', '0', '3', '0', '0', '0', '0', '0', '0', '1', '0', '0', '0', '0', '0', '0', '0', '0', '0', '0', '0', '0', '0', '0', '0', '0', '0', '0', '0', '0', '0', '43']"
0e409aa5-9b3d-4a77-a165-30b02ae624da,ROCK,7,0,0,0,0,0,0,0,0,3,0,0,0,0,0,0,0,0,0,0,0,0,0,0,0,0,0,0,0,0,0,0,0,0,0,0,0,0,0,0,0,0,0,29,0,0,0,0,0,0,0,0,0,0,0,1,0,0,0,0,0,0,0,0,1,0,0,0,0,0,0,0,0,0,1,0,0,0,0,0,0,0,0,0,0,0,76,0,0,0,0,0,0,0,0,1,1,"['0', '0', '0', '0', '0', '0', '0', '0', '0', '0', '0', '0', '0', '0', '1', '0', '0', '0', '0', '0', '0', '0', '0', '0', '0', '0', '0', '0', '0', '0', '0', '0', '48']"
2df43b82-5890-454e-af5c-8729a713ba03,ROCK,8,0,0,0,0,0,0,0,0,3,0,0,0,0,0,0,0,0,0,0,0,2,0,2,0,0,0,0,0,0,0,2,0,0,0,0,0,0,0,0,0,0,0,35,0,0,0,0,0,0,0,0,0,2,0,1,0,0,0,0,0,0,0,1,3,0,0,0,0,0,0,0,0,0,2,0,0,0,0,0,0,0,0,0,0,0,92,0,0,0,0,0,0,0,0,3,4,"['0', '0', '0', '1', '0', '0', '0', '0', '0', '0', '0', '0', '0', '0', '1', '0', '0', '0', '0', '0', '0', '0', '0', '0', '0', '0', '0', '0', '0', '0', '0', '0', '55']"
914b9c09-d901-4d06-b7ce-80186d41b996,ROCK,8,0,0,0,0,0,0,0,0,5,0,0,0,0,0,0,0,0,0,0,0,0,0,0,0,0,0,0,0,0,0,0,0,0,0,0,0,0,0,0,0,0,0,41,0,0,0,0,0,0,0,0,0,0,0,3,0,0,0,0,0,0,0,2,0,0,0,0,0,0,0,0,0,0,0,0,0,0,0,0,0,0,0,0,0,0,105,0,0,0,0,0,0,0,0,2,2,"['0', '0', '0', '1', '0', '0', '0', '0', '0', '0', '0', '0', '0', '0', '0', '0', '0', '0', '0', '0', '0', '0', '0', '0', '0', '0', '0', '0', '0', '0', '0', '0', '64']"
abebf0f6-a4de-41d0-9450-92a2e6c8fd5e,ROCK,6,0,0,0,0,0,0,0,0,7,0,0,0,0,0,0,0,0,0,0,0,0,0,2,0,0,0,0,0,0,0,0,0,0,0,0,0,0,0,0,0,0,0,48,0,0,0,0,0,0,0,0,0,4,0,1,0,0,0,0,0,0,0,1,3,0,0,0,0,0,0,0,0,0,0,0,0,0,0,0,0,0,0,0,0,0,117,0,0,0,0,0,0,0,0,3,5,"['0', '0', '0', '1', '0', '0', '0', '0', '0', '0', '0', '0', '0', '0', '0', '0', '0', '0', '0', '0', '0', '0', '0', '0', '0', '0', '0', '0', '0', '0', '0', '0', '73']"
8173a521-282d-4433-9514-fda6deb207e7,ROCK,9,0,0,0,0,0,0,0,0,3,0,0,0,0,0,0,0,0,0,0,0,0,0,1,0,0,0,0,0,0,0,0,0,0,0,0,0,0,0,0,0,0,0,50,0,0,0,0,0,0,0,0,0,0,0,0,0,0,0,0,0,0,0,1,3,0,0,0,0,0,0,0,0,0,0,0,0,0,0,0,0,0,0,0,0,0,122,0,0,0,0,0,0,0,0,0,1,"['0', '0', '0', '2', '0', '0', '1', '0', '0', '0', '0', '0', '0', '0', '0', '0', '0', '0', '0', '0', '0', '0', '0', '0', '0', '0', '0', '0', '0', '0', '0', '0', '80']"
4bf9622b-917c-4323-9b02-28f47e22b493,PAPER,5,0,0,0,0,0,0,0,0,1,6,0,0,0,4,0,0,0,0,0,0,1,0,1,0,0,0,0,0,0,0,0,0,0,0,0,0,0,0,0,0,0,0,8,0,0,0,0,0,0,0,0,0,1,0,1,0,0,0,0,0,0,0,6,1,0,0,0,3,0,0,0,0,1,0,0,0,0,0,0,0,0,0,0,0,0,12,0,2,0,0,0,0,0,0,0,11,"['0', '0', '0', '0', '0', '0', '0', '0', '0', '0', '0', '0', '0', '0', '0', '0', '0', '0', '0', '0', '0', '0', '0', '0', '0', '0', '0', '0', '0', '0', '0', '0', '3']"
a1f2bdcf-fbd0-431f-98a4-46841630a9d8,ROCK,8,0,0,0,0,0,0,0,0,3,0,0,0,0,0,0,0,0,0,0,0,0,0,0,0,0,0,0,0,0,0,0,0,0,0,0,0,0,0,0,0,0,0,11,0,0,0,0,0,0,0,0,0,0,0,0,0,0,0,0,0,0,0,1,0,0,0,0,0,0,0,0,0,2,0,0,0,0,0,0,0,0,0,0,0,0,14,0,0,0,0,0,0,0,0,0,0,"['0', '0', '0', '2', '0', '0', '0', '1', '0', '0', '0', '0', '0', '0', '0', '0', '0', '0', '0', '0', '0', '0', '0', '0', '0', '0', '0', '0', '0', '0', '0', '0', '8']"
5a13f81a-7714-4e9b-8470-8662f4a4e1a9,ROCK,5,0,0,0,0,0,0,0,0,1,1,0,0,0,0,0,0,0,0,0,0,0,0,0,0,0,0,0,0,0,0,0,0,0,0,0,0,0,0,0,0,0,0,13,0,0,0,0,0,0,0,0,0,1,0,1,0,0,0,0,0,0,0,0,0,0,0,0,0,0,0,0,0,0,0,0,0,0,0,0,0,0,0,0,0,0,16,0,0,0,0,0,0,0,0,0,1,"['0', '0', '0', '1', '0', '0', '0', '0', '0', '0', '0', '0', '0', '0', '0', '0', '0', '0', '0', '0', '0', '0', '0', '0', '0', '0', '0', '0', '0', '0', '0', '0', '11']"
4e632315-f70e-4903-89e4-0b91613ee0ca,PAPER,5,0,0,0,0,0,0,0,0,0,4,0,0,0,1,0,0,0,0,0,0,1,0,0,0,0,0,0,0,0,0,0,0,0,0,0,0,0,0,0,0,0,0,18,0,0,0,0,0,0,0,0,0,1,0,0,0,0,0,0,0,0,0,3,0,0,0,0,0,0,0,0,0,0,2,0,0,0,0,0,0,0,0,0,0,0,23,0,0,0,0,0,0,0,0,0,1,"['0', '2', '0', '0', '0', '0', '0', '0', '0', '0', '3', '0', '0', '0', '0', '0', '0', '0', '0', '0', '0', '0', '0', '0', '0', '0', '0', '0', '0', '0', '0', '0', '14']"
e87f69ad-a23d-4404-b083-e08405511d01,PAPER,7,0,0,0,0,0,0,0,0,1,1,0,0,0,13,0,0,0,0,0,0,1,0,0,0,0,0,0,0,0,0,0,0,0,0,0,0,0,0,0,0,0,0,23,0,0,0,0,0,0,0,0,0,0,0,0,0,0,0,0,0,0,0,15,0,0,0,0,0,0,0,0,0,0,1,0,0,0,0,0,0,0,0,0,0,0,29,0,0,0,0,0,0,0,0,0,1,"['0', '0', '0', '0', '0', '0', '0', '1', '0', '0', '14', '0', '0', '0', '0', '0', '0', '0', '0', '0', '0', '0', '0', '0', '0', '0', '0', '0', '0', '0', '0', '0', '18']"
6a3a0388-af1d-4a36-97cc-e426384533b3,PAPER,5,0,0,0,0,0,0,0,0,1,8,0,0,0,5,0,0,0,0,0,0,1,0,1,0,0,0,0,0,0,0,0,0,0,0,0,0,0,0,0,0,0,0,29,0,0,0,0,0,0,0,0,0,2,0,4,0,0,0,0,0,0,0,8,1,0,0,0,0,0,0,0,1,0,0,0,0,0,0,0,0,0,0,0,0,0,40,0,0,0,0,0,0,0,0,0,8,"['0', '0', '0', '0', '0', '0', '0', '0', '0', '0', '8', '0', '0', '0', '0', '0', '0', '0', '0', '0', '0', '0', '0', '0', '0', '0', '0', '0', '0', '0', '0', '0', '25']"
43601779-8bb3-48b1-aa45-1fbd6e8d0193,ROCK,9,0,0,0,0,0,0,0,0,2,0,0,0,0,0,0,0,0,0,0,0,0,0,1,0,0,0,0,0,0,0,0,0,0,0,0,0,0,0,0,0,0,0,32,0,0,0,0,0,0,0,0,0,0,0,0,0,0,0,0,0,0,0,0,1,0,0,0,0,0,0,0,1,0,1,0,0,0,0,0,0,0,0,0,0,0,45,0,0,0,0,0,0,0,0,0,0,"['0', '0', '2', '1', '0', '0', '0', '0', '0', '0', '0', '0', '0', '0', '0', '0', '0', '0', '0', '0', '0', '0', '0', '0', '0', '0', '0', '0', '0', '0', '0', '0', '28']"
4c0c0d54-5f56-4e16-92a7-5bfbbe20be19,ROCK,8,0,0,0,0,0,0,0,0,4,0,0,0,0,0,0,0,0,0,0,0,0,0,1,0,0,0,0,0,0,0,0,0,0,0,0,0,0,0,0,0,0,0,36,0,0,0,0,0,0,0,0,0,1,0,0,0,0,0,0,0,0,0,1,3,0,0,0,0,0,0,0,0,0,0,0,0,0,0,0,0,0,0,0,0,0,50,0,0,0,0,0,0,0,0,0,1,"['1', '0', '0', '2', '0', '0', '0', '0', '0', '0', '0', '0', '0', '0', '0', '0', '0', '0', '0', '0', '0', '0', '0', '0', '0', '1', '0', '0', '0', '0', '0', '0', '34']"
c8640776-8264-441e-a6ed-e7dda7e08b35,ROCK,6,0,0,0,0,0,0,0,0,2,0,0,0,0,0,0,0,0,0,0,0,0,0,0,0,0,0,0,0,0,0,0,0,0,0,0,0,0,0,0,0,0,0,38,0,0,0,0,0,0,0,0,0,0,0,0,0,0,0,0,0,0,0,1,1,0,0,0,0,0,0,0,0,0,0,0,0,0,0,0,0,0,0,0,0,0,55,0,0,0,0,0,0,0,0,0,0,"['0', '0', '0', '1', '0', '0', '0', '1', '0', '0', '0', '0', '0', '0', '0', '0', '0', '0', '0', '0', '0', '0', '0', '0', '0', '0', '0', '0', '0', '0', '0', '0', '39']"
36e40d82-0fde-431e-81c6-59ad124eea81,ROCK,5,0,0,0,0,0,0,0,0,2,2,0,0,0,0,0,0,0,0,0,0,2,0,0,0,0,0,0,0,0,0,0,0,0,0,0,0,0,0,0,0,0,0,43,0,0,0,0,0,0,0,0,0,4,0,2,0,0,0,0,0,0,0,0,0,0,0,0,0,0,0,0,0,0,0,0,0,0,0,0,0,0,0,0,0,0,57,0,0,0,0,0,0,0,0,0,2,"['0', '1', '2', '1', '0', '0', '0', '0', '0', '0', '0', '0', '0', '0', '0', '0', '0', '0', '0', '0', '0', '0', '0', '0', '0', '0', '0', '0', '0', '0', '0', '0', '45']"
22c76f70-83f4-4181-9e46-35af12e539a0,SCISSORS,6,0,0,0,0,0,0,0,0,0,0,0,1,0,0,0,0,0,0,0,0,2,0,0,0,0,0,0,0,0,0,1,0,1,0,0,0,0,0,0,0,0,0,6,0,0,0,0,0,0,0,0,0,3,0,0,0,0,0,0,0,0,0,1,0,0,0,0,0,0,0,0,0,0,0,0,0,0,0,0,0,0,1,0,0,0,10,0,0,0,0,0,0,2,0,0,1,"['0', '0', '0', '0', '0', '0', '0', '0', '0', '1', '0', '0', '0', '0', '0', '0', '0', '0', '0', '0', '1', '0', '0', '0', '0', '0', '0', '0', '0', '0', '0', '0', '10']"
bbae63dd-3816-46f3-be3b-5b519621c674,ROCK,9,0,0,0,0,0,0,0,0,2,0,0,0,0,0,2,0,0,0,0,0,0,0,0,0,0,0,0,0,0,0,0,0,0,0,0,0,0,0,0,0,0,0,14,0,0,0,0,0,0,0,0,0,0,0,3,0,0,0,0,0,0,0,1,0,0,0,0,0,0,0,0,0,0,0,0,0,0,0,0,0,0,0,0,0,0,15,0,0,0,0,0,0,0,0,0,0,"['0', '0', '0', '3', '0', '0', '0', '0', '0', '1', '0', '0', '0', '0', '0', '0', '0', '0', '0', '0', '0', '0', '0', '0', '0', '0', '0', '0', '0', '0', '0', '0', '21']"
df9d12df-51f3-4974-b9c4-c8ccc3d9126a,ROCK,9,0,0,0,0,0,0,0,0,3,0,0,0,1,0,1,0,0,0,0,0,0,0,1,0,0,0,0,0,0,0,0,0,0,0,0,0,0,0,0,0,0,0,28,0,0,0,0,0,0,0,0,0,1,0,1,0,0,0,0,0,0,0,0,2,0,0,1,0,0,0,0,0,0,1,0,0,0,0,0,0,0,0,0,0,0,28,0,0,1,0,0,0,0,0,0,1,"['0', '0', '0', '2', '0', '0', '0', '0', '0', '0', '0', '0', '0', '2', '0', '0', '0', '0', '0', '0', '0', '0', '0', '0', '0', '0', '0', '0', '0', '0', '0', '0', '29']"
bb85bd89-5308-44f2-b620-c33b11e5952c,SCISSORS,6,0,0,0,0,0,0,0,0,1,2,0,1,0,0,0,0,0,0,0,0,2,0,1,1,0,0,0,0,0,0,0,0,0,0,0,0,0,0,0,0,0,0,38,0,0,0,0,0,0,0,0,0,3,0,1,0,1,0,0,0,0,0,0,0,0,0,1,0,0,0,0,0,0,2,0,0,0,0,0,0,0,0,0,0,0,48,0,0,1,0,0,0,2,0,0,0,"['0', '1', '0', '0', '1', '0', '0', '0', '0', '1', '0', '0', '0', '0', '0', '0', '0', '0', '0', '0', '0', '0', '0', '0', '2', '0', '0', '0', '0', '0', '0', '0', '42']"
84dbe5c8-576e-4ed9-ac30-f4f1b5f7deec,SCISSORS,9,0,0,0,0,0,0,1,0,8,6,0,0,0,0,0,0,0,0,0,0,0,3,4,0,0,0,0,0,0,0,0,0,0,0,0,0,0,0,0,0,0,0,53,0,0,0,0,0,0,0,0,0,3,0,0,0,1,0,0,0,0,0,5,1,1,0,1,1,0,0,0,2,2,5,0,0,0,0,0,0,0,0,0,0,0,95,0,0,1,0,0,0,3,0,0,6,"['0', '0', '0', '0', '3', '1', '0', '0', '2', '1', '1', '2', '0', '0', '0', '0', '0', '0', '0', '0', '0', '0', '0', '0', '0', '0', '0', '2', '0', '0', '0', '0', '68']"
15f0734a-f91a-48b3-bc72-5912d85e26d0,ROCK,5,0,0,0,0,0,0,0,0,2,7,0,0,0,0,0,0,0,0,0,0,0,0,0,0,0,0,0,0,0,0,0,0,0,0,0,0,0,0,0,0,0,0,63,0,0,0,0,0,0,0,0,0,1,0,0,0,0,0,0,0,0,0,0,2,0,0,0,0,0,0,0,3,0,3,0,0,0,0,0,0,0,0,0,0,0,110,0,0,0,0,0,0,0,0,0,6,"['0', '1', '0', '0', '0', '0', '0', '0', '0', '0', '1', '0', '0', '0', '0', '0', '0', '0', '0', '0', '0', '0', '0', '0', '0', '0', '0', '0', '1', '0', '0', '0', '83']"
119ad0b6-61c4-47b6-8a2b-29b24eab2c99,SCISSORS,8,0,0,0,0,0,0,0,0,1,0,0,0,0,0,0,0,0,0,0,0,1,0,0,0,0,0,0,0,0,0,0,0,0,0,0,0,0,0,0,0,0,0,65,0,0,0,0,0,0,0,0,0,0,0,0,0,1,0,0,0,0,0,0,0,0,0,0,0,0,0,0,0,0,1,0,0,0,0,0,0,0,0,0,0,0,114,0,0,1,0,0,0,0,0,0,0,"['0', '0', '0', '0', '0', '0', '0', '0', '0', '1', '0', '0', '0', '0', '0', '0', '0', '0', '0', '0', '0', '0', '0', '0', '0', '0', '0', '0', '0', '0', '0', '0', '88']"
b3404b83-a1a7-4dd6-a1e9-b459ad04f3e7,ROCK,7,0,0,0,0,0,0,1,0,2,0,0,0,0,0,0,0,0,0,0,0,0,0,0,0,0,0,0,0,0,0,0,0,0,0,0,0,0,0,0,0,0,0,74,0,0,0,0,0,0,0,0,0,0,0,0,0,0,0,0,0,0,0,0,0,0,0,0,0,0,0,0,2,0,1,0,0,0,0,0,0,0,0,0,0,0,119,0,0,0,0,0,0,0,0,0,0,"['0', '0', '0', '1', '0', '0', '0', '0', '0', '1', '0', '0', '0', '0', '0', '0', '0', '0', '0', '0', '0', '0', '0', '0', '0', '0', '0', '0', '0', '0', '1', '0', '97']"
bcb5fc22-2ecb-4d3a-bce2-0ca4e3dcbbf6,ROCK,6,0,0,0,0,0,0,7,0,2,2,0,0,0,0,1,0,0,0,0,0,0,0,0,0,0,0,0,0,0,3,0,0,1,0,0,0,0,0,0,0,0,0,90,0,0,0,0,0,0,0,0,0,2,0,4,0,0,0,0,0,0,0,2,3,0,0,0,0,0,0,0,4,0,1,0,0,0,0,0,0,0,0,0,0,0,140,0,0,1,0,0,0,1,0,0,10,"['0', '0', '0', '1', '0', '0', '0', '0', '0', '0', '0', '1', '0', '0', '0', '0', '0', '0', '0', '0', '0', '0', '0', '0', '0', '0', '0', '2', '0', '0', '0', '0', '113']"
6d135a40-3fe3-47d1-9764-c8d6dd11ff5b,ROCK,6,2,0,0,0,0,0,0,0,4,0,0,0,0,0,2,0,0,0,0,0,3,0,0,0,0,0,0,0,0,0,0,0,0,0,0,0,0,0,0,0,0,0,108,0,0,0,0,0,0,0,0,0,1,0,1,0,0,0,0,0,0,0,0,5,0,0,1,0,0,0,0,1,1,1,0,0,0,0,0,0,0,0,0,0,0,155,0,0,0,0,0,0,2,0,0,4,"['0', '0', '0', '4', '0', '0', '0', '0', '0', '0', '0', '0', '0', '0', '0', '0', '0', '0', '0', '0', '0', '0', '0', '0', '0', '0', '0', '0', '1', '0', '0', '0', '129']"
109d2df2-cc53-48c4-8592-7992efff2af4,SCISSORS,8,0,0,0,0,0,0,0,0,0,0,0,0,0,0,0,0,0,0,0,0,3,0,0,0,0,0,0,0,0,0,1,0,0,0,0,0,0,0,0,0,0,0,2,0,0,0,0,0,0,0,0,0,0,0,0,0,0,0,0,0,0,0,0,0,1,0,0,0,0,0,0,0,0,1,0,0,0,0,0,0,0,2,0,0,0,4,0,0,0,0,0,0,0,0,0,0,"['0', '0', '0', '0', '0', '0', '0', '0', '0', '0', '0', '0', '0', '0', '0', '0', '0', '0', '0', '0', '1', '0', '0', '0', '0', '0', '0', '0', '0', '3', '0', '0', '3']"
08b519f9-f16b-4cb6-9eae-7e5664a08513,ROCK,8,0,0,0,0,0,0,0,0,3,0,0,1,0,0,0,0,0,0,0,0,0,0,0,0,0,0,0,0,0,4,0,0,0,2,0,0,0,0,0,0,0,0,11,0,0,0,0,0,0,0,0,0,5,0,0,0,0,0,0,0,0,0,0,0,3,0,1,0,0,0,0,0,0,1,0,0,0,0,0,0,0,0,0,0,0,11,0,0,3,0,0,0,0,0,0,3,"['0', '0', '0', '2', '0', '0', '0', '0', '0', '0', '1', '0', '0', '0', '0', '0', '0', '0', '0', '0', '0', '0', '0', '0', '0', '0', '0', '0', '0', '1', '0', '0', '9']"
613c96a0-6773-4eca-98f6-d00339d6ff2b,ROCK,7,0,0,0,0,0,0,0,0,4,0,0,0,0,0,0,0,0,0,0,0,1,0,1,0,0,0,0,0,0,1,0,0,0,1,0,0,0,0,0,1,0,0,23,0,0,0,0,0,0,0,0,0,2,0,0,0,0,0,0,0,0,0,1,5,0,0,0,0,0,0,0,1,0,0,0,0,0,0,0,0,0,0,0,0,0,18,0,0,1,0,0,0,0,0,0,1,"['0', '0', '0', '3', '0', '0', '0', '0', '0', '0', '0', '0', '0', '1', '0', '0', '2', '0', '0', '0', '0', '0', '0', '0', '0', '0', '0', '0', '0', '0', '1', '0', '24']"
f173528c-c255-4cfa-8815-c66f5eda06dd,SCISSORS,6,0,0,0,0,0,0,0,0,1,1,0,1,0,0,0,0,0,0,0,0,4,0,0,0,0,0,0,0,0,0,0,0,0,0,0,0,0,0,0,0,0,0,26,0,0,0,0,0,0,0,0,0,2,0,0,0,0,0,0,0,0,0,0,0,1,0,0,0,0,0,0,0,0,1,0,0,0,0,0,0,0,3,0,0,0,24,0,0,0,0,0,0,0,0,0,0,"['0', '1', '0', '0', '0', '0', '0', '0', '0', '0', '1', '0', '0', '0', '0', '0', '0', '0', '0', '0', '0', '0', '0', '1', '0', '0', '0', '0', '0', '4', '0', '0', '29']"
e45e3a6c-1aa4-4f7b-aaff-962f5fae3a6e,ROCK,8,0,0,0,0,0,0,0,0,0,0,0,0,0,0,0,0,0,0,0,2,0,0,0,0,0,0,0,0,0,0,0,0,0,3,0,0,0,0,1,0,0,0,35,0,0,0,0,0,0,0,0,0,1,0,1,0,0,0,0,0,0,0,0,0,3,0,0,0,0,0,0,0,0,1,0,0,0,0,0,0,0,0,0,0,0,32,0,0,0,0,0,0,0,0,0,2,"['0', '0', '0', '2', '0', '0', '0', '0', '0', '0', '0', '0', '0', '0', '0', '0', '0', '0', '0', '0', '0', '0', '0', '0', '0', '0', '0', '0', '0', '2', '0', '0', '34']"
2ddc7541-c203-4668-9e7d-07457df0e508,ROCK,6,0,0,0,0,0,0,0,0,3,0,0,0,0,0,0,0,0,0,0,0,0,0,0,0,0,0,0,0,0,4,0,0,0,0,0,0,0,0,0,0,0,0,38,0,0,0,0,0,0,0,0,0,2,0,0,0,0,0,0,0,0,0,0,4,0,0,0,0,0,0,0,0,0,1,0,0,0,0,0,0,0,0,0,0,0,37,0,0,1,0,0,0,0,0,0,4,"['0', '0', '0', '1', '0', '0', '0', '0', '0', '0', '1', '0', '0', '0', '0', '0', '0', '0', '0', '0', '0', '0', '0', '0', '0', '0', '0', '0', '0', '0', '0', '0', '46']"
a0cbd18b-0e8e-4ccd-91a1-78698dd5e583,SCISSORS,7,0,0,0,0,0,0,0,0,1,1,0,0,0,0,0,0,0,0,0,0,0,0,0,0,0,0,0,0,0,2,0,0,0,1,0,0,0,0,0,0,0,0,42,0,0,0,0,0,0,0,0,0,0,0,0,0,1,0,0,0,0,0,0,0,1,0,0,0,0,0,0,1,0,2,0,0,0,0,0,0,0,0,0,0,0,45,0,0,0,0,0,0,0,0,0,1,"['0', '0', '0', '0', '0', '0', '0', '0', '0', '0', '0', '0', '0', '0', '0', '0', '0', '1', '0', '0', '0', '0', '0', '0', '1', '0', '0', '0', '0', '2', '0', '0', '53']"
6895ff53-e844-4f54-961a-9fc2a3717733,ROCK,9,0,0,0,0,0,0,0,0,1,0,0,3,0,0,0,0,0,0,0,0,0,0,0,0,0,0,0,0,0,9,0,0,0,0,0,0,0,0,0,0,0,0,48,0,0,0,0,0,0,0,0,0,4,0,0,0,0,0,0,0,0,0,0,0,2,0,0,0,0,0,0,6,0,1,0,0,0,0,0,0,0,0,0,0,0,53,0,0,4,0,0,0,0,0,0,7,"['0', '0', '0', '1', '0', '0', '0', '0', '0', '0', '0', '0', '0', '0', '0', '0', '0', '0', '0', '0', '0', '0', '0', '0', '0', '0', '0', '0', '0', '1', '0', '0', '67']"
ca84863e-99d2-4499-a441-19c2bab4448a,ROCK,9,0,0,0,0,0,0,0,0,5,0,0,0,0,0,0,0,0,0,0,0,0,0,0,0,0,0,0,0,0,1,0,0,0,1,0,0,0,0,1,0,0,0,53,0,0,0,0,0,0,0,0,0,2,0,0,0,0,0,0,0,0,0,0,0,4,0,0,0,0,0,0,0,1,1,0,0,0,0,0,0,0,0,0,0,0,61,0,0,0,0,0,0,0,0,0,3,"['0', '0', '0', '3', '0', '0', '0', '0', '0', '0', '0', '0', '0', '0', '0', '0', '0', '0', '0', '0', '0', '0', '0', '2', '0', '0', '0', '0', '0', '0', '0', '0', '80']"
d0aaef46-5b0b-4776-8eb5-a1dddc8301b0,ROCK,9,0,0,0,0,0,0,0,0,2,0,0,0,0,0,0,0,0,0,0,0,0,0,0,0,0,0,0,0,0,1,0,0,0,1,0,0,0,0,0,0,0,0,57,0,0,0,0,0,0,0,0,0,0,0,2,0,0,0,0,0,0,0,0,0,0,0,0,0,0,0,0,0,0,2,0,0,0,0,0,0,0,0,0,0,0,65,0,0,1,0,0,0,0,0,0,1,"['0', '0', '0', '0', '0', '0', '0', '0', '0', '0', '0', '0', '0', '0', '0', '0', '0', '0', '0', '0', '0', '0', '0', '0', '1', '0', '0', '0', '1', '0', '0', '0', '91']"
13cb3ffb-b099-401f-a8f5-d821c99f5c70,SCISSORS,6,0,0,0,0,0,0,0,0,0,6,0,3,0,0,0,0,0,0,0,0,3,0,0,0,0,0,0,0,0,3,1,0,0,1,0,0,0,0,0,0,0,0,13,0,0,0,0,0,0,0,0,0,10,0,0,0,1,0,0,0,0,0,0,0,0,0,1,0,0,0,0,0,0,5,0,0,0,0,0,0,0,0,0,0,0,24,0,0,0,0,0,0,0,0,0,5,"['0', '2', '0', '0', '0', '0', '0', '0', '0', '1', '0', '0', '0', '1', '0', '0', '0', '0', '0', '0', '1', '0', '0', '6', '1', '0', '0', '0', '0', '0', '0', '0', '20']"
01ea620e-2cae-46f5-9dd9-f495830b084e,PAPER,6,0,0,0,0,0,0,0,0,0,4,0,1,0,0,0,0,0,0,0,0,0,0,0,1,0,0,0,0,0,0,0,0,0,2,0,0,0,0,0,0,2,0,22,0,0,0,0,0,0,0,0,2,0,0,2,0,0,1,0,0,0,0,0,0,0,0,0,0,0,0,0,0,2,3,0,0,0,0,0,0,0,0,0,0,0,40,0,0,0,0,0,0,0,0,0,4,"['0', '2', '0', '0', '0', '0', '0', '0', '0', '0', '3', '0', '0', '0', '0', '0', '0', '0', '0', '0', '0', '0', '0', '0', '0', '0', '0', '0', '0', '1', '0', '0', '29']"
9b55c212-d98b-40d1-9dc9-43ff32f72ab8,ROCK,9,0,0,0,1,0,0,0,1,2,0,0,1,0,0,0,0,0,0,0,0,0,0,0,0,0,0,0,0,0,1,0,0,0,0,0,0,0,0,0,0,0,0,28,0,0,0,0,0,0,0,0,0,2,0,0,0,0,0,0,0,0,0,0,0,1,0,0,0,0,0,0,0,2,1,0,0,0,0,0,0,0,0,0,0,0,49,0,0,0,0,0,0,0,0,0,1,"['0', '0', '0', '1', '0', '0', '2', '0', '0', '1', '0', '0', '0', '0', '0', '0', '0', '0', '0', '0', '0', '0', '0', '0', '0', '0', '0', '0', '1', '0', '0', '0', '36']"
ad32d3a0-4b7d-45e3-94b6-479d6622c4b3,SCISSORS,6,0,0,0,0,0,0,0,1,1,4,0,2,0,0,0,0,0,0,0,0,0,0,0,0,0,0,0,0,0,3,0,0,0,0,0,0,0,0,0,0,0,0,41,0,0,0,0,0,0,0,0,0,5,0,1,0,0,0,0,0,0,0,0,0,0,0,0,0,0,0,0,0,0,3,0,0,0,0,0,0,0,2,0,0,0,65,0,0,0,0,0,0,0,0,0,1,"['0', '0', '0', '0', '0', '0', '0', '0', '0', '0', '0', '0', '0', '1', '0', '0', '0', '0', '0', '0', '0', '0', '0', '4', '2', '1', '0', '0', '0', '2', '0', '0', '46']"
e834b81b-5eb1-4679-922d-2cb9f8d093c8,PAPER,7,0,0,0,0,0,0,0,2,0,0,0,0,0,0,0,0,0,0,0,0,0,0,0,0,0,0,0,0,0,1,0,0,0,0,0,0,0,0,0,0,2,0,47,0,0,0,0,1,0,0,0,1,0,0,0,0,0,0,0,0,0,0,0,0,0,0,0,0,0,0,0,0,1,2,0,0,0,0,0,0,0,0,0,0,0,75,0,0,0,0,0,0,0,0,0,1,"['0', '0', '0', '0', '0', '0', '0', '0', '0', '0', '0', '2', '0', '0', '0', '0', '0', '0', '0', '0', '0', '0', '0', '0', '0', '0', '0', '0', '0', '2', '0', '0', '49']"
162cc0fc-3c6b-4839-b4aa-9832a039d24c,ROCK,5,0,0,0,0,0,0,0,0,3,1,2,0,0,0,0,0,0,0,0,0,1,0,0,1,0,0,0,0,0,0,0,0,0,0,0,0,0,0,0,0,0,0,60,0,0,0,0,0,0,0,0,0,3,0,0,0,0,0,0,0,0,0,0,4,0,0,1,0,0,0,0,0,0,0,0,0,0,0,0,0,0,0,0,0,0,82,0,0,0,0,0,0,0,0,0,3,"['0', '0', '0', '2', '0', '0', '0', '0', '0', '0', '1', '0', '0', '0', '0', '0', '0', '0', '0', '0', '0', '0', '0', '0', '0', '0', '0', '0', '0', '2', '0', '0', '54']"
f6b1f57d-515a-4a7a-a0bd-dcc0ee286cc4,SCISSORS,6,0,0,0,0,0,0,0,0,1,0,0,3,0,0,0,0,0,0,0,0,0,0,0,0,0,0,0,0,0,0,0,0,0,0,0,0,0,0,0,0,0,0,64,0,0,0,0,0,0,0,0,0,0,0,1,0,1,0,0,0,0,0,0,0,0,0,1,0,0,0,0,0,0,1,0,0,0,0,0,0,0,0,0,0,0,91,0,0,0,0,0,0,0,0,0,0,"['0', '0', '0', '0', '0', '0', '0', '0', '0', '0', '0', '0', '0', '0', '0', '0', '0', '0', '0', '0', '0', '0', '0', '2', '0', '0', '0', '0', '0', '2', '0', '0', '60']"
6bd919da-d212-450f-8262-c85027d47422,SCISSORS,7,0,0,0,0,0,0,0,0,0,3,1,1,0,0,0,0,0,0,0,0,2,0,0,1,0,0,0,0,0,0,0,0,0,0,0,0,0,0,0,0,0,0,72,0,0,0,0,0,0,0,0,0,0,0,0,0,1,0,0,0,0,0,1,0,0,0,1,0,0,0,0,0,0,4,0,0,0,0,0,0,0,1,0,0,0,104,0,0,0,0,0,0,0,0,0,1,"['0', '2', '0', '0', '0', '0', '0', '0', '0', '0', '1', '0', '0', '0', '0', '0', '0', '0', '0', '0', '0', '0', '0', '0', '1', '0', '0', '0', '0', '3', '0', '0', '71']"
ed2964c9-f49f-48aa-bbba-74429ce25846,ROCK,8,0,0,0,0,0,0,0,0,1,1,3,0,0,0,0,0,0,0,0,0,0,0,0,1,0,0,0,0,0,2,0,0,0,0,0,0,0,0,0,0,0,0,81,0,0,0,0,0,0,0,0,0,0,0,1,0,0,0,0,0,0,0,0,1,0,0,0,0,0,0,0,1,1,4,0,0,0,0,0,0,0,0,0,0,0,114,0,0,0,0,0,0,0,0,0,2,"['0', '0', '0', '1', '0', '0', '0', '0', '0', '0', '1', '0', '0', '0', '0', '0', '0', '0', '0', '0', '0', '0', '0', '2', '1', '0', '0', '0', '0', '1', '0', '0', '83']"
bc171cb4-1ca1-4105-952c-8ec7556b4343,ROCK,8,0,0,0,0,0,0,0,0,3,0,0,0,0,0,0,0,0,0,0,0,0,0,0,0,0,0,0,0,0,2,0,0,0,0,0,0,0,0,0,0,0,0,83,0,0,0,0,0,0,0,0,0,0,0,3,0,0,0,0,0,0,0,0,0,0,0,1,0,0,0,0,0,0,1,0,0,0,0,0,0,0,0,0,0,0,121,0,0,0,0,0,0,0,0,0,1,"['0', '0', '0', '2', '0', '0', '0', '0', '0', '0', '0', '0', '0', '0', '0', '0', '0', '0', '0', '0', '0', '0', '0', '0', '0', '0', '0', '0', '0', '2', '0', '0', '87']"
8bb852e8-5113-4f14-9bd5-058203a08f1e,ROCK,6,0,0,0,0,0,0,0,0,2,0,0,1,0,0,0,0,0,0,0,1,4,0,0,0,0,0,0,0,0,1,3,0,0,0,0,0,0,0,0,0,0,0,12,0,0,0,0,0,0,0,0,0,4,0,2,0,0,0,0,0,0,0,0,5,0,0,0,0,0,0,0,0,0,1,0,0,0,0,0,0,0,0,0,0,0,10,0,0,0,0,0,0,0,0,0,5,"['0', '1', '0', '1', '0', '0', '0', '0', '0', '0', '0', '0', '0', '0', '0', '0', '0', '0', '0', '0', '1', '0', '0', '4', '0', '0', '0', '0', '0', '0', '0', '0', '14']"
008840bf-e6ee-4c6a-8dfa-3951ecdfdeda,ROCK,7,0,0,0,0,0,1,0,0,2,0,1,2,0,0,0,0,0,0,0,0,2,0,0,0,0,0,0,0,0,1,0,0,0,0,0,0,0,0,0,0,0,0,22,0,0,0,0,0,0,0,0,0,4,0,0,0,0,0,0,0,0,0,0,3,0,0,1,0,0,0,0,0,0,1,0,0,0,0,0,0,0,0,0,0,0,18,0,0,4,0,0,0,0,0,0,3,"['0', '0', '0', '0', '0', '0', '0', '0', '0', '0', '0', '0', '0', '0', '1', '0', '0', '0', '0', '0', '0', '0', '0', '0', '0', '0', '0', '0', '1', '0', '0', '0', '21']"
381f00d3-444b-430f-8ae5-89c275a138f1,ROCK,6,0,0,0,0,0,3,0,0,1,0,0,0,0,0,0,0,0,0,0,0,0,0,0,0,0,0,0,0,0,3,0,0,0,0,0,0,0,0,0,0,0,0,26,0,0,0,0,0,0,0,0,0,1,0,5,0,0,0,0,0,0,0,0,0,0,0,0,0,0,0,0,0,0,1,0,0,0,0,0,0,0,0,0,0,0,21,0,0,0,0,0,0,0,0,0,2,"['0', '0', '0', '1', '0', '0', '0', '0', '0', '0', '1', '0', '0', '0', '0', '0', '0', '0', '0', '0', '0', '0', '0', '0', '0', '2', '0', '0', '0', '0', '1', '0', '31']"
174d5c62-2e37-41bc-9a75-04e1c59b0500,SCISSORS,9,0,0,0,0,0,0,0,0,0,2,0,3,0,0,0,0,1,0,0,0,0,0,0,0,0,0,0,0,0,3,0,0,0,0,0,0,0,0,0,0,0,0,34,0,0,0,0,0,0,0,0,0,4,0,0,0,0,0,0,0,0,0,0,0,0,0,0,0,0,0,0,0,1,3,0,0,0,0,0,0,0,1,0,0,0,30,0,0,0,0,0,0,0,0,0,0,"['0', '0', '0', '0', '0', '0', '0', '0', '0', '0', '0', '0', '0', '0', '0', '0', '0', '0', '0', '0', '0', '0', '0', '6', '2', '0', '0', '0', '0', '1', '0', '0', '39']"
a54c98e8-8924-49a6-95c7-7c3032103db0,ROCK,7,0,0,0,0,0,1,0,0,0,2,4,0,0,0,0,0,0,0,0,0,0,0,0,0,0,1,0,0,0,3,0,0,0,0,0,0,0,0,0,0,0,0,48,0,0,0,0,0,0,0,0,0,2,0,0,0,0,0,0,0,0,0,0,0,2,0,0,0,0,0,0,1,3,3,0,0,0,0,0,0,0,0,0,0,0,50,0,0,0,0,0,0,0,0,0,5,"['0', '1', '0', '1', '0', '0', '0', '0', '0', '0', '0', '0', '0', '0', '0', '0', '1', '0', '0', '0', '0', '0', '0', '1', '1', '0', '0', '0', '0', '1', '0', '0', '58']"
5f0defe8-bc22-4c3b-aa43-5932985a7e37,ROCK,6,0,0,0,0,0,1,0,0,0,1,4,0,0,0,0,0,0,0,0,0,0,0,0,0,0,0,0,0,0,0,0,0,0,0,0,0,0,0,0,0,0,0,52,0,0,0,0,0,0,0,0,0,0,0,1,0,0,0,0,0,0,0,0,2,0,0,0,0,0,0,0,1,0,2,0,0,0,0,0,0,0,0,0,0,0,56,0,0,0,0,0,0,0,0,0,1,"['0', '0', '0', '0', '0', '0', '0', '0', '0', '0', '1', '0', '0', '2', '0', '0', '0', '0', '0', '0', '0', '0', '0', '1', '1', '0', '0', '0', '0', '0', '0', '0', '73']"
8412ff23-09bd-4ce4-a014-7bcfbc686191,ROCK,7,0,0,0,0,2,1,0,0,0,3,0,0,0,0,0,0,0,0,0,0,2,1,0,0,0,0,0,0,0,3,0,0,0,1,0,0,0,0,0,0,0,0,70,0,0,0,0,0,0,0,0,0,5,0,0,0,0,0,0,0,0,0,0,0,5,0,1,0,0,0,0,0,1,1,0,0,0,0,0,0,0,0,0,0,0,73,0,0,0,0,0,0,0,0,0,3,"['0', '1', '0', '2', '0', '0', '0', '0', '0', '0', '0', '0', '0', '0', '0', '0', '0', '0', '0', '0', '0', '0', '0', '6', '1', '0', '0', '0', '0', '0', '0', '0', '86']"
3cd1b482-855f-47fb-a76c-42dcb5763c0a,SCISSORS,8,0,0,0,0,0,0,0,0,0,0,2,1,0,0,0,0,0,0,0,0,1,0,0,0,0,0,0,0,0,0,0,0,0,0,0,0,0,0,0,0,0,0,74,0,0,0,0,0,0,0,0,0,1,0,0,0,0,0,0,0,0,0,0,0,0,0,0,0,0,0,0,0,1,1,0,0,0,0,0,0,0,1,0,0,0,82,0,0,0,0,0,0,0,0,0,0,"['0', '0', '0', '0', '0', '0', '0', '0', '0', '0', '0', '0', '0', '0', '0', '0', '0', '0', '0', '0', '0', '0', '0', '0', '1', '2', '0', '0', '0', '1', '0', '0', '92']"
bd1865ed-8903-489c-90df-275f7098dc6e,SCISSORS,6,0,0,0,0,0,0,0,0,0,1,1,0,0,0,0,0,0,0,0,0,4,0,0,0,0,0,0,0,0,1,0,0,0,0,0,0,0,0,0,0,0,0,80,0,0,0,0,0,0,0,0,0,1,0,0,0,4,0,0,0,0,0,0,0,0,0,1,0,0,0,0,0,0,1,0,0,0,0,0,0,0,0,0,0,0,93,0,0,0,0,0,0,0,0,0,1,"['0', '0', '0', '0', '0', '0', '0', '0', '0', '0', '0', '0', '0', '0', '0', '0', '0', '0', '0', '0', '0', '0', '0', '0', '1', '0', '0', '0', '0', '5', '0', '0', '101']"
31b50039-2823-4365-b674-4349f5901b40,PAPER,6,0,0,0,0,0,0,0,0,0,0,1,0,0,1,0,0,0,0,0,0,1,0,0,0,0,0,0,0,0,0,0,0,0,0,0,0,0,0,0,0,1,0,86,0,0,0,0,0,0,0,0,3,0,0,0,0,0,0,0,0,0,0,0,0,0,0,0,0,0,0,0,0,0,1,0,0,0,0,0,0,0,0,0,0,0,96,0,0,0,0,0,0,0,0,0,0,"['0', '3', '0', '0', '0', '0', '0', '0', '0', '0', '0', '0', '0', '0', '0', '0', '0', '0', '0', '0', '0', '0', '0', '0', '0', '0', '0', '0', '0', '1', '0', '0', '103']"
7005d3a8-17a5-4699-829e-b11024022f45,ROCK,9,0,0,0,0,0,1,0,0,0,1,0,0,0,0,0,0,0,0,0,0,0,0,0,0,0,0,0,0,0,10,1,0,0,0,0,0,0,0,0,0,0,0,4,0,0,0,0,0,0,0,0,0,4,0,2,0,0,0,0,0,0,0,1,0,0,0,0,0,0,0,0,0,3,3,0,0,0,0,0,0,0,0,0,0,0,20,0,0,0,0,0,0,0,0,0,1,"['0', '1', '0', '0', '0', '0', '0', '0', '0', '0', '0', '0', '0', '0', '0', '0', '0', '0', '1', '0', '1', '0', '0', '0', '3', '6', '0', '0', '0', '0', '0', '0', '15']"
23ed6e81-c153-4d2c-aaff-da7a1aa6cf4e,ROCK,9,0,0,0,0,0,2,0,0,0,1,0,0,0,0,0,0,0,0,0,0,1,0,0,0,0,0,0,0,0,1,0,0,0,3,0,0,0,0,0,0,0,0,18,0,0,0,0,0,0,0,0,0,1,0,0,0,0,0,0,0,0,0,1,2,0,0,1,0,0,0,0,1,0,1,0,0,0,0,0,0,1,0,0,0,0,34,0,0,0,0,0,0,0,0,0,2,"['0', '0', '0', '0', '0', '0', '0', '0', '0', '0', '1', '0', '0', '0', '0', '0', '0', '0', '0', '0', '0', '0', '0', '0', '1', '3', '0', '0', '1', '0', '0', '0', '28']"
a2691cbc-c132-4ab1-a854-a3c2f6bf15e1,PAPER,5,0,0,0,0,0,0,0,0,0,8,0,1,0,0,0,0,0,0,0,0,1,0,0,2,0,0,0,0,0,0,0,0,0,2,0,0,0,0,0,0,0,0,40,0,0,0,0,0,0,0,0,1,4,0,3,0,0,0,0,0,0,0,0,1,1,0,0,0,0,0,0,0,0,4,0,0,0,0,0,0,0,0,0,0,0,52,0,0,0,1,0,0,0,0,0,4,"['0', '1', '0', '0', '0', '0', '0', '0', '0', '0', '6', '0', '0', '1', '0', '0', '0', '0', '0', '0', '0', '0', '0', '0', '1', '0', '0', '0', '0', '0', '0', '0', '41']"
3b6c985c-ce3c-4ef4-9ec8-37dbc199e66f,SCISSORS,5,0,0,0,0,0,0,0,0,0,1,0,6,0,0,0,0,0,0,0,0,2,0,0,0,0,0,0,0,0,2,0,0,0,1,0,0,0,0,0,0,0,0,48,0,0,0,0,0,0,0,0,0,6,0,1,0,0,0,0,0,0,0,0,4,0,0,0,0,0,0,0,0,0,0,0,0,0,0,0,0,0,1,0,0,0,70,0,0,0,1,0,0,0,0,0,9,"['0', '0', '0', '0', '0', '0', '0', '0', '0', '0', '0', '0', '0', '1', '0', '0', '0', '0', '0', '0', '0', '0', '0', '0', '0', '0', '0', '0', '0', '1', '0', '0', '53']"
7d06d2a0-8948-42e0-b498-8ee9ad95195c,SCISSORS,5,0,0,0,0,0,0,0,0,0,6,0,1,0,0,0,0,0,0,0,0,2,0,0,0,0,0,0,0,0,1,0,0,0,0,0,0,0,0,0,0,0,0,55,0,0,0,0,0,0,0,0,0,7,0,0,0,0,0,0,0,0,0,0,1,0,0,1,0,0,0,0,0,0,0,0,0,0,0,0,0,0,1,0,0,0,80,0,0,0,5,0,0,0,0,0,2,"['0', '0', '0', '0', '0', '0', '0', '0', '0', '0', '0', '0', '0', '0', '0', '0', '0', '0', '0', '0', '0', '0', '1', '0', '0', '0', '0', '0', '0', '2', '0', '0', '59']"
b1e582f9-55cd-4d5f-bd3b-4b34a9b1572c,ROCK,6,0,0,0,0,0,0,0,0,0,3,0,0,0,0,0,0,0,0,0,0,0,0,0,0,0,0,0,0,0,0,0,0,0,1,0,0,0,0,0,0,0,0,63,0,0,0,0,0,0,0,0,0,0,0,0,0,0,0,0,0,0,0,0,1,0,0,0,1,0,0,0,0,0,2,0,0,0,0,0,0,0,0,0,0,0,89,0,0,0,0,0,0,0,0,0,1,"['0', '1', '0', '0', '0', '0', '0', '0', '0', '0', '0', '0', '0', '0', '0', '0', '0', '0', '0', '0', '0', '0', '1', '0', '0', '0', '0', '0', '0', '1', '0', '0', '67']"
cfd4be19-a66b-49c4-8340-246bdb57a71b,SCISSORS,5,0,0,0,0,0,0,0,0,0,1,0,2,0,0,0,0,0,0,0,0,0,0,0,0,0,0,0,0,0,0,0,0,0,0,0,0,0,0,0,0,0,0,65,0,0,0,0,0,0,0,0,0,1,0,0,0,0,0,0,0,0,0,0,1,0,0,0,0,0,0,0,0,0,0,0,0,0,0,0,0,0,1,0,0,0,92,0,0,0,0,0,0,0,0,0,0,"['0', '0', '0', '0', '0', '0', '0', '0', '0', '0', '0', '0', '0', '1', '0', '0', '0', '0', '0', '0', '0', '0', '0', '0', '0', '0', '0', '0', '0', '2', '0', '0', '72']"
aad2bb70-c7d5-4892-b419-d999e08a4f6c,PAPER,7,0,0,0,0,0,0,0,0,0,2,0,0,0,0,0,0,0,0,0,0,0,0,0,0,0,0,0,0,0,0,0,0,0,1,0,0,0,0,1,0,0,0,76,0,0,0,0,0,0,0,0,1,0,0,0,0,0,0,0,0,0,0,1,0,0,0,0,0,0,0,0,0,0,2,0,0,0,0,0,0,0,0,0,0,0,102,0,0,0,0,0,0,0,0,0,1,"['0', '0', '0', '0', '0', '0', '0', '0', '0', '0', '0', '0', '0', '0', '2', '0', '0', '0', '0', '0', '0', '0', '0', '0', '0', '0', '0', '0', '0', '1', '0', '0', '74']"
ec330664-642b-47ec-9eff-d18024d3e67c,ROCK,6,0,0,0,0,0,2,0,0,0,0,1,0,0,0,0,0,0,0,0,0,0,0,0,0,0,0,0,0,0,1,0,0,0,0,0,0,0,0,0,0,0,0,80,0,0,0,0,0,0,0,0,0,0,0,0,0,0,0,0,0,0,0,1,2,0,0,0,0,0,0,0,1,0,0,0,0,0,0,0,0,0,0,0,0,0,109,0,0,0,1,0,0,0,0,0,1,"['0', '0', '0', '2', '0', '0', '0', '0', '0', '0', '0', '0', '0', '0', '0', '0', '0', '0', '0', '0', '0', '0', '0', '0', '0', '0', '0', '0', '0', '0', '0', '0', '79']"
58f2095c-d1a5-44c6-a779-f9932d7fcad6,ROCK,6,0,0,0,0,0,1,0,0,0,1,5,0,0,0,0,0,0,0,0,0,0,0,0,0,0,0,0,0,0,2,0,0,0,0,0,0,0,0,0,0,0,0,90,0,0,0,0,0,0,0,0,0,2,0,1,0,0,0,0,0,0,0,0,1,2,0,0,0,0,0,0,0,2,1,0,0,0,0,0,0,0,0,0,0,0,123,0,0,0,3,0,0,0,0,0,5,"['0', '1', '0', '0', '0', '0', '0', '0', '0', '0', '0', '0', '0', '0', '0', '0', '0', '0', '0', '0', '0', '0', '0', '0', '0', '0', '0', '0', '0', '0', '0', '0', '87']"
96625463-7442-47a6-827c-ce7826883dfd,ROCK,9,0,0,0,0,0,4,0,0,0,1,3,1,0,0,0,0,0,0,0,0,2,1,1,0,0,0,0,0,0,4,0,0,0,0,0,0,0,0,0,0,0,0,110,0,0,0,0,0,0,0,0,0,6,0,0,0,0,0,0,0,0,0,1,5,0,0,0,0,0,0,0,0,3,2,0,0,0,0,0,0,0,0,0,0,0,144,0,0,0,0,0,0,0,0,0,4,"['0', '0', '2', '3', '0', '1', '0', '0', '0', '1', '0', '0', '0', '1', '0', '0', '0', '0', '0', '0', '0', '0', '0', '2', '2', '0', '0', '0', '1', '0', '0', '0', '112']"
b148879f-66b8-4a40-b6c8-69b30a1fa25e,PAPER,7,0,0,0,1,0,0,0,0,0,0,0,0,0,0,0,0,0,0,0,1,0,1,0,0,0,0,0,0,0,0,0,0,0,0,0,0,0,0,0,0,1,0,116,0,0,0,0,0,0,0,0,2,0,0,0,0,0,0,0,0,0,0,0,0,0,0,0,0,0,0,0,0,1,1,0,0,0,0,0,0,0,0,0,0,0,153,0,0,1,0,0,0,0,0,0,1,"['0', '0', '0', '0', '0', '0', '0', '0', '0', '0', '2', '0', '0', '0', '0', '0', '0', '0', '0', '0', '0', '0', '0', '0', '0', '0', '0', '0', '0', '0', '0', '0', '116']"
2d6bab4b-6a3b-406e-838d-b3632147079e,SCISSORS,9,0,0,0,0,0,0,0,0,0,3,1,0,0,0,0,0,0,0,0,0,3,0,0,0,0,0,0,0,0,2,0,0,0,0,0,0,0,0,0,0,0,0,124,0,0,0,0,0,0,0,0,0,5,0,0,0,0,0,0,0,0,0,1,0,0,0,0,0,0,0,0,0,0,1,0,0,0,0,0,0,0,2,0,0,0,166,0,0,0,0,0,0,0,0,0,0,"['0', '1', '0', '0', '0', '0', '0', '0', '0', '0', '0', '0', '0', '0', '0', '0', '0', '0', '0', '0', '0', '0', '1', '4', '1', '0', '0', '0', '0', '2', '0', '0', '125']"
4cdec3bc-53c1-43f7-ac7c-d2e0c93daaf2,ROCK,9,0,0,0,0,0,2,0,1,0,0,0,0,0,0,0,0,0,0,0,0,0,0,0,0,0,0,0,0,0,2,0,0,0,0,0,0,0,0,0,0,0,0,128,0,0,0,0,0,0,0,0,0,0,0,0,0,0,0,0,0,0,0,0,3,0,0,0,0,0,0,0,0,1,1,0,0,0,0,0,0,0,0,0,0,0,173,0,0,0,0,0,0,0,0,0,1,"['0', '1', '0', '1', '0', '0', '0', '0', '0', '0', '0', '0', '0', '0', '0', '0', '0', '0', '0', '0', '0', '0', '0', '0', '0', '0', '0', '0', '0', '2', '0', '0', '132']"
ee58186d-3fb3-4493-bc0c-023917111833,SCISSORS,6,0,0,0,0,0,0,0,0,1,3,1,0,0,0,0,0,0,0,0,0,1,0,0,0,0,0,0,0,0,3,0,0,0,0,0,0,0,0,0,0,0,0,142,0,0,0,0,0,0,0,0,0,6,0,0,0,0,0,0,0,0,0,0,0,0,0,0,0,0,0,0,0,0,3,0,0,0,0,0,0,0,0,0,0,0,184,0,0,0,0,0,0,0,0,0,2,"['0', '0', '0', '0', '0', '0', '0', '0', '0', '0', '0', '0', '0', '0', '0', '0', '0', '0', '0', '0', '0', '0', '0', '2', '1', '0', '0', '0', '0', '4', '0', '0', '143']"
b5a86e97-4990-4d53-ad48-e12af3221664,PAPER,6,0,0,0,0,0,0,0,0,0,7,5,1,0,0,0,0,0,0,0,0,1,0,0,0,0,0,0,0,0,1,0,0,0,0,0,0,0,1,0,0,2,0,152,0,0,0,0,0,0,0,0,3,3,0,2,0,0,0,0,0,0,0,3,0,0,0,0,0,0,0,0,0,4,3,0,0,0,0,0,0,0,0,0,0,0,214,0,0,0,0,0,0,0,0,0,12,"['0', '0', '0', '0', '0', '0', '0', '0', '0', '0', '0', '5', '0', '0', '0', '0', '0', '0', '0', '0', '0', '0', '0', '0', '0', '0', '0', '0', '0', '1', '0', '0', '156']"
2c29d687-21b6-41d5-9306-152994e310d9,ROCK,5,0,0,0,0,0,1,0,0,0,1,0,0,0,0,0,0,0,0,0,0,0,0,0,1,0,0,0,0,0,0,0,0,0,2,0,0,0,0,0,0,0,0,162,0,0,0,0,0,0,0,0,0,2,0,3,0,0,0,0,0,0,0,0,0,0,0,0,0,0,0,0,0,0,0,0,0,0,0,0,0,0,0,0,0,0,219,0,0,0,0,0,0,0,0,0,4,"['0', '0', '0', '1', '0', '0', '0', '0', '0', '0', '0', '0', '0', '0', '0', '0', '0', '0', '0', '0', '0', '0', '0', '0', '0', '0', '0', '0', '0', '0', '0', '0', '162']"
d229028b-4ac7-4059-b17b-e5fa4262ce99,SCISSORS,6,0,0,0,0,0,0,0,0,0,3,0,0,0,0,0,0,0,0,0,0,4,0,0,0,0,0,0,0,0,0,0,0,0,1,0,0,0,0,0,0,0,0,168,0,0,0,0,0,0,0,0,0,2,0,0,0,0,0,0,0,0,0,0,0,1,0,0,0,0,0,0,0,0,3,0,0,0,0,0,0,0,2,0,0,0,231,0,0,0,0,0,0,0,0,0,0,"['0', '0', '0', '0', '0', '0', '0', '0', '0', '0', '0', '0', '0', '0', '0', '0', '0', '0', '0', '0', '0', '0', '0', '2', '3', '0', '0', '0', '0', '3', '0', '0', '171']"
b3bcf1ac-d627-4d6b-b862-2db6155aa087,SCISSORS,6,0,0,0,0,0,0,0,0,0,0,0,0,0,0,0,0,0,0,0,0,2,0,0,0,0,0,0,0,0,0,0,0,0,1,0,0,0,0,1,0,0,0,174,0,0,0,0,0,0,0,0,0,1,0,0,0,1,0,0,0,0,0,0,1,0,0,0,0,0,0,0,0,0,1,0,0,0,0,0,0,0,0,0,0,0,240,0,0,0,0,0,0,0,0,0,0,"['0', '0', '0', '0', '0', '0', '0', '0', '0', '0', '0', '0', '0', '0', '0', '0', '0', '0', '0', '0', '0', '0', '0', '0', '0', '0', '0', '0', '0', '4', '0', '0', '173']"
9c37b127-d317-4b1b-99fa-ef1fb65fe484,SCISSORS,6,0,0,0,0,0,0,0,0,0,3,0,1,0,0,0,0,0,0,0,0,3,0,0,0,0,0,0,0,0,0,0,0,0,0,0,2,0,0,0,0,0,0,183,0,0,0,0,0,0,0,0,0,1,0,0,0,0,0,0,0,0,0,1,0,0,0,0,0,0,0,0,0,2,2,0,0,0,0,0,0,0,3,0,0,0,257,0,0,0,0,0,0,0,0,0,2,"['0', '1', '0', '0', '0', '0', '0', '0', '0', '0', '0', '2', '0', '0', '0', '0', '0', '0', '0', '0', '0', '0', '0', '0', '0', '0', '0', '0', '0', '4', '0', '0', '181']"
c1a53c7d-dee2-425a-90d6-816b221b5d0a,ROCK,6,0,0,0,0,0,3,0,0,0,0,1,0,0,0,0,0,0,0,0,0,0,0,0,0,0,0,0,0,0,0,0,0,0,0,0,0,0,0,0,0,0,0,188,0,0,0,0,0,0,0,0,0,0,0,0,0,0,0,0,0,0,0,1,0,0,0,0,0,0,0,0,0,3,0,0,0,0,0,0,0,0,0,0,0,0,261,0,0,0,0,0,0,0,0,0,0,"['0', '0', '0', '3', '0', '0', '0', '0', '0', '0', '0', '0', '0', '0', '0', '0', '0', '0', '0', '0', '0', '0', '0', '0', '0', '0', '0', '0', '0', '1', '0', '0', '184']"
a0c2791e-4c3f-4f21-b6c3-7dff92f29673,PAPER,8,0,0,0,0,0,0,0,0,0,2,2,0,0,0,0,0,0,0,0,0,0,0,0,0,0,0,0,0,0,0,0,0,0,0,0,0,0,0,0,0,3,0,193,0,0,0,0,0,0,0,0,3,0,0,1,0,0,0,0,0,0,0,0,0,2,0,0,0,0,0,0,0,0,1,0,0,0,0,0,0,0,0,0,0,0,269,0,0,0,0,0,0,0,0,0,3,"['0', '0', '0', '0', '0', '0', '0', '0', '0', '0', '0', '3', '0', '0', '0', '0', '0', '0', '0', '0', '0', '0', '0', '1', '0', '0', '0', '0', '0', '0', '0', '0', '188']"
211b8cc6-46ed-4992-b3bd-bfc452b8e532,ROCK,9,0,0,0,0,0,2,0,0,0,0,0,0,0,0,0,0,0,0,0,0,0,0,0,0,0,0,0,0,0,4,0,0,0,0,0,0,0,0,0,0,0,1,196,0,0,0,0,0,0,0,0,0,0,0,3,0,0,0,0,0,0,0,1,0,3,0,0,0,0,0,0,0,0,0,0,0,0,0,0,0,0,0,0,0,0,276,0,0,0,0,0,0,0,0,0,4,"['0', '0', '0', '1', '0', '0', '0', '0', '0', '0', '0', '1', '0', '0', '0', '0', '0', '0', '0', '0', '0', '0', '0', '1', '0', '0', '0', '0', '0', '0', '0', '0', '195']"
7fb44228-62a2-4f2c-93e8-2c87e26a8d1b,ROCK,8,0,0,0,0,0,2,0,0,0,0,0,0,0,0,0,0,0,0,0,0,0,0,0,0,0,0,0,0,0,3,0,0,0,0,0,0,0,0,0,0,0,1,200,0,0,0,0,0,0,0,0,0,1,0,0,0,0,0,0,0,0,0,0,0,3,0,0,0,0,0,0,0,1,1,0,0,0,0,0,0,0,0,0,0,0,285,0,0,0,0,0,0,0,0,0,2,"['0', '0', '0', '1', '0', '0', '0', '0', '0', '0', '0', '0', '0', '0', '0', '0', '0', '0', '0', '0', '0', '0', '0', '2', '0', '0', '0', '0', '1', '0', '0', '0', '203']"
c32f97cf-cab7-4c92-83d6-b34cf0907323,SCISSORS,8,0,0,0,0,0,0,0,0,0,6,0,5,0,0,0,0,0,0,0,0,0,0,0,0,0,0,0,0,0,0,0,0,0,0,0,0,0,0,0,0,0,2,202,0,0,0,0,0,0,0,0,0,1,0,0,0,3,0,0,0,0,0,1,0,1,0,0,0,0,0,0,0,1,5,0,0,0,0,0,0,0,1,0,0,0,310,0,0,0,0,0,0,1,0,0,2,"['0', '3', '0', '0', '0', '0', '0', '0', '0', '1', '0', '2', '0', '0', '0', '0', '0', '0', '0', '0', '0', '0', '0', '0', '1', '0', '0', '0', '0', '3', '0', '0', '218']"
8db2ddc8-0ec3-4243-9deb-697087af7cff,ROCK,5,0,0,0,0,0,1,0,0,0,1,0,0,0,0,0,0,5,0,0,0,0,0,0,0,0,0,0,0,0,2,0,0,0,0,0,0,0,0,3,0,0,0,211,0,0,0,0,0,0,0,0,0,9,0,0,0,0,0,0,0,0,0,0,1,2,0,0,0,0,0,0,0,0,0,0,0,0,0,0,0,0,0,0,0,0,317,0,0,0,0,0,0,4,0,0,7,"['0', '0', '0', '1', '0', '0', '0', '0', '0', '0', '0', '0', '0', '0', '0', '0', '0', '0', '0', '0', '0', '0', '0', '0', '0', '0', '0', '0', '0', '0', '0', '0', '232']"
76e34264-3826-4a1d-a4e7-0eca3d6b42af,SCISSORS,5,0,0,0,0,0,0,0,0,0,2,0,0,0,0,0,0,0,0,0,0,3,0,0,0,0,0,0,0,0,0,0,0,0,0,0,0,0,0,0,0,0,0,214,0,0,0,0,0,0,0,0,0,3,0,0,0,0,0,0,0,0,0,0,0,1,0,0,0,0,0,0,0,0,0,0,0,0,0,0,0,0,1,0,0,0,322,0,0,0,0,0,0,0,0,0,1,"['0', '0', '0', '0', '0', '0', '0', '0', '0', '0', '0', '0', '0', '0', '0', '0', '0', '0', '0', '0', '0', '0', '0', '0', '0', '2', '0', '0', '0', '2', '0', '0', '242']"
38cf34d7-3f42-4d8e-bd2c-b8fe080568d8,SCISSORS,5,0,0,0,0,0,0,1,0,0,1,0,0,0,0,0,0,0,0,0,0,4,0,2,0,0,0,0,0,0,0,0,0,0,0,0,0,0,0,0,0,0,0,220,0,0,0,0,0,0,0,0,0,6,0,0,0,1,0,0,0,0,0,0,0,1,0,0,0,0,0,0,0,0,0,0,0,0,0,0,0,0,0,0,0,0,332,0,0,0,0,0,0,0,0,0,4,"['0', '0', '0', '0', '0', '0', '0', '0', '0', '0', '0', '0', '0', '1', '0', '0', '0', '0', '0', '0', '0', '0', '0', '0', '0', '1', '0', '0', '0', '2', '0', '0', '253']"
a34d340d-432e-46c6-a063-02ed30cb1958,SCISSORS,8,0,0,0,0,0,0,0,0,0,1,0,2,0,0,0,0,0,0,0,0,0,0,0,0,0,0,0,0,0,2,0,0,0,0,0,0,0,0,0,0,0,1,225,0,0,0,0,0,0,0,0,0,1,0,0,0,0,0,0,0,0,0,0,0,0,0,0,0,0,0,0,0,0,3,0,0,0,0,0,0,0,2,0,0,0,346,0,0,0,0,0,0,0,0,0,0,"['0', '1', '0', '0', '0', '0', '0', '0', '0', '0', '0', '0', '0', '0', '0', '0', '0', '0', '0', '0', '0', '0', '0', '0', '0', '2', '0', '0', '0', '3', '0', '0', '258']"
6ccdc36d-f209-4672-834a-52267009f701,SCISSORS,8,0,0,0,0,0,0,0,0,0,2,0,0,0,0,0,0,0,0,1,0,2,0,0,0,0,0,0,0,0,0,0,0,0,4,0,0,0,0,0,0,0,0,233,0,0,0,0,0,0,0,0,0,1,0,0,0,0,0,0,0,0,0,1,0,1,0,0,0,0,0,0,0,3,2,0,0,0,0,0,0,0,0,0,1,0,367,0,0,0,0,0,0,0,0,0,4,"['0', '0', '0', '0', '0', '0', '0', '0', '0', '0', '0', '0', '0', '0', '0', '0', '0', '0', '0', '0', '0', '0', '0', '0', '1', '0', '0', '0', '0', '4', '0', '0', '268']"
b56788de-631a-464c-aa68-b96b4e619aa0,ROCK,5,0,0,0,0,0,2,0,0,0,2,0,0,0,0,0,0,0,0,0,0,0,0,0,0,0,0,0,0,0,6,0,0,0,0,0,0,0,0,0,0,0,0,239,0,0,0,0,0,0,0,0,0,7,0,0,0,0,0,0,0,0,0,0,2,0,0,0,0,0,0,0,0,1,0,0,0,0,0,0,0,0,0,0,0,0,373,0,0,0,0,0,0,0,0,0,7,"['0', '0', '0', '2', '0', '0', '0', '0', '0', '0', '0', '0', '0', '0', '0', '0', '0', '0', '0', '0', '0', '0', '0', '0', '0', '1', '0', '0', '0', '0', '0', '0', '282']"
bbdd2e9a-d040-4fb4-895c-9db7d322c863,PAPER,5,0,0,0,0,0,0,0,0,0,3,0,1,0,0,0,0,0,0,0,0,0,0,0,0,0,0,0,1,0,0,0,0,0,0,0,0,0,0,0,0,2,0,251,0,0,0,0,0,0,0,0,2,1,0,0,0,0,0,0,0,0,0,0,0,0,0,0,3,0,0,0,0,0,0,0,0,0,0,0,0,0,0,1,0,0,387,0,0,0,0,0,0,0,0,0,2,"['0', '0', '0', '0', '0', '0', '0', '0', '0', '0', '1', '4', '0', '0', '0', '0', '0', '0', '0', '0', '0', '0', '0', '0', '0', '0', '0', '0', '0', '0', '0', '0', '288']"
f78c6263-63b1-4f28-b7df-6550271e3126,PAPER,5,0,0,0,0,0,0,0,0,0,2,0,0,0,0,0,0,0,0,0,0,1,0,0,0,0,0,0,0,0,0,0,0,0,0,0,0,0,0,0,0,1,0,256,0,0,0,0,0,0,0,0,2,1,0,0,0,0,0,0,0,0,0,0,0,0,0,0,1,0,0,0,0,0,0,0,0,0,0,0,0,0,0,0,0,0,393,0,0,0,0,0,0,0,0,0,1,"['0', '3', '0', '0', '0', '0', '0', '0', '0', '0', '0', '0', '0', '0', '0', '0', '0', '0', '0', '0', '0', '0', '0', '0', '0', '0', '0', '0', '0', '0', '0', '0', '290']"
7e07a448-63dd-4131-8162-b9dc86928d36,ROCK,8,0,1,0,0,0,4,1,0,0,0,0,1,0,0,0,0,0,0,0,0,3,0,0,0,0,0,0,0,0,2,0,0,0,0,0,0,0,0,1,0,0,0,267,0,0,0,0,0,0,0,0,0,5,0,0,0,0,0,0,0,0,0,0,0,5,0,1,1,0,0,0,0,0,1,0,0,0,0,0,0,0,0,0,0,0,405,1,0,0,0,0,0,0,0,0,2,"['0', '1', '0', '3', '0', '0', '0', '0', '0', '0', '0', '0', '0', '1', '0', '0', '0', '0', '0', '0', '0', '0', '0', '0', '0', '5', '0', '0', '0', '0', '0', '0', '304']"
6bfd2e33-a1cb-421f-97e8-9749f85ab9a9,PAPER,7,0,0,0,0,0,0,0,0,0,1,0,0,0,2,0,0,0,1,0,0,0,0,0,0,0,0,0,0,0,0,0,0,0,0,0,0,0,0,0,0,0,0,274,0,0,0,0,0,0,0,0,2,0,0,0,0,0,0,0,0,0,0,0,0,0,0,0,0,0,0,0,0,0,2,0,0,0,0,0,0,0,0,0,0,0,413,0,0,0,0,0,0,0,0,0,0,"['0', '0', '0', '0', '0', '0', '0', '1', '0', '0', '0', '2', '0', '0', '0', '0', '0', '0', '0', '0', '0', '0', '0', '0', '1', '0', '0', '0', '0', '0', '0', '0', '307']"
b9535d63-f042-4124-af2c-206c7dd9132a,PAPER,7,0,0,0,0,0,0,0,0,0,6,0,0,0,0,0,0,0,0,0,0,1,0,0,0,0,0,0,0,0,1,0,0,0,0,0,0,0,0,0,0,2,2,287,0,0,0,0,0,0,0,0,3,0,0,0,0,0,0,0,0,0,0,1,0,0,2,0,0,0,0,0,0,3,3,0,0,0,0,0,0,0,0,0,0,0,433,0,0,0,0,0,0,0,0,0,5,"['1', '2', '0', '0', '0', '0', '0', '0', '0', '0', '3', '0', '0', '1', '0', '0', '0', '0', '0', '0', '0', '0', '0', '0', '0', '0', '0', '0', '0', '0', '0', '0', '322']"
8c902b81-235e-48f2-a946-369601ff96ba,PAPER,7,0,0,0,0,0,0,0,3,0,2,0,0,0,0,0,0,0,0,0,0,0,0,0,0,0,1,0,0,0,7,0,0,0,0,0,0,0,0,0,0,2,0,297,0,0,0,0,0,0,0,0,2,1,0,0,0,0,0,0,0,0,0,0,0,1,0,1,1,0,0,0,0,6,2,0,0,0,1,0,0,0,0,0,0,0,456,0,0,0,0,0,0,0,0,0,11,"['0', '2', '0', '0', '0', '0', '0', '0', '0', '0', '0', '0', '0', '0', '0', '0', '0', '0', '0', '0', '0', '0', '0', '1', '1', '0', '0', '0', '0', '0', '0', '0', '339']"
e95bf59c-3bdf-48c9-baa7-f87351957abb,PAPER,8,0,0,0,0,0,0,0,0,0,1,1,0,0,0,0,0,0,0,0,0,0,0,0,0,0,0,0,0,0,0,0,0,0,0,0,0,0,0,1,0,0,0,304,0,0,0,0,0,0,0,0,1,0,0,0,0,0,0,0,0,0,0,0,0,0,0,0,0,0,0,0,0,0,2,0,0,0,0,0,0,0,0,0,0,0,465,0,0,0,0,0,0,0,0,0,1,"['0', '0', '0', '0', '0', '0', '0', '0', '0', '0', '1', '0', '0', '0', '0', '0', '0', '0', '0', '0', '0', '0', '0', '1', '0', '0', '0', '0', '0', '0', '0', '0', '343']"
59bbb828-ccff-4746-8c98-127a1da40d36,ROCK,7,0,0,0,0,0,2,0,0,0,2,0,0,0,0,0,0,0,0,0,0,1,0,0,0,0,0,0,0,0,1,0,0,0,0,1,0,0,0,0,0,0,2,319,0,0,0,0,0,0,0,0,0,4,0,0,0,0,0,0,0,0,0,1,0,0,0,0,2,0,0,0,0,1,1,0,0,0,0,0,0,0,0,0,0,0,476,0,0,0,5,0,0,0,0,0,2,"['0', '0', '0', '2', '0', '0', '0', '0', '0', '0', '0', '0', '0', '0', '0', '0', '0', '0', '0', '0', '0', '0', '0', '0', '0', '0', '0', '0', '0', '0', '0', '0', '355']"
b2fee4b3-dd29-476e-b3cc-c7f3cb23f2d9,ROCK,6,0,0,0,0,0,1,0,0,1,8,0,0,0,0,0,0,0,0,0,0,0,0,0,2,0,0,0,0,0,5,0,0,0,0,0,0,0,1,0,0,0,3,344,0,0,0,0,0,0,0,0,0,6,0,0,0,0,0,0,0,0,0,1,1,3,0,0,0,0,0,0,1,2,7,0,0,0,0,0,0,0,0,0,0,0,505,0,0,0,0,0,0,0,0,0,5,"['5', '0', '0', '1', '0', '0', '0', '0', '0', '0', '0', '1', '0', '1', '0', '0', '0', '0', '0', '0', '0', '0', '0', '0', '8', '0', '0', '0', '0', '0', '0', '0', '377']"
c4cab74a-2913-44ee-b3ee-a334579fd89e,ROCK,9,0,0,0,0,0,5,0,0,0,0,0,0,0,0,0,0,0,0,0,0,2,1,0,0,0,0,0,0,0,1,0,0,0,0,0,0,0,0,0,0,0,1,359,0,0,0,0,0,0,0,0,0,2,0,2,0,0,0,0,0,0,0,0,0,5,0,0,0,0,0,0,0,0,1,0,0,0,0,0,0,0,0,0,0,0,510,0,0,0,0,0,0,0,0,0,2,"['0', '0', '0', '3', '0', '0', '0', '0', '0', '0', '0', '1', '0', '0', '0', '0', '0', '0', '0', '0', '0', '0', '0', '0', '0', '3', '0', '0', '1', '0', '0', '0', '388']"
dcf0c48c-fc97-4b51-ae1f-3dc184778292,ROCK,9,0,0,0,0,0,3,0,0,0,1,0,0,0,0,0,0,0,0,0,0,2,0,0,0,0,0,0,0,0,1,0,0,0,0,1,0,0,1,0,0,0,2,368,0,0,0,0,0,0,0,0,0,2,0,1,0,0,0,0,0,0,0,1,0,4,0,0,0,0,0,0,0,0,3,0,0,0,0,0,0,0,0,0,0,0,527,0,0,2,0,0,0,0,0,0,3,"['0', '0', '0', '3', '0', '0', '0', '0', '0', '0', '0', '0', '0', '0', '0', '0', '0', '0', '0', '0', '0', '0', '3', '0', '0', '0', '0', '0', '0', '0', '0', '0', '401']"
646a55b4-4091-4622-a462-87c45fe1bca3,SCISSORS,5,0,0,0,0,0,0,0,0,0,3,0,0,0,0,0,0,0,0,0,0,1,0,0,0,0,0,0,0,0,0,0,0,0,0,1,0,0,0,0,0,0,0,377,0,0,0,0,0,0,0,0,0,3,0,0,0,1,0,0,0,0,0,0,0,0,0,1,0,0,0,0,0,0,0,0,0,0,0,0,0,0,0,0,0,0,534,1,0,0,0,0,0,0,0,0,1,"['0', '0', '0', '0', '0', '0', '0', '0', '0', '0', '0', '0', '0', '0', '0', '0', '0', '0', '0', '0', '0', '0', '0', '0', '2', '0', '0', '0', '0', '1', '0', '0', '407']"
9b62e1a4-714e-4736-b572-8a357c7f336d,SCISSORS,5,0,0,0,0,0,0,0,0,0,1,0,0,0,0,0,0,0,0,0,0,1,1,0,0,0,0,0,0,0,0,0,0,0,0,0,0,0,0,0,0,0,1,383,0,0,0,0,0,0,0,0,0,3,0,0,0,1,0,0,0,0,0,0,0,0,0,0,0,0,0,0,0,0,0,0,0,0,0,0,0,0,0,0,0,0,537,1,0,0,0,0,0,0,0,0,2,"['0', '0', '0', '0', '0', '0', '0', '0', '0', '0', '0', '0', '0', '0', '0', '0', '0', '0', '0', '0', '0', '0', '0', '0', '0', '0', '0', '0', '0', '1', '0', '0', '412']"
edfe8ddf-c5f1-4b91-aeaf-957f02790573,ROCK,5,0,0,0,0,0,4,0,0,0,5,0,2,0,0,0,0,0,0,0,0,1,0,0,0,0,0,0,0,0,0,0,0,0,0,0,0,0,0,0,0,0,12,396,0,0,0,0,0,0,0,0,0,10,0,3,0,0,0,0,0,0,0,0,4,4,0,3,0,0,0,0,0,0,0,0,0,0,0,0,0,0,0,0,0,0,565,2,0,0,0,0,0,0,0,0,13,"['0', '0', '0', '3', '0', '0', '0', '0', '0', '0', '0', '1', '0', '2', '0', '0', '0', '0', '0', '0', '0', '0', '0', '0', '3', '0', '0', '0', '0', '0', '0', '0', '440']"
7d400db9-2bb1-47ea-b116-5bd88a04b00c,SCISSORS,5,0,0,0,0,0,0,0,0,0,8,0,1,0,0,0,0,0,0,0,0,6,0,0,0,0,0,0,0,0,0,0,0,0,0,0,0,0,0,0,0,0,1,409,0,0,0,0,0,0,0,0,0,7,0,0,0,0,0,0,0,0,0,0,1,0,0,0,0,0,0,0,0,0,2,0,0,0,2,0,0,0,4,0,0,0,585,0,0,0,0,0,0,0,0,0,6,"['0', '1', '0', '0', '0', '0', '0', '0', '0', '0', '0', '4', '0', '0', '0', '0', '0', '0', '0', '0', '0', '0', '0', '0', '0', '0', '0', '0', '0', '5', '0', '0', '452']"
22b68342-e0d6-4b6e-a1a3-9b5deeb49534,PAPER,6,0,0,0,0,0,0,0,0,0,1,0,0,0,1,0,0,0,0,0,0,0,0,0,0,0,0,0,0,0,0,0,0,0,0,1,0,0,0,0,0,0,1,414,0,0,0,0,0,0,0,0,1,0,0,0,0,0,1,0,0,0,0,0,0,0,0,0,0,0,0,0,0,0,2,0,0,0,0,0,0,0,0,0,0,0,593,0,0,0,0,0,0,0,0,0,0,"['0', '0', '0', '0', '0', '0', '0', '0', '0', '0', '0', '3', '0', '0', '0', '0', '0', '0', '0', '0', '0', '0', '0', '0', '0', '0', '0', '0', '0', '1', '0', '0', '455']"
3dcbb35d-7f92-4560-9878-cfe2f48ad8af,SCISSORS,7,0,0,0,0,0,0,0,0,0,7,0,3,0,0,0,0,0,0,0,0,2,0,0,1,0,0,0,0,0,3,0,0,0,0,0,1,0,0,0,0,0,0,430,0,0,0,0,0,0,0,0,0,7,0,1,0,0,0,0,0,0,0,1,0,0,0,1,0,0,0,0,0,2,3,0,0,0,0,0,0,0,2,0,0,0,610,7,0,0,0,0,0,0,0,0,1,"['0', '0', '0', '0', '0', '1', '0', '0', '0', '0', '0', '0', '0', '0', '1', '0', '0', '0', '0', '1', '0', '0', '0', '0', '1', '0', '0', '0', '3', '2', '0', '0', '475']"
2d376862-174b-4606-9c5f-066fe19d9837,SCISSORS,6,0,0,0,0,0,0,0,0,0,1,0,0,0,0,0,0,0,0,0,0,3,0,0,0,0,0,0,0,0,0,0,0,0,0,0,0,0,0,0,0,0,1,433,0,0,0,0,0,0,0,0,0,1,0,0,0,3,0,0,0,0,0,0,0,0,0,0,0,0,0,0,0,0,1,0,0,0,0,0,0,0,0,0,0,0,615,0,0,0,0,0,0,0,0,0,0,"['0', '0', '0', '0', '0', '0', '0', '0', '0', '1', '0', '1', '0', '0', '0', '0', '0', '0', '0', '0', '0', '0', '0', '0', '0', '0', '0', '0', '0', '3', '0', '0', '482']"
4a2efe90-0a1b-4b5e-ad50-81d0de322214,ROCK,8,0,0,0,0,0,2,0,0,0,1,0,0,0,0,0,0,0,0,0,0,0,0,0,0,0,4,0,0,1,12,0,0,0,0,0,1,0,0,0,0,0,0,441,0,0,0,0,0,0,0,0,0,4,0,2,0,0,0,0,0,0,0,0,3,0,1,0,0,0,0,0,0,7,3,0,0,0,0,0,0,1,0,0,0,0,641,3,0,0,0,0,0,0,0,0,12,"['0', '0', '0', '0', '0', '0', '0', '0', '0', '0', '0', '0', '0', '0', '1', '0', '0', '0', '0', '0', '0', '0', '0', '0', '2', '0', '0', '0', '0', '2', '1', '0', '495']"
454f873e-c2a6-4756-8417-6beeb715df5e,SCISSORS,9,0,0,0,0,0,0,0,0,0,1,0,0,0,0,0,0,0,0,0,0,0,0,0,0,0,0,0,0,0,0,1,0,0,0,2,0,0,0,0,0,0,0,4,0,0,0,0,0,0,0,0,0,2,0,0,0,0,0,0,0,0,0,1,0,0,0,0,0,0,0,0,0,0,0,0,0,0,0,0,0,0,1,0,0,0,6,1,0,0,0,0,0,0,0,0,0,"['0', '0', '0', '0', '0', '0', '0', '0', '0', '0', '0', '0', '0', '0', '0', '0', '0', '0', '0', '0', '1', '0', '0', '0', '1', '0', '0', '0', '0', '1', '0', '0', '5']"
f9b63ba8-066e-46a4-ac5f-adcdab4d5eef,PAPER,6,0,0,0,0,0,0,0,0,0,1,0,0,0,0,0,0,0,0,0,0,0,0,0,0,0,0,0,0,0,0,0,0,0,0,0,2,0,0,0,0,4,0,11,0,0,0,0,0,0,0,0,4,0,0,0,0,0,0,0,0,0,0,0,1,0,0,0,0,0,0,0,0,1,1,0,0,0,0,0,0,0,0,0,0,0,14,0,0,0,0,0,0,0,0,0,2,"['0', '0', '0', '0', '0', '0', '0', '0', '0', '0', '0', '0', '0', '4', '0', '0', '0', '0', '0', '0', '0', '0', '0', '0', '0', '0', '0', '0', '0', '1', '0', '0', '8']"
be0ebbdd-d4ea-436f-8847-eb2834e4f404,PAPER,8,0,0,0,0,0,0,0,0,0,1,0,0,0,2,0,0,0,0,0,0,1,0,0,0,0,0,0,0,0,0,0,0,0,0,0,0,0,0,0,0,0,2,18,0,0,0,0,0,0,0,0,3,0,0,0,0,0,0,0,0,0,0,0,0,0,0,0,0,0,0,0,0,1,2,0,0,0,0,0,0,0,0,0,0,0,22,1,0,0,0,0,0,0,0,0,1,"['0', '0', '0', '0', '0', '0', '0', '0', '0', '0', '0', '1', '0', '0', '3', '0', '0', '0', '0', '0', '0', '0', '0', '0', '0', '0', '0', '0', '0', '0', '0', '0', '14']"
0c8db7ee-450a-4b7c-96ed-e20e5879d8a9,ROCK,9,2,0,0,0,1,2,0,0,0,0,0,0,0,0,0,0,0,0,0,0,1,0,0,0,0,0,0,0,0,0,0,0,0,0,0,0,0,0,0,0,0,0,27,0,0,0,0,0,0,0,0,0,0,0,0,0,0,0,0,0,0,0,1,3,0,0,1,0,0,0,0,0,1,0,0,0,0,0,0,0,0,0,0,0,0,29,2,0,0,0,0,0,0,0,0,1,"['0', '0', '0', '0', '0', '0', '0', '0', '0', '0', '0', '0', '0', '0', '0', '0', '0', '0', '0', '0', '0', '0', '0', '0', '0', '0', '0', '0', '0', '0', '3', '0', '19']"
505ba90a-513a-49fd-be80-127ca8bbd501,SCISSORS,6,1,0,0,0,0,0,0,0,0,0,0,0,0,0,0,0,0,0,0,0,2,0,0,0,0,0,0,0,0,1,0,0,0,0,0,0,0,0,0,0,0,0,33,0,0,0,0,0,0,0,0,0,1,0,0,0,0,0,0,0,0,0,0,0,0,0,0,0,0,0,0,0,1,1,0,0,0,0,0,0,0,1,0,0,0,35,0,0,0,0,0,0,0,0,0,1,"['0', '0', '0', '0', '0', '0', '0', '0', '0', '0', '0', '0', '0', '0', '0', '0', '0', '0', '0', '0', '0', '0', '0', '2', '0', '0', '0', '0', '0', '1', '0', '0', '24']"
5bc75672-8dc9-4ce7-b476-9795429b6491,ROCK,7,3,0,0,0,0,3,0,0,0,0,0,0,0,0,0,0,0,0,0,0,0,0,0,0,0,0,0,0,0,0,0,0,0,0,0,0,0,0,0,0,0,0,37,0,0,0,0,0,0,0,0,0,0,0,3,0,0,0,0,0,0,0,0,1,0,0,0,0,0,0,0,0,1,1,0,0,0,0,0,0,0,0,0,0,0,44,0,0,0,0,0,0,0,0,0,2,"['0', '0', '0', '1', '0', '0', '0', '0', '0', '0', '0', '1', '0', '0', '0', '0', '0', '0', '0', '0', '0', '0', '0', '0', '0', '0', '0', '0', '1', '1', '0', '0', '30']"
ff518788-0b16-4605-a7dc-8f0f281d0cf6,ROCK,9,2,0,0,0,0,2,0,0,0,6,0,0,0,0,0,1,0,0,0,0,0,0,0,1,0,0,0,0,0,11,0,0,0,0,0,0,0,0,0,0,0,0,50,0,0,0,0,0,0,0,0,0,2,0,2,0,0,0,0,0,0,0,10,0,0,0,0,0,0,0,0,0,7,2,0,0,0,0,0,0,0,0,0,0,0,90,0,1,0,0,0,0,0,0,0,7,"['0', '0', '0', '1', '0', '0', '0', '0', '0', '0', '0', '2', '0', '1', '0', '0', '0', '0', '0', '0', '0', '0', '0', '6', '5', '0', '0', '0', '0', '0', '0', '0', '53']"
8a1a7e3b-c58a-41e6-b5d2-8a59fc17f412,ROCK,7,1,0,0,0,0,3,0,0,0,0,0,0,0,0,0,0,0,0,0,0,2,0,0,0,0,0,0,0,0,1,0,0,0,0,2,0,0,0,0,0,0,0,64,0,0,0,0,0,0,0,0,0,4,0,0,0,0,0,0,0,0,0,0,4,0,0,0,0,0,0,0,0,0,1,0,0,0,0,0,0,0,0,0,0,0,97,0,0,0,0,0,0,0,0,0,3,"['0', '0', '0', '3', '0', '0', '0', '0', '0', '0', '0', '0', '0', '0', '0', '0', '0', '0', '0', '0', '0', '0', '0', '3', '0', '0', '0', '0', '0', '0', '0', '0', '65']"
3dcd6feb-67f1-44e7-901b-595561360a42,SCISSORS,9,1,0,0,0,0,0,0,0,0,4,0,0,0,0,0,0,0,0,0,0,3,0,0,0,0,0,0,0,0,4,0,0,0,0,0,0,0,0,0,0,0,0,72,0,0,0,0,0,0,0,0,0,5,0,0,0,0,0,0,0,0,0,1,0,0,0,0,0,0,0,0,0,1,2,0,0,0,0,0,0,1,2,0,0,0,120,5,0,0,0,0,0,0,0,0,0,"['0', '0', '0', '0', '0', '0', '0', '0', '0', '0', '0', '0', '0', '0', '0', '0', '0', '0', '0', '0', '0', '0', '0', '0', '5', '0', '0', '0', '0', '2', '0', '0', '73']"
a58a953a-5c8f-430d-b2f7-30ad640ac7ae,PAPER,7,1,0,0,0,0,0,0,0,0,3,0,0,0,0,0,0,0,0,0,0,0,0,0,0,0,0,0,0,0,3,0,0,0,0,0,0,0,0,2,0,0,0,84,0,0,0,0,0,0,0,0,2,0,0,0,0,0,0,0,0,0,0,2,0,1,0,0,0,0,0,0,0,0,4,0,0,0,0,0,0,0,0,0,0,0,140,0,0,0,0,0,0,0,0,0,2,"['0', '0', '0', '0', '0', '0', '0', '0', '0', '0', '0', '2', '0', '0', '1', '0', '0', '0', '0', '0', '0', '0', '0', '0', '1', '0', '0', '0', '0', '3', '0', '0', '81']"
44ff7934-5536-412d-b318-653537fbe620,ROCK,9,1,0,0,0,0,1,0,0,0,4,0,0,0,0,0,0,0,0,0,0,0,0,0,0,0,0,0,0,0,6,0,0,0,0,0,0,0,0,0,0,0,0,91,0,0,0,0,0,0,0,0,0,2,0,2,0,0,0,0,0,0,0,0,0,1,0,0,0,0,0,0,0,3,3,0,0,0,0,0,0,1,0,0,0,0,158,3,0,0,0,0,0,0,0,0,7,"['0', '0', '0', '0', '0', '0', '0', '0', '0', '0', '0', '0', '0', '1', '0', '0', '0', '0', '0', '0', '0', '0', '0', '0', '0', '0', '0', '0', '0', '0', '1', '0', '95']"
e3b11611-79d9-424f-88b6-365f274921b9,ROCK,9,0,1,0,0,0,0,0,0,0,1,0,0,0,0,0,0,0,0,0,0,3,0,0,0,0,0,0,0,0,7,0,0,0,0,0,0,0,0,0,2,0,0,101,0,0,0,0,0,0,0,0,0,5,0,3,0,0,0,0,0,0,0,1,0,1,0,0,0,0,0,0,0,3,1,0,0,0,0,0,0,0,0,0,0,0,172,0,0,0,0,0,0,0,0,0,6,"['0', '0', '0', '0', '0', '0', '0', '5', '0', '0', '0', '0', '0', '1', '1', '0', '0', '0', '0', '0', '0', '0', '0', '0', '1', '0', '0', '0', '0', '0', '0', '0', '107']"
d21ae982-5fa2-4085-a498-bb822cf18877,PAPER,8,1,0,0,0,0,0,0,0,0,0,0,0,0,0,0,0,0,0,0,0,0,0,0,0,0,0,0,0,0,0,0,0,0,0,0,0,0,0,2,0,1,0,107,0,0,0,0,1,0,0,0,1,0,0,0,0,0,0,0,0,0,0,0,0,0,0,0,0,0,0,0,0,0,1,0,0,0,0,0,0,0,0,1,0,0,181,1,0,0,0,0,0,0,0,0,3,"['0', '0', '0', '0', '0', '0', '0', '0', '0', '0', '0', '0', '0', '0', '0', '0', '0', '0', '0', '0', '0', '0', '0', '0', '0', '0', '0', '0', '0', '0', '0', '0', '109']"
d56e2d33-a6de-4f42-9155-4165210d8856,ROCK,5,0,0,0,0,0,1,0,0,0,1,0,0,0,0,0,0,0,0,0,0,1,0,0,0,0,0,0,0,0,2,0,0,0,0,4,0,0,0,0,1,0,0,120,0,0,0,0,0,0,0,0,0,6,0,0,0,0,0,0,0,0,0,0,0,3,0,1,0,0,0,0,0,0,0,0,0,0,0,0,0,0,0,0,0,0,188,0,0,0,0,0,0,0,0,0,7,"['0', '0', '0', '0', '0', '0', '0', '0', '0', '0', '0', '0', '0', '0', '0', '0', '0', '0', '0', '0', '0', '0', '0', '0', '0', '1', '0', '0', '0', '0', '2', '0', '115']"
8dd76c36-52de-4668-9c94-079f27d1ea4e,SCISSORS,8,1,0,0,0,0,0,0,0,0,2,0,0,0,0,0,0,0,0,0,0,3,0,0,0,0,0,0,0,0,9,0,0,0,0,0,0,0,0,0,0,0,0,124,0,0,0,0,0,0,0,0,0,5,0,1,0,0,0,0,0,0,0,1,0,1,0,0,0,0,0,0,4,0,1,0,0,0,0,0,0,0,2,0,0,0,207,0,0,0,0,0,0,0,0,0,6,"['0', '0', '0', '0', '0', '0', '4', '0', '0', '0', '0', '0', '0', '0', '1', '0', '0', '0', '0', '0', '0', '0', '0', '0', '1', '0', '0', '0', '0', '3', '0', '0', '129']"
1111a682-dd18-42e0-955e-7c92c6a7a211,SCISSORS,7,2,0,0,0,0,0,0,0,0,0,0,0,0,0,0,0,0,0,0,0,2,0,0,0,0,0,0,0,0,1,0,0,0,0,4,0,0,0,0,0,0,0,135,0,0,0,0,0,0,0,0,0,6,0,1,0,0,0,0,0,0,0,1,0,0,0,0,0,0,0,0,0,0,1,0,0,0,0,0,0,0,0,0,0,0,223,0,0,0,0,0,0,0,0,0,5,"['0', '0', '0', '0', '0', '0', '0', '0', '0', '0', '0', '0', '0', '0', '0', '0', '0', '0', '0', '0', '0', '0', '0', '0', '0', '0', '0', '0', '0', '4', '0', '0', '133']"
dee6c750-686e-4600-b601-5038edc0ce6f,SCISSORS,7,1,0,0,0,0,0,0,0,0,5,0,0,0,0,0,0,0,0,0,0,4,0,0,1,0,0,0,0,0,1,0,0,0,0,0,0,0,0,0,0,0,0,148,0,0,0,0,0,0,0,0,0,4,0,1,0,3,0,0,0,0,0,1,0,0,0,0,0,0,0,0,0,1,2,0,0,0,0,0,0,0,0,0,0,0,242,0,0,0,0,0,1,0,0,0,2,"['0', '0', '0', '0', '0', '0', '1', '0', '0', '0', '0', '1', '0', '0', '1', '0', '0', '0', '0', '0', '0', '0', '0', '0', '3', '0', '0', '0', '0', '3', '0', '0', '149']"
05735154-d130-47bb-9718-b0ab03c6a4c8,PAPER,7,1,0,0,0,0,0,0,0,0,2,0,0,0,2,0,0,0,0,0,0,0,0,0,0,0,0,0,0,0,7,0,0,0,0,2,0,0,0,0,0,2,0,165,0,0,0,0,0,0,0,0,4,4,0,0,0,0,0,0,0,0,0,2,0,0,0,0,0,0,0,0,0,5,1,0,0,0,0,0,0,0,0,0,0,0,258,0,0,0,0,0,0,0,0,0,5,"['0', '0', '0', '0', '0', '0', '4', '0', '0', '0', '0', '4', '0', '1', '0', '0', '0', '0', '0', '0', '0', '0', '0', '0', '1', '0', '0', '0', '0', '1', '0', '0', '161']"
9c3597b0-6eae-47bd-beb9-f99d3baab7aa,SCISSORS,5,0,0,0,0,0,0,0,0,0,8,2,0,0,0,0,0,0,0,0,0,3,0,0,0,0,0,0,0,0,0,0,0,0,0,0,0,0,0,0,0,0,0,175,0,0,0,0,0,0,0,0,0,3,0,0,0,0,0,0,0,0,0,2,0,1,0,2,0,0,0,0,0,0,2,0,0,0,0,0,0,0,3,0,0,0,292,0,0,0,0,0,3,0,0,0,4,"['0', '0', '0', '0', '0', '0', '0', '0', '0', '0', '0', '0', '0', '1', '4', '0', '0', '0', '0', '0', '0', '0', '0', '0', '1', '0', '0', '0', '0', '0', '0', '0', '174']"
9fda1e01-cf91-4e88-b67a-d6c1da4fa804,ROCK,9,0,0,0,0,0,2,0,3,0,5,0,0,0,0,0,0,0,0,0,0,4,0,1,0,0,0,0,0,0,1,0,0,0,0,1,0,0,0,0,0,0,0,186,0,0,0,0,0,0,0,0,0,6,0,1,0,0,0,0,0,0,0,3,0,4,0,0,0,0,0,0,0,1,2,0,0,0,0,0,0,0,0,0,0,0,312,0,0,0,0,0,0,0,0,0,4,"['0', '1', '7', '2', '0', '0', '0', '0', '0', '0', '0', '1', '0', '0', '0', '0', '0', '0', '0', '0', '0', '0', '0', '0', '2', '0', '0', '0', '0', '0', '0', '0', '186']"
1abbd616-ce07-45b1-8c43-b92a3c0e79ef,ROCK,5,0,0,0,0,0,1,0,1,0,3,0,0,0,0,0,0,0,0,0,0,0,0,0,0,0,0,0,0,0,2,0,0,0,0,0,0,0,0,0,0,0,0,193,0,0,0,0,0,0,0,0,0,1,0,1,0,0,0,0,0,0,0,0,0,2,0,1,0,0,0,0,0,1,0,0,0,0,1,0,0,0,0,0,0,0,322,0,0,0,0,0,0,0,0,0,4,"['0', '0', '0', '0', '0', '0', '0', '0', '0', '0', '0', '0', '0', '2', '0', '0', '0', '0', '0', '0', '0', '0', '0', '0', '0', '0', '0', '0', '0', '0', '1', '0', '195']"
6c73337e-58a8-4d97-aa12-1da49cdfce41,SCISSORS,6,0,0,0,0,0,0,0,1,0,4,0,0,0,0,0,0,0,0,0,0,2,0,0,1,0,0,1,0,0,5,0,0,0,0,2,0,0,0,0,0,0,0,210,0,0,0,0,0,0,0,0,0,8,0,0,0,0,0,0,0,0,0,1,0,0,0,1,0,0,0,0,0,2,2,0,0,0,0,0,0,0,2,0,0,0,349,0,0,1,0,0,1,0,0,0,3,"['0', '1', '0', '0', '0', '0', '0', '0', '0', '0', '0', '0', '0', '0', '0', '0', '0', '9', '0', '0', '0', '0', '0', '0', '1', '0', '0', '0', '0', '0', '0', '0', '212']"
9b89f1b0-747e-48f5-8a22-a0cd5d30f81e,ROCK,7,0,0,0,0,0,3,0,1,0,0,0,0,0,0,0,0,0,0,0,0,0,0,0,0,0,0,0,0,0,2,0,0,0,0,0,0,0,0,0,0,0,0,213,0,0,0,0,0,0,0,0,0,1,0,0,0,0,0,0,0,0,0,0,0,4,0,0,0,0,0,0,0,0,1,0,0,0,0,0,0,0,0,0,0,0,359,0,0,0,0,0,0,0,0,0,2,"['0', '0', '0', '2', '0', '0', '0', '0', '0', '0', '0', '1', '0', '0', '0', '0', '0', '1', '0', '0', '0', '0', '0', '0', '0', '0', '0', '0', '0', '0', '0', '0', '218']"
c9f8bf50-b637-43bd-823c-512467eb2d34,PAPER,8,0,0,0,0,0,0,0,2,0,1,0,0,0,1,0,0,0,0,0,0,0,1,0,0,0,0,0,0,0,0,0,0,0,0,1,0,0,0,0,0,0,0,219,0,0,0,0,0,0,0,0,3,0,0,0,0,0,0,0,0,0,0,1,1,0,0,0,0,0,0,0,0,0,1,0,0,0,0,0,0,0,0,0,0,0,371,0,0,0,0,0,0,0,0,0,1,"['0', '0', '0', '0', '0', '0', '0', '0', '0', '0', '0', '4', '0', '0', '0', '0', '0', '1', '0', '0', '0', '0', '0', '0', '0', '0', '0', '0', '0', '0', '0', '0', '225']"
ea424a67-e8d4-4493-b815-810209a4bc22,SCISSORS,6,0,0,0,0,0,0,0,1,0,6,0,0,0,0,0,0,0,0,0,0,4,0,0,0,0,0,0,0,0,0,0,0,0,0,2,0,0,0,0,0,0,0,231,0,0,0,0,0,0,0,0,0,8,0,0,0,2,0,0,0,0,0,1,0,0,0,0,0,0,0,0,0,0,1,0,0,0,0,0,0,0,1,0,0,0,382,0,0,0,0,1,1,0,0,1,0,"['7', '2', '0', '0', '0', '0', '0', '0', '0', '0', '0', '0', '0', '0', '0', '0', '0', '0', '0', '0', '0', '0', '0', '0', '1', '0', '0', '0', '0', '0', '0', '0', '236']"
1c4fce68-2f40-4c16-9d73-246436dc356c,SCISSORS,5,0,0,0,0,0,0,0,0,0,1,0,0,0,0,0,0,0,0,0,0,0,1,0,0,1,0,0,0,0,0,0,0,0,0,0,0,0,0,0,0,0,0,235,0,0,0,0,0,0,0,0,0,2,0,0,0,0,0,0,0,0,0,0,0,0,0,0,0,0,0,0,0,0,0,0,0,0,0,0,0,0,1,0,0,0,385,0,0,0,0,0,1,0,0,0,1,"['1', '0', '0', '0', '0', '0', '0', '0', '0', '0', '0', '0', '0', '0', '0', '0', '0', '0', '0', '0', '0', '0', '0', '0', '0', '0', '0', '0', '0', '0', '0', '0', '241']"
8c9b6876-8b2f-48fb-9e07-711d86b072ba,SCISSORS,9,0,0,0,0,0,0,0,0,0,0,0,0,0,0,0,0,0,0,0,0,2,0,0,0,0,0,0,0,0,0,0,0,0,0,0,0,0,0,0,0,0,1,239,0,0,0,0,0,0,0,0,0,1,0,0,0,1,0,0,0,0,0,1,0,0,0,0,0,0,0,0,0,0,0,0,0,0,0,0,0,0,0,0,0,0,390,0,0,0,0,0,0,0,0,0,0,"['2', '0', '0', '0', '1', '0', '0', '0', '0', '0', '0', '0', '0', '0', '0', '0', '0', '0', '0', '0', '0', '0', '0', '0', '0', '0', '0', '0', '0', '0', '0', '0', '247']"
9aa8fcd6-0cbe-42e7-a49b-427643918234,PAPER,7,0,0,0,0,0,0,0,0,0,4,1,0,0,0,0,0,0,0,0,0,0,0,0,0,0,0,0,0,0,2,0,0,0,0,2,0,0,0,0,0,0,0,248,0,0,0,0,0,0,0,0,1,2,0,0,0,0,0,0,0,0,0,3,0,0,0,0,0,0,0,0,0,0,3,0,0,0,0,0,0,0,0,0,0,0,409,0,0,0,0,0,0,0,0,0,0,"['0', '0', '0', '0', '0', '0', '0', '0', '0', '0', '0', '4', '0', '0', '0', '0', '0', '0', '0', '0', '0', '0', '0', '0', '1', '0', '0', '0', '1', '3', '0', '0', '255']"
e1b32e8e-578a-4d2b-8588-2bd38190d80f,PAPER,9,0,0,0,0,0,0,0,0,0,1,0,2,0,0,0,0,0,0,0,0,1,0,0,0,1,0,0,0,0,0,0,0,0,1,0,0,0,0,0,0,0,0,256,0,0,0,0,0,0,0,0,0,4,0,0,0,0,0,0,0,0,0,0,0,0,0,0,0,0,0,0,0,0,2,0,0,0,0,0,0,0,0,0,0,0,419,0,0,0,0,0,0,0,0,0,0,"['1', '2', '0', '0', '0', '0', '0', '0', '0', '0', '0', '2', '0', '0', '0', '0', '0', '0', '0', '0', '0', '0', '0', '0', '1', '0', '0', '0', '0', '0', '0', '0', '260']"
db8897e8-8afb-47ca-9f20-dd69619027a7,ROCK,9,4,1,0,0,0,3,0,0,0,0,0,0,0,0,0,0,0,0,0,0,2,0,0,0,0,0,0,0,0,2,0,0,0,0,0,0,0,0,0,0,0,0,272,0,0,0,0,0,0,0,0,0,4,0,1,0,0,0,0,0,0,0,1,0,4,0,0,0,0,0,0,0,1,1,0,0,0,0,0,0,0,0,0,0,0,435,0,0,0,0,0,0,0,0,0,2,"['5', '0', '0', '0', '0', '0', '0', '0', '0', '0', '0', '0', '0', '0', '0', '0', '0', '0', '0', '0', '0', '0', '0', '0', '1', '0', '0', '0', '0', '0', '3', '1', '276']"
537a0aae-0c10-4d81-b099-0c7a782476e0,ROCK,9,5,0,0,0,0,2,0,0,0,1,0,0,0,0,0,0,0,0,0,0,0,0,0,0,0,0,0,0,0,6,0,0,0,0,0,0,0,0,0,0,0,0,279,0,0,0,0,0,0,0,0,0,2,0,3,0,0,0,0,0,0,0,1,1,0,0,0,0,0,0,0,0,5,2,0,0,0,0,0,0,0,0,0,0,0,457,0,0,0,0,0,0,0,0,0,7,"['0', '1', '1', '1', '0', '0', '0', '2', '0', '0', '0', '0', '0', '0', '0', '0', '0', '0', '0', '1', '0', '0', '0', '0', '1', '0', '0', '0', '0', '0', '0', '0', '290']"
82dd2c16-fd04-4137-82f0-b1a202c06bc5,SCISSORS,5,0,1,0,0,0,0,0,0,0,4,0,0,0,0,0,0,0,0,0,0,3,0,0,0,0,0,0,0,0,0,0,0,0,0,0,0,0,0,0,0,0,0,288,0,0,0,0,0,0,0,0,0,4,0,0,0,0,0,0,0,0,0,0,0,0,0,0,0,0,0,0,0,0,1,0,0,0,0,0,0,0,3,0,0,0,469,0,0,0,0,0,3,0,0,0,1,"['1', '1', '0', '0', '0', '0', '0', '0', '0', '0', '1', '1', '0', '0', '0', '0', '0', '0', '0', '0', '0', '0', '0', '0', '0', '0', '0', '0', '0', '0', '0', '0', '302']"
2548b655-4dff-4763-b649-43497a3b3cda,ROCK,9,2,0,0,0,0,1,0,0,0,1,0,0,0,0,0,0,0,0,0,0,0,0,0,0,0,0,0,0,0,7,0,0,0,0,0,0,0,0,0,0,0,0,298,0,0,0,0,0,0,0,0,0,0,0,1,0,0,0,0,0,0,0,0,0,0,0,0,0,0,0,0,1,6,3,0,0,0,0,0,0,0,0,0,0,0,487,0,0,0,0,0,0,0,0,0,4,"['3', '1', '0', '0', '0', '0', '0', '0', '0', '0', '0', '0', '0', '0', '0', '0', '0', '0', '0', '0', '0', '0', '0', '0', '3', '0', '0', '0', '0', '0', '0', '0', '322']"
5a9841e2-1e7c-486a-9606-b9a8dead823b,ROCK,6,2,0,0,0,1,3,0,0,0,0,0,0,0,0,0,0,0,0,0,0,1,0,0,0,1,0,0,0,0,1,0,0,0,0,0,0,0,0,0,0,0,0,309,0,0,0,0,0,0,0,0,0,2,0,1,0,0,0,0,0,0,0,1,4,0,0,0,0,0,0,0,1,0,0,0,0,0,0,0,0,0,0,0,0,0,496,0,0,0,0,0,0,0,0,0,3,"['1', '0', '0', '0', '0', '0', '0', '0', '0', '0', '0', '2', '0', '0', '0', '0', '1', '0', '0', '0', '0', '0', '0', '0', '0', '0', '0', '0', '0', '0', '2', '0', '334']"
d35a7120-97f9-4eb4-a662-0e7bae40d638,SCISSORS,8,2,0,0,0,0,0,0,0,0,1,0,0,0,0,0,0,0,0,0,0,0,0,0,0,4,0,0,0,0,0,0,0,0,0,0,0,0,0,0,0,0,0,313,0,0,0,0,0,0,0,0,0,1,0,0,0,2,0,0,0,0,0,0,0,0,0,0,0,0,0,0,0,1,2,0,0,0,0,0,0,0,0,0,1,0,508,0,0,0,0,0,3,0,0,0,1,"['2', '0', '0', '0', '0', '0', '0', '0', '0', '0', '0', '1', '0', '0', '0', '0', '0', '0', '0', '0', '0', '0', '0', '0', '0', '0', '0', '0', '0', '0', '0', '0', '343']"
fed7ba39-54a2-403d-80eb-be87ffef762c,ROCK,9,1,0,0,0,0,0,0,0,0,0,0,0,0,0,0,0,0,0,0,1,0,0,0,0,0,0,0,0,0,1,0,0,0,0,0,0,0,0,0,0,0,0,320,0,0,0,0,0,0,0,0,0,0,0,1,0,0,0,0,0,0,0,0,1,0,0,0,0,0,0,0,0,0,1,0,0,0,0,0,0,0,0,0,0,0,512,0,0,0,0,0,0,0,0,1,1,"['0', '0', '0', '1', '0', '0', '0', '0', '0', '0', '0', '0', '0', '0', '0', '0', '0', '0', '0', '0', '0', '0', '0', '0', '0', '0', '0', '0', '0', '0', '0', '0', '347']"
f720dd21-dee3-49bc-a2b0-35ad6b42f0a4,PAPER,6,0,0,0,0,0,0,0,0,0,4,0,0,0,2,0,0,0,0,0,0,0,0,0,0,0,0,0,0,0,3,0,0,0,0,0,0,0,0,0,1,0,0,329,0,0,0,0,0,0,0,0,2,2,0,1,0,0,0,0,0,0,0,4,0,0,0,0,0,0,0,0,0,1,0,0,0,0,0,0,0,0,0,0,0,0,532,0,0,0,0,0,0,0,0,0,4,"['0', '3', '0', '0', '0', '0', '1', '0', '0', '0', '0', '1', '0', '1', '0', '0', '0', '0', '0', '0', '0', '0', '0', '0', '0', '0', '0', '0', '0', '0', '0', '0', '354']"
c356db7c-07b2-4c3e-b88c-13af0c245e76,ROCK,6,3,0,0,0,0,4,0,0,0,0,0,0,0,0,0,0,0,0,0,0,0,0,0,0,2,0,0,0,0,1,0,0,0,0,0,0,0,0,0,0,0,0,337,0,0,0,0,0,0,0,0,0,3,0,2,0,0,0,0,0,0,0,0,0,0,0,4,0,0,0,0,0,0,1,0,0,0,0,0,0,0,0,0,0,0,540,0,0,0,0,0,0,0,0,0,4,"['2', '0', '0', '0', '0', '0', '0', '0', '0', '0', '0', '1', '0', '0', '0', '0', '0', '0', '0', '0', '0', '0', '0', '0', '0', '0', '0', '0', '0', '0', '3', '0', '364']"
dc45ffc6-b1f6-44b5-8659-7e66f72a123e,ROCK,6,1,0,0,0,0,4,0,0,0,1,0,0,0,0,0,0,0,0,0,0,2,0,0,0,1,0,0,0,0,0,0,0,0,0,0,0,0,0,0,0,0,0,351,0,0,0,0,0,0,0,0,0,2,0,0,0,0,0,0,0,0,0,1,5,0,0,0,0,0,0,0,0,0,1,0,0,0,0,0,0,0,0,0,0,0,547,0,0,0,0,0,0,0,0,0,2,"['2', '0', '0', '2', '0', '0', '0', '0', '0', '0', '0', '1', '0', '0', '0', '0', '0', '0', '0', '0', '0', '0', '1', '0', '0', '0', '0', '0', '0', '0', '1', '0', '372']"
a50c51e7-10f2-40fa-9063-aed647605feb,SCISSORS,6,1,0,0,0,0,0,0,0,0,0,0,0,0,0,0,0,0,0,0,0,1,0,0,0,2,0,0,0,0,1,0,0,0,0,0,0,0,0,0,0,0,0,358,0,0,0,0,0,0,0,0,0,3,0,0,0,0,0,0,0,0,0,0,0,0,0,0,0,0,0,0,0,0,1,0,0,0,0,0,0,0,1,0,0,0,551,0,0,3,0,0,1,0,0,0,1,"['0', '0', '0', '0', '0', '0', '0', '0', '0', '0', '0', '0', '0', '0', '0', '0', '0', '0', '0', '0', '0', '0', '0', '0', '0', '0', '0', '0', '0', '0', '0', '0', '376']"
375dab1c-85b1-4dce-bbe2-5cfc4d57dfb0,SCISSORS,9,1,0,0,0,0,0,0,0,0,5,0,0,0,0,0,0,0,0,0,0,0,0,0,0,2,0,0,0,0,9,0,0,0,0,0,0,0,0,0,0,0,0,370,0,0,0,0,0,0,0,0,0,5,0,0,0,0,0,0,0,0,0,2,0,0,0,0,0,0,0,0,0,3,5,0,0,0,0,0,0,0,2,0,0,0,580,0,0,7,0,0,2,0,0,0,0,"['0', '0', '0', '0', '0', '0', '0', '0', '0', '0', '0', '0', '0', '0', '0', '0', '0', '0', '0', '1', '0', '0', '0', '0', '7', '0', '0', '0', '0', '0', '0', '0', '390']"
22ca94ac-5758-4ad0-8202-6e6eb1f0138f,SCISSORS,8,2,0,0,0,0,0,0,0,0,3,0,0,0,0,0,0,0,0,0,0,6,0,0,0,1,0,0,0,0,2,0,0,0,0,0,0,0,0,0,0,0,0,383,0,0,0,0,0,0,0,0,0,4,0,0,0,3,0,0,0,0,0,2,1,0,0,1,0,0,0,0,1,0,2,0,0,0,0,0,0,0,0,0,0,0,601,0,0,4,0,0,4,0,0,0,1,"['0', '0', '0', '0', '0', '0', '0', '0', '0', '0', '0', '2', '0', '0', '0', '0', '0', '0', '0', '0', '0', '0', '0', '0', '3', '0', '0', '0', '0', '0', '0', '0', '408']"
08551367-96f3-4f48-90c0-81e5737a3627,ROCK,9,2,0,0,0,0,2,0,0,0,1,0,0,0,0,0,0,0,0,0,0,0,0,0,0,1,0,0,0,0,18,0,0,0,0,0,0,0,0,0,0,0,0,394,0,0,0,0,0,0,0,0,0,5,0,0,0,0,0,0,0,0,0,1,0,2,0,0,0,0,0,0,0,11,5,0,0,0,0,0,0,0,0,0,0,0,639,0,0,8,0,0,0,0,0,0,9,"['2', '0', '0', '1', '0', '0', '0', '0', '0', '0', '0', '0', '0', '0', '0', '0', '0', '0', '0', '0', '0', '0', '0', '0', '4', '0', '0', '0', '0', '0', '0', '0', '431']"
a3438f7a-840c-4054-8d87-cb044b6c3b7b,PAPER,8,0,0,0,0,0,0,0,0,1,0,0,0,0,0,0,0,0,0,0,0,0,0,0,0,0,0,0,0,0,0,0,0,0,0,0,0,0,0,2,0,0,0,399,0,0,0,0,0,0,0,0,2,0,0,0,0,0,0,0,0,0,0,1,0,0,0,0,0,0,0,0,0,0,0,0,0,0,0,0,0,0,0,0,0,0,643,0,0,1,0,0,0,0,0,0,0,"['0', '0', '0', '0', '0', '0', '0', '0', '0', '0', '0', '2', '0', '0', '0', '0', '0', '0', '0', '0', '0', '0', '0', '0', '0', '0', '0', '0', '0', '0', '0', '0', '434']"
b60aad82-3756-460d-a738-5c5de4cece13,ROCK,6,2,0,0,0,0,3,0,0,0,4,0,0,0,0,0,0,0,0,0,0,0,0,0,0,0,0,0,0,0,0,0,0,0,0,0,0,0,0,0,0,0,0,409,0,0,0,0,0,0,0,0,0,0,0,1,0,0,0,0,0,0,0,1,0,3,0,0,0,0,0,0,0,0,4,0,0,0,0,0,0,0,0,0,0,0,661,0,0,0,0,0,0,0,0,0,2,"['0', '0', '0', '0', '0', '0', '0', '0', '0', '0', '0', '0', '0', '0', '0', '0', '0', '1', '0', '0', '0', '0', '0', '0', '3', '0', '0', '0', '0', '0', '3', '0', '443']"
27829bef-61e6-4e5c-8804-125061047400,SCISSORS,9,0,0,0,0,0,0,0,0,1,1,0,0,0,0,0,0,0,0,0,0,3,0,0,0,0,0,0,0,0,0,0,0,0,0,0,0,0,0,0,0,0,0,412,0,0,0,0,0,0,0,0,0,1,0,0,0,0,0,0,0,0,0,1,0,0,0,0,0,0,0,0,0,0,1,0,0,0,0,0,0,0,2,0,0,0,673,2,0,0,0,0,1,0,0,1,0,"['0', '0', '0', '0', '0', '0', '0', '0', '0', '0', '0', '0', '0', '0', '0', '0', '0', '0', '0', '0', '0', '0', '0', '0', '1', '0', '0', '0', '0', '0', '0', '0', '451']"
86c007c8-351b-458e-9198-3dc14148110f,ROCK,9,0,0,0,0,0,3,0,0,0,1,0,0,0,0,0,0,0,0,0,0,0,0,0,0,0,0,0,0,0,2,0,0,0,1,0,0,0,0,0,0,0,0,418,0,0,0,0,0,0,0,0,0,0,0,0,0,0,0,0,0,0,0,1,3,0,0,0,0,0,0,0,1,0,2,0,0,0,0,0,0,0,0,0,0,0,685,1,0,0,0,0,0,0,0,0,1,"['0', '0', '0', '2', '0', '0', '0', '0', '2', '0', '0', '1', '0', '0', '0', '0', '0', '0', '0', '0', '0', '0', '0', '0', '0', '0', '0', '0', '0', '0', '0', '0', '462']"
9589c1a6-c39a-45d1-853e-8398a8575440,PAPER,8,2,0,0,0,0,0,0,0,0,5,0,0,0,4,0,0,0,0,0,0,0,0,0,2,1,0,0,0,0,8,0,0,0,0,0,0,0,0,0,0,0,0,435,0,0,0,0,0,0,0,0,4,3,0,3,0,0,0,0,0,0,0,2,5,0,0,1,0,0,0,0,0,2,2,0,0,0,0,0,0,0,0,0,0,0,713,1,0,0,0,0,0,4,0,0,9,"['0', '0', '0', '0', '0', '0', '0', '0', '0', '0', '0', '4', '0', '0', '0', '0', '0', '0', '0', '0', '0', '0', '0', '0', '4', '0', '0', '0', '0', '0', '0', '0', '474']"
0162c341-3f44-4074-b0a7-3af0a8f6efbb,ROCK,8,4,0,0,0,0,2,0,0,0,1,0,0,0,0,0,0,0,0,0,0,0,0,0,0,0,0,0,0,0,7,0,0,0,0,0,0,0,0,0,0,0,0,447,0,0,0,0,0,0,0,0,0,3,0,2,0,0,0,0,0,0,0,2,2,0,0,0,0,0,0,0,0,5,0,0,0,0,0,0,0,0,0,0,0,0,736,5,0,0,0,0,0,0,0,0,6,"['0', '0', '0', '1', '0', '0', '0', '0', '0', '0', '0', '1', '0', '0', '0', '0', '0', '0', '0', '0', '0', '0', '0', '0', '1', '0', '0', '0', '0', '0', '0', '0', '489']"
b86d1d79-084f-4ee0-aedc-01293d46c79b,ROCK,6,1,0,0,0,0,1,0,0,0,1,0,0,0,0,0,0,0,0,0,1,0,0,0,0,0,0,0,0,0,1,0,0,0,0,0,0,0,0,0,0,0,0,456,0,0,0,0,0,0,0,0,0,3,0,0,0,0,0,0,0,0,0,1,0,0,0,0,0,0,0,0,0,0,1,0,0,0,0,0,0,0,0,0,0,0,744,0,0,0,0,0,0,0,0,0,0,"['0', '0', '0', '0', '0', '0', '0', '0', '0', '0', '0', '1', '0', '0', '0', '0', '0', '0', '0', '0', '0', '0', '0', '0', '1', '2', '0', '0', '0', '0', '1', '0', '498']"
7b01f4d6-a5f4-44b8-9a2c-15d968ad44a7,ROCK,5,50,0,0,0,0,20,0,0,1,0,0,0,0,0,0,0,0,0,0,0,0,0,0,0,0,0,0,0,0,66,87,0,0,0,0,0,0,0,0,1,0,0,7,0,0,0,0,0,0,0,0,0,0,0,56,0,0,0,0,0,0,0,21,0,0,0,0,0,0,0,0,54,0,94,0,0,0,0,0,0,0,0,0,0,0,35,0,0,0,0,0,0,0,0,0,21,"['0', '3', '0', '10', '0', '0', '0', '0', '0', '0', '40', '0', '0', '0', '0', '0', '0', '0', '0', '0', '149', '0', '0', '0', '0', '0', '0', '0', '1', '0', '1', '0', '7']"
583e2c17-5c28-405e-8d02-5584374dfd45,SCISSORS,20,74,0,0,0,0,0,0,0,0,214,0,0,0,0,0,0,0,0,0,0,0,0,0,19,92,0,0,0,0,26,0,0,0,0,0,0,0,0,0,0,0,0,49,0,0,0,0,0,0,0,0,0,105,0,140,0,17,0,0,0,0,0,44,0,0,0,6,0,0,0,0,0,47,65,0,0,0,0,0,0,0,0,0,1,0,107,0,0,0,0,0,22,0,0,0,186,"['0', '1', '0', '0', '0', '0', '0', '0', '0', '0', '72', '63', '0', '19', '0', '0', '0', '0', '0', '0', '0', '0', '8', '54', '0', '0', '0', '0', '0', '0', '0', '0', '53']"
2510194d-1b39-46b4-b040-937755024d8d,SCISSORS,15,67,0,0,0,0,0,0,0,0,76,0,0,0,0,0,0,0,0,0,0,47,0,0,7,75,0,0,0,0,558,0,0,0,0,0,0,0,0,0,0,0,0,69,0,0,0,0,0,0,0,0,0,7,0,103,0,0,0,0,0,0,0,144,29,0,0,1,0,0,0,0,0,308,222,0,0,0,0,0,0,0,15,0,1,0,294,0,0,278,0,0,15,0,0,1,69,"['0', '33', '0', '0', '0', '0', '0', '0', '0', '1', '1', '9', '0', '5', '0', '39', '0', '0', '0', '3', '0', '0', '0', '157', '219', '0', '0', '0', '0', '0', '0', '0', '93']"
9815d8a2-3cd3-4080-9405-747ad4a622be,ROCK,5,0,0,3,0,0,20,0,0,0,48,0,0,0,0,1,0,0,0,0,0,74,0,244,4,10,93,0,0,0,0,0,0,4,397,0,0,0,0,0,1,0,0,110,0,0,0,0,0,0,0,0,0,53,0,5,0,0,0,0,0,0,0,125,137,0,0,0,0,0,0,0,3,381,195,0,0,0,0,0,0,0,0,0,0,0,479,0,0,140,0,0,0,0,0,0,48,"['0', '67', '7', '0', '0', '0', '319', '0', '0', '1', '0', '37', '0', '2', '0', '12', '0', '0', '7', '0', '0', '0', '224', '0', '0', '0', '0', '0', '2', '0', '14', '19', '141']"
adfd0a74-a49a-4025-8208-fc52c790e778,SCISSORS,7,0,0,69,0,0,0,0,0,0,271,0,0,0,0,0,0,0,0,0,0,80,1,109,9,12,7,0,0,0,0,0,0,0,69,0,0,0,0,0,0,0,0,145,0,0,0,0,0,0,0,0,0,233,0,57,0,20,0,0,0,0,0,30,114,0,0,14,0,0,0,0,105,1,49,0,0,0,0,0,0,0,4,0,0,0,573,0,0,0,0,1,0,0,0,2,356,"['0', '0', '0', '0', '1', '0', '0', '0', '0', '0', '0', '69', '3', '14', '0', '0', '0', '55', '0', '0', '0', '0', '0', '0', '58', '0', '0', '0', '0', '68', '0', '0', '188']"
dbe41c48-0549-4b14-9193-2d82dd231b1d,PAPER,18,0,0,149,0,0,0,0,0,0,57,0,0,0,0,0,0,0,1,0,0,117,0,24,2,0,0,0,0,0,0,0,0,0,0,0,0,0,0,1,0,20,0,163,0,0,0,0,1,1,0,0,29,0,0,12,0,0,1,0,0,0,0,55,68,0,0,0,0,0,0,0,0,100,103,0,0,0,0,0,0,0,0,1,0,0,664,0,0,0,0,0,0,0,0,0,91,"['8', '0', '0', '0', '0', '0', '0', '0', '0', '0', '0', '72', '0', '7', '0', '0', '0', '0', '0', '0', '0', '0', '31', '0', '28', '0', '0', '0', '0', '134', '0', '0', '207']"
b3e7c2b3-5055-4eaa-be39-1c51ab6680dd,PAPER,18,0,0,0,0,0,0,0,111,0,22,0,1,0,30,0,0,0,0,0,0,97,0,62,1,0,0,0,0,0,0,0,0,0,0,0,0,0,0,0,0,1,0,176,0,0,0,0,2,29,0,0,1,2,0,18,0,0,0,0,0,0,0,108,11,3,0,0,0,0,0,0,0,71,79,0,0,0,0,0,0,0,0,1,0,0,745,128,0,0,0,0,0,0,0,0,26,"['0', '0', '0', '0', '0', '0', '0', '0', '0', '0', '1', '144', '0', '1', '0', '0', '0', '0', '0', '0', '0', '0', '0', '0', '25', '0', '0', '0', '0', '0', '0', '0', '218']"
af2f3bec-3818-49be-b39f-276a0badc701,PAPER,12,0,0,0,0,0,0,0,0,0,17,0,2,0,2,0,0,0,0,0,0,99,0,26,3,0,0,0,0,0,0,0,0,0,0,0,153,0,0,0,0,26,0,194,0,0,0,0,0,0,0,0,31,0,0,0,0,0,0,0,0,0,0,40,0,0,0,0,0,0,0,0,0,114,143,0,0,0,0,0,0,0,0,0,0,0,801,0,0,0,63,0,0,0,0,0,67,"['0', '16', '0', '0', '0', '0', '0', '0', '2', '0', '0', '131', '0', '2', '0', '0', '0', '47', '0', '0', '0', '0', '0', '0', '0', '0', '0', '0', '0', '0', '0', '0', '228']"
0a3dc341-fe9a-4543-a50f-1d8a9549f39d,PAPER,19,0,0,0,0,0,0,0,0,0,49,0,0,0,2,0,2,0,0,0,0,61,0,168,3,0,0,0,0,0,0,492,0,0,0,0,0,0,0,58,0,1,0,229,0,0,0,0,0,0,0,0,25,60,0,44,0,0,0,0,0,0,0,91,21,1,0,2,0,0,0,0,3,354,232,0,0,0,0,0,0,0,0,3,0,0,950,0,10,0,0,0,0,0,0,0,203,"['0', '0', '0', '0', '0', '0', '0', '0', '0', '0', '62', '74', '0', '7', '0', '0', '0', '0', '0', '5', '0', '0', '0', '0', '126', '346', '0', '0', '3', '0', '0', '0', '268']"
af18fc5d-b8ef-4912-8f10-b234403bffea,PAPER,7,64,0,0,0,0,0,0,0,0,61,0,4,0,2,0,0,0,0,0,0,38,0,0,5,0,0,0,0,0,340,0,0,0,0,0,0,0,0,50,0,53,0,255,0,0,0,0,2,3,0,0,51,52,0,3,0,0,2,0,0,0,0,77,39,1,0,3,0,0,0,0,0,193,190,0,0,0,0,0,0,0,0,1,0,0,1091,0,0,0,0,0,0,199,0,0,81,"['0', '24', '0', '0', '0', '0', '0', '0', '136', '0', '49', '124', '0', '4', '0', '0', '0', '0', '0', '0', '0', '0', '0', '0', '0', '0', '0', '0', '0', '0', '0', '0', '300']"
717e13ae-681c-472e-b663-790d4b5d1343,ROCK,11,0,0,0,0,2,44,0,0,2,125,127,0,0,0,2,0,0,0,0,3,98,4,0,6,2,0,0,0,0,0,0,0,0,0,0,0,0,0,0,2,0,0,300,0,0,0,0,0,0,0,0,0,50,0,5,0,0,0,0,0,0,0,57,100,0,0,5,0,0,0,0,0,39,161,0,0,0,0,0,0,0,0,0,0,0,1186,0,0,0,0,0,0,0,0,0,70,"['103', '8', '0', '42', '0', '0', '0', '0', '0', '0', '0', '102', '0', '5', '0', '0', '0', '0', '0', '0', '0', '0', '0', '0', '83', '0', '0', '0', '4', '0', '0', '0', '323']"
44a363e9-dd63-4e47-8103-c5bbbdc0d0f2,PAPER,9,0,0,0,0,0,0,0,0,0,73,114,0,0,15,0,0,0,0,0,0,0,0,41,4,0,0,0,0,0,0,0,0,0,0,0,0,0,0,34,0,1,41,321,0,4,0,0,0,1,0,0,0,34,0,24,0,0,22,0,0,0,0,44,73,0,9,4,0,0,0,0,0,16,86,0,0,0,3,0,0,3,0,0,0,0,1275,0,0,0,0,0,0,0,0,0,62,"['0', '2', '0', '0', '0', '0', '0', '0', '0', '0', '1', '121', '0', '4', '0', '0', '64', '0', '0', '0', '0', '0', '0', '0', '69', '0', '0', '0', '0', '0', '0', '0', '339']"
9bb38581-8642-42cd-84fd-ef9bf0fdf5cb,PAPER,15,0,0,0,0,0,0,92,0,0,17,0,0,0,26,0,0,0,0,0,0,44,0,18,0,0,0,0,0,0,0,0,0,0,0,0,0,0,0,72,0,0,0,328,0,0,0,0,4,2,0,0,30,7,0,18,0,0,1,0,0,0,0,34,21,3,0,2,0,0,0,0,0,19,125,0,0,0,3,0,0,0,0,0,0,0,1349,0,0,0,0,0,0,0,72,0,42,"['0', '7', '0', '0', '0', '0', '0', '0', '0', '0', '0', '145', '0', '3', '0', '0', '0', '0', '0', '0', '0', '0', '0', '0', '0', '0', '0', '0', '0', '0', '0', '0', '349']"
e89f94d0-456e-4f57-ab1b-3b19b40ae807,ROCK,11,0,0,0,0,0,1,0,0,41,0,0,0,0,0,1,0,0,0,0,0,83,1,135,0,0,0,0,0,0,0,168,0,0,0,0,0,0,0,0,0,0,0,343,0,0,0,0,0,0,0,0,0,59,0,18,0,0,0,0,0,0,0,106,7,45,0,3,0,0,0,0,0,116,76,0,0,0,0,0,0,0,0,0,0,0,1421,0,0,0,0,0,0,0,0,0,50,"['0', '2', '0', '0', '0', '0', '0', '0', '0', '0', '18', '66', '0', '4', '0', '0', '0', '0', '0', '266', '0', '0', '0', '0', '0', '0', '0', '1', '0', '0', '23', '0', '364']"
5e39af37-b8b6-4876-8e1e-068d85d9b3d0,PAPER,19,0,6,0,0,0,0,0,0,95,60,0,0,0,1,0,0,0,0,22,0,31,1,49,6,1,3,0,0,0,0,234,0,0,0,3,0,0,0,1,0,17,0,380,0,0,0,0,3,0,0,0,20,25,0,0,0,0,1,0,0,0,0,53,43,73,0,2,0,0,0,0,1,191,107,0,0,0,10,0,0,0,0,1,0,0,1525,0,0,0,0,0,0,0,0,0,104,"['0', '13', '0', '0', '0', '0', '0', '0', '0', '0', '131', '1', '0', '5', '0', '0', '0', '145', '0', '0', '0', '0', '0', '7', '117', '0', '0', '7', '0', '0', '0', '0', '394']"
b5beb458-a2a6-4df7-9a03-f55810d0e323,ROCK,15,0,0,0,0,0,1,0,0,44,0,0,0,0,0,1,0,0,11,0,1,54,0,73,0,0,0,0,0,0,0,91,0,0,0,0,0,0,0,0,0,0,0,391,0,0,0,0,0,0,0,0,0,40,0,9,0,0,0,0,0,0,0,85,65,0,0,5,0,0,0,0,0,12,60,0,0,0,0,0,0,0,0,0,0,0,1576,0,0,0,0,0,0,0,0,0,27,"['0', '0', '0', '2', '0', '0', '0', '0', '0', '0', '54', '36', '0', '2', '0', '0', '0', '0', '0', '0', '0', '0', '0', '127', '4', '0', '0', '0', '2', '0', '22', '0', '410']"
b4020622-1570-4d1d-80e5-ed702438c55d,SCISSORS,16,0,0,0,0,0,0,0,0,0,48,0,0,0,0,0,0,0,0,0,0,49,0,55,2,0,0,0,0,0,0,185,0,0,0,0,0,0,0,0,0,0,0,400,0,0,0,0,0,0,0,0,0,6,0,0,0,1,0,0,0,0,0,44,83,0,0,0,0,0,0,0,0,105,82,0,0,0,0,0,0,0,17,0,1,0,1636,0,0,0,0,0,0,0,0,0,21,"['0', '0', '0', '0', '0', '0', '0', '133', '0', '0', '0', '54', '0', '0', '0', '0', '0', '0', '0', '0', '0', '0', '0', '0', '83', '0', '0', '0', '0', '48', '0', '0', '416']"
b4e1b242-891c-4dc7-98b7-ca955e9d989e,SCISSORS,12,0,0,0,0,0,0,0,0,0,77,0,0,0,0,0,0,24,0,0,0,112,0,166,5,0,0,0,0,0,0,288,0,0,0,0,0,0,0,0,0,0,0,423,0,0,0,0,0,0,0,0,0,77,0,42,0,24,0,0,0,0,0,90,111,1,0,4,0,0,0,0,0,165,153,0,0,0,0,0,0,3,0,0,2,0,1786,0,0,0,0,1,1,0,0,2,176,"['0', '0', '0', '0', '0', '0', '0', '0', '0', '0', '3', '31', '0', '10', '0', '0', '0', '0', '0', '138', '0', '0', '0', '0', '150', '0', '0', '0', '0', '160', '0', '0', '462']"
0620e896-e924-4510-970f-8a80feca4466,SCISSORS,14,0,0,0,0,0,0,0,0,0,0,0,0,0,0,0,0,0,0,0,0,136,0,30,0,0,0,4,0,0,0,216,0,0,0,0,0,0,0,0,0,0,0,432,0,0,0,0,0,0,0,0,0,4,0,0,0,1,0,0,0,0,0,43,110,0,0,0,0,0,0,0,0,109,96,0,0,0,0,0,0,0,23,0,0,0,1860,0,0,0,0,1,1,0,0,1,24,"['0', '0', '0', '0', '0', '0', '0', '0', '0', '62', '0', '0', '0', '1', '0', '0', '0', '0', '0', '64', '0', '0', '0', '0', '78', '0', '0', '0', '0', '154', '0', '0', '478']"
dfe1acab-2086-46a6-a42a-f99fa5ac95ea,ROCK,9,0,0,0,0,2,30,0,0,0,25,0,0,0,0,0,0,0,0,0,0,61,0,80,2,0,0,0,0,0,0,165,0,0,0,0,0,0,0,0,0,0,0,447,0,0,0,0,0,0,0,0,0,104,0,1,0,0,0,0,0,0,0,45,130,0,0,5,0,0,0,0,0,0,80,0,0,0,0,0,0,0,0,0,0,0,1940,0,0,0,0,0,0,0,0,0,66,"['0', '0', '0', '27', '0', '0', '0', '0', '0', '125', '0', '37', '0', '3', '0', '0', '0', '0', '0', '43', '0', '0', '0', '0', '62', '0', '0', '0', '2', '0', '0', '0', '493']"
99bc4ea5-d343-48d1-a147-ec194b94e074,ROCK,12,0,0,0,0,0,0,0,0,56,0,0,0,0,0,0,0,0,0,0,20,0,0,58,0,0,0,0,0,0,0,126,0,0,0,0,0,0,0,0,3,0,0,455,0,0,0,0,0,0,0,0,0,48,0,1,0,0,0,0,0,0,0,24,155,0,0,2,0,0,0,0,0,0,33,0,0,0,0,0,0,0,0,0,0,0,1971,0,0,0,0,0,0,0,0,0,8,"['0', '0', '0', '1', '0', '0', '0', '0', '0', '0', '0', '96', '0', '2', '0', '0', '0', '0', '0', '99', '0', '0', '0', '0', '1', '0', '0', '0', '2', '0', '54', '0', '507']"
2fb8e1f6-844e-4496-b6d6-ec008ebe14c4,PAPER,16,0,0,0,0,0,0,0,4,0,92,0,0,0,19,0,0,0,0,0,0,47,0,183,5,31,0,0,0,0,0,269,0,0,0,3,0,0,0,0,0,0,0,492,0,12,0,0,0,1,0,0,26,123,0,0,0,0,0,0,0,0,0,96,64,23,0,6,2,0,0,0,0,126,174,0,0,0,0,0,0,0,0,0,0,0,2135,296,0,0,0,0,0,0,0,0,82,"['0', '0', '0', '0', '0', '0', '0', '0', '0', '0', '0', '120', '0', '8', '0', '0', '0', '0', '0', '0', '0', '0', '0', '0', '147', '0', '0', '0', '0', '0', '0', '0', '537']"
6cf9bee4-9aef-4483-b6ac-69eee465db26,ROCK,6,0,0,0,0,17,7,0,0,7,0,0,0,0,0,9,0,0,0,0,492,59,0,95,0,0,0,0,0,0,0,78,0,0,0,0,0,0,0,0,10,0,0,593,0,0,0,0,0,0,0,0,0,21,0,2,0,0,0,0,0,0,0,100,0,550,0,1,0,0,0,0,0,24,76,0,0,0,0,0,0,0,0,0,0,0,2203,0,12,0,0,0,0,0,67,0,6,"['0', '0', '79', '372', '0', '0', '0', '0', '0', '0', '6', '190', '0', '3', '0', '0', '0', '0', '0', '0', '0', '0', '0', '0', '9', '0', '0', '0', '16', '0', '14', '0', '615']"
58002e7c-78e5-4b8a-802d-f7636c76e353,SCISSORS,7,0,0,0,0,0,0,7,0,0,131,0,0,0,0,0,0,0,0,0,0,0,0,86,14,0,0,0,0,0,0,167,0,0,0,0,0,0,0,0,0,0,0,627,0,0,0,0,0,0,0,0,0,27,0,0,0,8,0,0,0,0,0,71,5,104,0,1,0,0,0,0,0,53,130,0,0,0,2,0,0,0,1,0,3,0,2306,0,0,0,0,0,0,0,0,0,97,"['0', '0', '0', '0', '0', '0', '0', '0', '0', '1', '0', '65', '0', '1', '0', '0', '0', '27', '0', '59', '0', '0', '0', '0', '93', '0', '0', '5', '0', '57', '0', '0', '635']"
fb8d6439-a5df-49b1-b9c0-a015fd319ecc,ROCK,5,0,0,0,0,0,1,0,0,41,5,0,0,0,0,0,3,0,0,0,0,28,0,156,0,5,0,0,0,0,0,132,0,0,0,0,0,0,0,0,0,0,0,641,0,0,0,0,0,0,0,0,0,100,0,22,0,0,0,0,0,0,0,29,74,43,0,8,0,0,0,0,0,36,59,0,0,0,0,0,0,0,0,0,0,0,2362,0,0,0,0,0,0,0,0,0,105,"['0', '0', '0', '0', '0', '0', '0', '0', '0', '0', '1', '43', '0', '3', '0', '0', '0', '0', '0', '62', '0', '0', '0', '0', '0', '0', '0', '0', '0', '137', '20', '0', '647']"
01015256-bae2-4f27-b615-50c6952e3dd2,ROCK,17,0,0,0,0,1,1,0,0,102,263,0,0,0,0,0,0,0,0,0,0,32,0,76,25,52,0,0,0,0,0,112,0,0,0,0,0,0,0,0,0,0,0,708,0,0,0,0,0,0,0,0,0,225,0,0,0,0,0,0,0,0,0,56,188,0,12,17,0,0,0,0,6,19,99,0,0,0,42,0,0,0,0,0,0,0,2493,0,0,0,0,0,0,0,0,0,286,"['0', '87', '0', '2', '0', '0', '0', '0', '0', '0', '1', '101', '2', '14', '0', '0', '0', '0', '0', '65', '0', '0', '0', '0', '41', '0', '0', '0', '3', '0', '62', '0', '709']"
d9dc5d07-ffc4-460a-8a63-fd7f2761d0e4,ROCK,16,0,0,0,0,0,35,5,0,1,0,0,0,0,0,1,0,0,0,0,0,0,0,120,0,0,0,0,0,0,0,238,0,0,0,0,0,0,0,0,1,0,0,722,0,0,0,0,0,0,0,0,0,0,0,0,0,0,0,0,0,0,0,38,137,2,0,0,0,0,0,0,0,147,74,0,0,0,3,0,0,0,0,0,0,0,2559,0,0,0,0,0,0,0,0,0,26,"['0', '1', '0', '0', '0', '0', '0', '0', '0', '0', '0', '97', '0', '0', '0', '0', '0', '0', '0', '249', '0', '0', '0', '0', '0', '0', '0', '0', '0', '0', '28', '0', '714']"
455b13ce-67a3-4514-9deb-9838dcd9ebb1,ROCK,9,0,0,0,5,0,0,0,0,27,45,0,0,0,0,1,0,0,0,0,20,0,0,88,6,0,0,0,0,0,0,401,0,0,0,0,0,0,0,0,4,0,0,754,0,0,0,0,0,0,0,0,0,0,0,0,0,0,0,0,0,0,0,166,108,0,0,0,0,0,0,0,0,225,13,0,0,0,5,0,0,80,0,0,0,0,2593,0,0,0,0,0,0,0,0,0,60,"['259', '7', '0', '0', '0', '0', '0', '0', '0', '0', '0', '75', '0', '2', '0', '0', '0', '0', '0', '0', '0', '0', '0', '0', '171', '0', '0', '0', '1', '0', '22', '0', '738']"
923fbe83-46b8-492d-ba6c-7b7ea4242763,SCISSORS,11,0,0,0,83,0,0,0,0,0,117,0,0,0,0,0,0,0,0,0,0,0,0,23,7,61,0,0,0,0,0,170,0,0,0,0,0,0,0,0,0,0,0,779,0,0,0,0,0,0,0,0,0,13,0,0,0,39,0,0,0,0,0,177,75,0,0,1,0,0,0,0,0,144,9,0,0,0,0,0,0,0,1,0,2,0,2630,0,0,0,0,3,1,0,0,2,91,"['0', '0', '0', '0', '0', '0', '0', '0', '0', '1', '4', '94', '0', '4', '0', '0', '83', '0', '0', '0', '0', '0', '0', '0', '125', '0', '0', '0', '0', '53', '0', '0', '782']"
5578e5bf-d26d-4f2c-ba7b-0af519c3e5f6,PAPER,6,0,0,0,0,0,0,0,0,31,35,0,0,0,1,0,0,0,0,0,5,31,1,94,2,47,0,0,4,0,0,175,0,3,0,0,0,0,0,1,0,31,0,810,0,0,0,0,1,3,0,0,0,30,0,39,0,0,1,0,0,0,0,10,40,0,0,3,0,0,0,0,0,138,152,0,0,0,0,0,0,0,3,41,0,0,2682,0,0,0,0,0,0,0,0,0,94,"['0', '0', '0', '0', '0', '0', '0', '0', '0', '0', '0', '75', '0', '9', '0', '0', '0', '105', '0', '0', '0', '0', '0', '0', '52', '0', '0', '0', '0', '126', '0', '0', '807']"
8882473a-d424-4254-ab6f-50837f5fe4cb,SCISSORS,19,0,0,0,0,0,0,0,0,0,38,0,4,0,0,0,0,0,0,0,0,352,1,63,2,4,0,0,0,0,0,96,0,0,0,0,0,0,0,0,0,0,0,828,0,0,0,0,0,0,0,0,0,86,0,46,0,6,0,0,0,0,0,5,41,0,0,7,0,0,0,0,0,10,140,0,0,0,0,0,0,0,208,0,11,0,2751,0,0,0,0,6,3,4,0,2,52,"['0', '32', '0', '0', '2', '0', '0', '0', '0', '214', '0', '70', '0', '8', '0', '0', '0', '0', '0', '158', '0', '0', '0', '0', '0', '0', '0', '0', '0', '9', '0', '0', '877']"
b89b2c28-828f-4ee5-83b6-3aa5239d0575,ROCK,13,0,0,0,0,0,1,0,0,66,0,0,0,0,0,0,0,0,0,1,0,71,0,178,0,0,0,0,0,0,0,229,0,0,0,0,0,0,0,0,2,0,0,850,0,0,0,0,0,0,0,0,0,31,0,71,0,0,0,0,0,0,0,10,71,0,0,2,0,0,0,0,0,171,192,0,0,0,0,0,0,0,0,0,0,0,2779,0,0,0,0,0,0,0,0,0,30,"['0', '0', '0', '1', '0', '0', '0', '0', '0', '0', '0', '35', '0', '3', '6', '0', '0', '0', '0', '425', '0', '0', '0', '0', '21', '0', '0', '0', '1', '0', '26', '0', '892']"
cd4714d2-1ae2-45dd-8abe-334184020a1f,SCISSORS,8,0,0,0,0,0,0,0,0,141,59,0,0,0,0,0,0,0,0,0,0,75,0,0,0,0,0,0,0,0,0,0,0,0,0,0,0,0,0,0,0,0,0,852,0,0,0,0,0,0,0,0,0,9,0,55,0,23,0,0,0,0,0,7,0,49,0,1,0,0,0,0,0,6,125,0,0,0,0,0,0,0,0,0,0,0,2801,0,0,0,0,0,1,0,0,1,0,"['0', '9', '0', '0', '0', '0', '0', '0', '0', '1', '1', '68', '0', '0', '0', '0', '0', '0', '0', '0', '0', '0', '0', '0', '47', '0', '0', '77', '0', '70', '0', '0', '907']"
d185bce5-1039-4376-938d-103e9bb59405,ROCK,5,0,0,0,5,0,0,0,0,28,54,0,0,0,0,1,0,0,0,0,0,71,0,40,3,0,0,0,0,0,17,303,0,0,0,0,0,0,0,0,1,0,0,872,0,0,0,0,0,0,0,0,0,43,0,12,0,0,0,0,0,0,0,186,67,71,0,1,0,0,0,0,31,99,13,0,0,0,0,0,0,0,0,0,0,0,2844,0,0,0,0,0,0,0,0,0,101,"['0', '44', '0', '0', '0', '5', '0', '0', '0', '0', '1', '7', '0', '5', '0', '0', '0', '0', '0', '133', '0', '0', '0', '0', '85', '0', '0', '0', '4', '126', '12', '0', '942']"
c1981f18-4851-4dbd-b83f-cacaba8403b1,ROCK,6,0,0,24,0,1,1,5,0,90,410,0,0,0,0,0,0,0,0,0,0,74,5,65,21,12,0,0,0,0,0,219,0,0,0,0,0,0,0,0,0,0,0,951,0,0,0,0,0,0,0,0,0,247,0,139,0,0,0,0,0,0,0,188,226,1,0,16,0,0,0,0,31,63,13,0,0,0,3,0,0,0,0,0,0,0,2921,0,0,0,0,0,0,0,0,0,537,"['0', '181', '0', '3', '0', '0', '0', '0', '0', '0', '1', '27', '0', '33', '0', '0', '0', '0', '0', '0', '0', '0', '0', '62', '34', '0', '0', '0', '2', '0', '47', '0', '1027']"
7c3593a3-828a-4b5d-9aa8-55a4cf91419c,ROCK,13,0,0,0,0,0,17,0,0,32,286,0,0,0,0,0,0,0,0,0,0,0,0,49,22,51,4,0,0,0,0,222,0,0,0,3,0,0,0,0,1,0,18,1009,0,0,0,0,0,0,0,0,0,161,0,162,0,0,0,0,0,0,0,200,119,3,0,5,0,0,0,0,8,31,10,0,0,0,0,0,0,6,0,0,0,0,2978,0,0,0,0,0,0,0,0,0,303,"['0', '121', '0', '1', '0', '0', '0', '0', '0', '0', '0', '0', '0', '18', '0', '0', '0', '0', '0', '178', '0', '0', '0', '0', '67', '0', '0', '0', '2', '0', '15', '0', '1079']"
836b9d07-8743-4a02-bbb5-a35295094a4b,ROCK,14,0,0,0,0,1,1,0,0,60,0,0,0,0,0,1,0,0,0,0,0,0,0,14,0,0,0,0,0,0,0,164,0,0,0,0,0,0,0,0,0,0,0,1019,0,0,0,0,0,0,0,0,0,0,0,48,0,0,0,0,0,0,0,56,65,0,0,0,1,0,0,0,0,66,5,0,0,0,0,0,0,0,0,0,0,0,2994,0,0,0,0,0,0,0,0,0,18,"['0', '50', '0', '1', '0', '0', '0', '0', '0', '0', '2', '48', '0', '1', '0', '0', '68', '0', '5', '0', '0', '0', '0', '0', '38', '0', '0', '0', '1', '0', '9', '0', '1097']"
cfd7cabe-2a79-4492-98db-0d1b8ef0ebd3,SCISSORS,8,0,0,0,0,0,0,0,0,138,144,0,0,0,0,0,0,0,0,0,0,53,0,177,8,0,0,43,0,0,0,108,0,0,0,0,0,0,0,0,0,0,0,1049,0,0,0,0,0,0,0,0,0,9,0,40,0,11,0,0,0,0,0,266,107,0,0,0,0,0,0,0,0,214,20,0,0,0,3,0,0,0,1,0,0,0,3052,0,57,0,0,0,0,0,0,1,108,"['0', '0', '0', '0', '0', '0', '6', '0', '0', '0', '1', '79', '0', '3', '8', '0', '10', '0', '0', '342', '0', '0', '0', '0', '19', '0', '0', '0', '0', '37', '0', '0', '1123']"
b10b72ad-5905-42c6-9b74-71c7f0597f7b,PAPER,12,0,0,0,0,0,0,0,0,0,141,0,0,0,24,0,0,0,0,0,0,97,0,93,9,3,0,0,0,0,0,204,0,0,0,0,0,0,0,0,0,0,0,1083,0,0,0,0,1,1,0,0,24,78,0,11,0,0,0,0,0,0,0,232,95,2,0,3,0,0,0,0,0,61,17,0,0,0,0,0,0,43,0,3,0,0,3124,0,16,0,0,0,0,0,0,0,181,"['0', '7', '0', '0', '0', '0', '0', '0', '0', '0', '1', '112', '0', '14', '0', '0', '0', '0', '0', '204', '0', '0', '0', '0', '36', '0', '0', '0', '0', '0', '0', '0', '1161']"
43b866a2-1390-4956-8966-848cb3d0f74a,ROCK,17,0,0,0,0,8,11,0,0,6,0,0,0,0,0,8,0,0,0,0,364,62,0,40,0,0,0,0,0,0,0,167,0,0,0,0,0,0,0,0,7,0,0,1163,0,0,0,0,0,0,0,0,0,15,0,4,0,0,0,0,0,0,0,148,428,0,0,2,0,0,0,0,0,71,5,0,0,0,0,0,0,0,0,0,0,0,3145,0,0,0,0,0,0,0,0,0,7,"['0', '0', '0', '11', '0', '0', '0', '0', '0', '0', '1', '113', '0', '0', '93', '0', '0', '0', '0', '177', '0', '0', '0', '0', '0', '0', '0', '0', '9', '0', '262', '0', '1205']"
61c6d3da-2cfa-4d64-8bca-cc2400ee168b,PAPER,13,0,0,0,0,0,0,0,0,0,30,0,0,0,1,0,0,0,0,0,0,0,0,15,2,36,0,0,0,0,0,218,0,0,0,0,0,0,0,0,0,19,0,1174,0,0,0,0,0,0,0,0,0,0,0,0,0,0,0,0,0,0,0,154,59,0,0,0,0,0,0,0,4,64,20,0,0,0,0,0,0,0,0,20,0,0,3186,0,0,0,0,0,0,0,0,0,33,"['0', '0', '0', '0', '0', '0', '0', '0', '0', '0', '1', '116', '0', '2', '0', '0', '0', '0', '0', '134', '0', '0', '0', '0', '35', '0', '0', '0', '0', '0', '0', '0', '1214']"
ad4825ac-57fe-46dc-aaec-a47afaca9dfb,PAPER,13,0,0,0,0,0,0,0,0,0,13,0,0,0,1,0,0,0,0,0,0,46,0,20,0,56,0,0,0,0,0,104,0,0,0,0,0,0,0,0,0,50,0,1187,0,0,0,0,1,1,0,0,2,0,0,5,0,0,0,0,0,0,0,76,47,4,0,0,0,0,0,0,38,0,64,0,0,0,0,0,0,0,0,52,0,0,3221,0,0,0,0,0,0,0,0,0,51,"['0', '4', '0', '0', '0', '0', '0', '0', '0', '0', '0', '158', '0', '1', '0', '0', '0', '0', '0', '76', '0', '0', '0', '0', '0', '0', '0', '0', '0', '0', '0', '0', '1220']"
23eddc48-d7a7-4d14-9609-f166ee03ae14,ROCK,18,123,0,0,0,0,0,0,0,68,25,0,0,0,0,1,0,0,0,0,1,69,0,27,4,0,0,0,0,0,0,0,0,0,0,0,0,0,100,0,0,0,0,1206,0,0,0,0,0,0,0,0,0,17,0,12,0,0,0,0,0,0,0,159,73,0,0,0,1,0,0,0,0,115,5,0,0,0,0,0,0,36,0,0,0,0,3244,0,0,0,0,0,0,0,0,0,92,"['0', '0', '0', '2', '0', '0', '6', '0', '0', '0', '1', '109', '0', '7', '0', '0', '0', '128', '0', '0', '0', '0', '0', '0', '46', '0', '0', '0', '26', '0', '1', '0', '1251']"
9b5e38c6-6e40-4333-9ced-dca1d99a89e5,PAPER,10,0,0,0,0,0,0,0,0,79,72,0,0,0,19,0,3,63,0,0,0,25,0,259,9,0,7,0,0,0,0,373,0,5,0,0,0,0,0,1,0,0,0,1259,0,0,0,0,0,0,0,0,22,0,0,13,0,0,0,0,0,0,0,400,80,0,0,0,0,0,0,0,0,337,35,0,0,0,0,0,0,28,0,0,0,0,3335,0,0,0,0,0,0,0,0,0,74,"['0', '0', '0', '0', '0', '0', '0', '1', '0', '0', '0', '113', '0', '5', '0', '0', '0', '0', '6', '0', '0', '0', '0', '284', '356', '0', '0', '76', '0', '0', '0', '0', '1295']"
fef06501-bca4-4c6d-bb72-2d48c7404162,SCISSORS,12,0,0,0,0,0,0,0,0,0,23,0,0,0,0,0,0,0,0,0,0,143,0,24,2,2,0,0,0,0,0,0,0,0,0,0,0,0,0,0,0,0,102,1267,0,0,0,0,0,0,0,0,0,9,0,0,0,33,0,0,0,0,0,156,37,0,0,2,0,0,0,0,0,53,5,0,0,0,0,0,0,0,1,0,0,0,3360,0,0,0,0,1,2,0,0,2,29,"['0', '0', '0', '0', '1', '0', '0', '0', '0', '1', '0', '66', '0', '2', '0', '0', '0', '0', '0', '127', '0', '0', '0', '0', '22', '0', '0', '0', '0', '43', '0', '0', '1318']"
817221c8-fbbf-44a2-95c8-fc15008b0702,PAPER,20,193,0,0,0,0,0,0,0,0,5,0,0,0,0,0,0,0,0,0,0,103,0,9,0,0,0,52,0,0,83,0,0,0,0,0,0,0,0,32,0,3,0,1285,0,0,0,0,0,0,0,0,0,0,0,9,0,0,2,0,0,0,0,146,87,1,0,0,0,0,0,0,0,193,10,0,0,0,0,0,0,0,0,32,0,0,3407,0,0,0,0,0,0,0,0,0,59,"['0', '0', '0', '0', '0', '0', '0', '0', '0', '0', '0', '76', '0', '5', '0', '0', '0', '0', '0', '338', '0', '0', '0', '0', '2', '0', '0', '0', '0', '0', '0', '0', '1331']"
243f3b98-41b3-4d19-9371-570b7ac7cfe1,PAPER,17,11,1,0,0,0,0,0,0,0,56,0,0,0,20,0,3,0,0,0,1,80,1,127,4,1,0,0,0,1,0,403,0,0,0,0,0,0,0,1,0,2,0,1326,0,0,0,0,0,0,0,0,0,0,0,3,0,0,1,0,0,0,0,377,2,1,0,0,0,0,0,0,0,280,20,0,0,0,0,0,0,0,0,28,0,0,3463,0,0,0,0,0,0,0,0,0,81,"['0', '0', '0', '0', '0', '0', '0', '0', '0', '0', '0', '109', '0', '5', '2', '0', '0', '0', '0', '371', '0', '0', '0', '0', '144', '0', '0', '0', '0', '0', '0', '0', '1352']"
8e7ca788-b56d-4907-9ac3-e4c2a1811d7e,ROCK,13,0,0,0,0,1,1,0,0,53,0,0,0,108,0,0,0,0,0,0,1,74,0,0,0,0,0,0,0,0,20,0,0,0,0,0,0,0,58,0,1,0,0,1338,0,0,0,0,0,0,0,0,0,2,0,63,0,0,0,0,0,0,0,79,0,0,0,0,0,0,0,0,0,93,80,0,0,0,0,0,0,0,0,0,0,0,3488,0,0,0,0,0,0,0,0,0,13,"['0', '0', '0', '21', '0', '0', '0', '0', '0', '0', '0', '108', '0', '0', '1', '0', '0', '0', '0', '173', '0', '0', '0', '0', '0', '0', '0', '0', '0', '0', '1', '0', '1361']"
88166b55-71a4-4a24-b111-e80f3ead1ff6,PAPER,6,0,0,0,0,0,0,0,7,122,278,0,0,0,12,0,0,0,0,0,0,39,0,122,24,0,7,0,0,0,0,511,0,0,0,0,0,0,0,1,0,0,0,1415,0,0,0,0,0,1,0,0,13,0,0,83,0,0,1,0,0,0,0,539,0,0,0,0,0,0,0,0,2,433,51,0,0,0,0,0,0,0,0,0,0,0,3622,0,0,0,234,0,0,12,0,0,229,"['0', '0', '0', '0', '0', '0', '0', '0', '0', '1', '3', '141', '0', '13', '0', '0', '0', '0', '0', '0', '0', '0', '0', '0', '483', '0', '0', '7', '0', '0', '0', '0', '1430']"
c9391b97-0a78-4cd1-bfdb-4c3201c2d980,PAPER,17,0,0,0,0,0,0,0,0,0,52,0,0,0,2,0,0,0,0,0,0,113,0,0,5,0,0,0,96,0,0,0,0,0,0,0,0,0,0,19,0,0,0,1433,0,0,0,0,1,1,0,0,0,13,0,0,0,0,1,0,0,0,0,196,0,0,0,1,0,0,0,0,0,36,14,0,0,0,0,0,0,0,0,24,0,0,3666,69,0,0,0,0,0,0,0,0,64,"['0', '0', '0', '0', '0', '0', '0', '0', '0', '0', '1', '135', '0', '3', '0', '0', '0', '0', '0', '0', '0', '0', '0', '0', '15', '0', '0', '0', '0', '0', '0', '0', '1443']"
a3fe2071-e938-44a5-949f-1e96435a536c,ROCK,6,0,0,0,0,2,0,0,0,63,64,0,0,0,0,0,0,0,0,0,0,96,1,87,5,10,0,0,0,0,0,298,0,0,0,0,0,0,15,0,0,0,0,1470,0,0,0,0,0,0,0,0,0,39,0,42,0,0,0,0,0,0,0,295,79,0,0,2,0,0,0,0,0,172,12,0,0,0,0,0,0,0,0,0,0,0,3717,0,0,0,0,0,0,0,0,0,67,"['0', '30', '0', '1', '0', '0', '0', '0', '0', '0', '5', '86', '0', '8', '0', '107', '0', '0', '0', '211', '0', '0', '52', '0', '3', '0', '0', '0', '69', '0', '2', '0', '1484']"
7612b591-abe3-4b5c-b867-6ee29b8422b2,ROCK,19,0,0,0,0,1,1,0,0,74,48,0,0,6,0,0,0,0,0,0,0,22,1,25,5,12,0,0,0,0,0,143,0,0,0,0,0,0,0,0,0,0,0,1496,0,0,0,0,0,0,0,0,0,54,0,1,0,0,0,0,0,0,0,97,156,1,0,2,0,0,0,0,0,18,9,0,0,0,0,0,0,0,0,0,0,0,3747,0,0,0,0,0,0,0,0,0,36,"['0', '0', '0', '35', '0', '0', '82', '0', '0', '0', '0', '39', '0', '2', '0', '0', '0', '0', '0', '0', '0', '0', '0', '0', '49', '21', '0', '0', '73', '0', '1', '0', '1504']"
31b92da5-c705-447a-8466-c4deba0061d1,ROCK,8,0,4,87,0,1,38,0,0,100,8,0,0,0,0,0,0,0,0,0,1,17,0,178,2,26,0,0,0,0,0,265,0,6,0,0,0,0,112,0,0,0,37,1534,0,0,0,0,0,0,0,0,0,79,0,1,0,0,0,0,0,0,0,265,83,75,0,5,0,0,0,0,0,346,23,0,0,0,0,0,0,5,0,0,0,0,3829,0,0,0,0,0,0,0,0,0,81,"['0', '0', '0', '2', '0', '101', '0', '0', '0', '0', '0', '98', '8', '8', '0', '0', '0', '0', '0', '551', '0', '0', '0', '0', '0', '0', '0', '0', '33', '0', '0', '0', '1537']"
b1587d71-ec3f-4506-a145-16fc92b4b1ce,ROCK,16,0,0,0,0,3,0,0,0,69,0,0,0,0,0,0,0,0,0,0,0,0,0,22,0,0,0,0,0,0,0,196,0,0,0,0,0,0,0,0,0,0,0,1545,0,0,0,0,0,0,0,0,0,6,0,0,0,0,0,0,0,0,0,74,99,76,0,1,12,0,0,0,0,17,5,0,0,0,0,0,0,0,0,0,0,0,3849,0,0,0,0,0,0,0,65,0,44,"['0', '0', '0', '0', '0', '0', '0', '0', '0', '0', '0', '121', '0', '3', '0', '0', '0', '0', '0', '0', '23', '0', '0', '0', '8', '0', '0', '0', '25', '0', '1', '0', '1552']"
32abd021-484d-4a0d-abc8-6e65856e855b,ROCK,13,0,0,0,0,2,0,0,0,174,0,0,0,0,0,1,0,0,0,0,0,0,0,12,0,0,0,0,0,0,0,41,0,0,0,0,0,0,0,0,0,0,0,1554,0,0,0,0,0,0,0,0,0,0,0,1,0,0,0,0,0,0,0,59,136,1,0,0,0,0,0,0,0,29,4,0,0,0,0,0,0,0,0,0,0,0,3867,0,0,0,0,0,0,0,0,0,19,"['0', '3', '0', '17', '0', '0', '0', '0', '0', '0', '0', '100', '0', '0', '0', '0', '0', '0', '0', '0', '0', '0', '0', '0', '14', '0', '0', '0', '0', '77', '0', '0', '1559']"
32cedf94-08e5-4d80-829e-b15adfa93d19,SCISSORS,8,0,0,0,0,0,0,0,0,0,27,0,0,0,0,0,0,0,0,0,0,73,1,35,3,0,0,0,0,0,0,293,0,0,0,0,0,0,0,0,0,0,0,1566,0,0,0,0,0,0,0,0,0,35,0,0,0,16,0,0,0,0,0,128,72,43,0,1,0,0,0,0,0,129,7,0,0,0,0,0,0,0,0,0,1,0,3896,151,0,0,0,1,1,0,0,0,16,"['0', '0', '0', '0', '2', '0', '0', '0', '0', '0', '0', '65', '0', '3', '0', '0', '0', '0', '0', '0', '0', '0', '0', '0', '130', '0', '0', '0', '0', '63', '0', '0', '1583']"
1c0f9a0b-1daa-4e48-b6ad-f56527ac2b40,SCISSORS,7,0,0,0,0,0,0,0,0,0,120,0,0,0,0,0,0,0,0,0,0,147,1,0,13,1,0,0,0,0,0,178,0,0,0,0,0,0,0,0,0,0,0,1599,0,0,0,0,0,0,0,0,0,28,0,35,0,20,0,0,0,0,0,164,50,75,0,2,0,0,0,0,0,69,15,0,0,0,0,0,0,0,1,0,1,0,3945,56,0,0,0,1,1,0,0,1,79,"['0', '11', '0', '0', '1', '0', '0', '0', '0', '6', '7', '42', '0', '2', '0', '0', '0', '0', '0', '0', '0', '0', '0', '0', '84', '0', '0', '0', '0', '169', '0', '0', '1624']"
1e91ac8b-3e04-47f0-8143-33f7f9c62884,ROCK,7,0,0,0,0,0,1,0,0,34,88,33,0,0,0,3,0,0,0,0,1,66,0,21,4,0,0,0,0,0,0,206,0,0,0,4,0,0,0,0,5,0,0,1634,0,0,0,0,0,0,0,0,0,16,0,4,0,0,0,0,0,0,0,144,168,0,0,0,0,0,0,0,0,114,16,0,0,0,0,0,0,4,0,0,0,0,3986,171,0,0,0,0,0,0,0,0,127,"['0', '0', '0', '0', '0', '0', '0', '0', '7', '0', '3', '71', '0', '6', '0', '0', '0', '0', '3', '0', '0', '0', '0', '0', '66', '0', '0', '0', '12', '0', '0', '0', '1655']"
7adb91f4-ff74-4cb0-832a-0d2ff336750c,SCISSORS,7,0,0,0,0,0,0,0,0,0,103,0,0,0,0,0,0,0,0,0,0,0,0,11,7,73,0,0,0,0,42,193,0,0,0,0,0,0,0,0,0,0,0,1660,0,0,0,0,0,0,0,0,0,34,0,50,0,0,0,0,0,0,0,186,65,0,0,3,0,0,0,0,0,55,16,0,0,0,0,0,0,0,2,0,18,0,4041,0,0,0,0,0,0,0,0,0,39,"['0', '0', '0', '0', '0', '0', '0', '0', '0', '136', '0', '65', '0', '3', '0', '0', '0', '0', '0', '0', '0', '0', '0', '0', '112', '0', '0', '0', '0', '74', '0', '0', '1679']"
bdc6eb15-0448-4aad-b1bb-771eeb67bedf,PAPER,9,0,0,0,16,0,0,0,0,0,526,0,0,0,102,0,0,0,0,0,0,0,0,80,28,78,0,0,0,0,0,347,0,0,0,0,0,0,0,3,0,2,0,1754,0,0,0,0,2,1,0,0,56,61,0,242,0,0,2,0,0,0,0,462,73,1,0,2,26,0,0,0,0,221,33,0,0,0,0,0,0,0,0,0,0,0,4164,0,0,0,0,0,0,0,0,0,566,"['21', '63', '0', '0', '0', '0', '0', '0', '0', '34', '7', '190', '0', '34', '0', '0', '0', '0', '0', '0', '24', '0', '0', '0', '82', '0', '0', '0', '0', '161', '0', '0', '1786']"
b7b5b73a-c7b3-4842-ae66-621bda6f90f2,ROCK,17,0,0,0,0,1,0,0,0,23,38,0,0,0,68,0,0,0,0,0,4,0,0,50,1,0,0,0,0,0,0,162,0,0,0,3,0,0,0,0,0,0,0,1775,0,0,0,0,0,0,0,0,0,4,0,0,0,0,0,0,0,0,0,230,49,1,0,0,0,0,0,0,3,55,8,0,0,0,0,0,0,0,0,0,0,0,4194,0,0,0,0,0,0,0,0,0,39,"['0', '0', '0', '0', '0', '0', '0', '0', '0', '103', '0', '107', '0', '3', '0', '0', '0', '0', '0', '0', '0', '0', '0', '0', '93', '0', '0', '0', '5', '0', '0', '0', '1800']"
ee693eec-b193-46fc-af1c-6af3d0fa3580,PAPER,9,0,0,0,0,0,0,0,0,0,70,0,2,0,0,0,0,0,0,0,0,27,0,5,5,0,0,0,0,0,0,316,0,0,0,0,0,0,0,0,0,12,0,1794,0,0,0,0,0,0,0,0,1,0,0,36,0,0,1,0,0,0,0,183,60,1,0,0,0,0,0,0,0,119,19,0,0,0,0,0,0,0,0,17,0,0,4246,0,0,0,0,0,0,0,0,0,47,"['0', '7', '0', '0', '0', '0', '0', '0', '0', '0', '73', '62', '0', '2', '0', '0', '0', '0', '0', '0', '0', '0', '0', '0', '119', '0', '0', '0', '0', '127', '0', '0', '1821']"
0638b843-8e21-4a07-a587-622b79a2a9fa,PAPER,7,0,0,3,0,0,0,0,0,0,223,34,0,0,0,0,0,0,0,0,0,90,0,96,22,4,0,0,0,0,2,319,0,0,0,0,40,0,51,2,3,14,0,1872,0,0,0,0,1,0,0,0,1,90,0,4,0,0,0,0,0,0,0,373,0,0,0,5,0,0,0,0,0,314,99,0,0,0,0,0,0,0,0,16,0,0,4348,3,0,0,0,0,0,0,0,0,297,"['0', '28', '0', '0', '0', '0', '0', '0', '0', '0', '106', '0', '0', '18', '0', '0', '0', '0', '0', '0', '0', '0', '191', '0', '0', '0', '0', '0', '0', '260', '0', '0', '1895']"
72a122eb-e2c8-4537-b7c6-921746f15d04,ROCK,17,0,0,0,0,13,9,0,0,22,115,0,0,0,0,21,0,0,0,0,708,121,2,55,3,44,0,0,0,0,15,216,0,0,0,0,0,0,0,0,13,0,0,2049,0,1,0,0,0,0,0,0,0,197,0,14,0,0,0,0,0,0,0,175,934,6,0,18,0,0,0,0,0,4,8,0,0,0,0,0,0,0,0,0,0,0,4422,0,0,0,0,0,0,0,62,0,208,"['0', '543', '0', '5', '0', '0', '0', '0', '0', '0', '185', '8', '0', '17', '0', '0', '0', '0', '0', '0', '0', '0', '0', '0', '39', '0', '0', '0', '165', '115', '10', '0', '1980']"
dd21bcb0-ec4a-426a-a7ea-365aeebe578c,ROCK,20,0,0,0,0,0,1,0,0,42,0,0,1,0,0,2,3,0,0,0,0,1,0,115,0,3,0,0,0,0,0,188,0,0,0,0,0,0,0,0,0,0,0,2071,0,0,0,0,0,0,0,0,0,21,0,2,0,0,0,0,0,0,0,140,88,0,0,2,0,0,0,0,11,73,10,0,0,0,0,0,0,9,0,0,0,0,4455,168,0,0,0,0,0,0,0,0,6,"['0', '4', '0', '19', '0', '0', '0', '0', '0', '0', '40', '22', '0', '1', '0', '0', '0', '0', '0', '0', '0', '0', '0', '0', '95', '0', '0', '0', '0', '0', '1', '0', '1997']"
36c4289a-3b01-473c-9574-b620f0057e80,SCISSORS,20,0,0,0,0,0,0,0,0,0,10,0,0,0,0,0,0,0,0,0,0,69,0,97,2,0,0,0,0,0,0,294,0,0,0,0,0,0,0,0,0,0,0,2085,0,0,0,0,0,0,0,0,0,36,0,9,0,2,0,0,0,0,0,134,110,1,0,0,0,0,0,0,38,48,72,0,0,0,0,0,0,0,5,0,17,0,4594,0,203,0,0,0,0,40,0,0,27,"['0', '0', '0', '0', '0', '0', '0', '0', '0', '73', '0', '63', '0', '0', '0', '0', '0', '0', '0', '0', '0', '0', '0', '0', '0', '0', '0', '0', '0', '66', '0', '0', '2008']"
024e5ffb-26a3-4b4a-8c68-5447fa00fceb,PAPER,5,0,0,0,0,0,0,0,0,0,5,0,4,0,1,0,0,63,0,0,0,99,0,18,0,0,0,0,0,0,0,40,0,0,0,0,0,0,0,1,0,10,0,2096,0,0,0,0,0,0,0,0,0,0,0,0,0,0,1,0,0,0,0,71,67,0,0,0,0,0,0,0,0,44,37,0,0,0,0,0,0,0,0,21,0,0,4649,0,0,0,0,0,0,0,0,0,0,"['0', '0', '0', '0', '0', '0', '0', '0', '0', '0', '0', '51', '0', '0', '0', '0', '0', '0', '0', '0', '0', '0', '0', '0', '0', '0', '0', '0', '0', '190', '0', '0', '2009']"
d5c1aefc-6e6e-4610-889d-742e9b455932,SCISSORS,9,0,0,0,0,0,0,0,0,0,0,0,0,0,0,0,0,0,0,0,0,0,0,4,0,0,0,0,0,0,0,1,0,0,0,0,0,0,0,0,0,0,0,5,0,0,0,0,0,0,0,0,0,3,0,0,0,0,0,0,0,0,0,0,1,0,0,0,0,0,0,0,0,0,1,0,0,0,0,0,0,0,0,0,0,0,8,0,0,0,0,0,0,0,0,0,1,"['0', '0', '0', '0', '0', '0', '0', '0', '0', '3', '0', '0', '0', '0', '0', '0', '0', '0', '0', '0', '1', '0', '0', '0', '0', '0', '0', '0', '0', '0', '0', '0', '4']"
311b37e2-99c3-4d51-b777-1cff956105aa,ROCK,6,0,0,0,0,0,0,0,0,1,4,0,0,0,0,0,0,0,0,0,0,0,0,0,0,0,0,0,0,0,3,3,0,0,0,0,0,0,0,0,0,0,0,11,0,0,0,0,0,0,0,0,0,0,0,2,0,0,0,0,0,0,0,2,4,0,0,0,0,0,0,0,0,3,0,0,0,0,0,0,0,0,0,0,0,0,20,0,1,0,0,0,0,0,0,0,8,"['0', '0', '0', '1', '0', '0', '0', '0', '0', '1', '0', '0', '0', '0', '0', '0', '0', '0', '0', '0', '0', '0', '0', '0', '0', '0', '0', '0', '0', '0', '0', '0', '14']"
6cad3084-3cb9-468b-9b50-62fc0a5f3b47,PAPER,5,0,0,0,0,0,0,0,0,0,6,0,2,0,0,0,0,0,0,0,0,0,0,0,0,0,0,0,0,0,1,0,0,0,0,0,0,0,0,1,0,0,0,20,0,0,0,0,0,0,0,0,0,6,0,0,0,0,1,0,0,0,0,2,0,0,0,0,0,0,0,0,0,0,1,0,0,0,0,0,0,0,0,0,0,0,32,0,0,0,0,0,0,0,0,0,1,"['0', '0', '0', '0', '0', '0', '0', '0', '0', '1', '0', '2', '0', '6', '0', '0', '0', '0', '0', '0', '0', '0', '0', '0', '0', '0', '0', '0', '0', '0', '0', '0', '27']"
186601af-a99d-4462-b2b0-7443c92c656d,ROCK,7,0,0,0,0,0,0,0,0,0,0,0,1,0,0,0,0,0,0,0,0,0,0,1,0,0,0,0,0,0,0,1,0,0,1,0,0,0,0,0,1,0,0,28,0,0,0,0,0,0,0,0,0,2,0,1,0,0,0,0,0,0,0,0,1,0,0,0,0,0,0,0,0,0,1,0,0,0,0,0,0,0,0,0,0,0,37,0,0,0,0,0,0,0,0,0,0,"['0', '0', '0', '1', '0', '0', '0', '0', '0', '3', '0', '0', '0', '1', '0', '0', '0', '0', '0', '0', '0', '0', '0', '0', '0', '0', '0', '0', '0', '0', '0', '0', '34']"
ff303768-2720-43ce-aa50-0432030be8f0,PAPER,7,0,0,0,0,0,0,0,0,1,2,0,0,0,0,0,0,0,0,0,0,0,0,5,0,0,0,0,0,0,0,2,0,0,0,0,0,0,0,0,0,4,0,37,0,0,0,0,0,0,0,0,0,2,0,1,0,0,0,0,0,0,0,3,4,0,0,1,0,0,0,0,0,0,0,0,0,0,0,0,0,0,0,3,0,0,64,0,0,0,0,0,0,0,0,0,2,"['0', '0', '0', '0', '0', '0', '0', '0', '0', '0', '0', '0', '0', '8', '0', '0', '0', '0', '0', '3', '0', '0', '0', '0', '1', '0', '0', '0', '0', '0', '0', '0', '49']"
902bcaa9-ccbe-40fa-9903-ebf0484a5433,PAPER,9,0,0,0,0,0,0,0,0,0,0,0,0,0,0,0,0,0,0,0,0,0,0,1,0,0,0,0,0,0,0,2,0,0,0,0,0,0,0,2,0,0,0,44,0,0,0,0,0,0,0,0,0,0,0,0,0,0,0,0,0,0,0,1,1,0,0,0,0,0,0,0,0,0,1,0,0,0,0,0,0,0,0,2,0,0,76,0,2,0,0,0,0,0,0,0,0,"['0', '0', '0', '0', '0', '0', '1', '0', '0', '0', '0', '0', '0', '1', '0', '0', '0', '0', '0', '0', '0', '0', '0', '0', '1', '0', '0', '0', '0', '0', '0', '0', '55']"
5cead0b2-79db-470c-991c-da57d9bd8cee,SCISSORS,7,0,0,0,0,0,0,0,0,0,1,0,0,1,0,0,0,0,0,0,0,2,0,0,0,0,0,0,0,0,4,0,0,0,0,0,0,0,0,0,0,0,0,51,0,0,0,0,0,0,0,0,0,2,0,0,0,1,0,0,0,0,0,2,0,0,0,0,0,0,0,0,0,1,2,0,0,0,0,0,0,0,0,0,0,0,96,0,0,0,0,0,0,0,0,0,0,"['0', '0', '0', '0', '0', '0', '0', '0', '0', '1', '0', '0', '0', '1', '0', '0', '0', '0', '0', '6', '0', '0', '0', '0', '0', '0', '0', '0', '0', '0', '0', '0', '63']"
833a131d-0ccd-4716-b402-406ba064f182,PAPER,5,0,0,0,0,0,0,0,0,0,6,0,1,0,0,0,0,0,0,0,0,0,0,0,0,0,0,0,0,0,0,0,0,0,0,0,0,0,0,0,0,1,0,55,0,0,0,0,0,0,0,0,0,1,0,0,0,0,0,0,0,0,0,2,0,0,0,0,1,0,0,0,0,1,1,0,0,0,0,0,0,0,0,2,0,0,114,0,0,0,0,0,0,0,0,0,0,"['0', '0', '0', '0', '0', '0', '0', '0', '0', '0', '0', '0', '0', '5', '3', '0', '0', '0', '0', '0', '0', '0', '0', '0', '0', '0', '0', '0', '0', '0', '0', '0', '70']"
0477e677-e476-4b80-8e1a-86c886de5d10,PAPER,5,0,0,0,0,0,0,0,0,0,2,0,0,0,0,0,0,0,0,0,0,0,0,0,0,0,0,0,0,0,0,0,0,0,0,0,0,0,0,2,0,0,0,62,0,0,0,0,0,0,0,0,0,1,0,0,0,0,0,0,0,0,0,0,0,0,0,0,1,0,0,0,0,0,0,0,0,0,0,0,0,0,0,2,0,0,118,0,0,0,0,0,0,0,0,0,0,"['0', '0', '0', '0', '0', '0', '0', '0', '0', '0', '2', '0', '0', '2', '0', '0', '0', '0', '0', '0', '0', '0', '0', '0', '0', '0', '0', '0', '0', '0', '0', '0', '74']"
fe21e63a-2b49-455a-8358-1eaae857bc34,PAPER,9,0,0,0,0,0,0,0,0,0,5,0,1,3,4,0,1,0,0,0,0,1,1,0,0,0,0,0,0,0,0,0,0,0,0,0,0,0,0,0,0,0,0,81,0,0,0,0,0,0,0,0,1,3,0,0,0,0,0,0,0,0,0,1,6,0,0,0,0,0,0,0,0,0,1,0,0,0,0,0,0,0,0,4,0,0,144,0,0,0,0,0,0,0,0,0,1,"['0', '0', '0', '0', '0', '0', '0', '0', '0', '0', '0', '5', '0', '4', '1', '0', '0', '0', '0', '4', '0', '0', '0', '0', '1', '0', '0', '0', '0', '0', '0', '0', '91']"
8c035306-792f-4a20-a19f-565a5c7142db,ROCK,7,0,0,0,0,0,0,0,0,1,1,0,2,0,0,1,0,0,0,0,1,3,0,2,0,0,0,0,0,0,0,2,0,0,0,0,0,0,0,0,0,0,0,97,0,0,0,0,0,0,0,0,0,5,0,0,0,0,0,0,0,0,0,1,4,0,0,0,1,0,0,0,0,1,1,0,0,0,0,0,0,0,0,0,0,0,152,0,0,0,0,0,0,0,0,0,0,"['0', '0', '0', '2', '0', '0', '0', '0', '0', '0', '0', '0', '0', '5', '0', '0', '0', '0', '0', '4', '0', '0', '0', '0', '1', '0', '0', '0', '0', '0', '1', '0', '101']"
e8559f79-4ed2-4a5b-9b74-0728629f3279,SCISSORS,7,0,0,0,0,0,0,0,0,1,0,0,0,0,0,0,0,0,0,0,0,4,0,0,0,0,0,0,0,0,0,0,0,0,0,0,0,0,0,0,0,0,0,99,0,0,0,0,0,0,0,0,0,0,0,0,0,0,0,0,0,0,0,1,1,0,0,1,0,0,0,0,0,0,0,0,0,0,0,0,0,0,0,0,2,0,158,0,0,0,0,1,0,0,0,0,0,"['0', '0', '0', '0', '0', '0', '0', '0', '0', '2', '0', '0', '0', '0', '0', '0', '0', '0', '0', '2', '0', '0', '0', '0', '0', '0', '0', '0', '0', '0', '0', '0', '106']"
95de11ac-9d41-4f1e-822d-7c33021b1fbf,PAPER,8,1,0,0,0,0,0,0,0,0,3,0,0,0,0,0,0,0,0,0,0,0,0,1,1,0,0,0,0,0,0,1,0,0,0,0,0,0,0,1,0,2,0,117,0,0,0,0,0,0,0,0,0,0,0,0,0,0,0,0,0,0,0,0,0,0,0,0,0,0,0,0,0,2,5,0,0,0,0,0,0,0,0,3,0,0,174,0,0,0,0,0,0,0,0,0,1,"['0', '0', '0', '0', '0', '0', '0', '0', '0', '1', '0', '6', '0', '1', '0', '0', '0', '0', '0', '1', '0', '0', '0', '0', '0', '0', '0', '0', '0', '0', '0', '0', '119']"
a0fcb898-7c0f-49d5-973f-75b21e3688d7,PAPER,5,0,0,0,0,0,0,0,0,0,4,0,0,0,1,0,0,0,0,0,0,1,0,2,0,0,0,0,0,0,0,0,0,0,0,0,0,0,0,0,0,1,0,130,0,0,0,0,0,0,0,0,0,3,0,0,0,0,0,0,0,0,0,0,3,0,0,0,0,0,0,0,0,0,0,0,0,0,0,0,0,0,0,3,0,0,183,0,0,0,1,0,0,0,0,0,0,"['0', '0', '0', '0', '0', '0', '0', '0', '0', '0', '0', '0', '0', '3', '5', '0', '0', '0', '0', '0', '0', '0', '0', '0', '0', '0', '0', '0', '0', '0', '0', '0', '125']"
5e03e63c-5c90-469d-aac5-0d00d660bb93,PAPER,8,0,0,0,0,0,0,0,0,0,2,0,0,0,2,0,0,0,0,0,0,1,0,1,1,0,0,0,0,0,0,3,0,0,0,0,0,0,0,0,0,0,0,144,0,0,0,0,0,1,0,0,0,1,0,0,0,0,0,0,0,0,0,0,1,0,0,0,1,0,0,0,0,1,3,0,0,0,0,0,0,0,0,2,0,0,206,0,0,0,0,0,0,0,0,0,0,"['0', '0', '0', '0', '0', '0', '0', '0', '0', '0', '0', '0', '0', '5', '3', '0', '0', '0', '0', '2', '0', '0', '0', '0', '0', '0', '0', '0', '0', '0', '0', '0', '130']"
0d038a8e-9c85-43b5-b267-19e0c81dc568,PAPER,9,0,0,0,2,0,0,0,0,0,3,0,0,0,0,0,0,0,0,0,0,0,0,1,0,0,0,0,1,0,0,0,0,0,0,0,0,0,0,0,0,3,0,153,0,0,0,0,0,0,0,0,0,0,0,0,0,0,0,0,0,0,0,0,2,0,0,0,2,0,0,0,0,1,2,0,0,0,0,0,0,0,0,3,0,0,214,0,0,0,0,0,0,0,0,0,1,"['0', '0', '0', '0', '0', '0', '0', '0', '0', '0', '0', '5', '0', '2', '0', '0', '0', '0', '0', '2', '0', '0', '0', '0', '0', '0', '0', '0', '0', '0', '0', '0', '137']"
88c36957-4dbe-40a2-b3ef-a10503250053,SCISSORS,6,0,0,0,0,0,0,0,0,0,0,0,0,0,0,0,0,0,0,0,0,0,0,3,0,0,0,0,0,0,0,1,0,0,0,0,0,0,0,0,0,0,0,155,0,0,0,0,0,0,0,0,0,1,0,0,0,1,0,0,0,0,0,0,0,0,0,0,1,0,0,0,0,0,1,0,0,0,0,0,0,0,0,0,0,0,219,0,0,0,0,0,0,0,0,0,0,"['0', '0', '0', '0', '0', '0', '0', '0', '0', '2', '0', '0', '0', '0', '0', '0', '0', '0', '0', '2', '0', '0', '0', '0', '0', '0', '0', '0', '0', '0', '0', '0', '139']"
fc81c975-e959-4f28-8ae8-ae235d63f48b,ROCK,7,0,0,0,0,0,0,0,0,1,1,0,0,0,0,0,0,0,0,0,0,0,0,0,0,0,0,0,0,0,0,3,0,0,0,0,0,0,0,0,0,0,0,161,0,0,0,0,0,0,0,0,0,0,0,0,0,0,0,0,0,0,0,0,1,0,0,0,0,0,0,0,0,1,3,0,0,0,0,0,0,0,0,0,0,0,229,0,0,0,0,0,0,0,0,0,0,"['0', '0', '0', '1', '0', '0', '0', '0', '0', '1', '0', '0', '0', '1', '0', '0', '0', '0', '0', '1', '0', '0', '0', '0', '1', '0', '0', '0', '0', '0', '0', '0', '148']"
cb501474-7d90-49c7-99a3-49712680841c,PAPER,8,0,0,0,0,0,0,0,0,1,1,0,0,0,0,0,0,0,0,0,0,0,0,0,0,0,0,0,0,0,0,0,0,0,0,0,0,0,0,1,0,0,0,163,0,0,0,0,0,0,0,0,0,0,0,0,0,0,0,0,0,0,0,0,0,0,0,0,0,0,0,0,0,0,2,0,0,0,0,0,0,0,0,1,0,0,234,0,0,0,0,0,0,0,0,0,0,"['0', '0', '0', '0', '0', '0', '1', '0', '0', '0', '0', '2', '0', '0', '0', '0', '0', '0', '0', '0', '0', '0', '0', '0', '0', '0', '0', '0', '0', '0', '0', '0', '153']"
3b8157fb-11ad-458f-ac6e-8d4b91d8451e,ROCK,8,0,0,0,0,1,0,0,0,2,0,0,2,0,0,0,0,0,0,0,0,0,0,0,0,0,0,0,0,0,0,1,0,0,0,0,0,0,0,0,0,0,0,175,0,0,0,0,0,0,0,0,0,1,0,0,0,0,0,0,0,0,0,0,0,0,0,1,3,0,0,0,0,0,1,0,0,0,0,0,0,0,0,0,0,0,239,0,0,0,0,0,0,0,0,0,0,"['0', '0', '2', '0', '0', '0', '0', '0', '0', '0', '0', '0', '0', '1', '0', '0', '0', '0', '0', '0', '0', '0', '0', '0', '0', '0', '0', '0', '3', '0', '0', '0', '158']"
37c1cafd-8621-4740-8ecc-1c36f86307fc,ROCK,7,0,0,0,0,0,1,0,0,1,2,0,0,0,0,0,0,0,0,0,0,0,0,0,0,0,0,0,0,0,0,1,0,0,0,0,0,0,0,0,0,0,0,180,0,0,0,0,0,0,0,0,0,0,0,0,0,0,0,0,0,0,0,0,2,0,0,0,0,0,0,0,0,0,3,0,0,0,0,0,0,0,0,0,0,0,244,0,0,0,0,0,0,0,0,0,1,"['0', '0', '0', '0', '0', '0', '0', '0', '0', '0', '0', '0', '0', '1', '1', '0', '0', '0', '0', '1', '0', '0', '0', '0', '1', '0', '0', '0', '0', '0', '0', '0', '166']"
d3843a64-1c48-4186-b732-d41baa2f4323,ROCK,9,0,0,0,0,0,0,0,0,4,0,0,0,0,0,0,0,0,0,0,0,0,0,0,0,0,0,0,0,0,3,3,0,0,0,0,0,0,0,0,0,0,0,182,0,0,0,0,0,0,0,0,0,1,0,0,0,0,0,0,0,0,0,1,4,0,0,2,0,0,0,0,2,0,0,0,0,0,0,0,0,0,0,0,0,0,259,0,0,0,0,0,0,0,0,0,0,"['0', '0', '0', '2', '0', '0', '0', '0', '0', '0', '1', '0', '0', '3', '0', '0', '0', '0', '0', '2', '0', '0', '0', '0', '1', '1', '0', '0', '0', '0', '0', '0', '179']"
af93c031-ff43-495a-b9ac-1e3a45b6e288,ROCK,8,0,0,0,0,0,1,0,0,1,0,0,0,0,0,1,0,0,0,0,0,0,0,0,0,0,0,0,0,0,0,1,0,0,0,0,0,0,0,0,0,0,0,194,0,2,0,0,0,0,0,0,0,0,0,0,0,0,0,0,0,0,0,0,0,0,0,0,0,0,0,0,0,1,1,0,0,0,0,0,0,0,0,0,0,0,264,0,0,0,0,0,0,0,0,0,0,"['0', '0', '0', '1', '0', '0', '0', '0', '0', '0', '1', '0', '0', '1', '0', '0', '0', '0', '0', '1', '0', '0', '0', '0', '0', '0', '0', '0', '0', '0', '0', '0', '184']"
142fa8c1-2c1a-4069-81f4-1c9dc2c416b7,PAPER,7,0,0,0,0,0,0,0,0,1,3,0,0,0,2,0,0,0,0,0,0,0,0,0,0,0,0,0,0,0,0,1,0,0,0,0,0,0,0,0,0,0,0,207,0,0,0,0,0,0,0,0,0,0,0,0,0,0,0,0,0,0,0,1,0,0,1,0,0,0,0,0,0,1,2,0,0,0,0,0,0,0,0,2,0,0,278,0,0,0,0,0,0,0,0,0,1,"['0', '0', '0', '0', '0', '0', '0', '0', '0', '0', '0', '0', '0', '2', '2', '0', '0', '0', '0', '0', '0', '0', '0', '0', '0', '0', '0', '0', '0', '2', '0', '0', '191']"
ac7d26cf-203c-41c5-8d12-8578e6ac8429,SCISSORS,9,0,0,0,0,0,0,0,0,0,0,0,3,0,0,0,0,0,0,0,0,2,0,0,0,0,0,1,0,0,0,1,0,0,0,0,0,0,0,0,0,0,0,220,0,0,0,0,0,0,0,0,0,4,0,0,0,0,0,0,0,0,0,0,0,0,0,1,1,0,0,0,0,0,1,0,0,0,0,0,0,0,0,0,0,0,288,0,0,0,0,0,0,0,0,0,1,"['0', '0', '0', '0', '0', '0', '0', '0', '0', '0', '0', '0', '0', '2', '0', '0', '0', '0', '0', '0', '0', '0', '0', '0', '0', '0', '0', '0', '0', '4', '0', '0', '198']"
97f76bdb-ad93-4f75-8058-df0caea89968,SCISSORS,6,0,0,0,0,0,0,0,0,0,3,0,1,0,0,0,0,0,0,0,0,3,0,0,0,0,0,0,0,0,0,1,0,0,0,0,0,0,0,0,0,0,0,226,0,0,0,0,0,0,0,0,0,4,0,0,0,2,0,0,0,0,0,0,0,0,0,0,1,0,0,0,0,0,1,0,0,0,0,0,0,0,0,0,0,0,297,0,0,0,0,0,0,0,0,0,0,"['0', '0', '0', '0', '1', '0', '0', '0', '0', '3', '0', '0', '0', '0', '0', '0', '0', '0', '0', '4', '0', '0', '0', '0', '0', '0', '0', '0', '0', '0', '0', '0', '206']"
251833b1-c13c-4cb9-b978-9c94dd3d2f90,PAPER,5,0,0,0,0,0,0,0,0,0,3,0,0,0,0,0,0,0,0,0,0,0,0,0,1,0,0,0,0,0,0,1,0,0,0,0,0,0,0,2,0,0,0,234,0,0,0,0,0,0,0,0,0,2,0,0,0,0,0,0,0,0,0,0,0,0,0,0,2,0,0,0,0,0,1,0,0,0,0,0,0,0,0,2,0,0,305,0,0,0,0,0,0,0,0,0,4,"['0', '0', '0', '0', '0', '0', '0', '0', '0', '0', '0', '0', '0', '0', '2', '0', '0', '0', '0', '0', '0', '0', '0', '0', '0', '0', '0', '0', '0', '1', '0', '0', '210']"
d4bafabd-dfbb-4f80-b5df-91efb305731d,SCISSORS,6,0,0,0,0,0,0,0,0,0,4,0,2,0,0,0,0,0,0,0,0,5,0,0,0,0,0,0,0,0,2,2,0,0,0,0,0,0,0,0,0,0,0,244,0,0,0,0,0,0,0,0,0,6,0,0,0,0,0,0,0,0,0,0,1,0,0,1,0,0,0,0,0,1,4,0,0,0,0,0,0,0,0,0,2,0,322,0,0,0,0,0,0,0,0,0,0,"['0', '0', '0', '0', '0', '0', '0', '0', '0', '3', '0', '0', '0', '5', '0', '0', '0', '0', '0', '0', '0', '0', '0', '0', '3', '0', '0', '0', '0', '4', '0', '0', '218']"
a687b5bc-c3e6-4839-b0a7-7d449077368b,PAPER,6,0,0,0,0,0,0,0,0,0,3,0,1,0,0,0,0,0,0,0,0,1,0,0,0,0,0,0,0,0,2,2,0,0,0,0,0,0,0,0,0,1,0,256,0,0,0,0,0,0,0,0,0,3,0,0,0,0,0,0,0,0,0,0,0,0,0,0,3,0,0,0,0,0,2,0,0,0,0,0,0,0,0,2,0,0,330,0,0,0,0,0,0,0,0,0,0,"['0', '0', '0', '0', '0', '0', '0', '0', '0', '1', '0', '0', '1', '6', '0', '0', '0', '0', '0', '0', '0', '0', '0', '0', '0', '0', '0', '0', '0', '2', '0', '0', '221']"
13f93279-6f95-4554-9d58-eb70b68b7752,PAPER,8,0,0,0,0,0,0,0,0,0,2,0,0,0,2,0,0,0,0,0,0,0,0,0,0,0,0,0,0,0,4,1,0,0,0,0,0,0,0,1,0,0,0,262,0,0,0,0,0,0,0,0,0,1,0,0,0,0,0,0,0,0,0,1,3,0,0,0,2,0,0,0,0,0,1,0,0,0,0,0,0,0,0,2,0,0,348,0,0,0,0,0,0,0,0,0,0,"['0', '0', '0', '0', '0', '0', '0', '0', '0', '0', '0', '4', '0', '4', '0', '0', '0', '0', '0', '0', '0', '0', '0', '0', '0', '0', '0', '0', '0', '2', '0', '0', '225']"
adf93836-3d07-4373-aff2-371dce14a6d7,PAPER,6,0,0,0,0,0,0,0,0,0,1,0,0,0,0,0,0,0,0,0,0,0,0,0,0,0,0,0,0,0,0,2,0,0,0,0,0,0,0,1,0,1,0,269,0,0,0,0,0,0,0,0,0,0,0,0,0,0,0,0,0,0,0,0,0,0,0,0,0,0,0,0,0,1,2,0,0,0,0,0,0,0,0,2,0,0,355,0,0,0,0,0,0,0,0,0,0,"['0', '3', '0', '0', '0', '0', '0', '0', '0', '0', '0', '0', '0', '1', '0', '0', '0', '0', '0', '1', '0', '0', '0', '0', '0', '0', '0', '0', '0', '0', '0', '0', '229']"
3ac4fa96-db70-481d-9fa9-f6a6e80054d7,SCISSORS,7,0,0,0,0,0,0,0,0,0,1,0,0,0,0,0,0,0,0,0,0,0,4,0,0,0,0,0,0,0,5,0,0,0,0,0,0,0,0,0,0,0,2,276,0,0,0,0,0,0,0,0,0,3,0,0,0,3,0,0,0,0,0,0,1,0,0,0,0,0,0,0,0,2,3,0,0,0,0,0,0,0,0,0,0,0,367,0,0,0,0,0,0,0,0,0,0,"['0', '0', '0', '0', '0', '0', '0', '0', '0', '4', '0', '0', '0', '1', '0', '0', '0', '0', '0', '7', '0', '0', '0', '0', '0', '0', '0', '0', '0', '0', '0', '0', '239']"
a378a2cd-7b7e-46cb-859c-651c1cfb7687,ROCK,7,0,0,0,0,0,0,0,0,2,0,0,2,0,0,0,0,0,0,0,0,1,0,0,0,0,1,0,0,0,0,4,0,0,0,0,0,0,0,0,0,0,0,285,0,0,0,0,0,0,0,0,0,3,0,0,0,0,0,0,0,0,0,0,2,0,0,0,4,0,0,0,0,0,1,0,0,0,0,0,0,0,0,0,0,0,375,0,0,0,0,0,0,0,0,0,1,"['0', '0', '0', '1', '0', '0', '0', '0', '0', '1', '0', '0', '0', '4', '1', '0', '0', '0', '0', '2', '0', '0', '0', '0', '0', '0', '0', '0', '0', '0', '0', '0', '247']"
508497c5-fb09-4c10-a3dc-e037748fb192,SCISSORS,7,0,0,0,0,0,0,0,0,1,3,0,0,0,0,0,0,0,0,0,0,4,0,0,0,0,0,0,0,0,0,1,0,0,0,1,0,0,0,0,0,0,0,291,0,0,0,0,0,0,0,0,0,1,0,0,0,0,0,0,0,0,0,0,1,0,0,1,0,0,0,0,0,0,4,0,0,0,1,0,0,0,0,0,2,0,390,0,0,0,0,0,0,0,0,0,0,"['0', '0', '0', '0', '0', '0', '0', '0', '0', '3', '1', '0', '0', '1', '0', '0', '0', '0', '0', '5', '0', '0', '0', '0', '0', '0', '0', '0', '0', '0', '0', '0', '258']"
9d49f8dd-f471-40a3-a362-1fb5d6236f25,PAPER,5,0,0,0,0,0,0,0,0,0,9,0,1,0,1,0,0,0,0,0,0,0,0,0,0,0,0,0,0,0,0,0,0,0,0,0,0,0,0,0,0,0,0,297,0,0,0,0,0,0,0,0,0,1,0,0,0,0,0,0,0,0,0,0,0,0,0,0,1,0,0,0,0,3,4,0,0,0,0,0,0,0,0,2,0,0,405,0,0,0,0,0,0,0,0,0,0,"['0', '0', '0', '0', '0', '0', '0', '0', '0', '0', '2', '1', '0', '6', '1', '0', '0', '0', '0', '0', '0', '0', '0', '0', '0', '0', '0', '0', '1', '0', '0', '0', '267']"
88f4ad66-1dbc-42e3-a8c3-976357bea643,SCISSORS,6,0,0,0,0,0,0,0,0,0,1,0,0,0,0,0,0,0,0,0,0,3,1,5,1,0,0,0,0,0,0,4,0,0,0,0,0,0,0,0,0,0,0,307,0,0,0,0,0,0,0,0,0,8,0,0,0,1,0,0,0,0,0,0,0,0,0,1,3,0,0,0,0,1,1,0,0,0,0,0,0,0,0,0,0,0,419,0,0,0,0,0,0,0,0,0,0,"['0', '0', '0', '0', '0', '0', '0', '0', '0', '2', '0', '0', '0', '4', '0', '0', '0', '0', '0', '9', '0', '0', '0', '0', '0', '0', '0', '0', '0', '0', '0', '0', '274']"
4b8047ce-e266-4230-8ba2-a7e46c6db2ca,ROCK,8,0,0,0,0,0,0,0,0,3,0,0,0,0,0,0,0,0,0,0,0,0,0,0,0,0,0,0,0,0,0,1,0,0,0,0,0,0,0,0,0,0,0,311,0,0,0,0,0,0,0,0,0,0,0,0,0,0,0,0,0,0,0,0,0,0,0,0,0,0,0,0,3,0,1,0,0,0,0,0,0,0,0,0,0,0,421,0,0,0,0,0,0,0,0,0,0,"['0', '0', '0', '2', '0', '0', '0', '0', '0', '1', '0', '0', '0', '0', '1', '0', '0', '0', '0', '0', '0', '0', '0', '0', '0', '0', '0', '0', '0', '0', '0', '0', '279']"
4c4c6dc2-825a-4b76-bc0a-53b52dba2831,PAPER,5,0,0,0,0,0,0,0,0,0,2,0,0,0,0,0,0,0,0,0,0,0,0,0,0,0,0,0,0,0,0,1,0,0,0,0,0,0,0,0,0,1,0,322,0,0,0,0,0,0,0,0,0,1,0,0,0,0,0,0,0,0,0,0,0,0,0,0,0,0,0,0,0,1,1,0,0,0,0,0,0,0,0,1,0,0,429,0,0,0,0,0,0,0,0,0,0,"['0', '0', '0', '0', '0', '0', '0', '0', '0', '0', '0', '0', '0', '2', '2', '0', '0', '0', '0', '0', '0', '0', '0', '0', '0', '0', '0', '0', '0', '0', '0', '0', '281']"
274bdc25-701c-4279-a4cf-417bf2928365,PAPER,5,0,0,0,0,0,0,0,0,0,2,0,0,0,1,0,0,0,0,0,0,0,0,0,0,0,0,0,0,0,0,0,0,0,0,0,0,0,0,0,0,0,0,324,0,0,0,0,0,0,0,0,0,2,0,0,0,0,0,0,0,0,0,0,0,0,0,0,0,0,0,0,0,0,0,0,0,0,0,0,0,0,0,1,0,0,433,0,0,0,0,0,0,0,0,0,0,"['0', '1', '0', '0', '0', '0', '0', '0', '0', '0', '1', '0', '0', '1', '0', '0', '0', '0', '0', '0', '0', '0', '0', '0', '0', '0', '0', '0', '0', '0', '0', '0', '286']"
be39e3c4-131e-4de2-a94d-0afceb30c4c3,SCISSORS,7,0,0,0,0,0,0,0,0,0,2,0,7,0,0,0,0,0,0,0,0,1,0,0,0,0,0,0,0,0,0,2,0,0,0,1,0,0,0,0,0,0,0,335,0,0,0,0,0,0,0,0,0,4,0,0,0,5,0,0,0,0,0,0,0,1,0,0,0,0,0,0,0,1,2,0,0,0,0,0,0,0,0,0,0,0,448,0,0,0,0,0,1,0,0,0,0,"['0', '0', '0', '0', '0', '0', '0', '0', '0', '5', '0', '1', '0', '2', '0', '0', '0', '0', '0', '4', '0', '0', '0', '0', '0', '0', '0', '0', '0', '0', '0', '0', '303']"
2d7240c2-5c09-4af6-a6c6-187a963744c0,ROCK,8,0,0,0,0,0,0,0,0,1,1,0,0,0,0,0,0,0,0,0,0,0,0,0,0,0,0,0,0,0,0,2,0,0,0,0,0,0,0,0,0,0,0,341,0,0,0,0,0,0,0,0,0,0,0,0,0,0,0,0,0,0,0,0,0,1,0,0,0,0,0,0,0,2,1,0,0,0,0,0,0,0,0,0,0,0,456,0,0,0,0,0,0,0,0,0,0,"['0', '0', '0', '0', '0', '0', '0', '0', '0', '2', '1', '0', '0', '1', '0', '0', '0', '0', '0', '0', '0', '0', '0', '0', '0', '0', '0', '0', '0', '0', '0', '0', '307']"
ce5bd3f2-0bd5-4dc1-be8e-0b076088e060,SCISSORS,8,0,0,0,0,0,0,0,0,1,7,0,0,0,0,0,0,0,0,0,0,3,0,4,1,0,0,0,0,0,0,2,0,0,0,0,0,0,0,0,0,0,0,355,0,0,0,0,0,0,0,0,0,5,0,0,0,1,0,0,0,0,0,1,0,0,0,0,1,0,0,0,0,3,7,0,0,0,0,0,0,0,0,0,0,0,477,0,0,0,0,0,0,0,0,0,0,"['0', '1', '0', '0', '0', '0', '0', '0', '0', '2', '0', '0', '0', '3', '0', '0', '0', '0', '0', '12', '0', '0', '0', '0', '0', '0', '0', '0', '0', '0', '0', '0', '317']"
df1b08b9-f72e-420d-b218-bf8eedea4460,PAPER,6,0,0,0,0,0,0,0,0,0,2,0,0,0,0,0,0,0,0,0,0,1,0,2,0,0,0,0,0,0,0,5,0,0,0,0,0,0,0,1,0,0,0,366,0,0,0,0,0,0,0,0,0,4,0,0,0,0,0,0,0,0,0,0,0,0,0,0,0,0,0,0,1,1,3,0,0,0,0,0,0,0,0,2,0,0,490,0,0,0,0,0,0,0,0,0,0,"['0', '3', '0', '0', '0', '0', '0', '0', '0', '1', '0', '0', '0', '6', '0', '0', '0', '0', '0', '1', '0', '0', '0', '0', '0', '0', '0', '0', '0', '0', '0', '0', '325']"
48cff3da-86e8-4589-a64c-60a8e6823bf9,SCISSORS,8,0,0,0,0,0,0,0,0,0,1,0,0,0,0,0,0,0,0,0,0,3,0,0,0,0,0,0,0,0,0,1,0,0,0,0,0,0,0,0,0,0,0,370,0,0,0,0,0,0,0,0,0,1,0,0,0,0,0,0,0,0,0,0,0,1,0,0,0,0,0,0,0,0,1,0,0,0,0,0,0,0,0,0,2,0,498,0,0,0,0,0,0,0,0,0,0,"['0', '1', '0', '0', '0', '0', '0', '0', '0', '3', '0', '0', '0', '0', '0', '0', '0', '0', '0', '1', '0', '0', '0', '0', '0', '0', '0', '0', '0', '0', '0', '0', '331']"
2bfe7abc-463e-44f0-859d-2a2c1e5c8e75,SCISSORS,6,0,0,0,0,0,0,0,0,0,2,0,4,0,0,0,0,0,0,0,0,0,0,0,0,0,0,0,0,0,1,1,0,0,0,0,0,0,0,0,0,0,0,377,0,0,0,0,0,0,0,0,0,1,0,0,0,3,0,0,0,0,0,2,0,0,0,0,0,0,0,0,0,0,2,0,0,0,0,0,0,0,0,0,0,0,519,0,0,0,0,0,0,0,0,0,0,"['0', '1', '0', '0', '0', '0', '0', '0', '0', '4', '0', '0', '0', '0', '0', '0', '0', '0', '0', '3', '0', '0', '0', '0', '0', '0', '0', '0', '0', '0', '0', '0', '336']"
3e411100-bed9-4033-8a73-61be472e6f73,PAPER,8,0,0,0,0,0,0,0,0,0,3,0,0,0,0,0,0,0,0,0,0,5,0,0,0,0,0,0,0,0,4,6,0,0,0,1,0,0,0,2,0,0,0,403,0,0,0,0,0,0,0,0,0,10,0,0,0,0,0,0,0,0,0,0,0,0,0,0,0,0,0,0,0,5,4,0,0,0,0,0,0,0,0,2,0,0,546,0,0,0,0,0,0,0,0,0,1,"['0', '1', '0', '0', '0', '0', '0', '0', '0', '1', '0', '0', '0', '7', '0', '0', '0', '0', '0', '11', '0', '0', '0', '0', '0', '0', '0', '0', '0', '0', '0', '0', '356']"
0711c867-10c7-44d5-96f4-b86da9ec8680,SCISSORS,5,0,0,0,0,0,0,0,0,0,3,0,0,0,0,0,0,0,0,0,0,2,0,0,0,0,0,0,0,0,0,0,0,0,0,4,0,0,0,0,0,0,0,406,0,0,0,0,0,0,0,0,0,8,0,0,0,0,0,0,0,0,0,0,0,0,0,0,1,0,0,0,0,0,0,0,0,0,0,0,0,0,0,0,0,0,552,0,0,0,0,0,0,0,0,0,0,"['0', '0', '0', '0', '0', '0', '0', '0', '0', '1', '0', '0', '0', '3', '0', '0', '0', '0', '0', '5', '0', '0', '0', '0', '0', '0', '0', '0', '0', '0', '0', '0', '361']"
70629f4f-0c94-41be-8844-9f8442f4186a,PAPER,7,0,0,0,0,0,0,0,0,0,2,0,1,4,0,0,0,0,0,0,0,0,0,0,1,0,0,0,0,0,0,0,0,0,0,0,0,0,0,0,0,2,0,419,0,0,0,0,0,0,0,0,1,2,0,0,0,0,0,0,0,0,0,1,0,0,0,0,1,0,0,0,0,0,3,0,0,0,0,0,0,0,0,2,0,0,566,0,0,0,0,0,0,0,0,0,0,"['0', '0', '0', '0', '0', '0', '0', '0', '0', '1', '0', '4', '0', '2', '0', '0', '0', '0', '0', '3', '0', '0', '0', '0', '0', '0', '0', '0', '0', '0', '0', '0', '364']"
734597ab-505f-4e84-a43d-1b84b8c4ee97,PAPER,5,0,0,0,0,0,0,0,0,0,9,0,3,0,0,0,0,0,1,0,0,1,0,4,0,0,0,0,0,0,0,0,0,0,0,0,0,0,0,1,0,0,0,443,0,0,0,0,0,0,0,0,0,11,0,0,0,0,0,0,0,0,0,0,0,0,0,0,0,0,0,0,0,3,4,0,0,0,0,0,0,0,0,1,0,0,585,0,0,0,0,0,0,0,0,0,0,"['0', '2', '0', '0', '0', '0', '0', '0', '0', '0', '1', '0', '0', '13', '0', '0', '0', '0', '0', '3', '0', '0', '0', '0', '0', '0', '0', '0', '0', '0', '0', '0', '385']"
3d00a86a-7fd5-47f1-9bd4-fce189359511,SCISSORS,5,0,0,0,0,0,0,1,0,0,4,0,0,0,0,0,0,0,0,0,0,5,0,1,0,0,0,0,0,0,0,0,0,0,0,0,0,0,0,0,0,0,0,449,0,0,0,0,0,0,0,0,0,9,0,0,0,0,0,0,0,0,0,0,0,0,0,0,0,0,0,0,0,1,0,0,0,0,0,0,0,0,0,0,1,0,592,0,0,0,0,0,0,0,0,0,0,"['0', '0', '0', '0', '0', '0', '0', '0', '0', '1', '0', '0', '0', '4', '0', '0', '0', '0', '0', '6', '0', '0', '0', '0', '0', '0', '0', '0', '0', '0', '0', '0', '394']"
8d1863de-65c4-4dba-a908-b845c89dcfd0,PAPER,7,0,0,0,1,0,0,0,0,0,0,0,0,0,0,0,0,0,0,0,0,0,0,0,0,0,0,0,0,0,0,1,0,0,0,0,0,0,0,0,0,0,0,4,0,0,0,0,0,0,0,0,0,0,0,0,0,0,0,0,0,0,0,0,0,0,0,0,0,0,0,0,0,0,2,0,0,0,0,0,0,0,0,0,0,0,4,0,0,0,0,0,0,0,0,0,0,0,0,0,0,0,0,0,0,0,0,0,0,1,0,0,0,0,0,0,0,1,0,0,0,0,0,0,0,0,0,0,0,3
c6333639-44dd-447a-9902-bd1deb485057,SCISSORS,9,0,0,0,0,0,0,0,0,0,2,0,0,0,0,0,0,0,0,0,0,2,0,1,0,0,0,0,0,0,0,0,0,0,0,0,0,0,0,1,0,0,2,17,0,0,0,0,0,0,0,0,0,1,0,0,0,0,0,0,0,0,0,0,0,0,0,0,1,0,0,0,0,1,4,0,0,0,0,0,0,0,0,0,1,0,20,0,0,0,0,0,0,0,0,0,0,0,0,0,0,0,0,0,0,0,1,0,0,0,2,0,0,0,0,0,5,0,0,0,0,0,0,0,0,0,0,0,0,13
6deda69a-16a1-4b6e-8a9d-0cb438b001b7,ROCK,8,0,0,0,0,0,0,0,0,1,0,0,0,0,0,0,0,0,0,0,0,0,0,0,0,0,0,0,0,0,0,0,0,0,0,0,0,0,0,0,0,0,1,19,0,0,0,0,0,0,0,0,0,0,0,0,0,0,0,0,0,0,0,0,0,0,0,0,1,0,0,0,0,0,1,0,0,0,0,0,0,0,0,0,0,0,23,0,0,0,0,0,0,0,0,0,0,0,0,0,0,0,0,0,0,0,1,0,0,0,0,0,0,0,0,0,0,0,0,0,0,0,0,0,0,1,0,0,0,16
60ea5763-60a3-4d82-ad52-93aba073bb2c,PAPER,6,0,0,0,0,0,0,0,0,2,2,0,0,0,0,0,0,0,0,0,0,0,0,0,0,0,0,0,0,0,0,0,0,0,0,0,0,0,0,1,0,0,0,26,0,0,0,0,0,0,0,0,0,0,0,0,0,0,0,0,0,0,0,0,0,0,0,0,0,0,0,0,0,1,3,0,0,0,0,0,0,0,0,1,0,0,30,0,0,0,0,0,0,0,0,0,1,0,1,0,0,0,0,0,0,0,0,1,1,0,0,0,0,0,0,0,1,0,0,0,0,0,0,0,0,0,0,0,0,26
79c205a2-06e5-4743-9057-ec48a0333cb8,PAPER,6,0,0,0,0,0,0,0,1,0,3,0,0,0,2,0,0,0,0,0,0,1,0,0,0,0,0,0,0,0,0,0,0,0,0,0,0,0,0,0,0,0,4,45,0,0,0,0,0,1,0,0,0,4,0,0,0,0,0,0,0,0,0,0,1,0,0,0,1,0,0,0,0,0,2,0,0,0,0,0,0,0,0,2,0,0,47,0,0,0,0,0,0,0,0,0,0,0,0,0,0,0,0,0,0,0,0,0,4,0,4,0,0,1,0,0,2,0,0,0,0,0,0,0,0,0,0,0,0,35
be0c5459-b821-493a-9160-4e5fbd35460a,PAPER,6,0,0,0,1,0,0,0,0,0,1,0,0,0,0,0,0,0,0,0,0,0,0,0,0,0,0,0,0,0,0,0,0,0,0,0,0,0,0,0,0,4,0,52,0,0,0,0,0,0,0,0,0,0,0,0,0,0,0,0,0,0,0,0,1,0,0,0,0,0,0,0,0,0,1,0,0,0,0,0,0,0,0,4,0,0,53,0,0,0,0,0,0,0,0,0,0,0,0,0,0,0,0,0,0,0,0,4,0,0,1,0,0,0,0,0,1,0,0,0,0,0,0,0,0,0,0,0,0,39
6b83f2a3-5697-4d09-a602-12a4db405c16,PAPER,5,0,0,0,0,0,0,0,0,0,5,0,0,0,0,0,0,0,0,0,0,0,0,0,0,0,0,0,0,0,0,0,0,0,0,0,0,0,0,1,0,0,0,58,0,0,0,0,0,0,0,0,0,1,0,0,0,0,0,0,0,0,0,0,0,0,0,0,0,0,0,0,0,1,3,0,0,0,0,0,0,0,0,1,0,0,62,0,0,0,0,0,0,0,0,0,0,0,0,0,0,0,0,0,0,0,0,0,1,0,5,0,0,0,0,0,0,0,0,0,0,0,0,0,0,0,0,0,0,44
66f5bbfe-4cca-4543-91e9-b72f411371c2,ROCK,7,0,0,0,0,0,0,0,0,1,0,0,0,0,0,0,0,0,0,0,0,0,0,0,0,0,0,0,0,0,0,0,0,0,0,0,0,0,0,0,0,0,2,62,0,0,0,0,0,0,0,0,0,0,0,0,0,0,0,0,0,0,0,0,2,0,0,0,0,0,0,0,0,0,1,0,0,0,0,0,0,0,0,0,0,0,66,0,0,0,0,0,0,0,0,0,0,0,0,0,0,0,0,0,0,0,0,0,0,0,1,0,0,0,0,0,1,0,0,0,0,0,0,0,0,0,0,1,0,53
77ad7df7-08b9-4823-807e-43c0690e2ed2,ROCK,6,0,0,0,0,0,0,0,0,2,0,0,0,0,0,0,0,0,0,0,0,0,0,0,0,0,0,0,0,0,0,0,0,0,0,0,0,0,0,0,0,0,0,66,0,0,0,0,0,0,0,0,0,0,0,0,0,0,0,0,0,0,0,0,1,0,0,0,0,0,0,0,0,0,1,0,0,0,0,0,0,0,0,0,0,0,70,0,0,0,0,0,0,0,0,0,0,0,0,0,1,0,0,0,0,0,0,0,0,0,0,0,0,0,0,0,1,0,0,0,0,0,0,0,0,0,0,0,0,57
0314ab3f-9d87-4ae7-baeb-1a469e140110,PAPER,8,0,0,0,0,0,0,0,0,0,1,0,0,0,2,0,0,0,0,0,0,1,0,0,0,0,0,0,0,0,0,0,0,0,0,0,0,0,0,0,0,0,2,74,0,0,0,0,0,0,0,0,0,1,0,0,0,0,1,0,0,0,0,0,2,0,0,0,0,0,0,0,0,0,1,0,0,0,0,0,0,0,0,1,0,0,81,0,0,0,0,0,0,0,0,0,0,0,0,0,0,0,0,0,0,0,0,0,2,0,3,0,0,0,0,0,1,0,0,0,0,0,0,0,0,0,0,0,0,62
7fe28173-b098-4f53-8b45-99efc59d5ca1,PAPER,9,0,0,0,0,0,0,0,0,0,2,0,0,0,0,0,0,0,0,0,0,1,0,2,0,0,0,0,0,0,0,0,0,0,0,0,0,0,0,2,0,0,4,83,0,0,0,0,0,0,0,0,0,2,0,0,0,0,0,0,0,0,0,0,2,0,0,0,0,0,0,0,0,1,3,0,0,0,0,0,0,0,0,3,0,0,97,0,0,0,0,0,0,0,0,0,1,0,0,0,0,0,0,0,0,0,0,0,4,0,3,0,0,0,0,0,3,0,0,0,0,0,0,0,0,0,0,0,0,70
70b30d31-2a99-4ed4-8891-d1dcca0d5225,ROCK,5,0,0,0,0,0,0,0,0,3,1,0,0,0,0,0,0,0,0,0,0,0,0,0,0,0,0,0,0,0,3,0,0,0,0,0,0,0,0,0,0,0,0,90,0,0,0,0,0,0,0,0,0,3,0,0,0,0,0,0,0,0,0,0,4,0,0,0,0,0,0,0,0,0,0,0,0,0,0,0,0,0,0,0,0,0,101,0,0,0,0,0,0,0,0,0,0,0,0,0,1,0,0,0,0,0,0,0,1,1,3,0,0,0,0,0,1,0,0,0,0,0,0,0,0,0,0,0,0,79
fd316f0a-6030-44ba-ae96-e43f41c2d7eb,SCISSORS,6,0,1,0,0,0,0,0,0,1,4,0,1,0,0,0,0,0,0,0,0,3,0,0,0,0,0,0,0,0,2,0,0,0,0,0,0,0,0,0,0,0,0,99,0,0,0,0,0,0,0,0,0,8,0,0,0,0,0,0,0,0,0,0,0,0,0,0,0,0,0,0,0,1,3,0,0,0,0,0,0,0,0,0,0,0,115,0,0,0,0,0,0,0,0,0,1,0,2,0,0,0,0,1,0,0,0,0,0,0,2,0,0,0,0,0,6,0,0,0,0,0,0,0,0,0,0,0,0,92
bfb66909-9dcd-4a7c-9bfb-885811de08b4,ROCK,5,0,0,0,0,0,0,0,0,1,2,0,0,0,0,0,0,0,0,0,0,0,0,0,0,0,0,0,0,0,0,0,0,0,0,0,0,0,0,0,0,0,0,101,0,0,0,0,0,0,0,0,0,1,0,0,0,0,0,0,0,0,0,0,0,0,0,0,1,0,0,0,0,0,1,0,0,0,0,0,0,0,0,0,0,0,119,0,0,0,0,0,0,0,0,0,1,0,0,0,1,0,0,0,0,0,0,0,0,0,1,0,0,0,0,0,0,0,0,0,0,0,0,0,0,0,0,0,0,100
c51391db-4c2d-4ffe-becb-8fc943f55783,SCISSORS,8,0,0,0,0,0,0,0,0,1,0,0,0,0,0,0,0,0,0,0,0,0,0,0,0,0,0,0,0,0,5,0,0,0,0,0,0,0,0,0,0,0,0,102,0,0,0,0,0,0,0,0,0,1,0,0,0,0,0,0,0,0,0,0,1,0,0,0,0,0,0,0,0,1,1,0,0,0,0,0,0,0,0,0,2,0,128,0,0,0,0,1,1,0,0,0,0,0,0,0,0,0,0,0,0,0,1,0,0,0,0,0,0,0,0,0,3,0,0,0,0,0,0,0,0,0,0,0,0,108
b6facda7-427b-47b4-b43d-1c3eab2b1654,ROCK,8,0,0,0,0,0,0,0,0,0,0,0,0,0,0,0,0,0,0,0,0,0,0,0,0,0,0,0,0,0,3,0,0,0,0,0,0,0,0,0,0,0,0,104,0,0,0,0,0,0,0,0,0,0,0,0,0,0,0,0,0,0,0,0,0,1,0,0,0,0,0,0,0,0,2,0,0,0,0,0,0,0,0,0,0,0,132,0,0,0,0,0,0,0,0,0,0,0,0,0,0,0,0,0,0,0,1,0,0,0,1,0,0,0,0,0,1,0,0,0,0,0,0,0,0,0,0,0,0,113
06db7726-25fc-40b3-a707-0101e52957e0,PAPER,7,0,0,0,0,0,0,0,0,0,0,0,0,0,0,0,0,0,0,0,1,1,0,1,0,0,0,0,0,0,2,0,0,0,0,0,0,0,0,1,0,0,0,112,0,0,0,0,0,0,0,0,0,2,0,0,0,0,0,0,0,0,0,0,0,0,0,0,0,0,0,0,0,1,1,0,0,0,0,0,0,0,0,2,0,0,139,0,0,0,0,0,0,0,0,0,0,0,0,0,0,0,0,0,0,0,0,0,0,0,5,0,0,0,0,0,1,0,0,0,0,0,0,0,0,0,0,0,0,117
6c698acc-ae1d-44ba-bdea-ca0dc7856680,ROCK,7,0,0,0,0,0,0,0,0,1,0,0,0,0,0,0,0,0,0,0,0,0,0,0,0,0,0,0,0,0,0,1,0,0,0,0,0,0,0,0,0,0,0,114,0,0,0,0,0,0,0,0,0,0,0,0,0,0,0,0,0,0,0,0,1,0,0,0,0,0,0,0,0,0,1,0,0,0,0,0,0,0,0,0,0,0,142,0,0,0,0,0,0,0,0,0,0,0,0,0,0,0,0,0,0,0,0,0,0,0,0,0,0,0,0,0,1,0,0,0,0,0,0,0,0,1,0,0,0,121
56a5242a-27ce-4e9d-aa46-1d3edc8aea37,SCISSORS,6,0,0,0,0,0,0,0,0,1,4,0,2,0,0,0,0,0,0,0,0,4,0,0,0,0,0,0,0,0,0,3,0,0,0,2,0,0,0,0,0,0,0,130,0,0,0,0,0,0,0,0,0,7,0,0,0,2,0,0,0,0,0,0,0,0,0,0,3,0,0,0,0,1,3,0,0,0,0,0,0,0,0,0,0,0,160,0,0,0,0,0,0,0,4,0,0,0,0,0,0,0,0,0,0,0,3,0,0,0,4,0,0,0,0,0,5,0,0,0,0,0,0,0,0,0,0,0,0,131
dce6e4dc-dcf2-46af-bb2a-49e7bdc53764,SCISSORS,7,0,0,0,0,0,0,0,0,0,1,0,1,0,0,0,0,0,0,0,0,3,0,0,0,0,0,0,0,0,0,1,0,0,0,0,0,0,0,0,0,0,0,134,0,0,0,0,0,0,0,0,0,1,0,0,0,2,0,0,0,0,0,0,0,1,0,0,0,0,0,0,0,0,2,0,0,0,0,0,0,0,0,0,0,0,168,0,0,0,0,0,0,0,0,0,0,0,2,0,0,0,0,0,0,0,4,0,0,0,0,0,0,0,0,0,0,0,0,0,0,0,0,0,0,0,0,0,0,138
e07973de-a67c-4c4c-9a15-a1c87a91dcf1,ROCK,5,0,0,0,0,0,0,0,0,1,5,0,0,0,0,0,0,0,0,0,0,0,0,0,0,0,0,0,0,0,0,0,0,0,0,0,0,0,0,0,0,0,0,138,0,0,0,0,0,0,0,0,0,1,0,1,0,0,0,0,0,0,0,0,1,0,0,0,0,0,0,0,0,2,1,0,0,0,0,0,0,0,0,0,0,0,176,0,0,0,0,0,0,0,0,0,1,0,0,0,1,0,0,0,0,0,0,0,0,0,4,0,0,0,0,0,0,0,0,0,0,0,0,0,0,0,0,0,0,145
19e2b6ee-0ec0-4cd6-92d5-3f4005721337,SCISSORS,8,0,0,0,0,0,0,0,0,1,1,0,0,0,0,0,0,0,0,0,0,0,0,3,0,0,0,0,0,0,0,1,0,0,0,0,0,0,0,0,0,0,0,144,0,0,0,0,0,0,0,0,0,0,0,0,0,0,0,0,0,0,0,0,0,0,0,0,1,0,0,0,0,1,3,0,0,0,0,0,0,0,0,0,1,0,183,0,0,0,0,0,0,0,0,0,0,0,0,0,0,0,0,0,0,0,2,0,0,0,0,0,0,0,0,0,3,0,0,0,0,0,0,0,0,0,1,0,0,152
284d5363-1ddf-42f3-9950-8969d019527b,ROCK,7,0,0,0,0,0,0,0,0,1,1,0,0,0,0,0,0,0,0,0,0,0,0,0,0,0,0,0,0,0,0,3,0,0,0,0,0,0,0,0,1,0,0,154,0,1,0,0,0,0,0,0,0,0,0,0,0,0,0,0,0,0,0,0,3,0,0,0,0,0,0,0,0,0,2,0,0,0,0,0,0,0,0,0,0,0,190,0,0,0,0,0,0,0,0,0,0,0,0,0,2,0,0,0,0,0,0,0,0,0,2,0,0,0,0,0,2,0,0,0,0,0,0,0,0,0,0,0,0,161
67bffedd-a403-4d41-a6a5-09824e3a6163,ROCK,7,0,0,0,0,0,0,0,0,2,2,0,0,0,0,0,0,0,0,0,0,0,0,0,0,0,0,0,0,0,0,1,0,0,0,0,0,0,0,0,0,0,0,159,0,0,0,0,0,0,0,0,0,0,0,0,0,0,0,0,0,0,0,0,1,0,0,0,0,0,0,0,0,1,3,0,0,0,0,0,0,0,0,0,0,0,199,0,0,0,0,0,0,0,0,0,0,0,0,0,0,0,0,0,0,0,0,0,0,0,1,0,0,0,0,0,3,0,0,0,0,0,0,0,0,0,0,1,0,170
ab9c9947-93e0-4554-98b6-d7313071bb42,PAPER,5,0,0,0,0,0,0,0,0,0,2,0,0,0,1,0,0,0,0,0,0,0,0,0,0,0,0,0,0,1,0,2,0,0,0,0,0,0,0,0,0,0,0,165,0,0,0,0,0,0,0,0,0,1,0,0,0,0,0,0,0,0,0,0,2,0,0,1,0,0,0,0,0,0,1,0,0,0,0,0,0,0,0,1,0,0,212,0,0,0,0,0,0,0,0,0,0,0,1,0,0,0,0,0,0,0,0,0,1,0,4,0,0,0,0,0,0,0,0,0,0,0,0,0,0,0,0,0,0,175
999a585a-e734-49b6-8c9e-3b5368a90cf1,PAPER,9,0,0,0,0,0,0,0,0,0,4,0,0,0,0,0,0,0,0,0,0,0,0,7,0,0,0,0,0,0,0,6,0,0,0,0,0,0,0,1,0,0,0,177,0,0,0,0,0,0,0,0,0,6,0,0,0,0,0,0,0,0,0,0,0,0,0,0,0,0,0,0,0,2,6,0,0,0,3,0,0,0,0,1,0,0,230,0,0,0,0,0,0,0,0,0,1,0,2,0,0,0,0,0,0,0,0,0,3,0,7,0,0,0,0,0,5,0,0,0,0,0,0,0,0,0,0,0,0,188
ce93bb9c-f830-4cc9-96ab-f8fb7e6e5aec,SCISSORS,5,0,0,0,0,0,0,0,0,0,6,0,1,0,0,0,0,0,0,0,0,4,0,0,0,0,0,0,0,0,0,0,0,0,0,0,0,0,0,0,0,0,0,190,0,0,0,0,0,0,0,0,0,7,0,0,0,1,0,0,0,0,0,0,0,1,0,0,0,0,0,0,0,1,1,0,0,0,0,0,0,0,0,0,0,0,238,0,0,0,0,0,0,0,0,0,0,0,1,0,0,1,0,0,0,0,1,0,3,0,3,0,0,0,0,0,2,0,0,0,0,0,0,0,0,0,0,0,0,202
bf600e44-ab26-401d-bbfc-c824fbbe2bbc,SCISSORS,6,0,0,0,0,0,0,0,0,0,1,0,2,0,0,0,0,0,0,0,0,0,0,0,0,0,0,0,0,0,0,1,0,0,0,0,0,0,0,0,0,0,0,194,0,0,0,0,0,0,0,0,0,1,0,0,0,0,0,0,0,0,0,1,0,0,0,0,0,0,0,0,0,0,0,0,0,0,1,0,0,0,0,0,1,0,244,0,0,0,0,0,0,0,0,0,0,0,0,0,0,0,0,0,0,0,2,0,0,0,0,0,0,0,0,0,2,0,0,0,0,0,0,0,0,0,0,0,0,208
a4e4aba5-feb7-48c1-a068-5298b0c67c42,SCISSORS,8,0,0,0,0,0,0,0,0,0,0,0,2,0,0,0,0,0,0,0,0,0,0,0,0,0,0,0,0,0,0,3,0,0,0,1,0,0,0,0,0,0,0,203,0,0,0,0,0,0,0,0,0,2,0,0,0,1,0,0,0,0,0,0,0,0,0,0,0,0,0,0,0,2,1,0,0,0,0,0,0,0,0,0,0,0,254,0,0,0,0,0,0,0,0,0,0,0,0,0,0,0,0,0,0,0,2,0,0,0,2,0,0,0,0,0,2,0,0,0,0,0,0,0,0,0,0,0,0,218
cde0b5af-0ced-400b-9ce1-3bfe27b51b23,SCISSORS,5,0,0,0,0,0,0,0,0,0,5,0,1,0,0,0,0,0,0,0,0,3,0,1,0,0,0,0,0,0,0,0,0,0,0,0,0,0,0,0,0,0,0,213,0,0,0,0,0,0,0,0,0,6,0,0,0,1,0,0,0,0,0,0,0,0,0,0,0,0,0,0,0,0,1,0,0,0,0,0,0,0,2,0,0,0,266,0,0,0,0,0,0,0,0,0,0,0,4,0,0,0,0,0,0,0,3,0,0,0,3,0,0,0,0,0,0,0,0,0,0,0,0,0,0,0,0,0,0,231
298451e3-5368-4363-b36b-2f755aab7f63,PAPER,5,0,0,0,0,0,0,0,0,0,4,0,0,0,0,0,0,0,0,0,0,1,0,0,0,0,0,0,0,0,0,0,0,0,0,0,0,0,0,2,0,0,0,221,0,0,0,0,0,0,0,0,0,1,0,0,0,0,0,0,0,0,0,0,0,0,0,0,0,0,0,0,0,1,1,0,0,0,1,0,0,0,0,3,0,0,275,0,0,0,0,0,0,0,0,0,0,0,4,0,0,0,0,0,0,0,0,0,0,0,3,0,0,0,0,0,0,0,0,0,0,0,0,0,0,0,0,0,0,242
e6d849d0-93e0-4c74-b371-790fa9b907e9,SCISSORS,6,0,0,0,0,0,0,0,0,0,5,0,0,0,0,0,0,0,0,0,0,4,0,0,0,0,0,0,0,0,0,2,0,0,0,0,0,0,0,0,0,0,0,225,0,0,0,0,0,0,0,0,0,2,0,0,0,0,0,0,0,0,0,0,1,0,0,0,0,0,0,0,0,1,6,0,0,0,0,0,0,0,1,0,0,0,285,0,0,0,0,0,0,0,0,0,0,0,1,0,0,0,0,0,0,0,2,0,1,0,3,0,0,0,0,0,4,0,0,0,0,0,0,0,0,0,0,0,0,255
3d187442-b699-433c-a8c3-ef02a7d3c97f,PAPER,6,0,0,0,0,0,0,0,0,0,4,0,2,0,0,0,0,0,0,0,0,1,0,0,0,0,0,0,0,0,0,3,0,0,0,0,0,0,0,0,0,0,0,236,0,0,0,0,0,0,0,0,0,6,0,0,0,0,0,0,0,0,0,0,0,0,0,0,0,0,0,0,0,0,3,0,0,0,0,0,0,0,0,1,0,0,296,0,0,0,0,0,0,0,0,0,0,0,3,0,0,0,0,0,0,0,1,1,1,0,2,0,0,0,0,0,2,0,0,0,0,0,0,0,0,0,0,0,0,265
2bc2143c-4bf5-4010-8411-530dde9cf66c,PAPER,5,0,0,0,0,0,0,0,0,0,2,0,0,0,2,0,0,0,0,0,0,0,0,0,0,0,0,0,0,0,0,0,0,0,0,0,0,0,0,0,0,0,2,241,0,0,0,0,0,1,0,0,0,2,0,0,0,0,0,0,0,0,0,0,0,0,0,0,0,0,0,0,0,0,0,0,0,0,2,0,0,0,0,1,0,0,302,0,0,0,0,0,0,0,0,0,1,0,1,0,0,0,0,0,0,0,0,0,2,0,2,0,0,0,0,0,0,0,0,0,0,0,0,0,0,0,0,0,0,272
66124c48-c328-4436-a327-f6bc75eea48d,PAPER,7,0,0,0,1,0,0,0,0,0,5,0,0,0,0,0,0,0,0,0,0,1,0,1,0,0,0,0,0,0,2,0,0,0,0,0,0,0,0,1,0,0,0,249,0,0,0,0,0,0,0,0,0,1,0,0,0,0,0,0,0,0,0,1,0,0,0,0,0,0,0,0,0,3,4,0,0,0,0,0,0,0,0,2,0,0,315,0,0,0,0,0,0,0,0,0,1,0,1,0,0,0,0,0,0,0,0,0,3,0,4,1,0,0,0,0,1,0,0,0,0,0,0,0,0,0,0,0,0,283
41f0229b-d7a8-4417-be07-ec1f0b4050fd,SCISSORS,5,0,0,0,0,0,0,0,0,0,4,0,0,0,0,0,0,0,0,0,0,5,3,0,0,0,0,0,0,0,0,0,0,0,0,0,0,0,0,0,0,0,0,261,0,0,0,0,0,0,0,0,0,8,0,0,0,0,0,0,0,0,0,1,0,0,0,1,0,0,0,0,0,0,0,0,0,0,0,0,0,0,0,0,2,0,333,0,0,0,0,0,0,0,0,0,0,0,4,0,0,0,0,0,0,0,2,0,0,0,2,0,0,0,0,0,4,0,0,0,0,0,0,0,0,0,0,0,0,290
61dc5bf4-449a-47cf-9076-d3064c418b55,PAPER,8,0,0,0,0,0,0,0,0,0,4,0,0,0,0,0,0,0,4,0,0,0,0,0,0,0,0,0,0,0,0,0,0,0,0,0,0,0,0,0,0,1,0,268,0,0,0,0,0,0,0,0,0,0,0,0,0,0,0,0,0,0,0,0,0,0,0,0,0,0,0,0,1,2,5,0,0,0,0,0,0,0,0,1,0,0,346,0,0,0,0,0,0,0,0,0,0,0,3,0,0,0,0,0,0,0,1,0,1,0,3,0,0,0,0,0,1,0,0,0,0,0,0,0,0,0,0,0,0,305
7e92471e-e699-4b22-84f5-5c6325938b5a,SCISSORS,7,0,0,0,0,0,0,0,0,0,4,0,0,0,0,0,0,0,0,0,0,6,0,3,0,0,0,0,2,0,0,0,0,0,0,0,0,0,0,1,0,0,0,282,0,0,0,0,0,0,0,0,0,8,0,0,0,2,0,0,0,0,0,0,0,0,0,0,0,0,0,0,0,2,3,0,0,0,1,0,0,0,0,0,0,0,355,0,0,0,0,0,0,0,0,0,0,0,0,0,0,0,0,1,0,0,3,0,0,0,2,0,0,0,0,0,10,0,0,0,0,0,0,0,0,0,0,0,0,314
8e857eee-0717-49ad-ab23-3d0b8d0312ce,ROCK,6,0,0,0,2,0,0,0,0,1,1,0,0,0,0,1,0,0,0,0,0,0,0,0,0,0,0,0,0,0,0,0,0,0,0,0,0,0,0,0,0,0,0,289,0,0,0,0,0,0,0,0,0,0,0,0,0,0,0,0,0,0,0,0,3,0,0,0,0,0,0,0,0,0,2,0,0,0,0,0,0,0,0,0,0,0,359,0,0,0,0,0,0,0,0,0,0,0,0,0,0,0,0,0,0,0,1,0,1,0,2,0,0,0,0,0,0,0,0,0,0,0,0,0,0,0,0,1,0,322
67c74bce-1ee5-4d19-8691-311e8efca778,PAPER,7,0,0,0,1,0,0,0,0,1,1,0,1,0,0,0,0,0,0,0,0,0,0,1,0,0,0,0,0,0,0,0,0,0,0,0,0,0,0,1,0,0,0,296,0,0,0,0,0,0,0,0,0,0,0,0,0,0,0,0,0,0,0,0,0,0,0,0,1,0,0,0,0,1,2,0,0,0,0,0,0,0,0,2,0,0,372,0,0,0,0,0,0,0,0,0,0,0,3,0,0,0,0,0,0,0,0,0,0,0,1,0,0,0,0,0,2,0,0,0,0,0,0,0,0,0,0,0,0,326
92b6f89c-2716-4199-89f2-17e066a07cf4,PAPER,6,0,0,0,1,0,0,0,0,0,1,0,0,0,0,0,0,0,0,0,0,1,0,0,0,0,0,0,0,0,0,0,0,0,0,0,0,0,0,0,0,1,0,306,0,0,0,0,0,0,0,0,0,0,0,0,0,0,0,0,0,0,0,0,0,0,0,0,0,0,0,0,0,0,2,0,0,0,0,0,0,0,0,2,0,0,378,0,0,0,0,0,0,0,0,0,0,0,3,0,0,0,0,0,0,0,0,0,0,0,0,0,0,0,0,0,0,0,0,0,0,0,0,0,1,0,0,0,0,328
e0c8d73d-881c-4744-9e29-b345256d3fd5,SCISSORS,6,0,2,0,1,0,0,0,0,0,0,0,0,0,0,0,0,0,0,0,0,0,0,0,0,0,0,0,0,0,0,0,0,0,0,0,0,0,0,0,0,0,0,308,0,0,0,0,0,0,0,0,0,0,0,0,0,0,0,0,0,0,0,0,0,0,0,0,0,0,0,0,0,0,1,0,0,0,1,0,0,0,1,0,0,0,384,0,0,0,0,0,0,0,0,0,0,0,0,0,0,0,0,0,0,0,2,0,0,0,0,0,0,0,0,0,1,0,0,0,0,0,0,0,0,0,0,0,0,332
ac7d1ce2-20a7-4b10-9bea-ff3bdc6aac6b,PAPER,7,0,0,0,3,0,0,0,0,0,4,0,0,0,2,0,0,0,0,0,0,0,0,0,0,0,0,0,0,0,0,0,0,0,0,0,0,0,0,0,0,0,0,317,0,0,0,0,0,0,0,0,0,0,0,0,0,0,0,0,0,0,0,0,0,0,0,0,0,0,0,0,0,1,3,0,0,0,3,0,0,0,0,2,0,0,397,0,0,0,0,0,0,0,0,0,0,0,0,0,0,0,0,0,0,0,1,0,3,0,3,2,0,0,0,0,0,0,0,0,0,0,0,0,0,0,0,0,0,336
d80b4bbd-d3b1-4756-9a15-e8514e79f8cc,SCISSORS,5,0,0,0,0,0,0,0,0,0,7,0,3,0,0,0,0,0,0,0,0,11,0,0,0,0,0,0,1,0,0,0,0,0,0,0,0,0,0,1,0,0,0,331,0,0,0,0,0,0,0,0,0,15,0,0,0,4,0,0,0,0,0,0,1,0,0,1,0,0,0,0,0,1,1,0,0,0,0,0,0,0,0,0,0,0,415,0,0,0,0,0,0,0,0,0,0,0,0,0,0,0,0,0,0,0,5,0,3,0,8,2,0,0,0,0,5,0,0,0,0,0,0,0,0,0,0,0,0,352
44c3da3c-866e-4ff8-a317-629de4ea4f8f,SCISSORS,6,0,0,0,0,0,0,0,0,0,4,0,0,0,0,0,0,0,0,0,0,3,0,0,0,0,0,0,2,0,0,0,0,0,0,2,0,0,0,0,0,0,0,341,0,0,0,0,0,0,0,0,0,3,0,0,0,0,0,0,0,0,0,2,0,0,0,0,0,0,0,0,0,0,3,0,0,0,0,0,0,0,1,0,2,0,438,0,0,0,0,0,0,0,0,0,0,0,0,0,0,0,0,0,0,0,5,0,1,0,0,0,0,0,0,0,5,0,0,0,0,0,0,0,0,0,0,0,0,363
5643f856-5ee6-4218-948f-80b3b85cf72d,ROCK,7,0,0,0,0,0,0,0,0,2,5,0,0,0,0,0,0,0,0,0,0,0,0,1,0,0,0,0,0,0,0,3,0,0,0,0,0,0,0,0,0,0,0,355,0,0,0,0,0,0,0,0,0,0,0,0,0,0,0,0,0,0,0,1,2,0,0,0,0,0,0,0,0,3,5,0,0,0,0,0,0,0,0,0,0,0,451,0,0,0,0,0,0,0,0,0,0,0,0,0,1,0,0,0,0,0,1,0,0,0,4,3,0,0,0,0,2,0,0,0,0,0,0,0,0,0,0,0,0,381
56ea108a-a82f-414a-a152-b9c8e29d52bb,ROCK,9,0,0,0,0,0,0,0,0,3,0,0,0,0,0,0,0,0,0,0,0,0,0,1,0,0,0,0,0,0,0,1,0,0,0,0,0,0,0,0,0,0,0,362,0,0,0,0,0,0,0,0,0,4,0,0,0,0,0,0,0,0,0,0,0,0,0,0,0,0,0,0,0,0,1,0,0,0,0,0,0,0,0,0,0,0,458,0,0,0,0,0,0,0,0,0,0,0,0,0,3,0,0,0,0,0,0,0,0,0,0,0,0,0,0,0,2,0,0,0,0,0,0,0,0,0,0,0,0,389
b8eeb1cd-19ee-458b-b8e5-06fbf38a2c74,ROCK,7,0,0,0,0,0,0,0,0,2,0,0,0,0,0,0,0,0,0,0,0,0,0,0,0,0,0,0,0,0,0,2,0,0,0,0,0,0,0,0,0,0,0,365,0,0,0,0,0,0,0,0,0,0,0,0,0,0,0,0,0,0,0,0,2,0,0,0,0,0,0,0,0,0,1,0,0,0,1,0,0,0,0,0,0,0,462,0,0,0,0,0,0,0,0,0,0,0,0,0,0,0,0,0,0,0,0,0,0,0,2,1,0,0,0,0,1,0,0,0,0,0,0,0,0,0,0,0,0,393
d4d7d019-ab60-4f25-9ef2-9c6331a76a8b,SCISSORS,5,0,1,0,0,0,0,0,0,0,1,0,0,0,0,0,0,0,0,0,0,1,0,0,0,0,0,0,0,0,0,0,0,0,0,0,0,0,0,0,0,0,0,371,0,0,0,0,0,0,0,0,0,1,0,0,0,1,0,0,0,0,0,0,0,0,0,1,0,0,0,0,0,0,0,0,0,0,0,0,0,0,0,0,0,0,473,0,0,0,0,0,0,0,0,0,0,0,0,0,0,0,0,0,0,0,1,0,0,0,2,0,0,0,0,0,0,0,0,0,0,0,0,0,0,0,0,0,0,398
a76a4cd5-4fb4-4ba5-b559-069d09600a90,PAPER,5,0,0,0,0,0,0,0,0,0,5,0,0,0,0,0,0,0,0,0,0,0,0,1,0,0,0,0,0,0,0,0,0,0,0,0,0,0,0,1,0,0,0,380,0,0,0,0,0,0,0,0,0,2,0,0,0,0,0,0,0,0,0,1,0,0,0,1,0,0,0,0,0,0,3,0,0,0,0,0,0,0,0,0,0,0,489,0,0,0,0,0,0,0,0,0,0,0,0,0,0,0,0,0,0,0,0,0,1,0,5,0,0,0,0,0,1,0,0,0,0,0,0,0,0,0,0,0,0,404
90d46595-6f15-433f-84b2-3c952e3f75f3,PAPER,9,0,0,0,0,0,0,0,0,0,8,0,1,0,0,0,0,0,0,0,0,9,0,6,1,0,0,0,0,0,0,18,0,0,0,0,0,0,0,2,0,0,0,17,0,0,0,0,0,0,0,0,0,15,0,0,0,0,0,0,0,0,0,1,3,0,0,0,0,0,0,0,0,11,8,0,0,0,3,0,0,0,0,4,0,0,32,0,4,0,0,0,0,0,0,0,4,0,0,0,0,0,0,0,0,0,0,0,7,0,13,1,0,0,0,0,15,1,0,0,0,0,0,0,0,0,0,0,0,30
fb62ad89-d839-451a-86d4-2f2dbc70555b,SCISSORS,5,0,0,0,0,0,0,0,0,0,12,0,1,0,0,0,0,0,0,0,0,8,0,0,0,0,0,0,0,0,0,1,0,0,0,0,0,0,0,0,0,0,0,29,0,0,0,0,0,0,0,0,0,8,0,0,0,0,0,0,0,0,0,0,2,0,0,1,0,0,0,0,0,0,8,0,0,0,0,0,0,0,3,0,0,0,46,0,0,0,0,0,0,0,0,1,1,0,0,0,0,0,0,0,0,0,4,0,0,0,8,1,0,0,0,0,7,0,0,0,0,0,0,0,0,0,0,0,0,47
c771fef4-4cca-47c0-a417-113ea93f9c15,ROCK,7,0,0,0,0,0,0,0,0,9,10,0,0,0,0,1,0,0,0,0,0,0,0,23,0,0,0,0,0,0,0,10,0,0,0,0,0,0,0,0,0,0,0,47,0,0,0,0,0,0,0,0,0,18,0,0,0,0,0,0,0,0,0,4,0,0,0,2,0,0,0,0,0,8,9,0,0,0,12,0,0,0,0,0,0,0,78,0,0,0,0,0,0,0,0,0,0,0,0,0,0,0,0,0,0,0,1,0,0,0,19,1,0,0,0,0,23,0,0,0,0,0,0,0,0,0,0,9,0,73
c60c3260-a747-4f79-92bb-a5b7f1a0f3c6,ROCK,9,0,0,0,0,0,0,0,0,11,0,0,0,0,0,0,0,0,0,0,0,0,0,17,0,0,0,0,0,0,0,0,0,0,0,0,0,0,0,0,0,0,0,54,0,0,0,0,0,0,0,0,0,12,0,0,0,0,0,0,0,0,0,0,10,0,0,0,0,0,0,0,0,2,3,0,0,0,1,0,0,0,0,0,0,0,88,0,0,0,0,0,0,0,0,0,0,0,0,0,0,0,0,0,0,0,0,0,1,0,3,0,0,0,0,0,15,0,0,0,0,0,0,0,0,9,0,0,0,78
85056418-d17a-4523-bd0b-b9d8328beca3,PAPER,5,0,0,0,0,0,0,0,0,0,6,0,0,0,3,0,0,0,0,0,0,1,0,0,0,0,0,0,0,0,0,1,0,0,0,0,0,0,0,1,0,0,0,62,0,0,0,0,0,0,0,0,0,4,0,0,0,0,0,0,0,0,0,0,0,0,0,0,0,0,0,0,0,1,2,0,0,0,0,0,0,0,0,5,0,0,95,0,0,0,0,0,0,0,0,0,0,0,0,0,0,0,0,0,0,0,0,0,0,0,5,5,0,0,0,2,0,0,0,0,0,0,0,0,0,0,0,0,0,81
1885ef76-74e8-4b65-bb6a-621bf3fec3a5,SCISSORS,5,0,0,0,0,0,0,0,0,0,13,0,13,0,0,0,0,0,0,0,0,0,0,10,0,0,0,0,0,0,0,8,0,0,0,0,0,0,0,0,0,0,0,76,0,0,0,0,0,0,0,0,0,20,0,0,0,0,0,0,0,0,0,0,2,0,0,0,0,0,0,0,0,0,2,0,0,0,10,0,0,0,1,0,9,0,120,0,0,0,0,0,0,0,0,0,1,0,0,0,0,0,0,0,0,0,12,1,1,0,21,1,0,0,0,0,6,0,0,0,0,0,0,0,0,1,0,0,0,106
a73a4d63-23c2-437e-9737-120dab334902,PAPER,7,0,0,0,0,0,0,0,0,0,11,0,1,0,0,0,0,0,0,0,0,0,0,4,0,0,0,0,0,0,0,15,0,0,0,0,0,0,0,0,0,2,0,97,0,0,0,0,0,0,0,0,0,3,0,0,0,0,0,0,0,0,0,1,0,0,0,1,0,0,0,0,0,13,12,0,0,0,0,0,0,0,0,3,0,0,142,0,0,0,0,0,0,0,0,0,0,0,0,0,0,0,0,0,0,0,2,0,4,1,15,1,0,0,0,1,9,0,0,0,0,0,0,0,0,0,0,0,0,124
015d93fb-8374-49a5-9423-caec6fd59c62,SCISSORS,8,0,0,0,0,0,0,0,0,0,8,0,0,2,0,0,0,0,0,0,0,9,0,0,1,0,0,0,0,0,0,0,0,0,0,0,0,0,0,0,0,0,0,104,0,0,0,0,0,0,0,0,0,1,0,0,0,0,0,0,0,0,0,1,0,0,0,1,0,0,0,0,0,0,9,0,0,0,0,0,0,0,8,0,0,0,155,0,0,0,0,8,0,0,0,0,0,0,0,0,0,0,0,0,0,0,0,0,3,1,0,4,0,0,0,0,4,0,0,0,0,0,0,0,0,0,0,0,0,134
99318068-2c29-4aac-8a26-342ceba20b33,SCISSORS,7,0,0,0,0,0,0,0,0,0,2,0,0,0,0,0,0,0,0,0,0,3,0,4,0,0,0,0,1,0,0,0,0,0,0,0,0,0,0,0,0,0,0,110,0,0,0,0,0,0,0,0,0,5,0,0,0,3,0,0,0,0,0,0,0,0,0,0,0,0,0,0,0,0,2,0,0,0,0,0,0,0,0,0,0,0,163,0,0,0,0,3,0,0,0,0,0,0,0,0,0,0,0,0,0,0,0,0,0,0,0,0,0,0,0,0,7,0,0,0,0,0,0,0,0,0,0,0,0,140
d9aec531-f1ad-445f-9206-1a1b028f4037,ROCK,9,0,0,0,0,1,1,0,0,13,0,0,0,0,0,1,0,0,0,0,0,0,0,15,0,0,0,0,0,0,0,2,0,0,0,0,0,0,0,0,0,0,0,131,0,0,0,0,0,0,0,0,0,6,0,2,0,0,0,0,0,0,0,1,16,0,0,0,0,0,0,0,0,2,6,0,0,0,0,0,0,0,0,0,0,0,180,0,0,0,0,0,0,0,0,0,0,0,0,0,0,0,0,0,0,0,3,0,1,0,2,0,0,0,0,0,12,0,0,0,0,0,0,0,0,0,0,15,0,152
6647307b-2728-4557-b3ba-3ce6ceced666,PAPER,5,0,0,0,0,0,0,0,0,2,9,0,10,0,1,0,0,0,0,0,0,3,0,3,0,0,0,0,0,0,0,4,0,0,0,0,0,0,0,3,0,0,0,151,0,0,0,0,0,0,0,0,0,15,0,0,0,0,1,0,0,0,0,1,1,8,0,0,0,0,0,0,0,0,0,0,0,0,3,0,0,0,0,6,0,0,208,0,0,0,0,0,0,0,0,0,2,0,0,0,0,0,0,0,0,0,0,0,8,0,20,1,0,0,0,0,4,0,0,0,0,0,0,0,0,0,0,0,0,172
5fcec3b1-6082-444f-bb5a-f1de9211bdae,SCISSORS,5,0,0,0,0,0,0,0,0,0,14,0,2,4,0,0,0,0,0,0,0,10,0,0,0,0,0,0,0,0,0,0,0,0,0,0,0,0,0,0,0,0,0,162,0,0,0,0,0,0,0,0,0,12,0,0,0,0,0,0,0,0,0,0,0,0,2,1,0,0,0,0,0,1,2,0,0,0,5,0,0,0,0,0,7,0,224,0,0,0,0,8,1,0,0,0,0,0,0,0,0,0,0,0,0,0,0,0,0,0,9,5,0,0,0,0,7,0,0,0,0,0,0,0,0,0,0,0,0,197
08eaa4ed-7244-40e0-8358-32e828adef35,PAPER,9,0,0,0,0,0,0,0,0,0,4,0,1,0,1,0,0,0,0,0,0,4,0,6,1,0,0,0,0,0,0,6,0,0,0,0,0,0,0,1,0,3,0,179,0,0,0,0,0,0,0,0,0,12,0,0,0,0,0,0,0,0,0,0,0,0,0,0,0,0,0,0,0,6,4,0,0,0,0,0,0,0,0,5,0,0,236,0,0,0,0,0,0,0,0,0,0,0,0,0,0,0,0,0,0,0,0,0,6,0,11,1,0,0,0,0,9,0,0,0,0,0,0,0,0,0,0,0,0,205
3c15486d-dd6d-4842-badd-159485a1ba79,SCISSORS,7,0,0,0,0,0,0,0,0,0,21,0,0,0,0,0,0,9,0,0,4,6,0,27,3,0,0,0,15,0,0,0,0,0,0,0,0,0,0,0,0,0,0,207,0,0,0,0,0,0,0,0,0,42,0,0,0,3,0,0,0,0,0,1,0,1,0,1,0,0,0,0,0,19,14,0,0,0,4,0,0,0,0,0,0,0,275,0,0,0,0,4,0,0,0,0,2,0,0,0,0,0,0,0,0,0,0,0,0,0,41,0,0,0,0,0,38,0,0,0,0,0,0,0,0,0,0,0,0,238
54792082-9bca-4bed-85c3-2cc2adc9d38c,SCISSORS,9,0,0,0,1,0,0,0,0,0,7,0,1,0,0,0,0,0,0,0,0,7,0,0,0,0,0,0,0,0,19,0,0,0,0,0,0,0,0,0,0,0,0,220,0,0,0,0,0,0,0,0,0,6,0,0,0,0,0,0,0,0,0,3,0,1,0,0,0,0,0,0,0,12,8,0,0,0,1,0,0,0,4,0,0,0,300,0,0,0,0,5,0,0,0,0,1,0,0,0,0,0,0,0,0,0,0,0,0,0,9,3,0,0,0,0,17,0,0,0,0,0,0,0,0,0,0,0,0,254
3f77cb6e-dd17-42d1-9da3-b011d74ecc7d,ROCK,5,0,0,0,0,0,0,0,0,3,2,0,4,0,0,0,0,0,0,0,0,8,0,3,0,0,0,0,0,0,0,0,0,0,0,0,4,0,0,0,0,0,0,229,0,0,0,0,0,0,0,0,0,12,0,0,0,0,0,0,0,0,0,0,0,5,0,0,0,0,0,0,0,0,0,0,0,0,7,0,0,0,0,0,0,0,311,0,0,0,0,0,0,0,0,0,0,0,0,0,2,0,0,0,0,0,0,0,0,0,12,1,0,0,0,0,9,0,0,0,0,0,0,0,0,0,0,0,0,264
8ef19844-ce84-4b7b-aefc-959c76964ae4,ROCK,8,0,0,0,1,0,0,0,0,12,0,0,0,0,0,0,0,0,0,0,0,1,0,9,0,0,0,0,0,0,0,0,0,0,0,0,0,0,0,0,0,0,0,238,0,0,0,0,0,0,0,0,0,8,0,0,0,0,0,0,0,0,0,0,11,0,0,2,0,0,0,0,0,0,1,0,0,0,1,0,0,0,0,0,0,0,323,0,0,0,0,0,0,0,0,0,0,0,0,0,10,0,0,0,0,0,0,0,1,0,5,0,0,0,0,0,7,0,0,0,0,0,0,0,0,0,0,0,0,286
575f07dc-bec1-4304-b8a9-79e5ba351ba2,PAPER,9,0,0,0,4,0,0,0,0,1,1,0,0,0,0,0,0,0,0,0,0,2,0,1,0,0,0,0,0,0,0,0,0,0,0,0,0,0,0,3,0,0,0,247,0,0,0,0,0,0,0,0,0,0,0,0,0,0,0,0,0,0,0,0,0,0,0,0,0,0,0,0,0,5,2,0,0,0,0,0,0,0,0,5,0,0,334,0,0,0,0,0,0,0,0,0,0,0,0,0,0,0,0,0,0,0,0,0,5,0,2,0,0,0,0,0,1,0,0,0,0,0,0,0,0,0,4,0,0,292
73a10dd4-8303-4c29-a46b-d60f02e34008,SCISSORS,9,0,0,0,2,0,0,0,0,0,3,0,0,0,0,0,0,0,0,0,0,5,0,4,1,0,0,0,0,0,0,0,0,0,0,0,0,0,0,0,0,0,0,255,0,0,0,0,0,0,0,0,0,4,0,0,0,2,0,0,0,0,0,0,0,1,0,0,0,0,0,0,0,1,7,0,0,0,0,0,0,0,0,0,0,0,347,0,0,0,0,3,0,0,0,0,0,0,0,0,0,0,0,0,0,0,0,0,0,0,0,0,0,0,0,0,10,0,0,0,0,0,0,0,0,0,2,0,0,295
5619b86a-01c4-4251-b485-d74baad03f1c,SCISSORS,5,0,0,0,3,0,0,0,0,0,8,0,1,0,0,0,0,0,0,4,0,2,0,2,0,0,0,0,0,0,0,0,0,0,0,0,0,0,0,0,0,0,0,264,0,0,0,0,0,0,0,0,0,17,0,0,0,0,0,0,0,0,0,0,0,0,0,0,0,0,0,0,0,1,1,0,0,0,0,0,0,0,0,0,1,0,364,0,0,0,0,1,0,0,0,0,1,0,0,0,0,0,0,0,0,0,0,0,0,0,11,0,0,0,0,0,2,0,0,0,0,0,0,0,0,0,5,0,0,310
ed42aa8a-6d19-4b88-8231-161a76c38b1b,ROCK,6,0,0,0,0,1,0,0,0,9,15,13,9,0,0,0,0,0,0,0,0,12,0,11,3,0,0,0,0,0,0,0,0,0,0,0,0,0,0,0,1,0,0,309,0,0,0,0,0,0,0,0,0,30,0,0,0,0,0,0,0,0,0,1,11,1,0,3,0,0,0,0,12,0,13,0,0,0,3,0,0,0,0,0,0,0,400,0,0,0,0,0,0,0,0,0,7,0,0,0,0,0,0,0,0,0,0,2,0,0,31,1,0,0,0,0,21,0,0,0,0,0,0,0,0,10,2,0,0,348
95da3582-e6cf-425f-ba83-3015c9939747,PAPER,6,0,0,0,0,0,0,0,0,1,3,4,0,0,0,0,0,0,0,0,0,1,0,0,0,0,0,0,0,0,0,0,0,2,0,0,0,0,0,0,0,7,0,320,0,0,0,0,0,0,0,0,0,3,0,0,0,0,0,0,0,0,0,0,6,0,0,0,0,0,0,0,0,0,1,0,0,0,0,0,0,0,0,8,0,0,413,0,0,0,0,0,0,0,0,0,0,0,0,0,0,0,0,0,0,0,0,9,0,0,6,0,0,0,0,0,0,0,0,0,0,0,0,0,0,0,3,0,0,354
9d5f0c5a-a6cc-4c83-85c8-af8d2d2f5e83,SCISSORS,9,0,0,0,6,0,0,0,0,0,0,0,0,0,0,0,0,0,0,0,0,4,0,4,0,0,0,0,0,0,0,0,0,0,0,0,0,0,0,0,0,0,0,328,0,0,0,0,0,0,0,0,0,3,0,0,0,0,0,0,0,0,0,1,1,0,0,0,0,0,0,0,0,0,7,0,0,0,0,0,0,0,1,0,1,0,432,0,0,0,0,3,0,0,0,0,0,0,0,0,0,0,0,0,0,0,0,0,0,0,0,0,0,0,0,0,9,0,0,0,0,0,0,0,0,0,2,0,0,357
b45cc319-cabd-4cdd-818f-5160aeed02e4,ROCK,5,0,0,0,0,0,0,0,0,8,14,0,9,4,0,2,0,0,0,0,0,5,1,0,1,0,0,0,0,0,0,0,0,0,0,2,0,0,0,0,0,0,0,356,0,0,0,0,0,0,0,0,0,16,0,0,0,0,0,0,0,0,0,0,19,1,0,2,0,0,0,0,0,0,6,0,0,0,2,0,0,0,0,0,0,0,456,0,0,0,0,0,0,0,0,0,0,0,0,0,0,0,0,0,0,0,0,0,0,0,21,2,0,0,0,0,12,0,0,0,0,0,0,0,0,0,3,8,0,379
480ae40f-54dd-4480-9338-68504b295b4d,SCISSORS,5,0,0,0,0,0,0,0,0,0,3,0,0,0,0,0,0,0,0,0,0,0,0,0,0,7,0,0,0,0,0,0,0,0,0,0,0,0,0,0,0,0,0,358,0,0,0,0,0,0,0,0,0,6,0,0,0,2,0,0,0,0,0,0,1,0,0,0,0,0,0,0,0,0,0,0,0,0,1,0,0,0,0,0,0,0,464,0,0,0,0,3,0,0,0,0,0,0,0,0,0,0,0,0,0,0,1,0,0,0,1,0,0,0,0,0,5,0,0,0,0,0,0,0,0,0,0,0,0,385
4d05f2c4-89d7-4749-a2ab-ff15d6f42420,PAPER,8,0,0,0,0,0,0,0,0,0,16,0,1,12,6,0,0,0,0,0,0,10,0,0,1,0,0,0,0,0,0,0,0,0,0,0,0,0,0,0,0,0,0,383,0,0,0,0,0,0,0,0,0,11,0,0,0,0,0,0,0,0,0,0,11,1,0,1,0,0,0,0,0,4,10,0,0,0,1,0,0,0,0,7,0,0,507,0,0,0,0,0,0,0,0,0,1,0,0,0,0,0,0,0,0,0,0,9,0,0,18,2,0,0,0,0,16,0,0,0,0,0,0,0,0,0,0,0,0,402
1f17a630-edca-480a-ac54-e1b870462070,PAPER,6,0,0,0,0,0,0,0,0,0,14,0,6,0,0,0,0,0,0,0,0,1,0,0,3,0,0,0,0,0,0,8,0,0,0,0,0,0,0,4,0,0,0,402,0,0,0,0,0,1,0,0,0,11,0,0,0,0,0,0,0,0,0,2,5,0,0,0,0,0,0,0,0,3,6,0,0,0,6,0,0,0,0,2,0,0,528,0,0,0,0,0,0,0,0,0,2,0,0,0,0,0,0,0,0,0,0,0,6,0,12,4,0,0,0,0,12,0,0,0,0,0,0,0,0,0,0,0,0,418
cd9b6b7e-67d6-42d3-9d9d-2d75b38f1e67,PAPER,8,0,0,0,4,0,0,0,0,0,8,0,1,0,1,0,0,0,0,0,0,1,0,10,0,0,0,0,0,0,0,0,0,0,0,0,0,0,0,1,0,0,0,415,0,0,0,0,0,0,0,0,0,9,0,0,0,0,0,0,0,0,0,0,0,0,0,0,0,0,0,0,0,1,6,0,0,0,8,0,0,0,0,2,0,0,539,0,0,0,0,0,0,0,0,0,0,0,0,0,0,0,0,0,0,0,0,2,1,0,9,2,0,0,0,0,12,0,0,0,0,0,0,0,0,0,0,0,0,428
761f09f5-f60a-4cbd-806d-17ddb137d0ce,SCISSORS,7,1,17,0,0,0,0,0,0,0,10,0,4,0,0,0,0,0,0,0,0,5,0,0,0,0,0,0,0,0,0,0,0,0,0,0,0,0,0,0,0,0,0,425,0,0,0,0,0,0,0,0,0,19,0,0,0,0,0,0,0,0,0,3,0,0,0,1,0,0,0,0,0,0,9,0,0,0,0,0,0,0,5,0,0,0,566,0,0,0,0,5,0,0,0,0,0,0,0,0,0,0,0,0,0,0,0,0,6,0,7,5,0,0,0,0,14,0,0,0,0,0,0,0,0,0,0,0,0,447
495c1b9d-3f20-457e-8be6-f5e5eb0797dc,SCISSORS,7,1,0,0,0,0,0,0,0,0,13,0,0,0,0,0,0,0,0,0,0,5,0,0,1,0,0,0,0,1,0,0,0,0,0,0,0,0,0,0,0,0,0,431,0,0,0,0,0,0,0,0,0,3,0,0,0,0,0,0,0,0,0,0,0,0,0,1,0,0,0,0,0,0,13,0,0,0,1,0,0,0,0,0,3,0,581,0,0,0,0,3,0,0,0,0,0,0,0,0,0,1,0,0,0,0,0,0,0,0,0,0,0,0,0,0,17,0,0,0,0,0,0,0,0,0,0,0,0,456
e067c0cc-be9e-4499-a305-662913f04d84,SCISSORS,9,0,0,0,0,0,0,0,0,0,11,0,6,0,0,0,0,0,0,0,0,3,0,0,0,0,0,0,9,0,4,0,0,0,0,9,0,0,0,0,0,0,0,451,0,0,0,0,0,0,0,0,0,13,0,0,0,0,0,0,0,0,0,0,0,0,0,3,0,0,0,0,0,7,16,0,0,0,0,0,0,0,3,0,0,0,610,0,0,0,0,3,0,0,0,0,0,0,0,0,0,0,0,0,0,0,0,0,5,0,17,1,0,0,0,0,15,0,0,0,0,0,0,0,0,0,0,0,1,477
aae12c30-57f0-44b8-a76d-cd3d5c2b46ca,ROCK,9,3,0,0,0,0,0,0,0,7,0,0,0,0,0,0,0,0,0,0,1,2,0,11,0,0,0,0,0,0,0,0,0,0,0,0,0,0,0,0,0,0,0,465,0,0,0,0,0,0,0,0,0,8,0,0,0,0,0,0,0,0,0,0,9,0,0,0,0,0,0,0,0,6,1,0,0,0,0,0,0,0,0,0,0,0,617,0,0,0,0,0,0,0,0,0,0,0,0,0,6,0,0,0,0,0,0,0,0,0,2,1,0,0,0,0,13,0,0,0,0,0,0,0,0,0,1,1,0,489
2902bf33-41ee-4522-9cbe-12c453b1a746,SCISSORS,6,12,0,0,0,0,0,0,0,3,11,0,0,0,0,0,0,0,0,0,0,5,0,0,2,0,0,0,0,0,0,0,0,0,0,0,0,0,0,0,0,0,0,476,0,0,0,0,0,0,0,0,0,4,0,0,0,2,0,0,0,0,0,2,0,0,0,0,0,0,0,0,0,11,13,0,0,0,1,0,0,0,0,0,0,0,634,0,0,0,0,3,0,0,0,0,1,0,0,0,0,0,0,0,0,0,0,0,0,0,16,0,0,0,0,0,13,0,0,0,0,0,0,0,0,0,0,0,0,509
9b41202c-81c4-4438-b884-f1fe0a34f8d1,SCISSORS,5,0,0,0,0,0,0,0,0,0,16,0,1,0,0,0,0,0,0,0,0,7,0,0,1,0,0,0,0,0,0,0,0,0,0,0,0,0,0,0,0,0,0,485,0,0,0,0,0,0,0,0,0,5,0,0,0,1,0,0,0,0,0,1,1,0,0,0,0,0,0,0,0,0,13,0,0,0,0,0,0,0,0,0,4,0,651,0,0,0,0,6,0,0,0,0,1,0,0,0,0,0,0,0,0,0,0,0,0,0,9,6,0,0,0,0,3,0,0,0,0,0,0,0,0,0,0,0,0,530
404a9df6-a107-4e88-89aa-985d782b6f4f,PAPER,7,0,0,0,0,0,0,0,0,0,13,6,0,0,3,0,0,0,0,0,0,1,0,4,1,0,0,0,0,0,0,0,0,0,0,0,0,0,0,0,0,0,0,498,0,0,0,0,0,0,0,0,1,6,0,0,0,0,0,0,0,0,0,0,0,0,0,0,0,0,0,0,0,5,13,0,0,0,0,0,0,0,0,3,0,0,669,0,0,0,0,0,0,0,0,0,1,0,0,0,0,0,0,0,0,0,0,0,6,0,6,1,0,0,0,0,14,0,0,0,0,0,0,0,0,0,0,0,0,541
6066282a-ea3e-4afc-8420-6ad16aa64372,SCISSORS,6,0,0,0,0,0,0,0,0,0,15,0,1,0,0,0,0,0,0,0,0,10,1,14,3,0,0,0,0,0,0,9,0,0,0,0,0,0,0,0,0,0,0,514,0,0,0,0,0,0,0,0,0,21,0,0,0,0,0,0,0,0,0,1,1,0,0,2,0,0,0,0,0,0,14,0,0,0,0,0,0,5,9,0,0,0,694,0,0,0,0,10,0,0,0,0,0,0,0,0,0,0,0,0,0,0,0,1,3,0,25,2,0,0,0,0,12,0,0,0,0,0,0,0,0,0,0,0,0,560
9cceefbb-11ff-42d0-88a2-f49adaa1dda7,SCISSORS,6,0,0,0,0,0,0,0,0,0,5,0,3,0,0,0,0,0,1,0,0,8,0,0,1,0,0,0,0,0,0,0,0,0,0,0,0,0,0,0,0,0,0,524,0,0,0,0,0,0,0,0,0,8,0,0,0,2,0,0,0,0,0,0,1,0,0,3,0,0,0,0,0,0,3,0,0,0,1,0,0,0,0,0,0,0,707,0,0,0,0,0,0,0,0,0,0,0,0,0,0,0,0,0,0,0,4,0,0,0,0,0,0,0,0,0,14,0,0,0,0,0,0,0,0,0,0,0,0,565
2f0ac528-3155-48cd-ae3a-646a2bcffcf7,PAPER,7,0,0,0,0,0,0,0,0,0,12,0,14,0,0,0,0,0,0,0,0,1,0,0,1,0,0,0,0,0,0,9,0,0,0,0,0,0,0,4,0,0,0,541,0,0,0,0,0,0,0,0,0,17,0,0,0,0,0,0,0,0,0,2,0,0,0,0,0,0,0,0,0,7,10,0,0,0,0,0,0,0,0,5,0,0,734,0,0,0,0,0,0,0,0,0,1,0,0,0,0,0,0,0,0,0,1,0,6,0,17,1,0,0,0,0,12,0,0,0,0,2,0,0,0,0,1,0,0,585
74477e35-fa84-4d69-9c08-14e21e7489c5,SCISSORS,9,0,0,0,0,0,0,0,0,0,16,0,0,0,0,0,0,0,0,0,0,8,0,11,2,0,0,0,9,0,0,0,0,0,0,0,0,0,0,0,0,0,0,559,0,0,0,0,0,0,0,0,0,21,0,0,0,0,0,0,0,0,0,0,0,0,0,1,0,0,0,0,0,7,14,0,0,0,1,0,0,0,0,0,2,0,752,0,0,0,0,0,0,0,0,0,0,0,0,0,0,0,0,0,0,0,3,0,8,0,10,0,0,0,0,0,25,0,0,0,0,0,0,0,0,0,0,0,0,595
c2183b93-ca7c-42e2-97ae-5d8c065fd8be,ROCK,6,0,0,0,7,1,0,0,0,9,3,0,0,0,0,0,0,0,0,0,0,0,0,8,0,0,0,0,0,0,0,0,0,0,0,0,0,0,0,0,0,0,0,575,0,0,0,0,0,0,0,0,0,8,0,0,0,0,0,0,0,0,0,1,11,0,0,0,0,0,0,0,0,4,3,0,0,0,1,0,0,0,0,0,0,0,766,0,0,0,0,0,0,0,0,0,3,0,0,0,1,0,0,0,0,0,1,0,2,0,5,0,0,0,0,0,9,0,0,0,0,0,0,0,0,7,0,0,0,618
a9127c69-0087-4396-8e27-3815787d93d2,ROCK,7,0,0,0,0,0,0,0,0,14,0,0,0,0,0,0,0,0,0,0,0,6,0,8,0,0,0,0,0,0,0,0,0,0,0,0,0,0,0,0,0,0,0,583,0,0,0,0,0,0,0,0,0,9,0,0,0,0,0,0,0,0,0,0,12,0,0,1,0,0,0,0,0,0,4,0,0,0,2,0,0,0,0,0,0,0,779,0,0,0,0,0,0,0,0,0,0,0,0,0,2,0,0,0,0,0,0,0,1,0,4,1,0,0,0,0,12,0,0,0,0,0,0,0,0,1,0,7,0,635
65dd5790-3877-4f93-960a-85a96ac4dc5e,SCISSORS,6,0,0,0,2,0,0,0,0,1,10,0,1,0,0,0,0,0,0,0,0,8,0,1,3,0,0,0,0,0,0,0,0,0,0,0,0,0,0,0,0,0,0,602,0,1,0,0,0,0,0,0,0,6,0,0,0,3,0,0,0,0,0,3,0,2,0,0,0,0,0,0,0,2,9,0,0,0,0,0,0,0,0,0,0,0,800,0,0,0,0,0,0,0,0,0,0,0,0,0,0,1,0,0,0,0,5,0,0,0,7,9,0,0,0,0,4,0,0,0,0,0,0,0,0,0,0,0,0,649
2188f97b-6ea4-4119-b160-dc92c0a4ec12,SCISSORS,6,0,0,0,1,0,0,0,0,0,2,0,6,0,0,0,0,0,0,0,0,6,0,0,1,0,0,0,0,0,0,0,0,0,0,0,0,0,0,0,0,0,0,613,0,0,0,0,0,0,0,0,0,8,0,0,0,0,0,0,0,0,0,0,1,0,0,1,0,0,0,0,0,0,3,0,0,0,0,0,0,0,0,0,3,0,815,0,0,0,0,0,0,0,0,1,0,0,0,0,0,0,0,0,0,0,4,0,0,0,0,0,0,0,0,0,11,0,0,0,0,0,0,0,0,0,0,0,0,655
4fa1f734-423d-4858-9681-74f83ddd9302,ROCK,5,0,0,0,3,0,0,0,0,14,20,0,0,0,0,1,0,0,0,0,0,3,0,7,2,0,0,0,0,0,0,0,0,0,0,0,0,0,0,0,0,0,0,640,0,0,0,0,0,0,0,0,0,21,0,0,0,0,0,0,0,0,0,0,0,0,0,0,0,0,0,0,0,8,5,0,0,0,16,0,0,0,0,0,0,0,832,0,0,0,0,0,0,0,0,0,2,0,0,0,8,0,0,0,0,0,0,0,1,0,29,2,0,0,0,0,4,0,0,0,0,0,0,0,0,2,0,2,0,691
6fb5fa9f-8d21-4b86-b5c7-7b7d0a0498c5,SCISSORS,6,0,0,0,5,0,0,0,0,1,10,0,0,0,0,0,0,0,0,0,0,4,0,6,0,0,0,0,0,0,0,0,0,0,0,0,0,0,0,0,0,0,0,653,0,0,0,0,0,0,0,0,0,9,0,0,0,0,0,0,0,0,0,0,0,0,0,0,0,0,0,0,0,2,8,0,0,0,1,0,0,2,3,0,1,0,845,0,0,0,0,3,0,0,0,1,1,0,0,0,0,0,0,0,0,0,0,0,1,0,7,4,0,0,0,0,9,0,0,0,0,0,0,0,0,0,0,0,0,714
76711cbe-08db-451a-88e1-2ab425e9136a,SCISSORS,6,0,0,0,15,0,0,0,0,0,20,0,3,0,0,0,0,0,0,0,0,14,0,16,1,0,0,0,0,0,0,0,0,0,0,0,0,0,0,0,0,0,0,683,0,0,0,0,0,0,0,0,0,31,0,0,0,7,0,0,0,0,0,1,4,1,0,1,0,0,0,0,0,5,11,0,0,0,7,0,0,0,0,0,1,0,895,0,0,0,0,10,0,0,0,0,2,0,0,0,0,0,0,0,0,0,0,0,14,0,18,3,0,0,0,0,22,0,0,0,0,0,0,0,0,0,0,0,0,755
bbef4161-9651-4877-9d74-2faee9c2a6ea,ROCK,7,0,0,0,6,0,0,0,0,4,3,0,3,0,0,0,0,0,0,0,0,10,1,6,0,0,0,0,0,0,3,0,0,0,0,0,0,0,15,0,0,0,0,703,0,3,0,0,0,0,0,0,0,16,0,1,0,0,0,0,0,0,0,0,17,1,0,2,0,0,0,0,0,2,3,0,0,0,6,0,0,0,0,0,0,0,931,0,0,0,0,0,0,0,0,1,0,0,0,2,0,0,0,0,0,0,0,0,0,1,27,1,0,0,0,0,16,0,0,0,0,0,0,0,0,0,0,3,0,777
e79f4367-057c-4d85-a92e-671ff23827d6,ROCK,7,0,0,0,6,0,0,0,0,12,21,0,7,0,0,0,0,0,0,0,0,5,0,7,1,0,0,0,0,0,0,0,0,0,0,5,0,0,0,0,0,0,0,731,0,0,0,0,0,0,0,0,0,22,0,0,0,0,0,0,0,0,0,0,12,0,0,1,0,0,0,0,0,1,18,0,0,0,10,0,0,0,0,0,0,0,950,0,0,0,0,0,0,0,0,0,0,0,0,0,1,0,0,0,0,0,0,0,5,0,14,2,0,0,0,0,32,0,0,0,0,0,1,0,1,0,0,8,0,805
3731698d-d36c-4e31-82ec-5da5f3f5b1e0,SCISSORS,7,0,0,0,0,0,0,0,0,1,0,0,0,0,0,0,0,0,0,0,0,0,0,9,0,0,0,0,0,0,0,0,0,0,0,0,8,0,0,0,0,0,0,734,0,0,0,0,0,0,0,0,0,12,0,0,0,0,0,0,0,0,0,1,0,0,0,0,0,0,0,0,0,0,2,0,0,0,0,0,0,0,3,0,0,0,963,0,0,0,0,0,1,0,0,0,3,0,0,0,0,0,0,0,0,0,2,0,0,0,5,0,0,0,0,0,7,0,0,0,0,0,0,0,0,0,0,0,0,822
fdc2b55b-38c2-4dfb-b2ed-72754288e2b6,SCISSORS,9,0,0,0,2,0,0,0,0,0,0,0,0,0,0,0,0,0,0,0,0,5,0,8,0,0,0,0,0,0,0,0,0,0,0,0,0,0,0,0,0,0,0,739,0,0,0,0,0,0,0,0,0,3,0,0,0,2,0,0,0,0,0,1,1,0,0,0,0,0,0,0,0,0,7,0,0,0,1,0,0,0,0,0,0,0,978,0,0,0,0,0,0,0,0,0,0,0,0,0,0,0,0,0,0,0,7,0,0,0,0,0,0,0,0,0,8,0,0,0,0,0,0,0,0,0,0,0,0,827
0644d8c7-5676-4213-97f6-c8a2d947bbdf,SCISSORS,7,0,0,0,0,0,0,0,0,0,12,0,1,0,0,0,0,0,0,0,0,0,12,0,0,0,0,0,0,0,0,0,1,0,0,0,0,0,0,0,0,0,0,0,0,4,0,0,0,0,0,0,0,0,0,8,0,0,0,0,0,0,0,0,0,0,0,0,0,0,0,0,0,0,0,0,0,7,0,0,0,0,0,0,0,0,0,11,0,0,15,0,0,0,0,0,0,0,0,0,0,0,0,0,0,0,0,0,0,0,0,11,1,5,0,0,3,0,0,0,0,5,1,0,0,0,0,0,0,0,0,0,0,0,0,10
1895b3d2-8457-40be-a527-063b967129bd,SCISSORS,5,0,0,0,0,0,0,0,0,0,11,0,0,0,0,0,0,0,0,0,0,0,14,0,0,2,0,0,0,0,0,0,0,0,0,0,0,0,0,0,0,0,0,0,0,28,0,0,0,0,0,0,0,0,0,9,0,0,0,0,1,0,0,0,0,0,0,1,0,0,0,0,0,0,0,0,0,11,0,0,0,0,0,0,1,4,0,0,0,0,31,0,0,0,0,0,0,0,0,0,0,0,0,0,0,0,1,0,0,0,0,0,0,3,0,9,7,0,0,0,0,2,0,0,0,0,0,0,0,0,0,5,0,0,0,30
42a93060-a6d0-45d1-8492-e9cbb4fe6652,SCISSORS,9,0,0,0,2,0,0,0,0,0,15,0,3,0,0,0,0,0,0,0,0,0,5,0,0,0,0,0,0,0,0,15,0,0,0,0,0,0,0,0,0,0,0,0,0,40,0,0,0,0,0,0,0,0,0,8,0,0,0,0,3,0,0,0,0,0,0,1,0,0,4,0,0,0,0,0,9,15,0,0,0,0,0,0,0,0,0,0,0,0,62,0,0,0,0,0,0,0,0,0,1,0,0,0,0,0,0,0,0,0,0,0,0,0,0,7,0,0,0,0,0,25,0,0,0,0,2,0,0,0,0,5,0,0,0,42
3a07d844-660c-446d-9538-257e37a1c696,SCISSORS,7,0,0,0,2,0,0,0,0,0,12,0,6,0,0,0,0,0,0,0,0,0,0,0,0,1,0,0,0,0,0,0,0,0,0,0,0,0,0,0,0,0,0,0,0,53,0,0,0,0,0,0,0,0,0,3,0,0,0,0,0,0,0,0,0,0,1,1,0,0,0,0,0,0,0,0,3,9,0,0,0,0,0,0,0,4,0,0,0,0,76,0,0,0,0,0,0,0,0,0,0,0,0,0,0,0,0,0,0,0,0,1,0,3,0,5,4,0,0,0,0,3,0,0,0,0,0,0,0,0,0,5,0,0,0,54
e5198379-1467-449a-8fe0-37463571f7f7,SCISSORS,7,0,0,0,1,0,0,0,0,0,1,0,0,0,0,0,0,0,0,0,0,0,1,7,0,0,0,0,0,0,0,0,0,0,0,0,6,0,0,0,0,0,0,0,0,60,0,0,0,0,0,0,0,0,0,4,0,0,0,0,4,0,0,0,0,0,0,1,0,0,0,0,0,0,0,0,0,6,0,0,0,1,0,0,0,0,0,0,0,0,86,0,0,0,0,0,0,0,0,0,0,0,0,0,0,0,0,0,0,0,0,0,0,0,0,0,0,0,0,0,0,9,0,0,0,0,0,0,0,0,0,7,0,0,0,61
b3d87765-8500-496c-8a8a-3509ea233dc7,SCISSORS,8,0,0,0,20,0,0,0,0,0,25,0,1,0,0,0,0,0,0,0,0,0,11,1,17,3,0,0,0,0,0,0,0,0,0,0,0,0,0,0,0,0,0,0,0,91,0,0,0,0,0,0,0,0,0,16,0,0,0,0,0,0,0,0,0,0,31,4,0,1,1,0,0,0,0,0,7,4,0,0,0,7,0,0,0,7,0,0,0,0,144,0,0,0,0,0,1,0,0,1,1,0,0,0,0,0,0,0,0,0,0,0,0,10,0,22,1,0,0,0,0,35,0,0,0,0,0,0,0,0,0,7,0,0,0,87
d88ab8a9-8cac-40ba-919d-5ab31a3d234d,PAPER,9,0,0,0,10,0,0,0,0,0,4,0,2,0,0,4,0,0,0,0,0,0,11,1,0,0,0,0,0,0,5,0,0,0,0,0,0,0,0,0,0,0,0,0,0,106,0,0,0,0,0,0,0,0,0,17,0,0,0,0,0,0,0,0,0,0,3,0,0,0,1,0,0,0,0,0,5,0,0,0,0,5,0,0,0,0,6,0,0,0,161,0,0,0,0,0,0,0,0,0,0,0,0,0,0,0,0,0,0,0,0,0,0,0,0,18,7,0,0,0,0,12,0,0,0,0,0,0,0,0,0,0,0,0,0,104
67740472-327a-424b-b707-e6f6535c57ea,SCISSORS,9,0,0,0,12,0,0,0,0,0,12,0,6,0,0,0,0,0,0,0,0,0,13,0,0,0,0,0,0,0,0,0,0,0,0,0,0,0,0,0,0,0,0,0,0,118,0,0,0,0,0,0,0,0,0,8,0,0,0,0,6,0,0,0,0,0,14,4,0,0,1,0,0,0,0,0,3,1,0,0,0,3,0,0,0,0,0,3,0,0,192,0,0,0,0,0,1,0,0,0,2,0,0,0,0,0,0,0,0,0,0,0,0,0,0,4,8,0,0,0,0,18,0,0,0,0,0,0,0,0,0,10,0,0,0,119
d6ea87e0-2941-4114-851d-b6ae1231345d,PAPER,9,1,0,0,19,0,0,0,0,0,5,0,6,0,0,0,0,0,0,0,0,0,3,0,17,0,0,0,0,0,0,0,0,0,0,0,0,0,0,0,5,2,1,0,0,136,0,0,0,0,0,0,0,0,0,19,0,0,0,0,0,0,0,0,0,0,13,0,0,0,0,3,0,0,0,0,15,2,0,0,0,1,0,0,0,0,6,0,0,0,218,0,0,0,0,0,0,0,0,0,0,0,0,0,0,0,0,0,0,0,0,0,0,7,0,25,0,0,0,0,0,26,0,0,0,0,0,0,0,0,0,1,0,0,0,139
f84a3621-e824-41eb-b995-f4cacf2edb36,ROCK,8,0,0,0,0,0,1,0,0,4,0,0,0,0,0,0,0,0,0,0,0,0,0,0,16,0,0,0,0,0,0,0,11,0,0,0,0,0,0,0,0,0,0,0,0,150,0,0,0,0,0,0,0,0,0,10,0,0,0,0,0,0,0,0,0,0,5,11,0,0,2,0,0,0,0,0,2,1,0,0,0,1,0,0,0,0,0,0,0,0,233,0,0,0,0,0,0,0,0,0,1,0,0,0,0,0,0,0,0,0,0,0,0,2,0,13,0,0,0,0,0,13,0,0,0,0,0,0,0,0,3,0,0,0,0,150
8daf2cbd-cc5d-42eb-b714-8f1ab1e1a1b7,ROCK,8,0,0,0,0,0,0,0,0,7,0,0,0,0,0,0,0,0,0,0,0,0,0,0,0,0,0,0,0,0,0,0,8,0,0,0,0,0,0,0,0,0,0,0,0,157,0,0,0,0,0,0,0,0,0,0,0,2,0,0,0,0,0,0,0,0,3,4,0,0,0,0,0,0,0,0,6,0,0,0,0,0,0,0,0,0,0,0,0,0,243,0,0,0,0,0,0,0,0,0,0,0,0,0,0,3,0,0,0,0,0,0,0,0,0,5,1,0,0,0,0,6,0,0,0,0,0,0,0,0,0,0,0,0,0,162
a8f9e7a1-d39f-43d6-9e54-8a106ace9cd0,ROCK,9,0,0,0,0,0,0,0,0,16,3,0,1,0,0,0,0,0,0,0,0,0,1,0,10,0,0,0,0,0,0,0,4,0,0,0,0,0,0,0,0,0,0,0,0,175,0,0,0,0,0,0,0,0,0,12,0,0,0,0,0,0,0,0,0,0,7,9,0,0,0,0,0,0,0,0,7,0,0,0,0,0,0,0,0,0,0,0,0,0,255,0,0,0,0,0,0,0,0,0,0,0,0,0,0,0,0,0,0,0,0,0,0,1,0,4,0,0,0,0,0,24,0,0,0,0,0,0,0,0,6,0,0,0,0,172
39639586-4874-44f4-b428-f6d0ab192a53,SCISSORS,8,0,0,0,0,0,0,0,0,0,6,0,0,0,0,0,0,0,0,0,0,0,5,0,9,0,0,0,0,0,0,0,39,0,1,0,0,0,0,0,0,0,0,0,4,193,0,0,0,0,0,0,0,0,0,6,0,0,0,0,0,0,0,0,0,0,12,1,6,0,0,0,0,0,0,0,33,2,0,0,0,1,0,0,0,3,0,0,0,0,288,0,0,0,0,0,0,0,0,1,2,0,0,0,0,0,0,0,0,0,0,5,0,0,0,25,1,0,0,0,0,30,0,0,0,0,0,0,0,0,0,0,0,0,0,203
5a1f0642-c0e0-4afa-802f-eb8c6e1f63bb,PAPER,9,0,3,0,0,0,0,0,0,0,4,0,0,0,0,0,0,0,0,0,0,0,0,0,8,0,0,0,0,0,0,0,33,0,0,0,0,0,0,0,0,0,6,0,0,203,0,0,0,0,0,0,0,0,0,0,0,0,0,0,0,1,0,0,0,0,8,1,0,0,0,0,0,0,0,0,37,0,0,0,0,2,0,0,0,0,5,0,0,0,313,0,0,0,0,0,0,0,0,0,2,0,0,0,0,0,0,0,0,0,0,1,0,7,0,20,1,0,0,0,0,23,0,0,0,0,0,0,0,0,0,0,0,0,0,222
a8a03004-33e0-4bde-b613-db8ed76bcc76,SCISSORS,6,0,0,0,0,0,0,0,0,0,12,0,1,0,0,0,0,0,0,0,0,1,11,0,13,0,0,0,0,0,0,0,14,0,0,0,0,0,0,0,0,0,0,0,0,217,0,0,0,0,0,0,0,0,0,16,0,0,0,0,1,0,0,0,0,0,10,0,9,0,2,0,0,0,0,0,3,0,0,0,0,3,0,0,0,7,0,1,0,0,347,0,0,0,0,1,0,0,0,0,2,0,0,0,0,0,0,0,0,0,0,9,1,8,0,16,3,0,0,0,0,11,0,0,0,0,0,0,0,0,0,1,0,0,0,249
fe823d1f-678f-4147-b92b-56e3efe5d7a9,PAPER,9,0,0,0,0,0,0,0,0,0,11,0,0,0,0,4,0,0,0,0,0,0,1,0,0,0,0,0,0,0,0,0,19,0,0,0,0,0,0,0,0,0,1,0,0,236,0,0,0,0,0,1,0,0,0,0,0,0,0,0,0,0,0,0,0,0,13,0,0,0,0,0,0,0,0,1,13,3,0,0,0,0,0,0,0,0,5,0,0,0,366,0,0,0,0,0,0,0,0,0,11,0,0,0,0,0,0,0,0,0,0,2,0,7,0,1,1,0,0,0,0,14,0,0,0,0,0,0,0,0,0,0,0,0,0,261
0e1825b0-8ac0-4e84-b687-4f6c71a30a92,SCISSORS,7,0,0,0,0,0,0,0,0,0,0,0,0,0,0,0,0,0,0,0,0,0,5,0,3,0,0,0,0,0,0,0,1,0,0,0,0,0,0,0,0,0,0,0,0,239,0,0,0,0,0,0,0,0,0,4,0,0,0,0,0,0,0,0,0,0,1,0,1,0,0,0,0,0,0,0,0,0,0,0,0,0,0,0,0,1,0,2,0,0,375,0,0,0,0,1,1,0,0,0,0,0,0,0,0,0,0,0,0,0,0,0,0,0,0,0,0,0,0,0,0,5,0,0,0,0,0,0,0,0,0,2,0,0,0,266
e58d960e-b3a1-4230-b70d-4a1d0d028c3a,ROCK,5,0,0,0,0,0,0,0,0,7,13,0,0,0,0,0,0,0,0,0,0,0,13,0,0,1,0,0,0,0,0,0,0,0,0,0,0,0,0,0,0,0,0,0,0,261,0,0,0,0,0,0,0,0,0,17,0,0,0,0,0,0,0,0,0,0,1,0,10,0,3,0,0,0,0,0,0,2,0,0,0,1,0,0,0,0,0,0,0,0,401,0,0,0,0,0,0,0,0,0,9,0,0,0,0,0,0,0,0,0,0,0,0,1,0,0,2,0,0,0,0,16,0,0,0,0,0,0,0,0,0,0,6,0,0,282
d7fa7c0d-96e4-424f-8501-2dd3763eda7e,ROCK,8,0,0,0,0,0,0,0,0,5,0,0,2,0,0,0,0,0,0,0,0,0,0,0,0,0,0,0,0,0,0,6,3,0,0,0,0,0,0,0,0,0,0,0,0,266,0,0,0,0,0,0,0,0,0,6,0,0,0,0,0,0,0,0,0,0,1,7,0,0,1,1,0,0,0,0,0,0,0,0,0,0,0,0,0,0,0,0,0,0,413,0,0,0,0,0,0,0,0,0,3,0,0,0,0,3,0,0,0,0,0,0,0,0,0,1,0,0,0,0,0,8,0,0,0,0,1,0,0,0,0,0,0,0,0,297
ec9bcc8a-08ee-4239-984e-10a70b51439d,SCISSORS,6,0,0,0,0,0,0,0,0,1,8,0,4,0,0,0,0,0,0,0,0,0,3,0,0,0,0,0,0,0,0,4,0,0,0,0,0,0,0,0,0,0,0,0,0,272,0,0,0,0,0,0,0,0,0,15,0,0,0,0,2,0,0,0,0,0,3,0,0,0,0,0,0,0,0,0,0,0,0,0,0,0,0,0,0,0,0,0,0,0,425,0,0,0,0,0,0,0,0,0,0,0,0,0,0,0,0,0,0,0,0,0,0,0,0,0,0,0,0,0,0,15,0,0,0,0,0,0,0,3,0,2,0,0,0,300
398456c9-2218-4f76-b22f-c4453cb45735,SCISSORS,6,0,0,0,0,0,0,0,0,0,10,0,1,0,0,0,0,0,0,0,0,0,0,7,0,0,0,0,0,0,0,0,1,0,0,0,0,0,0,0,0,0,0,0,0,279,0,0,0,0,0,0,0,0,0,8,0,0,0,0,5,0,0,0,0,0,4,0,1,0,0,0,0,0,0,0,0,1,0,0,0,0,0,0,0,0,0,0,0,0,438,0,0,0,0,0,0,0,0,1,0,0,0,0,0,0,0,0,0,0,0,1,0,0,0,0,0,0,0,0,0,2,0,0,0,0,0,0,0,0,9,6,0,0,0,307
e56e3749-5d7c-4bbf-a6fe-42b28eac1baa,ROCK,5,0,0,0,0,0,1,0,0,15,11,0,0,0,0,0,0,0,0,0,0,0,7,0,0,1,0,0,0,0,0,1,0,0,0,0,0,0,0,0,1,0,0,0,0,302,0,0,0,0,0,0,0,0,0,10,0,0,0,0,0,0,0,0,0,0,1,0,17,0,0,0,0,0,0,0,1,8,0,0,0,0,0,0,0,0,0,0,0,0,459,0,0,0,0,0,0,0,0,0,0,0,0,0,0,0,0,0,0,0,0,0,1,4,0,9,2,0,0,0,0,6,0,0,0,0,0,0,0,0,1,0,14,0,0,329
96588810-2f01-4875-b9be-af69831cea81,ROCK,9,0,0,0,0,0,1,0,0,10,0,0,4,0,0,0,0,0,0,0,0,0,0,0,0,0,0,0,0,0,0,11,0,0,0,0,0,0,0,0,0,0,0,0,0,315,0,0,0,0,0,0,0,0,0,5,0,0,0,0,0,0,0,0,0,0,8,11,0,0,0,0,0,0,0,0,2,0,0,0,0,0,0,0,0,0,0,0,0,0,475,0,0,0,0,0,0,0,0,0,0,0,0,0,0,7,0,0,0,0,0,0,1,0,0,1,0,0,0,0,0,15,0,0,0,0,0,0,0,0,0,0,2,0,0,342
ab6ec2db-b042-4522-b466-e22a4b32b50a,SCISSORS,6,0,0,0,0,0,0,0,0,1,2,0,0,0,0,0,0,0,0,0,0,0,0,0,0,0,0,0,0,0,0,5,0,0,0,0,0,0,0,0,0,0,0,0,0,319,0,0,0,0,0,0,0,0,0,1,0,0,0,0,0,0,0,0,0,0,2,0,0,0,0,0,0,0,0,0,0,1,0,0,0,1,0,0,0,0,0,3,0,0,482,0,0,0,0,0,0,0,0,1,0,0,0,0,0,0,0,0,0,0,0,0,0,0,0,0,0,0,0,0,0,4,0,0,0,0,0,0,0,0,0,3,0,0,0,348
239b48a7-10ee-4c66-8ee6-8ff12fc0b53d,ROCK,7,0,0,0,0,0,0,0,0,2,9,0,0,0,0,0,0,0,0,0,0,0,0,0,0,0,0,0,0,0,0,15,0,0,0,0,0,0,0,0,0,0,0,0,0,326,0,0,0,0,0,0,0,0,0,0,0,0,0,0,0,0,0,0,0,0,12,0,5,0,0,0,0,0,0,0,6,2,0,0,0,1,0,0,0,0,0,0,0,0,508,0,0,0,0,0,0,0,0,0,0,0,0,0,0,0,0,0,0,0,0,0,0,0,0,9,0,0,0,0,0,10,0,0,0,0,0,0,0,0,2,5,0,0,0,353
e0a2485d-bc2d-4b26-8e87-a2e5b339d1d7,SCISSORS,5,0,0,9,0,0,0,0,0,0,20,0,7,0,0,0,0,0,0,0,0,0,10,0,0,3,0,0,0,0,6,15,0,0,0,0,0,0,0,0,0,0,0,0,0,354,0,0,0,0,0,0,0,0,0,38,0,0,0,0,0,0,0,0,0,0,6,0,0,0,0,0,0,0,0,0,6,0,0,0,0,11,0,0,0,8,0,1,0,0,540,0,0,0,1,0,0,0,0,0,1,0,0,0,0,0,0,0,0,0,0,0,1,6,0,41,5,0,0,0,0,6,0,0,0,0,0,0,0,0,0,9,0,0,0,379
0a2f1358-cc3e-4c0b-ac35-5ea9fc3c63c0,SCISSORS,5,0,0,0,0,0,0,0,0,0,7,0,2,0,0,0,0,0,0,0,0,0,6,0,0,0,0,0,0,0,0,0,0,0,0,0,0,0,0,0,0,0,0,0,0,360,0,0,0,0,0,0,0,0,0,2,0,0,0,0,5,0,0,0,0,0,5,0,0,0,2,0,0,0,0,0,0,1,0,0,0,0,0,0,0,0,0,0,0,0,553,0,0,0,0,5,0,0,0,0,0,0,0,0,0,0,0,0,0,0,0,0,0,3,0,5,2,0,0,0,0,0,0,0,0,0,0,0,0,0,0,0,0,0,0,390
45e7539b-b290-4da5-8f73-cb5e632f8fc0,ROCK,7,0,0,0,0,0,0,0,0,16,0,0,1,0,0,0,0,0,0,0,0,0,3,0,0,0,0,0,0,0,0,7,0,0,0,0,0,0,0,0,0,1,0,0,0,379,0,0,0,0,0,0,0,0,0,7,0,0,0,0,0,0,0,0,0,0,1,18,0,0,0,0,0,0,0,0,2,0,0,0,0,0,0,0,0,0,0,0,0,0,563,0,0,0,0,0,0,0,0,0,0,0,0,0,0,0,0,0,0,0,0,0,0,2,0,2,0,0,0,0,0,9,0,0,0,0,0,0,0,0,15,0,0,0,0,401
94385cf3-4a57-47b2-b465-a386acadeb0e,ROCK,6,0,0,0,0,0,1,0,0,15,0,0,0,0,0,0,0,0,0,0,0,0,3,0,1,0,0,0,0,0,0,2,0,0,0,0,0,0,0,0,0,1,0,0,0,398,0,0,0,0,0,0,0,0,0,4,0,0,0,0,0,0,0,0,0,0,1,0,17,0,1,0,0,0,0,0,0,0,0,0,0,0,0,0,0,0,0,0,0,0,574,0,0,0,0,0,0,0,0,0,0,0,0,0,0,12,0,0,0,0,0,0,0,0,0,3,0,0,0,0,0,4,0,0,0,0,0,0,0,0,4,0,0,0,0,422
39e3559e-6c71-4494-825e-5da342474ea9,PAPER,6,0,0,0,0,0,0,0,0,1,7,0,0,0,0,0,0,0,0,0,0,0,1,0,0,0,0,0,0,0,0,8,0,0,0,0,0,0,0,0,2,0,0,0,0,412,0,0,0,0,0,0,0,0,0,4,0,0,0,0,0,0,0,0,0,0,10,0,0,0,1,0,0,0,0,0,1,0,0,0,0,0,0,0,0,0,3,0,0,0,592,0,0,0,0,0,0,0,0,0,0,0,0,0,0,0,0,0,0,0,0,0,0,6,0,1,0,0,0,0,0,12,0,0,0,0,0,0,0,0,0,0,0,0,0,429
23e99fcd-1788-4b79-811f-d954cfec76e7,ROCK,7,0,0,0,0,0,0,0,0,8,0,0,4,0,0,0,0,0,0,0,0,0,20,0,6,0,0,0,0,0,0,0,3,0,0,0,0,0,0,0,0,1,0,0,0,430,0,0,0,0,0,0,0,0,0,27,0,0,0,0,0,0,0,0,0,0,3,1,9,0,2,0,0,0,0,0,0,0,0,0,0,0,0,0,0,0,0,0,0,0,615,0,0,0,0,0,0,0,0,0,1,0,0,0,0,0,0,0,0,0,0,0,0,1,0,7,0,0,0,1,0,24,0,0,0,0,0,0,0,0,1,0,7,0,0,439
71d28641-d41f-4fb3-9ac8-c55ab4843b2c,SCISSORS,6,0,0,0,0,0,0,0,0,3,12,0,1,0,0,0,0,0,0,0,0,0,9,0,0,0,0,0,0,0,0,0,0,0,0,0,0,0,0,0,0,0,0,0,0,441,0,0,0,0,0,0,0,0,0,14,0,0,0,0,0,0,0,0,0,0,6,0,0,0,0,0,0,0,0,0,2,1,0,0,0,0,0,0,0,2,0,0,0,0,624,0,0,0,0,2,0,0,0,0,0,0,0,0,0,0,0,0,0,0,0,3,0,0,0,5,3,0,0,0,0,12,0,0,0,0,0,0,0,0,0,0,0,0,0,451
4436ba9c-0afd-406f-85b1-4f1152e554df,ROCK,5,0,0,0,0,0,0,0,0,3,27,0,5,0,0,0,0,0,0,0,0,1,12,1,0,1,0,0,0,0,0,0,9,0,0,0,0,0,0,0,0,0,0,0,0,470,0,0,0,0,0,0,0,0,0,24,0,0,0,0,0,0,0,0,0,0,12,6,0,0,4,0,0,0,0,0,5,0,0,0,0,7,0,0,1,0,0,0,0,0,651,0,0,0,0,0,0,0,0,0,2,0,0,0,0,0,0,0,0,0,0,0,1,6,0,30,8,0,0,0,0,10,0,0,0,0,0,0,0,0,0,0,2,0,0,487
d91cc4c4-b5d1-40d7-928e-593e03da67f3,PAPER,9,0,0,0,0,0,0,0,0,1,1,0,0,0,0,6,0,0,9,0,0,0,1,0,5,0,0,0,0,0,0,0,8,0,0,0,0,0,0,0,0,0,0,0,0,480,0,0,0,0,0,0,0,0,0,3,0,0,0,0,0,0,0,0,0,0,7,4,0,0,0,0,0,0,0,0,7,0,0,0,0,2,0,0,1,0,7,0,0,0,667,0,0,0,0,0,0,0,0,0,0,0,0,0,0,0,0,0,0,0,0,1,7,0,0,7,0,0,0,0,0,16,0,0,0,0,0,0,0,0,0,0,0,0,0,499
40ff10ec-aa7f-4f4b-9e77-c3a2156b973a,PAPER,6,0,0,0,0,0,0,0,0,0,15,0,3,0,0,0,0,0,0,0,0,0,12,0,8,1,0,0,0,0,0,0,13,0,1,0,0,0,0,0,5,0,1,0,0,504,0,0,0,0,0,0,0,0,0,26,0,0,0,0,0,1,0,0,0,0,10,0,7,0,1,0,0,0,0,0,6,1,0,0,0,1,0,0,0,0,6,0,0,0,701,0,0,0,0,0,0,0,0,0,0,0,0,0,0,0,0,0,0,0,0,11,1,8,0,20,2,0,0,0,0,17,0,0,0,0,0,0,0,0,0,0,0,0,0,523
c55d4562-e80a-41dd-8769-64e00084cac5,PAPER,5,0,0,0,0,0,0,0,0,0,39,0,1,0,0,0,0,0,0,0,0,0,0,0,1,1,0,0,0,0,0,11,0,0,0,0,0,0,0,0,0,0,1,0,0,525,0,0,0,0,0,0,0,0,0,20,0,0,0,0,0,0,0,0,0,0,26,0,0,0,0,0,0,0,0,0,4,2,0,0,0,0,0,0,0,0,2,0,0,0,728,0,0,0,0,0,0,0,0,0,1,0,0,0,0,0,0,0,0,0,0,1,0,15,0,20,17,0,0,0,0,0,0,0,0,0,0,0,0,0,0,0,0,0,0,542
fd17dca4-3f36-4fa3-8be7-2f2c13891808,SCISSORS,6,0,0,0,0,0,0,0,0,0,8,0,4,0,0,0,0,0,0,0,0,0,7,0,3,0,0,0,0,0,0,0,1,0,0,0,0,0,0,0,0,0,0,0,0,532,0,0,0,0,0,0,0,0,0,8,0,0,0,0,0,0,0,0,0,0,6,0,3,0,1,0,0,0,0,0,0,1,0,0,0,0,0,0,0,4,0,0,0,0,743,0,0,0,0,7,0,0,0,0,0,0,0,0,0,0,0,0,0,0,0,4,1,6,0,0,4,0,0,0,0,1,0,0,0,0,0,0,0,0,0,0,0,0,0,552
ef2c2951-9fae-43bc-bd98-55b172a072a2,ROCK,7,0,0,0,0,1,0,0,0,8,0,0,0,0,0,0,0,0,0,0,0,0,0,0,7,0,0,0,0,0,0,0,3,0,0,0,0,0,0,0,0,0,0,0,0,545,0,0,0,0,0,0,0,0,0,3,0,0,0,0,0,0,0,0,0,0,4,0,11,0,1,0,0,0,0,0,0,0,0,0,0,0,0,0,0,0,0,0,0,0,751,0,0,0,0,0,0,0,0,0,1,0,0,0,0,0,0,0,0,0,0,1,0,2,0,2,0,0,0,0,0,6,0,0,0,0,0,0,0,0,0,0,7,0,0,563
93565673-a7ae-471c-88d0-4c5593d9d457,SCISSORS,7,0,0,0,0,0,0,0,0,1,4,0,0,0,0,0,0,0,0,0,0,0,4,0,0,0,3,0,0,0,0,0,0,0,0,0,0,0,0,0,0,0,0,0,0,550,0,0,0,0,0,0,0,0,0,6,0,0,0,0,0,0,0,0,0,0,4,0,0,0,0,0,0,0,0,0,0,0,0,0,0,0,0,0,0,0,0,2,0,0,762,0,0,0,0,2,0,0,0,0,0,0,0,0,0,0,0,0,0,0,0,1,0,0,0,0,0,0,0,0,0,9,0,0,0,0,0,0,0,0,0,0,0,0,0,566
a4ddfde6-07a5-4373-8ed3-14e32941d00e,SCISSORS,9,0,0,0,0,0,0,0,0,0,10,0,3,0,0,0,0,0,0,0,0,0,0,0,0,0,0,0,0,0,0,0,10,0,0,0,0,0,0,4,0,0,0,0,0,555,0,0,0,0,0,0,0,0,0,0,0,0,0,0,0,0,0,0,0,0,11,0,0,0,0,0,0,0,0,0,13,0,0,0,0,0,0,0,0,3,0,0,0,0,777,0,0,0,0,3,0,0,0,0,0,0,0,0,0,0,0,0,0,0,0,2,2,4,0,9,3,0,0,0,0,4,0,0,0,0,0,0,0,0,0,0,0,0,0,592
93f13628-81ab-41a9-a307-c5eb38de2a56,SCISSORS,8,0,0,0,0,0,0,0,0,0,4,0,0,0,0,0,0,0,0,0,0,0,6,0,0,1,0,0,0,0,0,0,8,0,0,0,0,0,0,0,1,0,0,0,0,563,0,0,0,0,0,0,0,0,0,3,0,0,0,0,4,0,0,0,0,0,8,0,1,0,0,0,0,0,0,0,3,0,0,0,0,1,0,0,0,0,0,0,0,0,794,0,0,0,0,6,0,0,0,0,0,0,0,0,0,0,0,0,0,0,0,2,0,0,2,1,4,0,0,0,0,5,0,0,0,0,0,0,0,0,0,0,0,0,0,604
78123621-c9bc-4fde-a740-d80a8ff79f23,PAPER,9,0,0,0,0,0,0,0,0,0,4,0,0,0,0,0,0,0,0,0,0,0,1,0,11,0,0,0,0,0,0,0,6,0,0,0,0,0,0,0,0,0,2,0,0,578,0,0,0,0,0,0,0,0,0,4,0,0,0,0,0,0,0,0,0,0,6,7,1,0,1,0,0,0,0,0,0,0,0,0,0,2,0,0,0,0,3,0,0,0,812,0,0,0,0,0,0,0,0,0,1,0,0,0,0,0,0,0,0,0,0,1,0,6,0,10,0,0,0,0,0,6,0,0,0,0,0,0,0,0,0,0,0,0,0,618
81af4f84-ae38-46eb-9d88-905bea922ab9,SCISSORS,9,0,0,0,0,0,0,0,0,0,6,0,0,0,0,0,0,0,0,0,0,0,9,0,0,0,0,0,0,0,0,14,0,0,0,0,0,0,0,0,0,0,0,0,0,584,0,0,0,0,0,0,0,0,0,1,0,0,0,0,0,0,0,0,0,0,11,1,0,0,0,0,0,0,0,0,9,0,0,0,0,0,0,0,0,6,0,1,0,0,828,0,0,0,0,7,1,0,0,0,0,0,0,0,0,0,0,0,0,0,0,3,1,4,0,7,1,0,0,0,0,3,0,0,2,0,0,0,0,0,0,0,0,0,0,635
ef21cc87-2d21-4052-a36c-29d027f55178,SCISSORS,7,0,0,0,0,0,0,0,0,0,5,0,2,0,0,0,0,0,0,0,0,0,8,0,4,0,0,0,0,0,0,0,22,0,0,0,0,0,0,0,0,0,0,0,0,592,0,0,0,0,0,0,0,0,0,6,0,0,0,0,1,0,0,0,0,0,6,10,0,0,1,0,0,0,0,0,10,0,0,0,0,1,0,0,0,0,0,6,0,0,856,0,0,0,0,7,0,0,0,0,0,0,0,0,0,0,1,0,0,0,0,1,1,4,0,18,1,0,0,0,0,8,0,0,0,0,0,0,0,0,0,0,0,0,0,656
e4cfb07f-5a03-4c36-b1d2-6de45130071f,SCISSORS,6,0,0,0,0,0,0,0,0,0,11,0,0,0,0,0,0,0,0,0,0,0,12,0,0,1,0,0,0,2,0,0,0,0,0,0,0,0,0,0,0,0,0,0,0,602,0,0,0,0,0,0,0,0,0,5,0,0,0,0,8,0,0,0,0,0,1,1,0,0,0,0,0,0,0,0,1,7,0,0,0,3,0,0,0,0,0,0,0,0,875,0,0,0,0,0,0,0,0,0,0,0,1,0,0,0,0,0,0,0,0,12,0,0,0,2,1,0,0,0,0,9,0,0,0,0,0,0,0,0,0,1,0,0,0,669
744cae0e-f3cf-4f9f-8c36-b45c405177c8,SCISSORS,6,0,0,0,0,0,0,0,0,0,10,0,11,0,0,0,0,0,0,0,0,0,10,0,0,0,0,0,0,9,0,0,0,0,0,0,0,0,0,0,0,0,0,0,0,610,0,0,0,0,0,0,0,0,0,18,0,0,0,0,0,0,0,0,0,0,0,1,0,0,0,0,0,0,0,0,11,4,0,0,0,0,0,0,0,5,0,1,0,0,889,0,0,0,0,0,0,0,0,0,0,0,0,0,0,0,0,0,0,0,0,13,0,3,0,13,3,0,0,0,0,1,0,0,0,0,0,0,0,0,0,7,0,0,0,684
1923e8b1-2dfa-4cc7-ac0a-90d5c9a713d6,PAPER,6,0,0,0,0,0,0,0,0,0,8,0,0,0,0,0,0,0,0,0,0,0,0,0,0,0,0,0,0,0,0,0,0,0,0,0,0,0,0,0,9,0,0,0,1,622,0,0,0,0,0,0,0,0,0,0,0,0,0,0,0,0,0,0,0,0,5,0,0,0,0,0,0,0,0,0,2,0,0,0,0,2,0,0,0,0,9,0,0,0,903,0,0,0,0,0,0,0,0,0,1,0,0,0,0,0,0,0,0,0,0,0,0,10,0,4,2,0,0,0,0,0,0,0,0,0,0,0,0,0,0,1,0,0,0,691
6822fbd2-fdc2-49d0-8f83-b3a79df74005,SCISSORS,7,0,0,0,0,0,0,0,0,0,1,0,8,0,0,0,0,0,0,0,0,0,3,0,0,0,0,0,0,1,0,0,0,0,0,0,0,0,0,0,0,0,0,0,0,629,0,0,0,0,0,0,0,0,0,10,0,0,0,0,1,0,0,0,0,0,2,0,0,0,0,0,0,0,0,0,0,0,0,0,0,0,0,0,0,0,0,0,0,0,915,0,0,0,0,0,0,0,0,0,0,0,0,0,0,0,0,0,0,0,0,4,0,0,0,1,0,0,0,0,0,7,0,0,0,0,0,0,0,0,0,1,0,0,0,698
fb9d253d-f65f-4d15-b746-10cd112e9b29,PAPER,5,0,0,0,0,0,0,0,0,0,21,0,0,0,0,0,0,0,0,0,0,0,2,0,0,3,0,0,0,0,0,19,0,0,0,0,0,0,0,0,1,0,3,0,0,661,0,0,0,0,0,0,0,0,0,29,0,0,0,0,0,0,0,0,0,0,0,7,0,0,1,0,0,0,0,0,0,2,0,0,0,4,0,0,0,0,6,0,0,0,945,0,0,0,0,0,0,0,0,0,3,0,0,0,0,0,0,0,0,0,0,11,0,6,0,15,3,0,0,0,0,11,0,0,0,0,0,0,0,0,0,0,0,0,0,723
63c282e1-4b98-4f43-bea3-52ad63629c21,PAPER,6,0,0,0,0,0,0,0,0,0,17,0,0,0,0,1,0,0,0,0,0,0,1,0,0,2,0,0,0,0,0,0,1,0,0,0,0,0,0,0,0,0,0,0,0,676,0,0,0,0,0,0,0,0,0,3,0,0,0,0,0,0,0,0,0,0,2,0,0,0,0,0,0,0,0,0,2,13,0,0,0,0,0,0,0,0,2,0,0,0,969,0,2,0,0,0,0,0,0,0,0,0,0,0,0,0,0,0,0,0,0,1,0,6,0,3,7,0,0,0,0,3,0,0,0,0,0,0,0,0,0,0,0,0,0,734
f7d1c539-694d-4aa9-bee6-7400c72146a6,SCISSORS,8,0,0,0,0,0,0,0,0,0,15,0,0,0,6,0,0,0,0,0,0,0,7,0,3,1,0,0,0,0,0,0,1,0,0,0,2,0,0,0,0,0,0,0,0,15,0,0,0,0,0,0,0,0,0,10,0,0,0,0,1,0,0,0,0,0,2,1,0,0,0,0,0,0,0,0,9,8,0,0,0,0,0,0,0,0,0,4,0,0,24,0,0,0,0,0,0,0,0,0,0,0,8,3,0,0,0,0,0,0,0,4,0,2,0,8,1,0,0,0,0,2,4,0,0,0,0,0,0,0,0,0,0,3,0,23
fdda364f-a693-4d09-87ed-d0d665eb035f,SCISSORS,8,0,0,0,8,0,0,0,0,0,20,0,0,0,0,0,0,0,0,0,0,0,4,0,16,1,0,0,0,0,0,0,0,0,0,0,0,0,0,0,0,0,0,0,0,123,0,0,0,0,0,0,0,0,0,18,0,0,0,0,0,0,0,0,0,0,1,7,0,0,1,0,0,0,0,0,0,14,0,0,0,5,0,0,0,3,0,0,0,0,165,0,0,0,0,0,0,0,0,0,0,0,0,3,0,0,0,0,0,0,0,2,0,3,0,22,2,0,0,0,0,17,0,0,0,0,0,0,0,0,0,0,0,0,0,121
e955597a-4cd6-477e-a4e6-76dcfb134d0d,SCISSORS,9,0,0,0,22,0,0,0,0,0,18,0,0,0,0,0,0,0,0,0,0,0,11,0,23,2,0,0,0,0,0,0,0,0,0,0,6,0,0,0,0,0,0,0,0,154,0,0,0,0,0,0,0,0,0,21,0,0,0,0,0,0,0,0,0,0,0,5,0,0,2,0,0,0,0,0,9,21,0,0,0,15,0,0,0,0,0,9,0,0,218,0,0,0,0,0,0,0,0,1,1,0,1,1,1,0,0,0,0,0,0,4,1,6,0,24,0,0,0,0,0,34,0,0,0,0,0,0,0,0,0,0,0,8,0,153
3675285d-0321-48e9-b817-2eb8a8639e82,PAPER,9,0,0,0,1,0,0,0,0,0,2,0,0,0,0,0,0,0,0,0,0,0,0,0,0,0,0,0,0,0,0,20,0,0,0,0,0,0,0,0,0,0,2,0,0,161,0,0,0,0,0,0,0,0,0,0,0,0,1,0,0,0,0,0,0,0,1,0,0,0,0,0,0,0,0,0,16,6,0,0,0,0,0,0,0,0,0,0,1,0,235,0,0,0,0,0,0,0,0,1,1,0,0,0,0,0,0,0,0,0,0,3,0,3,0,5,0,0,0,0,0,12,0,0,0,0,0,0,0,0,0,0,0,0,0,159
79fca749-c1e5-4139-8dfd-cdf85d5eeda6,PAPER,5,0,0,0,0,0,0,0,0,0,9,0,0,0,0,3,0,0,0,0,0,0,6,1,0,0,0,0,0,0,0,0,1,0,0,0,3,0,0,0,0,0,1,0,0,178,0,0,0,0,0,0,0,0,1,15,0,0,3,0,0,0,0,0,0,0,0,0,0,0,2,0,0,0,0,0,1,2,0,0,0,0,0,0,0,0,0,0,0,0,253,0,0,0,0,0,0,0,0,0,0,0,0,0,0,0,0,0,0,0,0,9,0,4,0,10,0,0,0,0,0,1,0,0,0,0,0,0,0,0,0,0,0,0,0,172
ba1de898-2c32-4e7a-bcbd-923e9937ce48,PAPER,8,0,0,0,0,0,0,0,0,0,2,12,0,0,0,0,0,0,0,0,0,0,1,0,0,0,0,0,0,0,0,0,0,0,0,0,1,0,0,0,0,0,3,0,0,185,0,0,0,0,0,0,0,0,0,0,0,0,0,0,0,0,0,0,0,0,1,0,0,0,0,0,0,0,0,0,10,3,0,0,0,0,0,0,0,0,0,0,5,0,267,0,0,0,0,0,0,0,0,0,0,0,0,0,0,0,0,0,0,0,0,2,0,6,0,7,0,0,0,0,0,4,0,0,0,0,0,0,0,0,0,0,0,0,0,181
51b01865-a37a-4bcc-8e11-7abe78cee2ce,SCISSORS,7,0,0,0,0,0,0,0,0,0,7,0,0,0,0,0,0,0,0,0,0,0,0,0,8,1,0,0,0,0,0,0,0,0,0,0,6,0,0,0,0,0,0,0,10,200,0,0,0,0,0,0,0,0,0,11,0,0,0,0,0,0,0,0,0,0,6,0,0,0,0,0,0,0,0,3,0,2,0,0,0,4,0,0,0,6,0,0,0,0,289,0,0,0,0,0,0,0,0,0,1,0,0,6,0,0,0,0,0,0,0,1,0,0,0,10,5,0,0,0,0,9,0,0,0,0,0,0,0,0,0,0,0,0,0,205
9ab740a8-1444-4bbf-adca-f8a4775a2c00,PAPER,9,0,0,0,0,0,0,0,0,0,2,0,0,0,8,6,0,0,0,0,0,0,1,0,4,0,0,0,0,0,0,0,0,0,0,0,0,0,0,0,0,0,1,0,0,214,0,0,0,0,0,0,0,0,0,0,0,0,8,0,0,0,0,0,0,0,2,3,0,0,0,0,0,0,0,0,8,0,0,0,0,1,0,0,0,0,0,0,0,0,311,0,0,0,0,0,0,0,0,0,0,0,0,0,0,0,0,0,0,0,0,8,0,8,0,5,0,0,0,0,0,1,0,0,0,0,0,0,0,0,0,0,0,0,0,214
0f6f7e63-a5d6-4e59-9340-fa5658802c7d,SCISSORS,6,0,0,0,0,0,0,0,0,0,9,0,0,0,0,0,0,0,0,0,0,0,7,0,0,0,0,0,0,2,0,0,0,0,0,0,0,0,0,0,0,0,0,0,0,220,0,0,0,0,0,0,0,0,0,8,0,0,0,0,3,0,0,0,0,0,5,0,0,0,0,0,0,0,0,0,1,1,0,0,0,0,0,0,0,0,0,0,0,0,327,0,0,0,0,0,0,0,0,0,0,0,0,0,0,0,0,0,0,0,0,1,0,0,0,1,0,0,0,0,0,13,0,0,0,0,0,0,0,0,0,0,0,3,0,222
6e673b8d-5c05-4cc8-9007-e358f8802d36,ROCK,8,0,0,0,0,0,0,0,0,0,0,0,0,5,0,0,0,0,0,0,0,0,0,0,10,0,0,0,0,4,0,0,0,0,0,0,0,0,0,0,0,0,0,3,0,240,0,0,0,0,0,0,0,0,0,6,0,0,0,0,0,0,0,0,0,0,2,0,8,0,1,0,0,0,0,0,4,1,0,0,0,0,0,0,0,0,0,0,0,0,338,0,0,0,0,0,0,0,0,0,0,0,0,0,0,7,0,0,0,0,0,3,0,1,0,1,0,0,0,0,0,10,0,0,0,0,0,0,0,0,0,0,0,0,0,229
62091782-e106-4276-86e7-aa98bfcdcd68,ROCK,9,0,0,0,0,0,0,0,0,0,10,0,0,0,0,0,0,0,1,0,0,0,2,1,29,0,0,0,0,10,0,0,0,0,0,14,0,0,0,0,0,0,0,7,0,262,0,0,0,0,0,0,0,0,0,24,0,0,0,0,0,0,0,0,0,0,15,10,1,0,4,0,0,0,0,0,15,0,0,0,0,5,0,0,0,0,0,0,0,0,383,0,1,0,0,0,0,0,0,0,1,0,0,0,0,6,0,0,0,0,0,1,0,1,0,26,0,0,0,0,0,36,0,0,0,0,0,0,0,0,0,2,0,0,0,258
1699ba93-06d1-4653-be3a-cdfc196d3811,SCISSORS,6,0,0,0,0,0,0,0,0,0,23,0,0,0,0,0,0,0,5,0,0,0,0,0,9,1,0,0,0,10,0,0,0,0,0,0,7,0,0,0,0,0,0,0,0,286,0,0,0,0,0,0,0,0,0,19,0,0,0,0,0,0,0,0,0,0,11,8,0,0,1,0,0,0,0,4,4,2,0,0,0,1,0,0,0,1,0,4,0,0,419,2,0,0,0,0,0,0,0,0,1,0,0,6,0,0,0,0,0,0,0,2,1,3,0,19,7,0,0,0,0,14,0,0,0,0,0,0,0,0,0,0,0,0,0,281
faf71840-1c56-4ce6-aa25-dff0c7ae6ab3,SCISSORS,5,0,0,0,0,0,0,0,0,0,19,0,8,0,0,0,0,0,0,0,0,0,15,0,6,2,0,0,0,3,0,0,0,0,0,0,0,0,0,0,0,0,0,0,0,308,0,0,0,0,0,0,0,0,0,20,0,0,0,0,0,0,0,0,0,0,11,1,0,0,2,0,0,0,0,0,0,1,0,0,0,7,0,0,0,10,0,1,0,0,456,0,0,0,0,1,0,0,0,0,0,0,0,0,0,0,0,0,0,0,0,9,0,0,0,17,8,0,0,0,0,7,0,0,0,0,0,0,0,0,0,1,0,10,0,309
38ac9415-ac17-4a67-b681-40b1a3e3b89a,ROCK,5,0,0,0,0,0,0,0,0,0,34,0,0,3,0,0,0,0,0,0,0,0,0,0,0,1,0,0,0,5,0,0,0,0,0,0,0,0,0,0,0,0,0,0,0,323,0,0,0,0,0,0,0,0,0,3,0,0,0,0,0,0,0,0,0,0,19,0,0,0,0,0,0,0,0,0,17,1,0,0,0,3,0,0,0,0,0,0,0,0,479,0,0,0,0,0,0,0,0,0,3,0,0,0,0,0,0,0,0,0,0,0,0,1,0,29,5,0,0,0,1,2,0,0,0,0,0,0,0,0,0,0,2,0,0,335
38b3b8bf-7fb9-448c-94a9-8382416d4b49,SCISSORS,7,0,0,0,0,0,0,0,0,0,10,0,8,0,0,0,0,0,0,0,0,0,7,1,3,0,0,0,0,7,0,0,0,0,0,0,0,0,0,0,0,0,0,0,0,334,0,0,0,0,0,0,0,0,0,14,0,0,0,0,3,0,0,0,0,0,1,0,0,0,2,0,0,0,0,0,6,8,0,0,0,0,0,0,0,1,0,1,0,0,503,0,0,0,0,5,0,0,0,0,0,0,0,0,0,0,0,0,0,0,0,9,2,3,0,14,2,0,0,0,0,1,0,0,0,0,0,0,0,0,0,0,0,0,0,361
44bd580c-9ea4-40e9-ace7-735d632db2d8,ROCK,9,0,0,0,0,0,0,0,0,0,0,0,0,6,0,0,1,0,0,0,0,2,0,0,10,0,0,0,0,3,0,0,0,0,0,0,0,0,0,0,0,0,0,0,0,351,0,0,0,0,0,0,0,0,0,9,0,0,0,0,0,0,0,0,0,0,0,9,0,0,0,0,0,0,0,0,1,3,0,0,0,0,0,0,0,0,0,0,0,0,510,0,0,0,0,0,0,0,0,0,0,0,0,0,0,1,0,0,0,0,0,1,0,1,0,3,0,0,0,0,0,9,0,0,0,0,0,0,0,0,0,0,7,0,0,372
4f58b61d-396b-4bcf-9025-9f658b7ef627,SCISSORS,8,0,0,0,0,0,0,0,0,0,32,0,15,0,0,0,0,0,0,0,0,0,8,0,0,1,0,0,0,16,0,0,0,0,0,0,0,0,0,0,0,0,0,0,0,371,0,4,0,0,0,0,0,0,0,17,0,0,0,0,0,0,0,0,0,0,0,13,2,0,1,0,0,0,0,0,3,23,0,0,0,3,0,0,0,0,0,6,0,0,548,0,0,0,0,0,0,0,0,0,0,0,0,0,0,0,1,0,0,0,0,1,1,12,0,31,11,0,0,0,0,8,0,0,0,0,0,0,0,0,0,7,0,0,0,409
d72f6df5-3f72-45f8-87e8-131ff687f416,SCISSORS,8,0,3,0,0,0,0,0,0,0,20,3,2,0,0,0,0,0,0,0,0,0,8,0,2,3,0,0,0,15,0,0,0,0,4,0,0,0,0,0,0,0,0,0,0,396,0,0,0,0,0,0,0,0,0,8,0,0,0,0,6,0,0,0,0,0,23,1,0,0,1,0,0,0,0,0,6,2,0,0,0,7,0,0,5,0,0,1,0,0,589,0,0,0,0,0,0,0,0,0,1,0,0,1,0,0,0,0,0,0,0,11,1,14,0,15,1,0,0,0,0,13,0,0,0,0,0,0,0,0,0,3,0,0,0,443
d46e5be8-d308-41b9-b160-ccbb95121dfe,PAPER,11,0,0,0,0,0,0,0,0,0,62,0,0,0,0,0,0,0,0,0,0,0,0,0,49,2,0,0,0,120,0,0,55,0,0,0,0,0,0,0,63,0,2,0,0,16,0,0,0,0,1,0,0,0,0,17,0,0,0,0,0,0,0,0,0,0,161,0,0,0,2,0,0,0,0,0,53,61,0,0,0,36,0,0,0,0,0,0,22,0,38,0,0,0,0,0,0,0,0,0,7,0,0,0,0,0,0,0,0,0,0,0,0,66,0,38,11,0,0,0,0,138,93,0,0,0,0,0,0,0,0,0,0,0,0,16
119c1297-1112-4125-9cc6-5a4a6c69dc97,SCISSORS,8,0,0,0,0,0,0,0,0,0,103,5,0,0,0,0,0,0,0,0,0,0,83,0,107,8,0,0,0,0,0,150,169,0,0,0,0,0,0,0,61,0,0,0,0,49,0,0,0,0,0,0,0,0,0,74,0,0,0,0,1,0,0,0,0,0,259,36,0,0,4,0,0,0,0,0,218,14,0,0,0,41,0,0,0,0,0,39,0,0,94,0,0,0,0,44,1,0,0,1,7,0,0,0,0,0,0,0,0,0,0,104,0,88,0,144,32,0,0,0,0,253,0,0,0,0,0,0,0,0,12,0,0,0,0,46
c84fe7d9-cacb-4796-95e0-d8807f456962,PAPER,15,0,0,0,0,0,0,0,0,1,45,0,2,0,0,1,0,0,0,0,0,0,76,0,125,4,0,0,0,0,0,0,310,0,0,0,0,0,0,0,3,0,24,0,0,85,0,0,0,0,0,0,0,0,0,105,0,0,30,0,0,2,0,0,0,0,158,39,0,0,7,0,0,0,0,0,201,5,0,0,0,44,0,0,0,0,0,0,0,0,139,0,0,0,0,0,0,0,0,0,8,0,0,0,0,0,0,0,0,0,0,127,2,74,0,175,5,0,0,0,0,200,0,0,0,0,0,0,0,0,0,0,0,0,0,73
f4f29baa-28f0-466d-9747-4afbac91d3eb,SCISSORS,17,132,0,0,0,0,0,0,0,0,44,0,0,0,0,0,0,0,0,0,0,0,136,2,96,1,0,0,0,0,0,0,0,0,0,0,0,0,0,0,0,0,0,0,0,97,0,0,0,0,0,0,0,0,0,10,0,0,0,0,1,0,0,0,0,0,199,35,0,0,2,0,0,0,0,11,108,10,0,0,0,9,0,0,0,26,0,0,0,0,170,0,0,0,0,0,2,0,0,0,1,0,7,1,0,0,0,0,0,0,0,90,0,80,0,25,15,0,0,0,0,133,0,0,0,0,0,0,0,0,6,51,0,0,0,91
e6dc3013-fff5-4335-9b7c-681cadfc9246,PAPER,8,0,0,0,113,0,0,0,0,0,19,0,0,0,0,22,0,0,0,0,0,0,88,0,52,1,0,0,0,0,0,0,0,0,0,0,0,0,0,0,0,0,0,0,0,104,0,0,0,0,0,1,0,0,0,0,0,0,0,0,0,0,0,0,0,0,121,60,0,0,0,0,0,0,0,0,85,7,0,0,0,0,0,0,0,0,21,0,0,0,193,0,0,0,0,0,0,0,0,0,1,0,0,0,0,0,0,0,0,0,0,115,0,57,0,40,0,0,0,0,0,82,0,0,0,0,0,0,0,0,0,0,0,0,0,97
e9ce9d1f-5590-4712-92ba-cbc83be98544,PAPER,9,0,0,26,0,0,0,0,0,0,458,0,7,0,0,2,0,0,0,0,0,0,124,2,169,30,0,0,0,0,0,0,0,0,0,0,0,0,0,0,5,3,56,0,415,213,0,6,0,0,0,0,0,0,0,182,0,0,2,0,0,2,0,0,0,0,575,79,3,0,11,0,0,0,0,18,232,33,0,0,0,92,0,0,0,0,60,0,2,0,341,0,0,0,0,0,0,0,0,0,28,0,11,0,0,0,0,6,0,0,0,98,2,232,0,407,140,0,0,0,0,373,0,0,0,0,0,0,0,0,0,0,0,0,0,202
969f689c-2889-40ff-b4dc-d8d928b71bd1,ROCK,7,0,0,0,0,1,1,0,0,1,44,0,33,2,0,0,1,0,0,0,0,1,78,4,60,2,0,0,0,0,0,0,113,0,0,0,0,0,0,0,0,1,0,50,0,251,0,0,0,0,0,0,0,0,0,80,0,0,0,0,0,0,0,0,0,0,140,121,1,0,9,0,0,0,0,0,37,4,0,0,0,0,0,0,0,0,0,0,0,0,374,0,0,0,0,0,0,0,0,0,2,0,0,0,0,48,0,0,0,0,0,123,0,76,0,25,5,0,0,0,0,111,0,0,0,0,0,0,0,0,2,0,0,0,0,217
b9471785-72ce-41b4-9794-3e21cf240e71,SCISSORS,17,0,0,0,0,0,0,57,0,34,641,0,29,0,53,0,0,3,0,0,27,0,226,4,348,36,0,0,12,0,0,0,681,0,4,0,0,3,0,0,0,0,0,0,0,383,0,0,0,0,0,0,0,0,0,570,0,0,0,0,60,0,0,0,0,0,620,235,10,0,38,0,0,0,0,17,395,72,0,0,0,126,0,0,12,2,0,1,0,0,666,0,0,0,0,1,0,4,26,1,54,0,0,0,0,0,0,0,0,0,0,104,0,127,0,871,108,21,0,0,0,802,0,0,0,0,0,7,0,0,10,21,0,1,0,380
f48af7f6-cba2-401f-8f70-0b1282517310,SCISSORS,8,0,0,0,0,0,0,0,0,0,21,0,0,0,0,0,0,0,0,0,0,0,160,0,47,0,0,0,0,0,0,0,125,0,0,0,0,0,0,0,0,0,0,0,0,391,0,0,0,0,0,0,0,0,0,5,0,0,0,0,2,0,0,0,0,0,81,113,0,0,1,0,0,0,0,0,100,7,0,0,0,0,0,0,0,1,0,43,0,0,692,0,0,0,0,1,0,0,0,1,0,0,0,0,0,0,1,0,0,0,0,93,0,0,0,34,0,0,0,0,0,172,0,0,0,0,0,0,0,0,0,51,0,0,0,396
9a10ac25-d6a0-44c8-8aab-89e68d270489,PAPER,14,0,13,0,0,0,0,0,0,0,393,0,3,0,0,43,0,0,0,0,0,0,135,0,196,21,1,0,0,0,0,12,408,0,5,0,0,0,0,0,1,0,1,0,0,458,0,0,0,0,1,0,0,0,0,186,0,0,0,0,0,2,0,0,0,0,523,117,2,1,14,0,0,0,0,35,233,36,0,0,0,34,0,0,0,0,48,0,0,0,842,0,0,0,0,0,0,0,0,0,34,0,0,0,0,0,0,0,0,0,0,0,3,150,0,400,67,0,0,0,0,479,0,0,0,0,0,0,0,0,99,0,0,0,0,486
5af42926-13ca-4d77-8960-176bf304c91c,SCISSORS,11,0,52,0,50,0,0,0,0,0,324,0,10,0,0,0,0,0,0,0,0,0,209,0,14,22,0,0,0,0,0,217,559,0,0,0,0,0,0,0,0,0,0,0,8,528,0,0,0,0,0,0,0,0,0,28,0,0,0,0,4,0,0,0,0,0,647,42,0,0,1,0,0,0,0,12,580,44,0,0,0,4,0,0,0,103,0,0,0,0,969,0,9,0,0,0,2,0,0,1,5,0,2,1,0,0,2,0,0,0,0,140,7,151,0,144,16,0,0,0,0,969,0,0,13,0,0,0,0,0,0,3,0,0,0,554
e55758da-2d98-4a5d-b850-407591c1c699,PAPER,7,0,0,0,0,0,0,0,0,0,90,0,5,0,0,1,0,3,0,0,0,0,108,0,166,7,0,0,15,0,0,0,377,0,0,0,0,0,0,0,3,0,43,0,0,575,0,0,0,0,2,0,0,0,2,48,0,0,1,0,0,1,0,0,0,0,298,64,0,0,5,0,0,0,0,0,285,27,0,0,0,0,0,0,38,0,46,0,1,0,1068,0,0,0,0,0,0,0,0,0,9,0,0,0,0,0,0,0,0,0,0,116,0,102,0,132,11,0,0,0,0,448,0,0,0,0,0,0,0,0,0,0,0,0,0,584
3b90f7a8-0f5b-401c-9b62-979f96ea77bb,PAPER,9,69,0,0,0,0,0,0,0,0,101,0,6,0,0,49,0,0,0,0,4,0,109,0,150,6,0,0,0,0,0,0,0,0,0,147,0,0,0,0,1,0,2,0,0,615,0,0,0,0,0,0,0,0,55,162,0,0,0,0,0,0,0,0,0,0,208,21,2,0,7,0,0,0,0,19,72,87,0,0,0,7,0,0,0,0,1,0,3,0,1156,0,0,0,0,0,0,0,0,0,8,0,0,0,0,0,0,0,0,0,0,0,0,175,0,140,7,0,0,0,0,314,0,0,0,0,0,0,0,0,0,0,0,0,0,609
483bee68-f046-419e-947c-c4bd74e72ae1,SCISSORS,19,0,0,0,0,0,0,0,0,0,267,0,39,0,0,0,0,0,0,0,0,0,220,8,178,11,0,0,0,0,0,0,538,0,11,70,0,0,0,17,0,0,0,0,0,692,0,0,0,0,0,0,0,0,0,374,0,0,0,0,17,0,0,0,0,0,485,53,2,0,23,18,0,0,0,31,182,27,0,0,0,127,0,0,19,1,0,0,0,0,1296,0,0,0,0,0,0,0,0,28,23,0,12,0,0,0,0,0,0,0,0,0,3,112,0,480,70,0,0,0,0,389,0,0,5,0,218,0,0,0,0,19,0,0,0,699
058f72a6-286e-4b06-b655-1a83b571b323,ROCK,12,0,0,0,0,0,1,0,0,1,45,0,2,44,0,0,0,0,0,0,17,4,99,0,99,3,0,0,0,0,0,0,223,0,0,0,0,0,0,0,0,0,0,0,0,727,0,0,0,0,0,0,0,0,0,44,0,0,0,0,0,0,0,0,0,0,129,151,0,0,4,0,0,0,0,0,171,8,0,0,0,15,0,0,16,0,0,0,0,0,1332,0,0,0,0,0,0,0,40,0,2,0,0,0,0,1,0,0,0,0,0,0,1,52,0,104,0,0,0,0,0,244,0,0,0,0,50,0,0,0,41,0,3,0,0,724
8caaf4f6-e49d-45c3-80ba-0806de861661,PAPER,9,0,0,0,0,0,0,0,0,0,9,0,0,0,0,3,0,0,0,0,0,0,0,0,123,0,0,0,0,0,0,0,265,0,0,0,0,0,0,0,70,0,0,0,0,747,0,0,0,0,0,1,0,0,1,70,0,0,0,0,0,0,0,0,0,0,123,62,0,0,6,50,0,0,0,0,116,8,0,0,0,0,0,0,0,0,33,0,0,0,1382,0,0,0,0,0,0,0,0,0,6,0,84,0,0,0,0,0,0,0,0,0,0,62,0,125,0,0,0,0,0,193,0,0,0,0,0,0,0,0,0,0,0,0,0,744
94ce7afa-09cd-4972-abb1-bb8064c658cb,ROCK,16,0,0,0,0,0,0,0,0,73,263,0,17,0,0,0,0,0,17,0,0,0,25,4,407,14,0,0,0,0,0,0,723,0,0,0,22,2,0,17,47,6,0,0,0,853,0,0,0,0,0,0,0,0,0,237,0,0,0,0,0,0,0,0,0,0,549,123,1,0,18,22,0,0,0,61,472,154,0,0,0,0,0,0,0,0,0,0,0,0,1686,0,0,0,0,0,0,0,0,0,29,33,47,0,0,1,0,0,0,0,0,374,0,0,0,299,0,0,0,0,0,232,0,0,0,0,574,0,0,0,2,10,36,0,0,850
1bec123b-992d-4619-9c51-18c0add90871,PAPER,8,0,0,0,28,0,0,0,0,0,23,0,9,0,0,0,0,0,0,0,0,19,55,2,71,2,0,0,0,0,0,0,239,0,0,0,0,0,0,0,2,0,25,0,0,878,0,0,0,0,0,1,0,0,0,43,0,0,0,0,0,30,0,0,0,0,110,101,2,0,1,15,0,0,0,0,107,64,0,0,0,0,0,0,0,0,1,0,0,0,1794,0,0,0,0,0,0,0,0,0,8,0,0,0,0,0,0,0,0,0,0,0,0,0,0,88,0,0,0,0,0,235,0,0,0,0,144,0,0,0,0,0,0,0,0,871
af1bd286-48ca-41e4-bd1c-872487b8b0e8,PAPER,15,0,0,0,0,0,0,0,0,20,181,0,17,0,0,2,0,0,0,0,0,0,204,6,73,15,0,0,26,0,0,0,196,0,0,0,0,0,0,9,4,0,42,0,0,949,0,0,0,0,1,2,0,0,1,117,0,0,0,0,0,0,0,0,0,0,258,80,6,0,5,43,0,0,0,0,136,97,0,0,0,0,0,0,1,0,48,0,0,0,1964,0,0,0,0,0,0,0,0,0,8,0,0,0,0,0,0,0,0,0,0,0,0,128,0,197,14,0,0,0,0,382,0,0,0,0,66,0,0,0,0,0,0,0,0,898
33f74ffa-c5f6-434d-8637-f66aca22bafb,ROCK,17,0,0,72,0,0,20,0,0,0,0,0,16,0,0,0,1,0,137,0,0,0,49,0,80,0,0,0,0,0,0,38,0,0,0,0,0,0,0,0,0,4,0,0,0,968,0,0,0,0,0,0,0,0,0,23,0,0,0,0,0,0,0,0,0,0,116,121,6,0,1,0,0,0,0,0,109,41,0,0,0,0,0,0,0,0,0,0,0,0,2044,0,0,0,0,0,0,0,0,0,3,0,0,0,0,1,0,0,0,0,0,0,0,80,0,69,0,0,0,0,0,244,0,0,0,0,0,0,0,0,18,0,2,0,0,914
26199e45-e57b-45a2-8785-77b9e20e8287,SCISSORS,9,0,63,0,0,0,0,0,0,0,54,0,44,0,0,0,0,0,109,0,0,0,59,0,29,4,0,0,0,0,0,24,144,0,0,0,0,4,0,7,0,0,0,0,0,991,0,0,0,0,0,0,0,0,0,72,0,0,0,0,0,0,0,0,0,0,137,111,1,0,5,0,0,0,0,0,109,73,0,0,0,0,0,0,23,1,0,9,0,0,2176,0,0,0,0,0,0,4,0,0,4,0,0,0,0,0,0,0,0,0,0,226,0,80,9,24,15,0,0,0,0,126,0,0,0,0,0,0,0,16,8,28,0,1,0,941
ecb87391-d563-495b-90db-76dc1885f5a0,SCISSORS,7,0,0,0,0,0,0,0,0,0,201,0,114,0,0,0,0,0,0,0,0,0,208,4,41,13,0,0,0,0,0,0,237,0,0,0,0,0,0,0,0,0,0,0,0,1044,0,0,0,0,0,0,0,0,0,229,0,0,0,0,0,0,0,0,0,0,135,132,1,0,20,116,0,0,0,0,86,66,0,0,0,0,0,0,7,1,0,25,0,0,2318,0,0,0,0,0,0,0,0,0,15,0,0,0,0,0,1,0,0,0,0,271,0,24,0,167,5,0,0,0,0,243,0,0,0,0,11,0,0,0,0,81,0,0,0,984
eb03fd15-0525-4e27-bbd5-11a9491ffda6,PAPER,15,0,0,0,0,0,0,0,0,0,41,0,0,0,0,6,0,0,0,0,0,0,110,0,62,0,0,0,0,0,0,0,82,0,0,0,0,0,0,0,4,0,0,0,0,1051,0,0,0,0,0,0,0,0,0,56,0,0,0,0,0,0,0,0,0,0,93,69,0,0,5,8,0,0,0,0,1,54,0,0,0,0,0,0,7,0,12,0,0,0,2404,0,0,0,0,0,0,0,0,0,1,0,3,0,0,0,0,0,0,0,0,193,2,81,0,21,0,0,0,0,0,4,0,0,0,0,0,0,0,0,0,0,0,0,0,996
a01541ea-4a38-4c25-886d-5a190f0c1d84,SCISSORS,20,0,0,0,0,0,0,0,0,0,0,0,0,0,0,0,0,0,0,0,0,0,122,1,34,0,0,55,0,0,0,0,0,0,0,0,0,0,0,0,0,0,0,0,0,1055,0,0,0,0,0,0,0,0,0,23,0,0,0,0,19,0,0,0,0,0,46,30,0,0,0,2,0,0,0,0,4,88,0,0,0,0,0,0,0,0,0,0,0,0,2441,0,0,0,0,0,0,0,0,28,0,0,0,0,0,0,2,0,0,0,0,76,0,62,0,0,0,0,0,0,0,44,0,0,0,0,0,0,0,0,0,0,0,0,0,1004
755e4451-8de4-47e7-97a2-aa27637d459d,SCISSORS,11,0,0,72,0,0,0,0,0,0,12,0,73,0,0,0,0,0,0,0,0,0,67,0,119,0,0,0,0,0,0,385,0,0,0,0,0,0,0,0,21,0,0,0,0,1072,0,0,0,0,0,0,0,0,0,125,0,0,0,0,1,0,0,0,0,0,15,94,0,0,8,2,0,0,0,0,225,239,0,0,0,0,0,0,0,1,0,39,0,0,2508,0,0,0,0,0,1,0,0,50,9,0,0,2,0,0,0,0,0,0,0,160,0,0,0,91,0,0,0,0,0,426,0,0,0,0,0,7,0,0,0,1,0,2,0,1041
0462653e-30a8-4323-bcaa-a99fa76612bb,ROCK,19,0,0,0,0,0,0,0,0,56,0,0,17,0,0,0,1,0,0,0,0,0,5,0,278,0,0,6,0,0,0,0,514,0,7,0,0,0,0,8,0,2,0,1,0,1099,0,0,0,0,0,0,0,0,0,177,0,0,0,0,0,0,0,0,0,0,182,175,3,3,2,24,0,0,0,14,302,13,0,0,0,0,0,0,0,0,0,0,0,0,2559,0,0,0,0,0,0,0,0,0,19,0,0,0,0,0,0,0,2,0,0,120,0,29,0,285,0,0,0,0,0,402,0,0,0,0,0,7,0,0,31,0,0,0,0,1093
b93dd2f9-91ed-4f61-b597-bc45db118908,SCISSORS,14,0,0,0,0,0,0,0,0,85,130,0,9,0,0,0,0,0,0,0,0,0,113,1,100,12,0,0,0,0,0,0,309,0,0,0,0,0,0,22,0,0,0,0,0,1140,0,0,0,0,0,0,0,0,0,49,0,0,0,0,59,0,0,0,0,0,312,65,38,0,2,63,0,0,0,20,118,24,0,0,0,0,0,0,29,0,0,2,0,0,2629,0,0,0,0,2,1,0,0,0,10,0,0,1,0,0,0,0,0,0,0,85,5,128,0,133,39,0,0,0,0,279,0,0,0,0,0,0,0,0,0,96,0,2,0,1146
9e987856-b3c8-4ea5-829b-c019ca0d8564,SCISSORS,11,0,0,0,0,0,0,0,0,0,60,0,0,0,0,0,0,0,0,0,0,4,113,0,321,7,0,0,0,0,0,0,667,0,0,0,0,0,0,0,0,0,0,0,0,1189,0,0,0,0,0,0,0,0,0,50,0,0,0,0,1,0,0,0,0,0,270,0,90,0,3,13,0,0,0,0,545,143,0,0,0,0,0,0,38,0,0,19,0,0,2862,0,0,0,0,1,0,0,0,0,8,0,0,0,0,0,0,0,0,0,7,158,0,0,0,88,0,0,0,0,0,758,0,0,0,0,0,0,0,0,72,80,0,0,0,1174
2bc397aa-786c-4a78-8b9a-e01fe767abfb,ROCK,5,0,0,0,0,1,1,0,0,55,102,0,0,1,0,0,0,0,0,0,0,2,41,0,69,14,0,0,0,0,0,0,263,0,0,0,0,0,0,0,0,1,0,0,0,1238,0,0,0,0,0,0,0,0,0,0,0,0,0,0,0,0,0,0,0,0,173,93,42,0,0,9,0,0,0,39,78,95,0,0,0,0,0,0,21,0,0,0,0,0,3013,0,0,0,0,0,0,0,0,0,10,0,0,0,0,2,0,0,0,0,0,118,0,39,0,83,41,0,0,0,0,216,0,0,0,0,10,0,0,0,0,0,31,0,0,1205
ab754ebc-9a33-4a57-8c76-095628fe7faf,SCISSORS,8,0,0,0,0,0,0,0,0,0,129,0,1,0,0,0,0,0,0,0,0,0,76,0,0,8,0,0,0,0,0,0,67,0,0,0,0,0,0,0,0,0,0,0,0,1257,0,0,0,0,0,0,0,0,0,107,0,0,0,0,0,0,0,0,0,0,14,51,43,0,9,15,0,0,0,0,20,6,0,0,0,0,0,0,0,0,0,16,0,0,3052,0,0,0,0,0,1,0,0,0,7,0,0,1,0,0,0,0,0,0,0,77,0,50,0,104,25,0,0,0,0,16,0,0,0,0,0,0,0,0,0,0,0,0,0,1227
7282b482-cc0e-4317-bb36-18b95b2fc1b8,SCISSORS,10,0,61,0,0,0,0,0,0,0,81,0,0,0,0,0,0,0,0,0,0,0,124,0,8,4,0,0,0,0,0,0,172,0,0,0,0,0,0,0,0,0,0,0,0,1274,0,0,0,0,0,0,0,0,0,94,0,0,0,0,0,0,0,0,0,0,91,35,72,0,7,0,0,0,0,0,84,51,0,0,0,0,0,0,0,15,0,1,0,0,3150,0,0,0,0,1,0,0,0,29,5,0,0,1,0,0,1,0,0,0,7,149,0,0,0,112,0,0,0,0,0,145,0,0,0,0,0,0,0,0,0,0,0,0,0,1251
95fc6f17-75a3-46f7-b68e-ff3d2cfadd72,SCISSORS,5,0,0,0,0,0,0,0,0,0,38,0,26,0,0,0,0,0,0,0,0,0,134,4,13,3,0,0,0,0,0,0,110,0,0,0,0,0,0,0,0,0,0,0,0,1292,0,0,0,0,0,0,0,0,0,71,0,0,0,0,0,0,0,0,0,0,65,98,0,0,2,32,0,0,0,0,23,31,0,0,0,0,0,0,0,0,0,6,0,0,3210,0,0,0,0,0,0,0,0,0,3,0,0,0,0,0,0,0,0,0,0,176,0,0,0,39,0,0,0,0,0,109,0,0,0,0,0,0,0,0,0,0,0,1,0,1262
1d478e4b-06df-482f-afc0-e940f64834eb,ROCK,15,0,0,0,0,1,3,0,0,92,52,0,0,0,0,0,0,0,0,0,0,2,62,0,55,7,0,0,0,0,0,0,0,0,0,0,0,0,0,0,0,0,0,1,0,1322,0,0,0,0,0,0,0,0,0,81,0,0,0,0,0,0,0,0,0,0,0,64,126,0,2,2,0,0,0,0,0,0,0,0,0,0,0,0,0,0,0,0,0,0,3221,0,0,0,0,0,0,0,0,0,6,0,0,0,0,1,0,0,0,0,0,76,0,45,0,94,0,0,0,0,0,0,0,0,0,0,0,0,0,0,53,0,0,0,0,1283
6a09749c-1d6d-4ca2-a005-668d3a01544c,ROCK,17,0,0,0,0,1,1,0,0,125,0,0,0,0,0,0,2,0,0,0,0,3,0,0,67,0,0,0,0,0,0,0,97,0,0,0,0,0,0,0,0,1,0,1,0,1347,0,0,0,0,0,0,0,0,0,34,0,0,0,0,0,0,0,0,0,0,55,0,46,0,3,117,0,0,0,0,10,33,0,0,0,0,0,0,0,0,0,0,0,0,3280,0,0,0,0,0,0,0,0,0,1,0,0,0,0,60,0,0,0,0,0,37,0,81,0,30,2,0,0,0,0,80,0,0,0,0,0,0,0,0,1,0,6,0,0,1305
920dbcb8-55e7-40ed-9849-d44f35264ce3,PAPER,17,0,0,0,0,0,0,0,0,0,4,0,0,0,0,35,0,0,0,0,0,0,40,0,94,1,0,0,0,0,0,0,213,0,0,0,0,0,0,0,3,0,7,0,0,1375,0,0,0,0,1,1,0,0,0,39,0,0,1,0,0,0,0,0,0,0,104,0,0,0,2,79,0,0,0,48,29,45,0,0,0,0,0,0,0,0,47,0,1,0,3362,0,0,0,0,0,0,0,0,0,7,0,0,0,0,0,0,0,0,0,0,74,0,49,0,66,87,0,0,0,0,114,0,0,0,0,0,0,0,0,0,0,0,0,0,1321
0a5881b1-58d3-4265-a94f-d8cefc3fa5ed,SCISSORS,16,0,0,0,0,0,0,0,0,0,43,0,0,0,0,0,0,0,0,0,0,0,121,0,21,1,0,0,0,0,0,0,82,0,0,0,0,0,0,0,0,0,0,0,0,1385,0,0,0,0,0,0,0,0,0,30,0,0,0,0,17,0,0,0,0,0,120,30,0,0,1,2,0,0,0,0,28,39,0,0,0,0,0,0,0,1,0,0,0,0,3418,0,0,0,0,22,1,0,0,1,0,0,0,0,0,0,0,0,0,0,0,114,0,0,0,0,58,0,0,0,0,72,0,0,0,0,0,0,0,0,0,0,0,0,0,1329
6ab30cda-44c0-4d39-957e-c601c08e9712,PAPER,10,0,0,0,0,0,0,0,0,0,96,0,3,0,0,1,0,0,0,0,18,0,82,1,90,7,0,7,0,0,0,41,405,0,0,0,0,0,0,0,1,0,27,0,0,1424,0,0,0,0,1,1,0,0,0,0,0,0,0,0,0,0,0,0,0,0,206,58,0,0,0,0,0,0,0,0,360,117,0,0,0,0,0,0,0,0,36,0,0,0,3599,0,0,0,0,0,0,0,0,0,4,0,6,0,0,0,0,0,0,0,0,106,0,0,0,72,0,0,0,0,0,532,0,0,0,0,59,0,0,0,0,0,0,0,0,1352
3e4f5f02-4f0a-4d97-919a-41318f91a412,PAPER,11,0,0,0,0,0,0,0,0,0,127,0,145,0,0,30,0,0,0,0,0,0,87,1,346,9,0,0,0,0,0,0,615,0,0,0,0,0,0,47,7,0,3,0,0,1492,0,0,0,0,0,0,0,0,0,233,0,0,3,0,0,1,0,0,0,0,345,53,3,0,18,52,0,0,0,0,512,160,0,0,0,0,0,0,0,2,34,0,1,0,3911,0,0,0,0,0,0,0,0,0,32,0,0,0,0,0,0,5,0,0,0,137,68,19,0,397,0,0,0,0,0,698,0,0,0,0,61,0,0,0,0,0,0,0,0,1443
84510f28-c8fe-4b93-8d7a-01b1d69e80e6,SCISSORS,14,0,0,0,112,0,0,0,0,0,42,0,5,0,0,0,0,4,0,0,0,0,132,0,7,2,0,0,0,0,0,0,0,0,0,23,0,0,0,0,0,0,0,0,0,1506,0,0,0,0,0,0,0,0,0,11,0,0,0,0,1,0,0,0,0,0,149,44,0,0,1,3,0,0,0,0,43,50,0,0,0,0,0,0,0,2,0,23,0,0,4000,0,0,0,0,0,2,7,0,0,0,0,0,0,0,0,0,0,0,0,0,164,55,0,0,0,0,0,0,0,0,0,0,0,98,0,0,0,0,0,0,0,0,1,0,1455
53f4308b-8da2-4416-86d3-30a4dc2869a6,SCISSORS,13,42,0,0,0,0,0,0,0,0,33,11,0,0,0,0,0,0,726,0,0,2,141,0,0,5,0,0,0,0,18,0,0,0,0,0,230,0,0,0,0,0,0,0,0,1556,0,0,0,0,0,0,0,0,0,23,0,0,0,0,0,0,0,0,0,0,282,74,0,0,3,0,0,0,0,0,592,152,0,0,0,0,0,0,16,64,0,2,0,0,4256,0,0,0,9,0,0,10,2,49,6,35,0,0,0,0,0,0,0,0,0,347,0,0,0,82,26,1,0,27,0,112,0,0,460,0,41,0,0,0,0,1,0,0,0,1536
3fb771e8-ab2d-47a1-80ad-b832aea7c370,ROCK,8,0,0,0,0,1,36,0,0,1,34,0,0,2,0,0,0,0,0,0,0,221,45,0,183,3,0,0,0,0,0,0,0,0,0,0,3,0,0,0,0,39,0,1,0,1587,0,0,0,0,0,0,0,0,0,72,0,0,0,0,0,0,0,0,0,0,157,84,0,0,3,0,0,0,0,9,114,85,0,0,0,0,0,0,0,45,0,0,0,0,4401,0,0,0,0,0,0,0,0,0,2,0,0,0,0,2,0,0,0,0,0,237,0,55,0,56,14,0,0,0,0,40,0,0,111,0,10,0,0,0,1,0,31,0,10,1570
ff841b77-4c8e-4427-a38b-5b23c4a938b6,SCISSORS,7,0,0,64,0,0,0,0,0,0,33,0,0,0,0,0,0,0,0,0,0,151,98,0,17,1,0,0,0,0,0,0,0,0,0,0,8,0,0,0,0,0,0,0,0,1596,0,0,0,0,0,0,0,0,0,11,0,0,0,0,49,0,0,0,0,0,74,104,0,0,0,1,0,0,0,4,86,40,0,0,0,0,0,0,0,1,0,2,0,0,4479,0,0,0,0,0,1,0,0,0,2,0,35,0,0,0,1,0,0,0,0,119,0,61,0,26,0,0,0,0,0,0,0,0,41,0,0,0,0,0,0,86,0,0,0,1590
c399d6dd-e33e-4198-a16c-ee968ee391bf,PAPER,11,0,0,0,0,0,0,0,0,0,36,110,0,0,0,1,0,0,0,0,0,0,106,0,101,2,0,0,0,0,0,0,0,0,0,0,4,0,0,0,5,0,59,0,31,1617,0,0,0,0,0,1,0,0,64,74,0,0,0,0,0,2,0,0,0,0,74,161,6,0,7,0,0,0,0,0,28,36,0,0,0,0,0,0,0,0,2,0,0,0,4579,4,0,0,0,0,0,0,0,0,4,0,19,0,0,0,0,0,0,0,0,202,0,113,0,106,0,0,0,0,0,0,0,0,7,0,0,0,0,0,0,0,0,0,0,1607
32259d2a-cb17-4708-ac0f-ea9671593f07,SCISSORS,5,0,0,0,0,0,0,0,68,38,157,0,0,0,0,0,0,0,0,0,0,393,188,0,597,10,1,0,75,43,0,7,0,0,0,0,33,0,0,0,0,0,0,0,0,1684,0,0,0,0,0,0,0,0,0,424,0,0,0,0,1,0,0,0,0,0,401,42,0,0,29,5,0,0,0,0,414,185,0,0,0,0,0,0,33,5,0,71,0,0,4976,0,0,0,0,0,0,0,0,1,6,0,20,4,0,0,0,0,0,0,3,906,2,74,9,123,0,0,7,0,0,0,0,0,433,0,0,0,0,7,12,2,0,1,0,1716
5c8ab99b-8124-4593-9ffe-7a8633d4f7b5,SCISSORS,5,0,0,0,0,0,0,0,0,0,379,0,0,0,0,0,0,0,0,20,0,0,220,3,12,19,0,0,0,0,0,0,0,0,0,0,43,0,0,0,0,0,0,0,0,1735,0,0,0,0,0,0,0,0,0,370,0,0,0,0,62,0,0,0,0,0,40,111,0,0,23,67,0,0,0,0,0,22,0,0,0,0,0,0,0,1,0,0,0,0,5062,0,0,0,0,0,1,0,0,91,15,0,43,1,0,0,1,0,0,0,10,219,0,0,0,176,0,0,0,0,0,0,0,0,137,0,0,0,0,0,0,1,0,1,0,1786
1df6fa14-08b0-4ba4-a9fc-618d53c930ca,SCISSORS,17,0,0,0,0,0,0,0,0,0,123,0,0,0,0,0,0,0,0,0,0,0,151,1,47,8,0,0,0,0,0,0,0,0,0,0,2,0,0,0,0,0,0,0,0,1763,0,0,0,0,0,0,0,0,0,170,0,0,0,0,1,0,0,0,0,0,19,87,0,0,10,8,0,0,0,0,0,6,0,0,0,0,0,0,0,0,0,31,0,0,5098,0,0,0,0,40,1,0,0,0,4,0,32,0,0,0,1,0,0,0,0,179,2,19,0,50,0,0,0,0,0,0,0,0,4,0,0,0,0,0,0,0,0,0,0,1809
730d9305-6b8a-4861-a953-2d3a1d6fa9fa,PAPER,18,0,0,0,0,0,0,0,0,0,44,0,0,0,158,45,0,0,0,0,0,0,99,0,11,4,0,0,0,0,0,0,0,0,0,0,2,0,0,0,0,0,5,0,0,1786,0,0,0,0,0,1,0,0,2,0,0,0,0,0,0,4,0,0,0,0,112,64,0,0,0,0,0,0,0,0,76,63,0,0,0,0,0,0,0,0,46,0,0,0,5217,0,0,0,0,0,0,0,0,0,3,0,3,0,0,0,0,0,0,0,0,140,0,88,0,20,0,0,0,0,0,0,0,0,6,0,108,0,0,0,0,0,0,0,0,1822
299dd522-2fc7-4669-a9d5-1855cd7142e2,SCISSORS,8,0,0,0,129,0,0,0,0,0,37,0,0,0,0,0,0,0,0,0,0,0,146,0,7,1,0,0,0,0,0,24,0,0,0,0,0,0,0,0,0,0,0,0,0,1795,0,0,0,0,0,0,0,0,0,8,0,0,0,0,5,0,0,0,0,0,140,36,0,0,0,0,0,0,0,0,59,47,0,0,0,0,0,0,0,48,0,1,0,0,5296,0,0,0,0,2,1,0,0,0,0,0,0,0,0,0,1,0,0,0,0,98,2,86,0,0,0,0,0,0,46,0,24,0,10,0,4,0,0,0,0,68,0,2,0,1850
d9f48f3c-a04d-4ff7-953a-265fa702f407,PAPER,5,0,0,0,0,0,0,0,0,20,213,0,0,0,0,1,0,0,0,0,0,0,107,0,74,11,0,0,0,0,0,0,315,0,0,0,0,0,0,0,51,0,2,0,0,1846,0,0,0,0,2,0,0,0,2,47,0,9,1,0,0,0,0,0,0,0,239,97,2,0,6,0,0,0,0,1,211,129,0,0,0,0,0,0,3,0,45,0,0,0,5521,0,0,0,0,0,0,0,0,0,13,0,0,0,0,0,0,0,0,0,10,217,5,177,0,149,0,0,0,0,0,0,0,0,219,0,4,0,0,0,0,0,0,0,0,1915
1f718610-d8a9-444d-b4c5-5ae354b312f8,SCISSORS,20,0,0,0,0,0,0,0,0,0,162,0,0,0,0,0,0,0,0,0,0,0,125,0,6,14,0,0,0,0,0,0,0,0,0,0,0,0,0,0,0,0,0,0,0,1871,0,0,0,0,0,0,0,0,0,110,0,0,0,0,1,0,0,0,0,0,91,38,0,0,5,5,0,0,0,0,21,18,0,0,0,0,0,0,0,1,0,17,0,0,5570,0,0,0,0,1,0,0,0,0,3,0,0,1,0,0,0,0,0,0,0,104,0,59,0,103,0,0,0,0,0,0,0,0,0,0,35,0,0,0,0,1,0,0,0,1929
0f45b1de-0d02-451b-8bbf-858c4215a919,PAPER,5,0,0,0,0,0,0,0,0,0,7,0,2,0,0,2,0,0,0,0,0,0,100,0,4,0,0,0,0,0,0,216,0,0,0,0,0,0,0,0,0,0,49,0,0,1882,0,0,0,0,2,1,0,0,0,0,0,0,0,0,0,0,0,0,0,0,95,62,0,0,0,0,0,0,0,0,113,52,0,0,0,0,0,0,0,0,52,0,3,0,5662,0,0,0,0,0,0,0,0,0,1,0,0,0,0,0,0,0,0,0,0,180,1,95,0,22,0,0,0,0,0,0,0,0,81,0,0,0,0,0,0,0,0,0,0,1942
82ff917e-67c9-4c8a-96d5-dfa8c48a3a4b,SCISSORS,12,0,5,0,0,0,0,0,0,0,299,0,0,0,0,0,0,0,0,0,0,0,226,3,80,25,0,0,0,63,0,0,0,0,0,0,53,0,0,0,0,0,0,0,0,1949,0,0,0,0,0,0,0,0,0,375,0,15,0,0,4,0,0,0,0,0,123,131,6,0,23,0,0,0,0,0,0,24,0,0,0,0,0,0,0,3,0,50,0,0,5778,0,0,0,0,1,1,0,0,2,16,0,0,1,0,0,3,0,15,0,0,116,3,123,0,297,7,0,0,0,0,0,0,0,50,0,49,0,0,0,0,68,0,2,0,2020
27582b88-79c5-45c3-9193-6fcab7f78ecd,SCISSORS,12,0,0,0,641,0,0,0,11,25,280,0,0,0,0,0,0,0,0,0,0,0,96,60,496,13,0,0,0,0,0,73,0,0,0,0,53,0,0,11,6,12,0,0,0,2041,0,0,0,0,0,0,0,0,0,220,0,8,0,0,15,0,0,0,0,0,533,69,34,0,13,0,0,0,0,34,559,290,0,0,0,0,0,0,1,0,0,1,0,0,6280,0,0,0,0,0,0,0,0,0,8,0,0,0,0,0,2,0,0,0,0,865,0,0,0,116,0,23,0,0,0,0,0,0,651,0,105,0,0,7,0,0,0,0,0,2101
c056b685-03b5-41b8-b55d-593559658eac,ROCK,13,0,0,0,0,1,3,0,0,106,113,17,0,2,0,0,0,3,0,0,0,375,0,72,328,8,0,0,0,0,0,0,0,0,5,0,0,0,0,0,0,0,0,1,0,2116,0,0,0,0,0,0,0,0,0,160,0,23,0,0,0,0,0,0,0,0,256,0,193,0,13,0,0,0,0,22,229,138,0,0,0,0,0,0,0,0,0,0,0,0,6527,0,19,0,0,0,0,0,0,0,3,0,0,0,0,1,0,0,0,0,0,430,1,17,0,78,0,0,0,0,0,11,1,0,283,0,23,0,0,14,110,41,2,0,0,2151
20d30654-9e74-4fb2-9238-c521363a5776,ROCK,7,0,0,37,0,1,0,23,0,198,502,0,1,0,1,0,0,0,7,0,14,2159,128,4,1946,33,0,3,0,121,0,226,0,0,0,0,130,0,0,10,11,0,0,0,0,2363,0,0,0,0,0,0,0,0,0,868,0,129,0,0,0,0,0,0,0,0,1144,226,82,0,52,0,0,0,0,48,2370,615,0,0,0,12,0,0,9,0,0,0,0,0,7724,11,68,0,0,0,0,0,62,0,65,94,52,0,0,0,0,0,67,9,0,2198,5,90,0,1056,0,0,0,33,0,91,0,0,1342,7,137,0,0,21,74,53,18,0,2,2500
f6b5f225-5af7-455a-9dff-492de5c82e7b,PAPER,15,0,0,0,2,0,0,0,0,136,66,0,0,0,0,48,0,3,0,0,0,0,49,0,120,6,0,0,0,0,0,0,118,0,0,0,4,0,0,0,9,0,2,0,0,2405,0,0,0,0,1,1,0,0,1,146,0,35,3,0,0,1,0,0,0,0,114,72,0,0,11,0,0,0,0,0,59,63,0,0,0,0,0,0,0,0,55,0,1,0,7868,0,0,0,0,0,0,0,0,0,10,0,28,0,0,0,0,0,0,0,0,0,0,187,0,146,0,0,113,0,0,79,0,0,0,0,0,0,0,0,0,0,0,0,0,2533
cc874f71-61bd-4c1a-9ca4-79121109b095,PAPER,12,0,0,0,0,0,0,0,0,0,3,0,0,0,0,2,0,0,0,0,0,0,101,1,82,0,0,0,0,133,0,0,0,0,0,0,0,0,0,0,33,0,2,0,0,2420,0,0,0,0,0,2,0,0,0,35,0,0,0,0,0,1,0,0,0,0,159,0,0,0,4,0,0,0,0,0,70,50,0,0,0,0,0,0,0,0,36,0,0,0,7957,0,0,60,0,0,0,0,0,0,2,0,1,0,0,0,0,0,0,0,0,0,0,140,0,45,0,0,0,0,0,109,0,0,0,0,0,0,0,0,0,0,0,0,0,2543
cae780b4-9c19-4064-a83f-7b1ba6a38c4e,SCISSORS,13,0,0,0,0,0,0,0,0,0,59,0,0,0,0,0,0,0,32,0,0,0,171,0,40,1,0,0,0,0,0,188,0,0,0,0,10,0,0,0,0,0,0,0,0,2431,0,0,0,0,0,0,0,0,0,15,0,0,0,0,3,0,0,0,0,0,170,50,0,0,0,0,0,0,0,0,114,68,0,0,0,0,0,0,6,70,0,5,0,0,8079,0,0,0,0,0,0,0,0,79,0,0,38,1,0,0,2,0,0,0,0,124,0,41,0,0,0,0,0,0,0,215,0,0,0,0,0,0,0,0,0,0,0,1,0,2560
5cf674cf-31a5-4256-8696-d126cfa15aa7,ROCK,6,0,72,0,0,0,2,0,60,80,164,0,0,0,0,0,0,2,0,0,42,0,100,0,266,11,0,0,0,43,0,0,390,0,0,0,0,0,0,0,3,1,0,1,0,2487,0,0,0,0,0,0,0,0,0,179,0,52,0,0,0,0,0,0,0,0,289,82,0,0,9,0,0,0,0,0,371,158,0,0,0,0,0,0,0,97,0,0,0,0,8343,0,0,0,0,0,0,0,0,0,19,0,30,0,0,56,0,0,0,0,0,201,0,48,0,293,0,0,0,0,0,581,0,0,0,0,0,0,0,0,3,0,6,0,0,2632
86977e47-42b8-40b4-a8b7-861bf0ba9319,PAPER,11,0,0,0,0,0,0,0,0,117,33,0,0,0,0,1,0,0,0,0,0,0,100,6,30,1,0,0,0,0,0,0,56,0,0,0,21,0,0,11,0,0,26,0,0,2517,0,0,0,0,1,1,0,0,0,120,0,34,0,0,0,0,0,0,0,0,60,38,4,0,13,0,0,0,0,0,10,30,0,0,0,0,0,0,0,59,32,0,0,0,8437,0,0,0,0,0,0,0,0,0,8,0,8,0,0,0,0,0,0,0,0,0,1,139,0,136,0,0,0,107,0,0,0,0,0,0,0,0,0,0,0,0,0,0,3,2659
42cc1810-e36a-453f-b8ee-56fe9174fd6d,ROCK,15,0,0,0,0,0,1,0,53,96,76,0,0,1,0,0,1,0,0,0,0,0,57,0,114,5,0,0,0,0,0,0,151,0,0,0,31,0,0,64,0,3,0,1,0,2552,0,0,0,0,0,0,0,0,0,31,0,0,0,0,0,0,0,0,0,0,146,116,1,0,3,4,0,0,0,0,215,138,0,0,0,0,0,0,0,0,0,0,0,0,8567,0,0,0,0,0,0,0,0,0,5,0,19,0,0,0,0,0,0,0,0,0,42,58,0,99,0,0,0,0,0,131,0,0,49,168,24,0,0,0,4,0,55,0,0,2692
1d6c21b2-1458-47a2-bb89-3d877c188999,PAPER,12,55,0,0,0,0,0,0,0,108,13,0,0,0,0,28,0,0,0,0,0,0,39,0,121,0,0,0,0,0,0,0,117,0,0,0,1,0,0,0,0,9,0,0,0,2567,0,0,0,0,1,0,0,0,28,57,0,0,0,0,0,0,0,0,0,0,140,41,0,0,5,0,0,0,0,0,145,71,0,0,0,0,0,0,3,0,0,0,0,0,8695,0,0,0,0,0,0,0,0,0,2,0,2,0,0,0,0,0,0,0,0,58,41,73,0,60,0,0,0,0,0,255,0,0,0,0,0,0,0,0,0,0,0,0,0,2702
edc27cc5-87dc-4ba5-b4eb-60089e2e236d,ROCK,13,0,0,0,0,0,0,0,0,1,38,0,0,1,0,0,0,0,0,0,0,86,63,0,245,1,0,0,0,0,0,0,397,0,0,0,0,0,0,0,0,1,0,1,0,2603,0,0,0,0,0,0,0,0,0,77,0,13,0,0,0,0,0,0,0,0,205,28,4,0,11,0,0,0,0,0,231,172,0,0,0,0,0,0,0,93,0,0,0,0,8907,0,0,0,0,0,0,0,10,0,9,0,0,0,0,1,0,0,0,0,0,230,0,96,0,131,0,71,0,0,0,0,0,0,0,0,223,7,0,0,52,0,4,0,0,2758
65ecc847-354f-4110-b7a2-26db1f6d11a3,PAPER,5,0,0,0,0,0,0,0,0,0,208,0,0,0,0,1,0,0,0,0,0,193,107,3,565,14,0,0,0,0,5,0,797,0,0,0,13,0,0,0,11,9,0,0,0,2682,0,0,0,0,1,0,0,0,0,370,0,96,0,0,0,0,0,0,0,0,375,15,0,0,31,0,0,0,0,0,760,207,0,0,0,0,0,0,0,59,12,0,0,0,9280,0,0,0,0,0,0,0,0,0,39,0,18,0,0,0,0,0,0,0,0,0,2,145,0,498,13,0,0,0,0,971,0,0,0,0,5,0,0,0,45,190,0,0,0,2869
a47a5cd5-776e-4705-b866-84eaba0583f5,PAPER,10,0,0,0,0,0,0,0,0,0,114,0,0,0,0,1,0,0,0,0,0,0,113,0,27,2,0,0,0,0,0,0,39,0,0,0,0,0,0,0,0,0,9,0,0,2698,0,0,0,0,0,1,0,0,0,141,0,0,0,0,0,0,0,0,0,0,111,0,0,0,8,0,0,0,0,3,11,20,0,0,0,0,0,0,0,0,10,0,0,0,9338,0,0,0,0,0,0,0,0,0,8,0,1,0,0,0,0,0,0,0,0,0,0,140,0,141,0,0,0,0,0,11,0,0,0,0,0,0,0,0,0,4,0,0,0,2893
2fcc65b0-4807-4ec5-8ab5-1f0959105ede,ROCK,20,0,0,0,0,1,2,0,0,60,23,0,0,0,0,0,0,0,0,2,0,1,86,2,28,0,0,0,0,0,0,0,123,0,0,0,22,25,0,0,0,2,0,1,0,2729,0,0,0,0,0,0,0,0,0,56,0,8,0,0,0,0,0,0,0,0,123,118,1,0,5,0,0,0,0,0,29,38,0,0,0,0,0,0,0,0,0,0,0,0,9417,0,0,0,0,0,0,0,0,0,5,0,6,0,0,0,0,0,0,0,0,0,38,91,0,24,0,0,0,0,0,0,0,0,0,0,0,0,0,0,52,162,0,0,0,2917
f22e66bc-247c-4575-8b78-ea8b2b949eea,SCISSORS,15,0,0,0,0,0,0,0,0,0,81,0,0,0,0,0,0,0,0,0,0,0,67,0,94,4,0,0,0,0,0,0,261,0,0,0,0,0,0,0,0,0,0,0,0,2747,0,0,0,0,0,0,0,0,0,2,0,59,0,0,41,0,0,0,0,0,126,103,0,0,0,0,0,0,0,0,101,69,0,0,0,0,0,0,3,0,0,3,0,0,9534,112,0,0,0,1,0,0,0,1,3,0,27,1,0,0,0,0,0,0,0,44,74,34,0,78,0,0,0,0,0,116,0,0,0,0,13,0,0,0,0,1,0,2,0,2951
c48ee111-b36e-4c4f-81ab-c040d17811d9,ROCK,13,0,0,0,0,0,0,0,0,0,0,0,0,0,0,0,1,0,0,0,0,65,76,0,141,0,0,0,0,3,0,0,221,0,0,0,0,0,0,13,0,0,0,1,0,2766,0,0,0,0,0,0,0,0,0,32,0,11,0,0,0,0,0,0,0,0,83,162,0,0,0,0,0,0,0,0,188,45,0,0,0,0,0,0,0,0,0,0,0,0,9614,136,0,0,0,0,0,0,0,0,3,0,0,0,0,39,0,0,0,0,0,0,0,33,0,33,0,0,0,0,0,269,0,0,0,0,0,0,0,0,7,0,1,0,0,2968
1f29696b-f021-42ed-be73-ead7d5a4d362,ROCK,6,0,0,0,0,2,0,0,0,1,32,0,0,0,0,0,2,0,0,0,0,73,70,2,14,3,0,0,0,0,0,0,171,0,0,0,3,0,0,66,0,0,0,1,0,2798,0,0,0,0,0,0,0,0,0,75,0,121,0,0,0,0,0,0,0,0,91,66,0,0,6,0,0,0,0,0,32,49,0,0,0,0,0,0,0,0,0,0,0,0,9709,68,0,0,0,0,0,0,0,0,1,0,2,0,0,1,0,0,0,0,0,0,0,110,0,43,0,0,0,0,0,162,0,0,0,0,0,0,0,0,1,0,52,0,0,2980
cdd6574d-8d83-42be-95c2-c91c9bc8a0e0,PAPER,11,0,0,0,0,0,0,0,0,0,159,0,0,0,0,1,0,0,3,0,0,0,37,0,53,10,0,0,0,0,0,0,181,0,0,0,6,0,0,0,15,0,1,0,0,2834,0,0,0,0,1,1,0,0,0,60,0,63,0,0,0,0,0,0,0,0,182,0,0,0,4,0,0,0,0,0,35,98,0,0,0,0,0,0,0,0,22,0,0,0,9868,145,0,0,0,0,0,0,0,0,2,0,80,0,0,0,0,0,0,0,0,0,1,141,0,48,0,0,0,0,0,0,0,0,0,0,37,0,0,0,0,12,0,0,0,3005
815b9239-bba9-43b4-8de8-32406bb20550,ROCK,11,0,0,31,0,0,0,3,0,47,104,0,0,2,0,0,1,2,0,6,0,38,54,0,187,4,0,0,0,11,0,0,363,0,0,16,0,0,0,14,0,19,0,0,0,2896,0,0,0,0,0,0,0,0,0,28,0,29,0,0,0,0,0,0,0,0,293,99,2,0,2,0,0,0,0,61,167,210,0,0,0,0,0,0,11,0,0,0,0,0,10135,0,10,0,0,0,0,0,0,0,6,0,0,0,0,5,0,0,37,0,0,27,0,100,0,85,0,0,0,0,0,0,0,0,0,0,293,0,0,0,45,293,1,0,0,3049
02d8b3a6-86b0-44e9-af82-75ee8ef0629d,PAPER,7,0,0,77,0,0,0,0,0,0,33,0,0,0,0,5,0,0,0,0,0,0,37,0,83,0,0,0,0,0,0,0,132,0,0,0,25,0,0,0,1,0,41,0,0,2917,0,0,0,0,1,1,0,0,1,62,0,18,1,0,0,0,0,0,0,0,107,119,2,0,1,0,0,0,0,0,9,60,0,0,0,0,0,0,0,0,52,0,0,0,10236,0,0,0,0,0,0,0,0,0,1,0,0,0,0,0,0,0,0,0,0,0,2,173,0,94,0,0,0,0,0,81,0,0,0,0,2,0,0,0,0,81,0,0,0,3060
acc9d8a3-4331-412b-b391-5b79625b235e,ROCK,12,0,0,0,0,0,40,0,0,0,522,0,0,2,0,0,0,0,0,0,0,0,157,8,281,31,0,0,0,0,0,21,532,0,0,0,107,0,0,0,0,0,0,0,0,3039,0,0,0,0,0,0,0,0,0,489,0,87,0,0,0,0,0,0,0,0,358,155,5,0,39,0,0,0,0,0,280,264,0,0,0,0,0,0,0,24,0,0,0,0,10615,0,0,0,21,0,0,0,0,0,32,0,264,0,0,26,0,0,0,0,0,0,6,135,0,520,0,0,0,0,0,476,24,0,0,7,9,0,0,0,2,178,1,0,0,3176
d36edca7-cc09-4ab7-a7cf-a8d7b903df25,ROCK,17,0,0,0,0,1,0,0,0,0,60,0,35,1,0,0,0,0,0,7,0,52,0,0,145,4,0,0,0,0,0,0,497,0,0,0,0,0,0,0,1,3,0,0,0,3072,0,0,0,0,0,0,0,0,0,44,0,12,0,0,0,0,0,0,0,0,211,197,1,0,3,2,0,0,0,1,180,110,0,0,0,0,0,0,45,0,0,0,0,0,10807,0,0,0,0,0,0,0,0,0,1,0,0,0,0,0,0,0,0,0,0,89,44,63,12,164,0,0,0,0,0,395,0,0,0,0,0,0,0,0,38,0,0,0,0,3192
85553a74-bc5b-4415-823a-387fb200a651,ROCK,5,0,0,0,0,1,0,0,0,26,62,0,0,0,0,0,0,0,0,0,0,0,0,0,240,3,0,0,0,0,0,0,452,0,12,26,0,0,0,0,0,2,0,0,0,3109,0,0,0,0,0,0,0,0,0,38,0,6,0,0,0,0,0,0,0,0,222,116,4,0,3,2,0,0,0,0,320,113,0,0,0,0,0,0,0,0,0,0,0,0,10993,0,6,233,0,0,0,0,0,0,9,0,1,0,0,0,0,0,0,0,0,0,54,68,0,101,0,0,0,43,0,0,0,0,0,0,251,0,0,50,0,0,8,0,0,3231
319803e9-04d8-40d2-b8d7-21a62eecd271,SCISSORS,13,0,0,0,0,0,0,0,0,0,267,0,0,0,0,0,0,0,0,0,0,0,123,3,241,18,0,0,0,0,0,0,72,0,0,0,64,0,0,0,0,0,0,0,0,3166,0,0,0,0,0,0,0,0,0,572,0,4,0,0,1,0,0,0,0,0,41,95,1,0,25,0,0,0,0,0,0,32,0,0,0,0,0,0,0,1,0,16,0,0,11089,0,0,0,0,0,0,0,0,0,16,0,0,0,0,0,0,0,0,0,0,0,0,47,0,401,0,0,0,0,0,207,0,0,2,7,0,0,0,0,0,106,0,2,0,3286
1b833bd2-9d83-4b41-ba5b-c13141423afe,PAPER,19,0,0,0,0,0,0,0,0,0,63,0,0,0,0,0,0,0,0,0,0,0,111,0,74,3,0,0,0,0,0,0,308,0,5,0,0,0,0,0,50,0,4,0,0,3190,0,0,0,0,1,1,0,0,0,0,0,9,0,0,0,0,0,0,0,0,147,115,4,0,0,0,0,0,0,0,146,79,0,0,0,12,0,0,50,0,54,0,0,0,11217,0,0,0,0,0,0,0,0,0,6,0,32,0,0,0,0,0,0,0,0,0,0,94,0,78,0,19,0,0,0,213,0,0,0,0,23,0,0,0,0,153,0,0,0,3306
598592f3-426e-42e3-9b30-3ef8472ec55d,PAPER,7,0,0,0,0,0,0,0,0,0,136,0,0,0,0,30,0,0,0,0,0,0,113,0,110,13,0,0,0,0,0,0,616,0,0,0,1,0,0,0,0,9,2,0,0,3247,0,0,0,0,0,0,0,0,31,11,0,0,1,0,0,4,0,0,0,0,404,0,0,43,0,0,0,0,0,54,309,172,0,0,0,0,0,0,0,0,1,0,0,0,11493,0,0,0,0,0,0,0,0,0,9,0,90,0,0,0,0,0,0,0,0,0,74,83,0,99,0,0,0,0,0,531,0,0,0,0,0,0,0,0,0,144,0,0,0,3337
d2261421-02c1-4b53-85d9-461f414464a1,SCISSORS,15,0,0,0,0,0,0,0,0,0,174,0,0,0,0,0,0,0,0,0,0,0,145,0,114,14,0,0,0,0,0,0,261,0,0,0,0,0,0,0,0,0,0,0,0,3290,0,0,0,0,0,0,0,0,0,119,0,2,0,0,1,0,0,0,0,0,222,55,0,0,8,0,0,0,0,0,207,81,0,0,0,0,0,0,0,2,0,11,0,0,11627,0,0,0,0,0,0,0,0,0,27,0,0,0,0,0,1,0,1,0,0,0,72,0,0,243,0,0,0,0,0,87,0,0,86,0,0,0,0,0,0,191,0,0,0,3403
a4a4a0be-37db-40aa-a15e-377bad18bd90,PAPER,16,0,15,0,0,0,0,0,0,0,37,0,0,0,0,53,0,0,0,0,0,0,108,0,1,2,0,0,0,0,0,0,155,0,0,0,7,0,0,0,1,12,1,0,0,3309,0,0,0,0,2,0,0,0,1,0,0,0,1,0,0,2,0,0,0,0,100,67,0,0,0,3,0,0,0,0,84,53,0,0,0,21,0,0,0,0,58,0,0,0,11723,0,0,0,0,0,0,0,0,0,2,0,14,0,0,0,0,0,0,0,0,0,2,124,0,54,0,0,0,0,0,0,0,0,27,0,0,0,0,0,0,169,0,0,0,3418
8000f68d-d793-4b84-a782-e827f89a6b3a,ROCK,8,0,0,0,0,1,0,0,0,30,0,0,0,1,0,0,1,0,0,0,0,0,61,0,13,0,0,0,0,67,0,51,0,0,0,0,0,0,0,0,0,1,0,1,0,3322,0,0,0,0,0,0,0,0,0,0,0,2,0,0,0,0,0,0,0,0,117,37,0,0,0,0,0,0,0,0,0,24,0,0,0,0,0,0,47,0,0,0,0,0,11764,0,0,0,0,0,0,0,0,0,0,0,0,0,0,0,0,0,0,0,0,0,0,61,0,25,0,0,0,0,0,0,0,0,0,0,0,0,0,0,35,106,0,0,0,3421
14c2cf5b-ee56-4987-9ed2-a0e86e6a5d7b,SCISSORS,10,16,0,0,0,0,0,0,0,102,232,0,0,0,0,0,0,0,0,0,0,0,104,0,34,16,0,0,0,0,0,177,56,0,0,0,0,0,0,0,0,0,0,0,0,3367,0,0,0,0,0,0,0,0,0,64,0,0,0,0,3,0,0,0,0,0,193,85,1,0,6,6,0,0,0,0,218,112,0,0,0,0,0,0,0,2,0,47,0,0,11960,0,0,0,0,2,1,0,0,0,16,0,50,1,0,0,1,0,0,0,0,93,11,2,0,225,10,0,0,0,0,0,0,0,136,0,0,0,0,22,42,125,0,0,0,3488
4edd5047-af30-4ee9-9eba-3edf9f99c7d5,PAPER,7,0,0,0,0,0,0,19,0,0,87,0,0,0,0,0,0,0,0,0,0,0,52,0,32,3,0,0,0,0,0,144,0,0,0,0,40,0,0,0,2,0,34,0,0,3386,0,0,0,0,1,0,0,0,0,0,0,0,2,0,0,1,0,0,0,0,153,52,0,0,0,0,0,0,0,0,84,81,0,0,0,0,0,0,0,0,38,0,1,0,12089,0,0,0,0,0,0,0,0,0,4,0,55,0,0,0,0,0,0,0,0,0,86,1,0,31,0,0,0,0,0,0,0,0,24,0,0,0,0,0,0,212,0,0,0,3500
92460436-c743-477a-9308-50d072bc8f9e,PAPER,16,0,0,0,0,0,0,0,0,0,49,0,0,0,0,1,0,0,0,0,0,0,54,1,30,3,0,0,0,0,0,0,186,0,0,0,54,0,0,0,26,0,0,0,0,3409,0,0,0,0,1,1,0,0,1,47,0,45,0,0,0,0,0,0,0,0,136,0,0,0,1,0,0,0,0,0,100,49,0,0,0,0,0,0,0,0,23,0,0,0,12173,0,0,0,0,0,0,0,0,0,19,0,7,0,0,0,0,0,0,0,0,0,112,0,0,128,0,0,0,0,0,0,0,0,26,0,0,0,0,0,0,112,0,0,0,3548
9b562922-77ef-4149-a05b-741d08859b29,ROCK,14,0,0,0,0,1,0,0,0,69,58,0,0,0,0,0,1,0,0,0,0,12,66,0,21,2,0,0,0,172,0,21,0,0,0,0,0,0,0,0,0,0,0,0,0,3428,0,0,0,0,0,0,0,0,0,13,0,1,0,0,0,0,0,0,0,0,104,79,0,0,0,0,0,0,0,0,104,120,0,0,0,0,0,0,2,0,0,0,0,0,12261,0,0,0,0,0,0,0,0,0,3,0,1,0,0,32,0,0,0,0,0,0,121,2,0,54,0,0,0,0,0,0,0,0,22,0,6,0,0,0,2,179,1,0,0,3572
8d5d0f25-2114-4b6e-9946-5e5522410d1e,PAPER,9,0,0,0,0,0,0,0,0,75,2,0,0,0,0,1,0,0,0,0,0,0,0,0,0,0,0,0,0,123,0,0,0,0,0,0,40,0,0,0,2,0,43,0,0,3438,0,0,0,0,2,2,0,0,1,0,0,17,1,0,0,2,0,0,0,0,74,55,0,0,0,0,0,0,0,0,56,38,0,0,0,0,0,0,0,0,36,0,2,0,12349,0,0,0,0,0,0,0,0,0,1,0,0,0,0,0,0,0,0,0,0,0,55,0,0,36,0,0,0,0,0,0,0,0,87,0,0,0,0,0,0,107,0,0,0,3577
d7913155-a094-448b-830b-9bb43b70b1f5,ROCK,5,0,0,0,0,1,0,0,0,0,215,0,0,1,0,0,1,0,0,0,0,663,84,3,369,10,0,0,0,0,0,0,0,0,0,0,60,0,0,0,0,2,0,1,0,3514,0,0,0,0,0,0,0,0,0,406,0,212,0,0,0,0,0,0,0,0,229,8,133,0,22,3,0,0,0,33,198,156,0,0,0,0,0,0,0,10,0,0,0,0,12603,0,0,0,0,0,0,0,14,0,39,0,98,0,0,3,0,0,0,0,0,0,2,78,0,568,0,0,0,0,0,276,0,0,31,0,0,0,0,0,2,261,38,0,0,3695
e695faed-bfd9-431a-b9cb-bad031997187,PAPER,16,0,0,0,0,0,0,0,0,0,223,0,0,0,0,0,0,0,0,0,0,170,97,7,274,24,0,0,0,0,0,0,92,0,0,0,34,0,0,0,18,0,0,0,0,3593,0,0,0,0,0,0,0,0,19,538,0,95,1,0,0,0,0,0,0,0,85,1,92,0,37,0,0,0,0,0,22,41,0,0,0,0,0,0,0,7,1,0,0,0,12756,0,0,0,0,0,0,0,0,0,38,0,52,0,0,0,0,0,87,0,0,0,0,126,0,584,0,0,0,0,0,0,0,0,0,0,16,0,0,36,0,0,0,0,0,3778
ec1462af-12cb-4c42-9d50-640f43be8326,PAPER,11,0,0,0,0,0,0,0,0,0,17,240,0,0,0,35,0,0,0,0,0,0,70,0,51,2,0,0,0,0,0,0,0,0,0,0,19,0,0,0,0,0,2,0,0,3613,0,0,0,0,0,0,0,0,1,0,0,0,0,0,0,2,0,0,0,0,205,0,0,0,0,0,0,0,0,0,102,75,0,0,0,0,0,0,17,0,33,0,1,0,12884,0,0,0,0,0,0,0,0,0,1,0,0,0,0,0,0,0,0,0,0,0,0,127,0,10,0,0,0,0,0,0,0,0,0,0,10,0,0,0,0,288,0,0,0,3784
e9b80513-6f4e-4025-b752-c5e8009fb869,PAPER,5,0,0,0,0,0,0,0,0,0,31,0,0,0,0,0,0,0,0,0,0,0,35,0,0,2,0,0,0,0,0,106,0,0,0,0,31,0,0,0,12,0,1,0,0,3623,0,0,0,0,0,0,0,0,0,0,0,0,0,0,0,0,0,0,0,0,104,0,0,0,0,0,0,0,0,0,58,40,0,0,0,0,0,0,0,0,15,0,1,0,12943,0,0,0,0,0,0,0,0,0,0,0,9,0,0,0,0,0,0,0,0,0,0,92,0,29,0,0,0,0,0,0,0,0,0,0,0,0,0,0,0,88,0,0,0,3788
2f990a6a-9354-498f-9ff1-180ac05665f4,PAPER,20,40,0,0,0,0,0,0,0,0,238,0,0,0,0,1,0,0,0,0,0,0,88,0,43,7,39,0,0,0,0,0,0,0,0,0,0,0,0,0,0,0,8,0,0,3647,0,0,0,0,0,0,0,0,0,251,0,0,1,0,0,0,0,0,0,0,131,0,0,0,12,0,0,0,0,0,25,33,0,0,0,0,0,0,0,0,11,0,0,0,13023,0,0,0,0,0,0,0,0,0,21,0,10,0,0,0,0,0,0,0,0,0,0,99,0,234,0,0,0,0,0,57,0,0,0,0,0,0,0,0,0,43,0,0,0,3837
56b26adf-7db8-4cd1-8575-7fd5657f3cd7,PAPER,6,0,0,0,0,0,0,0,0,0,27,0,0,0,0,1,0,0,0,0,0,0,55,0,31,1,0,0,0,0,0,0,0,0,0,260,0,0,0,0,43,0,3,0,0,3677,0,0,0,0,0,1,0,0,0,0,0,5,0,0,0,1,0,0,0,0,127,0,0,0,0,0,0,0,0,0,133,108,0,0,0,0,0,0,0,0,45,0,1,0,13134,0,0,0,0,0,0,0,0,0,0,0,1,0,0,0,0,0,0,0,0,0,2,117,0,31,0,0,0,0,0,0,0,0,0,0,0,0,0,0,0,270,0,0,0,3844
0e783a3a-b933-4310-abf7-48aca6f25d99,SCISSORS,11,0,0,0,0,0,0,0,0,0,336,0,11,0,0,0,0,0,17,0,0,0,70,61,122,17,52,0,0,0,0,0,289,0,0,0,0,0,0,0,0,0,0,0,0,3747,0,0,0,0,0,0,0,0,0,332,0,32,0,0,9,0,0,0,0,0,236,0,45,0,21,0,0,0,0,21,176,103,0,0,0,0,0,0,0,0,0,0,0,0,13359,0,42,0,0,1,0,0,0,0,11,0,0,2,0,0,1,0,0,0,0,0,0,43,0,381,0,0,0,0,0,0,0,0,0,0,137,0,0,0,0,357,0,0,0,3915
f6eb6615-9698-4a67-9797-4da57ea7d805,ROCK,13,0,0,0,38,0,1,0,0,81,42,0,0,0,0,0,0,0,0,0,0,2,39,70,66,2,0,0,0,0,0,0,297,0,0,0,0,0,0,0,0,1,0,2,0,3795,0,0,0,0,0,0,0,0,0,38,0,2,0,0,0,0,0,0,0,0,133,0,168,0,2,0,0,0,0,33,198,67,0,0,0,0,0,0,0,0,0,0,0,0,13467,0,0,0,0,0,0,0,0,0,3,0,0,0,0,5,0,0,0,0,0,0,0,32,0,39,0,0,0,0,0,0,0,0,0,0,130,0,0,11,59,360,2,0,0,3948
ee4aff4f-e069-45af-ad27-e01e54708c0a,PAPER,9,0,0,0,0,0,0,0,4,0,82,0,0,0,0,14,0,0,0,0,0,11,35,0,80,9,0,0,0,0,0,38,213,0,0,0,0,0,0,0,0,0,1,0,0,3828,0,0,0,0,0,0,0,0,1,29,0,37,0,0,0,1,0,0,0,0,167,21,72,0,4,0,0,0,0,0,40,95,0,0,0,0,0,0,3,0,17,0,0,0,13637,68,0,0,0,0,0,0,0,0,4,0,0,0,0,0,0,0,0,0,0,0,3,189,0,94,0,0,0,0,0,128,0,0,0,0,1,0,0,0,0,0,0,0,0,3969
570080f4-656e-4482-8633-a33f3c131caa,SCISSORS,10,0,0,0,236,0,0,0,0,0,338,0,0,0,0,0,0,0,79,0,0,0,161,0,278,22,5,0,0,0,0,0,0,0,0,0,0,0,0,0,0,0,0,0,0,3912,0,0,0,0,0,0,0,0,0,132,0,0,0,0,35,0,0,0,0,0,391,0,50,0,8,0,0,0,0,0,223,267,0,0,0,0,0,0,6,1,0,6,0,0,13985,0,0,0,0,0,0,0,0,0,9,0,0,0,0,0,0,0,0,0,0,340,0,58,1,162,0,0,0,0,0,0,0,0,17,0,440,0,0,0,0,91,0,1,0,4022
91b27687-5298-41d7-9772-19e59d03f9c2,SCISSORS,19,0,0,0,0,0,0,0,0,0,107,0,0,0,0,0,0,0,0,0,0,0,94,67,50,9,9,0,0,0,0,0,160,0,0,0,0,0,0,0,0,7,0,0,0,3944,0,0,0,0,0,0,0,0,0,95,0,0,0,0,0,0,0,0,0,0,124,0,65,31,7,0,0,0,0,0,78,69,0,0,0,0,0,0,1,2,0,31,0,0,14114,0,22,0,7,1,0,0,0,0,1,0,0,0,0,0,0,5,0,0,0,173,0,0,0,21,0,0,0,0,0,27,0,0,0,0,68,0,0,14,0,164,0,0,0,4044
5c05c1ce-1544-460c-9edb-e8cc9ead8437,ROCK,8,0,0,0,0,1,0,5,0,1,0,0,0,1,0,0,2,0,0,0,0,65,0,51,42,0,0,0,14,0,0,0,102,0,0,0,0,0,0,0,0,1,0,0,0,3964,0,0,0,0,0,0,0,0,0,13,0,3,0,0,0,0,0,0,0,0,74,92,0,51,2,0,0,0,0,0,14,36,0,0,0,0,0,0,0,0,0,0,0,0,14176,0,0,0,0,0,0,0,0,0,0,0,0,0,0,49,0,0,0,0,0,158,0,38,0,5,0,0,0,0,0,0,0,0,0,0,32,0,0,0,0,0,3,0,0,4056
45533771-4cfa-4258-a5ac-140cd2fc91d0,SCISSORS,10,0,0,0,0,0,0,0,0,0,49,0,0,0,7,0,0,0,0,0,0,0,111,0,1,5,2,0,0,0,0,0,191,0,0,0,0,0,0,0,0,0,0,0,0,3981,0,0,0,0,0,0,0,0,0,7,0,0,0,0,3,0,0,0,0,0,84,49,34,0,0,0,0,0,0,0,70,46,0,0,0,0,0,0,0,72,0,1,0,0,14251,0,0,0,0,0,0,0,0,0,1,0,0,1,0,0,2,0,0,0,0,1,0,59,0,50,0,0,0,0,1,0,0,0,0,0,70,0,0,0,0,180,0,1,0,4077
b571cd70-e840-4c9b-b783-d5693bf1a7d1,ROCK,5,0,0,0,0,1,3,0,0,109,59,0,0,1,0,0,2,0,0,0,0,3,26,0,59,4,0,0,0,0,0,0,106,0,0,0,0,0,0,0,0,3,0,0,0,4024,0,0,0,0,0,0,0,0,0,187,0,0,0,0,0,0,0,0,0,0,75,0,16,0,3,0,0,0,0,0,50,45,0,0,0,0,0,0,0,0,0,0,0,0,14318,0,0,0,0,0,0,0,0,0,4,0,0,0,0,2,0,0,0,0,0,0,3,62,0,51,0,0,0,0,0,0,0,0,0,0,59,0,0,0,3,116,76,0,0,4104
eaa89daa-8692-4510-876e-055de980052c,SCISSORS,6,0,0,1,0,0,0,0,0,0,143,0,0,0,0,0,0,0,0,0,0,0,110,0,0,9,8,0,0,0,0,0,64,0,0,0,0,0,0,0,0,0,0,0,0,4046,0,0,0,0,0,0,0,0,0,151,0,3,0,0,57,0,0,0,0,0,36,38,0,0,7,0,0,0,0,0,27,12,0,0,0,0,0,0,0,2,0,2,0,0,14367,0,0,0,0,2,2,0,0,63,6,0,0,1,0,0,0,0,0,0,0,33,1,76,10,117,0,0,0,0,0,0,0,0,0,0,22,0,0,0,0,2,0,0,0,4133
4401840a-80d0-473f-81da-2b490208490e,SCISSORS,16,0,0,0,0,0,0,0,0,0,77,0,0,0,0,0,0,0,7,0,0,0,172,0,82,3,1,0,0,0,0,0,93,0,0,0,0,0,0,0,0,0,0,0,0,4063,0,0,0,0,0,0,0,0,0,104,0,3,0,0,3,0,0,0,0,0,75,71,45,0,6,0,0,0,0,0,38,46,0,0,0,0,0,0,0,0,0,44,0,0,14458,0,0,0,0,1,0,19,0,0,2,0,0,0,0,0,0,0,0,0,0,304,0,0,0,36,0,0,0,0,0,0,0,0,0,0,72,0,0,0,0,1,0,0,0,4152
29938289-de21-4c02-bfe0-0601189c8938,SCISSORS,14,0,0,0,0,0,0,0,0,0,0,0,0,0,0,0,0,0,0,0,0,0,124,0,45,0,0,0,0,0,0,0,65,0,0,0,0,0,0,0,0,0,0,0,0,4066,0,0,0,0,0,0,0,0,0,13,0,0,0,0,0,0,0,0,0,0,52,0,96,0,1,0,0,0,0,0,15,31,0,0,0,0,0,0,0,1,0,25,0,0,14507,0,0,0,0,0,0,0,0,0,0,0,0,0,0,0,1,0,0,0,0,230,0,0,0,0,0,0,0,0,0,0,0,0,0,0,3,0,0,0,0,0,0,0,0,4156
9b108d57-a307-47b5-ab2e-ec51d00f2c9c,PAPER,9,0,0,18,0,0,0,0,0,0,67,0,0,0,0,2,0,0,0,0,0,0,99,0,0,7,16,0,0,0,0,152,100,0,0,0,0,0,0,0,1,0,27,0,0,4096,0,0,0,0,0,0,0,0,1,21,0,0,0,0,0,1,0,0,0,0,165,0,61,0,0,0,0,0,0,0,118,89,0,0,0,0,0,0,3,0,29,0,1,0,14663,0,0,0,0,0,0,5,0,0,2,0,0,0,0,0,0,0,0,0,0,181,0,72,0,40,0,0,0,0,0,73,0,0,0,0,104,0,0,0,0,12,0,0,0,4175
196ac7a8-e738-473c-b017-b13bfa7f089a,SCISSORS,11,0,0,0,0,0,0,0,0,0,36,0,0,0,0,0,0,0,0,0,0,0,78,0,44,3,71,0,0,0,0,0,226,0,0,0,0,0,0,0,0,0,0,0,0,4111,0,0,0,0,0,0,0,0,0,26,0,6,0,0,30,0,0,0,0,0,176,28,0,0,0,0,0,0,0,0,138,52,0,0,0,0,0,0,0,1,0,1,0,0,14758,0,0,0,0,34,0,0,0,1,3,0,0,2,0,0,1,0,0,0,0,163,0,73,0,31,0,0,0,0,0,0,0,0,0,0,129,0,0,0,0,3,0,0,18,4202
def11c01-cf64-42e5-b724-e72137b4df76,PAPER,9,0,0,0,0,0,0,0,0,0,49,0,0,0,0,2,0,0,0,0,0,0,8,39,78,2,61,0,15,0,0,0,198,0,0,0,0,0,0,0,0,0,0,0,0,4126,0,0,0,0,0,0,0,0,6,109,0,15,0,0,0,0,0,0,0,0,113,56,19,0,10,23,0,0,0,0,41,60,0,0,0,0,0,0,0,0,0,0,0,0,14870,0,0,0,0,0,0,0,0,0,10,0,0,0,0,0,0,0,0,0,0,168,0,60,0,157,0,0,0,0,0,0,0,0,0,0,57,0,0,0,0,0,0,0,0,4227
8cd51b2b-4b42-44cf-b232-bec76e38257d,PAPER,16,0,3,0,186,0,0,0,0,0,63,0,0,0,0,57,0,0,0,0,0,0,105,71,2,5,1,0,0,0,0,0,0,0,5,0,0,0,0,0,2,0,3,0,0,4157,0,0,0,0,0,2,0,0,58,61,0,44,2,0,0,1,0,0,0,0,145,0,0,0,5,0,0,0,0,0,38,145,0,0,0,0,0,0,0,0,0,0,2,0,15011,0,0,0,0,0,0,0,0,0,8,0,0,0,0,0,0,0,0,0,0,134,0,180,0,60,0,0,0,0,0,0,0,0,0,0,121,0,0,0,0,0,0,0,0,4252
3328d864-f485-4cac-a382-042e71a40813,ROCK,5,0,0,0,0,1,0,0,0,0,0,0,0,1,0,0,1,0,8,0,0,88,63,0,173,0,1,11,0,0,0,0,151,0,0,0,0,0,0,0,0,1,0,2,0,4187,0,0,0,0,0,0,0,0,0,74,0,0,0,0,0,0,0,0,0,0,173,0,104,0,0,0,0,0,0,0,78,64,0,0,0,8,0,0,0,0,0,0,0,0,15101,0,0,0,0,0,0,0,0,0,4,0,0,0,0,2,0,0,0,6,0,206,0,85,0,33,0,0,0,0,0,0,0,0,0,0,94,0,0,0,66,0,5,0,0,4285
959cb9e3-b021-4090-aa8e-4577bd2f1538,SCISSORS,18,0,0,0,0,0,0,0,0,0,96,0,0,0,0,0,0,0,0,0,0,0,11,98,0,7,11,0,0,0,0,0,66,0,0,0,0,0,0,0,0,0,0,0,0,4207,0,0,0,0,0,0,0,0,0,107,0,1,0,0,2,0,0,0,0,0,6,45,66,0,12,0,0,0,0,0,0,3,0,0,0,0,0,0,0,2,0,45,0,0,15136,0,0,0,0,0,0,0,0,56,2,0,0,0,0,0,0,0,0,0,0,72,0,66,0,57,0,0,0,0,0,0,0,0,0,0,34,0,0,0,0,2,0,0,0,4306
7fa74c7f-a4ef-4bf6-8daa-76505ef2d695,PAPER,13,0,0,0,0,0,0,0,0,0,9,0,0,0,0,2,0,0,0,0,0,0,16,28,61,0,0,0,0,0,0,0,120,0,0,0,0,0,0,0,0,0,2,0,0,4217,0,0,0,0,0,0,0,0,0,17,0,2,0,0,0,0,0,0,0,0,87,28,0,0,0,0,0,0,0,0,58,41,0,0,0,0,0,0,0,0,5,0,0,0,15209,0,0,0,0,0,0,0,0,0,1,0,0,0,0,0,0,0,0,0,0,136,0,22,0,16,0,0,0,0,0,0,0,0,0,0,63,0,0,0,0,0,0,0,0,4314
c9a48423-3366-4021-86a7-8d0f37a1b41c,PAPER,18,0,0,0,23,0,0,0,0,0,88,0,2,0,0,2,0,4,0,0,0,0,71,0,181,6,3,282,0,0,0,0,0,0,0,0,0,0,0,0,1,4,31,0,0,4260,0,0,0,0,1,0,0,0,0,0,0,16,0,0,0,1,0,0,0,0,280,3,40,0,0,0,0,0,0,7,171,138,0,0,0,0,0,0,0,0,41,0,0,0,15415,0,0,0,0,0,0,0,0,0,9,0,3,0,0,0,0,0,0,0,197,199,2,133,0,113,0,0,0,0,0,0,0,0,0,0,42,0,0,0,0,0,0,0,0,4357
05fa1401-ba6c-4c04-b432-0c9e2242ae45,PAPER,15,0,0,0,0,0,0,0,0,0,12,0,0,0,0,0,0,0,0,0,0,0,100,1,114,2,0,0,0,148,0,0,0,0,0,0,0,0,0,0,16,4,0,0,0,4275,0,0,0,0,0,1,0,0,0,27,0,0,1,0,0,1,0,0,0,0,189,0,0,0,4,0,0,0,0,0,86,69,0,0,0,0,0,0,0,0,19,0,0,0,15539,0,0,0,0,0,0,0,0,0,2,0,0,0,0,0,0,0,0,0,0,173,0,63,0,16,0,0,0,0,0,0,0,0,82,0,61,0,0,0,0,0,0,0,0,4368
03ac5ae6-d1bf-4a66-9674-2920464a3aa3,ROCK,13,0,0,0,0,3,1,0,0,2,164,4,0,1,0,0,0,0,0,0,0,87,87,2,0,11,24,0,0,0,0,553,231,0,0,0,0,0,0,0,0,19,0,1,12,4345,0,0,0,0,0,0,0,0,0,89,0,0,0,0,0,0,0,0,0,0,471,0,131,0,8,0,0,0,0,11,275,214,0,0,0,0,0,0,3,0,0,0,0,0,15883,0,0,0,0,0,0,4,0,0,1,0,0,0,0,59,0,0,0,0,0,231,6,41,0,68,0,0,0,0,0,567,0,0,0,0,218,0,0,0,4,0,3,0,0,4416
c3b97a15-5723-418e-9aa6-cf84cdf5b64e,ROCK,16,1,0,0,0,1,0,0,0,89,12,0,0,0,0,0,0,0,0,0,0,0,0,0,148,1,0,0,0,0,0,0,271,0,0,0,0,0,0,31,0,0,0,1,0,4364,0,0,0,0,0,0,0,0,0,109,0,12,0,0,0,0,0,0,0,0,93,0,163,0,10,0,0,0,0,0,112,55,0,0,0,0,0,0,1,0,0,0,0,0,16003,0,0,0,0,0,0,0,0,0,3,0,0,0,0,5,0,0,0,0,0,114,0,0,0,61,0,0,0,0,0,218,0,0,0,0,68,0,0,0,85,0,1,0,0,4439
cd108f12-4d07-4392-b401-4ec4eb701bd9,ROCK,16,0,0,0,0,0,1,0,0,127,100,0,0,0,8,0,2,2,0,0,0,86,11,0,57,4,22,0,0,43,0,0,111,0,0,0,0,0,0,0,0,1,0,1,0,4399,0,0,0,0,0,0,0,0,0,79,0,35,0,0,0,0,0,0,0,0,119,0,166,0,11,0,0,0,0,54,49,63,0,0,0,0,0,0,0,0,0,0,0,0,16121,0,0,0,0,0,0,0,0,0,9,0,0,0,0,3,0,0,0,0,0,0,1,39,0,120,0,0,0,0,0,0,0,0,0,0,79,0,0,0,59,211,55,0,0,4485
0e731f89-acb3-48f8-877a-007d39d10152,PAPER,16,0,0,0,0,0,0,0,0,0,30,0,0,0,0,1,0,0,0,0,0,0,39,0,79,1,2,0,0,0,0,0,226,0,0,0,0,0,0,0,3,0,19,0,0,4415,0,0,0,0,1,0,0,0,0,12,0,30,1,0,0,2,0,0,0,0,105,0,62,0,0,0,0,0,0,0,107,55,0,0,0,0,0,0,0,0,24,0,1,0,16226,0,0,0,0,0,0,0,0,0,5,1,0,0,0,0,0,0,0,0,0,75,0,134,0,68,0,22,0,0,0,92,0,0,0,0,3,0,0,0,0,0,0,0,0,4505
6dec6023-493c-4d55-bbe4-b5c623cff2b9,PAPER,17,0,0,0,0,0,0,0,0,0,59,0,0,0,0,3,0,0,0,0,0,0,105,0,58,5,1,0,0,0,0,0,157,0,0,0,0,0,0,0,1,0,23,0,0,4439,0,0,0,0,0,0,0,0,2,72,0,19,0,0,0,0,0,0,0,0,177,1,9,0,3,0,0,0,0,0,44,59,0,0,0,0,0,0,0,0,25,0,1,0,16333,0,0,0,0,0,0,0,0,0,4,0,0,0,0,0,0,0,0,0,0,112,1,151,0,47,0,0,0,0,0,96,0,0,0,0,0,0,0,0,1,0,0,0,0,4521
76d8d65b-963a-4d2f-b681-d50a5cfa4485,SCISSORS,10,0,0,0,0,0,0,0,0,0,5,0,0,0,1,0,0,0,0,0,0,0,64,0,209,0,0,0,0,0,0,0,287,0,0,0,0,0,0,0,0,0,0,0,2,4457,0,0,0,0,0,0,0,0,0,23,0,2,0,0,0,0,0,0,0,0,209,4,92,0,1,0,0,0,0,51,41,76,0,0,0,0,0,0,36,32,0,1,0,0,16476,0,0,0,0,1,3,0,0,1,5,0,0,0,0,0,0,0,0,0,0,307,0,64,9,45,0,0,0,0,0,0,0,0,0,0,133,0,0,0,0,0,0,0,0,4559
36945f36-2392-44b2-9163-ae3bbf029509,SCISSORS,10,0,0,0,0,0,0,0,0,0,128,0,0,0,112,0,0,0,0,0,0,0,88,1,54,9,1,0,0,0,0,274,0,0,0,0,0,0,0,0,0,0,0,0,0,4487,0,1,0,0,0,0,0,0,0,58,0,32,0,0,31,0,0,0,0,0,174,0,98,0,2,0,0,0,0,0,143,95,0,0,0,0,0,0,30,1,0,2,0,0,16652,0,0,0,0,2,1,0,0,1,4,0,0,0,0,0,0,0,0,0,0,268,0,7,0,132,0,2,0,0,0,0,0,0,0,0,180,0,0,0,0,68,0,2,0,4599
9c54c11a-aae7-4eb4-90e6-eb32bf735fdf,PAPER,13,0,0,0,0,0,0,0,0,0,70,0,0,0,0,1,0,0,0,0,0,0,73,30,3,1,0,0,0,0,0,0,153,0,0,0,0,0,0,0,44,0,2,0,0,4505,0,0,0,0,1,0,0,0,1,0,0,9,0,0,0,1,0,0,0,0,114,0,81,0,0,0,0,0,0,47,10,62,0,0,0,0,0,0,0,0,51,0,0,0,16741,0,0,0,0,0,0,0,0,0,1,0,0,0,0,0,0,0,0,0,0,137,0,86,0,75,0,0,0,0,0,0,0,0,0,0,78,0,0,0,0,0,0,0,0,4606
db74d8e0-95ef-487e-9283-9f562061dc73,SCISSORS,10,0,0,0,22,0,0,0,0,0,59,0,0,0,0,0,0,0,0,0,0,0,101,67,15,1,16,0,0,0,0,0,0,0,0,0,0,0,0,0,0,0,0,0,71,4515,0,0,0,0,0,0,0,0,0,51,0,2,0,0,3,0,0,0,0,0,140,0,41,0,3,0,0,0,0,0,20,39,0,0,0,0,0,0,0,2,0,51,0,0,16825,0,0,0,0,2,1,0,0,2,0,0,0,2,0,0,1,0,0,0,0,127,4,117,0,0,0,0,0,0,0,0,0,0,0,0,30,0,0,0,0,66,0,0,0,4640
cf2b701d-e4d9-4969-9af6-e9bb12065dcd,ROCK,18,0,0,0,0,0,1,0,0,72,66,0,0,1,0,0,5,0,0,0,0,131,166,6,71,7,27,0,0,0,0,0,0,0,0,0,0,0,0,0,0,1,0,1,0,4573,0,0,0,0,0,0,0,0,0,145,0,0,0,0,0,0,0,0,0,0,93,0,185,0,8,37,0,0,0,12,25,50,0,0,0,0,0,0,0,0,0,0,0,0,16920,0,0,0,0,0,0,0,0,0,9,0,0,0,0,4,0,1,0,0,0,235,6,89,0,91,0,0,0,0,0,0,0,0,5,0,43,0,0,0,71,0,1,0,0,4690
455cb77d-2c6f-4b5e-b191-8ab56d800686,SCISSORS,12,0,0,0,0,0,0,0,0,0,32,0,0,0,0,0,0,0,0,0,0,209,19,2,161,5,0,0,0,0,0,0,0,0,0,0,0,0,0,0,0,0,0,0,0,4597,0,0,0,0,0,0,0,0,0,47,0,0,0,0,2,0,0,0,0,0,97,1,100,0,3,0,0,0,0,0,93,47,0,0,0,0,0,0,0,36,0,2,0,0,17021,0,0,0,0,0,0,9,0,0,3,0,0,1,0,0,2,0,0,0,0,220,0,61,0,39,0,0,0,0,0,0,0,0,0,0,91,0,0,0,0,0,0,2,0,4717
2a4ca76a-35e0-4615-9918-14eb9b22af28,PAPER,15,0,0,0,0,0,0,0,0,0,6,0,0,0,0,20,0,0,0,0,0,211,39,0,172,1,1,0,0,0,0,0,0,0,0,0,0,0,0,0,1,0,0,0,0,4615,0,0,0,0,0,0,0,0,0,4,0,0,1,0,0,0,0,0,0,0,102,0,68,0,0,0,0,0,0,0,194,60,0,0,0,0,0,0,0,0,21,0,1,0,17110,0,0,0,0,0,0,0,0,0,3,0,0,0,0,0,0,0,0,0,0,206,0,62,0,73,0,0,0,0,0,54,0,0,0,0,53,0,0,0,0,0,0,0,0,4739
eb4546ab-4ab9-4e56-9e9e-f8e4261ded42,ROCK,15,0,0,0,0,0,1,0,0,0,0,0,0,1,0,0,0,0,0,0,0,95,54,0,73,0,0,0,0,0,0,0,0,0,0,0,0,0,0,144,0,2,0,0,139,4630,0,0,0,0,0,0,0,0,0,30,0,2,0,0,0,0,0,0,0,0,128,123,0,0,0,0,0,0,0,0,98,122,0,0,0,0,0,0,6,0,0,0,0,0,17228,0,0,0,0,0,0,0,0,0,2,0,0,0,0,68,0,0,0,0,0,143,0,85,0,19,0,0,0,0,0,0,0,0,0,0,177,0,0,9,3,0,3,0,0,4773
914632cb-a7bf-42ec-8649-966fc291d6f1,ROCK,7,0,0,0,0,1,2,0,0,112,0,0,0,1,0,0,4,0,0,0,0,2,0,0,28,0,0,0,0,0,0,0,0,0,0,0,0,0,0,187,0,1,0,1,5,4652,0,0,0,0,0,0,0,0,0,23,0,0,0,0,0,0,0,0,0,0,58,54,131,0,2,3,0,0,0,0,42,31,0,0,0,0,0,0,0,0,0,0,0,0,17281,28,2,0,0,0,0,0,0,0,4,0,0,0,0,6,0,0,0,0,0,75,0,95,0,10,0,0,0,0,0,0,0,0,0,0,10,0,0,0,4,40,70,0,0,4807
c91cc843-7b9e-4bd0-9000-6f6944e2382b,ROCK,15,0,0,0,0,0,2,0,0,121,6,0,0,1,0,0,0,0,0,0,0,58,58,3,17,0,12,0,0,0,0,0,0,0,0,0,0,0,0,147,4,0,0,2,0,4681,0,0,0,0,0,0,0,0,0,86,0,36,0,0,0,0,0,0,0,0,53,3,187,0,7,0,0,0,0,0,29,29,0,0,0,0,0,0,0,1,0,0,0,0,17354,0,0,0,0,0,0,0,0,0,6,0,0,0,0,0,0,0,0,0,0,0,1,109,0,111,0,0,0,0,0,0,0,0,0,136,33,0,0,0,35,0,0,0,0,4828
e9bdbff3-2d54-4b14-8a83-330e697400b0,ROCK,14,0,0,0,0,0,3,0,0,0,1,0,0,0,0,0,1,0,10,0,0,82,0,0,109,0,0,0,0,0,0,0,0,0,0,0,0,0,0,528,0,1,0,1,0,4705,0,0,0,0,0,0,0,0,0,59,0,187,0,0,0,0,0,0,0,0,128,0,54,0,7,0,0,0,0,14,220,67,0,0,0,0,0,0,0,0,0,0,0,0,17485,0,1,0,0,0,0,0,0,0,4,0,0,0,0,3,0,0,0,0,0,334,0,95,0,131,0,0,0,0,0,0,0,0,0,0,113,0,0,0,55,0,0,0,0,4875
5a603848-0285-4c18-8819-deb752f3605d,ROCK,17,0,0,0,0,0,0,0,0,68,0,0,0,0,0,0,1,0,0,0,0,3,0,0,0,0,0,0,0,0,0,0,0,0,0,0,0,0,0,242,0,0,0,2,0,4719,0,0,0,0,0,0,0,0,0,17,0,71,0,0,0,0,0,0,0,0,60,13,84,0,2,0,0,0,0,0,40,29,0,0,0,0,0,0,0,0,0,0,0,0,17538,0,0,0,0,0,0,61,0,0,1,0,0,0,0,40,0,0,0,0,0,0,1,92,0,27,0,0,0,0,0,86,0,0,0,0,0,0,0,0,8,0,0,0,0,4891
01b6cf2e-4d55-4b33-8f33-36796e658869,ROCK,20,0,0,0,0,0,2,0,0,2,0,0,0,1,0,0,0,0,0,0,0,93,39,1,0,0,6,0,0,0,0,0,0,0,0,0,0,0,0,169,0,2,0,2,0,4742,0,0,0,0,0,0,0,0,0,40,0,5,0,0,0,0,0,0,0,0,60,122,35,0,3,0,0,0,0,0,21,31,0,0,0,0,0,0,0,0,0,0,0,0,17586,0,0,0,0,0,0,0,0,0,3,0,0,0,0,3,0,0,0,0,0,0,0,35,0,19,0,0,62,0,1,79,0,0,0,0,43,0,0,0,1,0,71,0,0,4909
cd71f096-f5ad-4c25-b783-721755f4d18e,PAPER,8,0,0,0,0,0,0,0,0,0,20,0,0,0,0,1,0,0,0,0,0,0,33,0,0,1,1,0,0,0,0,0,0,0,0,0,0,0,0,1457,0,0,25,0,0,4750,0,0,0,0,0,0,0,0,1,41,0,143,1,0,0,0,0,0,0,0,174,131,7,0,3,0,0,0,0,0,905,98,0,0,0,0,0,0,0,0,34,0,0,0,17769,0,0,0,0,0,0,0,55,0,30,712,0,0,0,0,0,4,0,0,0,0,0,63,3,398,0,0,12,0,0,0,0,0,0,0,261,0,0,0,0,0,0,0,0,5008
6dc64a4c-a413-4498-a7d4-96d98493eac4,ROCK,20,0,0,0,0,2,1,0,0,109,59,0,0,1,0,0,4,0,0,0,0,4,79,0,178,4,1,0,0,0,0,0,0,0,0,0,0,0,0,0,0,3,0,1,137,4795,0,0,0,0,0,0,0,0,0,182,0,6,0,0,0,0,0,0,0,0,77,127,0,0,13,0,0,0,0,0,81,97,0,0,0,0,0,0,0,0,0,0,0,0,17870,0,0,0,0,0,0,0,0,0,8,0,0,0,0,2,0,0,197,0,0,0,42,55,0,98,0,0,0,0,0,62,0,0,0,0,46,0,0,0,69,0,4,0,0,5045
ddadb088-8486-4e9b-8e1b-90215f64e6c9,PAPER,12,0,0,0,0,0,0,0,0,126,9,0,0,0,0,52,0,0,0,0,0,0,30,0,22,0,4,0,0,0,0,0,0,0,0,0,0,0,0,0,2,0,2,0,61,4811,0,0,0,0,0,1,0,0,2,0,0,0,0,0,0,3,0,0,0,0,80,72,0,0,0,0,0,0,0,0,51,43,0,0,0,0,0,0,0,0,56,0,0,0,17953,0,0,0,0,0,0,0,0,0,2,0,0,0,0,0,0,0,0,0,0,0,72,0,0,39,0,0,0,0,0,0,0,0,0,0,0,0,0,0,91,104,0,0,0,5052
391426ac-e9fe-447b-bc31-3bf76cb739bb,ROCK,18,0,0,0,0,1,0,0,0,0,24,0,0,0,0,0,2,0,0,0,0,67,53,0,0,1,0,0,0,0,0,0,0,0,0,0,0,0,0,592,0,2,0,1,0,4826,0,0,0,0,0,0,0,0,0,17,0,22,0,0,0,0,0,0,0,0,182,85,1,0,0,0,0,0,0,14,349,70,0,0,0,0,0,0,0,3,0,0,0,0,18080,0,0,0,0,0,0,0,0,0,12,0,0,0,0,31,0,0,32,0,0,0,0,39,0,178,0,0,0,92,0,0,0,0,155,0,1,0,0,0,53,148,2,0,0,5098
8bf1c417-0a87-4a75-8381-9e99d93e8c6c,SCISSORS,15,0,0,0,0,0,0,0,0,0,0,0,0,0,0,0,0,0,0,0,0,80,55,0,0,0,1,0,0,0,0,0,0,0,0,0,0,0,0,334,0,0,0,0,0,4829,0,0,0,0,0,0,0,0,0,26,0,9,0,0,11,0,0,0,0,0,94,113,1,0,1,0,0,0,0,0,160,52,0,0,0,0,0,0,3,0,0,0,0,0,18176,0,0,0,0,0,0,0,0,23,0,0,0,0,0,0,0,0,0,0,0,104,0,69,0,20,0,0,0,0,0,249,0,0,0,0,0,0,0,0,5,0,0,0,0,5106
c8088a0d-1b74-4dd4-926f-6a75eb5873a4,PAPER,12,0,0,0,0,0,0,0,0,0,23,0,0,0,0,1,0,0,0,0,0,0,110,0,18,1,12,0,0,0,0,0,0,0,0,0,0,51,0,127,0,0,36,0,0,4842,0,0,0,0,1,0,0,0,2,35,0,25,0,0,0,0,0,0,0,0,102,100,3,0,1,0,0,0,0,0,11,53,0,0,0,0,0,0,0,0,46,0,0,0,18279,0,13,0,0,0,0,0,0,0,3,0,0,0,0,0,0,0,0,0,0,165,1,94,0,49,0,0,0,0,0,51,0,0,0,0,3,0,0,0,0,0,0,0,0,5119
50ce9a37-a00c-4b00-8fd1-3ee10b33ef1d,PAPER,11,0,0,0,0,0,0,0,0,0,14,0,0,0,0,1,0,0,0,0,0,88,119,1,61,0,1,0,0,0,0,0,0,0,0,0,0,0,0,0,31,0,1,0,0,4855,0,0,0,0,1,2,0,0,0,32,0,37,0,0,0,0,0,0,0,0,155,0,0,0,1,0,0,0,0,0,8,41,0,0,0,0,0,0,0,0,40,0,0,0,18349,0,0,0,0,0,0,0,0,0,2,0,0,0,0,0,0,0,0,0,0,49,0,156,0,39,0,0,0,0,0,61,0,0,0,0,10,0,0,0,0,0,0,0,0,5129
641203a6-bb83-4643-a994-6d8bc5577d86,PAPER,8,0,0,0,0,0,0,0,67,0,76,0,0,0,0,2,0,0,0,0,0,0,90,0,0,5,5,0,0,0,0,0,95,0,0,0,0,0,0,0,0,0,37,0,0,4877,0,0,0,0,0,0,0,0,43,0,0,19,2,0,0,0,0,0,0,0,192,0,0,0,0,0,0,0,0,0,51,70,0,0,0,0,0,0,0,0,0,0,0,0,18454,0,107,0,0,0,0,0,0,0,4,0,0,0,0,0,0,0,0,0,0,54,0,63,0,49,0,0,0,0,0,100,0,0,0,0,0,0,0,0,0,0,0,0,0,5143
91d9e8ef-52d7-48e2-a516-feac0dff4d10,SCISSORS,18,0,0,0,0,0,0,0,0,0,143,0,0,0,0,0,0,0,29,0,0,0,202,6,36,7,77,0,0,0,0,0,150,0,0,0,0,0,0,0,3,0,0,0,0,4924,0,0,0,0,0,0,0,0,0,228,0,5,0,0,53,0,0,0,0,0,172,36,0,0,9,0,0,0,0,23,53,70,0,0,0,0,0,0,0,4,0,0,0,0,18598,0,78,0,0,2,4,0,0,58,4,0,0,0,0,0,0,0,0,0,0,297,37,3,0,34,0,0,0,0,0,0,0,0,0,0,133,0,0,0,0,2,0,1,0,5198
0d51c8d2-9d7b-4642-9c5e-e003073fe8c9,PAPER,12,0,0,0,0,0,0,0,0,0,23,0,0,0,0,54,0,0,0,0,0,0,97,0,165,0,2,0,0,0,0,0,202,0,0,0,0,0,0,0,6,0,3,0,0,4959,0,0,0,0,4,3,0,0,1,62,0,9,0,0,0,1,0,0,0,0,155,79,1,0,0,0,0,0,0,0,97,83,0,0,0,0,0,0,0,0,56,0,1,0,18758,0,0,0,0,0,0,0,0,0,4,0,0,0,0,0,0,0,0,0,0,269,0,117,0,46,0,10,0,0,0,0,0,0,0,0,106,0,0,0,0,0,0,0,0,5216
0c0e07ec-ccd0-401a-adca-94163b14231d,ROCK,12,0,0,0,0,0,0,0,0,0,0,0,0,0,0,0,0,0,0,0,0,27,68,0,100,0,0,0,0,80,0,0,87,0,0,0,0,0,0,0,0,10,0,0,0,4968,0,0,0,0,0,0,0,0,0,71,0,24,0,0,0,0,0,0,0,0,128,58,0,0,6,0,0,0,0,0,48,32,0,0,0,0,0,0,0,5,0,0,0,0,18824,0,0,0,0,0,0,0,0,0,7,0,0,0,0,1,0,0,0,0,0,174,30,68,0,46,0,0,0,0,0,0,0,0,0,0,35,0,0,0,10,0,1,0,0,5243
0a48669b-fb9a-4e24-8208-ef4be690665b,SCISSORS,9,0,0,0,0,0,0,0,0,0,31,0,0,0,0,0,0,0,0,0,0,0,70,2,61,2,24,0,0,141,0,0,0,0,0,0,0,0,0,0,0,0,0,0,0,4983,0,0,0,0,0,0,0,0,0,60,0,0,0,0,0,0,0,0,0,0,86,87,0,0,8,0,0,0,0,0,27,45,0,0,0,0,0,0,0,18,0,0,0,0,18913,0,0,0,0,0,0,0,0,0,0,0,0,0,0,0,0,0,0,0,0,162,61,0,0,0,0,0,0,0,0,107,0,0,0,0,0,0,0,0,0,1,0,0,0,5250
0b8a9d6b-482d-4a37-a546-0d215c7443b0,SCISSORS,12,0,0,0,0,0,0,0,0,29,50,0,0,0,0,0,0,0,0,0,0,0,170,0,140,3,18,0,0,0,0,0,64,0,0,0,0,0,0,0,0,9,0,0,0,5000,0,0,0,0,0,0,0,0,0,97,0,6,0,0,2,0,0,0,0,0,87,104,0,0,9,0,0,0,0,0,73,46,0,0,0,0,0,0,7,2,0,50,0,0,19015,0,0,0,0,2,1,0,0,4,3,0,0,2,0,0,2,0,0,0,0,198,1,39,0,45,0,0,0,0,0,109,0,0,0,0,3,0,0,0,0,73,0,1,0,5285
d5bf4dea-b0ad-4a2d-8d47-ad8fe692ef3e,SCISSORS,20,0,0,0,17,0,0,0,0,0,39,0,0,0,0,0,0,0,0,0,0,0,63,0,132,3,0,0,0,0,0,0,196,0,7,0,0,0,0,0,0,0,0,0,0,5020,0,0,0,0,0,0,0,0,0,68,0,2,0,0,1,0,0,0,0,0,113,47,0,0,5,0,0,0,0,0,153,58,0,0,0,0,0,0,0,9,0,1,0,0,19129,0,0,0,0,0,1,0,0,1,5,0,0,0,0,0,0,0,0,0,0,124,0,0,0,90,0,0,0,0,0,215,0,0,0,0,0,0,0,21,0,0,0,0,0,5309
43e26996-49d9-4839-85ff-fcb61dcd7f23,PAPER,8,0,0,0,0,0,0,0,0,0,15,0,0,0,0,0,0,0,0,0,0,0,97,0,0,3,0,0,0,0,0,53,103,0,0,0,0,0,0,0,29,0,0,0,0,5030,0,0,0,0,1,0,0,0,0,0,0,32,0,0,0,0,0,0,0,0,95,68,0,0,0,0,0,0,0,0,68,35,0,0,0,0,0,0,0,0,0,0,1,0,19189,0,0,0,0,0,0,0,0,0,1,0,0,0,0,0,0,0,0,0,0,111,0,65,0,43,0,0,0,0,0,80,0,0,0,0,0,0,0,0,0,0,0,0,0,5315
4330136d-c28b-4cb4-876d-e9ba3fcbd251,ROCK,7,0,0,0,0,0,0,0,0,4,29,0,0,1,0,0,0,0,0,0,0,233,84,1,106,4,13,0,0,0,0,0,0,0,0,0,0,0,0,0,0,1,0,1,0,5063,0,0,0,0,0,0,0,0,0,117,0,0,0,0,0,0,0,0,0,0,139,125,0,0,12,0,0,0,0,0,37,47,0,0,0,0,0,0,0,0,0,0,0,0,19285,0,0,0,0,0,0,0,0,0,1,0,0,0,0,2,0,0,0,0,0,49,1,93,0,45,0,0,0,0,0,201,0,0,0,0,0,0,0,0,77,0,8,0,0,5346
5355c76e-b889-467f-bc22-2105fc5a3e3a,ROCK,20,0,0,0,0,3,2,0,0,1,66,0,0,1,42,0,0,0,0,0,0,308,0,0,299,7,0,0,0,0,0,0,0,0,0,0,0,0,0,0,0,3,0,2,0,5114,0,0,0,0,0,0,0,0,0,342,0,4,0,0,0,0,0,0,0,0,63,186,0,0,14,0,0,0,0,5,85,35,0,0,0,0,0,0,0,0,0,0,0,0,19379,0,0,0,0,0,0,0,0,0,11,0,0,0,0,61,0,0,0,0,0,190,2,112,0,175,0,0,0,0,1,159,0,0,0,0,4,14,0,0,3,0,2,0,0,5397
92ce2a0f-c80b-4f4b-a358-f4928afa8824,PAPER,14,0,0,0,0,0,0,0,0,0,24,0,0,0,0,0,0,0,0,0,0,372,45,0,193,2,1,0,0,0,0,0,0,0,0,0,0,0,0,0,0,0,19,0,0,5130,0,0,0,0,0,1,0,0,0,1,0,18,0,0,0,0,0,0,0,0,163,64,0,0,0,0,0,0,0,0,333,73,0,0,0,0,0,0,0,0,3,0,0,0,19509,0,14,0,0,0,0,0,0,0,4,0,0,0,0,0,0,0,0,0,0,90,0,134,0,69,0,0,0,0,0,345,0,0,0,0,0,0,0,0,0,0,0,0,0,5419
9e22ff86-d657-4610-9638-f3410ac70c7e,PAPER,6,0,0,0,189,0,0,0,0,0,43,0,0,0,0,2,0,0,0,0,0,0,103,0,30,2,5,0,0,0,0,0,0,0,0,0,0,0,0,0,0,0,52,0,0,5152,0,0,0,0,0,1,0,0,0,0,0,36,0,0,0,1,0,0,0,0,236,0,0,0,0,0,0,0,0,0,70,61,0,0,0,0,0,0,18,0,1,0,2,0,19600,0,0,0,0,0,0,0,0,0,2,0,0,0,0,0,0,0,0,0,0,69,107,63,0,34,0,0,0,0,0,150,0,0,0,0,1,0,0,0,0,0,0,0,0,5428
40321215-45ec-4d32-98b2-c87d2ac913c2,ROCK,16,216,0,0,0,1,0,0,0,95,356,0,0,0,0,0,1,0,0,12,0,1,67,3,349,31,34,63,0,0,0,0,0,0,0,0,0,0,0,0,0,0,0,1,0,5251,0,0,0,0,0,0,0,0,0,586,0,46,0,0,0,0,0,0,0,0,166,114,2,0,37,0,0,0,0,0,174,75,0,0,0,30,0,0,0,0,0,0,0,0,19792,0,0,0,0,0,0,0,0,0,23,0,40,0,0,2,0,0,0,0,0,138,37,46,0,433,0,0,0,0,0,462,0,0,0,0,0,0,0,0,1,0,48,0,0,5500
4c2620eb-2c7f-4f52-89ae-a10ec027b13b,SCISSORS,20,86,0,0,0,0,0,0,0,134,10,0,0,0,0,0,0,0,12,0,0,0,63,0,61,1,0,0,0,0,0,23,0,0,0,0,0,0,0,0,0,0,0,0,0,5265,0,20,0,0,0,0,0,0,0,28,0,2,0,0,30,0,0,0,0,0,82,89,0,0,0,0,0,0,0,0,92,40,0,0,0,0,0,0,0,4,0,3,0,0,19869,0,0,0,0,1,0,0,0,0,2,0,0,1,0,0,0,0,0,0,0,186,0,68,0,36,0,0,0,0,0,0,0,0,0,43,52,0,0,0,0,1,0,0,0,5524
efab6d35-2f14-4568-9b0e-f193013b1db2,SCISSORS,18,0,0,0,0,0,0,0,0,0,16,0,0,0,0,0,0,0,0,0,0,122,52,1,171,0,7,0,0,0,0,0,0,0,0,0,0,0,0,0,0,0,0,0,0,5282,0,0,0,0,0,0,0,0,0,77,0,0,0,0,0,0,0,0,0,0,95,73,0,0,2,0,0,0,0,0,49,56,0,0,0,0,0,0,0,17,0,0,0,0,19958,0,0,0,0,0,0,0,0,1,0,0,0,0,0,0,0,0,0,0,0,310,0,0,0,0,0,0,0,0,0,0,0,0,0,0,57,0,0,0,0,1,0,0,0,5534
f845b807-f319-4452-a8a9-3be7441e7f91,SCISSORS,16,0,0,0,0,0,0,0,0,0,76,0,10,0,0,0,0,0,0,0,0,181,69,4,100,3,1,0,0,0,0,24,34,0,0,0,45,0,0,17,0,0,0,0,0,5311,0,0,0,0,0,0,0,0,0,125,0,85,0,0,0,0,0,0,0,0,107,59,0,0,12,0,0,0,0,0,104,57,0,0,0,0,0,0,0,1,0,14,0,0,20070,0,0,0,0,0,1,0,0,0,4,0,0,0,0,0,0,0,0,0,0,320,0,8,0,94,0,0,0,0,0,0,0,0,0,0,137,0,0,0,0,0,0,0,0,5557
c0f6a3c9-6af4-47d7-99e2-1e694c42bf66,ROCK,8,0,0,0,0,0,41,0,0,1,0,0,0,0,0,0,1,0,0,0,0,1,45,0,36,0,0,0,0,0,0,0,158,0,0,0,0,0,0,0,0,1,0,2,0,5331,0,0,0,0,0,0,0,0,0,4,0,45,0,0,0,0,0,0,0,0,69,0,67,0,0,0,0,0,0,15,49,37,0,0,0,0,0,0,0,0,0,0,0,0,20132,0,0,0,0,0,0,0,0,0,0,0,0,0,0,0,0,0,0,0,0,162,0,23,0,5,0,0,0,0,0,0,0,0,0,0,55,0,0,0,40,0,1,0,0,5570
6f52af48-27af-4bf4-8303-93d1183ec5ba,SCISSORS,15,0,0,0,0,0,0,0,40,0,244,0,0,0,0,0,0,0,0,0,0,0,1,64,223,13,0,0,0,0,0,0,357,0,0,0,0,0,0,0,0,0,0,0,0,5383,0,0,0,0,0,0,0,0,0,189,0,0,0,0,21,0,0,0,0,0,234,39,70,0,18,1,0,0,0,0,239,126,0,0,0,0,0,0,3,1,0,1,0,0,20381,0,12,25,0,1,0,0,0,5,19,0,3,2,0,0,1,0,0,0,0,298,1,90,0,233,0,0,11,0,2,0,0,0,0,0,237,0,0,0,0,1,0,1,0,5656
b8709ecb-a42f-41ef-876b-e5c31250bf28,SCISSORS,18,0,0,0,0,0,0,0,0,0,67,0,0,0,0,0,0,0,0,0,0,8,97,30,271,1,4,0,0,0,0,0,296,0,0,0,0,0,0,15,0,0,0,0,55,5424,0,0,0,0,0,0,0,0,0,74,0,7,0,0,0,0,0,0,0,0,242,28,32,0,1,0,0,0,0,0,308,129,0,0,0,0,0,0,1,0,0,22,0,0,20600,0,0,0,0,0,0,0,0,4,12,0,0,0,0,0,0,0,0,0,0,353,0,10,0,120,0,0,21,0,0,0,0,0,5,0,242,0,0,0,9,58,0,1,9,5725
e29f2b14-7cb1-4dfa-8755-ec2b82b2da26,ROCK,12,0,0,0,0,0,0,0,0,0,37,0,0,0,0,0,0,0,8,0,0,82,74,2,186,3,1,0,0,0,1,0,303,0,0,0,0,0,0,0,0,1,0,1,0,5465,0,0,0,0,0,0,0,0,0,88,0,0,0,0,0,0,0,0,0,0,179,0,55,0,2,117,0,0,0,1,160,97,0,0,0,0,0,0,0,0,0,0,0,0,20763,0,0,0,0,0,0,0,0,0,5,0,0,0,0,1,0,0,0,0,0,278,1,34,0,56,0,0,0,0,0,60,0,0,0,0,216,0,0,0,42,0,6,0,0,5759
adbeb1da-aad4-4e81-b7af-e24975b29448,PAPER,9,0,0,0,0,0,0,0,0,0,6,0,0,0,0,1,0,0,0,0,0,70,39,0,22,1,4,7,0,0,0,0,66,0,0,0,0,0,0,8,16,0,0,0,0,5478,0,0,0,0,0,0,0,0,0,0,0,0,2,0,0,0,0,0,0,0,75,0,0,0,0,69,0,0,0,0,33,39,0,0,0,0,0,0,0,0,21,0,1,0,20827,0,0,0,0,0,0,0,0,0,0,0,0,0,0,0,0,0,0,0,0,101,0,130,0,0,0,0,0,0,0,0,0,0,0,0,9,0,0,0,0,0,0,0,0,5762
7868ebb1-cd2f-4d1c-aade-8daa317ed424,SCISSORS,19,0,0,0,0,0,0,0,0,0,42,0,0,0,0,0,0,0,0,0,0,0,181,3,12,1,1,0,0,0,0,0,155,0,0,0,0,0,0,0,0,0,0,0,0,5493,0,0,0,0,0,0,0,0,0,28,0,0,0,0,1,0,0,0,0,0,162,1,59,0,2,2,0,0,0,0,49,55,0,0,0,0,0,0,0,34,0,2,0,0,20919,0,0,0,0,1,1,0,0,2,0,0,3,0,0,0,0,0,0,0,0,181,1,92,0,7,0,0,0,0,0,0,0,0,0,0,104,0,0,0,0,1,0,2,0,5790
e745cae9-8d9a-48bb-864a-548104285f88,SCISSORS,12,0,0,0,0,0,0,0,0,0,40,0,0,0,0,0,0,0,0,0,0,0,175,0,74,3,5,0,0,0,0,0,248,0,0,0,0,0,0,0,0,0,0,0,0,5509,0,0,0,0,0,0,0,0,0,47,0,66,0,0,48,0,0,0,0,0,115,0,110,0,3,0,0,0,0,0,86,67,0,0,0,0,0,0,0,3,0,0,0,0,21030,0,0,0,0,0,0,0,0,0,6,0,0,1,0,0,0,0,0,0,0,262,0,12,0,81,0,0,0,0,20,0,0,0,5,0,95,0,0,0,0,61,0,2,0,5821
5998c42d-8b4e-4088-a4f3-78a8da4a5d3b,SCISSORS,18,0,0,0,0,0,0,0,0,0,55,0,1,0,0,0,0,0,0,0,0,0,72,0,266,10,0,0,0,0,0,0,341,0,0,0,0,0,0,0,0,0,0,0,0,5549,0,0,0,0,0,0,0,0,0,60,0,5,0,0,1,0,0,0,0,0,206,1,105,0,3,0,0,0,0,0,213,112,0,0,0,0,0,0,3,2,0,34,0,0,21217,0,0,0,7,0,0,0,0,44,5,0,0,1,0,0,0,0,0,0,0,368,0,0,0,100,0,0,0,0,0,0,0,0,0,0,216,2,0,0,0,0,0,2,0,5865
671d7032-3de3-4a3d-a93a-87324f12221c,SCISSORS,18,0,0,0,0,0,0,0,0,0,49,0,0,0,0,0,0,0,0,0,0,0,99,0,43,5,2,0,0,0,0,68,74,0,0,7,0,0,0,0,0,0,0,0,0,5563,0,0,0,0,0,0,0,0,0,12,0,22,0,0,3,0,0,0,0,0,95,0,78,0,2,0,0,0,0,33,2,49,0,0,0,0,0,0,0,1,0,50,0,0,21307,0,0,0,0,0,0,0,0,0,3,0,0,1,0,0,0,0,0,0,0,236,3,31,0,28,0,0,0,0,0,0,0,0,0,0,45,0,0,0,0,0,0,0,0,5883
fb4e72e6-5326-429f-be36-75e941eceaa0,ROCK,8,0,10,0,0,1,0,0,0,0,40,7,0,3,0,0,1,0,0,0,0,28,64,0,210,2,0,0,0,0,0,0,224,0,0,0,0,0,0,0,0,0,0,0,0,5593,0,0,0,0,0,0,0,0,0,96,0,26,0,0,0,0,0,0,0,0,152,74,65,0,4,0,0,0,0,31,57,85,0,0,0,0,0,0,0,0,0,0,0,0,21454,0,5,0,0,0,0,0,23,0,4,0,0,0,0,24,0,0,0,0,7,275,0,35,0,109,0,0,0,0,35,0,0,0,0,0,73,0,0,0,0,0,0,0,0,5909
41de982b-bf22-4723-ab56-9fade33477ad,SCISSORS,6,0,0,0,0,0,0,0,0,0,13,0,0,0,0,0,0,0,0,0,0,0,120,3,122,0,0,0,0,0,0,0,154,0,0,0,0,0,0,0,0,0,0,0,0,5605,0,0,0,0,0,0,0,0,0,133,0,0,0,0,2,0,0,0,0,0,72,68,48,0,9,0,0,0,0,0,19,39,0,0,0,0,0,0,0,21,0,1,0,0,21544,0,0,0,0,0,2,0,0,1,0,0,0,0,0,0,1,0,0,0,0,238,0,68,0,0,0,0,0,0,0,0,0,0,0,0,39,0,0,0,0,63,0,0,0,5920
7f55937b-762b-49e8-a2f5-1690fddc4b77,ROCK,6,0,0,0,0,1,0,0,0,1,100,0,0,0,0,0,0,0,0,0,0,75,93,2,90,6,0,0,0,0,0,0,197,0,0,0,0,0,0,0,0,0,0,1,0,5643,0,0,0,0,0,0,0,0,0,141,0,1,0,0,0,0,0,0,0,0,78,104,77,0,8,0,0,0,0,0,118,39,0,0,0,0,0,0,0,0,0,0,0,0,21627,0,0,0,0,0,0,0,13,0,13,0,0,0,0,5,0,0,0,0,0,209,0,0,0,144,0,0,0,0,0,0,0,0,0,0,95,0,0,0,2,0,49,0,36,5975
7bf4065c-f4db-401f-8413-67b5658bf8cf,SCISSORS,5,0,0,0,0,0,0,0,0,0,200,0,0,0,0,0,0,0,0,0,0,8,81,0,70,16,30,0,0,0,0,0,251,0,0,0,0,0,0,0,0,0,0,0,0,5695,0,0,0,0,0,0,0,0,0,172,0,3,0,0,9,0,0,0,0,0,140,70,46,0,11,0,0,0,0,0,125,79,0,0,0,0,0,0,0,0,0,1,0,0,21754,0,0,0,0,0,0,0,0,23,17,0,0,1,0,0,0,0,0,0,0,234,3,45,0,200,0,0,0,0,0,0,0,0,0,0,130,0,0,0,3,0,0,0,0,6041
c9ad24b5-221c-46da-8b0d-8a88bc66365c,SCISSORS,8,0,0,0,0,0,0,0,0,0,130,0,0,0,0,0,0,0,0,0,0,0,190,0,0,4,6,0,0,0,0,0,0,0,0,0,0,0,0,0,0,0,0,0,0,5706,0,0,0,0,0,0,0,0,0,132,0,0,0,0,2,0,0,0,0,0,1,1,136,0,9,0,0,0,0,0,0,0,0,0,0,0,0,0,0,47,0,2,0,0,21786,0,0,0,0,1,2,0,0,68,6,0,0,1,0,0,1,0,0,0,0,116,0,0,0,64,0,0,0,0,0,0,0,0,0,0,69,0,0,0,0,0,0,2,0,6072
80ee7dd8-6e75-418c-9c10-5e4b7f50aec9,SCISSORS,8,0,0,0,0,0,0,0,0,0,67,46,0,0,0,0,0,0,0,0,0,0,76,0,134,3,0,0,0,0,0,0,67,0,0,0,0,0,0,0,0,0,0,0,0,5721,0,0,0,0,0,0,0,0,0,58,0,6,0,0,27,0,0,0,0,0,84,49,76,0,2,0,0,0,0,2,44,44,0,0,0,0,0,0,0,0,0,1,0,0,21872,0,0,0,0,3,0,0,0,0,0,0,0,1,0,0,1,0,0,0,0,261,0,0,0,14,0,0,0,0,0,0,0,0,0,0,65,0,0,0,0,48,0,0,0,6095
3f9d3a55-177c-4895-8224-898b98f8e56a,SCISSORS,17,0,0,0,0,0,0,0,0,0,72,0,6,0,0,0,0,0,0,0,0,0,91,0,57,2,5,0,0,0,0,152,196,0,0,0,0,0,0,0,0,0,0,0,0,5741,0,0,0,0,0,0,0,0,0,36,0,4,0,0,1,0,0,0,0,0,139,60,44,0,0,0,0,0,0,0,182,77,0,0,0,0,0,0,0,1,0,37,0,0,21998,0,10,0,0,0,1,5,0,1,5,0,0,1,0,0,0,0,24,0,0,235,0,0,0,52,0,0,0,0,0,0,0,0,0,0,162,0,0,0,0,85,0,0,0,6138
affbbf37-849f-4698-885a-3b0e4f76d4e2,SCISSORS,8,0,0,0,0,0,0,0,0,14,110,0,0,0,0,0,0,0,0,0,4,0,86,71,314,10,0,0,0,0,0,0,455,0,0,0,0,0,0,0,0,5,0,0,0,5791,0,0,0,0,0,0,0,0,0,163,0,12,0,0,24,0,0,0,0,0,272,85,71,0,8,0,0,0,0,6,280,144,0,0,0,0,0,0,1,1,0,2,0,0,22257,0,0,0,0,34,0,0,0,0,7,0,0,0,0,0,0,1,25,0,0,478,0,22,0,65,0,0,0,0,0,0,0,0,0,0,368,0,0,0,0,69,0,0,0,6195
20f0aff7-ccf0-4666-a21b-10c37464a7cb,PAPER,15,0,0,9,0,0,0,0,0,0,164,0,0,0,0,5,0,0,0,0,0,0,45,76,162,12,0,0,0,23,0,0,218,0,0,0,0,0,0,0,0,0,0,0,0,5825,0,0,0,0,0,0,0,0,0,141,0,12,0,0,0,0,0,0,0,0,185,156,3,0,9,0,0,0,0,0,101,100,0,0,0,0,0,0,0,0,6,0,1,0,22445,0,0,0,0,0,0,0,0,0,12,0,0,0,0,0,0,0,0,0,0,298,3,74,0,170,0,0,0,0,0,0,0,0,0,0,150,0,0,7,0,0,0,0,0,6247
40b95953-7896-42b2-a0c2-34c9a2d727b4,PAPER,8,0,0,0,0,0,0,0,0,0,102,0,0,0,0,12,0,0,0,0,12,287,169,2,300,12,5,0,0,0,0,21,0,0,0,0,3,41,0,18,0,0,0,0,0,5884,0,0,0,0,0,0,0,0,0,213,0,53,0,0,0,1,0,0,0,0,321,16,1,0,15,0,0,0,0,0,220,131,0,0,0,0,0,0,0,0,13,0,0,0,22688,0,0,1,0,0,0,0,29,0,10,0,0,0,0,0,0,0,0,0,0,385,0,123,0,217,0,0,0,0,0,0,0,0,0,0,219,0,0,0,0,0,0,0,0,6297
842e3e81-c647-4380-885e-0bff9112e627,SCISSORS,16,0,0,0,0,0,0,0,0,0,384,0,43,0,0,0,0,0,139,0,0,0,189,0,0,20,2,0,0,0,0,227,0,0,0,0,0,5,0,0,0,0,0,0,23,5941,0,0,0,0,0,0,0,0,0,127,0,62,0,0,2,0,0,0,0,0,378,49,0,0,8,0,0,0,0,0,186,166,0,0,0,0,0,0,0,4,0,50,0,0,22967,0,21,0,0,1,1,0,0,0,17,0,0,0,0,0,0,0,0,0,0,315,5,197,0,217,0,0,0,0,0,0,0,0,0,0,252,0,0,0,0,6,0,0,0,6372
f8f9553a-7be0-4367-921f-c558a974eda2,PAPER,18,0,0,0,0,0,0,0,0,0,58,0,0,0,0,20,0,0,0,0,0,0,108,0,125,5,3,0,0,0,0,24,176,0,0,0,0,0,0,0,1,5,0,0,0,5971,0,0,0,0,1,0,0,0,1,23,0,0,1,0,0,0,0,0,0,0,172,66,0,0,3,0,0,0,0,0,142,93,0,0,0,0,0,0,0,0,23,0,0,0,23114,0,0,0,0,0,0,0,0,0,2,0,0,0,0,0,0,0,0,0,0,272,0,60,0,50,0,0,0,0,0,0,0,0,0,0,141,0,0,0,0,0,0,0,0,6387
1d05b7b2-0c85-46ca-a4e8-8b61cddc9293,PAPER,14,0,0,0,0,0,0,0,0,0,63,0,0,0,206,0,0,0,0,0,0,0,88,1,108,5,0,0,0,0,0,41,0,0,0,0,0,0,0,0,7,0,0,0,0,5998,0,0,0,0,0,0,0,0,1,39,0,0,1,0,0,0,0,0,0,0,242,0,0,0,3,0,0,0,0,0,120,105,0,0,0,0,0,0,0,0,8,0,0,0,23287,0,0,0,0,0,0,0,0,0,2,0,0,0,0,0,0,0,0,0,0,178,5,125,0,44,0,0,0,0,0,0,0,0,0,0,154,7,0,4,0,0,0,0,0,6409
9d2b9163-0082-417b-849f-50e192fbd83b,SCISSORS,14,0,0,0,0,0,0,0,0,0,25,0,0,0,0,0,0,0,0,0,0,0,200,1,115,2,2,0,0,0,0,0,0,0,0,0,0,0,0,0,0,0,0,0,133,6016,0,0,0,0,0,0,0,0,0,84,0,3,0,0,28,0,0,0,0,0,85,58,3,0,6,0,0,0,0,9,81,120,0,0,0,0,0,0,0,0,0,1,0,0,23386,0,0,0,0,2,0,0,0,0,0,0,0,2,0,0,1,0,0,0,0,184,0,76,0,2,0,59,0,0,0,0,0,0,0,0,82,0,0,0,0,67,0,3,0,6433
d6515877-1db1-4b60-aef2-27995cccc332,SCISSORS,19,0,0,0,0,0,0,0,0,0,18,0,0,0,9,0,0,0,264,0,0,0,166,0,0,1,5,0,0,0,0,263,0,0,0,0,3,0,0,0,0,0,0,0,0,6039,0,0,0,0,0,0,0,0,0,97,0,13,0,0,2,0,0,0,0,0,187,74,0,0,6,0,0,0,0,2,201,100,0,0,0,0,0,0,0,45,0,2,0,0,23569,0,0,0,0,1,2,0,16,12,11,0,0,0,0,0,0,0,0,0,0,331,0,0,0,105,0,0,0,0,0,0,0,0,0,0,251,0,0,0,0,0,0,0,0,6485
6296f60a-5a6a-4383-aec9-6ced359ddc88,SCISSORS,20,100,0,0,0,0,0,0,0,0,55,0,0,0,0,0,0,0,0,0,0,0,155,3,42,2,1,0,0,0,0,0,0,0,0,0,0,0,0,0,0,0,0,0,0,6052,0,0,0,0,0,0,0,0,0,11,0,4,0,0,55,0,0,0,0,0,86,36,0,0,1,0,0,0,0,0,63,45,0,0,0,0,0,0,0,56,0,1,0,0,23645,0,0,0,0,2,3,0,0,56,0,0,0,0,0,0,3,0,0,0,0,214,0,0,0,0,0,0,0,0,0,0,0,0,0,7,50,0,0,0,0,21,0,2,0,6510
233b1951-8ee9-4a4a-ad0b-a20d21c1c53a,ROCK,7,0,0,0,0,1,0,0,0,82,0,0,0,1,0,0,0,0,0,0,0,1,67,0,75,0,0,0,0,0,0,0,215,0,0,0,0,0,0,0,0,1,0,0,0,6066,0,0,0,0,0,0,0,0,0,1,0,1,0,0,0,0,0,0,0,0,82,155,1,0,0,0,0,0,0,0,155,48,0,0,0,0,0,0,0,0,0,0,0,0,23731,0,0,0,0,0,0,0,0,0,1,0,0,0,0,2,0,0,0,0,0,221,0,36,0,12,0,10,0,0,0,0,0,0,0,0,110,0,0,0,51,0,0,0,0,6531
f81403b6-e451-4704-8fb2-2b5199c69394,SCISSORS,11,0,0,0,0,0,0,0,0,116,90,0,0,0,0,0,0,0,0,0,0,0,89,0,102,6,34,0,0,0,0,0,92,0,0,0,72,0,0,0,0,0,0,0,0,6090,0,0,0,0,0,0,0,0,0,247,0,1,0,0,0,0,0,0,0,0,94,115,0,0,11,0,0,0,0,0,68,45,0,0,0,0,0,0,0,1,0,19,0,0,23825,0,0,0,0,0,1,0,0,0,3,0,0,0,0,0,0,0,0,0,0,246,0,67,0,97,0,81,0,0,0,0,0,0,0,0,105,0,0,0,0,0,0,1,0,6554
97ee1159-8bf2-4a38-a45d-764f395199fb,SCISSORS,16,0,0,0,0,0,0,0,0,0,14,0,0,0,0,0,0,0,0,0,0,0,148,0,23,0,0,0,25,0,0,0,81,0,0,0,0,0,0,0,0,0,0,0,0,6096,0,0,0,0,0,0,0,0,0,26,0,4,0,0,2,0,0,0,0,0,69,114,0,0,0,0,0,0,0,0,21,35,0,0,0,0,0,0,0,0,0,20,0,0,23887,0,0,0,0,0,1,0,0,1,0,0,3,0,0,0,0,0,0,0,7,241,0,0,0,0,0,0,0,0,0,0,0,0,0,0,36,0,0,0,0,1,0,1,0,6572
624e5baa-b26d-421a-8664-ad35644351e2,SCISSORS,16,0,0,0,0,0,0,0,0,0,43,0,0,0,0,0,0,0,0,0,0,0,175,2,156,0,0,0,0,0,0,0,164,0,0,0,18,0,0,0,0,0,0,0,0,6117,0,0,0,0,0,0,0,0,0,118,0,0,0,0,4,0,0,0,0,0,134,80,30,0,11,0,0,0,0,0,62,79,0,0,0,0,0,0,0,37,0,3,0,0,24037,0,0,0,0,2,1,0,0,1,1,0,0,0,0,0,0,0,0,0,0,337,0,0,0,25,0,0,0,0,0,0,0,0,9,0,125,0,0,0,0,57,0,0,0,6596
d63c30e4-d46d-42f9-8400-8f26a539304b,PAPER,13,0,0,0,0,0,0,0,0,0,53,0,0,0,0,3,0,0,0,0,0,0,54,0,86,2,0,0,0,0,0,0,125,0,0,0,0,0,0,16,52,0,0,0,0,6140,0,0,0,0,1,2,0,0,0,37,0,11,0,0,0,0,0,0,0,0,127,28,24,0,2,0,0,0,0,6,32,66,0,0,0,0,0,0,0,0,55,0,0,0,24161,0,0,0,0,0,0,0,0,0,3,0,0,0,0,0,0,0,0,0,7,179,0,89,0,59,0,0,0,0,0,0,0,0,0,0,54,0,0,0,0,0,0,0,0,6610
bd7b42f5-12f4-4a4a-89f3-e4b71ffb03d0,SCISSORS,19,0,0,0,0,0,0,0,0,0,60,0,0,0,0,0,0,0,0,0,0,59,49,0,12,4,0,0,0,0,0,148,0,0,0,0,129,0,0,0,0,0,0,0,0,6159,0,0,0,0,0,0,0,0,0,53,0,3,0,0,2,0,0,0,0,0,156,38,1,0,6,0,0,0,0,0,118,59,0,0,0,0,0,0,0,0,0,25,0,0,24286,0,0,0,0,1,2,0,0,1,0,0,0,1,0,0,1,0,0,0,0,186,0,55,0,12,0,0,0,59,0,0,0,0,0,0,143,0,0,0,0,0,0,0,0,6641
e74aa0ed-2918-4e2e-b3b4-5ebf3f9eed0a,ROCK,10,0,0,0,0,1,3,0,0,1,29,0,0,2,0,0,1,0,0,0,0,181,0,0,109,2,0,0,0,0,0,0,0,0,0,0,41,0,0,0,0,1,0,2,0,6189,0,0,0,0,0,0,0,0,0,54,0,78,0,0,0,0,0,0,0,0,82,49,0,0,3,0,0,0,0,0,61,44,0,0,0,0,0,0,2,0,0,0,0,0,24368,0,7,0,0,0,0,0,0,0,1,0,3,0,0,27,0,0,0,0,0,201,0,41,43,44,0,0,0,0,0,0,0,0,0,0,5,0,0,0,0,0,1,0,0,6654
edc491f0-1748-4862-be62-240c07477a6c,ROCK,12,37,0,0,0,0,1,0,0,115,12,0,19,1,0,0,1,0,0,0,0,268,0,0,114,2,0,0,0,0,0,0,0,0,0,0,72,0,0,0,0,1,0,1,0,6216,0,0,0,0,0,0,0,0,0,195,0,59,0,0,0,0,0,0,0,0,79,154,2,0,16,0,0,0,0,0,98,41,0,0,0,0,0,0,0,0,0,0,0,0,24476,0,0,0,0,0,0,0,0,0,15,0,0,0,0,3,0,0,0,0,0,156,0,106,0,236,0,0,0,0,0,0,0,0,0,0,63,0,0,0,3,0,62,0,0,6708
3c363fde-5041-4667-ab0c-0f5fad2284db,ROCK,17,0,9,0,0,4,1,0,0,135,97,0,31,2,0,0,1,0,0,0,0,206,62,4,168,7,0,0,0,0,0,0,0,0,6,0,14,0,0,0,0,0,0,1,0,6283,0,0,0,0,0,0,0,0,0,247,0,13,0,0,0,0,0,0,0,0,132,174,1,0,14,0,0,0,0,3,99,65,0,0,0,0,0,0,0,0,0,0,0,0,24620,0,0,0,0,0,0,0,0,0,1,0,0,0,6,3,0,0,0,0,0,363,0,104,0,55,0,0,0,0,0,0,0,0,0,0,139,0,0,0,61,11,5,0,0,6745
c869d515-a73d-4038-bd6c-ba4904f3e967,SCISSORS,7,0,0,0,0,0,0,0,0,0,47,0,0,0,0,0,0,0,0,0,0,246,79,0,72,3,0,0,0,0,0,0,0,0,0,0,0,0,0,0,0,0,0,0,0,6298,0,0,0,0,0,0,0,0,0,12,0,25,0,0,2,0,0,0,0,0,94,95,1,0,2,0,0,0,0,10,110,59,0,0,0,0,0,0,0,35,0,2,0,0,24714,0,0,0,0,0,0,0,0,1,4,0,0,1,0,0,0,0,0,0,0,194,0,60,0,45,0,37,0,0,0,0,0,0,0,0,96,0,0,7,0,2,0,0,0,6774
490dc617-709d-446c-b370-2935546a6a37,SCISSORS,18,0,0,0,0,0,0,0,0,0,170,0,0,0,0,0,0,0,0,0,0,250,211,5,184,7,0,0,0,0,5,0,0,0,0,0,80,0,0,0,3,0,0,0,0,6345,0,0,0,0,0,0,0,0,0,389,0,25,0,0,1,0,0,0,0,0,128,109,0,0,29,0,0,0,0,0,130,59,0,0,0,0,0,0,0,2,0,43,0,0,24885,0,0,0,0,0,0,0,0,58,14,0,0,1,0,0,0,0,5,0,0,456,0,0,0,214,0,0,0,0,0,0,0,0,0,0,166,0,0,0,0,1,0,0,0,6830
9e6ff2f9-acc9-4290-9c95-2683452851b2,SCISSORS,9,0,0,0,0,0,0,0,0,0,31,0,0,0,0,0,0,0,0,0,0,141,142,0,85,2,0,0,0,0,0,0,0,0,0,0,1,0,0,0,0,0,0,0,0,6361,0,0,0,0,0,0,0,0,0,20,0,2,0,0,50,0,0,0,0,0,89,83,0,0,2,0,0,0,0,0,93,59,0,0,0,0,0,0,0,1,0,3,0,0,24985,0,0,0,0,2,1,0,0,0,0,0,0,1,0,0,0,0,0,0,0,253,0,0,0,9,0,0,0,0,0,0,0,0,0,0,65,3,0,6,0,61,0,1,0,6858
445f4080-268b-488a-8137-5d799e3729fa,SCISSORS,6,0,0,0,0,0,0,0,0,0,46,0,0,0,0,0,0,0,0,0,0,211,68,67,201,5,0,0,0,0,0,23,0,0,0,0,39,0,0,0,0,0,0,0,0,6407,0,0,0,0,0,0,0,0,0,142,0,3,0,0,1,0,0,0,0,0,152,54,42,0,7,0,0,0,0,0,157,77,0,0,0,0,0,0,6,1,0,18,0,0,25141,17,0,42,0,0,0,0,0,0,8,0,0,0,0,0,0,0,0,0,0,348,0,0,0,85,0,0,0,0,14,24,0,0,0,0,120,0,0,0,0,2,0,0,0,6906
b3480cd7-2e9b-44d8-a225-3abd3e17a892,SCISSORS,15,0,0,0,0,0,0,0,0,0,316,0,0,0,0,0,0,0,0,0,0,401,108,49,279,18,0,0,0,0,0,12,35,0,0,0,94,0,0,0,0,0,0,0,17,6488,0,0,0,0,0,0,0,0,0,555,0,0,0,0,1,0,0,0,0,0,178,48,49,0,34,56,0,0,0,23,245,89,0,0,0,0,0,0,0,50,0,1,0,0,25379,6,0,0,0,4,1,0,0,6,44,0,0,1,0,0,1,0,1,0,0,447,2,27,0,550,0,0,7,1,2,0,2,0,0,0,154,0,0,7,0,65,0,1,0,7058
33c2a744-ec23-474e-8ba0-4ed80baf1d2c,ROCK,15,0,0,0,0,0,0,0,0,68,69,0,0,0,6,0,1,3,0,0,0,314,127,4,0,1,0,0,0,0,78,225,0,0,0,0,24,0,0,0,0,0,0,2,0,6533,0,0,0,0,0,0,0,0,0,227,0,0,0,0,0,0,0,0,0,0,140,133,0,0,15,14,0,0,0,0,312,78,0,0,0,0,0,0,0,3,0,0,0,0,25536,0,25,0,0,0,0,0,0,0,13,0,0,0,0,23,0,0,0,0,0,462,1,39,0,178,0,0,0,0,0,0,0,0,0,0,178,0,0,0,2,0,1,0,0,7121
a2d4187a-2112-4a23-845f-8841f6981264,PAPER,18,0,0,0,0,0,0,0,0,62,53,0,0,0,0,1,0,0,0,0,0,63,39,0,0,2,0,0,0,0,0,129,0,0,0,0,1,0,0,0,1,0,35,0,0,6547,0,0,0,0,0,0,0,0,2,1,0,0,0,0,0,0,0,0,0,0,130,62,0,0,0,0,0,0,0,0,83,71,0,0,0,0,0,0,0,0,34,0,3,0,25659,0,0,0,0,0,0,0,0,0,2,0,0,0,0,0,0,1,65,0,0,85,3,173,0,43,0,0,0,0,0,0,0,0,0,0,14,0,0,0,0,0,0,0,0,7139
a33c4d60-a2a5-49ad-9e7f-14889fbdc4cb,SCISSORS,7,0,0,0,0,0,0,0,0,0,0,0,0,0,0,0,0,0,0,0,0,68,133,1,47,0,0,0,0,0,0,0,0,0,0,0,0,0,0,0,0,3,0,0,0,6555,0,0,0,0,0,0,0,0,0,26,0,0,0,0,1,0,0,0,0,0,55,29,0,0,0,3,0,0,0,0,26,86,0,0,0,0,0,0,0,0,0,26,0,0,25720,0,0,0,0,0,0,0,0,0,0,0,0,1,0,0,0,0,0,0,0,191,0,54,0,0,0,0,0,0,0,0,0,0,0,0,5,0,0,0,0,0,0,1,0,7146
257ba7c4-b099-4d04-958e-3d921cf615c7,SCISSORS,19,0,0,0,0,0,0,0,0,0,81,0,0,0,0,0,0,0,0,0,0,69,183,0,33,5,0,0,0,0,0,24,0,0,0,0,2,0,0,0,0,0,0,0,0,6572,0,0,0,0,0,0,0,0,0,81,0,0,0,0,58,0,0,0,0,0,66,113,0,0,4,3,0,0,0,0,28,37,0,0,0,0,0,0,0,4,0,3,0,0,25795,0,0,0,0,2,0,0,0,2,2,0,0,1,0,0,1,0,0,0,0,318,0,16,0,33,0,0,0,0,0,0,0,0,0,0,21,0,0,0,0,0,0,1,0,7168
9471a4fd-2024-460d-a057-1f1f8b429cae,ROCK,9,0,0,0,0,0,0,0,0,3,3,0,6,1,0,0,1,0,0,0,0,363,141,7,99,1,2,0,0,0,0,0,0,0,0,0,0,0,0,0,0,0,0,1,0,6616,0,0,0,0,0,0,0,0,0,151,0,0,0,0,0,0,0,0,0,0,69,103,3,0,3,164,0,0,0,0,99,36,0,0,0,0,0,0,0,0,0,0,0,0,25880,0,0,0,0,0,0,0,0,0,3,0,0,0,0,68,0,0,0,0,0,307,0,32,0,152,0,0,0,0,0,0,0,0,0,0,58,0,0,0,4,0,4,0,0,7201
18431970-1317-4e91-9d19-a3f94e22e567,PAPER,5,0,0,0,31,0,0,0,0,0,78,0,10,0,0,54,0,0,0,0,0,341,46,0,209,6,0,0,0,0,0,0,0,0,0,0,0,0,0,0,3,0,3,0,0,6656,0,0,0,0,0,2,0,0,2,122,0,0,1,0,0,1,0,0,0,0,227,78,5,2,11,92,0,0,0,0,147,87,0,0,0,0,0,0,0,0,2,0,2,0,26082,0,0,0,0,0,0,0,0,0,15,0,0,0,0,0,0,0,0,0,0,266,0,184,0,202,0,0,0,0,0,12,0,0,0,0,102,0,0,0,0,0,0,0,0,7251
83f4d06a-a4d3-4d11-9c15-6c10218f1cc3,SCISSORS,14,0,14,0,0,0,0,0,0,0,157,0,41,0,0,0,0,0,0,0,0,0,79,96,0,12,0,0,0,0,0,0,29,0,0,0,0,0,0,0,0,0,0,0,0,6689,0,0,0,0,0,0,0,0,0,186,0,0,0,0,0,0,0,0,0,0,95,63,0,0,10,38,0,0,0,0,0,9,0,0,0,0,0,0,0,1,0,26,0,0,26127,0,0,0,0,0,1,0,0,0,10,0,0,0,0,0,0,0,0,6,0,50,0,69,0,141,0,0,0,0,0,0,0,0,0,0,82,0,0,0,0,68,0,1,0,7289
f2eeb993-b350-469e-b2a5-419141ad3eec,SCISSORS,11,0,25,0,0,0,0,0,0,0,84,0,1,0,0,0,0,0,0,0,0,0,126,61,73,4,0,0,0,0,0,113,225,0,0,0,0,0,0,0,0,0,0,0,0,6720,0,0,0,0,0,0,0,0,0,76,0,0,0,0,4,0,0,0,0,0,212,57,0,0,4,39,0,0,0,0,165,115,0,0,0,0,0,0,4,35,0,1,0,0,26329,8,0,0,7,0,1,0,0,45,0,0,0,0,0,0,0,0,0,0,0,337,3,14,0,10,0,0,0,0,0,24,0,0,5,0,250,7,0,0,0,1,0,0,0,7325
ccad1733-c461-4f2a-8719-30ff56e10bc0,SCISSORS,17,0,0,0,0,0,0,0,0,0,182,0,12,0,0,0,0,0,0,0,0,0,224,2,120,18,0,0,0,0,0,0,396,0,0,0,0,0,0,0,0,0,0,0,0,6782,0,0,0,0,0,0,0,0,0,103,0,0,0,0,2,0,0,0,0,0,276,44,0,0,8,72,0,0,0,1,263,145,0,0,0,0,0,0,0,1,0,39,0,0,26568,0,0,0,0,2,0,0,0,1,7,0,0,0,0,0,1,0,0,0,0,388,2,30,0,95,0,0,0,0,0,0,0,0,3,0,349,0,0,0,0,76,0,0,0,7391
ab4cda55-2a0f-4feb-9750-260d0ce9f288,PAPER,11,0,0,0,0,0,0,0,0,0,46,0,1,0,0,1,0,0,0,0,0,0,91,0,108,6,0,0,0,0,0,23,155,0,0,38,0,0,0,0,0,0,6,0,0,6816,0,0,0,0,0,0,0,0,0,26,0,0,1,0,0,0,0,0,0,0,151,63,0,0,2,0,0,0,0,16,116,91,0,0,0,0,0,0,0,0,9,0,0,0,26697,0,0,0,0,0,0,0,0,0,0,0,0,0,0,0,0,0,0,0,0,223,1,57,0,0,0,0,0,0,0,0,24,0,5,0,142,0,0,0,0,0,0,0,23,7408
27431912-8fee-4ba9-ab61-7211018b17dc,SCISSORS,17,0,0,0,0,0,0,0,0,133,6,0,0,0,0,0,0,0,0,0,0,0,111,0,95,0,0,0,0,0,0,0,0,0,0,0,0,0,0,0,0,0,0,0,0,6831,0,0,0,0,0,0,0,0,0,17,0,0,0,0,9,0,0,0,0,0,163,0,37,0,2,15,0,0,0,0,46,56,0,0,0,0,0,0,0,0,0,0,0,0,26796,0,0,0,0,13,0,0,0,0,0,0,0,0,0,0,0,0,0,0,0,170,0,58,0,24,0,0,0,0,0,0,0,0,0,0,80,0,0,0,0,0,0,0,0,7426
3549a430-2699-4b57-8e72-3b07c7cdbccf,PAPER,7,0,0,0,0,0,0,0,0,0,10,0,2,0,0,1,0,0,0,0,0,0,82,0,0,0,0,0,0,0,0,177,0,0,0,0,0,0,0,0,2,0,17,0,63,6843,0,0,0,0,0,0,0,0,0,45,0,0,0,0,0,1,0,0,0,0,113,0,53,0,0,0,0,0,0,0,69,49,0,0,0,0,0,0,0,0,24,0,0,0,26880,0,0,0,0,0,0,0,0,0,0,0,0,0,0,0,0,0,0,0,0,232,0,0,0,0,0,0,0,0,0,0,0,0,0,0,122,0,0,0,0,0,0,0,0,7433
5ec4b9a4-4e71-4b58-8655-0a4afb5fde5d,SCISSORS,5,0,0,0,0,0,0,0,0,0,137,0,9,0,0,0,0,0,0,0,0,0,119,0,7,10,0,0,0,109,0,0,0,0,0,0,0,0,0,16,0,0,0,0,0,6875,0,0,0,0,0,0,0,0,0,49,0,0,0,0,17,0,0,0,0,0,170,33,0,0,2,9,0,0,0,0,60,64,0,0,0,0,0,0,0,3,0,0,0,0,26984,0,0,0,0,0,0,0,0,30,4,0,3,0,0,0,0,0,0,0,0,161,0,13,0,57,0,0,0,0,0,0,0,0,0,0,139,0,0,0,0,0,0,0,0,7457
23badf43-d119-4365-80a7-cf2e9e30c6de,SCISSORS,12,0,0,0,0,0,0,0,0,12,102,0,23,0,0,0,0,0,0,0,0,0,155,0,0,4,0,0,0,0,0,0,0,0,0,0,0,0,0,0,0,0,0,0,0,6887,0,0,0,0,0,0,0,0,0,106,0,0,0,0,1,0,0,0,0,0,9,105,0,0,10,6,0,0,0,0,27,6,0,0,0,0,0,0,0,1,0,25,0,0,27018,0,0,0,0,1,0,0,0,0,4,0,0,1,0,0,0,0,0,0,0,181,0,0,0,87,0,0,0,0,0,0,0,0,0,0,21,0,0,0,0,0,0,1,0,7474
2d3c9ca2-60e4-4b59-928b-7b3f47c6a1aa,ROCK,13,0,0,0,0,0,0,0,0,53,0,33,0,0,0,0,1,3,0,0,0,73,55,0,92,0,0,0,0,0,0,0,0,0,0,0,0,0,0,146,0,0,0,0,0,6906,0,0,0,0,0,0,0,0,0,67,0,0,0,0,0,0,0,0,0,0,78,55,56,0,3,2,0,0,0,0,146,49,0,0,0,0,0,0,0,0,0,0,0,0,27097,0,0,0,0,0,0,0,0,0,5,0,0,0,0,0,0,0,0,0,0,239,1,34,0,63,0,0,0,0,0,0,0,0,0,0,94,0,0,0,20,0,0,0,0,7500
a9790104-4542-4375-a4b7-e08b412030e1,ROCK,12,0,0,0,0,0,0,0,0,163,0,0,0,0,0,0,0,0,0,0,0,0,0,0,80,0,0,0,0,0,0,0,0,0,0,0,0,0,0,100,0,3,0,3,0,6921,0,0,0,0,0,0,0,0,0,1,0,0,0,0,0,0,0,0,0,0,69,4,151,0,0,0,0,0,0,0,79,40,0,0,0,0,0,0,5,0,0,0,0,0,27159,0,0,0,7,0,0,0,0,0,2,0,0,0,0,3,0,0,0,0,0,144,1,75,0,33,0,0,0,0,0,0,0,0,0,0,37,0,0,0,47,0,0,0,0,7518
8b7009e7-afe3-4605-8f98-9e9248f290c2,SCISSORS,5,0,0,0,0,0,0,0,0,123,56,0,0,0,0,0,0,0,0,0,0,0,89,0,90,4,0,0,0,0,0,0,0,0,0,0,0,0,0,209,0,0,0,0,0,6946,0,0,0,0,0,0,0,0,0,72,0,0,0,0,3,0,0,0,0,0,127,34,62,0,1,0,0,0,0,0,166,69,0,0,0,0,0,0,0,34,0,3,0,0,27294,0,0,13,0,2,0,0,0,59,0,0,3,0,0,0,1,0,0,0,0,289,2,73,0,6,0,0,7,0,0,0,0,0,0,7,107,0,0,0,1,1,0,0,0,7553
d460b163-ccd5-47b9-b5be-5d9b00de5add,SCISSORS,17,0,0,0,0,0,0,0,0,0,189,0,0,0,0,0,0,0,0,0,0,0,40,99,0,13,0,0,0,0,0,0,0,0,0,0,0,0,0,4,0,0,0,0,0,6976,0,0,0,0,0,0,0,0,0,123,0,0,0,0,37,0,0,0,0,0,41,86,0,0,12,6,0,0,0,0,11,21,0,0,0,0,0,0,3,3,0,2,0,0,27368,0,0,0,0,0,1,0,0,2,16,0,0,0,0,0,3,0,0,0,0,74,0,0,0,129,0,0,0,0,0,0,0,0,0,0,65,0,0,0,0,55,0,0,0,7601
f6ec392b-2e8f-4ec3-b7b6-e28c7fe3f487,SCISSORS,18,0,0,0,0,0,0,0,0,0,6,0,16,0,0,0,0,0,0,6,0,0,96,72,106,1,0,0,0,0,0,0,0,0,0,0,0,0,0,352,0,0,0,0,0,6997,0,0,0,0,0,0,0,0,0,55,0,0,0,0,2,0,0,0,0,0,121,72,40,0,3,3,0,0,0,20,243,66,0,0,0,0,0,0,0,3,0,27,0,0,27499,0,0,0,0,0,0,0,0,0,9,17,0,0,0,0,0,0,0,0,0,362,0,0,0,54,0,69,0,0,0,0,0,0,0,0,143,0,0,0,0,1,0,0,0,7641
db9adfef-ddb6-4be0-9d25-92e7fe395e1d,SCISSORS,13,0,0,0,0,0,0,0,0,154,64,0,0,0,0,0,0,0,0,0,0,0,103,1,57,3,0,0,0,0,13,0,0,0,0,0,0,0,0,0,0,0,0,0,0,7020,0,0,0,0,0,0,0,0,0,11,0,0,0,0,1,0,0,0,0,0,114,0,77,0,3,0,0,0,0,0,109,59,0,0,0,0,0,0,0,20,0,1,0,0,27608,0,0,0,0,21,0,0,0,1,0,0,0,1,0,0,0,0,0,0,0,195,0,0,0,0,0,0,0,0,0,0,0,0,0,0,129,0,0,7,0,0,0,0,41,7655
45114851-f139-4d8e-91a5-62d5233c321a,SCISSORS,8,0,0,0,0,0,0,0,0,0,4,0,53,0,0,0,0,0,0,0,0,317,190,0,246,115,0,0,0,0,0,0,0,0,0,0,0,0,0,0,0,0,0,0,0,7059,0,0,0,0,0,0,0,0,0,240,0,0,0,0,2,0,0,0,0,0,207,0,49,0,12,27,0,0,0,0,218,112,0,0,0,0,0,0,0,3,0,55,0,0,27822,0,6,0,0,0,0,0,0,2,4,0,3,1,0,0,0,0,0,0,0,495,6,47,0,44,0,0,0,0,0,0,0,0,0,0,226,8,0,0,0,81,0,2,0,7713
26e26095-2c4f-467b-8a6e-8438a7c8fe15,SCISSORS,18,0,0,0,0,0,0,0,0,0,3,0,11,0,0,0,0,0,0,0,0,148,161,0,0,59,0,0,0,0,0,0,0,0,130,0,0,0,0,0,0,0,0,0,0,7082,0,0,0,0,0,0,0,0,0,109,0,0,0,0,33,0,0,0,0,0,119,44,0,0,2,74,0,0,0,0,61,67,0,0,0,0,0,0,0,1,0,2,0,0,27935,0,0,0,17,1,1,0,0,62,1,0,0,0,0,0,0,0,0,0,0,210,0,0,0,25,0,0,0,0,0,0,0,0,0,0,116,0,0,7,0,71,0,1,0,7742
268f4cff-e5d3-4900-81ca-026d16836089,PAPER,17,0,24,0,0,0,0,0,0,261,9,0,39,0,0,43,0,0,0,0,0,0,117,2,75,67,0,0,0,0,0,0,0,0,0,1,0,0,0,25,5,0,1,0,0,7136,0,0,0,0,5,2,0,0,0,93,0,11,1,0,0,1,0,0,0,0,155,75,0,0,8,0,0,0,0,0,194,83,0,0,0,0,0,0,0,0,40,0,1,0,28099,0,0,0,0,0,0,0,0,0,8,0,0,0,0,0,0,0,0,0,0,348,5,54,0,84,0,0,0,0,0,0,0,0,0,0,170,0,0,0,0,0,0,0,0,7778
7b32eebe-d51d-4d92-89d1-63c080c70e78,ROCK,11,0,0,0,0,1,1,0,8,0,0,0,0,1,0,0,1,0,0,0,0,150,61,0,66,0,0,0,0,0,0,0,35,0,0,0,0,0,0,0,0,0,0,0,0,7161,0,0,0,0,0,0,0,0,0,36,0,4,0,0,0,0,0,0,0,0,99,0,89,0,4,0,0,0,0,0,81,11,0,0,0,0,0,0,0,0,0,0,0,0,28129,0,0,0,0,0,0,3,0,0,0,0,0,0,0,1,0,0,0,0,0,83,0,0,0,11,0,0,0,0,0,0,0,0,0,0,180,0,0,0,2,0,44,0,0,7800
13aea170-2e8d-4701-9fc8-3f4001929141,PAPER,7,0,0,0,0,0,0,0,0,1,6,0,6,0,0,1,0,0,1,0,0,158,41,0,108,0,0,0,0,0,0,0,0,0,5,0,0,0,0,0,0,0,43,0,0,7180,0,0,0,0,1,0,0,0,47,32,0,0,0,0,0,1,0,0,0,0,108,0,33,0,2,4,0,0,0,0,82,59,0,0,0,0,0,0,0,0,1,0,0,0,28234,0,0,0,0,0,0,0,0,0,3,0,3,0,0,0,0,0,0,0,0,168,0,0,0,29,0,0,0,0,0,0,0,0,0,0,167,0,0,0,0,0,0,0,0,7816
b7eb3957-ec32-4d5e-b7e7-0ddf6fd8a670,SCISSORS,14,0,0,0,0,0,0,0,0,0,11,0,135,0,0,0,0,0,0,0,0,154,72,2,245,123,0,0,0,0,0,0,0,0,0,0,0,87,0,0,0,0,0,0,0,7220,0,0,0,0,0,0,0,0,0,381,0,0,0,0,0,0,0,0,0,0,123,85,3,0,25,28,0,0,0,0,99,49,0,0,0,1,0,0,0,31,0,4,0,0,28373,0,0,0,0,0,0,0,0,0,14,0,0,0,0,0,0,0,0,0,0,404,0,0,0,270,0,0,7,0,0,0,0,0,0,0,133,0,0,0,0,1,0,0,0,7865
f5bbcf48-e650-48da-9033-aeb529fc8322,ROCK,20,0,0,0,0,0,0,0,0,58,0,0,65,0,0,0,1,0,0,0,0,156,0,0,41,0,0,0,0,0,0,0,0,0,0,0,0,0,0,0,0,1,0,0,0,7228,0,0,0,0,0,0,0,0,0,52,0,0,0,0,0,0,0,0,0,0,48,65,61,0,1,0,0,0,0,24,21,25,0,0,0,25,0,0,0,0,0,0,0,0,28414,0,0,0,0,0,0,0,0,0,5,0,0,0,0,1,0,0,0,0,0,192,33,3,0,62,0,0,0,0,0,0,0,0,0,0,3,0,0,0,23,0,0,0,0,7882
d8197d33-4ea1-4831-8131-fcbd6d8b4981,PAPER,17,0,0,16,0,0,0,0,0,110,36,0,16,0,0,1,0,0,0,0,0,73,56,5,71,3,0,0,0,0,0,0,0,0,0,0,0,0,0,0,23,3,0,0,0,7260,0,0,0,0,1,1,0,0,0,52,0,0,2,0,0,0,0,0,0,0,120,0,46,0,4,0,0,0,0,0,97,62,0,0,0,0,0,0,3,0,23,0,2,0,28538,0,0,0,0,0,0,0,0,0,2,0,0,0,0,0,0,0,0,0,0,198,46,57,0,6,0,0,0,0,0,39,0,0,0,0,65,0,0,0,0,0,0,0,0,7896
f6328897-90fd-4d04-8394-b8a448cf242c,SCISSORS,18,0,0,0,0,0,0,0,0,0,6,0,0,0,0,0,0,0,0,0,0,0,72,65,120,103,0,0,0,26,0,0,131,0,0,0,0,0,0,0,0,54,0,0,46,7292,0,0,0,0,0,0,0,0,0,45,0,0,0,0,0,0,0,0,0,0,204,34,0,0,7,1,0,0,0,0,124,176,0,0,0,0,0,0,3,0,0,29,0,0,28736,0,0,0,0,1,0,0,0,1,3,0,0,0,0,0,0,0,0,0,0,259,0,61,0,63,0,0,0,0,0,0,0,0,0,0,234,0,0,0,0,1,0,0,0,7929
cd6c013c-8eda-40ed-a117-ca5fb99d4302,SCISSORS,6,0,23,0,0,0,0,0,0,0,0,0,5,0,0,0,0,0,0,0,0,0,85,53,152,27,0,0,0,0,0,0,231,0,0,0,0,0,0,0,0,0,0,0,0,7309,0,0,0,0,0,0,0,0,0,101,0,11,0,0,24,0,0,0,0,0,151,115,0,0,5,0,0,0,0,5,81,80,0,0,0,0,0,0,0,1,0,2,0,0,28891,0,0,0,0,0,0,0,0,0,2,0,0,0,0,0,0,0,0,0,0,310,0,0,0,54,0,0,0,0,0,0,0,0,0,0,163,0,0,0,0,47,0,0,0,7944
94840c4f-1941-4319-9118-0fe187c07aa6,SCISSORS,18,0,0,0,0,0,0,0,33,0,8,0,13,0,0,0,0,0,0,0,0,0,181,1,146,123,0,0,0,0,0,0,145,0,0,0,0,0,0,0,0,0,0,0,0,7337,0,0,0,0,0,0,0,0,0,340,0,0,0,0,1,0,0,0,0,0,54,123,2,0,27,0,0,0,0,0,29,31,0,0,0,0,0,0,0,42,0,1,0,0,29004,0,0,0,0,1,0,0,0,11,11,0,0,0,0,0,0,0,0,0,0,313,0,0,0,184,0,0,0,0,0,0,0,0,0,7,53,0,0,0,0,69,0,1,0,7983
980be234-1649-4441-8060-91bd3865b238,SCISSORS,17,0,0,0,0,0,0,0,0,0,4,0,0,0,0,0,0,0,0,0,0,19,162,0,187,49,0,0,0,0,0,0,204,0,0,0,0,0,0,0,0,0,0,0,0,7366,0,0,0,0,0,0,0,0,0,42,0,22,0,0,53,0,0,0,0,0,147,98,0,0,6,0,0,0,0,0,174,79,0,0,0,0,0,0,0,1,0,3,0,0,29163,0,0,0,0,2,0,0,0,1,4,0,0,1,0,0,0,0,0,0,4,418,0,0,0,47,0,0,0,0,0,0,0,0,0,0,145,0,0,0,0,2,0,1,0,8030
d5ccea24-a0c9-4646-937d-00a13fb63734,SCISSORS,7,0,0,0,0,0,0,0,0,0,0,0,122,0,0,0,0,0,0,0,0,0,33,0,0,13,0,0,0,0,0,416,261,0,0,0,0,0,0,0,0,0,0,0,0,7387,0,0,0,0,0,0,0,0,0,21,0,42,0,0,4,0,0,0,0,0,273,33,0,0,1,0,0,0,0,0,277,146,0,0,0,0,0,0,0,0,0,48,0,0,29407,0,0,26,0,0,1,0,0,62,0,0,1,0,6,0,1,5,0,0,5,283,0,0,0,0,0,0,0,0,0,197,0,0,0,0,258,0,0,0,0,0,0,0,0,8076
76d666b7-e83f-45c8-89d7-9dff442510f1,PAPER,7,0,0,0,0,0,0,0,0,0,8,0,52,0,0,22,0,0,0,0,0,0,45,0,131,129,0,0,0,0,0,0,200,0,0,0,0,0,0,0,0,0,0,0,0,7418,0,0,0,0,0,0,0,0,0,145,0,49,1,0,0,0,0,0,0,0,164,0,0,0,11,24,0,0,0,0,112,77,0,0,0,0,0,0,3,0,0,0,1,0,29562,0,1,0,0,0,0,0,0,0,3,0,0,0,6,0,0,0,0,0,0,257,0,72,0,111,0,31,0,0,0,0,0,0,0,0,106,0,0,0,0,0,0,0,0,8099
953cf813-4d14-426a-a05c-f15645cba2db,ROCK,18,0,3,0,0,1,0,0,0,70,1,0,0,3,0,0,0,0,0,0,0,120,65,0,24,17,0,0,0,0,0,0,0,0,0,0,0,0,0,0,0,0,0,2,0,7445,0,0,0,0,0,0,0,0,0,12,0,0,0,0,0,0,0,0,0,0,72,77,0,0,0,1,0,0,0,0,35,102,0,0,0,0,0,0,7,0,0,0,0,0,29627,0,0,0,0,0,0,0,0,0,2,0,0,0,0,19,0,5,0,0,0,98,1,116,0,30,0,0,0,0,0,0,0,0,0,0,30,0,0,0,4,0,1,0,0,8124
b10095b6-596b-4970-81d1-8029a029a57b,SCISSORS,19,0,0,0,38,0,0,0,0,133,16,0,6,0,0,0,0,0,0,0,0,229,83,0,218,174,0,0,49,0,0,0,0,0,0,0,2,0,0,0,0,38,0,0,0,7501,0,0,0,0,0,0,0,0,0,81,0,0,0,0,1,0,0,0,0,0,272,56,7,0,2,4,0,0,0,16,323,148,0,0,0,0,0,0,3,72,0,1,0,0,29863,0,13,23,25,34,1,0,0,0,9,0,3,1,0,0,0,0,0,0,0,292,2,99,0,136,0,0,0,0,0,36,0,0,6,0,305,0,0,0,0,0,0,1,0,8179
f054059f-4bbb-4485-9e91-7491a425fbed,SCISSORS,6,0,0,0,0,0,0,0,0,0,0,0,6,0,0,0,0,0,0,0,0,114,131,0,65,0,0,0,0,0,0,0,0,0,0,0,0,0,0,0,0,0,0,0,0,7514,0,0,0,0,0,0,0,0,0,32,0,0,0,0,0,0,0,0,0,0,68,1,41,0,1,2,0,0,0,0,65,36,0,0,0,0,0,0,0,58,0,12,0,0,29926,0,0,0,0,0,0,0,0,0,0,0,0,0,0,0,0,10,0,0,0,260,0,0,0,0,0,0,0,0,0,0,0,0,0,0,46,0,0,0,0,0,0,0,0,8186
91568276-f857-41d0-bd1f-65522bc9c39c,SCISSORS,8,0,0,0,0,0,0,0,0,0,82,0,10,0,0,0,0,0,0,0,0,0,210,5,14,6,0,0,0,0,0,0,0,0,0,0,0,0,0,32,0,0,0,0,0,7537,0,0,0,0,0,0,0,0,0,105,0,0,0,0,3,0,0,0,0,0,40,0,118,0,9,4,0,0,0,0,0,22,0,0,0,0,0,0,0,1,0,57,0,0,29990,0,0,0,0,4,4,0,0,2,0,0,0,0,0,0,0,0,0,0,0,261,5,43,0,0,0,0,0,0,0,0,0,0,0,0,39,0,0,0,0,0,0,1,0,8221
57f18d96-f6e4-4b3a-889a-a9b7765ac102,SCISSORS,20,0,0,0,0,0,0,0,0,0,4,0,2,0,0,0,0,0,0,0,0,70,189,3,115,31,0,0,0,0,0,0,0,0,0,0,0,0,0,0,0,0,0,0,0,7557,0,0,0,0,0,0,0,0,0,144,0,0,0,0,24,0,0,0,0,0,67,48,70,0,20,1,0,0,0,0,2,36,0,0,0,0,0,0,0,0,0,2,0,0,30082,0,0,0,0,0,1,0,0,0,0,0,0,0,0,0,1,0,0,0,0,306,0,0,0,0,0,0,0,0,0,0,0,0,0,0,40,0,0,0,0,65,0,1,0,8233
4d82cac0-ddc5-4cda-9abf-d4548fea1dc7,SCISSORS,16,0,0,0,0,0,0,0,0,0,2,0,25,0,0,0,0,0,0,0,1,145,116,1,150,48,0,0,0,0,0,0,0,0,0,0,0,0,0,0,0,0,0,0,0,7585,0,0,0,0,0,0,0,0,0,53,0,0,0,0,28,0,0,0,0,0,144,52,24,0,4,0,0,0,0,0,107,72,0,0,0,0,0,0,0,1,0,3,0,0,30213,0,0,0,0,1,0,0,0,1,0,0,0,3,0,0,1,0,0,0,0,216,0,0,0,27,0,2,0,0,0,0,0,0,0,0,137,0,0,0,19,40,0,1,40,8262
7e9c6def-0a50-4ee3-911d-04fe0e1483c4,SCISSORS,10,0,0,0,166,0,0,0,37,0,5,0,11,0,0,0,0,0,0,0,0,9,178,3,77,51,0,0,0,0,0,0,0,0,0,0,2,0,0,0,0,0,0,0,0,7615,0,0,0,0,0,0,0,0,0,52,0,0,0,0,0,0,0,0,0,0,124,0,91,0,0,0,0,0,0,0,136,69,0,0,0,0,0,0,0,64,0,3,0,0,30325,0,2,0,0,1,1,0,0,1,1,0,0,3,0,0,2,0,72,0,6,165,0,0,12,25,0,0,0,0,0,0,0,0,8,0,107,7,0,0,29,95,0,2,0,8302
674a6821-bd8d-4dfe-9b83-ec42ede67cf1,ROCK,15,0,0,0,0,1,1,0,0,70,4,0,31,0,0,0,0,0,0,0,34,368,71,0,316,39,0,0,0,0,0,0,0,0,5,0,0,0,0,88,0,0,0,0,0,7663,0,0,0,0,0,0,0,0,0,250,0,0,0,0,0,0,0,0,0,0,181,0,68,0,20,73,0,0,0,27,313,96,0,0,0,0,0,0,0,0,0,0,0,0,30539,0,0,5,0,0,0,0,0,0,10,0,0,0,0,1,0,0,0,6,0,495,0,38,0,159,0,0,0,0,0,0,0,0,0,0,183,0,0,0,62,68,1,0,0,8359
ef1fdd90-9223-4124-ad31-421df6a71484,SCISSORS,18,0,0,0,0,0,0,0,0,134,1,0,17,0,0,0,0,0,0,0,0,160,97,0,244,9,0,0,0,0,0,0,0,0,0,0,0,0,0,0,0,0,0,0,0,7675,0,0,0,0,0,0,0,0,0,245,0,5,0,0,18,0,0,0,0,0,93,39,0,0,17,57,0,0,0,0,126,53,0,0,0,0,0,0,0,9,0,0,0,0,30666,0,0,0,0,1,0,0,0,0,13,0,0,1,0,0,0,0,0,16,0,414,0,57,0,89,0,0,0,0,10,0,0,0,0,0,60,0,0,0,0,1,0,0,0,8401
305cff94-26b3-4cad-8136-bf24038566f2,SCISSORS,14,64,0,0,0,0,0,0,0,0,0,0,0,0,0,0,0,0,0,0,0,61,26,82,48,0,0,0,0,0,0,0,0,0,0,0,0,0,0,0,0,0,0,0,0,7681,0,0,0,0,0,0,0,0,0,21,0,0,0,0,2,0,0,0,0,0,71,20,35,0,0,0,0,0,0,0,51,34,0,0,0,6,0,0,3,1,0,37,0,0,30718,0,0,0,0,1,0,0,0,0,0,0,0,0,0,0,1,0,0,0,0,226,0,0,0,0,0,0,0,0,0,0,0,0,0,0,51,0,0,0,0,0,0,2,0,8413
e5f60611-6ccc-4ded-884a-0683d4e36c9c,ROCK,8,0,0,0,0,0,0,0,0,88,0,0,0,1,0,0,0,0,0,0,0,90,0,56,31,0,0,0,0,0,0,0,0,0,0,0,0,0,0,0,2,0,0,3,0,7696,0,0,0,0,0,0,0,0,0,14,0,0,0,0,0,0,0,0,0,0,50,94,56,0,2,0,0,0,0,0,25,30,0,0,0,0,0,0,0,0,0,0,0,0,30768,0,0,0,0,0,0,0,0,0,0,0,0,0,0,1,0,0,0,0,0,132,0,0,0,5,0,0,0,0,0,0,0,0,0,0,11,0,0,0,45,30,47,0,0,8425
ff07d9a4-c112-4f8d-abd6-319ea2d35a88,ROCK,13,53,0,0,0,0,4,0,0,120,10,0,31,3,0,0,1,0,0,0,0,558,32,2,542,178,0,0,0,0,0,0,0,0,0,0,0,0,0,0,0,3,0,2,0,7791,0,0,0,0,0,0,0,0,0,476,0,95,0,0,0,0,0,0,0,0,247,177,2,0,27,0,0,0,0,50,331,134,0,0,0,0,0,0,0,0,0,0,0,0,31053,0,0,0,0,0,0,0,0,0,38,0,0,0,0,45,0,7,8,0,0,600,0,0,0,498,51,0,6,0,0,0,0,0,0,0,253,0,0,0,30,0,3,0,0,8564
41654a6b-a2b5-4d85-896b-5f647bd92f0a,SCISSORS,19,0,0,0,0,0,0,0,0,153,0,0,0,0,0,0,0,0,0,0,0,0,0,0,131,0,0,0,0,0,0,0,0,0,0,0,0,0,0,0,0,0,0,0,0,7792,0,0,0,0,0,0,0,0,0,35,0,42,0,0,25,0,0,0,0,0,78,46,0,0,3,0,0,0,0,0,11,43,0,0,0,0,0,0,0,1,0,0,0,0,31131,0,0,0,0,3,1,0,0,25,0,0,0,0,0,0,0,0,0,0,0,157,0,0,0,0,46,0,0,0,0,0,0,0,0,0,52,0,0,0,0,0,0,0,0,8573
bd2888f9-3a0e-4e3b-a80f-8004272c4066,SCISSORS,19,0,0,0,0,0,0,0,0,0,2,0,0,0,0,0,0,0,0,0,0,157,81,1,132,60,0,0,0,0,0,0,0,0,0,0,0,0,0,0,0,0,0,0,0,7808,0,0,0,0,0,0,0,0,0,35,0,59,0,0,2,0,0,0,0,0,118,37,0,0,5,0,0,0,0,0,89,65,0,0,0,0,0,0,0,1,0,22,0,0,31250,0,0,0,0,0,0,0,0,0,0,0,0,0,0,0,0,0,0,0,0,235,0,0,0,5,0,0,0,0,0,0,0,0,0,0,120,11,0,0,0,62,0,0,0,8587
cce578a3-4887-4219-9242-6bc4faa27310,SCISSORS,15,0,0,0,0,0,0,0,0,0,0,0,0,0,0,0,0,0,0,0,0,180,66,52,172,0,0,0,0,0,0,0,0,0,0,0,7,0,0,0,3,0,0,0,0,7822,0,0,0,0,0,0,0,0,0,21,0,12,0,0,14,0,0,0,0,0,116,91,0,0,1,0,0,0,0,0,166,59,0,0,0,0,0,0,0,0,0,0,0,0,31353,0,0,0,0,1,1,0,0,28,3,0,0,1,0,0,2,0,14,0,0,261,0,0,0,25,0,0,0,0,0,0,0,0,0,0,77,0,0,0,0,66,0,1,0,8627
85119c07-d557-460a-9a8d-1089cde27532,PAPER,10,0,0,0,28,0,0,0,0,0,2,0,0,0,0,1,0,0,0,0,0,298,51,52,202,34,0,0,0,0,0,0,0,0,0,0,0,0,0,0,48,0,4,0,3,7868,0,0,0,0,0,1,0,0,1,88,0,3,2,0,0,1,0,0,0,0,168,69,2,0,2,0,0,0,0,0,242,94,0,0,0,0,0,0,0,0,50,0,0,0,31531,0,0,0,0,0,0,0,0,0,6,0,3,0,0,0,0,0,0,0,0,355,1,114,0,106,0,0,0,0,0,0,0,0,5,0,133,0,0,0,0,0,0,0,0,8661
7dd4e892-f77b-4ce3-ab3b-f77c76dc10df,PAPER,18,0,0,0,0,0,0,0,0,0,2,0,0,0,0,0,0,0,0,0,0,0,89,0,0,28,0,0,0,0,0,80,0,0,0,0,1,0,0,93,0,0,10,0,0,7878,0,0,0,0,0,0,0,0,0,20,0,0,0,0,0,0,0,0,0,0,128,0,0,0,1,0,0,0,0,0,39,114,0,0,0,0,0,0,0,0,1,0,0,0,31624,0,0,0,0,0,0,0,0,0,0,0,0,0,0,0,0,0,0,0,0,178,0,52,0,0,0,0,0,0,0,0,0,0,0,0,51,6,0,0,16,0,0,0,0,8667
33479cdd-5caf-4f86-b259-943a5b8f5685,PAPER,16,0,36,0,0,0,0,0,0,0,6,137,0,0,0,47,0,0,0,0,0,0,84,0,83,67,0,0,0,34,0,0,0,0,0,0,4,0,0,0,2,0,2,0,0,7909,0,0,0,0,1,1,0,0,2,7,0,0,2,0,0,0,0,0,0,0,280,0,0,0,0,0,0,0,0,24,93,91,0,0,0,0,0,0,0,0,0,0,1,0,31786,0,0,0,0,0,0,0,0,0,1,0,0,0,6,0,0,0,0,2,0,217,2,111,0,65,0,0,0,0,47,0,0,0,0,0,51,0,0,0,0,0,0,0,0,8685
015be7d3-a2b0-4602-a4ea-d3324aef7820,SCISSORS,18,0,0,0,0,0,0,0,0,0,0,0,0,0,0,0,0,0,36,0,0,0,161,1,50,0,0,10,0,0,1,0,0,0,0,0,0,0,0,0,0,0,0,0,0,7916,0,0,0,0,0,0,0,0,0,31,0,39,0,0,37,0,0,0,0,0,113,0,0,0,0,0,0,0,0,0,4,31,0,0,0,0,0,0,0,2,0,2,0,0,31839,0,0,0,0,1,1,0,0,46,0,0,0,2,0,0,0,0,0,0,0,99,0,67,0,0,0,0,0,0,0,0,0,0,0,0,39,0,0,0,0,2,0,2,0,8709
0507d99e-eeec-4def-b97d-80204713a0fa,PAPER,17,0,30,0,299,0,0,5,0,0,6,0,0,0,2,1,0,0,0,0,0,0,50,0,242,101,24,0,0,0,0,0,0,0,0,0,0,0,0,0,7,0,9,0,0,7957,0,0,0,0,0,0,0,0,0,117,0,50,0,0,0,0,0,0,0,0,252,0,0,0,4,0,0,0,0,11,194,137,0,0,0,0,0,0,0,0,11,0,0,0,32060,0,0,0,0,0,0,0,0,0,9,0,0,0,0,0,0,0,0,0,0,365,43,1,0,76,0,0,0,0,0,0,0,0,0,0,282,0,0,0,0,0,0,0,0,8753
7c2f257f-471f-4a64-82b6-3017cbc60a42,SCISSORS,7,0,0,2,0,0,0,0,0,0,1,0,0,0,0,0,0,0,0,0,0,0,0,0,111,26,27,0,0,0,0,0,68,0,0,0,0,0,0,0,0,40,0,0,0,7970,0,0,0,0,0,0,0,0,0,4,0,0,0,0,3,0,0,0,0,0,100,0,0,0,0,18,0,0,0,0,65,39,0,0,0,0,0,0,0,2,0,44,0,0,32134,0,0,0,0,1,0,0,0,0,0,0,4,1,0,0,1,0,0,0,0,97,27,0,0,0,0,0,0,0,0,24,0,0,0,0,57,0,0,0,0,63,0,0,0,8769
b13ffc63-5450-4b59-bd5a-8cbb28cf5d14,SCISSORS,18,0,0,0,0,0,0,0,0,0,6,0,0,0,0,0,0,0,0,0,0,0,84,3,129,132,0,0,0,0,0,0,206,0,0,0,21,0,0,0,0,0,0,0,0,8006,0,0,0,0,0,0,0,0,0,169,0,0,0,0,0,0,0,0,0,0,116,26,0,0,15,42,0,0,0,0,100,57,0,0,0,37,0,0,0,19,0,0,0,0,32254,0,0,0,0,0,0,0,0,12,13,0,0,0,0,0,1,0,0,0,0,212,0,0,0,171,0,0,0,0,0,0,0,0,0,0,93,0,0,7,0,72,0,0,0,8818
a516b3f7-8348-431b-87ea-75ce234787a9,ROCK,5,0,0,0,0,1,2,0,0,97,1,0,0,1,0,0,0,0,0,0,0,0,73,1,0,4,0,0,0,0,0,89,99,0,0,0,43,0,0,0,0,1,0,1,0,8032,0,0,0,0,0,0,0,0,0,72,0,0,0,0,0,0,0,0,0,0,92,155,0,0,0,0,0,0,0,0,39,53,0,0,0,2,0,0,0,0,0,0,0,0,32335,0,0,0,0,0,0,0,0,0,0,0,5,0,0,3,0,0,0,0,0,205,0,40,0,19,0,0,0,0,0,0,0,0,0,0,86,0,0,0,2,0,53,0,0,8834
25e88f3c-e19c-4dc1-84d2-da67dcf76b6f,SCISSORS,6,0,0,0,0,0,0,0,0,58,23,0,0,0,21,0,0,0,0,0,0,0,235,15,0,504,0,0,0,0,0,163,147,0,0,0,135,0,0,0,4,0,0,0,0,8147,0,0,0,0,0,0,0,0,0,849,0,0,0,0,2,0,0,0,0,0,59,98,0,0,58,0,0,0,0,0,195,30,0,0,0,0,0,0,0,12,0,2,0,0,32517,0,0,0,0,0,1,0,0,25,51,0,0,0,0,0,0,0,0,0,0,294,0,58,19,788,0,0,0,0,0,0,0,0,0,0,69,0,0,0,0,0,0,0,0,8973
2193b72b-4063-4790-86e4-97a32421f0c3,SCISSORS,19,0,15,0,0,0,0,0,0,0,6,0,0,0,0,0,0,0,0,0,0,0,185,3,0,101,0,0,0,0,0,14,53,0,0,0,20,0,0,0,0,0,0,0,0,8177,0,0,0,0,0,0,0,0,0,183,0,0,0,0,2,0,0,0,0,0,45,103,1,0,11,0,0,0,0,0,0,22,0,0,0,0,0,0,0,28,0,2,0,0,32582,0,0,0,0,0,0,0,0,0,0,0,7,1,0,0,0,0,0,0,0,276,1,42,0,0,0,0,0,0,0,0,0,0,0,0,29,0,0,0,0,40,0,1,0,8994
6e8bd3a9-ffbd-4bb8-8702-2b9c092f8cdc,SCISSORS,13,0,0,0,0,0,0,0,0,0,75,0,0,0,0,0,0,0,0,0,0,0,187,1,11,9,0,0,0,0,0,77,175,0,0,0,58,0,0,41,0,0,0,0,0,8211,0,0,0,0,0,0,0,0,0,130,0,0,0,0,40,0,0,0,0,0,154,108,0,0,8,0,0,0,0,0,106,80,0,0,0,6,0,0,0,1,0,1,0,0,32730,0,0,0,0,0,0,0,0,52,0,0,0,0,0,0,1,0,0,0,0,382,1,10,0,0,0,0,0,0,0,0,0,0,0,4,154,0,0,0,29,1,0,0,0,9022
ddcced59-b5cb-4deb-a684-e6c6b5702cba,SCISSORS,16,0,0,0,0,0,0,0,0,0,2,27,0,0,0,0,0,0,0,0,0,0,60,0,30,47,0,0,0,0,0,0,58,0,0,0,94,0,0,0,0,0,0,0,0,8221,0,0,0,0,0,0,0,0,0,4,0,0,0,0,0,0,0,0,0,0,80,60,44,0,0,0,0,0,0,0,34,48,0,0,0,5,0,0,0,1,0,42,0,0,32813,0,0,0,0,1,2,0,0,1,0,0,25,1,0,0,3,0,0,0,0,159,0,0,0,0,0,0,0,0,31,0,0,0,0,0,12,0,0,0,0,83,0,0,0,9042
a00f2e97-1218-4552-bc70-71fdfe83ce1f,SCISSORS,7,0,0,0,0,0,0,0,0,0,2,0,0,0,0,0,0,0,0,0,0,0,91,0,72,53,0,0,0,0,0,0,111,0,0,0,60,0,0,0,0,0,0,0,0,8231,0,0,0,0,0,0,0,0,0,10,0,0,0,0,0,0,0,0,0,0,107,0,81,0,2,0,0,0,0,0,74,55,0,0,0,0,0,0,0,59,0,1,0,0,32907,0,0,0,0,1,2,0,0,2,0,0,27,0,0,0,1,0,0,0,0,227,2,22,0,0,0,0,0,0,0,0,0,0,0,0,34,0,0,0,0,67,0,4,0,9076
fa04f43d-06bc-4ec1-9387-cf5166ef9bc7,ROCK,19,19,0,0,0,0,1,0,0,0,3,0,0,1,0,0,0,0,30,0,0,54,53,0,205,76,0,0,0,0,0,0,287,0,0,0,45,0,0,0,0,1,0,0,0,8258,0,0,0,0,0,0,0,0,0,268,0,0,0,0,0,0,0,0,0,0,73,177,54,0,21,0,0,0,0,0,72,42,0,0,0,68,0,0,0,0,0,0,0,0,33038,0,0,0,0,0,0,0,0,0,18,0,0,0,0,2,0,0,0,0,0,356,0,0,0,280,0,0,0,0,0,0,0,0,0,0,45,0,0,0,74,0,0,0,0,9128
96a3f98e-160a-46d0-b557-eea38b8b9892,SCISSORS,8,128,0,0,0,0,0,0,0,0,2,0,0,0,0,0,0,0,0,0,0,0,130,1,99,32,0,0,0,0,0,0,142,0,0,0,6,0,0,0,0,0,0,0,0,8273,0,0,0,0,0,0,0,0,0,59,0,0,0,0,55,0,0,0,0,0,110,103,0,0,1,0,0,0,0,0,141,60,0,0,0,5,0,0,0,3,0,3,0,0,33144,0,0,0,0,1,3,0,0,66,3,0,0,3,0,0,0,0,0,0,0,208,0,0,0,72,0,0,0,0,0,0,0,0,0,0,110,0,0,0,72,2,0,0,0,9163
7e94e80b-d66f-4a59-8a1e-597e25219094,ROCK,11,0,0,0,0,1,0,0,0,0,5,0,0,2,0,0,3,0,0,0,0,99,68,0,64,33,0,0,0,0,0,0,105,0,0,0,0,0,0,0,0,0,0,3,0,8302,0,0,0,0,0,0,0,0,0,49,0,0,0,0,0,0,0,0,0,0,78,190,0,0,3,0,0,0,0,0,17,42,0,0,0,4,0,0,0,0,0,0,0,0,33213,0,0,0,0,0,0,0,0,0,1,0,5,0,0,72,0,0,0,0,0,133,0,37,0,16,0,0,0,47,0,0,0,0,0,0,66,0,0,0,3,0,3,0,0,9183
5c019c0a-7b03-4d2b-95c5-37d588de6c01,ROCK,11,0,0,0,0,0,1,0,0,76,0,0,0,0,0,0,1,0,0,0,0,1,0,0,118,62,0,0,3,0,0,0,238,0,0,0,100,0,0,0,0,2,0,0,0,8324,0,0,0,0,0,0,0,0,0,172,0,3,0,0,0,0,0,0,0,0,91,65,128,0,12,0,0,0,0,0,64,52,0,0,0,15,0,0,0,0,0,0,0,0,33319,0,0,0,0,0,0,0,0,0,9,0,0,0,0,0,0,0,0,0,0,275,0,112,0,125,0,0,0,0,0,0,0,0,0,0,41,0,0,0,38,0,2,0,0,9216
ccdb8d7a-1128-4267-a853-da9ac78ad103,SCISSORS,17,0,0,0,0,0,0,0,0,0,6,0,0,0,0,0,0,0,0,0,0,0,99,0,159,43,0,0,0,0,0,5,308,0,0,0,2,0,0,0,5,3,0,0,0,8359,0,0,0,0,0,0,0,0,0,86,0,0,0,0,1,0,0,0,0,0,132,40,74,0,3,0,0,0,0,1,175,62,0,0,0,0,0,0,2,11,0,43,0,0,33443,0,8,0,0,0,3,0,0,2,5,0,0,2,0,0,0,0,0,0,0,357,0,74,0,33,0,0,0,0,0,0,0,0,0,0,136,0,0,0,9,1,0,0,0,9254
fb05a281-1f12-433c-9819-84b3835cd127,SCISSORS,14,0,0,0,0,0,0,0,0,0,5,0,0,0,0,0,0,0,0,0,0,0,106,4,76,37,0,0,0,0,0,0,195,0,0,0,0,0,0,0,0,0,0,0,0,8381,0,0,0,0,0,0,0,0,0,29,0,0,0,0,2,0,0,0,0,0,104,74,1,0,1,1,0,0,0,0,143,57,0,0,0,0,0,0,0,1,0,10,0,0,33540,0,0,0,0,17,0,3,0,0,4,0,0,0,0,0,0,0,0,0,0,234,0,0,0,50,0,0,0,0,0,0,0,0,0,0,115,0,0,0,0,0,0,0,0,9277
11aeceb5-06d6-4c8d-9e7e-8f6f8c9bf1bd,PAPER,14,0,0,0,0,0,0,0,0,9,2,0,0,0,0,1,0,0,0,0,0,0,108,38,145,57,0,0,0,0,0,46,349,0,0,0,27,0,0,47,1,0,59,0,0,8423,0,0,0,0,0,0,0,0,0,90,0,0,0,0,0,1,0,0,0,0,214,175,6,0,9,0,0,0,0,2,190,121,0,0,0,11,0,0,3,0,65,0,2,0,33759,0,0,0,0,0,0,0,0,0,13,0,0,0,0,0,0,0,0,0,0,412,0,102,0,143,0,0,0,0,0,0,0,0,0,0,218,0,0,0,1,0,0,0,0,9329
0afa2384-c49d-4e17-98bb-9b0d59d3619c,SCISSORS,6,0,0,0,0,0,0,0,0,0,2,0,0,0,0,0,0,0,212,0,0,0,89,71,98,69,0,0,0,0,0,0,0,0,0,0,8,0,0,0,0,0,0,0,0,8440,0,0,0,0,0,0,0,0,0,54,0,0,0,0,50,0,0,0,0,0,205,79,0,0,3,0,0,0,0,0,67,73,0,0,0,11,0,0,0,3,0,4,0,0,33896,0,0,0,0,1,0,0,0,1,7,0,0,1,0,0,1,0,0,0,0,121,0,70,0,82,0,0,0,0,0,0,0,0,0,0,125,0,0,0,0,72,0,0,68,9368
f544ff5c-b159-4e5c-95d1-05990e67dccf,ROCK,5,0,0,0,0,1,1,0,0,0,11,0,0,0,3,0,2,0,0,0,0,70,56,0,48,73,0,0,0,0,11,0,88,0,0,0,71,0,0,0,0,2,0,1,0,8487,0,0,0,0,0,0,0,0,0,148,0,0,0,0,0,0,0,0,0,0,63,152,0,0,10,0,0,0,0,0,33,32,0,0,0,0,0,0,0,0,0,0,0,0,33967,0,0,0,0,0,0,0,0,0,10,0,0,0,0,3,0,0,0,0,0,179,0,37,0,127,0,0,0,0,0,0,0,0,0,0,18,0,0,0,1,25,38,0,0,9405
ea255feb-47af-468d-8433-40bb989be88d,PAPER,12,0,0,0,0,0,0,0,0,0,49,0,0,0,0,1,0,0,0,0,0,0,320,26,254,659,105,0,0,0,0,0,339,0,0,0,188,0,0,0,28,0,1,0,0,8682,0,0,0,0,0,0,0,0,1,1234,0,0,0,0,0,2,0,0,0,0,139,139,6,0,64,0,0,0,0,0,134,53,0,0,0,198,0,0,0,0,0,0,0,0,34216,6,0,0,0,0,0,0,0,0,70,0,49,0,0,0,0,0,0,0,0,463,3,148,0,1125,0,0,0,19,0,0,0,0,0,0,87,0,0,0,0,0,0,0,0,9581
e10de065-2716-4aa1-84e6-4a9455c0def2,SCISSORS,16,0,0,0,0,0,0,0,0,0,6,0,0,0,0,0,0,0,0,0,0,0,179,0,0,54,0,0,0,0,0,89,52,0,0,0,10,0,0,0,0,0,0,0,0,8699,0,0,0,0,0,0,0,0,0,47,0,0,0,0,2,0,0,0,0,0,59,90,3,0,6,0,0,0,0,5,3,98,0,0,0,13,0,0,0,7,0,57,0,0,34301,0,0,0,0,2,1,0,0,1,2,0,7,1,0,0,0,0,0,0,0,175,4,127,0,67,0,0,0,0,0,0,0,0,0,0,0,0,0,0,0,2,0,1,0,9612
8ff38ef0-7662-47f4-8693-375c5cae8ee6,SCISSORS,8,0,0,115,0,0,0,0,0,0,3,37,0,0,0,0,0,3,55,0,0,56,45,0,141,45,0,0,0,0,0,0,0,0,2,0,90,0,0,0,0,0,0,0,0,8721,0,0,0,0,0,0,0,0,0,13,0,0,0,0,4,0,0,0,0,0,160,66,0,0,2,0,0,0,0,0,192,88,0,0,0,0,0,0,3,63,0,1,0,0,34465,0,0,0,0,1,1,0,0,65,0,0,3,2,0,0,3,5,0,0,0,294,0,0,0,0,0,0,0,0,0,24,0,0,0,0,155,11,0,0,20,2,0,0,6,9654
06cb1a8d-42f2-4787-9e2e-4a0a89ee390b,SCISSORS,17,0,0,0,0,0,0,0,0,14,13,0,5,0,0,0,0,0,0,0,0,120,68,1,117,149,0,0,0,0,0,0,0,0,0,0,33,0,0,0,0,0,0,0,0,8769,0,3,0,0,0,0,0,0,0,83,0,0,0,0,10,0,0,0,0,0,154,74,0,0,2,0,0,0,0,0,111,82,0,0,0,0,0,0,0,0,0,1,0,0,34613,6,0,0,0,1,0,0,0,0,7,0,3,0,0,0,0,0,0,0,0,243,0,0,0,110,8,0,0,0,0,0,0,0,0,0,106,0,0,0,0,35,0,1,0,9693
85028678-bab1-4bef-9929-2dffb2344792,PAPER,13,0,0,0,0,0,0,0,0,0,44,0,41,0,0,34,0,0,0,0,0,49,48,0,0,4,0,0,0,0,0,469,0,0,0,0,0,0,0,0,4,0,0,0,0,8790,0,0,0,0,1,1,0,0,1,23,0,0,0,0,0,0,0,0,0,0,197,111,4,0,4,1,0,0,0,0,199,105,0,0,0,1,0,0,4,0,40,0,1,0,34803,0,0,0,0,0,0,0,0,0,4,0,0,0,0,0,0,0,0,0,0,353,3,111,0,48,0,0,0,0,0,67,0,0,0,0,86,0,0,21,0,0,0,0,0,9723
1a05522d-ed28-4488-a4bb-8edf1da0d8bf,SCISSORS,15,264,0,0,0,0,0,0,0,0,4,0,81,0,0,0,0,0,0,0,0,0,91,4,175,47,0,0,0,0,0,0,0,0,0,0,0,0,0,0,0,0,0,0,0,8815,0,0,0,0,0,0,0,0,0,104,0,0,0,0,1,0,0,0,0,0,233,36,0,0,10,0,0,0,0,0,162,86,0,0,0,2,0,0,3,2,0,27,0,0,34967,0,0,0,0,1,0,0,0,0,8,0,0,0,0,0,0,0,0,7,0,219,0,73,0,122,0,0,0,0,0,0,0,0,0,0,193,0,0,0,0,43,0,0,0,9765
e2ab40b8-97de-4b3b-be1d-8de9d79f65c3,SCISSORS,6,0,0,0,0,0,0,0,0,0,0,0,0,0,0,0,0,0,0,0,0,0,57,0,157,0,0,0,0,0,0,0,193,0,0,0,0,0,0,0,0,0,0,0,0,8819,0,0,0,0,0,0,0,0,0,19,0,0,0,0,23,0,0,0,0,0,93,88,0,0,4,0,0,0,0,6,120,50,0,0,0,0,0,0,0,2,0,2,0,0,35050,0,1,0,0,0,0,0,0,0,0,0,0,1,0,0,2,0,0,0,0,197,0,0,0,19,0,0,0,0,0,0,0,0,0,0,132,0,0,0,0,55,0,0,0,9782
5463077c-0948-43d4-b323-bee4e2f713b6,SCISSORS,6,0,0,0,0,0,0,0,0,0,6,0,48,0,0,0,0,0,0,0,3,0,149,10,210,135,0,0,0,0,0,0,0,0,0,0,0,0,0,238,0,0,0,0,0,8871,0,0,0,0,0,0,0,0,0,431,0,0,0,0,0,0,0,0,0,0,66,49,0,0,28,0,0,0,0,0,62,35,0,0,0,87,0,0,0,1,0,40,0,0,35171,0,0,0,8,0,0,0,0,0,9,0,3,1,0,0,0,0,0,0,0,354,0,0,0,255,0,0,0,0,0,0,0,0,0,0,62,0,0,0,0,107,0,0,0,9827
c3042a71-0778-44fa-8832-7d186aa2b060,SCISSORS,6,0,0,0,0,0,0,0,0,0,4,0,2,0,0,0,0,0,0,0,0,0,147,2,60,41,0,0,0,0,0,0,103,0,0,0,0,0,0,0,0,0,0,0,0,8891,0,0,0,0,0,0,0,0,0,103,0,0,0,0,21,0,0,0,0,0,56,0,0,0,6,0,0,0,0,27,8,33,0,0,0,105,0,0,0,0,0,0,0,0,35235,0,0,0,0,29,0,0,7,0,5,0,0,0,0,0,0,0,0,0,0,205,0,0,0,92,0,0,0,0,0,0,0,0,0,0,20,0,0,0,0,1,0,0,0,9848
aefc21af-6b14-4779-87fd-995969bc9768,SCISSORS,10,0,0,0,0,0,0,0,0,0,23,0,102,0,0,0,0,138,0,0,0,0,173,3,0,321,0,0,0,0,0,6,239,0,0,0,0,0,0,0,0,0,0,0,0,8974,0,0,0,0,0,0,0,0,0,460,0,0,0,0,0,0,0,0,0,0,125,66,0,0,24,0,0,0,0,0,109,66,0,0,0,113,0,0,3,38,0,1,0,0,35401,0,0,0,0,1,1,0,0,0,12,0,0,0,12,0,0,0,0,0,17,527,0,0,0,202,0,0,0,0,0,17,0,0,0,0,198,0,0,0,0,1,0,2,15,9910
d0f86745-81d4-46aa-b38b-85d882f51dc3,SCISSORS,13,0,0,17,0,0,0,0,0,0,1,0,4,0,0,0,0,0,0,0,0,0,169,0,8,46,0,0,0,0,0,0,184,0,0,0,0,0,0,0,0,0,0,0,0,8983,0,0,0,0,0,0,0,0,0,12,0,0,0,0,59,0,0,0,0,0,89,69,33,0,0,0,0,0,0,0,113,48,0,0,0,2,0,0,2,1,0,1,0,0,35487,0,0,0,0,1,3,0,0,1,2,0,0,2,0,0,2,0,0,0,0,145,0,0,0,54,0,0,6,0,0,0,0,0,0,0,141,0,0,0,0,71,0,1,0,9946
3f1df713-75e2-4d29-91db-c9a37a9cef4d,PAPER,10,0,0,0,0,0,0,0,0,28,1,0,3,0,0,3,0,0,0,0,0,0,72,0,48,8,0,0,0,0,0,0,104,0,0,0,0,0,0,0,13,3,37,0,0,9020,0,0,0,0,2,0,0,0,0,0,0,0,1,0,0,0,0,0,0,0,131,0,43,0,0,0,0,0,0,0,98,42,0,0,0,0,0,0,0,0,1,0,2,0,35566,0,0,0,0,0,0,0,0,0,1,0,0,0,0,0,0,0,0,0,7,184,0,81,0,19,0,0,0,0,0,0,0,0,0,0,28,0,0,0,0,0,0,0,0,9958
7ed19909-b9e0-4bd2-90fc-f0d03e73dc88,SCISSORS,10,0,0,0,45,0,0,0,0,0,3,0,1,0,0,0,0,0,0,0,0,0,176,0,6,33,0,0,0,0,0,0,0,0,0,0,0,0,0,0,0,0,0,0,0,9032,0,0,0,0,0,0,0,0,0,20,0,0,0,0,1,0,0,0,0,0,105,49,0,0,0,0,0,0,0,0,7,20,0,0,0,1,0,0,3,3,0,55,0,0,35613,0,0,0,0,1,0,0,0,69,1,0,0,1,0,0,0,0,0,0,0,76,0,54,0,6,0,0,0,0,0,0,0,0,0,0,46,0,0,0,10,0,0,0,0,9974
97726c51-9761-493e-9577-4d9b239967e5,SCISSORS,8,0,0,0,306,0,0,0,0,0,4,0,1,0,0,0,0,0,0,0,0,0,182,0,326,49,0,0,0,0,0,61,0,0,0,0,0,0,0,0,0,0,0,0,51,9058,0,0,0,0,0,0,0,0,0,247,0,0,0,0,0,0,0,0,0,0,172,157,0,0,13,0,0,0,0,21,169,96,0,0,0,33,0,0,0,72,0,0,0,0,35799,0,0,0,0,0,1,0,0,0,9,0,0,2,0,0,1,0,0,0,0,422,1,10,0,162,0,0,0,0,0,0,0,0,0,0,248,0,0,13,0,110,0,1,0,10025
7f263a5d-8d86-4f03-962a-8df11dc1c749,SCISSORS,8,0,0,0,43,0,0,0,0,0,102,0,14,0,0,0,0,0,0,0,0,0,178,4,15,5,0,0,0,0,0,0,0,0,0,0,0,0,0,0,0,0,0,0,113,9083,0,0,0,0,0,0,0,0,0,65,0,0,0,0,47,0,0,0,0,0,89,115,0,0,2,0,0,0,0,0,98,51,0,0,0,5,0,0,0,2,0,0,0,0,35888,0,0,0,0,0,1,0,0,2,3,0,0,1,0,0,0,0,0,6,0,190,2,14,0,63,0,0,0,0,0,0,0,0,0,0,88,0,0,12,0,88,0,4,0,10061
e954532e-1540-4f4b-b476-2b9c734dfd2f,SCISSORS,20,0,0,0,86,0,0,0,0,0,2,0,13,0,0,0,0,0,0,0,0,0,161,1,2,24,0,0,0,0,0,0,0,0,0,0,0,0,0,0,0,0,0,0,0,9095,0,0,0,0,0,0,0,0,0,33,0,0,0,0,0,0,0,0,0,0,66,72,0,0,5,0,0,0,0,0,5,36,0,0,0,47,0,0,0,1,0,24,0,0,35948,0,0,0,0,0,0,0,0,36,0,0,0,1,0,0,1,0,0,0,0,205,0,0,0,0,0,0,0,0,0,0,0,0,0,0,37,0,0,7,0,1,0,1,0,10073
2cc88b5e-45d1-4856-b466-74c9ee7494ae,SCISSORS,15,25,0,0,124,0,0,0,0,0,7,0,17,0,0,0,0,0,0,0,0,0,171,4,77,73,0,0,0,0,0,0,0,0,0,0,0,0,0,0,0,0,0,0,0,9129,0,0,0,0,0,0,0,0,0,79,0,0,0,0,1,0,0,0,0,0,138,24,0,0,2,0,0,0,0,0,88,72,0,0,0,74,0,0,0,18,0,2,0,0,36071,0,12,0,0,1,2,0,0,0,0,53,0,0,0,0,1,0,0,0,0,276,0,0,0,0,0,0,0,0,0,0,0,0,0,0,111,0,0,0,0,42,0,0,0,10094
f96c4831-a69c-4689-afe2-ebab08993532,PAPER,9,0,0,0,145,0,0,0,0,0,4,0,0,0,0,1,0,0,5,0,0,0,100,0,110,12,0,0,0,0,0,0,0,0,0,0,0,0,0,48,18,0,2,0,0,9155,0,0,0,0,2,0,0,0,0,36,0,0,0,0,0,0,0,0,0,0,105,70,0,0,4,0,0,0,0,0,137,58,0,0,0,8,0,0,3,0,22,0,0,0,36171,0,0,22,0,0,0,0,0,0,0,0,0,0,0,0,0,0,0,0,0,204,0,53,0,55,0,22,0,0,0,0,0,0,0,0,89,0,0,0,0,0,0,0,0,10108
17da66e1-6201-48b0-bbb3-fb5018719dc8,ROCK,20,0,0,0,0,0,1,0,0,53,37,0,85,1,585,0,0,0,0,0,0,2,74,0,70,599,0,0,0,0,0,0,0,0,0,0,0,0,0,0,5,1,0,0,0,9275,0,0,0,0,0,0,0,0,0,84,0,11,0,0,0,0,0,0,0,0,464,63,0,0,3,0,0,0,0,0,388,321,0,0,0,176,0,0,3,0,0,0,0,0,36545,0,0,0,0,0,0,0,0,0,34,9,3,0,0,1,0,0,0,6,0,180,8,223,0,444,16,0,0,0,0,0,0,0,0,0,575,0,0,0,13,0,1,0,0,10243
f23c2249-7db6-4eff-bb2d-a2f0b800c243,ROCK,11,0,0,0,0,3,0,0,0,128,0,0,0,1,0,0,0,0,0,0,0,96,16,3,38,0,0,0,0,0,0,0,0,0,0,0,0,0,0,0,3,0,0,0,0,9299,0,0,0,0,0,0,0,0,0,26,0,99,0,0,0,0,0,0,0,0,51,68,0,0,3,0,0,0,0,0,10,31,0,0,0,0,0,0,0,0,0,0,0,0,36594,0,0,0,0,0,0,0,0,0,1,0,0,0,0,4,0,0,0,0,0,112,0,68,0,1,0,0,0,0,0,0,0,0,0,0,9,0,0,0,92,0,1,0,0,10263
1f9a7cf4-f710-4bba-a017-94b70e4cf685,PAPER,8,0,0,0,0,0,0,0,0,0,5,0,85,0,0,3,0,0,0,0,0,353,2,1,173,75,0,0,0,0,0,0,0,0,0,0,0,0,0,0,0,0,1,0,0,9334,0,0,0,0,0,0,0,0,0,106,0,47,0,0,0,0,0,0,0,0,189,0,0,0,6,0,0,0,0,0,244,101,0,0,0,0,0,0,0,0,5,0,0,0,36762,0,10,0,0,0,0,0,0,0,9,0,3,0,0,0,0,0,0,0,0,317,6,93,0,116,0,0,0,0,0,0,0,0,0,0,97,0,0,0,47,0,0,0,0,10317
a4f5e88b-51aa-4b86-ad0b-d6cdd2019465,PAPER,15,0,20,0,0,0,0,0,0,0,3,0,48,0,224,68,0,0,0,0,0,0,86,2,47,98,0,0,0,0,0,0,0,0,0,0,0,0,0,0,1,0,3,0,0,9366,0,0,0,0,0,0,0,0,0,84,0,0,3,0,0,0,0,0,0,0,112,3,98,0,9,0,0,0,0,0,97,106,0,0,0,12,0,0,0,0,76,0,0,0,36901,0,0,0,0,0,0,0,0,0,7,0,0,0,0,0,0,0,0,0,0,151,0,180,0,159,0,23,0,0,0,0,0,0,0,0,80,0,0,0,0,0,0,0,0,10339
e3cc47a1-328d-41b0-8864-7672a4393834,ROCK,15,0,7,0,0,1,1,0,0,108,3,0,19,3,4,0,3,0,0,0,0,1,85,2,96,32,0,0,0,144,0,0,0,0,0,0,0,0,0,0,0,1,0,0,0,9409,0,0,0,0,0,0,0,0,0,96,0,0,0,0,0,0,0,0,0,0,81,0,125,0,8,0,0,0,0,0,99,98,0,0,0,3,0,0,0,0,0,0,0,0,36989,0,0,19,0,0,0,0,0,0,8,0,4,0,0,72,0,0,0,0,0,184,0,94,0,85,0,0,0,0,0,0,0,0,0,0,39,0,0,0,3,0,2,0,0,10374
beb0047a-063e-461b-a83d-fb8f85783b99,SCISSORS,11,0,12,0,0,0,0,0,0,133,2,0,0,0,0,0,0,0,0,0,0,0,81,0,231,68,0,0,0,453,0,0,0,0,0,0,0,0,0,0,0,0,0,0,0,9438,0,0,0,0,0,0,0,0,0,95,0,0,0,0,1,0,0,0,0,0,248,45,73,0,6,0,0,0,0,63,287,135,0,0,0,0,0,0,0,5,0,22,0,0,37228,0,0,0,0,0,2,0,0,0,4,0,0,0,1,0,0,0,0,6,0,210,0,71,0,122,0,0,0,0,0,37,0,0,0,0,406,0,0,0,35,86,0,0,0,10419
222ae9a3-ab14-444d-83e8-2581581d283e,SCISSORS,15,0,12,0,0,0,0,0,0,0,2,0,0,0,0,0,0,0,93,0,0,0,155,0,94,32,0,0,0,0,0,0,0,0,0,0,0,0,0,0,0,0,0,0,0,9450,0,0,0,0,0,0,0,0,0,54,0,0,0,0,37,0,0,0,0,0,97,70,44,0,6,0,0,0,0,0,27,51,0,0,0,1,0,0,0,1,0,0,0,0,37333,0,0,0,0,1,1,0,0,1,0,0,0,2,0,0,1,0,0,0,0,159,0,0,0,0,0,0,0,0,0,0,0,0,0,0,82,0,0,0,0,141,0,0,0,10441
ca65ec58-ab04-4934-9655-2d541614a3ba,SCISSORS,13,0,0,0,0,0,0,0,0,114,0,0,0,0,0,0,0,0,0,0,0,0,145,0,56,8,0,0,0,0,0,0,0,0,0,0,0,0,0,0,0,0,0,0,0,9463,0,0,0,0,0,0,0,0,0,7,0,0,0,0,1,0,0,0,0,0,96,1,118,0,0,0,0,0,0,0,27,51,0,0,0,0,0,0,0,0,0,22,0,0,37418,0,0,0,0,0,0,0,0,1,0,0,0,2,0,0,2,0,0,0,0,244,0,0,0,0,0,0,0,0,0,0,0,0,0,0,74,0,0,0,0,0,0,0,0,10455
6a450181-5d30-4b6d-a2e1-358ed71cd425,SCISSORS,17,0,0,0,0,0,0,0,0,0,5,0,0,0,0,0,0,0,0,0,0,0,58,0,0,76,2,0,0,0,0,257,56,0,0,0,0,0,0,0,0,0,0,0,0,9482,0,0,0,0,0,0,0,0,0,7,0,0,0,0,1,0,0,0,0,0,123,37,58,0,0,0,0,0,0,0,123,65,0,0,0,16,0,0,0,23,0,1,0,0,37526,0,0,0,0,0,0,0,0,27,2,0,0,0,0,0,1,0,0,6,0,237,1,27,0,60,0,0,0,0,0,0,0,0,0,0,93,0,0,0,0,0,0,0,0,10482
fd5d8b6b-fa71-4062-8fb0-855c232295db,SCISSORS,13,0,0,0,0,0,0,0,0,0,3,0,0,0,0,0,0,0,0,0,0,0,63,0,107,36,0,0,0,0,0,228,66,0,0,0,0,0,0,0,0,0,0,0,0,9495,0,0,0,0,0,0,0,0,0,24,0,0,0,0,2,0,0,0,0,0,153,97,0,0,1,0,0,0,0,0,107,77,0,0,0,17,0,0,0,3,0,22,0,0,37657,0,0,0,7,1,0,0,0,0,1,0,0,0,0,0,0,0,0,0,0,307,0,0,0,38,0,0,0,0,0,0,0,0,0,0,149,0,0,0,0,0,0,0,0,10494
edd2be2a-f577-475b-915e-4ed2011f342f,PAPER,11,0,0,0,0,0,0,0,46,0,5,0,23,0,0,2,0,0,0,0,2,0,104,2,96,95,25,0,0,0,0,0,209,0,0,0,0,0,0,0,24,0,0,0,0,9537,0,0,0,0,1,0,0,0,23,60,0,0,0,0,0,0,0,0,0,0,180,52,32,0,5,4,0,0,0,0,171,99,0,0,0,5,0,0,0,0,0,0,1,0,37831,0,0,0,0,0,0,0,0,0,4,26,0,0,0,0,0,0,0,0,0,281,0,63,0,67,0,0,0,0,0,0,0,0,0,0,171,0,0,0,21,0,0,0,0,10519
18f19516-9b31-478f-a09a-6e9d8f598f4f,SCISSORS,11,0,0,0,0,0,0,0,0,0,2,0,1,0,0,0,0,0,0,0,0,0,71,0,128,35,0,0,0,0,0,0,0,0,0,0,0,0,0,0,0,0,0,0,289,9548,0,0,0,0,0,0,0,0,0,36,0,0,0,0,1,0,0,0,0,0,191,0,38,0,2,0,0,0,0,0,167,63,0,0,0,0,0,0,0,28,0,0,0,0,37946,0,0,0,0,1,1,0,0,0,3,0,0,0,0,0,1,0,0,0,0,206,0,71,0,41,0,0,0,0,0,0,0,0,0,0,202,0,0,0,0,0,0,0,0,10538
64e07d00-9744-496f-9fff-17b34012def0,PAPER,12,0,0,0,0,0,0,0,0,156,4,0,0,0,0,2,0,0,0,7,0,0,103,5,112,47,17,0,0,0,0,0,0,0,0,0,0,0,0,0,0,0,18,0,0,9589,0,0,0,0,1,0,0,0,1,94,0,0,0,0,0,0,0,0,0,0,143,0,46,0,7,0,0,0,0,0,78,62,0,0,0,38,0,0,0,0,0,0,1,0,38061,0,0,0,0,0,0,0,0,0,11,0,0,0,0,0,0,0,0,0,0,249,0,66,0,77,0,0,0,0,0,0,0,0,0,0,67,0,0,0,1,0,0,0,0,10572
b0a2a8ee-c01d-43bb-9000-3ee2dac2d618,SCISSORS,16,0,0,0,0,0,0,0,0,0,5,0,0,0,0,0,0,0,151,0,0,0,56,0,182,40,0,0,0,0,0,0,0,0,0,0,0,0,0,0,0,0,0,0,0,9607,0,0,0,0,0,0,0,0,0,32,0,0,0,0,23,0,0,0,0,0,177,0,42,0,2,0,0,0,0,0,88,64,0,0,0,5,0,0,0,0,0,1,0,0,38166,0,0,0,0,0,1,0,0,0,1,0,0,0,0,0,1,0,0,0,0,226,0,56,0,40,0,0,0,0,0,0,0,0,0,0,102,0,0,7,0,0,0,0,0,10585
739f20ad-4df6-4eec-8fca-5eae810f5c51,SCISSORS,14,0,0,0,0,0,0,0,0,0,3,0,0,0,0,0,0,0,0,0,0,0,47,1,116,50,0,0,0,199,0,24,0,0,0,0,0,0,0,0,0,0,0,0,0,9628,0,0,0,0,0,0,0,0,0,14,0,0,0,0,0,0,0,0,0,0,146,0,92,0,0,0,0,0,0,0,96,83,0,0,0,3,0,0,0,0,0,6,0,0,38275,0,0,0,0,0,2,0,0,0,2,0,0,0,0,0,0,0,0,0,0,256,0,0,20,29,0,0,0,0,0,15,0,0,0,0,114,0,0,0,0,2,0,0,0,10607
c871c58a-3b7f-4b0a-bf2d-6daaac58a3ec,SCISSORS,15,0,0,0,189,0,0,0,0,0,3,0,0,0,0,0,0,0,0,0,0,0,166,0,81,48,33,0,0,0,0,0,0,0,0,0,0,0,0,0,0,0,0,0,0,9648,0,0,0,0,0,0,0,0,0,85,0,0,0,0,0,0,0,0,0,0,89,43,73,0,8,0,0,0,0,46,76,51,0,0,0,6,0,0,0,1,0,42,0,0,38375,0,0,0,0,1,0,0,0,0,1,0,0,0,0,0,0,0,0,0,0,369,0,0,0,58,0,0,0,0,0,0,0,0,0,0,87,0,0,0,0,2,0,2,0,10632
2cad3e22-c6f1-4364-8c22-9aea308abca1,SCISSORS,18,0,0,0,102,0,0,0,0,0,8,0,0,0,0,0,0,0,0,0,0,0,188,0,0,62,11,0,0,0,0,224,0,0,0,0,0,0,0,0,0,0,0,0,0,9673,0,1,0,0,0,0,0,0,0,40,0,0,0,0,68,0,0,0,0,0,177,53,38,0,1,0,0,0,0,0,113,97,0,0,0,0,0,0,0,4,0,3,0,0,38537,0,0,0,0,2,1,0,0,75,1,0,0,0,0,0,0,0,0,6,0,275,2,22,0,13,0,0,0,0,0,0,0,0,0,0,195,0,0,0,0,0,0,3,0,10666
eb530924-3718-48fe-8398-02c36b05551c,ROCK,6,0,0,0,164,0,1,0,0,1,0,0,0,2,0,0,1,0,0,0,0,83,70,0,127,0,0,0,0,0,0,0,0,0,0,0,0,0,0,0,0,0,0,3,0,9705,0,0,0,0,0,0,0,0,0,50,0,0,0,0,0,0,0,0,0,0,82,0,180,0,2,0,0,0,0,0,84,44,0,0,0,10,0,0,0,0,0,0,0,0,38612,0,0,0,0,0,0,0,43,0,1,0,0,0,0,4,0,0,0,0,0,236,1,48,0,25,0,0,0,0,0,0,0,0,0,0,47,0,0,0,4,0,43,0,0,10692
68b0bcd1-e246-4d7b-8499-7e161cd7de22,ROCK,14,0,0,0,364,0,1,0,0,90,11,0,0,1,0,0,0,0,0,0,0,20,63,4,214,224,78,0,0,0,5,0,0,0,0,0,0,0,0,0,3,1,0,1,0,9798,0,1,0,0,0,0,0,0,0,479,0,14,0,0,0,0,0,0,0,0,132,97,60,0,45,0,0,0,0,0,146,71,0,0,0,32,0,0,3,0,0,0,0,0,38847,0,0,0,7,0,0,0,0,0,16,0,0,0,0,0,0,0,0,0,0,432,1,111,0,376,0,0,0,0,0,0,0,0,0,0,108,0,0,0,1,0,28,0,0,10766
497a71b6-6188-4a91-b087-5c9bdb69e555,SCISSORS,8,0,0,0,205,0,0,0,0,71,4,0,0,0,0,0,0,0,0,0,0,0,94,0,44,61,1,0,0,0,0,0,0,0,5,0,0,0,0,0,0,0,0,0,0,9817,0,0,0,0,0,0,0,0,0,31,0,0,0,0,6,0,0,0,0,0,115,92,0,0,3,0,0,0,0,0,111,63,0,0,0,14,0,0,0,47,0,3,0,0,38971,0,0,0,0,2,3,0,0,2,9,0,0,1,0,0,1,0,0,0,0,207,3,100,0,72,0,0,0,8,0,0,0,0,0,0,76,0,0,0,0,1,0,0,0,10817
51b849e5-99eb-4184-88a8-7eb8a8c869d1,SCISSORS,11,0,0,0,123,0,0,0,0,0,10,0,0,0,0,0,0,0,0,0,0,0,166,6,154,154,23,0,0,0,0,0,0,0,0,0,34,0,0,0,0,0,0,0,0,9867,0,2,0,0,0,0,0,0,0,361,0,0,0,0,0,0,0,0,0,0,88,24,42,0,27,0,0,0,0,0,65,47,0,0,0,0,0,0,0,0,0,14,0,0,39099,0,0,0,0,0,0,0,0,0,8,0,0,0,0,0,0,0,0,0,0,421,0,0,0,100,0,0,0,0,0,0,0,0,0,0,111,0,0,0,0,30,0,0,0,10851
cd02899f-af31-4a2b-8dc2-354aaacd3872,SCISSORS,12,0,0,0,262,0,0,0,0,0,15,3,0,0,3,0,0,0,0,0,0,18,163,4,183,212,28,0,0,0,0,0,0,0,0,0,0,0,0,0,0,3,0,0,0,9933,0,48,0,0,0,0,0,0,0,177,0,0,0,0,1,0,0,0,0,0,231,26,54,0,8,0,0,0,0,0,214,118,0,0,0,0,0,0,0,1,0,16,0,0,39311,0,0,0,0,0,0,0,0,1,10,0,0,1,0,0,2,0,0,0,0,318,1,21,0,210,0,0,0,46,0,0,0,0,0,0,255,0,0,0,0,29,0,0,0,10910
4a5d763d-d5ce-4c56-a218-6d01a4fb85b9,PAPER,9,0,0,0,163,0,0,0,0,0,39,0,0,0,0,5,0,0,5,0,0,0,129,2,183,2,55,0,0,0,0,0,0,0,0,34,0,0,0,0,1,0,34,0,0,9974,0,0,0,0,2,1,0,0,1,153,0,0,0,0,0,0,0,0,0,0,186,67,0,0,7,0,0,0,0,0,147,85,0,0,0,0,0,0,0,0,2,0,1,0,39475,0,0,0,0,0,0,0,0,0,3,0,0,0,0,0,0,0,0,0,0,389,0,84,0,53,0,0,0,0,0,0,0,0,0,0,113,0,0,0,0,10,0,0,0,10930
897cc33c-8290-4abb-96bd-b507a825626c,SCISSORS,14,0,0,0,0,0,0,0,0,0,1,0,0,0,24,0,0,0,0,0,0,105,110,0,75,14,0,0,0,0,6,0,0,0,0,0,0,0,0,0,0,0,0,0,0,9991,0,0,0,0,0,0,0,0,0,27,0,0,0,0,0,0,0,0,0,0,137,0,49,0,1,0,0,0,0,12,41,50,0,0,0,0,0,0,0,1,0,17,0,0,39575,0,0,0,0,2,0,0,0,2,1,0,0,0,0,0,0,0,0,0,0,175,0,41,0,28,0,0,0,0,0,0,0,0,0,0,55,0,0,0,0,30,0,1,0,10954
91c5af05-f082-4288-baca-4a61e64ce2a3,SCISSORS,9,0,0,0,0,0,0,0,0,0,0,0,0,0,0,0,0,0,0,0,0,100,128,0,32,0,0,0,0,0,0,0,0,0,0,0,0,0,0,0,0,0,0,0,0,9998,0,0,0,0,0,0,0,0,0,5,0,0,0,0,2,0,0,0,0,0,70,45,73,0,1,0,0,0,0,0,19,38,0,0,0,0,0,0,0,7,0,0,0,0,39648,0,0,0,0,0,0,0,0,1,0,0,0,0,0,0,0,0,0,0,0,205,0,0,0,0,0,0,0,0,0,0,0,0,0,0,36,0,0,0,0,18,0,0,0,10964
cbc68c84-c99f-4baf-af47-66f3ede94a5b,ROCK,20,0,0,0,0,0,0,0,0,2,12,0,0,1,0,0,0,4,0,0,0,255,106,7,245,93,49,0,0,0,0,0,0,0,0,0,0,0,0,0,0,27,0,1,25,10072,0,51,0,0,0,0,0,0,0,258,0,0,0,0,0,0,0,0,0,0,155,131,0,0,23,0,0,0,0,0,127,82,0,0,0,0,0,0,0,0,0,0,0,0,39818,0,0,0,0,0,0,0,0,5,12,0,0,0,0,5,0,0,0,14,0,396,24,3,0,205,0,0,0,0,0,0,0,0,0,0,101,0,0,11,50,0,1,0,0,11022
ba677b94-d71b-482b-b8eb-5c125d559757,PAPER,12,0,0,0,0,0,0,0,0,58,4,0,0,0,0,3,0,0,0,0,0,218,37,1,149,23,4,0,0,0,0,0,0,0,0,0,0,0,0,0,21,135,0,0,0,10103,0,0,0,0,3,1,0,0,0,33,0,0,0,0,0,1,0,0,0,0,171,58,0,0,5,0,0,0,0,6,241,95,0,0,0,0,0,0,2,0,37,0,0,0,40009,0,28,0,0,0,0,0,0,0,1,0,0,0,0,0,0,0,0,0,0,237,125,1,0,17,0,0,0,45,0,15,0,0,4,0,180,0,0,0,0,0,0,0,0,11054
a157c479-90e9-4ce3-8fa9-77a8c555a61c,ROCK,7,0,0,0,0,1,38,0,0,0,0,0,0,1,50,0,0,0,0,0,0,53,53,0,96,0,0,0,0,0,0,57,0,0,0,0,0,0,0,0,0,1,0,0,0,10119,0,4,0,0,0,0,0,0,0,69,0,0,0,0,0,0,0,0,0,0,81,1,76,0,7,0,0,0,0,0,15,97,0,0,0,0,0,0,0,0,0,0,0,0,40087,0,0,0,0,0,0,0,0,0,2,0,0,0,0,3,0,0,0,0,0,118,53,29,0,33,0,0,0,0,0,0,0,0,0,0,79,0,0,0,0,0,33,0,0,11071
78a1032a-101f-4016-955f-f75d6b1f0de8,PAPER,11,0,0,0,0,0,0,0,0,0,1,0,0,0,0,2,0,0,0,0,0,132,43,0,42,14,0,0,0,0,0,0,0,0,0,0,0,0,0,0,31,0,2,0,0,10136,0,0,0,0,0,2,0,0,32,7,0,0,0,0,0,1,0,0,0,0,92,0,45,0,2,0,0,0,0,0,38,48,0,0,0,0,0,0,0,0,0,0,0,0,40176,0,0,0,0,0,0,0,0,0,1,0,0,0,0,0,0,0,0,0,0,101,0,124,0,27,0,0,0,0,0,0,0,0,0,0,14,0,0,0,0,0,0,0,0,11082
83ff00f6-1b53-406c-a64f-32c988b99fb4,SCISSORS,14,0,0,0,8,0,0,0,0,0,1,0,0,0,0,0,0,0,0,0,0,0,134,1,155,32,0,0,0,0,0,0,127,0,0,0,0,0,0,0,3,0,0,0,0,10153,0,0,0,0,0,0,0,0,0,58,0,0,0,0,2,0,0,0,0,0,168,54,0,0,7,0,0,0,0,0,72,71,0,0,0,0,0,0,0,29,0,0,0,0,40307,0,3,0,0,1,0,0,0,0,0,0,0,1,0,0,0,0,0,0,0,169,0,34,0,11,0,0,0,0,18,0,0,0,0,14,127,0,0,0,0,83,0,0,0,11099
a589eaca-2485-4531-843e-7b4754010cda,PAPER,6,0,0,0,441,0,0,0,0,0,5,0,0,0,0,2,0,0,0,0,0,9,69,0,401,73,49,1,0,0,21,23,0,0,5,0,39,0,0,0,3,9,39,0,0,10240,0,0,0,0,1,2,0,0,0,102,0,0,1,0,0,2,0,0,0,0,399,69,0,0,4,0,0,0,0,0,347,213,0,0,0,0,0,0,0,0,48,0,1,0,40679,0,0,0,0,0,0,0,0,8,1,0,0,0,0,0,0,0,0,0,0,522,0,96,11,25,0,0,0,0,0,18,0,0,0,0,392,0,0,7,0,109,0,0,0,11144
883127c4-d705-46e2-a1cb-2ad1db61aeb5,SCISSORS,6,0,0,0,0,0,0,0,0,0,2,0,0,0,0,0,0,0,0,0,0,0,4,0,141,39,50,0,0,0,0,0,85,0,0,0,2,0,0,0,0,0,0,0,0,10254,0,7,0,0,0,0,0,0,0,76,0,0,0,0,4,0,0,0,0,0,45,0,48,0,1,0,0,0,0,0,32,74,0,0,0,0,0,0,0,1,0,35,0,0,40734,0,0,0,0,0,0,0,0,1,1,0,0,0,0,0,2,0,0,0,0,160,0,50,0,56,0,0,0,0,0,0,0,0,0,0,20,0,0,0,0,33,0,0,0,11162
2f7add0b-865e-4da4-a1f1-504277b63c23,SCISSORS,13,0,0,0,0,0,0,0,0,47,83,0,0,0,0,0,0,0,0,0,3,0,199,5,70,1405,20,0,0,0,0,850,722,0,73,0,424,0,0,0,0,0,0,0,0,10542,0,214,0,0,0,0,0,0,0,1634,0,23,0,0,40,0,0,0,0,0,629,61,72,0,95,0,0,0,0,13,735,341,0,0,0,0,0,0,6,37,0,1,0,0,41533,10,13,0,0,0,2,0,0,1,115,40,0,1,6,0,2,10,0,0,0,1150,0,0,16,1763,0,0,0,30,0,10,0,0,0,0,655,0,0,0,0,77,0,0,0,11512
e6e774ab-f70a-4170-815b-e4ee9e5d3065,ROCK,10,0,0,0,0,1,2,0,0,0,0,0,0,1,0,0,1,0,0,0,0,68,64,0,80,0,0,0,0,0,0,0,159,0,0,0,0,0,0,0,0,1,0,1,0,10562,0,0,0,0,0,0,0,0,0,35,0,0,0,0,0,0,0,0,0,0,81,169,1,0,0,0,0,0,0,0,43,45,0,0,0,0,0,0,4,0,0,0,0,0,41602,0,0,0,0,0,0,0,0,0,2,0,0,0,0,41,0,0,0,0,0,201,0,41,0,31,0,0,0,0,0,0,0,0,0,0,58,0,0,0,1,0,3,0,0,11532
6fdc4e43-31ed-41ff-b4c8-9ddfbbf8a532,SCISSORS,6,0,0,0,0,0,0,0,0,0,98,0,0,0,7,0,0,0,2,0,0,14,132,0,519,5,0,0,0,0,0,85,593,0,0,0,133,0,0,0,3,0,0,0,0,10640,0,12,0,0,0,0,0,0,0,247,0,0,0,0,2,0,0,0,0,0,402,96,0,0,24,0,0,0,0,41,478,211,0,0,0,0,0,0,0,76,0,2,0,0,42007,0,0,0,0,0,1,0,24,88,2,0,0,4,0,0,1,0,0,0,0,788,0,52,0,116,0,0,0,0,0,10,0,0,0,14,445,16,0,18,0,11,0,1,0,11613
75b6137b-c3a1-4ad8-81fb-2546eb3ab9a3,ROCK,16,0,0,0,0,0,1,0,0,65,39,0,0,0,0,0,1,0,0,0,0,0,67,0,91,3,0,1,0,0,0,0,149,0,0,0,51,0,0,0,0,0,0,1,26,10666,0,0,0,0,0,0,0,0,0,128,0,23,0,0,0,0,0,0,0,0,60,185,2,0,10,0,0,0,0,0,51,36,0,0,0,0,0,0,0,0,0,0,0,0,42093,0,0,0,0,0,0,0,0,0,9,0,0,0,0,2,0,0,0,0,0,237,0,41,0,159,0,0,0,0,0,0,0,0,0,0,30,0,0,0,16,0,1,0,0,11650
a438de58-bae2-4f91-92d5-b3a15d6e11cd,ROCK,17,0,0,0,0,1,1,0,0,210,91,0,0,2,0,0,1,0,0,0,0,0,17,1,233,10,39,0,0,0,0,0,303,0,0,0,7,0,0,0,0,2,0,0,0,10714,0,80,0,0,0,0,0,0,0,158,0,0,0,0,0,0,0,0,0,0,162,222,6,0,9,0,0,0,0,0,196,85,0,0,0,0,0,0,0,0,0,0,0,0,42262,0,0,0,0,0,0,0,0,0,14,0,0,0,0,3,0,0,0,0,0,301,2,128,0,231,0,0,0,0,0,0,24,0,0,0,156,0,0,0,58,0,1,0,0,11714
90b22c16-e03f-4289-9218-bd35d37e758d,SCISSORS,11,0,0,0,0,0,0,0,0,89,56,0,0,0,0,0,0,0,0,0,0,0,59,0,54,4,0,0,0,0,0,0,37,0,0,0,0,0,0,0,0,0,0,0,0,10730,0,1,0,0,0,0,0,0,0,54,0,0,0,0,14,0,0,0,0,0,50,60,33,0,10,0,0,0,0,0,48,29,0,0,0,0,0,0,0,0,0,0,0,0,42326,0,0,0,0,14,0,0,0,1,3,0,3,0,0,0,1,0,0,0,0,161,0,73,0,19,0,0,0,0,0,0,0,0,0,0,24,0,0,0,0,0,0,0,0,11732
839451a1-604f-47ef-a817-be1e148128dc,SCISSORS,6,0,0,0,0,0,0,0,0,13,69,0,0,0,0,0,0,0,0,0,0,0,135,1,83,4,0,0,0,0,6,14,254,0,0,0,0,0,0,27,0,18,0,0,0,10763,0,3,0,0,0,0,0,0,0,52,0,0,0,0,2,0,0,0,0,0,177,0,103,0,3,0,0,0,0,0,165,97,0,0,0,0,0,0,2,0,0,20,0,0,42492,0,0,0,0,0,0,0,0,15,5,0,3,1,4,0,0,0,0,0,0,315,0,0,0,63,0,0,0,0,0,0,0,0,0,0,196,0,0,0,0,21,0,1,0,11773
e64a3190-c9ee-4403-8f90-b60935266b0d,PAPER,17,0,0,0,0,0,0,0,0,0,115,0,0,0,0,25,0,0,0,0,0,0,52,0,38,5,0,0,0,0,0,0,81,0,0,0,48,0,0,0,0,0,3,0,0,10786,0,64,0,0,0,0,0,0,0,45,0,0,0,0,0,0,0,0,0,0,132,0,52,0,1,0,0,0,0,0,27,46,0,0,0,0,0,0,0,0,0,0,0,0,42564,0,0,0,0,0,0,0,0,0,11,0,0,0,0,0,0,0,0,0,0,142,0,0,0,115,0,0,0,0,0,0,0,0,0,0,99,0,0,0,0,0,0,0,0,11803
d7694722-f3aa-40cc-a91e-4f259b5b3579,PAPER,18,0,0,0,0,0,0,5,0,0,76,0,60,0,1,1,0,0,0,0,4,0,6,32,531,7,2,0,0,0,0,0,360,0,0,0,42,0,0,11,1,18,40,0,0,10853,0,0,0,0,0,0,0,0,1,182,0,0,2,0,0,0,0,0,0,0,404,0,0,0,14,0,0,0,0,0,410,179,0,0,0,0,0,0,1,0,2,0,2,0,42883,0,14,0,0,0,0,0,0,0,3,0,0,0,0,0,0,0,42,0,0,614,0,79,0,36,0,0,0,0,8,20,0,0,0,0,381,0,0,0,0,0,0,0,0,11846
d008ea46-09fd-4a7b-b131-9640c3b61949,PAPER,6,0,0,0,0,0,0,0,0,121,19,0,61,0,0,47,0,0,0,0,0,0,13,69,1,2,0,0,0,0,0,0,0,0,0,0,0,0,0,0,41,0,0,0,0,10871,0,23,0,0,0,2,0,0,1,25,0,0,0,0,0,2,0,0,0,0,169,2,13,0,1,0,0,0,0,0,41,51,0,0,0,0,0,0,0,0,44,0,0,0,42986,0,0,0,0,0,0,0,0,0,2,0,0,0,0,0,0,0,0,0,0,136,0,169,0,40,0,0,0,0,0,0,0,0,0,0,27,0,0,0,0,0,0,0,0,11862
4c0ad001-93b7-4d2f-84b5-b4e5e308744a,SCISSORS,16,0,0,0,0,0,0,0,0,0,280,0,28,0,0,0,0,0,0,0,44,0,110,0,1,20,0,0,0,0,0,0,0,0,0,0,0,0,0,0,64,0,0,0,96,10928,0,6,0,0,0,0,0,0,0,179,0,0,0,0,2,0,0,0,0,0,217,0,47,0,10,0,0,0,0,0,50,81,0,0,0,0,0,0,0,0,0,51,0,0,43130,0,0,0,0,0,1,0,0,1,5,0,0,2,0,0,1,0,0,0,0,185,0,85,0,84,0,0,0,0,0,0,0,0,0,0,185,0,0,0,5,88,0,1,0,11909
1d783bc3-ff6b-46c1-9fed-6920c332d4b5,SCISSORS,20,0,2,0,0,0,0,0,0,0,9,154,0,0,0,0,0,0,0,0,0,0,145,0,101,94,0,0,0,0,0,24,0,0,0,0,0,0,0,0,0,0,0,0,0,10969,0,4,0,0,0,0,0,0,0,22,0,0,0,0,23,0,0,0,0,0,159,0,113,0,1,0,0,0,0,20,96,87,0,0,0,0,0,0,0,0,0,4,0,0,43273,0,0,0,0,30,1,0,0,1,2,0,0,0,0,0,0,0,0,0,0,291,0,0,0,33,0,0,0,0,0,0,0,0,5,0,152,0,0,13,0,1,0,0,0,11935
a7c2e6fa-431b-4695-bcc2-6aac59c2a73a,PAPER,13,0,0,0,0,0,0,0,0,0,3,0,0,0,0,0,0,0,0,0,0,0,88,1,68,41,1,0,0,0,0,0,0,0,0,0,30,0,0,396,1,0,9,0,0,10989,0,0,0,0,0,1,0,0,1,46,0,0,0,0,0,0,0,0,0,0,204,0,56,0,1,0,0,0,0,8,214,100,0,0,0,0,0,0,6,0,1,0,0,0,43437,0,0,0,2,0,0,0,0,0,13,0,5,0,0,0,0,0,0,0,0,298,2,79,0,97,0,0,0,0,0,0,0,0,0,0,131,0,0,7,4,0,0,0,0,11982
d5084525-49e1-4de4-a932-dbdb6b0dc4f7,SCISSORS,20,0,0,0,0,0,0,0,0,0,0,0,0,0,0,0,0,0,0,0,0,0,146,1,49,0,0,0,0,0,0,0,132,0,0,0,0,0,0,0,0,0,0,0,0,10994,0,7,0,0,0,0,0,0,0,19,0,0,0,0,11,0,0,0,0,0,156,0,42,0,2,0,0,0,0,0,39,48,0,0,0,0,0,0,0,2,0,2,0,0,43535,0,0,0,0,0,0,0,0,1,0,0,0,2,6,0,0,0,0,0,0,164,0,74,0,0,0,0,0,0,0,0,0,0,0,0,80,0,0,0,0,0,0,1,0,11999
484d40c0-8c00-4215-981c-9f01fb343639,PAPER,13,0,0,0,0,0,0,0,0,0,0,0,2,0,0,1,0,3,0,0,0,0,111,1,111,4,0,7,3,0,0,0,229,0,0,0,15,0,0,0,2,7,52,0,0,11029,0,3,0,0,2,2,0,0,2,28,0,0,1,0,0,4,0,0,0,0,113,3,150,0,0,0,0,0,0,0,125,63,0,0,0,0,0,0,0,0,51,0,1,0,43671,0,0,0,0,0,0,0,0,0,3,0,0,0,0,0,0,0,0,0,0,252,0,92,0,86,0,0,0,0,0,23,0,0,0,0,92,0,0,0,0,0,0,0,0,12018
4d6a4e77-9ed5-458f-8414-1414db8175b3,ROCK,10,0,0,0,0,1,1,0,0,3,9,0,0,3,0,0,1,0,0,0,0,88,96,3,0,210,0,0,0,0,0,604,0,0,0,0,43,0,0,0,0,0,0,4,515,11105,0,139,0,0,0,0,0,0,0,140,0,0,0,0,0,0,0,0,0,0,541,0,0,0,6,0,0,0,0,24,481,250,0,0,0,0,0,0,0,0,0,0,0,0,44077,0,0,0,0,0,0,0,0,0,3,0,8,0,0,2,0,0,0,0,0,490,4,140,0,70,0,0,0,0,0,82,0,0,1,0,647,0,0,0,0,0,78,0,56,12078
d7e6d3dc-9726-4f82-97ca-1ec3091085ac,SCISSORS,5,0,0,0,0,0,0,0,0,0,7,0,39,0,0,0,0,0,0,0,0,0,123,0,0,90,0,0,0,0,0,147,0,0,0,0,38,0,0,0,0,0,0,0,151,11133,0,69,0,0,0,0,0,0,0,164,0,0,0,0,39,0,0,0,0,0,128,0,46,0,3,0,0,0,0,0,68,68,0,0,0,0,0,0,3,5,0,2,0,0,44203,0,0,0,0,2,2,0,0,1,0,0,4,1,0,0,0,0,0,0,0,371,0,69,0,0,0,0,0,0,0,0,0,0,0,0,143,0,0,0,0,1,0,1,0,12106
5527105f-444f-4feb-affe-d60772c13a3a,SCISSORS,9,0,0,0,0,0,0,0,0,0,8,0,0,0,0,0,0,0,0,0,0,0,155,3,0,120,0,0,0,0,7,6,0,0,0,0,3,0,0,0,0,0,0,0,0,11158,0,48,0,0,0,0,0,0,0,139,0,0,0,0,1,0,0,0,0,0,13,0,70,0,6,0,0,0,0,0,0,5,0,0,0,0,0,0,0,0,0,20,0,0,44228,0,0,0,0,1,0,0,0,39,10,0,0,1,0,0,0,0,0,0,0,138,0,0,0,88,0,0,0,0,0,0,0,0,0,0,23,0,0,0,0,1,0,1,0,12144
d4c65b17-152a-4735-a338-6f06bedd3550,SCISSORS,17,0,0,0,25,0,0,0,0,0,5,0,0,0,0,0,0,0,0,0,0,0,133,0,0,151,41,0,0,0,0,237,0,0,0,0,0,0,0,0,0,0,0,0,134,11188,0,54,0,0,0,0,0,0,0,87,0,0,0,0,2,0,0,0,0,0,203,0,48,0,6,0,0,0,0,0,191,113,0,0,0,0,0,0,0,22,0,0,0,0,44414,0,0,47,0,1,1,0,0,0,5,0,9,0,0,0,0,0,0,0,0,253,1,27,0,89,0,0,0,0,0,0,0,0,0,0,222,0,0,0,0,46,0,0,25,12196
2d0d2c0d-25ce-4086-80a5-6fe5e9d036f4,SCISSORS,16,0,2,0,0,0,0,0,0,0,9,0,0,0,4,0,0,0,0,0,0,0,179,1,101,94,1,0,0,0,0,0,0,0,5,0,0,0,0,0,0,6,0,0,181,11231,0,9,0,0,0,0,0,0,0,41,0,0,0,0,3,0,0,0,0,0,150,0,112,0,1,0,0,0,0,0,136,79,0,0,0,0,0,0,0,1,0,51,0,0,44544,0,0,0,0,2,1,0,0,2,4,0,0,2,0,0,2,0,0,0,0,386,2,35,0,23,0,0,0,0,1,0,0,0,1,0,122,0,0,0,0,0,0,0,0,12241
929a2e5d-ef6b-4c8d-8f47-93bea383f43f,SCISSORS,17,102,0,0,0,0,0,0,0,4,6,0,0,0,0,0,0,0,33,0,0,0,154,1,101,63,4,0,0,0,0,0,0,0,5,0,0,0,0,475,0,0,0,0,0,11265,0,0,0,0,0,0,0,0,0,63,0,0,0,0,1,0,0,0,0,0,220,5,111,0,7,0,0,0,0,42,358,116,0,0,0,0,0,0,0,25,0,0,0,0,44742,0,0,0,0,1,0,0,0,21,7,0,0,0,0,0,1,0,0,0,13,512,0,0,0,92,0,0,0,0,0,0,0,0,5,0,232,0,0,0,16,25,0,0,23,12301
eafea3cc-d5db-488f-976a-32c2991801f9,PAPER,5,0,0,0,0,0,0,0,0,146,0,0,0,0,0,3,0,0,0,0,0,0,110,0,47,22,3,0,0,0,0,0,0,0,0,0,0,0,0,0,5,0,0,0,0,11277,0,0,0,0,0,0,0,0,0,0,0,0,0,0,0,0,0,0,0,0,131,0,73,0,0,0,0,0,0,0,62,70,0,0,0,0,0,0,0,0,0,0,0,0,44839,0,0,0,0,0,0,0,0,0,0,0,0,0,0,0,0,0,0,0,0,204,1,65,0,0,0,0,0,0,0,0,0,0,0,0,66,0,0,0,0,0,0,0,0,12309
1dd2836d-6fd8-4be9-a6f5-d71e30a456a5,SCISSORS,11,0,0,0,0,0,0,0,0,0,13,0,6,0,0,0,0,0,0,0,0,170,172,5,112,230,59,0,0,0,0,0,0,0,0,0,0,0,0,0,0,12,0,0,0,11338,0,66,0,0,0,0,0,0,0,568,0,0,0,0,10,0,0,0,0,0,68,0,0,0,36,0,0,0,0,0,20,8,0,0,0,0,0,0,3,0,0,0,0,0,44925,0,0,0,0,0,0,0,0,30,28,0,0,0,0,0,0,0,0,0,0,172,0,46,0,424,0,0,0,0,0,0,0,0,0,0,46,0,0,0,33,0,0,0,0,12379
e3e3ba39-f7e8-4327-9d49-1462801f844a,SCISSORS,18,10,0,0,0,0,0,0,0,0,5,0,0,0,0,0,0,3,0,0,0,563,219,4,377,82,27,0,0,7,0,0,0,0,0,0,0,33,0,0,0,0,0,0,0,11398,0,117,0,0,0,0,0,0,0,276,0,0,0,0,50,0,0,0,0,0,244,0,70,0,19,0,0,0,0,0,416,130,0,0,0,1,0,0,5,2,0,0,0,0,45213,0,0,0,0,0,2,0,0,84,27,0,0,0,0,0,0,0,0,0,0,583,0,0,0,364,0,0,0,0,0,0,0,0,5,0,240,0,0,3,21,1,0,0,0,12480
ce4d481a-6775-42ae-aa9b-67151245a28c,ROCK,8,0,0,0,0,0,0,0,0,45,1,0,0,0,0,0,0,0,0,0,0,142,125,4,0,11,1,0,0,0,0,476,0,0,0,0,0,0,0,0,0,0,0,0,0,11413,0,38,0,0,0,0,0,0,0,41,0,0,0,0,0,0,0,0,0,0,202,2,182,0,2,0,0,0,0,0,235,103,0,0,0,0,0,0,0,0,0,0,0,0,45383,15,0,0,0,0,0,0,0,0,10,0,0,0,25,4,0,0,0,5,0,359,0,38,0,104,0,0,0,0,0,0,0,0,0,0,235,7,0,0,3,0,0,0,0,12534
49aad6af-3b74-4b5b-9d9d-84d49beda1c7,SCISSORS,15,0,30,0,0,0,0,0,0,142,1,0,0,0,0,0,0,0,0,0,0,14,93,3,0,56,3,0,0,0,0,46,0,0,0,0,0,0,0,0,0,0,0,0,0,11429,0,0,0,0,0,0,0,0,0,32,0,0,0,0,0,0,0,0,0,0,96,2,127,0,1,0,0,0,0,0,51,62,0,0,0,0,0,0,0,17,0,0,0,0,45476,0,0,0,0,1,0,0,0,1,4,0,0,2,0,0,0,0,0,0,0,204,0,72,0,20,0,0,0,0,0,0,0,0,0,0,83,0,0,0,0,0,0,1,0,12557
b73a6c52-2c5b-4e3c-80da-f51729c1712e,SCISSORS,17,0,0,0,0,0,0,0,0,0,2,0,0,0,0,0,0,0,0,0,0,68,132,1,0,37,0,0,0,0,0,120,0,0,0,0,0,0,0,0,0,0,0,0,0,11439,0,39,0,0,0,0,0,0,0,15,0,0,0,0,1,0,0,0,0,0,97,0,68,0,1,0,0,0,0,0,73,50,0,0,0,0,0,0,0,0,0,16,0,0,45559,0,0,29,0,0,0,0,0,0,0,0,0,1,0,0,0,0,0,0,0,247,0,0,0,8,0,0,0,0,0,0,0,0,0,0,74,0,0,0,0,0,0,1,0,12566
a1372064-119b-470b-afb2-6e209c18d438,ROCK,12,0,0,0,0,0,0,0,0,68,0,0,0,0,0,0,1,0,0,0,0,63,52,0,0,0,0,0,0,0,0,207,0,0,0,0,0,0,0,0,0,0,0,0,0,11444,0,52,0,0,0,0,0,0,0,5,0,0,0,0,0,0,0,0,0,0,83,0,70,0,0,0,0,0,0,1,133,47,0,0,0,0,0,0,0,0,0,0,0,0,45646,0,0,0,0,0,0,0,0,0,1,0,0,0,0,14,0,0,0,0,0,247,0,50,0,4,0,0,0,0,0,0,0,0,0,0,71,0,0,0,2,0,2,0,0,12587
b36467ba-cf0f-4363-a8af-28c96c1b8060,SCISSORS,16,0,0,0,0,0,0,0,0,133,9,0,11,0,0,0,0,0,0,0,0,70,149,8,0,212,20,0,0,0,0,544,0,0,0,0,0,0,0,0,0,0,0,0,0,11495,0,8,0,0,0,0,0,0,0,255,0,0,0,0,2,0,0,0,0,0,274,94,53,0,26,7,0,0,0,55,213,143,0,0,0,0,0,0,0,24,0,2,0,0,45940,0,0,0,0,0,1,0,0,0,10,0,0,3,0,0,0,0,0,0,0,438,0,50,0,163,0,46,0,0,0,0,0,0,0,0,445,0,0,0,0,0,0,0,0,12641
6e7c86f7-28d1-43dc-acd2-b9f56f89316a,PAPER,6,0,0,0,0,0,0,0,0,0,41,0,0,0,0,32,0,0,0,0,0,76,111,0,0,4,4,0,0,0,0,317,0,0,0,0,0,0,0,0,1,0,2,0,0,11520,0,0,0,0,2,0,0,0,0,5,0,0,0,0,0,1,0,0,0,0,210,68,0,0,2,0,0,0,0,2,201,95,0,0,0,0,0,0,0,0,1,0,1,0,46106,0,0,0,0,0,0,0,0,0,2,0,0,0,0,0,0,0,0,0,0,261,0,86,0,61,0,0,0,0,4,0,0,0,0,0,174,0,0,0,0,0,0,0,0,12654
0770efe3-4e90-40c4-8efa-3499c2de8a52,PAPER,8,0,20,0,2,0,0,0,0,60,21,0,0,0,0,3,0,0,0,0,0,232,132,3,193,313,38,0,0,0,0,0,0,0,0,0,0,0,0,0,77,12,1,0,0,11616,0,17,0,0,0,0,0,0,0,497,0,0,0,0,0,1,0,0,0,0,273,46,3,0,27,0,0,0,0,0,147,95,0,0,0,0,0,0,0,0,1,0,0,0,46325,0,0,27,0,0,0,0,38,0,25,0,0,0,0,0,0,0,0,0,0,346,1,168,15,347,0,0,0,0,0,0,0,0,0,0,140,0,0,0,0,0,0,0,0,12742
95f8b229-dc89-4ffd-ad9a-3d04986cf70e,SCISSORS,13,0,11,0,0,0,0,0,0,0,216,0,0,0,104,0,0,0,0,0,0,0,78,1,0,10,2,0,0,0,0,248,0,0,0,0,0,0,0,0,75,0,0,0,0,11657,0,1,0,0,0,0,0,0,0,75,0,0,0,0,15,0,0,0,0,0,196,49,0,0,6,0,0,0,0,0,225,178,0,0,0,0,0,0,0,0,0,0,0,0,46508,0,0,0,0,0,0,0,0,1,17,0,3,1,0,0,0,0,0,0,0,197,1,87,0,187,0,0,0,0,0,0,0,0,0,0,199,0,0,0,0,52,0,0,0,12812
c6eee5b3-a3d1-43cf-83fd-1c6ad964da34,PAPER,13,0,43,0,0,0,0,0,0,0,7,0,0,0,0,2,0,0,0,0,0,0,115,0,81,117,9,0,0,163,0,0,0,0,0,0,0,0,0,0,3,0,29,0,0,11696,0,7,0,0,0,0,0,0,44,52,0,0,0,0,0,1,0,0,0,0,197,109,1,12,5,0,0,0,0,0,35,106,0,0,0,0,0,0,0,0,0,0,0,0,46698,0,0,0,0,0,0,0,0,0,6,0,0,0,0,0,0,0,0,0,0,250,0,89,0,103,0,0,0,0,0,0,0,0,0,0,121,0,0,0,0,0,0,0,0,12840
77485bad-e94f-48b9-9361-89671372f6a5,PAPER,17,0,0,0,0,0,0,0,0,0,5,0,0,0,0,37,0,0,0,0,0,0,112,0,36,42,1,0,133,0,0,0,0,0,0,0,0,0,0,0,1,0,0,0,0,11713,0,0,0,0,0,2,0,0,0,0,0,0,0,0,0,2,0,0,0,0,187,0,0,0,0,0,0,0,0,0,72,62,0,0,0,0,0,0,0,0,42,0,0,0,46796,0,0,0,0,0,0,0,0,0,1,0,0,0,0,0,0,0,0,0,0,109,0,160,0,11,0,0,0,13,0,0,0,0,0,0,73,0,0,0,0,0,0,0,0,12849
d756927e-955e-45ac-83e3-f6c2bd7c3a65,PAPER,20,0,0,0,0,0,0,0,0,0,5,0,0,0,0,0,0,0,0,0,0,0,106,0,113,89,1,0,0,0,0,0,155,0,0,0,0,0,0,0,3,0,5,0,0,11735,0,2,0,0,0,0,0,0,1,33,0,0,0,0,0,0,0,0,0,0,255,21,0,0,4,0,0,0,0,0,69,90,0,0,0,0,0,0,0,0,0,0,2,0,46944,0,0,0,0,0,0,0,0,0,2,0,0,0,0,0,0,0,0,0,0,145,4,125,0,76,0,0,0,0,0,0,0,0,0,0,103,0,0,0,0,22,0,0,0,12876
dad91655-a2b0-4953-a27e-61395d38561c,SCISSORS,12,0,0,0,0,0,0,0,0,0,2,0,0,0,0,0,0,0,0,0,0,167,152,0,121,63,0,0,0,0,0,0,0,0,0,0,0,0,0,0,0,0,0,0,0,11747,0,5,0,0,0,0,0,0,0,50,0,0,0,0,0,0,0,0,0,0,196,34,0,0,3,0,0,0,0,0,106,70,0,0,0,0,0,0,4,1,0,36,0,0,47052,0,0,0,0,0,2,0,0,1,0,0,0,1,0,0,0,0,0,0,0,273,0,72,0,3,0,0,0,0,0,0,0,0,0,0,101,0,0,0,0,52,0,0,0,12894
4e29bdbd-28ea-4a18-a63c-b23f87f0d43a,PAPER,19,0,0,0,0,0,0,0,0,0,2,0,0,0,0,1,0,0,0,0,0,113,117,0,0,71,0,0,0,0,0,54,0,0,0,0,1,0,0,0,2,0,27,0,0,11763,0,24,0,0,0,0,0,0,0,0,0,0,1,0,0,0,0,0,0,0,145,97,1,0,0,0,0,0,0,0,61,55,0,0,0,0,0,0,3,0,0,0,1,0,47142,0,0,0,0,0,0,0,0,0,6,0,0,0,0,0,0,0,0,0,0,180,1,97,0,56,0,0,0,0,0,0,0,0,0,0,41,0,0,7,0,0,0,0,0,12917
92fb1948-275a-44ca-82c5-63f477b5e95b,ROCK,15,65,0,0,0,1,2,0,0,78,0,0,0,0,0,0,0,0,0,0,0,0,80,1,0,0,1,0,0,0,0,115,0,0,0,0,0,0,0,0,0,0,0,1,0,11779,0,0,0,0,0,0,0,0,0,22,0,0,0,0,0,0,0,0,0,0,73,88,0,0,0,0,0,0,0,0,53,108,0,0,0,0,0,0,0,0,0,0,0,0,47202,0,0,0,0,0,0,0,0,0,1,0,0,0,0,0,0,0,0,0,0,129,0,107,0,10,0,0,0,0,20,24,0,0,5,0,5,0,0,0,38,0,5,0,0,12939
b980c184-bd50-4c4b-8919-e23a03c2f867,SCISSORS,13,59,0,0,0,0,0,0,0,158,3,0,1,0,0,0,0,0,0,0,0,0,85,0,0,65,0,0,0,0,0,448,0,0,0,0,0,0,0,0,0,0,0,0,0,11793,0,0,0,0,0,0,0,0,0,13,0,0,0,0,2,0,0,0,0,0,278,114,0,0,0,0,0,0,0,0,222,148,0,0,0,0,0,0,3,38,0,1,0,0,47460,0,0,0,0,1,0,0,0,1,2,0,0,0,0,0,0,0,0,0,1,300,0,75,0,32,0,0,0,0,0,0,0,0,0,0,371,0,0,0,0,33,0,3,0,12994
75981aa5-19eb-4715-8f78-5aa9138e5bb7,SCISSORS,12,125,0,0,0,0,0,0,0,0,3,0,0,0,0,0,0,0,0,0,0,0,157,0,71,47,0,0,0,0,0,0,0,0,0,0,0,0,0,0,0,0,0,0,0,11804,0,7,0,0,0,0,0,0,0,19,0,0,0,0,33,0,0,0,0,0,108,136,0,0,0,0,0,0,0,0,43,56,0,0,0,0,0,0,0,1,0,0,0,0,47556,0,0,0,0,0,0,0,0,46,0,0,0,1,0,0,0,0,0,0,0,251,0,19,0,33,0,0,0,0,0,0,0,0,0,0,51,0,0,0,0,1,0,1,0,13009
54a27b4b-c137-459e-a6ac-fd6eb6eb39c7,SCISSORS,5,0,0,0,0,0,0,0,0,141,17,0,0,0,0,0,0,0,0,0,0,0,174,1,16,167,13,0,0,0,0,127,0,0,0,0,0,0,0,12,0,5,0,0,0,11851,0,69,0,0,0,0,0,0,0,107,0,0,0,0,1,0,0,0,0,0,146,135,6,0,5,0,0,0,0,0,77,81,0,0,0,0,0,0,0,3,0,43,0,0,47696,0,2,0,0,1,0,0,0,0,8,0,0,1,0,0,1,0,0,0,0,294,11,91,0,104,0,0,0,0,0,0,0,0,0,0,104,0,0,0,0,54,0,2,0,13068
507f89e4-f7ec-4b28-8ee3-a2278efc46df,SCISSORS,17,0,0,0,0,0,0,0,0,31,8,0,0,0,0,0,0,0,0,0,0,0,178,4,0,160,29,0,0,0,0,0,0,0,0,0,0,0,0,0,0,0,0,0,0,11880,0,82,0,0,0,0,0,0,0,142,0,0,0,0,0,0,0,0,0,0,33,62,0,0,4,0,0,0,0,0,35,17,0,0,0,0,0,0,0,34,0,1,0,0,47739,0,0,0,0,0,0,0,0,0,5,0,3,0,0,0,1,0,0,0,0,204,0,0,0,158,0,0,0,0,0,0,0,0,0,0,39,0,0,0,0,0,0,0,0,13086
d77528b8-af29-4844-ab7a-d38ffb037c53,SCISSORS,15,0,0,0,0,0,0,0,0,106,0,0,0,0,0,0,0,0,0,0,0,0,71,0,126,0,0,0,0,0,0,0,0,0,0,0,0,0,0,0,0,0,0,0,0,11886,0,2,0,0,0,0,0,0,0,4,0,0,0,0,36,0,0,0,0,0,70,115,0,0,0,0,0,0,0,0,40,34,0,0,0,0,0,0,0,1,0,1,0,0,47805,0,0,0,0,1,0,0,0,40,0,0,0,3,0,0,1,0,0,0,0,207,0,0,0,0,0,0,0,0,0,15,0,0,0,3,32,0,0,0,0,1,0,0,0,13109
c4ad388c-1ed1-419a-bd27-bd1923f2ddb0,SCISSORS,14,0,0,0,0,0,0,20,0,0,0,0,0,0,137,0,0,0,0,0,0,0,77,0,196,3,0,0,0,0,0,0,0,0,0,0,0,0,0,0,0,0,0,0,0,11897,0,5,0,0,0,0,0,0,0,40,0,0,0,0,2,0,0,0,0,0,99,96,0,0,1,0,0,0,0,0,104,57,0,0,0,0,0,0,3,0,0,26,0,0,47910,0,0,0,0,1,3,0,0,0,0,0,0,1,0,0,0,0,0,0,0,340,0,0,0,0,0,0,0,0,0,0,0,0,0,0,87,0,0,0,0,0,0,1,0,13132
da4fecfe-c1da-4f7c-a9a1-185ac1e47c0d,SCISSORS,16,0,0,0,0,0,0,0,0,0,6,0,0,0,0,0,0,0,0,0,0,0,55,108,0,78,0,0,0,0,0,114,0,0,0,0,0,0,0,0,0,0,0,0,122,11912,0,4,0,0,0,0,0,0,0,42,0,0,0,0,3,0,0,0,0,0,110,147,3,0,1,0,0,0,0,2,51,58,0,0,0,0,0,0,0,57,0,5,0,0,48025,0,0,0,0,1,1,0,0,0,1,0,0,3,0,0,1,0,0,0,0,204,4,53,0,37,0,0,0,0,0,0,0,0,0,0,86,0,0,0,0,90,0,2,0,13178
212dd22b-cd3f-474d-b069-303080494c91,SCISSORS,14,0,0,0,0,0,0,0,0,0,6,0,0,0,0,0,0,0,362,0,0,0,93,76,227,60,9,0,0,0,0,0,0,0,0,0,31,0,0,0,0,5,0,0,0,11959,0,66,0,0,0,0,0,0,0,56,0,0,0,0,33,0,0,0,0,0,177,111,0,0,6,0,0,0,0,0,321,96,0,0,0,0,0,0,0,2,0,1,0,0,48201,0,0,0,0,0,0,0,0,0,6,0,0,0,0,0,0,0,0,0,0,444,0,0,0,111,0,0,0,61,0,22,0,0,0,0,213,0,0,0,0,12,0,0,0,13216
9096819a-afee-4fa1-8838-7445b016e209,SCISSORS,10,0,0,0,0,0,0,0,0,0,0,159,0,0,0,0,0,0,0,0,48,0,177,0,0,48,0,0,0,0,0,0,0,0,0,0,1,0,0,0,0,0,0,0,0,11969,0,2,0,0,0,0,0,0,0,12,0,0,0,0,1,0,0,0,0,0,121,113,0,0,1,0,0,0,0,0,64,64,0,0,0,0,0,0,0,1,0,54,0,0,48315,0,0,0,0,1,0,0,0,62,0,0,0,0,0,0,0,0,0,0,0,248,0,0,0,2,0,0,0,0,0,0,0,0,0,0,119,0,0,0,0,1,0,0,0,13232
b900c7fc-ff07-4458-a31c-ae5c1cd0e11c,SCISSORS,6,0,0,0,0,0,0,0,0,228,12,0,0,0,0,0,0,0,0,0,0,0,221,2,73,269,0,0,0,0,0,37,0,0,0,0,24,0,0,0,18,0,0,0,0,12021,0,115,0,0,0,0,0,0,0,188,0,0,0,0,29,0,0,0,0,0,203,61,55,0,14,0,0,0,0,3,101,113,0,0,0,0,0,0,0,1,0,1,0,0,48538,0,6,0,0,2,1,0,0,0,21,0,5,0,0,0,1,2,0,0,0,424,4,30,0,151,0,0,0,0,0,0,0,0,0,10,227,0,0,0,0,0,0,0,0,13303
dc2d6f2e-483f-49af-932f-8c0db4619ab0,SCISSORS,9,0,0,0,349,0,0,0,0,0,637,0,0,0,0,0,0,0,0,0,0,0,227,8,184,49,0,0,0,0,0,0,0,0,0,0,60,0,0,29,5,0,0,0,0,12173,0,151,0,0,0,0,0,0,0,491,0,0,0,0,2,0,0,0,0,0,347,86,74,0,23,0,0,0,0,18,133,186,0,0,0,0,0,0,0,36,0,1,0,0,48911,0,0,0,0,0,0,0,0,2,36,0,0,0,0,0,1,0,0,0,2,535,3,76,0,504,0,0,23,0,13,0,0,0,0,0,333,8,0,0,0,11,0,1,0,13442
fb4c407e-a607-40a7-b3b0-cbce15617f6c,SCISSORS,7,0,0,0,67,0,0,0,0,0,0,0,0,0,0,0,0,0,0,0,0,0,65,0,125,0,0,0,0,0,0,0,0,0,0,0,0,0,0,0,0,0,0,0,0,12175,0,7,0,0,0,0,0,0,0,17,0,0,0,0,13,0,0,0,0,0,70,107,0,0,2,0,0,0,0,0,4,36,0,0,0,0,0,0,0,1,0,0,0,0,48977,0,0,0,0,0,0,0,0,0,0,0,0,0,0,0,0,0,0,0,0,217,0,0,0,0,0,0,0,0,0,0,0,0,0,0,3,0,0,0,0,36,0,1,0,13448
9d85c354-27c3-48ea-b4e8-090fd7f0d7c3,SCISSORS,12,0,2,0,0,0,0,0,0,60,4,0,0,0,0,0,0,0,0,0,0,0,111,0,52,38,0,0,0,0,0,79,0,0,0,0,0,0,0,0,0,0,0,0,0,12188,0,0,0,0,0,0,0,0,0,18,0,0,0,0,2,0,0,0,0,0,72,98,0,2,3,0,0,0,0,0,64,37,0,0,0,0,0,0,0,1,0,49,0,0,49054,0,0,0,0,0,1,0,0,16,5,0,0,1,0,0,0,0,0,0,0,172,0,0,0,31,0,0,0,0,0,0,0,0,0,0,64,0,0,0,0,55,0,1,0,13470
8769de66-1715-4cd4-a78f-0280c06c9ff2,PAPER,17,0,0,0,0,0,0,0,0,175,10,0,0,0,0,0,0,7,0,0,0,0,118,1,25,215,0,0,0,0,0,641,0,0,0,0,105,0,0,0,9,0,62,0,0,12247,0,50,0,0,0,0,0,0,1,185,0,0,2,0,0,1,0,0,0,0,434,73,0,0,12,0,0,0,0,18,390,200,0,0,0,0,0,0,0,0,2,0,0,0,49407,0,0,0,0,0,0,0,0,0,15,0,0,0,0,0,0,0,0,0,0,561,2,135,0,242,0,0,0,0,0,0,0,0,0,0,413,0,0,0,0,0,0,0,0,13541
a1e0c690-089e-4f08-983f-3a4fcaae7032,SCISSORS,12,0,0,0,0,0,0,0,0,0,3,0,0,0,0,0,0,0,0,158,0,0,214,2,69,58,0,0,0,0,0,0,0,0,0,0,2,0,0,0,0,0,0,0,0,12264,0,31,0,0,0,0,0,0,0,47,0,0,0,0,83,0,0,0,0,0,130,41,0,0,3,0,0,0,0,0,28,137,0,0,0,0,0,0,0,2,0,4,0,0,49528,0,0,1,0,0,4,0,34,88,1,0,4,2,0,0,2,0,0,0,0,133,1,124,0,34,0,0,0,0,0,0,0,0,0,0,76,0,0,0,0,0,0,2,0,13574
34fcd514-eafe-4e08-b870-31f86f3b4e0f,SCISSORS,11,0,0,0,121,0,0,0,0,0,3,0,0,0,0,0,0,0,0,0,0,0,154,0,67,61,0,0,0,0,0,0,0,0,0,0,6,0,0,0,0,0,0,0,0,12276,0,21,0,0,0,0,0,0,0,54,0,0,0,0,3,0,0,0,0,0,84,71,42,0,3,0,0,0,0,0,44,50,0,0,0,0,0,0,5,34,0,1,0,0,49620,0,0,0,0,34,0,0,0,1,8,0,0,0,0,0,2,0,0,0,0,232,1,13,0,72,0,0,0,0,0,0,0,0,0,0,47,0,0,0,0,0,0,2,0,13607
5415864e-eb2e-4fb4-9679-aeb73bdf762a,SCISSORS,5,0,0,0,131,0,0,0,0,0,3,0,0,0,0,0,0,0,0,0,0,0,223,1,90,85,0,0,0,0,0,0,0,0,0,0,5,0,0,0,0,0,0,0,0,12293,0,9,0,0,0,0,0,0,0,80,0,0,0,0,3,0,0,0,0,0,102,0,120,0,6,0,0,0,0,0,83,48,0,0,0,0,0,0,2,5,0,80,0,0,49722,0,0,0,0,3,2,0,0,3,2,0,0,0,0,0,1,0,0,0,0,233,0,29,0,44,0,0,0,0,0,0,0,0,0,0,95,0,0,0,0,126,0,0,0,13636
41d046b8-9d42-418e-9842-5fe08164fc90,SCISSORS,8,0,0,0,26,0,0,0,0,0,9,0,0,0,0,0,0,0,0,0,0,0,178,2,0,239,0,0,0,0,0,0,0,0,0,0,3,0,0,0,0,0,0,0,0,12320,0,0,0,0,0,0,0,0,0,170,0,0,0,0,1,0,0,0,0,0,18,47,71,77,8,0,0,0,0,1,17,15,0,0,0,0,0,0,0,32,0,0,0,0,49769,0,0,0,0,1,0,0,0,1,13,0,0,1,0,0,0,0,0,0,7,178,4,58,0,175,0,0,0,0,0,0,0,0,0,0,17,0,0,0,0,0,0,2,0,13685
d9b6ca2d-ddac-44fa-9fe6-91fad6b4e6d0,SCISSORS,7,0,0,0,71,0,0,0,0,0,1,0,0,0,0,0,0,0,0,0,0,0,152,0,92,34,0,0,0,0,0,0,0,0,0,0,0,0,0,0,0,0,0,0,0,12331,0,55,0,0,0,0,0,0,0,71,0,0,0,0,21,0,0,0,0,0,73,69,0,0,11,0,0,0,0,0,13,36,0,0,0,0,0,0,0,0,0,1,0,0,49850,0,0,0,0,1,0,0,0,0,0,0,0,0,0,0,1,0,0,0,0,324,0,0,0,0,0,0,0,0,0,0,0,0,0,0,12,0,0,0,10,2,0,0,0,13700
20774470-507b-465f-b46a-50c827913dcb,SCISSORS,18,0,0,0,107,0,0,0,0,0,6,0,0,0,0,0,0,0,0,0,0,0,78,103,0,85,9,0,0,0,0,0,0,0,0,0,0,0,0,0,0,0,0,0,0,12355,0,55,0,0,0,0,0,0,0,54,0,0,0,0,0,0,0,0,0,0,95,0,45,0,8,0,0,0,0,0,21,54,0,0,0,0,0,0,0,55,0,1,0,0,49947,0,0,0,0,0,1,0,0,1,2,0,0,1,0,0,2,0,0,0,0,218,10,83,0,20,0,0,0,0,0,0,0,0,0,0,49,0,0,0,0,0,0,1,0,13737
3b64d5a8-d881-40cc-a07c-4d23972264ef,SCISSORS,13,0,0,0,124,0,0,0,0,1,3,0,0,0,0,0,0,0,0,0,0,0,0,69,134,7,0,0,0,0,0,0,23,0,0,0,0,0,0,0,0,0,0,0,0,12374,0,38,0,0,0,0,0,0,0,8,0,0,0,0,3,0,0,0,0,0,106,0,69,0,0,0,0,0,0,0,44,59,0,0,0,0,0,0,0,2,0,32,0,0,50058,0,0,0,0,0,0,0,0,0,0,0,0,0,0,0,2,0,0,0,0,205,0,0,0,0,0,0,0,0,0,0,0,0,0,0,97,0,0,0,0,56,0,1,0,13753
8cd7de3f-a5fd-40d1-a9f5-153867775d9f,PAPER,19,0,0,0,0,0,0,0,0,0,8,0,0,0,0,38,0,0,0,0,0,0,44,0,52,66,1,0,0,0,0,731,122,0,0,0,0,0,0,0,2,0,2,0,0,12406,0,59,0,0,0,0,0,0,1,96,0,0,2,0,0,0,0,0,0,0,295,49,0,0,9,0,0,0,0,0,354,158,0,0,0,0,0,0,0,0,43,0,0,0,50346,0,1,0,0,0,0,0,28,0,8,0,0,0,0,0,0,0,0,0,0,329,2,92,0,89,0,0,1,0,0,0,86,0,0,0,423,0,0,7,0,0,0,0,0,13809
0781f347-7fce-4274-bcec-2aa472b6ecdd,ROCK,20,0,0,0,178,0,1,0,0,89,0,0,0,0,0,0,2,0,0,0,0,2,80,0,50,0,1,0,0,0,0,0,0,0,0,0,0,0,0,0,0,0,0,0,0,12424,0,13,0,0,0,0,0,0,0,46,0,0,0,0,0,0,0,0,0,0,71,110,1,0,4,0,0,0,0,0,47,111,0,0,0,0,0,0,0,0,0,0,0,0,50409,0,0,0,0,0,0,0,23,0,2,0,0,0,0,41,0,0,0,0,0,117,0,118,0,36,0,0,0,1,0,0,0,0,0,0,51,0,0,7,4,0,3,0,0,13843
1f4c0d7e-d712-4ee8-9794-62411a96a9f3,PAPER,5,0,0,0,203,0,0,0,0,71,0,0,6,0,0,0,0,0,0,0,0,0,54,0,123,21,0,0,0,0,0,0,0,0,0,0,0,0,0,0,20,0,1,0,0,12439,0,37,0,0,1,0,0,0,2,0,0,0,1,0,0,0,0,0,0,0,167,71,0,0,0,0,0,0,0,0,91,91,0,0,0,0,0,0,0,0,37,0,1,0,50560,0,0,0,0,0,0,0,0,0,2,0,0,0,0,0,0,0,0,0,0,181,0,149,0,45,0,0,0,0,0,0,0,0,9,0,113,0,0,0,0,0,0,0,0,13862
711e31d8-1e4e-4748-aeab-3ef0917b6484,SCISSORS,15,21,0,0,0,0,0,0,0,0,22,0,0,0,0,0,0,0,0,0,0,0,179,0,0,215,13,0,0,0,0,0,0,0,0,0,14,0,0,0,0,0,0,0,0,12489,0,11,0,0,0,0,0,0,0,126,0,0,0,0,42,0,0,0,0,0,145,44,0,0,7,0,0,0,0,0,46,40,0,0,0,0,0,0,0,2,0,1,0,0,50638,0,0,0,0,2,0,0,0,0,14,0,3,0,0,0,1,0,0,0,0,122,0,106,0,183,0,0,0,0,0,0,0,0,0,0,31,0,0,0,0,2,0,0,0,13909
4e06e1f7-f377-465a-9ac1-83f4be5a619c,ROCK,11,0,0,0,0,0,0,0,0,1,8,0,0,1,0,0,0,0,0,0,0,549,181,6,440,118,53,0,0,0,0,0,20,0,0,0,0,0,0,0,0,39,0,0,0,12557,0,25,0,0,0,0,0,0,0,379,0,7,0,0,0,0,0,0,0,0,254,226,5,0,19,0,0,0,0,4,362,135,0,0,0,0,0,0,0,0,0,0,0,0,50902,0,0,0,0,0,0,0,0,5,26,0,0,0,6,2,0,0,0,0,0,633,0,0,3,340,0,0,0,52,0,0,0,0,0,0,267,0,0,0,79,0,3,0,0,14012
b0dbc668-2bbc-446b-832f-030e3dbc78a1,SCISSORS,17,0,0,0,0,0,0,0,0,0,0,0,0,0,0,0,0,0,0,0,0,125,76,0,90,29,0,0,0,0,0,87,0,0,0,0,0,0,0,22,0,75,0,0,0,12572,0,4,0,0,0,0,0,0,0,15,0,0,0,0,1,0,0,0,0,0,106,124,0,0,0,0,0,0,0,0,179,55,0,0,0,0,0,0,0,0,0,20,0,0,50995,0,0,0,0,1,1,0,0,2,3,0,0,1,0,0,0,0,0,0,0,129,0,0,0,51,0,0,0,0,0,0,75,0,0,0,110,0,0,0,74,57,0,0,0,14037
812b1881-d8ff-4aea-ac6c-cc19b8cf2694,SCISSORS,14,0,0,0,0,0,0,0,0,1,4,0,0,0,0,0,0,0,0,0,0,275,131,0,372,52,0,0,0,0,0,0,24,0,0,0,0,0,0,0,0,3,0,0,0,12606,0,6,0,0,0,0,0,0,0,77,0,0,0,0,38,0,0,0,0,0,224,142,5,0,3,0,0,0,0,31,207,125,0,0,0,0,0,0,0,2,0,2,0,0,51209,0,0,0,0,0,1,0,0,2,15,0,0,0,0,0,2,1,9,0,0,386,0,0,0,159,0,0,0,0,12,0,0,0,0,0,191,0,0,7,0,52,0,1,24,14121
a778cbb5-3ac8-4892-b64e-a00013f2e31e,ROCK,13,0,0,0,0,3,1,0,0,0,0,0,0,0,0,0,0,0,0,0,0,358,79,0,219,0,4,0,0,0,0,0,0,0,0,0,0,0,0,0,1,1,0,0,0,12637,0,2,0,0,0,0,0,0,0,104,0,5,0,0,0,0,0,0,0,0,106,178,0,0,8,0,0,0,0,0,205,55,0,0,0,0,0,0,3,0,0,0,0,0,51328,0,0,0,0,0,0,0,0,0,89,0,0,0,0,4,0,0,0,0,0,373,1,47,0,3,0,0,0,0,0,24,0,0,0,0,69,0,0,0,5,0,51,0,0,14162
25585499-25ad-4c66-bfde-3d153ab01c1b,SCISSORS,13,0,0,0,0,0,0,0,0,0,3,5,0,0,0,0,0,4,0,0,0,647,22,1,497,32,0,4,0,0,0,62,6,0,0,0,23,0,0,0,6,0,0,0,0,12692,0,0,0,0,0,0,0,0,0,125,0,0,0,0,37,0,0,0,0,0,318,70,0,0,12,0,0,0,0,18,531,173,0,0,0,0,0,0,11,16,0,1,0,0,51647,0,0,0,0,1,0,0,0,20,23,0,0,0,0,0,1,0,0,0,0,611,0,70,0,246,0,0,0,0,0,0,0,0,0,0,340,0,0,0,0,0,0,0,0,14261
055991ad-869e-410b-a2ce-9a2b59987f7a,ROCK,19,0,0,0,0,1,0,0,0,43,3,0,0,0,0,0,2,0,0,0,0,325,33,0,269,73,0,0,0,0,0,0,16,0,0,0,20,0,0,0,0,1,0,0,0,12733,0,5,0,0,0,0,0,0,0,114,0,0,0,0,58,0,0,0,0,0,167,55,6,0,8,0,0,0,0,2,276,86,0,0,0,0,0,0,9,0,0,0,0,0,51828,0,19,0,0,0,0,0,0,0,5,0,0,0,0,41,0,0,0,0,0,398,0,39,0,94,0,0,0,0,0,0,0,0,0,0,186,0,0,0,3,0,1,0,0,14301
a2ba1b77-cfc6-47b6-a788-47f263476da5,SCISSORS,9,0,0,0,0,0,0,0,0,0,1,0,0,0,0,0,0,0,0,6,0,225,131,0,69,37,0,0,0,0,0,0,0,0,0,0,0,0,0,0,0,0,0,0,0,12744,0,0,0,0,0,0,0,0,0,8,0,4,0,0,5,0,0,0,0,0,94,71,3,0,1,0,0,0,0,0,157,51,0,0,0,0,0,0,0,2,0,73,0,0,51936,0,0,0,0,2,1,0,0,93,1,0,0,1,0,0,3,0,0,0,0,201,4,98,0,22,3,0,0,0,0,0,0,0,0,0,36,0,0,0,0,1,0,3,0,14349
35c41fd3-e93a-4913-9b2d-3243a2100c0c,SCISSORS,16,0,0,0,64,0,0,0,0,0,13,0,0,0,0,0,0,0,0,0,0,229,177,1,176,176,3,0,0,0,0,0,16,0,0,0,0,0,0,0,0,0,0,0,0,12794,0,0,0,0,0,0,0,0,0,135,0,0,0,0,1,0,0,0,0,0,198,123,0,0,8,0,0,0,0,0,246,103,0,0,0,0,0,0,0,41,0,0,0,0,52105,0,0,0,0,0,1,0,0,1,14,0,0,1,0,0,2,0,0,0,0,341,0,0,0,203,0,0,0,0,0,0,0,0,0,0,205,0,0,0,1,86,0,0,0,14413
b48f1df7-2aaf-42f6-a957-f846da816512,SCISSORS,14,0,0,0,0,0,0,0,0,0,0,0,0,0,0,0,0,0,0,0,0,220,164,1,99,0,0,0,0,0,0,0,0,0,2,0,0,0,0,0,0,0,0,0,0,12809,0,0,0,0,0,0,0,0,0,33,0,13,0,0,2,0,0,0,0,0,101,110,0,0,3,0,0,0,0,0,121,59,0,0,0,0,0,0,0,43,0,1,0,0,52208,0,0,0,0,1,1,0,0,1,4,0,0,0,0,0,0,0,0,0,0,353,0,0,0,33,0,0,0,0,0,0,0,0,0,0,93,0,0,0,0,0,0,0,0,14440
2044fbfd-8b9f-4bab-90e9-7b72e943d375,SCISSORS,6,0,0,0,0,0,0,0,0,0,11,0,0,0,0,0,0,0,0,0,0,219,174,0,146,106,0,0,0,0,0,0,0,0,4,0,0,0,0,0,0,0,0,0,0,12846,0,0,0,0,0,0,0,0,0,33,0,35,0,0,32,0,0,0,0,0,182,154,2,0,2,0,0,0,0,0,120,98,0,0,0,0,0,0,0,1,0,1,0,0,52383,0,0,0,0,1,2,0,0,1,7,0,0,0,0,0,1,0,0,0,0,283,4,38,0,127,0,0,0,0,0,0,0,0,0,19,122,0,0,0,0,54,0,1,0,14495
d5e6f2fc-b7a3-41a5-a5d5-75a200edb8b6,ROCK,6,0,0,0,0,0,0,0,0,88,11,0,0,1,0,0,0,0,0,0,0,2,74,0,238,261,117,0,18,0,0,0,229,0,0,0,0,0,0,0,0,2,0,0,0,12904,0,0,0,0,0,0,0,0,0,406,0,74,0,0,0,0,0,0,0,0,160,168,0,0,22,0,0,0,0,3,120,83,0,0,0,0,0,0,5,0,0,0,0,0,52569,0,0,0,0,0,0,0,0,0,342,0,0,0,0,5,0,0,0,0,0,464,0,45,0,18,24,0,0,0,0,0,0,0,0,0,100,0,0,0,41,0,2,0,0,14568
2337fbd6-2529-4f59-8789-e92969433756,ROCK,10,0,0,0,0,2,1,0,0,108,4,0,0,1,0,0,2,0,0,0,0,122,33,1,179,66,0,0,0,0,0,0,8,0,0,0,0,0,0,0,0,2,0,1,0,12942,0,0,0,0,0,0,0,0,0,135,0,52,0,0,0,0,0,0,0,0,77,210,4,0,5,0,0,0,0,0,5,42,0,0,0,0,0,0,0,0,0,0,0,0,52650,0,0,0,0,0,0,0,0,5,5,0,0,0,0,5,0,0,0,0,0,152,0,104,0,134,0,0,0,0,0,0,0,0,0,0,51,0,0,0,71,0,3,0,0,14602
4d10f609-3e56-4256-8544-563b2e214389,SCISSORS,5,0,0,0,0,0,0,0,0,0,1,0,0,0,0,0,0,0,0,0,0,134,80,0,82,18,0,0,0,0,0,0,7,0,0,0,0,0,0,0,0,0,0,0,0,12948,0,0,0,0,0,0,0,0,0,70,0,1,0,0,1,0,0,0,0,0,61,118,0,0,5,0,0,0,0,0,6,34,0,0,0,0,0,0,0,1,0,25,0,0,52713,0,0,0,0,0,1,0,0,1,0,0,0,0,0,0,1,0,0,0,0,218,0,73,0,0,0,0,0,0,0,0,0,0,12,0,16,0,0,0,0,0,0,0,0,14616
211e943d-d898-44af-8c37-1c54ecb792c6,SCISSORS,9,0,0,0,20,0,0,0,0,0,61,4,70,0,0,0,0,0,0,0,0,0,160,0,543,772,73,0,22,0,0,0,189,0,0,0,0,0,0,47,0,0,0,0,0,13111,0,0,0,0,0,0,0,0,0,1258,0,33,0,0,20,0,0,0,0,0,118,66,77,0,84,0,0,0,0,0,239,64,0,0,0,0,0,0,0,1,0,1,0,0,53002,0,0,0,0,1,0,0,0,33,80,53,0,1,0,0,0,0,0,0,0,477,3,27,0,1132,0,0,0,0,0,0,0,0,7,0,147,0,0,0,0,0,0,0,0,14819
9840052b-6af4-46f7-a514-6072027d50ec,SCISSORS,6,0,0,0,0,0,0,0,0,0,15,0,0,0,0,0,0,0,0,0,0,0,204,2,382,202,16,0,0,0,0,0,499,0,0,7,0,0,0,0,0,0,0,0,0,13194,0,0,0,0,0,0,0,0,0,283,0,0,0,0,1,0,0,0,0,0,324,1,126,0,14,0,0,0,0,7,348,177,0,0,0,14,0,0,5,27,0,0,0,0,53316,6,0,0,0,1,1,0,0,0,12,14,0,1,0,0,0,0,0,0,5,713,1,17,0,170,0,0,0,0,0,0,0,0,0,0,385,0,0,0,0,0,0,1,0,14908
43812f50-7f3c-4a93-968d-d01c447f26bb,ROCK,18,0,0,0,0,0,0,0,0,155,12,0,0,1,0,0,4,0,0,0,0,1,73,0,94,171,0,0,0,0,0,0,145,0,1,0,0,0,0,0,0,1,0,2,0,13255,0,0,0,0,0,0,0,0,0,214,0,5,0,0,0,0,0,0,0,0,99,1,196,0,13,0,0,0,0,0,79,53,0,0,0,0,0,0,0,0,0,0,0,0,53423,0,0,0,0,0,0,0,0,0,12,0,3,0,0,3,0,0,0,0,0,264,0,52,0,181,0,0,0,0,0,0,0,0,5,0,77,0,0,0,3,0,60,0,0,14962
e0f031bf-c24b-4589-967e-cb096d13cef1,ROCK,9,0,0,0,0,0,1,0,0,151,1,0,0,2,0,0,2,0,0,0,0,20,0,0,96,29,0,0,0,0,0,0,184,0,0,0,0,0,0,0,0,0,0,1,0,13284,0,0,0,0,0,0,0,0,0,32,0,1,0,0,0,0,0,0,0,0,129,3,164,0,1,0,0,0,0,0,92,65,0,0,0,0,0,0,0,0,0,0,0,0,53528,0,0,0,0,0,0,0,0,0,5,0,0,0,0,17,0,0,0,0,0,146,0,120,0,58,0,0,0,0,0,0,0,0,0,0,139,0,0,0,2,0,0,0,0,14989
17be2d76-6458-4ca3-9ec9-fff370253d33,SCISSORS,7,42,0,0,0,0,0,0,7,0,25,0,0,0,0,0,0,0,0,0,0,0,134,2,347,269,31,0,0,0,4,0,477,0,0,0,0,0,0,0,6,0,0,0,0,13384,0,1,0,0,0,0,0,0,0,278,0,59,0,0,0,0,0,0,0,0,319,73,79,0,11,0,0,0,0,12,305,167,0,0,0,0,0,0,3,3,0,34,0,0,53817,2,0,0,0,37,0,0,0,1,11,0,0,1,0,0,0,0,0,0,0,478,7,162,0,288,0,0,7,0,0,0,0,0,0,0,323,0,0,7,18,1,0,1,0,15085
cec96dab-9bf8-4bc7-a4ba-53c9901a5fde,SCISSORS,8,0,0,0,0,0,0,0,0,0,6,0,0,0,0,0,0,1,0,0,0,0,194,3,129,106,31,0,0,0,0,22,221,0,0,0,0,0,0,0,0,0,0,0,0,13427,0,0,0,0,0,0,0,0,0,218,0,3,0,0,17,0,0,0,0,0,123,120,0,0,17,0,0,0,0,0,140,72,0,0,0,0,0,0,0,0,0,3,0,0,53975,0,0,0,0,1,1,0,0,1,12,0,0,1,0,0,0,0,0,0,0,463,0,0,22,92,0,0,0,0,0,0,0,0,0,0,120,0,0,0,0,0,0,0,0,15134
3b87c2b1-091b-49b1-aa71-d411e9cae448,SCISSORS,6,0,0,45,0,0,0,0,0,0,7,0,31,0,0,0,0,0,0,0,0,0,135,0,40,104,0,0,0,0,0,0,156,0,0,0,0,0,0,0,0,0,0,0,0,13454,0,0,0,0,0,0,0,0,0,40,0,2,0,0,10,0,0,0,0,0,163,117,3,0,1,0,0,0,0,0,93,88,0,0,0,0,0,0,0,1,0,0,0,0,54125,0,0,5,0,0,0,0,0,21,5,0,0,1,0,0,0,0,0,0,0,245,0,0,0,47,0,0,0,0,5,0,0,0,0,0,188,0,0,0,0,1,0,0,0,15163
1ba48bf0-7f50-4e7f-a655-b807aca1c91c,SCISSORS,13,0,0,0,0,0,0,0,0,0,5,0,0,0,0,0,0,0,0,0,0,0,171,0,49,87,69,0,0,0,0,0,90,0,0,0,0,0,0,0,0,0,0,0,0,13473,0,0,0,0,0,0,0,0,0,169,0,0,0,0,2,0,0,0,0,0,62,114,2,0,12,0,0,0,0,0,30,35,0,0,0,0,0,0,0,44,0,1,0,0,54200,0,0,0,0,1,0,0,0,3,0,0,0,0,0,0,1,0,0,0,7,282,0,0,0,42,0,0,0,0,0,27,0,0,0,0,49,0,0,0,0,58,0,1,0,15190
5dc7b7ab-cedc-4f4e-a215-1b7e5cc31e40,SCISSORS,11,0,0,0,0,0,0,0,0,0,0,0,0,0,0,0,0,0,0,0,0,0,92,61,72,12,0,0,0,0,0,0,128,0,0,0,0,0,0,0,0,0,0,0,0,13488,0,0,0,0,0,0,0,0,0,31,0,3,0,0,0,0,0,0,0,0,84,126,0,0,1,0,0,0,0,0,68,46,0,0,0,0,0,0,0,0,0,6,0,0,54285,0,0,0,0,0,0,0,0,0,2,0,0,0,0,0,0,0,0,0,0,281,0,0,0,41,0,0,0,0,0,0,0,0,0,0,40,0,0,0,0,0,0,1,0,15203
864141fd-4cc1-404f-9a52-70194ccb38b0,SCISSORS,12,0,0,0,0,0,0,5,7,0,17,0,0,0,0,0,0,0,0,0,0,0,112,70,469,252,0,0,0,0,32,0,797,0,1,23,0,0,0,0,0,11,0,0,46,13581,0,0,0,0,0,0,0,0,0,227,0,29,0,0,1,0,0,0,0,0,533,117,0,0,19,0,0,0,0,4,568,287,0,0,0,0,0,0,8,4,0,45,0,0,54791,0,0,55,0,0,1,0,0,6,12,0,0,0,0,0,3,0,0,0,0,626,0,0,0,269,0,0,0,0,0,40,0,0,0,0,822,0,0,7,0,0,0,1,0,15279
b2a28ba1-26c3-4ba7-b9f5-d763b934abd7,ROCK,6,0,0,0,0,2,3,0,0,1,0,0,0,0,0,0,1,0,0,0,41,93,113,0,0,17,0,0,0,0,18,0,161,0,0,0,0,0,0,0,0,3,0,2,0,13616,0,0,0,0,0,0,0,0,0,33,0,2,0,0,0,0,0,0,0,0,93,77,140,0,4,0,0,0,0,0,56,50,0,0,0,0,0,0,0,0,0,0,0,0,54879,0,0,0,0,0,0,0,0,0,0,0,0,0,0,80,0,0,0,0,0,226,0,45,0,37,0,0,0,0,0,0,0,0,0,0,46,0,0,0,3,16,2,0,0,15305
6eb5beab-a847-4119-a277-e32b26f27dcc,SCISSORS,20,0,38,0,0,0,0,0,0,0,52,0,0,0,0,0,0,8,0,0,0,0,225,8,436,854,117,0,0,0,0,17,428,0,12,2,35,0,0,0,12,0,0,0,0,13802,0,0,0,0,0,0,0,0,0,1213,0,64,0,0,59,0,0,0,0,0,275,88,80,0,75,0,0,0,0,0,238,146,0,0,0,0,0,0,0,4,0,2,0,0,55296,0,0,0,0,0,1,0,0,68,37,0,0,3,0,0,1,0,0,0,0,1067,1,157,0,542,0,0,0,0,11,0,0,0,1,0,341,0,0,13,0,0,0,1,0,15459
faa3a302-4656-4b11-9482-06578e2f5677,SCISSORS,13,0,0,0,0,0,0,0,0,0,1,0,0,0,0,0,0,0,0,0,0,0,163,0,92,17,0,0,17,0,0,0,219,0,0,0,0,0,0,0,0,0,0,0,0,13814,0,3,0,0,0,0,0,0,0,3,0,2,0,0,1,0,0,0,0,0,125,118,2,0,0,0,0,0,0,0,143,67,0,0,0,0,0,0,0,2,0,43,0,0,55405,0,0,0,0,0,1,0,0,0,2,0,0,0,0,0,0,0,0,0,0,331,0,0,0,28,0,0,0,0,0,0,0,0,0,0,144,0,0,0,0,2,0,1,0,15484
aa2fbad6-ae77-48f3-80e8-5d69effc8aab,SCISSORS,9,0,0,0,70,0,0,0,11,0,4,0,21,0,0,0,0,5,0,0,0,0,203,0,135,53,8,0,0,0,0,0,288,0,0,0,0,0,0,0,0,0,0,0,0,13845,0,0,0,0,0,0,0,0,0,96,0,4,0,0,59,0,0,0,0,0,191,106,0,0,5,0,0,0,0,0,0,105,0,0,0,0,0,0,225,0,0,7,0,0,55590,6,0,0,7,0,0,0,0,1,6,0,3,0,0,0,3,0,0,0,0,316,1,27,0,51,0,0,0,0,0,0,24,0,0,0,240,0,0,0,0,111,0,2,0,15541
191e9db6-be76-469f-9258-0e46e50c2e0a,SCISSORS,10,0,0,0,1,0,0,5,0,0,3,0,0,0,0,0,0,0,0,0,124,0,163,3,0,44,7,0,0,1,0,0,91,0,0,0,0,0,0,0,0,0,0,0,0,13878,0,0,0,0,0,0,0,0,0,111,0,0,0,0,0,0,0,0,0,0,95,117,0,0,2,0,0,0,0,0,50,46,0,0,0,0,0,0,0,21,0,0,0,0,55672,0,0,0,0,0,1,0,0,0,0,0,0,0,0,0,0,0,0,0,0,263,0,0,0,0,0,0,0,0,0,0,0,0,0,0,76,0,0,7,0,94,0,1,0,15559
94b8a1b9-d786-4b50-9230-9af4e006d88a,ROCK,19,0,0,0,89,3,0,0,11,0,1,0,0,0,0,0,0,0,0,0,0,89,71,0,0,16,0,0,0,0,0,221,143,0,0,0,0,0,0,0,0,0,0,0,0,13902,0,0,0,0,0,0,0,0,0,39,0,15,0,0,0,0,0,0,0,0,193,188,1,0,2,0,0,0,0,14,84,108,0,0,0,0,0,0,0,0,0,0,0,0,55846,0,0,0,0,0,0,0,0,0,2,0,0,0,0,3,0,0,0,0,0,256,0,49,18,28,0,0,0,0,0,0,0,0,0,0,214,0,0,0,54,19,1,0,0,15592
18840a6c-69af-4dc1-9191-a6ca1c8bcc18,SCISSORS,12,0,0,0,2,0,0,5,0,0,22,0,0,0,0,0,0,3,0,0,11,0,186,6,0,364,64,0,0,0,0,1819,883,0,0,9,59,0,0,0,0,0,0,0,0,14048,0,66,0,0,0,0,0,0,0,332,0,0,0,0,2,0,0,0,0,0,1081,110,1,0,22,0,0,0,0,15,1189,581,0,0,0,0,0,0,8,24,0,2,0,0,56817,11,12,0,0,0,0,0,0,5,7,0,3,0,0,0,0,5,0,2,9,1366,4,152,0,128,0,0,17,0,28,1,0,0,5,0,1644,7,0,14,0,13,0,0,0,15742
1c63241c-e29e-4c32-ab9d-cee201908f7d,ROCK,13,0,0,0,0,0,0,5,0,130,68,0,0,3,0,0,2,2,8,0,0,2,75,0,302,7,0,0,0,0,0,0,513,0,0,0,0,0,0,0,0,4,0,0,0,14122,0,18,0,0,0,0,0,0,0,124,0,0,0,0,0,0,0,0,0,0,288,75,142,0,7,0,0,0,0,5,306,156,0,0,0,0,0,0,0,0,0,0,0,0,57103,6,0,0,0,0,0,0,0,0,7,0,0,0,0,1,0,0,0,6,9,390,0,41,0,204,0,0,0,0,0,0,0,0,0,0,365,0,0,0,4,0,88,0,0,15802
33970a63-0df4-43d2-b70a-6bd9761bef41,SCISSORS,6,0,0,0,0,0,0,0,0,72,49,0,0,0,0,0,0,9,0,0,0,0,76,1,167,6,0,0,0,0,0,0,155,0,0,0,29,0,0,0,0,0,0,0,0,14150,0,4,0,0,0,0,0,0,0,84,0,0,0,0,1,0,0,0,0,0,153,0,99,0,5,0,0,0,0,0,109,82,0,0,0,0,0,0,0,2,0,25,0,0,57260,0,0,0,0,0,1,0,0,0,0,0,0,0,0,0,1,7,0,0,0,336,0,58,0,5,0,0,0,0,0,0,0,0,0,0,155,0,0,0,0,1,0,0,0,15820
f7974d18-2506-4b3a-9cc7-2ad9899deab0,ROCK,8,0,0,0,0,1,0,0,0,41,109,0,0,1,0,0,0,0,0,0,0,69,67,0,202,6,0,0,0,0,0,0,291,0,0,0,0,0,0,0,0,0,0,0,0,14191,0,22,0,0,0,0,0,0,0,308,0,0,0,0,0,0,0,0,0,0,101,140,70,0,19,0,0,0,0,0,0,49,0,0,0,0,0,0,69,9,0,0,0,0,57403,0,0,36,0,0,0,0,0,0,21,0,0,0,0,0,0,0,0,0,0,258,4,61,2,286,0,0,0,0,0,0,0,0,0,0,85,0,0,0,32,0,2,0,0,15900
022ccf94-f4c8-4c4f-9020-a125bf147ea1,SCISSORS,20,0,0,0,7,0,0,0,0,0,107,0,0,0,0,0,0,7,0,0,0,0,96,0,145,5,0,0,0,0,0,0,377,0,0,0,3,0,0,0,0,0,0,0,0,14227,0,0,0,0,0,0,0,0,0,161,0,0,0,0,1,0,0,0,0,0,145,124,3,0,9,0,0,0,0,0,185,82,0,0,0,0,0,0,6,29,0,2,0,0,57572,0,55,0,0,0,2,0,0,2,13,0,0,0,5,0,0,0,0,0,0,247,0,77,0,171,0,0,0,0,0,0,0,0,0,0,92,0,0,0,0,82,0,1,0,15964
12b7db60-74f5-4f2e-a09c-ae170761385e,PAPER,16,0,0,0,0,0,0,0,0,0,18,0,0,0,0,32,0,0,0,0,0,0,111,0,168,0,0,0,0,0,0,86,253,0,0,0,0,0,0,0,8,0,0,0,0,14243,0,0,0,0,1,0,0,0,0,8,0,0,1,0,0,0,0,0,0,0,217,72,0,0,2,0,0,0,0,0,0,115,0,0,0,0,0,0,219,0,40,0,1,0,57752,0,0,0,0,0,0,0,0,0,0,0,2,0,0,0,0,0,0,0,0,250,0,83,13,1,0,0,0,0,32,0,0,0,5,0,163,0,0,7,0,120,0,0,0,15998
11033816-68ee-4bb0-ad4f-35020fd12f10,SCISSORS,20,0,0,0,0,0,0,0,0,0,38,0,0,0,0,0,0,0,0,0,0,0,180,1,16,1,11,0,0,0,0,0,166,0,0,0,0,0,0,0,0,0,0,0,0,14253,0,2,0,0,0,0,0,0,0,29,0,0,0,0,59,0,0,0,0,0,133,43,0,0,1,0,0,0,0,0,0,35,0,0,0,0,0,0,108,1,0,2,0,0,57817,0,0,0,0,0,0,0,0,0,0,0,0,1,0,0,0,0,0,0,0,206,3,103,0,0,0,0,0,0,0,0,0,0,0,0,81,0,0,0,0,18,0,1,0,16021
61dcd317-5dbe-4aaa-aea5-dd2c9557aaa8,PAPER,19,0,0,0,0,0,0,0,0,0,3,0,0,0,0,1,0,0,0,0,0,0,100,1,130,13,9,0,0,0,0,0,222,0,0,0,0,0,0,0,3,0,20,0,0,14276,0,40,0,0,0,1,0,0,0,15,0,0,1,0,0,1,0,0,0,0,157,66,0,0,0,0,0,0,0,0,0,76,0,0,0,0,0,0,145,0,0,0,0,0,57940,0,0,0,0,0,0,0,0,0,2,0,3,0,0,0,0,0,0,0,0,253,0,58,0,58,0,0,0,0,0,24,0,0,0,0,104,0,0,0,0,0,0,0,0,16042
31ceb68b-c61e-49e4-9a80-cb8910d356ff,ROCK,6,0,0,0,0,0,1,0,0,145,1,0,0,0,0,0,0,0,0,0,0,27,53,0,91,26,0,0,0,0,0,0,0,0,0,0,0,0,0,0,0,2,0,1,0,14294,0,0,0,0,0,0,0,0,0,30,0,0,0,0,0,0,0,0,0,0,135,48,0,0,3,0,0,0,0,0,0,42,0,0,0,1,0,0,88,0,0,0,0,0,58018,0,0,0,0,0,0,0,0,0,0,0,0,0,0,0,0,0,0,0,0,166,0,86,0,28,0,0,0,0,0,0,0,0,0,0,56,0,0,0,10,0,1,0,0,16053
48bc93eb-ab37-4ca7-965f-e1442a2ab565,ROCK,5,0,23,0,0,3,0,0,0,442,34,0,24,0,0,0,1,0,34,0,0,55,85,6,422,480,137,0,0,0,0,45,0,0,1,0,0,0,0,0,4,1,0,0,18,14466,0,195,0,0,0,0,0,0,0,955,0,0,0,0,0,0,0,0,0,0,218,72,32,0,67,0,0,0,0,9,0,120,0,0,0,0,0,0,147,0,0,0,0,0,58385,0,0,0,0,0,0,0,0,0,37,22,0,0,0,16,0,0,0,0,0,743,1,126,10,539,0,31,0,0,0,24,0,0,0,0,263,0,0,0,2,0,1,0,0,16192
f26c05f1-f828-472e-9e3b-33d43ad23e74,SCISSORS,18,0,0,39,0,0,0,0,0,197,6,0,0,0,0,0,0,0,0,0,0,0,126,3,121,99,32,0,0,0,0,0,0,0,0,0,0,0,0,0,0,0,0,0,0,14505,0,96,0,0,0,0,0,0,0,409,0,0,0,0,0,0,0,0,0,0,3,0,45,0,32,0,0,0,0,1,0,2,0,0,0,0,0,0,18,0,0,17,0,0,58458,0,0,0,0,0,0,0,0,0,24,0,0,1,0,0,1,0,0,0,0,96,0,71,0,368,0,0,0,0,0,0,0,0,0,0,0,0,0,0,0,62,0,0,0,16251
d1f4b910-c426-4b7b-8bac-3d8b77e45319,ROCK,20,0,7,0,0,0,0,0,0,201,6,0,0,0,0,0,0,0,0,0,0,41,80,3,110,56,0,0,0,0,0,0,0,0,0,0,40,0,0,0,0,0,0,0,0,14547,0,47,0,0,0,0,0,0,0,79,0,0,0,0,0,0,0,0,0,0,120,0,71,0,3,0,0,0,0,0,0,65,0,0,0,0,0,0,159,0,0,0,0,0,58571,0,0,0,0,0,0,0,0,0,4,0,0,0,0,0,0,0,0,0,0,229,0,0,0,38,0,0,0,0,0,0,0,0,0,0,131,0,0,7,3,96,36,0,0,16280
b6e5e2fe-a4bf-4e84-92f8-f475287ebf2a,SCISSORS,8,0,0,0,0,0,0,0,0,150,3,0,0,0,0,0,0,0,0,0,0,0,84,0,51,30,0,0,0,0,0,0,0,0,0,0,0,0,0,0,0,0,0,0,0,14556,0,56,0,0,0,0,0,0,0,10,0,0,0,0,2,0,0,0,0,0,82,34,1,0,1,0,0,0,0,0,0,44,0,0,0,0,0,0,45,3,0,40,0,0,58662,0,0,0,0,0,1,0,0,0,0,0,0,0,6,0,1,2,0,0,0,125,0,0,0,0,0,0,0,0,0,0,0,0,0,0,49,0,0,0,0,80,54,0,0,16291
1e1d90a9-804f-4b07-b5b2-2092d2a138df,SCISSORS,15,56,0,0,0,0,0,0,0,18,2,0,0,0,0,0,0,0,0,0,0,0,157,0,59,25,0,0,0,0,0,0,0,0,0,0,0,0,0,0,0,0,0,0,0,14570,0,0,0,0,0,0,0,0,0,55,0,0,0,0,2,0,0,0,0,0,62,73,48,0,1,0,0,0,0,0,0,30,0,0,0,0,0,0,13,33,0,0,0,0,58730,0,0,0,0,0,0,0,0,0,0,0,0,1,0,0,0,0,0,0,0,143,0,0,0,0,0,0,0,0,0,0,0,0,0,0,29,0,0,0,5,138,0,1,0,16308
21fb9c15-fb97-4d4f-946b-8ca99734cea7,SCISSORS,7,0,0,0,0,0,0,0,0,132,0,0,0,0,0,0,0,0,0,0,14,0,66,0,107,1,0,0,0,0,0,0,0,0,0,0,0,0,0,0,0,0,0,0,0,14574,0,7,0,0,0,0,0,0,0,16,0,0,0,0,1,0,0,0,0,0,89,0,104,0,0,0,0,0,0,1,2,45,0,0,0,0,0,0,31,3,0,21,0,0,58817,0,0,0,0,1,0,0,0,35,0,0,0,1,0,0,0,0,0,0,0,198,0,0,0,0,0,0,0,0,0,0,0,0,0,0,84,0,0,0,0,0,0,1,0,16322
44798268-3d77-493e-b5b9-fc985670bb3a,ROCK,15,0,0,0,0,0,2,0,0,1,4,0,0,1,0,0,0,0,0,0,0,217,39,3,176,67,25,0,0,0,0,0,0,0,0,0,0,0,0,0,3,12,0,0,0,14615,0,5,0,0,0,0,0,0,0,206,0,0,0,0,0,0,0,0,0,0,89,112,58,0,11,0,0,0,0,0,14,55,0,0,0,0,0,0,0,0,0,0,0,0,58933,0,0,54,0,0,0,0,0,0,8,0,3,0,3,2,0,0,0,0,0,238,45,3,0,78,0,0,0,3,0,0,0,0,0,0,79,0,0,0,33,0,1,0,0,16361
d60c6423-da12-456b-a804-bd30ba930417,PAPER,5,0,0,0,0,0,0,0,0,0,1,0,0,0,0,0,0,0,0,0,0,284,44,0,62,35,1,0,0,0,12,0,0,0,1,0,0,0,0,0,37,0,4,0,0,14638,0,8,0,0,0,0,0,0,0,13,0,0,0,0,0,0,0,0,0,0,168,96,2,0,1,0,0,0,0,21,108,64,0,0,0,0,0,0,0,0,0,0,0,0,59042,0,0,26,0,0,0,0,0,0,7,0,0,0,0,0,0,0,0,0,0,116,73,93,0,114,0,0,0,0,0,0,0,0,0,0,50,0,0,2,0,0,0,0,0,16387
8ee296b7-dda2-43cc-a1a0-5639f3d4cfe2,ROCK,14,0,0,0,0,3,1,0,0,28,5,0,0,3,0,0,0,0,0,0,0,100,73,0,49,63,0,0,0,0,0,0,0,0,0,0,0,0,0,0,0,1,0,2,0,14671,0,0,0,0,0,0,0,0,0,98,0,0,0,0,0,0,0,0,0,0,0,0,149,0,8,0,0,0,0,0,0,73,0,0,0,0,0,0,0,0,0,0,0,0,59057,0,0,0,0,0,0,0,0,0,5,0,0,0,0,74,0,0,0,0,0,9,44,79,0,103,0,0,0,0,0,0,0,0,0,0,10,0,0,0,2,0,2,0,0,16414
8338eeff-66b4-48a2-9541-248fd5a4208b,SCISSORS,10,0,0,0,0,0,0,0,0,166,2,0,0,0,0,0,0,0,0,0,0,0,93,0,11,8,0,0,0,0,0,0,0,0,0,0,0,0,0,0,0,0,0,0,0,14681,0,0,0,0,0,0,0,0,0,15,0,0,0,0,1,0,0,0,0,0,47,44,71,0,0,0,0,0,0,0,31,27,0,0,0,0,0,0,0,42,0,2,0,0,59107,0,0,0,0,0,2,0,0,58,0,0,0,0,0,0,0,0,0,0,0,128,71,0,0,0,0,0,0,0,0,0,0,0,0,0,6,0,0,0,0,15,0,0,0,16427
85007351-4bea-4571-90d2-33442aa90c9e,SCISSORS,8,0,0,0,0,0,0,0,0,139,10,0,0,0,0,0,0,0,0,0,0,0,188,2,132,140,5,0,0,0,0,0,0,0,0,0,0,0,0,0,0,0,0,0,0,14720,0,95,0,0,0,0,0,0,0,107,0,0,0,0,16,0,0,0,0,0,182,79,0,0,7,0,0,0,0,0,30,98,0,0,0,0,0,0,0,0,0,2,0,0,59278,0,0,0,0,0,0,0,0,0,3,0,0,2,0,0,0,0,0,0,0,311,0,0,0,88,0,0,0,0,0,0,0,0,0,0,170,0,0,0,0,42,0,0,0,16450
4d6bbef1-0044-41a1-8d1f-8e352ae543da,SCISSORS,10,0,0,0,0,0,0,0,0,80,5,0,0,0,0,0,0,0,0,0,0,0,196,0,101,79,28,0,0,0,0,0,0,0,0,0,0,0,0,0,0,0,0,0,0,14740,0,71,0,0,0,0,0,0,0,128,0,0,0,0,76,0,0,0,0,0,91,40,1,0,11,0,0,0,0,0,18,46,0,0,0,2,0,0,0,3,0,2,0,0,59387,0,0,0,0,0,0,0,0,1,0,0,0,0,0,0,1,0,0,0,0,284,1,45,0,0,0,0,0,0,0,0,0,0,0,0,62,0,0,0,0,93,0,2,0,16468
ba8cbb68-3800-4e63-aa90-43c2d19562fa,SCISSORS,12,0,0,0,0,0,0,0,0,125,5,0,0,0,0,0,0,0,0,0,0,0,183,0,0,84,2,0,0,0,0,42,0,0,0,0,0,0,0,0,0,7,0,0,0,14755,0,31,0,0,0,0,0,0,0,72,0,0,0,0,4,0,0,0,0,0,90,124,0,0,5,0,0,0,0,0,36,48,0,0,0,0,0,0,0,2,0,36,0,0,59478,0,6,0,13,0,0,5,0,3,2,0,0,0,0,0,1,0,0,0,0,255,5,73,0,50,0,0,0,0,0,25,0,0,0,0,10,0,0,0,0,0,0,0,0,16504
b5fbca17-c4b4-4f03-be45-a42f58c6e775,ROCK,13,0,0,0,0,1,0,0,0,1,0,0,0,0,0,0,0,0,0,0,0,191,70,0,120,0,0,0,0,0,0,0,0,0,0,0,0,0,0,79,2,1,0,1,0,14774,0,0,0,0,0,0,0,0,0,69,0,0,0,0,0,0,0,0,0,0,85,137,0,0,4,0,0,0,0,0,123,43,0,0,0,0,0,0,5,0,0,0,0,0,59560,0,0,0,0,0,0,0,0,0,2,0,0,0,0,0,0,0,0,0,0,287,0,54,0,53,0,0,0,0,0,0,0,0,0,0,28,0,0,0,42,0,0,0,0,16522
18698b94-d174-46a9-8d9c-357aaa59d819,ROCK,16,0,0,0,0,0,0,0,0,38,5,0,0,0,0,0,0,0,0,0,0,247,57,0,51,26,18,0,0,0,0,0,0,0,0,0,0,0,0,0,0,1,0,0,0,14799,0,30,0,0,0,0,0,0,0,92,0,0,0,0,0,0,0,0,0,0,84,155,0,0,6,0,0,0,0,0,31,45,0,0,0,0,0,0,0,0,0,0,0,0,59628,0,0,0,0,0,0,0,0,0,8,0,0,0,0,0,0,0,0,0,0,165,0,99,0,96,0,0,0,0,0,0,0,0,0,0,63,0,0,0,10,0,2,0,0,16550
a02eea2c-d620-4692-a812-73f8b2fc389c,ROCK,11,0,3,0,36,0,2,0,0,0,0,0,61,0,0,0,1,0,0,0,0,244,5,0,24,0,14,1,0,0,0,0,0,0,0,0,0,0,0,0,0,0,0,1,0,14823,0,0,0,0,0,0,0,0,0,136,0,0,0,0,0,0,0,0,0,0,80,71,0,0,3,0,0,0,0,0,50,48,0,0,0,0,0,0,4,0,0,0,0,0,59706,0,0,0,0,0,0,0,0,0,0,0,0,0,0,4,0,0,0,0,0,184,0,112,0,1,0,0,0,0,0,0,0,0,0,0,32,0,0,0,58,0,1,0,0,16568
b69e1a1a-aa53-42b3-a593-94c179b43dbc,ROCK,8,0,0,0,0,0,6,0,0,0,0,0,0,0,0,0,1,0,0,0,0,292,0,0,30,0,0,0,0,0,0,0,0,0,0,0,0,0,0,0,0,0,0,1,0,14845,0,27,0,0,0,0,0,0,0,76,0,0,0,0,0,0,0,0,0,0,48,1,88,0,0,0,0,0,0,0,3,26,0,0,0,0,0,0,61,0,0,0,0,0,59757,0,0,0,7,0,0,0,0,0,2,0,0,0,0,1,0,0,0,0,0,0,0,107,0,44,0,0,0,0,0,0,0,0,0,0,25,0,0,0,0,110,34,0,0,16587
33658dd9-e5f1-463a-abba-22b72a02e85b,ROCK,18,0,0,0,0,1,4,0,7,0,291,1,186,1,4,0,1,0,0,0,0,561,218,14,495,19,5,0,0,0,0,14,0,0,0,0,0,0,0,0,0,0,0,1,0,14986,0,65,0,0,0,0,0,0,0,850,0,0,0,0,0,0,0,0,0,0,256,183,68,0,55,0,0,0,0,0,143,137,0,0,0,0,0,0,6,60,0,0,0,0,60107,0,0,0,0,0,0,0,0,0,27,0,0,0,0,1,0,0,24,0,0,864,2,162,14,424,0,0,0,0,0,0,0,0,0,0,229,0,0,0,73,0,3,0,0,16684
e89c40ff-1e03-48ef-821a-dad819d47013,ROCK,5,0,0,25,0,3,2,0,0,94,0,0,0,1,0,0,0,0,0,0,0,403,0,0,199,0,0,0,0,0,0,0,0,0,0,0,0,0,0,0,0,1,0,2,0,15036,0,9,0,0,0,0,0,0,0,8,0,0,0,0,0,0,0,0,0,0,179,176,0,0,0,0,0,0,0,0,250,98,0,0,0,0,0,0,10,0,0,0,0,0,60273,0,0,1,0,0,0,0,0,0,2,24,0,0,0,3,0,0,0,0,5,222,0,97,0,61,0,0,0,0,0,0,11,0,23,6,209,0,0,0,1,0,65,0,0,16741
bfea2ee7-b119-4621-8a25-c043ffd968ad,SCISSORS,11,0,0,0,0,0,0,0,0,45,169,0,8,0,0,0,0,0,0,0,0,0,69,0,0,13,0,0,0,0,0,0,0,0,0,0,0,0,0,0,0,0,0,0,0,15065,0,0,0,0,0,0,0,0,0,146,0,0,0,0,0,0,0,0,0,0,28,45,0,0,9,0,0,0,0,0,0,15,0,0,0,0,0,0,0,60,0,1,0,0,60320,0,0,0,0,0,0,0,0,1,7,0,0,0,0,0,0,0,0,0,0,60,0,45,0,120,0,0,0,0,0,0,0,0,0,0,31,0,0,0,0,40,0,0,0,16766
e54fc931-cd8d-4010-b14f-42cba003a68f,ROCK,9,1,0,0,0,0,0,0,9,81,0,0,0,0,5,0,0,0,0,0,0,134,45,0,93,0,0,0,0,0,0,0,0,0,0,0,0,0,0,0,0,0,0,1,0,15078,0,25,0,0,0,0,0,0,0,23,0,0,0,0,0,0,0,0,0,0,75,0,102,0,2,0,0,0,0,0,55,39,0,0,0,0,0,0,3,45,0,0,0,0,60389,0,0,0,0,0,0,0,0,0,3,0,0,0,0,21,0,0,0,0,15,192,1,56,0,56,0,0,0,0,0,0,0,0,0,0,20,0,0,0,1,3,1,0,0,16792
2a7af178-632d-4100-bb39-90bf7d088408,SCISSORS,10,1,22,0,0,0,0,0,0,115,168,0,2,0,0,0,0,0,0,0,0,194,100,0,89,11,0,0,0,0,0,0,0,0,0,0,0,0,0,0,0,0,0,0,0,15119,0,75,0,0,0,0,0,0,0,101,0,0,0,0,1,0,0,0,0,0,133,46,62,0,9,34,0,0,0,0,124,71,0,0,0,0,0,0,0,1,0,45,0,0,60527,0,0,0,0,0,3,8,0,1,15,0,0,1,0,0,1,0,0,0,0,79,0,62,0,221,0,0,0,0,0,0,0,0,0,0,129,0,0,0,0,181,0,1,0,16861
64f90c37-af97-4fb2-adc9-6b65c9119e62,PAPER,11,0,0,0,0,0,0,0,0,0,181,0,60,0,0,53,0,0,0,0,0,332,105,2,144,9,0,0,0,0,0,0,0,0,0,0,0,0,0,8,3,4,2,0,0,15176,0,46,0,0,1,0,0,0,1,133,0,0,0,0,0,1,0,0,0,0,197,187,14,0,7,0,0,0,0,0,0,104,0,0,0,0,0,0,147,0,65,0,0,0,60747,0,0,0,0,0,0,0,0,0,17,0,0,0,0,0,0,0,0,0,0,186,6,138,0,230,0,0,8,0,0,0,0,0,0,0,185,0,0,0,0,133,0,0,0,16927
5562044a-54c1-4973-85fc-3cf78275d0d4,ROCK,5,0,13,0,0,4,0,0,0,108,21,0,69,0,0,0,0,2,0,0,11,400,0,0,112,222,0,0,0,11,0,0,0,0,0,0,0,0,0,0,0,5,0,3,0,15269,0,162,0,0,0,0,0,0,0,75,0,0,0,0,0,0,0,0,0,0,242,5,1,0,4,0,0,0,0,0,72,201,0,0,0,0,0,0,219,0,0,0,0,0,60967,0,0,0,0,0,0,0,0,0,13,0,0,0,0,3,0,0,0,0,0,0,5,154,0,222,0,0,0,0,0,0,0,0,0,0,135,0,0,0,86,362,1,0,0,17002
4ebe3640-6ac6-40ba-80b1-b5ab19762119,SCISSORS,5,0,20,0,0,0,0,0,0,68,17,0,0,0,0,0,0,0,0,0,0,49,128,2,0,217,0,0,0,0,0,0,0,0,0,0,134,0,0,0,0,0,0,0,0,15316,0,154,0,0,0,0,0,0,0,294,0,0,0,0,37,0,0,0,0,0,18,78,3,0,23,0,0,0,0,0,12,11,0,0,0,0,0,0,4,0,0,1,0,0,61046,0,0,0,0,0,0,0,0,0,13,0,0,1,0,0,0,0,0,0,0,279,0,68,0,226,0,0,0,0,0,0,0,0,0,0,48,0,0,0,0,0,0,0,0,17040
aeeeafb3-16df-4e9f-9ee1-3cf11501a72a,SCISSORS,8,33,16,0,0,0,0,0,0,0,34,0,0,0,0,0,0,3,0,6,0,172,229,7,276,410,21,0,0,0,0,0,0,0,4,0,118,7,0,0,3,0,0,0,0,15453,0,89,0,0,0,0,0,0,0,912,0,0,0,0,1,0,0,0,0,0,36,117,1,0,52,0,0,0,0,0,0,22,0,0,0,0,0,0,70,0,0,39,0,0,61206,0,0,0,0,2,1,0,0,46,47,0,0,1,0,0,0,0,0,0,0,440,4,65,0,692,27,0,0,0,0,0,0,0,0,0,12,0,0,0,0,2,0,0,0,17182
a025d26f-c64a-4b82-a9ec-82567e79484b,ROCK,15,0,0,0,0,1,0,0,0,1,0,0,0,0,0,0,0,0,0,0,0,267,76,0,59,0,0,0,0,0,0,0,0,0,0,0,45,0,0,0,0,2,0,0,0,15472,0,0,0,0,0,0,0,0,0,54,0,0,0,0,0,0,0,0,0,0,64,156,3,0,6,12,0,0,0,0,58,34,0,0,0,0,0,0,64,0,0,0,0,0,61279,0,0,0,0,0,0,0,0,0,8,0,0,0,8,19,0,0,0,0,0,254,0,44,0,79,5,0,0,0,0,0,0,0,0,0,33,0,0,0,0,0,1,0,0,17218
e1fcc845-4b78-45b6-bea1-c4126d0e7bd5,SCISSORS,20,0,6,0,0,0,0,0,0,0,2,0,0,0,0,0,0,3,0,0,0,227,57,1,72,27,0,0,0,0,0,0,0,0,0,0,0,0,0,0,0,0,0,0,0,15486,0,1,0,0,0,0,0,0,0,11,0,0,0,0,2,0,0,0,0,0,103,103,0,0,1,0,0,0,0,0,104,53,0,0,0,0,0,0,0,1,0,16,0,0,61366,0,0,0,0,22,0,0,0,0,3,0,0,0,0,0,0,0,0,0,0,181,0,68,0,16,0,0,19,0,0,0,0,0,0,0,86,0,0,0,0,0,0,0,0,17235
6cc9606e-cbe0-4eb0-b7f4-e7a67229e0c7,SCISSORS,20,0,0,0,58,0,0,0,0,0,1,0,0,0,3,0,0,0,0,0,16,237,74,0,258,54,0,0,6,0,0,0,0,0,0,0,15,0,0,0,3,0,0,0,0,15536,0,21,0,0,0,0,0,0,0,74,0,0,0,0,38,0,0,0,0,0,166,98,0,0,9,0,0,0,0,0,0,89,0,0,0,0,0,0,229,1,0,0,0,0,61539,0,0,0,0,0,2,0,0,1,4,0,0,0,0,0,1,0,0,0,0,431,0,0,21,76,0,0,1,0,0,37,0,0,0,0,151,0,0,0,0,0,0,0,0,17284
9830738d-82b2-44fb-9540-8aa3e9123c8a,PAPER,12,0,0,0,0,0,0,0,0,0,1,0,0,0,0,3,0,0,0,0,0,145,29,0,125,13,0,0,0,0,0,0,0,0,0,0,1,0,0,0,1,0,50,0,0,15557,0,15,0,0,0,0,0,0,2,0,0,0,1,0,0,2,0,0,0,0,132,84,1,0,0,0,0,0,0,0,86,41,0,0,0,0,0,0,0,0,2,0,2,0,61631,0,0,0,0,0,0,0,0,0,3,0,0,0,0,0,0,0,0,0,0,215,0,96,0,42,0,0,0,0,0,0,0,0,0,0,12,0,0,0,0,0,0,0,0,17304
d40791ea-ae12-47bb-80ee-2017c1a4e6b9,SCISSORS,19,0,0,0,0,0,0,0,0,0,30,0,40,0,0,0,0,0,0,0,0,136,136,0,63,1,0,0,0,0,0,0,0,0,0,0,0,0,0,0,0,0,0,0,0,15566,0,0,0,0,0,0,0,0,0,28,0,0,0,0,0,0,0,0,0,0,186,45,0,0,1,0,0,0,0,24,30,64,0,0,0,0,0,0,0,26,0,2,0,0,61734,0,0,0,0,2,0,0,0,49,4,0,0,0,0,0,0,0,0,0,0,153,0,61,0,49,0,0,0,0,0,0,0,0,0,0,86,0,0,0,0,1,0,1,0,17332
fbe9145a-b9d8-41db-9bb1-0574069e1c02,ROCK,10,0,0,0,0,1,0,5,0,0,5,0,0,2,0,0,1,0,0,0,0,409,100,1,291,106,0,0,0,0,0,0,0,0,0,0,37,0,0,0,0,0,0,0,0,15605,0,101,0,0,0,0,0,0,0,205,0,0,0,0,0,0,0,0,0,0,188,160,1,0,10,0,0,0,0,0,182,111,0,0,0,0,0,0,0,0,0,0,0,0,61919,0,0,0,0,0,0,0,0,11,18,0,0,0,0,31,0,0,0,0,0,467,0,48,0,182,0,0,0,0,0,0,0,0,0,21,157,0,0,0,20,0,3,0,0,17415
bd53d6b2-a7ac-464d-b78e-bca3b3310f84,PAPER,20,0,0,0,0,0,0,0,0,0,4,0,0,0,0,2,0,0,0,0,0,238,37,0,59,19,0,0,0,0,0,0,0,0,0,0,1,0,0,6,30,4,2,0,0,15632,0,1,0,0,0,1,0,0,1,2,0,0,1,0,0,2,0,0,0,0,113,93,1,0,0,0,0,0,0,0,92,60,0,0,0,0,0,0,0,0,34,0,1,0,62030,0,0,0,0,0,0,0,0,0,7,0,0,0,0,0,0,0,0,0,0,131,0,67,0,63,0,0,0,0,0,0,0,0,0,0,134,0,0,0,0,0,0,0,0,17438
f19e3ea0-4f9c-4960-afed-24f0ace66b8b,SCISSORS,20,0,0,0,0,0,0,0,0,40,3,0,0,0,0,0,0,0,0,0,0,308,144,3,259,36,0,0,0,0,0,0,0,0,0,0,17,0,0,0,3,3,0,0,0,15667,0,11,0,0,0,0,0,0,0,156,0,0,0,0,1,0,0,0,0,0,207,27,0,47,12,0,0,0,0,0,271,73,0,0,0,0,0,0,0,0,0,11,0,0,62189,0,0,0,0,0,0,2,0,0,7,0,0,0,0,0,1,0,0,0,0,418,0,0,0,133,0,0,1,0,0,14,0,0,0,0,188,0,0,11,0,41,0,0,0,17491
600e8022-a203-401b-840e-9ca5fae241ea,ROCK,17,0,0,0,0,0,2,0,0,1,0,0,0,0,0,0,1,0,0,0,0,184,58,0,88,0,0,0,0,0,0,0,0,0,0,0,0,0,0,0,0,0,0,0,0,15684,0,1,0,0,0,0,0,0,0,24,0,0,0,0,0,0,0,0,0,0,81,128,2,0,3,0,0,0,0,0,52,43,0,0,0,0,0,0,0,0,0,0,0,0,62271,0,0,0,0,0,0,0,0,0,1,0,0,0,0,1,0,0,0,0,0,207,0,27,0,9,0,0,0,0,0,0,0,0,0,0,53,0,0,0,36,0,0,0,0,17504
13c38264-96c0-42a6-85f8-034e9e6076a9,SCISSORS,15,0,24,0,0,0,0,0,0,1,6,3,0,0,0,0,0,0,0,0,0,362,90,0,249,52,0,7,0,0,22,0,0,0,0,0,7,0,0,0,0,0,0,0,0,15729,0,19,0,0,0,0,0,0,0,50,0,0,0,0,3,0,0,0,0,0,188,124,2,0,4,0,0,0,0,4,288,103,0,0,0,0,0,0,0,2,0,36,0,0,62467,0,0,0,7,1,2,0,0,1,1,0,0,1,0,0,1,0,0,0,0,391,1,96,2,49,0,0,0,0,0,0,0,0,0,0,153,0,0,0,0,47,0,1,69,17553
e09c2019-c3dd-4df0-958c-0ea6562d74bc,PAPER,18,0,0,0,0,0,0,0,0,0,1,0,0,0,0,54,0,0,0,0,0,181,119,2,86,19,0,0,0,0,0,28,0,0,0,0,11,0,0,0,5,0,3,0,0,15760,0,9,0,0,0,0,0,0,62,43,0,0,1,0,0,1,0,0,0,0,107,98,1,0,2,0,0,0,0,19,105,58,0,0,0,0,0,0,0,0,1,0,2,0,62569,0,1,0,0,0,0,0,0,0,4,0,0,0,0,0,0,0,24,0,0,222,1,102,0,68,0,0,0,0,0,0,0,0,0,0,87,0,0,0,0,0,0,0,0,17581
c823a461-169e-48ff-85a3-49ae3eda1d52,ROCK,6,0,0,0,0,1,1,0,0,164,5,0,0,0,0,0,1,0,0,0,0,85,68,0,167,33,0,0,0,0,0,48,0,0,0,0,0,0,0,0,0,4,0,1,0,15805,0,91,0,0,0,0,0,0,0,64,0,0,0,0,0,0,0,0,0,0,242,0,0,0,7,0,0,0,0,0,84,90,0,0,0,0,0,0,0,0,0,0,0,0,62729,0,0,0,0,0,0,0,0,0,5,0,0,0,0,2,0,0,26,0,0,194,1,124,0,21,8,0,0,0,0,0,0,0,0,0,129,17,0,0,1,28,22,0,0,17617
5b3db91f-898d-4e00-8ab4-cf1b2646501e,PAPER,13,0,0,0,0,0,0,0,0,430,42,0,0,0,0,1,0,0,8,6,0,114,205,16,471,657,0,0,0,0,0,0,0,0,0,0,181,0,0,0,1,0,13,0,0,16001,0,103,0,0,0,0,0,0,0,1053,0,0,0,0,0,0,0,0,0,0,346,114,7,0,59,0,0,0,0,0,284,178,0,0,0,0,0,0,0,0,1,0,0,0,63146,0,0,7,0,0,0,0,0,0,52,31,0,0,6,0,0,0,0,0,6,710,0,117,16,916,0,0,0,0,2,0,6,0,0,0,276,0,0,0,0,0,0,0,0,17789
86ecffaf-6047-4bac-b95e-2c31c7432627,PAPER,6,0,0,0,139,0,0,0,0,0,3,0,0,0,0,4,0,0,0,0,0,0,112,0,26,53,0,0,0,0,0,21,0,0,0,0,0,0,0,0,2,0,43,0,0,16030,0,24,0,0,2,0,0,0,1,0,0,0,0,0,0,2,0,0,0,0,122,34,3,0,0,0,0,0,0,0,32,134,0,0,0,0,0,0,0,0,49,0,0,0,63268,0,0,0,0,0,0,0,0,0,7,0,0,0,0,0,0,5,0,0,0,85,0,164,0,66,0,0,0,0,0,0,0,0,0,0,76,0,0,0,0,0,0,0,0,17814
4b1f96ae-4d60-4982-bf0b-df19fb124b66,SCISSORS,19,0,0,0,0,0,0,0,0,0,8,0,0,0,0,0,0,0,0,0,0,0,179,4,22,96,0,0,87,0,0,0,0,0,0,0,39,0,0,0,0,0,0,0,0,16062,0,0,0,0,0,0,0,0,0,161,0,0,0,0,0,0,0,0,0,0,149,46,0,0,10,0,0,0,0,0,15,42,0,0,0,0,0,0,0,11,0,1,0,0,63356,0,0,0,0,0,1,0,0,1,5,0,0,0,0,0,1,17,0,0,0,203,0,71,0,74,0,0,0,0,0,0,0,0,0,0,42,0,0,0,0,20,0,0,0,17842
7849c9a8-f878-4e3d-b912-da253000bd09,SCISSORS,7,0,98,0,0,0,0,0,0,0,2,0,0,0,0,0,0,0,0,0,23,0,97,0,181,41,0,0,297,0,0,0,17,0,0,0,11,0,0,0,0,0,0,0,0,16093,0,40,0,0,0,0,0,0,0,118,0,0,0,0,37,0,0,0,0,0,170,77,0,0,7,0,0,0,0,0,224,90,0,0,0,0,0,0,0,2,0,2,0,0,63519,0,0,0,0,0,1,0,40,0,1,0,0,2,0,0,2,0,0,0,0,367,0,0,0,23,0,0,0,0,0,0,0,0,0,0,256,0,0,0,0,71,0,4,0,17884
8ff54c6b-f184-4c46-a0a1-609a8e16da5c,SCISSORS,10,0,47,0,0,0,0,0,0,65,0,0,0,0,0,0,0,0,0,0,0,0,101,0,60,45,0,0,0,0,0,0,0,0,0,0,5,0,0,0,0,0,0,0,0,16100,0,49,0,0,0,0,0,0,0,62,0,0,0,0,3,0,0,0,0,0,70,47,0,0,4,0,0,0,0,0,2,38,0,0,0,0,0,0,0,6,0,42,0,0,63602,0,0,26,0,2,1,0,0,53,0,0,0,0,0,0,1,0,0,0,13,132,1,18,0,2,0,0,0,0,0,0,0,0,0,0,24,0,0,0,0,48,0,2,0,17912
b2a48f87-ed35-40f2-9fec-38dbd3adec80,ROCK,8,0,0,0,0,0,1,0,0,104,19,5,56,1,0,0,2,0,2,0,0,0,121,2,247,244,0,0,0,0,0,0,332,0,0,0,0,66,0,0,0,2,0,1,8,16195,0,8,0,0,0,0,0,0,0,261,0,52,0,0,0,0,0,0,0,0,290,169,0,0,8,0,0,0,0,0,267,158,0,0,0,0,0,0,0,0,0,0,0,0,63841,11,3,0,12,0,0,0,0,0,16,0,0,0,0,56,0,5,0,0,0,397,0,45,0,300,0,0,0,0,0,0,0,0,0,0,335,0,0,18,3,8,4,0,0,17994
39e054a2-c331-4a03-8a00-c65e3c6285dc,PAPER,17,0,0,0,0,0,0,0,0,148,71,0,0,0,0,0,0,3,0,0,0,0,49,0,45,2,0,0,0,0,0,0,54,0,0,0,0,0,0,0,34,0,1,0,0,16214,0,8,0,0,0,1,0,0,0,23,0,0,0,0,0,1,0,0,0,0,153,123,5,0,3,0,0,0,0,0,30,59,0,0,0,0,0,0,0,0,1,0,0,0,63953,0,0,0,0,0,0,0,0,0,1,0,0,0,0,0,0,0,0,0,0,139,0,167,0,39,0,0,0,0,0,0,0,0,0,0,61,0,0,0,0,0,0,0,0,18002
671ba66c-28ab-498a-941b-b851ea6f5173,SCISSORS,14,0,0,0,0,0,0,0,0,0,0,0,0,0,0,0,0,0,0,0,0,0,142,1,49,0,0,0,80,0,0,0,0,0,0,0,0,0,0,0,0,0,0,0,0,16221,0,0,0,0,0,0,0,0,0,15,0,0,0,0,0,0,0,0,0,0,135,50,0,0,2,0,0,0,0,1,6,44,0,0,0,0,0,0,0,18,0,1,0,0,64036,0,0,0,0,0,0,0,0,1,0,0,0,0,0,0,0,0,0,0,0,93,0,62,0,0,0,43,0,0,0,0,0,0,0,0,18,0,0,0,0,55,0,0,0,18010
bb29d5fc-bec9-44f4-98c6-1e9b76ca65ea,SCISSORS,14,0,0,0,0,0,0,12,0,141,4,0,0,0,0,0,0,0,0,0,0,0,73,68,144,61,0,0,0,0,0,0,0,0,0,0,0,0,0,26,0,0,0,0,0,16251,0,17,0,0,0,0,0,0,0,27,0,0,0,0,26,0,0,0,0,0,142,127,1,6,2,0,0,0,0,0,101,77,0,0,0,0,0,0,0,0,0,3,0,0,64176,6,0,0,7,1,1,0,0,0,8,0,0,1,0,0,1,3,0,0,0,293,0,10,0,49,0,0,0,0,0,0,0,0,0,0,107,0,0,0,0,42,0,0,0,18061
eb6ebb99-1fb8-448a-9512-7f25a2eccab2,SCISSORS,7,0,0,0,0,0,0,0,0,0,0,0,0,0,0,0,0,0,0,0,0,0,81,71,63,0,0,0,0,0,0,0,0,0,0,0,0,0,0,0,0,0,0,0,150,16260,0,0,0,0,0,0,0,0,0,12,0,0,0,0,2,0,0,0,0,0,90,117,0,0,0,0,0,0,0,0,65,47,0,0,0,0,0,0,0,30,0,2,0,0,64272,0,0,0,0,0,0,0,0,1,0,0,3,0,0,0,0,0,0,0,0,244,0,0,0,0,0,0,0,0,0,0,0,0,0,0,69,0,0,0,0,48,0,0,0,18072
4faf0942-846b-4e91-80d6-70a07daa60a1,SCISSORS,6,0,0,0,0,0,0,0,0,0,3,43,0,0,0,0,0,0,0,0,0,0,56,0,111,38,0,0,66,0,0,0,21,0,0,0,0,0,0,14,0,0,0,0,0,16274,0,11,0,0,0,0,0,0,0,17,0,0,0,0,25,0,0,0,0,0,74,103,0,0,1,0,0,0,0,0,79,40,0,0,0,0,0,0,0,1,0,1,0,0,64335,0,0,0,0,0,1,0,0,37,5,0,0,2,0,0,0,0,0,0,0,192,0,0,0,76,0,0,0,0,0,0,0,0,0,0,39,0,0,0,0,0,0,0,0,18099
ae36de44-e4c9-4236-97a1-35895ddf08da,PAPER,16,0,0,0,0,0,0,0,0,139,12,0,0,0,0,31,0,0,0,0,0,0,22,40,121,161,0,0,0,0,0,0,0,0,0,0,41,0,0,0,0,0,1,0,0,16322,0,95,0,0,3,0,0,0,0,164,0,0,0,0,0,0,0,0,0,0,127,49,0,0,6,0,0,0,0,0,16,69,0,0,0,0,0,0,0,0,39,0,0,0,64454,0,0,0,0,0,0,0,0,0,11,0,0,0,0,0,0,0,0,0,0,210,0,94,0,130,0,0,0,0,0,0,10,0,0,0,113,0,0,0,0,0,0,0,0,18130
f28fc669-9d32-4db9-a9e3-8ba02522300f,SCISSORS,14,0,0,0,0,0,0,0,67,0,6,0,0,0,0,0,0,5,0,0,0,158,138,74,65,130,0,0,0,0,0,0,0,0,0,0,21,0,0,0,0,0,0,0,0,16353,0,15,0,0,0,0,0,0,0,107,0,0,0,0,4,0,0,0,0,0,222,86,4,0,9,0,0,0,0,0,93,80,0,0,0,0,0,0,0,2,0,42,0,0,64632,0,0,0,0,0,1,0,0,0,5,0,0,1,0,0,0,0,0,0,0,187,2,79,0,98,37,0,0,0,0,42,0,0,0,0,136,0,0,0,0,75,0,1,0,18170
55367176-61f7-47b7-a883-e06091b69ba3,SCISSORS,9,0,0,0,0,0,0,0,0,0,0,0,0,0,0,0,0,3,0,0,0,231,137,0,124,0,0,0,0,0,0,0,0,0,0,0,0,0,0,0,0,0,0,0,0,16361,0,1,0,0,0,0,0,0,0,54,0,0,0,0,1,0,0,0,0,0,115,111,0,0,3,0,0,0,0,0,123,61,0,0,0,0,0,0,3,21,0,2,0,0,64756,0,0,0,0,0,0,0,0,30,3,0,0,1,0,0,0,0,0,0,0,317,0,0,0,44,0,0,0,0,0,0,0,0,0,0,88,0,0,0,0,12,0,0,0,18190
e554487b-db51-4080-b1b1-a743ccbfeed8,SCISSORS,5,0,0,0,0,0,0,0,0,0,47,0,0,0,0,0,0,0,0,0,0,0,190,1,0,1,0,0,0,0,0,38,81,0,0,0,6,0,0,0,0,0,0,0,0,16371,0,0,0,0,0,0,0,0,0,27,0,0,0,0,72,0,0,0,0,0,70,105,0,0,2,0,0,0,0,0,51,33,0,0,0,0,0,0,0,2,0,2,0,0,64823,0,0,0,0,1,1,0,0,87,4,0,0,1,0,0,1,0,0,0,0,170,3,35,0,34,0,0,0,0,0,0,0,0,0,0,23,0,0,0,0,2,0,2,0,18227
98663d15-40f8-49eb-b492-696320ce28fb,SCISSORS,5,0,0,0,0,0,0,0,0,17,18,0,1,0,0,0,0,0,0,0,0,0,139,0,0,288,0,0,0,0,0,68,53,0,0,0,239,0,0,0,3,0,0,0,0,16430,0,48,0,0,0,0,0,0,0,506,0,0,0,0,2,0,0,0,0,0,38,130,0,0,34,0,0,0,0,0,0,20,0,0,0,0,0,0,25,21,0,2,0,0,64945,0,0,0,0,1,0,0,0,0,16,0,0,0,0,0,0,0,0,0,0,438,0,0,0,346,0,0,0,0,0,0,0,0,0,0,25,0,0,0,0,0,0,0,0,18277
74ca50fa-1e10-4536-9e95-c731b7623159,ROCK,14,0,0,0,0,1,1,0,0,1,10,0,0,1,0,0,0,1,0,0,0,29,71,0,0,242,0,0,0,0,0,0,119,0,0,0,34,0,0,0,3,0,0,2,0,16473,0,33,0,0,0,0,0,0,0,174,0,0,0,0,0,0,0,0,0,0,27,175,0,0,6,0,0,0,0,0,81,19,0,0,0,0,0,0,0,0,0,0,0,0,64990,0,0,0,0,0,0,0,0,0,14,0,0,0,0,2,0,0,0,0,0,145,2,48,0,245,0,0,0,0,0,0,0,0,0,0,21,0,0,0,1,17,20,0,0,18327
de73ef8f-af8d-4d1d-a617-0815253f28f1,PAPER,10,0,0,0,0,0,0,0,0,0,2,0,0,0,0,0,0,0,0,0,0,0,40,0,90,9,0,0,0,0,0,0,259,0,0,0,0,0,0,0,4,0,40,0,0,16491,0,7,0,0,2,1,0,0,0,34,0,0,0,0,0,1,0,0,0,0,169,84,0,0,2,0,0,0,0,22,0,67,0,0,0,0,0,0,52,0,3,0,0,0,65110,0,0,0,0,0,0,0,0,0,3,0,0,0,0,0,0,0,0,0,0,134,85,67,0,76,0,0,0,0,0,0,0,0,0,0,79,0,0,0,0,0,0,0,0,18341
7d2cea00-1b5d-4dee-aa3c-42c37c610130,SCISSORS,14,0,0,0,0,0,0,0,0,0,4,0,0,0,0,0,0,0,0,0,0,0,169,0,19,51,0,0,90,0,0,0,0,0,0,0,57,0,0,0,0,0,0,0,0,16504,0,1,0,0,0,0,0,0,0,12,0,0,0,0,0,0,0,0,0,0,174,50,2,0,1,0,0,0,0,0,7,56,0,0,0,0,0,0,53,2,0,32,0,0,65199,0,0,0,0,0,0,0,0,0,0,0,0,0,0,0,0,0,0,0,0,250,72,0,0,0,0,0,0,0,0,0,0,0,0,0,67,0,0,0,0,1,0,0,0,18346
0c614cc0-c099-4fe3-b324-9801a9c0cf9b,SCISSORS,14,0,0,0,0,0,0,0,0,0,3,0,0,0,0,0,0,0,0,0,0,67,142,1,0,42,0,0,0,0,0,237,0,0,0,0,6,0,0,0,0,0,0,0,0,16516,0,0,0,0,0,0,0,0,0,31,0,0,0,0,0,0,0,0,0,0,141,70,0,0,2,0,0,0,0,0,0,71,0,0,0,0,0,0,122,61,0,0,0,0,65327,0,0,0,0,0,1,0,0,0,1,0,0,1,0,0,0,0,0,0,0,309,0,0,0,5,0,0,0,0,0,57,0,0,0,0,124,0,0,0,0,0,0,0,0,18361
1bdd3f9b-bbca-49d7-b7d4-491b79b8c153,ROCK,9,0,0,0,0,1,0,0,0,2,2,0,0,1,0,0,1,0,74,0,0,187,65,2,117,49,1,0,0,0,0,0,0,0,0,0,0,0,0,0,0,2,0,1,0,16552,0,0,0,0,0,0,0,0,0,102,0,0,0,0,0,0,0,0,0,0,97,87,0,0,8,0,0,0,0,21,82,57,0,0,0,0,0,0,0,51,0,0,0,0,65433,4,0,0,0,0,0,0,0,0,5,0,0,0,0,0,0,0,0,0,0,233,0,0,0,90,0,0,0,0,0,0,0,0,0,0,88,0,0,0,83,0,2,0,0,18384
c94cd81b-13c8-411c-b36a-fe3eafee9f4d,SCISSORS,16,0,0,0,0,0,0,0,0,0,10,0,0,0,0,0,0,0,0,0,0,196,121,0,42,99,3,90,0,0,0,0,0,0,0,0,0,0,0,0,0,0,0,0,0,16576,0,98,0,0,0,0,0,0,0,65,0,0,0,0,5,0,0,0,0,0,112,74,0,0,6,0,0,0,0,0,64,59,0,0,0,13,0,0,0,4,0,61,0,0,65553,0,0,0,0,2,0,0,0,0,9,0,0,2,0,0,0,0,0,0,0,200,0,0,0,133,0,0,0,26,0,0,0,0,0,0,102,0,0,9,74,2,0,2,0,18428
604e2e04-87d3-48d2-8537-2444d548af64,ROCK,11,0,0,0,0,0,0,0,0,1,0,0,0,0,0,0,3,0,0,0,0,188,66,0,79,0,0,0,0,0,0,0,0,0,0,0,0,0,0,0,0,2,0,1,0,16596,0,60,0,0,0,0,0,0,0,21,0,0,0,0,0,0,0,0,0,0,79,3,107,0,3,0,0,0,0,1,25,41,0,0,0,0,0,0,0,0,0,0,0,0,65630,0,0,0,0,0,0,0,0,0,1,0,0,0,0,1,0,0,0,0,0,170,0,49,0,30,0,0,0,0,0,33,0,0,0,0,14,0,0,0,8,0,34,0,0,18445
63b41bda-b80c-44fe-88d1-b5b76ee01711,ROCK,14,0,0,0,0,0,0,0,0,103,0,0,0,0,0,0,0,0,0,0,0,298,0,0,53,0,0,0,0,0,0,0,0,0,0,0,0,0,0,14,0,0,0,1,0,16606,0,38,0,0,0,0,0,0,0,15,0,0,0,0,0,0,0,0,0,0,84,105,73,0,1,0,0,0,0,0,12,43,0,0,0,0,0,0,98,0,0,0,0,0,65701,0,0,0,0,0,0,0,0,0,5,0,0,0,0,48,0,0,0,0,0,129,0,124,0,98,0,0,0,0,0,0,0,0,0,0,61,0,0,0,1,0,3,0,0,18473
eca3fb52-0e18-4587-bf57-7c29744f03a4,ROCK,17,0,0,0,0,0,1,0,0,124,1,0,9,1,0,0,0,0,0,0,0,232,1,0,106,35,29,0,0,0,0,0,0,0,0,0,0,0,0,14,0,1,0,0,0,16640,0,5,0,0,0,0,0,0,0,33,0,0,0,0,0,0,0,0,0,0,118,168,0,0,6,0,0,0,0,0,156,67,0,0,0,0,0,0,1,0,0,0,0,0,65823,0,0,0,0,0,0,0,0,0,5,0,0,0,0,3,0,0,0,0,0,259,0,100,0,39,0,0,0,0,0,0,0,0,0,0,86,0,0,0,1,0,61,0,0,18512
3d546dab-5281-49fb-822b-1a50fb8a8bfc,ROCK,11,0,0,0,0,1,1,0,0,1,0,0,3,1,0,0,0,0,0,0,0,260,28,2,43,0,0,0,16,0,0,0,0,0,0,0,0,0,0,0,0,0,0,1,0,16661,0,18,0,0,0,0,0,0,0,40,0,0,0,0,0,0,0,0,0,0,71,56,77,0,1,0,0,0,0,17,39,38,0,0,0,0,0,0,0,0,0,0,0,0,65886,0,0,0,0,0,0,0,0,0,3,68,0,0,0,2,0,0,0,0,0,64,0,90,9,57,0,0,0,0,0,0,0,0,0,0,26,0,0,0,36,0,2,0,0,18535
bc28988b-5773-422c-9f6b-7807f0dd0bb4,SCISSORS,13,0,0,0,0,0,0,0,0,0,3,0,1,0,0,0,0,0,0,0,0,218,117,1,95,40,0,0,0,0,0,0,0,0,0,0,0,0,0,0,0,0,0,0,0,16676,0,26,0,0,0,0,0,0,0,81,0,0,0,0,53,0,0,0,0,0,79,55,74,0,3,0,0,0,0,0,61,39,0,0,0,0,0,0,0,4,0,0,0,0,65976,0,0,0,0,1,0,0,0,70,5,0,0,0,0,0,1,0,0,0,0,223,0,71,0,46,0,0,0,0,0,0,0,0,0,0,56,0,0,0,0,1,0,1,0,18562
b94d7839-f8d7-43ee-9927-426019a347fd,ROCK,18,0,0,0,0,1,0,0,14,62,0,0,0,1,0,0,2,0,0,0,0,107,102,1,71,0,2,7,0,0,0,0,0,0,0,0,0,0,0,0,0,2,0,2,0,16704,0,5,0,0,0,0,0,0,0,62,0,0,0,0,0,0,0,0,0,0,73,79,110,0,3,0,0,0,0,0,0,42,0,0,0,0,0,0,0,0,0,0,0,0,66044,0,0,0,0,0,0,0,0,0,2,0,0,0,0,64,0,0,0,0,4,200,0,0,0,29,0,12,0,0,0,0,0,0,0,0,58,0,0,0,1,0,4,0,0,18585
ed176325-556f-42ad-b93b-b54c23b77f7c,ROCK,12,0,0,0,0,1,1,0,0,0,0,0,0,0,0,0,1,0,0,1,0,267,0,0,83,0,0,0,0,0,0,0,0,0,0,0,0,0,0,0,0,0,0,0,0,16718,0,1,0,0,0,0,0,0,0,0,0,0,0,0,0,0,0,0,0,0,88,105,71,0,0,0,0,0,0,0,41,48,0,0,0,0,0,0,0,0,0,0,0,0,66116,0,0,0,0,0,0,0,0,0,0,0,0,0,0,0,0,0,0,0,0,151,0,46,0,3,0,0,0,0,0,0,0,0,0,0,97,0,0,0,56,0,1,0,0,18595
cd9b626f-1871-4824-aba9-efa5bc608b7a,PAPER,17,17,0,0,0,0,0,0,0,0,1,0,0,0,0,3,0,0,0,0,0,212,40,0,43,14,0,0,0,0,0,0,0,0,0,0,0,0,0,0,46,0,0,0,0,16741,0,0,0,0,1,1,0,0,1,0,0,0,2,0,0,0,0,0,0,0,107,74,0,0,0,0,0,0,0,0,0,51,0,0,0,0,0,0,92,0,47,0,0,0,66201,0,0,0,0,0,0,0,0,0,3,0,0,0,0,0,0,0,0,0,0,112,0,165,0,56,0,0,0,0,0,0,0,0,0,0,40,0,0,0,0,0,0,0,0,18615
3a1a1033-13ca-4913-be6f-8b779c8ea4c9,SCISSORS,10,0,0,0,0,0,0,0,0,0,0,0,0,0,0,0,0,0,0,0,0,67,142,0,12,0,0,0,0,0,21,0,0,0,0,0,0,0,0,0,0,0,0,0,0,16745,0,2,0,0,0,0,0,0,0,10,0,0,0,0,0,0,0,0,0,0,127,47,0,0,0,0,0,0,0,0,0,36,0,0,0,0,0,0,0,1,0,19,0,0,66256,0,0,0,0,0,0,0,0,0,0,0,0,0,0,0,1,0,0,0,0,105,0,72,0,0,0,0,0,0,11,0,0,0,0,0,0,0,0,0,0,51,0,2,0,18625
73f1fa00-0bea-4828-b406-0bf53535bc69,PAPER,19,0,0,0,0,0,0,0,0,0,15,0,0,0,0,35,0,3,0,0,0,438,75,46,189,140,8,0,0,0,0,18,0,0,0,0,8,67,0,0,4,0,4,0,0,16819,0,79,0,0,0,0,0,0,0,108,0,0,0,0,0,0,0,0,0,0,291,55,0,0,4,0,0,0,0,0,5,154,0,0,0,7,0,0,304,0,43,0,0,0,66506,0,0,0,0,0,0,0,0,0,18,0,0,0,0,0,0,5,9,0,7,346,3,127,0,271,0,0,0,0,35,0,0,0,0,0,218,0,0,11,0,0,0,0,0,18709
6f3d8218-8686-4ce2-a581-9f1ce9bdfe9c,SCISSORS,18,0,27,0,0,0,0,0,0,0,8,0,0,0,0,0,0,0,0,0,0,232,0,68,125,123,0,0,0,0,0,0,0,0,0,0,80,0,0,0,0,0,0,0,0,16851,0,24,0,0,0,0,0,0,0,29,0,0,0,0,0,0,0,0,0,0,192,81,4,0,3,0,0,0,0,0,0,174,0,0,0,0,0,0,115,39,0,2,0,0,66691,0,0,0,0,2,2,0,0,8,7,0,0,0,6,0,1,0,0,0,0,196,6,119,0,114,0,0,0,0,0,0,0,0,0,0,120,0,0,0,10,72,0,0,0,18767
930cbfbf-3243-43b3-8f9a-a66925c488d0,SCISSORS,18,0,0,0,0,0,0,0,0,0,1,0,0,0,0,0,0,0,0,0,0,154,93,0,31,32,0,0,0,0,0,0,0,0,0,0,69,0,0,0,0,0,0,0,0,16860,0,44,0,0,0,0,0,0,0,19,0,0,0,0,0,0,0,0,0,0,80,115,1,0,2,0,0,0,0,0,0,41,0,0,0,0,0,0,49,0,0,29,0,0,66766,0,0,0,0,1,1,0,0,0,2,0,0,1,0,0,3,0,0,0,0,26,0,0,0,67,0,0,0,0,0,0,0,0,0,0,44,0,0,0,0,235,0,0,0,18785
992930a2-e88a-4287-9a15-6fef97f58e12,PAPER,8,0,0,19,0,0,0,0,0,0,3,0,0,0,0,0,0,0,0,0,0,89,106,0,21,45,2,0,0,0,0,0,0,0,0,0,0,0,0,0,0,0,11,0,0,16876,0,30,0,0,0,0,0,0,0,0,0,0,0,0,0,0,0,0,0,0,115,67,0,0,0,0,0,0,0,0,0,52,0,0,0,0,0,0,31,0,0,0,1,0,66849,0,0,0,0,0,0,0,0,0,2,0,0,0,0,0,0,0,0,0,0,0,2,76,0,44,0,0,0,0,0,0,0,0,0,0,14,0,0,0,0,158,0,0,0,18795
2a981552-1fc6-4f51-8342-c7d2455ec432,SCISSORS,9,0,0,0,67,0,0,0,0,0,5,0,0,0,0,0,0,0,0,0,0,0,169,0,17,97,0,0,79,0,0,0,0,0,0,0,21,0,0,0,0,0,0,0,0,16900,0,2,0,0,0,0,0,0,0,6,0,0,0,0,46,0,0,0,0,0,127,46,0,0,2,0,0,0,0,0,0,138,0,0,0,0,0,0,85,2,0,1,0,0,66963,0,0,0,0,1,0,0,0,2,2,0,0,0,0,0,0,0,0,0,0,221,0,70,0,49,0,0,0,0,11,0,0,0,5,0,93,0,0,0,0,0,0,1,0,18820
5c64b08f-73ee-4963-ba3e-49e982fc5a51,ROCK,5,0,2,0,0,2,2,0,0,107,2,0,0,0,0,0,1,0,0,0,0,1,158,8,99,72,0,0,220,0,0,0,0,0,0,0,0,0,0,0,0,0,0,2,0,16942,0,40,0,0,0,0,0,0,0,110,0,0,0,0,0,0,0,0,0,0,118,193,0,0,4,0,0,0,0,0,0,64,0,0,0,0,0,0,147,0,0,0,0,0,67075,0,0,0,0,0,0,0,0,0,12,0,0,0,0,4,0,0,0,0,0,254,1,40,2,128,0,0,0,0,0,0,0,0,0,0,150,0,0,0,2,0,68,0,15,18869
2f6cac1f-e000-4fe8-9bec-08739c3ec758,SCISSORS,5,0,0,0,0,0,0,0,0,69,12,0,0,0,0,0,0,0,0,0,0,0,23,75,146,261,83,0,142,0,0,0,0,0,0,0,0,0,0,0,0,0,0,0,0,16995,0,24,0,0,0,0,0,0,0,488,0,0,0,0,3,0,0,0,0,0,44,94,2,0,39,0,0,0,0,0,8,24,0,0,0,0,0,0,14,70,0,1,0,0,67207,0,0,0,15,0,0,0,0,0,22,0,0,0,0,0,0,0,0,0,0,108,0,69,0,443,0,13,0,0,0,0,0,0,0,0,68,0,0,0,0,73,0,0,0,18938
1d5519e5-1d2d-4885-9775-89775e8113f4,SCISSORS,13,0,0,0,0,0,0,0,0,0,18,0,0,0,0,0,0,0,0,0,0,0,2,161,16,184,23,0,6,0,0,0,0,0,0,0,0,0,0,0,0,0,0,0,0,17035,0,4,0,0,0,0,0,0,0,195,0,0,0,0,2,0,0,0,0,0,20,50,1,0,17,0,0,0,0,0,0,11,0,0,0,0,0,0,7,71,0,32,0,0,67264,0,0,0,0,0,1,0,0,2,10,0,0,0,0,0,1,0,0,0,0,68,0,0,0,108,0,0,0,0,0,0,0,0,0,0,65,0,0,0,0,153,0,2,0,18981
56b99b73-6704-49b1-979d-f38a94449524,ROCK,7,0,0,0,0,0,1,0,0,2,0,0,0,1,0,0,1,0,0,0,0,114,4,66,18,0,4,0,69,0,0,0,0,0,0,0,0,0,0,0,0,0,0,0,0,17055,0,0,0,0,0,0,0,0,0,21,0,0,0,0,0,0,0,0,0,0,46,184,0,0,1,0,0,0,0,0,0,23,0,0,0,0,0,0,5,0,0,0,0,0,67303,0,0,0,0,0,0,0,0,0,0,0,0,0,0,4,0,0,0,0,0,0,0,0,0,2,0,0,0,0,0,0,0,0,0,0,0,0,0,0,113,159,2,0,0,18995
817c1202-80c7-40c8-804f-6f7954db6ff7,ROCK,17,0,0,0,0,0,38,0,0,0,9,0,0,0,0,0,0,0,0,0,0,141,2,0,96,184,39,0,146,0,0,0,0,0,0,0,0,0,0,0,0,0,0,0,0,17091,0,4,0,0,0,0,0,0,0,147,0,17,0,0,0,0,0,0,0,0,114,61,163,0,6,0,0,0,0,0,0,66,0,0,0,0,0,0,77,0,0,0,0,0,67427,0,0,0,0,0,0,0,0,5,19,0,0,0,0,15,0,0,0,0,0,178,0,45,0,230,0,0,11,0,0,0,0,0,0,0,91,0,0,0,60,0,1,0,0,19064
e44a8872-9ff8-4667-ad0f-6655ddaa7a00,SCISSORS,17,0,0,0,0,0,0,0,0,0,1,0,56,0,0,0,0,0,0,0,0,0,67,0,54,24,0,0,209,0,0,0,0,0,0,0,0,0,0,0,0,0,0,0,0,17099,0,5,0,0,0,0,0,0,0,39,0,0,0,0,18,0,0,0,0,0,116,0,107,0,5,0,0,0,0,10,0,56,0,0,0,0,0,0,52,0,0,3,0,0,67538,5,0,0,0,0,0,0,0,2,0,0,0,0,0,0,0,0,0,0,0,227,0,76,0,0,0,0,0,0,0,0,0,0,0,0,100,0,0,0,0,1,0,0,0,19077
8fb74a21-70bb-497c-96d9-62f19c505d03,PAPER,9,0,0,0,0,0,0,0,0,0,1,0,4,0,0,20,0,0,0,0,0,0,114,0,23,43,0,0,109,0,0,0,0,0,0,0,0,0,0,0,1,0,0,0,0,17114,0,15,0,0,1,3,0,0,0,0,0,0,1,0,0,0,0,0,0,0,129,4,73,0,0,0,0,0,0,0,0,62,0,0,0,0,0,0,27,0,0,0,0,0,67633,0,0,0,0,0,0,0,0,0,1,0,3,0,0,0,0,0,0,0,0,172,1,78,0,37,0,0,0,0,13,0,0,0,0,0,10,0,0,0,0,0,0,0,0,19090
702365e8-13ea-49f6-82e6-e38047e472e5,SCISSORS,12,0,0,0,0,0,0,0,0,0,3,0,6,0,0,0,0,0,0,0,0,83,163,3,78,38,0,0,0,0,3,0,0,0,0,0,0,0,0,0,0,0,0,0,0,17136,0,5,0,0,0,0,0,0,0,80,0,0,0,0,0,0,0,0,0,0,156,49,1,0,5,0,0,0,0,0,0,48,0,0,0,0,0,0,22,0,0,11,0,0,67720,0,0,0,0,0,0,0,0,1,4,0,0,2,0,0,1,0,0,0,0,160,1,112,0,37,0,0,0,0,0,0,0,0,5,0,15,0,0,0,0,39,0,0,0,19122
3f29a7bf-fbaa-4490-bf44-1457f5e88e80,ROCK,20,0,59,0,0,0,2,0,0,1,0,0,0,1,0,0,1,0,0,65,0,165,73,0,40,0,0,0,0,0,0,0,0,0,0,0,0,0,0,0,0,3,0,3,0,17160,0,124,0,0,0,0,0,0,0,51,0,0,0,0,0,0,0,0,0,0,76,83,0,0,7,0,0,0,0,3,0,41,0,0,0,0,0,0,28,0,0,0,0,0,67811,0,0,0,0,0,0,0,0,0,5,0,3,0,0,3,0,0,0,0,0,225,2,51,0,51,0,0,0,0,0,0,0,0,0,0,22,0,0,0,3,0,48,0,0,19159
0198eb93-9f95-44d6-a4bb-2489b3a19856,SCISSORS,7,0,0,0,0,0,0,0,0,61,1,0,0,0,0,0,0,0,0,0,0,269,86,2,163,11,0,0,0,0,0,0,0,0,0,0,0,0,0,0,0,0,0,0,0,17179,0,74,0,0,0,0,0,0,0,49,0,0,0,0,2,0,0,0,0,0,117,45,2,0,4,0,0,0,0,1,0,62,0,0,0,0,0,0,211,4,0,22,0,0,67929,0,0,0,0,1,0,0,0,0,5,0,0,0,0,0,0,0,0,0,0,336,0,73,0,69,0,0,0,0,0,0,0,0,3,0,98,0,0,7,0,0,0,1,0,19192
fbd9b331-b809-4f34-8b7d-77a8583e6529,ROCK,14,0,0,0,0,2,1,0,0,130,0,0,0,1,0,0,0,0,0,0,0,76,102,2,34,0,0,0,0,0,0,0,0,0,0,0,0,0,0,0,0,0,0,0,0,17198,0,1,0,0,0,0,0,0,0,45,0,0,0,0,0,0,0,0,0,0,53,213,0,0,1,0,0,0,0,0,7,28,0,0,0,0,0,0,0,0,0,0,0,0,67981,0,0,0,0,0,0,0,0,0,3,0,0,0,0,81,0,0,0,0,0,148,0,49,0,48,0,0,0,0,0,0,0,0,0,0,15,0,0,0,1,0,3,0,0,19214
7d1a0793-9373-4091-a3b7-25195ad198e4,SCISSORS,11,0,0,0,0,0,0,0,0,137,1,0,0,0,0,0,0,0,0,0,0,244,85,0,179,69,0,0,0,0,2,0,0,0,0,0,0,0,0,0,0,0,0,0,0,17229,0,4,0,0,0,0,0,0,0,60,0,0,0,0,51,0,0,0,0,0,191,94,0,0,5,61,0,0,0,32,110,105,0,0,0,0,0,0,0,2,0,2,0,0,68166,0,0,0,0,1,0,0,0,1,2,0,0,2,0,0,0,0,0,0,0,315,0,68,0,86,0,3,7,0,0,0,0,0,0,0,227,0,0,0,1,0,0,2,2,19272
ddc9b4f5-b189-443b-856b-87211c0afff9,ROCK,6,0,0,0,0,2,1,0,0,2,0,0,0,0,0,0,1,0,0,0,0,248,66,0,113,41,0,0,0,0,0,0,0,0,0,0,0,0,0,8,0,2,0,1,0,17254,0,32,0,0,0,0,0,0,0,45,0,0,0,0,0,0,0,0,0,0,102,66,122,0,4,0,0,0,0,0,0,51,0,0,0,0,0,0,63,0,0,0,0,0,68252,0,0,0,0,0,0,0,0,0,5,0,0,0,0,1,0,0,0,0,0,211,2,56,0,65,0,0,0,0,0,0,0,0,0,0,113,0,0,0,4,0,28,0,0,19305
4e027b88-8054-4765-873c-6fdddad5f598,ROCK,6,0,0,0,0,0,1,10,0,0,10,23,18,0,0,0,0,0,0,0,0,412,2,2,335,133,0,0,0,0,0,0,0,0,0,0,0,0,0,0,2,0,0,1,0,17313,0,78,0,0,0,0,0,0,0,449,0,0,0,0,0,0,0,0,0,0,75,2,213,0,28,0,0,0,0,0,30,40,0,0,0,0,0,0,0,34,0,0,0,0,68381,0,0,0,0,0,0,0,0,0,24,14,0,0,0,1,0,0,0,0,0,238,0,125,0,429,0,0,0,0,0,0,49,0,4,0,46,0,0,0,0,0,19,0,0,19380
cdbfae16-ccb2-42c9-bef3-17fd44c1739b,PAPER,5,0,0,0,0,0,0,0,0,0,3,0,36,0,0,2,0,0,0,0,0,210,90,5,80,83,0,0,0,0,0,0,0,0,0,0,0,0,0,0,3,0,37,0,0,17357,0,71,0,0,1,1,0,0,1,154,0,0,0,0,0,1,0,0,0,0,132,3,114,0,11,0,0,0,0,0,5,52,0,0,0,0,0,0,0,0,2,0,1,0,68511,0,0,12,0,0,0,0,0,0,14,0,95,0,0,0,0,0,0,0,0,129,0,76,0,191,0,0,0,0,0,0,0,0,0,0,32,0,0,0,0,0,0,0,0,19422
ca132ab7-f6a6-463b-8bd8-209c41193d85,ROCK,15,0,11,0,0,1,1,0,0,0,18,0,132,0,0,0,0,0,0,0,0,236,101,2,170,261,1,0,0,0,0,0,0,0,0,0,0,0,0,0,0,1,0,1,0,17432,0,52,0,0,0,0,0,0,0,598,0,0,0,0,0,0,0,0,0,0,83,0,70,0,35,0,0,0,0,0,91,7,0,0,0,0,0,0,0,0,0,0,0,0,68599,0,0,0,5,0,0,0,0,0,40,0,73,0,0,1,0,0,0,0,0,218,0,47,0,518,0,0,0,0,0,0,0,0,0,0,15,0,0,0,19,0,0,0,0,19521
76ff58f7-88c1-4e33-9d21-e683eac36afb,ROCK,8,0,0,0,0,0,0,0,0,1,0,0,0,1,0,0,1,0,0,0,0,330,0,0,76,0,0,0,0,0,0,0,0,0,0,0,0,0,0,0,0,6,0,0,0,17443,0,0,0,0,0,0,0,0,0,41,0,0,0,0,0,0,0,0,0,0,67,0,176,1,2,0,0,0,0,0,81,33,0,0,0,0,0,0,14,0,0,0,0,0,68660,6,0,0,0,0,0,0,0,0,2,0,0,0,0,2,0,0,0,0,0,111,0,119,0,63,0,0,0,0,0,40,0,0,0,0,24,0,0,0,2,0,46,0,0,19549
783cfc19-ff65-4153-9280-30c98764a933,SCISSORS,14,0,0,0,0,0,0,0,0,0,8,0,9,0,0,0,0,0,0,0,0,230,123,0,34,76,0,0,0,10,0,0,0,0,0,0,0,0,0,0,0,0,0,0,0,17465,0,6,0,0,0,0,0,0,0,55,0,0,0,0,1,0,0,0,0,0,78,2,170,0,2,0,0,0,0,0,67,40,0,0,0,0,0,0,0,68,0,1,0,0,68748,0,0,0,0,2,1,0,0,69,7,0,0,3,0,0,2,0,0,0,0,0,5,143,0,91,0,0,0,0,0,0,78,0,0,0,16,0,0,0,0,71,0,2,0,19603
5e3906e2-007d-40a5-a805-8e3481a3bdd7,ROCK,15,0,50,0,0,0,0,0,0,1,2,0,0,1,0,0,1,0,0,0,0,221,97,2,21,16,19,0,0,0,0,0,0,0,0,0,0,0,0,0,0,0,0,1,0,17490,0,34,0,0,0,0,0,0,0,44,0,0,0,0,0,0,0,0,0,0,60,1,214,0,4,0,0,0,0,0,40,35,0,0,0,0,0,0,0,0,0,0,0,0,68812,0,0,0,0,0,0,0,0,0,3,0,0,0,0,68,0,0,0,0,0,0,0,43,0,55,0,0,0,0,0,0,0,0,0,0,15,0,0,0,5,240,3,0,0,19631
27d5f110-2747-42c1-aedb-148a32458ba2,ROCK,9,0,0,0,0,2,0,0,0,0,1,0,0,0,0,0,2,1,8,0,0,366,5,0,101,16,1,0,0,0,0,0,0,0,0,0,0,0,0,0,0,2,0,0,0,17518,0,18,0,0,0,0,0,0,0,45,0,0,0,0,0,0,0,0,0,0,82,2,225,0,6,0,0,0,0,0,0,47,0,0,0,0,0,0,80,0,0,0,0,0,68897,0,0,0,0,0,0,48,0,24,5,0,0,0,0,9,0,0,0,0,0,103,0,113,0,66,0,0,0,0,0,0,0,0,0,0,68,0,0,0,67,0,2,0,0,19675
5805e068-544a-456a-bb7d-4e472da36138,SCISSORS,20,0,0,0,0,0,0,0,0,0,3,0,0,0,0,0,0,0,0,0,0,383,137,1,293,99,8,0,0,0,0,0,0,0,0,0,0,3,0,0,0,0,0,0,0,17546,0,7,0,0,0,0,0,0,0,234,0,0,0,0,1,0,0,0,0,0,162,2,158,0,16,5,0,0,0,0,186,86,0,0,0,0,0,0,0,0,0,70,0,0,69082,0,0,0,0,1,0,0,0,4,16,0,0,0,0,0,3,0,0,0,0,395,0,90,0,175,9,0,2,0,1,0,0,0,0,0,138,0,0,0,0,27,0,1,65,19758
4cbb8e73-c096-4243-ac4f-7c817734b960,SCISSORS,16,0,0,0,0,0,0,0,0,0,0,0,0,0,0,0,0,0,0,0,0,177,181,0,55,46,7,0,0,0,0,0,0,0,0,0,0,0,0,0,0,0,0,0,0,17554,0,1,0,0,0,0,0,0,0,28,0,0,0,0,64,0,0,0,0,0,92,0,105,0,3,0,0,0,0,37,84,47,0,0,0,0,0,0,0,3,0,2,0,0,69179,0,0,0,0,0,1,0,0,0,6,0,0,1,0,0,1,0,0,0,0,207,0,0,0,45,0,0,0,0,0,0,0,0,0,0,92,0,0,7,0,106,0,0,0,19779
6a4894b2-3727-4f3e-b257-6718516c08b8,SCISSORS,11,0,0,0,0,0,0,0,0,0,1,0,0,0,0,0,0,0,0,0,0,269,50,0,117,21,101,0,0,0,1,21,0,0,0,0,0,0,0,18,0,3,0,0,0,17576,0,19,0,0,0,0,0,0,0,6,0,0,0,0,3,0,0,0,0,0,133,3,93,0,0,0,0,0,0,0,2,75,0,0,0,0,0,0,212,3,0,53,0,0,69329,64,0,0,0,3,0,0,1,1,5,0,0,0,0,0,0,5,0,0,0,156,0,0,0,67,0,0,0,0,0,0,0,0,0,0,122,0,0,0,0,177,0,1,0,19820
8e9846f9-bb4e-403d-992e-47aa96cc2549,SCISSORS,7,0,0,0,0,0,0,5,0,0,3,0,28,0,0,0,0,0,0,0,0,174,82,2,158,66,25,0,0,0,0,0,0,0,0,0,0,0,0,30,0,0,0,0,0,17608,0,49,0,0,0,0,0,0,0,150,0,0,0,0,1,0,0,0,0,0,123,0,70,0,10,0,0,0,0,21,62,67,0,0,0,0,0,0,0,20,0,0,0,0,69471,0,0,0,0,20,0,0,0,1,8,0,0,0,0,0,1,0,0,0,0,327,0,1,0,74,32,0,0,0,0,0,0,0,0,0,109,0,0,0,0,0,0,0,0,19853
ea79d23c-1694-4a8d-a9a7-04771349ba29,ROCK,7,0,0,0,0,1,0,0,0,85,3,0,11,1,0,0,1,0,0,0,0,197,97,2,83,46,0,0,0,0,0,0,0,0,0,0,0,0,0,0,0,1,0,1,0,17642,0,30,0,0,0,0,0,0,0,129,0,0,0,0,0,0,0,0,0,0,95,0,173,0,3,0,0,0,0,0,51,48,0,0,0,0,0,0,0,0,0,0,0,0,69565,0,0,0,0,0,0,0,0,0,5,0,3,0,0,4,0,0,0,0,0,241,0,47,0,101,0,0,0,0,0,0,0,0,0,0,70,0,0,0,2,0,56,0,0,19888
f7ae9308-a1e0-444e-b633-3a157db7ca4d,SCISSORS,16,0,0,0,0,0,0,0,0,0,19,0,138,0,0,0,0,0,0,0,0,691,23,2,521,369,0,0,0,0,0,0,0,0,0,0,0,0,0,21,0,0,0,0,0,17734,0,177,0,0,0,0,0,0,0,792,0,25,0,0,0,0,0,0,0,0,200,19,112,0,43,0,0,0,0,0,258,106,0,0,0,0,0,0,0,49,0,3,0,0,69861,0,0,0,0,0,0,0,11,49,64,0,0,4,0,0,3,0,0,0,0,513,0,71,0,817,0,0,0,38,0,0,0,0,0,0,202,7,0,0,0,2,0,3,0,20074
b53107f7-7de4-4067-b683-daa7642ea4c2,SCISSORS,10,0,0,0,0,0,0,0,0,0,0,0,72,0,0,0,0,0,0,0,0,143,3,75,96,0,0,0,0,0,0,0,0,0,0,0,0,0,0,0,0,0,0,0,0,17742,0,2,0,0,0,0,0,0,0,44,0,0,0,0,28,0,0,0,0,0,96,43,72,0,0,0,0,0,0,0,48,55,0,0,0,0,0,0,0,1,0,0,0,0,69957,0,0,0,0,0,0,0,0,0,0,0,0,1,0,0,0,0,0,0,0,247,0,0,0,0,0,0,0,0,0,0,0,0,0,0,68,0,0,0,0,73,0,0,0,20085
728b61fd-91da-40bd-bfaf-74a91edd58cb,SCISSORS,6,0,0,0,0,0,0,0,0,6,2,0,1,0,0,0,0,0,0,0,0,198,2,169,98,27,0,0,0,0,0,0,0,0,0,0,0,0,0,0,0,0,0,0,0,17763,0,52,0,0,0,0,0,0,0,52,0,0,0,0,1,0,0,0,0,0,89,143,1,0,3,0,0,0,0,0,68,50,0,0,0,0,0,0,0,2,0,42,0,0,70061,0,0,0,0,0,1,0,0,2,14,0,0,1,0,0,0,0,0,0,0,88,0,0,0,79,0,0,0,0,0,0,0,0,0,0,56,0,0,0,0,261,0,1,0,20128
e5e860dd-8c84-40d1-abdc-d410f4d22836,ROCK,16,0,0,0,0,0,0,0,0,1,4,0,0,0,0,0,0,0,0,0,0,245,0,74,60,61,0,0,0,0,31,0,11,0,0,0,0,0,0,0,0,0,0,0,0,17793,0,25,0,0,0,0,0,0,0,155,0,0,0,0,0,0,0,0,0,0,51,159,0,0,16,0,0,0,0,0,54,27,0,0,0,0,0,0,0,0,0,0,0,0,70133,0,0,0,0,0,0,5,0,0,162,0,0,0,0,1,0,0,0,0,0,57,0,51,0,8,0,0,0,0,0,0,23,0,0,0,4,0,0,0,26,149,1,0,0,20158
41542155-7310-4faa-ba4b-395819299046,ROCK,8,0,0,0,0,0,0,0,0,66,0,0,0,0,0,0,0,0,0,0,0,216,12,0,36,0,14,0,0,0,0,0,0,0,0,0,0,0,0,14,0,2,0,0,0,17807,0,5,0,0,0,0,0,0,0,34,0,0,0,0,0,0,0,0,0,0,70,164,0,0,1,0,0,0,0,0,48,38,0,0,0,0,0,0,0,0,0,0,0,0,70198,0,0,0,0,0,0,0,0,0,0,0,0,0,6,2,0,0,0,0,0,133,0,72,0,10,0,0,0,0,0,0,0,0,0,0,49,0,0,0,86,0,2,0,0,20173
f3eec9f1-d498-4eb7-91d1-03ccc6690471,SCISSORS,17,0,0,0,0,0,0,0,0,0,2,0,0,0,0,0,0,0,0,0,0,125,96,2,67,22,13,0,0,0,0,0,0,0,0,0,0,0,0,0,0,0,0,0,0,17820,0,0,0,0,0,0,0,0,0,101,0,0,0,0,0,0,0,0,0,0,54,108,0,0,7,0,0,0,0,0,1,20,0,0,0,0,0,0,0,32,0,4,0,0,70256,0,0,0,0,0,1,0,0,2,0,0,0,0,0,0,1,0,0,0,0,220,1,24,0,0,0,0,0,0,0,0,0,0,0,0,12,0,0,0,65,1,0,0,0,20190
ed95c6a9-4d5e-498f-bcec-fc815eed7048,PAPER,7,0,0,0,0,0,0,0,0,0,4,0,0,0,0,0,0,0,0,0,0,164,113,1,59,40,0,0,82,0,0,0,0,0,0,0,0,0,0,0,23,0,1,0,0,17849,0,0,0,0,0,1,0,0,0,0,0,0,0,0,0,1,0,0,0,0,139,68,0,0,0,0,0,0,0,65,101,80,0,0,0,0,0,0,0,0,31,0,1,0,70384,0,0,0,0,0,0,0,0,0,0,0,0,0,0,0,0,0,0,0,0,241,0,75,0,1,0,0,0,0,0,0,0,0,0,0,170,0,0,0,0,0,0,0,0,20210
a0d492a8-bae2-4c8b-97db-6ee84c1d93d1,SCISSORS,12,36,24,0,0,0,0,0,0,0,33,0,18,0,3,0,0,0,0,4,0,1032,314,9,841,524,73,0,0,12,17,14,3,0,2,0,0,0,0,0,6,19,0,0,2,18046,0,144,0,0,0,0,0,0,0,1272,0,3,0,0,18,0,0,0,0,0,467,94,4,0,66,57,0,0,0,51,574,214,0,0,0,18,0,0,3,0,0,1,0,0,70908,0,0,14,0,1,0,0,16,0,75,0,0,1,8,0,4,0,0,0,0,1173,0,74,0,1118,0,0,0,0,0,25,0,0,0,12,382,0,0,17,0,65,0,1,0,20466
da171872-d66b-4174-b297-437feeaf0fb3,ROCK,11,0,0,0,0,1,1,0,0,56,0,0,0,1,0,0,0,0,0,0,0,156,71,0,75,0,0,0,0,0,0,0,0,0,0,0,0,0,0,0,0,0,0,0,0,18062,0,2,0,0,0,0,0,0,0,31,0,0,0,0,0,0,0,0,0,0,55,156,0,0,2,0,0,0,0,0,83,32,0,0,0,0,0,0,0,0,0,0,0,0,70973,0,0,0,0,0,0,0,0,0,1,38,0,0,0,34,0,0,0,0,0,104,0,43,0,18,0,0,0,0,0,0,0,0,0,0,41,0,0,0,3,78,1,0,0,20493
68b3eadd-86cb-44bb-ae18-11a134050677,SCISSORS,15,0,0,1,7,0,0,0,7,0,193,0,0,0,0,0,0,4,0,0,0,656,179,7,624,21,67,7,0,0,7,4,0,0,0,0,0,0,0,23,3,0,0,0,99,18207,0,60,0,0,0,0,0,0,0,415,0,0,0,0,33,0,0,0,0,0,417,132,0,0,27,0,0,0,0,16,577,224,0,0,0,0,0,0,6,1,0,1,0,0,71392,0,9,0,0,2,0,0,0,9,16,0,0,0,0,0,0,5,0,0,0,888,0,74,0,245,0,0,0,0,45,0,24,0,0,0,502,0,0,0,0,59,0,0,31,20595
b6aca3d2-ea81-484f-b225-c452bb24b4d0,SCISSORS,9,0,0,0,0,0,0,0,0,0,7,0,16,0,0,0,0,0,0,0,0,299,159,0,263,243,0,0,0,0,14,0,0,0,5,0,0,0,0,0,0,0,0,0,0,18241,0,70,0,0,0,0,0,0,0,108,0,0,0,0,1,0,0,0,0,0,311,115,0,0,7,0,0,0,0,0,7,151,0,0,0,0,0,0,194,10,0,32,0,0,71666,0,0,0,0,2,0,0,0,0,10,0,0,3,0,0,1,0,0,0,0,515,0,0,0,134,0,0,0,0,0,0,0,0,0,0,341,0,0,0,0,0,0,0,0,20648
6fc6fd42-1f0f-4f7a-959c-93394e71af8f,ROCK,17,0,0,0,0,2,0,0,2,4,3,0,90,0,0,0,0,11,0,0,0,799,114,2,453,134,0,7,0,31,0,0,0,0,5,0,37,0,0,0,0,0,0,0,0,18320,0,88,0,0,0,0,0,0,0,507,0,0,0,0,0,0,0,0,0,0,208,121,6,108,37,0,0,0,0,22,471,126,0,0,0,0,0,0,0,0,0,0,0,0,71975,0,0,0,0,0,0,5,42,0,31,0,0,0,0,2,0,5,0,0,0,738,0,0,84,507,0,0,0,0,6,0,0,0,0,0,205,0,0,0,8,15,46,0,0,20775
6f37b2ee-7f6c-4217-bbb3-964e00ae0088,SCISSORS,5,0,29,0,0,0,0,0,0,0,5,0,130,0,0,0,0,0,0,0,0,288,129,1,80,107,0,0,0,0,0,14,0,0,0,0,0,0,0,0,0,0,0,0,0,18346,0,5,0,0,0,0,0,0,0,189,0,0,0,0,47,0,0,0,0,0,149,46,1,71,16,0,0,0,0,0,180,78,0,0,0,0,0,0,0,0,0,1,0,0,72139,0,0,0,0,2,0,0,0,57,6,0,3,1,0,0,1,0,0,0,0,340,0,0,71,118,0,0,0,0,0,43,0,0,0,0,139,0,0,0,0,2,0,0,0,20818
d17c96d8-d3bc-45a6-bf9d-9f27b1eeaa8c,ROCK,20,0,0,0,0,0,0,0,0,91,5,0,0,0,0,0,1,0,0,0,0,31,71,0,56,63,0,0,0,0,0,0,0,0,0,0,0,0,0,0,0,1,0,0,0,18365,0,11,0,0,0,0,0,0,0,117,0,0,0,0,0,0,0,0,0,0,0,178,3,0,10,0,0,0,0,0,0,0,0,0,0,0,0,0,0,0,0,0,0,0,72170,0,0,0,0,0,0,0,0,0,4,0,0,0,0,38,0,0,0,0,0,71,1,47,0,131,0,0,0,19,0,0,0,0,0,0,7,0,0,0,1,0,0,0,0,20836
254f84ec-2749-4274-8a79-b64822f38bf6,ROCK,5,0,3,0,0,0,0,6,0,66,0,0,0,0,0,0,0,0,0,0,0,247,0,0,42,0,0,0,0,0,0,0,0,0,0,3,0,0,0,0,0,0,0,0,0,18379,0,1,0,0,0,0,0,0,0,0,0,0,0,0,0,0,0,0,0,0,85,142,1,0,0,0,0,0,0,23,0,48,0,0,0,0,0,0,67,0,0,0,0,0,72251,0,1,0,0,0,0,0,0,0,2,24,0,0,0,0,0,10,12,0,0,132,1,105,0,18,0,0,0,0,0,0,0,0,0,0,43,0,0,0,1,0,18,0,0,20864
9892f374-6b3c-4ab4-bea6-441961d48e10,SCISSORS,14,0,0,0,0,0,0,0,0,0,26,0,205,0,0,0,0,0,0,0,0,525,115,6,463,475,27,9,0,0,0,0,0,0,0,0,0,0,0,1,3,3,0,0,0,18492,0,0,0,0,0,0,0,0,0,1121,0,0,0,0,2,0,0,0,0,0,84,251,4,0,88,198,0,0,0,0,11,45,0,0,0,27,0,0,3,0,0,24,0,0,72530,0,0,0,0,0,1,0,0,0,65,0,0,1,0,0,0,0,0,0,0,489,4,128,17,999,0,0,0,0,1,0,0,0,0,10,104,0,0,0,39,0,0,0,0,21041
d9201e61-6177-49f8-8cf8-d0beb99a6b19,SCISSORS,15,0,0,0,0,0,0,0,0,0,142,60,102,0,3,0,0,0,0,0,0,152,134,1,125,8,0,0,0,0,0,0,0,0,0,67,0,0,0,18,2,0,0,0,0,18537,0,0,0,0,0,0,0,0,0,155,0,0,0,0,2,0,0,0,0,0,193,117,0,0,10,10,0,0,0,0,168,106,0,0,0,0,0,0,0,52,0,1,0,0,72721,0,0,0,0,0,2,0,0,0,4,0,0,0,0,0,0,0,0,0,7,474,0,0,11,77,0,0,0,0,4,0,0,0,0,0,233,0,0,0,0,1,0,1,0,21083
d7489d94-f2b2-40fb-811b-27553fb006d4,SCISSORS,14,0,0,0,0,0,0,0,0,0,3,0,49,0,0,0,0,0,0,0,0,94,150,0,50,18,0,0,0,0,0,9,0,0,0,0,0,0,0,0,0,0,0,0,0,18556,0,0,0,0,0,0,0,0,0,71,0,0,0,0,0,0,0,0,0,0,86,111,0,0,4,2,0,0,0,0,37,46,0,0,0,0,0,0,0,1,0,15,0,0,72805,0,0,0,0,20,1,14,0,4,0,0,0,0,0,0,1,0,0,0,0,288,0,0,0,0,0,0,0,0,0,0,0,0,0,0,44,0,0,0,0,0,0,1,0,21096
e2aabcf3-033f-46b4-92aa-b2d9c55b54bf,PAPER,19,0,2,20,0,0,0,0,0,0,8,0,64,0,0,36,0,0,3,0,0,707,156,4,650,162,0,0,0,0,0,0,0,0,0,0,0,0,0,0,1,0,0,0,52,18642,0,0,0,0,0,0,0,0,0,350,0,0,1,0,0,1,0,0,0,0,395,147,2,0,31,42,0,0,0,65,583,210,0,0,0,0,0,0,0,0,37,0,1,0,73236,0,0,0,0,0,0,0,0,0,33,0,0,0,0,0,0,0,0,5,0,918,0,82,0,386,0,0,0,0,0,0,0,0,0,0,377,0,0,13,0,0,0,0,51,21216
bb27052a-e50d-426b-97ae-3312c533064c,PAPER,14,0,0,0,0,0,0,0,0,0,0,0,24,0,78,4,0,0,0,0,0,0,109,0,102,2,0,0,0,0,0,0,0,0,0,0,0,0,0,209,2,0,60,0,0,18667,0,0,0,0,0,0,0,0,2,0,0,0,1,0,0,1,0,0,0,0,323,18,1,0,0,1,0,0,0,0,145,97,0,0,0,0,0,0,0,0,1,0,0,0,73390,0,0,0,0,0,0,0,0,0,2,0,3,0,0,0,0,0,0,0,0,243,110,69,11,31,0,0,0,0,0,0,0,0,0,7,114,0,0,0,0,0,0,0,0,21244
8351fc6b-71b5-42f0-880c-be91d5e99751,SCISSORS,19,0,0,0,0,0,0,0,0,66,0,0,1,0,0,0,0,0,0,0,0,0,144,0,74,0,0,0,0,0,0,0,0,0,0,0,0,0,0,100,0,0,0,0,0,18673,0,0,0,0,0,0,0,0,0,27,0,0,0,0,2,0,0,0,0,0,107,41,0,0,4,4,0,0,0,0,40,135,0,0,0,0,0,0,0,0,0,25,0,0,73485,0,0,0,0,1,0,0,0,0,0,0,0,0,0,0,1,0,0,0,0,187,70,0,0,0,0,0,0,0,0,0,0,0,0,0,80,0,0,0,0,46,0,0,0,21262
841f3bc0-45a1-43d9-8dee-5a5606102529,SCISSORS,16,0,0,0,0,0,0,0,0,0,6,0,0,0,0,0,0,0,0,8,0,0,138,1,300,81,0,0,83,0,0,0,450,0,0,0,22,0,0,0,3,26,0,0,0,18720,0,0,0,0,0,0,0,0,0,83,0,0,0,0,35,0,0,0,0,0,310,86,4,0,9,42,0,0,0,0,340,160,0,0,0,32,0,0,4,11,0,2,0,0,73784,0,0,0,0,2,0,0,23,0,10,0,3,1,0,0,0,0,0,0,0,337,0,0,0,161,0,82,0,0,0,104,0,0,0,0,348,0,0,0,0,44,0,3,0,21330
644893ee-d3f5-49d7-939d-bf317a9c1e81,SCISSORS,16,0,0,0,40,0,0,0,0,0,8,0,0,0,0,0,0,0,0,0,0,4,157,0,218,105,0,0,0,217,0,0,0,0,0,0,0,0,0,0,0,7,0,0,0,18757,0,0,0,0,0,0,0,0,0,106,0,0,0,0,3,0,0,0,0,0,201,109,0,0,8,0,0,0,0,0,167,115,0,0,0,0,0,0,4,43,0,0,0,0,73973,0,7,0,0,1,1,0,0,0,3,0,1,0,0,0,1,0,0,0,7,440,2,28,0,73,0,0,0,0,0,0,0,0,0,0,191,0,0,0,0,0,0,1,0,21368
41315658-37cc-4f22-9e04-89f480db097d,SCISSORS,8,0,0,0,19,0,0,0,0,0,2,0,64,0,0,0,0,0,0,0,1,0,144,0,0,45,0,0,0,0,0,222,193,0,0,0,0,0,0,0,0,0,0,0,0,18783,0,0,0,0,0,0,0,0,0,86,0,0,0,0,1,0,0,0,0,0,195,117,0,0,8,5,0,0,0,0,152,107,0,0,0,0,0,0,0,2,0,17,0,0,74152,0,0,0,0,0,0,0,0,0,1,0,0,0,0,0,0,5,0,0,0,359,0,0,0,4,0,0,0,0,0,0,0,0,0,0,267,0,0,0,0,53,0,1,0,21386
737cdee6-6c8e-4af9-bec7-a9ddfd049d7b,SCISSORS,9,0,0,0,0,0,0,0,0,47,6,0,141,0,0,0,0,0,0,0,30,0,227,8,784,167,0,0,20,0,0,20,692,0,0,1,5,0,0,7,4,0,0,0,0,18900,0,0,0,0,0,0,0,0,0,881,0,0,0,0,13,0,0,0,0,0,388,112,0,0,48,2,0,0,0,4,500,207,0,0,0,0,0,0,3,0,0,1,0,0,74590,0,0,41,0,0,0,5,0,1,20,0,3,1,0,0,0,0,0,0,0,1172,0,0,0,408,0,0,0,29,0,0,0,0,0,0,411,0,0,7,0,61,0,0,0,21520
db88ad6b-fdf3-406e-aa5d-131aecafebe7,PAPER,15,56,0,0,0,0,0,0,0,36,30,0,190,0,0,1,0,0,8,0,18,0,132,4,609,481,0,0,0,0,0,0,679,0,0,0,0,0,0,0,25,0,3,0,10,19040,0,0,0,0,0,0,0,0,0,548,0,0,0,0,0,0,0,0,0,0,607,84,0,0,32,49,0,0,0,6,590,327,0,0,0,0,0,0,2,0,37,0,0,0,75160,0,32,0,7,0,0,0,0,4,33,0,3,0,0,0,0,0,0,6,0,929,1,84,0,477,0,0,7,0,63,0,0,0,0,0,630,0,0,6,0,0,0,0,0,21658
00ae4aee-71f2-44d6-b235-59d330e19dc7,SCISSORS,17,0,0,0,0,0,0,0,0,0,1,0,28,0,0,0,0,0,0,0,0,90,189,1,42,17,0,0,0,0,0,0,0,0,0,0,0,0,0,20,0,0,0,0,0,19060,0,0,0,0,0,0,0,0,0,45,0,0,0,0,0,0,0,0,0,0,149,46,0,0,3,1,0,0,0,0,60,45,0,0,0,0,0,0,0,1,0,38,0,0,75245,0,0,0,0,2,0,0,0,0,0,0,0,0,0,0,1,0,0,0,7,213,0,71,0,0,0,0,0,0,0,0,0,0,0,0,32,0,0,7,0,55,0,0,0,21675
3c6370b4-485d-4899-ad20-260ea60454cc,SCISSORS,13,0,0,0,0,0,0,4,0,0,4,0,4,0,0,0,0,0,0,0,0,325,175,1,225,44,0,0,0,0,0,0,0,0,0,0,0,0,0,0,0,0,0,0,0,19098,0,12,0,0,0,0,0,0,0,56,0,0,0,0,33,0,0,0,0,0,115,127,1,0,3,13,0,0,0,16,344,61,0,0,0,0,0,0,0,1,0,0,0,0,75368,0,0,0,0,2,1,0,0,42,4,0,0,0,0,0,1,0,0,0,0,443,4,26,0,69,0,144,0,0,0,0,0,0,0,0,44,0,0,0,0,0,0,2,0,21725
2468bacf-01d9-424f-8765-9f7242109dba,SCISSORS,6,0,0,0,0,0,0,0,18,0,14,0,325,0,0,0,0,3,0,0,0,1259,212,4,0,257,0,51,0,21,11,3433,0,0,0,0,0,0,0,0,81,5,0,0,0,19278,0,0,0,0,0,0,0,0,0,894,0,0,0,0,2,0,0,0,0,0,1387,141,2,0,43,109,0,0,0,29,2271,745,0,0,0,0,0,0,24,47,0,0,0,0,76697,0,0,31,0,0,0,0,64,1,45,0,0,2,6,0,2,10,3,0,0,2773,3,38,0,553,0,0,7,0,0,0,24,0,0,0,2011,0,0,7,0,112,0,2,0,22045
0bf48d2c-0425-41b1-bd46-5a79d6b765ac,SCISSORS,8,0,0,0,21,0,0,0,0,0,11,0,54,0,0,0,0,0,0,0,0,298,141,60,320,207,0,0,0,0,0,0,0,0,0,0,0,0,0,0,3,0,0,0,0,19342,0,1,0,0,0,0,0,0,0,606,0,0,0,0,9,0,0,0,0,0,77,208,10,7,51,27,0,0,0,0,0,42,0,0,0,0,0,0,77,0,0,0,0,0,76886,0,0,0,0,0,0,0,0,24,37,0,0,0,0,0,0,0,0,0,0,245,0,7,0,578,0,0,0,0,0,0,29,0,0,7,63,0,0,0,0,125,0,0,0,22144
813cc122-cbf8-4d35-84e7-0bf7df628434,SCISSORS,7,0,0,0,100,0,0,0,0,0,2,0,5,0,0,0,0,0,0,0,0,0,113,72,0,44,0,0,0,0,0,0,0,0,15,0,0,0,0,0,0,0,0,0,0,19353,0,0,0,0,0,0,0,0,0,39,0,0,0,0,33,0,0,0,0,0,77,119,0,0,2,5,0,0,0,0,0,38,0,0,0,0,0,0,34,2,0,2,0,0,76956,0,0,0,0,0,2,0,0,47,2,0,0,0,0,0,1,0,0,0,0,224,0,20,0,12,0,0,0,0,0,0,0,0,0,0,43,0,0,0,0,0,0,0,0,22165
fae77e7a-8a4c-418b-b608-32126b271b4b,SCISSORS,17,0,0,0,0,0,0,0,0,0,154,0,72,0,0,0,0,1,0,0,0,182,221,2,79,7,0,0,0,0,0,0,0,0,0,0,0,0,0,0,0,0,0,0,0,19392,0,0,0,0,0,0,0,0,0,190,0,0,0,0,4,0,0,0,0,0,132,80,0,0,18,66,0,0,0,19,66,76,0,0,0,0,0,0,3,4,0,60,0,0,77123,0,0,0,0,1,0,0,0,1,10,0,0,1,0,0,1,0,0,0,0,396,5,76,0,158,1,0,5,0,0,0,0,0,0,0,62,0,0,0,0,1,0,0,0,22225
b8b1042a-84ec-4a0e-883c-cfe24bf7b0a5,SCISSORS,11,0,0,0,0,0,0,0,0,0,2,0,0,0,0,0,0,0,0,0,0,301,150,0,247,61,0,0,0,38,0,0,0,0,0,0,0,0,0,0,0,0,0,0,0,19416,0,0,0,0,0,0,0,0,0,66,0,0,0,0,1,0,0,0,0,0,198,89,1,0,4,100,0,0,0,0,207,107,0,0,0,0,0,0,3,23,0,0,0,0,77289,0,0,0,0,0,0,0,0,32,3,0,0,1,0,0,0,0,0,0,0,440,0,0,0,84,0,0,0,0,0,0,0,0,0,0,228,0,0,0,0,11,0,0,0,22250
efdcfde1-24e2-4f8c-81a6-bf053dde9f2f,SCISSORS,14,0,0,0,406,0,0,0,0,0,6,0,70,0,0,0,0,0,0,7,0,0,284,8,602,226,0,0,0,62,0,0,0,0,0,0,33,2,0,0,5,0,0,0,0,19515,0,0,0,0,0,0,0,0,0,454,0,0,0,0,25,0,0,0,0,0,495,117,0,0,47,0,0,0,0,17,0,258,0,0,0,0,0,0,295,3,0,0,0,0,77792,6,0,0,7,1,0,8,0,34,6,0,0,0,0,0,0,7,26,0,0,907,0,0,12,94,0,0,0,0,0,0,0,0,8,0,568,0,0,0,0,27,0,0,0,22322
be52ac91-149f-4794-b513-9691f46f59e0,SCISSORS,12,0,43,0,0,0,0,0,0,0,2,0,108,0,0,0,0,18,0,0,0,213,152,0,7,28,0,0,0,0,0,0,0,0,0,0,0,0,0,0,0,0,0,0,0,19532,0,0,0,0,0,0,0,0,0,129,0,0,0,0,2,0,0,0,0,0,95,112,0,0,12,0,0,0,0,0,133,59,0,0,0,0,0,0,0,29,0,0,0,0,77904,0,0,0,0,0,0,0,0,38,4,0,0,0,0,0,0,0,0,0,0,375,0,23,0,71,0,0,0,0,0,0,0,0,0,0,60,0,0,0,0,0,0,0,0,22341
eee05601-0774-4151-ba2d-aa0a2b20c9d9,SCISSORS,5,0,40,0,0,0,0,0,0,0,9,0,15,0,0,0,0,0,0,0,0,215,102,0,223,128,0,0,0,0,0,50,0,0,0,0,0,0,0,48,0,0,0,0,0,19576,0,0,0,0,0,0,0,0,0,131,0,0,0,0,1,0,0,0,0,0,238,123,0,0,9,0,0,0,0,3,180,129,0,0,0,0,0,0,3,0,0,13,0,0,78133,0,0,0,0,0,1,0,0,0,0,0,0,0,0,0,0,0,0,0,0,537,2,23,0,0,10,0,0,0,0,0,0,0,0,0,242,6,0,7,0,2,0,0,0,22370
fccf0602-b109-4ffd-9a82-2cec12881a30,PAPER,15,0,0,0,91,0,0,0,0,0,16,0,72,0,0,34,0,0,0,0,0,0,45,0,117,164,0,0,0,0,0,0,0,0,0,0,0,0,0,0,0,0,1,0,0,19626,0,0,0,0,0,0,0,0,0,301,0,0,0,0,0,0,0,0,0,0,37,62,0,0,14,51,0,0,0,0,11,20,0,0,0,0,0,0,0,0,44,0,0,0,78204,0,8,0,0,0,0,0,0,0,13,0,0,0,0,0,0,0,0,0,0,194,0,98,0,214,0,0,0,0,0,0,0,0,0,0,2,0,0,0,0,11,0,0,0,22407
c43f0c8f-8d93-4acf-b86f-a2c9c1fe7463,PAPER,9,0,0,0,0,0,0,0,0,0,5,0,0,0,0,1,0,0,0,0,20,69,109,0,24,45,0,0,0,0,0,0,0,0,0,0,0,0,0,0,21,42,0,0,0,19646,0,0,0,0,0,0,0,0,0,0,0,0,0,0,0,0,0,0,0,0,201,0,0,0,0,4,0,0,0,0,72,58,0,0,0,0,0,0,0,0,1,0,0,0,78288,0,0,0,0,0,0,0,46,0,5,0,0,0,0,0,0,0,0,0,0,65,3,177,0,35,0,0,0,0,0,0,0,0,0,0,5,0,0,0,0,0,0,0,0,22427
e569e18d-013f-4384-a672-9fdb9f493913,SCISSORS,11,0,0,0,0,0,0,0,0,0,18,0,0,0,0,0,0,0,0,0,0,0,183,0,247,240,0,0,0,236,0,0,0,0,0,0,17,0,0,0,0,0,0,0,0,19699,0,0,0,0,0,0,0,0,0,237,0,0,0,0,1,0,0,0,0,0,253,112,10,0,16,29,0,0,0,7,57,188,0,0,0,0,0,0,6,0,0,25,0,0,78560,0,0,0,0,0,0,0,0,0,9,0,0,0,0,0,4,0,0,0,0,390,4,129,0,116,0,0,0,0,0,0,0,0,0,0,244,10,0,0,0,0,0,1,34,22485
56e195ff-d00a-4c82-a9bd-eb047f02f941,SCISSORS,15,0,0,0,0,0,0,0,0,0,14,364,0,0,0,0,0,0,0,0,0,0,200,0,52,156,0,0,0,0,0,121,0,0,0,0,3,0,0,0,0,0,0,0,0,19739,0,0,0,0,0,0,0,0,0,34,0,0,0,0,60,0,0,0,0,0,283,131,0,0,1,31,0,0,0,0,212,154,0,0,0,0,0,0,0,2,0,2,0,0,78806,0,0,0,0,0,1,0,0,0,4,0,3,0,0,0,0,3,0,0,0,373,6,43,0,78,14,0,0,0,0,0,4,0,0,0,378,0,0,0,0,1,0,2,0,22548
51bd9063-491c-45a9-9e2e-6618fdc5c1af,SCISSORS,17,0,0,0,0,0,0,0,28,0,7,0,52,0,0,0,0,0,0,0,0,0,181,0,156,101,0,0,0,0,0,0,252,0,0,0,0,0,0,0,0,0,0,0,0,19769,0,0,0,0,0,0,0,0,0,161,0,0,0,0,1,0,0,0,0,0,156,192,4,0,11,39,0,0,0,0,87,83,0,0,0,0,0,0,0,39,0,4,0,0,78980,0,0,0,0,2,0,0,0,46,11,0,0,0,0,0,1,0,0,0,0,383,0,0,0,122,0,0,0,0,0,0,0,0,2,0,186,0,0,7,0,17,0,0,0,22593
5e5e6ce0-9555-4746-b261-b329334b4037,SCISSORS,8,0,0,0,0,0,0,27,0,0,5,0,0,0,0,0,0,0,0,0,0,0,152,1,116,34,0,0,0,0,0,0,161,0,0,0,0,0,0,0,0,0,0,0,0,19797,0,0,0,0,0,0,0,0,0,40,0,0,0,0,0,0,0,0,0,0,135,113,0,0,1,2,0,0,0,0,113,72,0,0,0,0,0,0,9,0,0,11,0,0,79108,0,0,0,0,0,0,0,0,2,24,0,0,2,0,0,0,0,0,0,0,291,0,0,0,0,0,0,0,0,0,0,0,0,0,0,128,0,0,0,17,32,0,0,0,22618
bddb0dbf-2316-4635-946e-5ef30acacf3d,ROCK,11,0,0,0,0,1,0,0,0,126,6,64,54,0,0,0,2,10,0,0,0,0,162,6,26,122,0,0,0,0,0,0,161,0,0,0,0,0,0,0,0,1,0,4,0,19852,0,0,0,0,0,0,0,0,0,189,0,0,0,0,0,0,0,0,0,0,105,214,0,0,11,57,0,0,0,0,0,59,0,0,0,0,0,0,110,0,0,0,0,0,79232,0,0,0,0,0,0,0,0,0,152,0,0,0,0,2,0,0,0,0,0,330,0,52,0,6,1,0,0,0,4,0,0,0,0,0,119,0,0,0,2,0,77,0,0,22665
92d81aa6-a352-43d3-aac3-51c1fd805573,ROCK,18,0,0,0,0,1,0,1,0,154,2,0,41,1,0,0,0,51,0,0,0,69,21,3,0,64,0,0,0,0,0,0,342,0,116,0,0,0,0,0,0,1,0,1,0,19903,0,0,0,0,0,0,0,0,0,91,0,0,0,0,0,0,0,0,0,0,219,178,0,0,2,3,0,0,0,0,257,118,0,0,0,0,0,0,0,0,0,0,0,0,79419,0,0,0,0,0,0,0,0,0,9,0,0,0,0,4,0,5,0,0,10,270,0,113,12,72,0,0,0,0,3,0,14,0,0,0,305,0,0,0,50,0,1,0,0,22719
6dac512c-bbe4-4154-9308-fb67358b3ed1,SCISSORS,11,1,27,39,0,0,0,0,9,0,2,3,2,0,0,0,0,0,0,0,0,0,84,0,0,19,0,5,0,0,34,24,649,0,525,0,0,0,0,13,0,0,0,0,0,19983,0,0,0,0,0,0,0,0,0,29,0,0,0,0,2,0,0,0,0,0,521,77,45,0,0,0,0,0,0,0,457,275,0,0,0,0,0,0,3,0,0,27,0,0,79857,2,0,0,0,0,1,0,0,2,0,1,0,0,0,0,0,10,0,6,17,556,0,77,0,0,0,0,0,0,0,0,0,0,0,0,686,0,0,7,0,68,0,2,1,22815
3cb9dc7b-7b69-4463-88c1-02cf36b5eec9,SCISSORS,10,0,5,0,0,0,0,0,0,0,5,0,0,0,0,0,0,0,0,0,0,0,178,1,38,53,0,0,0,0,0,30,120,0,0,0,0,0,0,0,0,0,0,0,0,20003,0,0,0,0,0,0,0,0,0,32,0,0,0,0,2,0,0,0,0,0,114,43,74,0,2,2,0,0,0,0,14,65,0,0,0,0,0,0,51,1,0,30,0,0,79951,0,0,0,0,0,0,0,0,1,0,0,3,0,0,0,0,0,0,0,0,161,2,13,0,32,0,0,0,0,0,0,0,0,0,0,87,0,0,0,0,130,0,1,0,22838
3fee281d-6d34-4857-98f1-b4d17f4ef7c7,ROCK,5,49,31,0,0,0,0,0,0,0,16,0,14,0,0,0,1,0,0,6,0,43,87,1,787,184,0,0,0,0,0,0,1085,0,1,0,0,0,0,0,0,2,0,1,0,20125,0,0,0,0,0,0,0,0,0,288,0,0,0,0,0,0,0,0,0,0,632,171,1,0,13,7,0,0,0,0,847,343,0,0,0,0,0,0,6,0,0,0,0,0,80536,6,0,0,0,0,0,0,0,0,13,0,7,0,0,20,0,0,0,0,0,945,0,50,12,315,0,30,0,0,0,75,0,0,0,0,738,0,0,0,97,0,0,0,0,22958
9705e9be-06ae-4111-a15c-aa2b6c1284a5,SCISSORS,9,0,1,0,0,0,0,0,0,0,59,0,422,0,0,0,0,0,0,0,0,0,366,14,240,830,0,0,0,0,2,0,312,0,0,0,0,0,0,0,3,0,0,0,0,20321,0,0,0,0,0,0,0,0,0,1425,0,0,0,0,51,0,0,0,0,0,127,241,7,0,93,143,0,0,0,0,0,69,0,0,0,19,0,0,71,1,0,2,0,0,80865,0,9,0,0,0,0,0,0,67,58,0,0,0,0,0,1,0,0,0,0,755,0,72,0,1038,0,4,0,0,7,0,0,0,0,0,238,0,0,0,0,0,0,0,0,23142
5148ff7b-769a-4164-b32b-402ca7a42135,SCISSORS,14,0,0,0,0,0,0,0,0,0,3,0,0,0,0,0,0,0,0,0,0,0,131,0,164,108,0,0,0,0,0,0,188,0,0,0,0,0,0,0,0,0,0,0,0,20341,0,0,0,0,0,0,0,0,0,178,0,0,0,0,0,0,0,0,0,0,113,118,1,0,10,0,0,0,0,0,0,59,0,0,0,0,0,0,111,4,0,0,0,0,80980,0,0,0,0,0,0,5,0,0,9,0,0,0,0,0,1,0,0,0,0,334,0,0,0,126,0,0,0,0,0,0,0,0,0,0,98,0,0,0,0,20,0,1,0,23178
c97335c7-fe03-4059-a9c5-929e99c75ca6,SCISSORS,10,0,25,0,0,0,0,0,0,0,1,0,1,0,0,0,0,0,0,0,0,0,202,0,132,36,0,0,0,2,0,0,172,0,0,0,0,0,0,33,0,0,0,0,0,20366,0,0,0,0,0,0,0,0,0,19,0,0,0,0,3,0,0,0,0,0,158,74,0,0,1,0,0,0,0,0,145,83,0,0,0,0,0,0,0,118,0,3,0,0,81119,0,0,0,0,3,2,0,0,0,2,0,0,0,0,0,1,9,0,0,0,316,0,20,0,33,0,0,0,0,0,0,0,0,0,0,132,0,0,0,0,85,0,1,0,23215
fd1e8c8c-9000-4f6f-9271-957f2c47e794,SCISSORS,9,1,0,0,0,0,0,0,0,0,0,0,0,0,0,0,0,6,0,0,0,0,152,1,121,6,0,0,0,0,0,0,125,0,0,0,0,0,0,0,0,0,0,0,0,20384,0,0,0,0,0,0,0,0,0,30,0,0,0,0,0,0,0,0,0,0,96,48,1,0,3,7,0,0,0,0,101,50,0,0,0,0,0,0,0,70,0,6,0,0,81217,0,0,0,0,0,0,0,0,0,0,0,0,2,0,0,1,0,0,0,0,334,0,0,0,0,0,0,0,0,0,0,0,0,0,0,56,0,0,0,0,19,0,0,0,23232
849fecc5-5777-403a-9218-25f6188a3eb0,SCISSORS,16,0,0,0,0,0,0,0,0,0,4,0,5,0,0,0,0,0,0,0,0,0,194,0,4,48,0,0,0,0,0,0,113,0,7,0,0,0,0,0,0,0,0,0,0,20402,0,0,0,0,0,0,0,0,0,37,0,0,0,0,54,0,0,0,0,0,76,118,0,0,5,6,0,0,0,0,2,44,0,0,0,0,0,0,30,3,0,0,0,0,81297,2,0,0,0,1,0,0,0,1,3,0,0,2,0,0,2,0,0,0,0,219,0,0,0,24,0,0,0,0,0,0,0,0,0,0,61,0,0,0,0,59,0,1,0,23264
45036d9f-5234-4093-b606-d66137874123,SCISSORS,5,0,0,0,0,0,0,0,0,0,0,0,0,0,0,0,0,0,0,0,0,0,198,3,112,53,0,0,0,0,0,0,214,0,0,0,26,0,0,0,0,0,0,0,0,20420,0,0,0,0,0,0,0,0,0,113,0,0,0,0,1,0,0,0,0,0,126,116,0,0,8,4,0,0,0,1,149,69,0,0,0,0,0,0,0,0,0,19,0,0,81424,0,0,0,0,0,0,0,0,0,8,0,0,0,0,0,0,0,0,0,0,366,0,0,0,67,0,0,0,0,0,0,0,0,0,0,126,0,0,0,0,38,0,1,0,23295
ed3567ca-14f3-4daa-bbd4-3d7e1ffedd80,SCISSORS,11,0,0,0,0,0,0,0,0,0,23,0,0,0,0,0,0,0,0,0,0,0,139,0,100,337,0,0,0,0,0,0,19,0,0,0,24,0,0,0,0,0,0,0,0,20470,0,0,0,0,0,0,0,0,0,203,0,0,0,0,2,0,0,0,0,0,100,189,4,0,14,26,0,0,0,37,0,53,0,0,0,0,0,0,0,1,0,13,0,0,81558,0,0,0,0,0,0,0,0,0,294,0,0,0,0,0,0,0,0,0,0,119,0,21,0,21,0,0,0,0,0,0,20,0,0,0,0,0,0,0,130,37,0,0,0,23348
ac3f225c-b358-4d3c-af9c-6969810ed370,ROCK,6,1,5,0,0,1,1,0,7,20,19,0,29,0,0,0,3,0,0,0,0,56,89,0,69,279,0,0,0,0,0,0,419,0,0,5,40,50,0,643,0,0,0,0,0,20568,0,0,0,0,0,0,0,0,0,245,0,0,0,0,0,0,0,0,0,0,498,203,1,0,23,14,0,0,0,0,2,265,0,0,0,0,0,0,485,0,0,0,0,0,82031,0,0,0,0,0,0,5,0,0,245,0,0,0,0,2,0,0,0,0,0,729,45,4,8,11,0,0,0,0,0,0,0,0,0,0,642,7,0,0,37,0,1,0,0,23427
77653673-9c32-4930-86a3-22a11f6464a1,PAPER,19,0,0,0,0,0,0,0,0,0,24,0,0,0,0,29,0,0,0,0,0,0,124,9,0,530,0,6,0,0,0,0,412,0,0,0,118,0,0,502,1,0,1,0,0,20688,0,0,0,0,2,0,0,0,0,654,0,0,3,0,0,0,0,0,0,0,297,167,0,0,45,157,0,0,0,0,227,159,0,0,0,0,0,0,4,8,33,0,0,0,82410,0,10,0,0,0,0,0,0,0,691,0,0,0,0,0,0,0,0,0,0,614,78,100,0,36,30,0,0,0,0,0,0,0,0,0,197,0,0,0,0,0,0,0,0,23550
7337bda7-6960-42da-9137-91ae07dbac45,PAPER,17,0,0,0,0,0,0,0,0,77,1,0,0,0,0,3,0,0,0,0,0,0,103,0,112,10,0,0,0,0,0,0,0,0,0,70,5,2,0,0,3,0,46,0,0,20724,0,0,0,0,2,0,0,0,1,20,0,0,1,0,0,0,0,0,0,0,239,41,1,0,0,2,0,0,0,0,54,68,0,0,0,0,0,0,0,0,0,0,3,0,82527,1,0,0,0,0,0,0,0,0,43,0,0,0,0,0,0,20,0,0,0,163,0,163,0,5,0,0,0,0,0,0,0,0,0,0,29,0,0,0,0,8,0,0,0,23580
9fb07541-ae5f-426c-b057-88e7148e0044,ROCK,9,0,0,0,0,1,0,0,0,1,0,0,0,1,0,0,0,0,0,0,0,20,76,0,0,0,0,0,0,0,0,0,129,0,0,0,31,0,0,51,0,0,0,1,0,20737,0,0,0,0,0,0,0,0,0,41,0,0,0,0,0,0,0,0,0,0,146,71,1,0,2,4,0,0,0,0,10,36,0,0,0,0,0,0,0,0,0,0,0,0,82586,0,0,0,0,0,0,0,0,0,16,0,0,0,0,15,0,0,0,0,0,116,0,118,0,2,0,0,0,0,0,0,0,0,0,0,19,23,0,0,0,0,2,0,0,23597
06d9d063-24f8-4379-abfb-e0176c7e15c4,SCISSORS,16,0,0,0,0,0,0,0,0,0,3,0,0,0,0,0,0,0,0,0,0,0,0,104,64,108,0,0,0,0,0,0,240,0,0,0,58,0,0,153,0,0,0,0,0,20754,0,0,0,0,0,0,0,0,0,141,0,0,0,0,0,0,0,0,0,0,125,157,5,0,9,26,0,0,0,0,153,62,0,0,0,0,0,0,0,2,0,50,0,0,82729,0,0,0,0,1,0,0,0,1,157,0,0,1,0,0,0,0,0,0,0,312,0,75,0,8,0,0,0,0,0,0,0,0,0,0,108,0,0,0,0,67,0,0,0,23645
3a29d0e4-55aa-481c-a414-576e4f2b5be4,ROCK,16,0,0,0,0,0,0,0,0,1,0,0,0,4,0,0,0,0,0,0,0,74,23,50,0,0,0,0,0,0,0,0,116,0,0,0,8,0,0,95,0,0,0,0,0,20775,0,0,0,0,0,0,0,0,0,41,0,0,0,0,0,0,0,0,0,0,74,167,3,0,0,2,0,0,0,1,36,47,0,0,0,0,0,0,0,0,0,0,0,0,82813,0,0,0,0,0,0,0,0,0,26,0,0,0,0,1,0,0,0,0,0,217,0,46,2,1,0,0,0,0,0,0,0,0,0,0,22,0,0,0,54,0,2,0,0,23662
65e7a2e1-9cd3-48cc-b10b-4a1fc8c79d8e,ROCK,9,0,0,0,0,2,0,0,0,1,5,0,0,1,0,0,1,0,0,0,0,96,53,2,1,48,0,0,0,0,0,0,341,0,0,0,53,0,0,1127,0,1,0,4,0,20830,0,0,0,0,0,0,0,0,0,203,0,0,0,0,0,0,0,0,0,0,429,200,0,0,21,35,0,0,0,0,614,231,0,0,0,0,0,0,3,0,0,0,0,0,83218,0,16,0,7,0,0,0,0,0,165,99,0,0,0,74,0,0,0,0,6,724,0,113,0,12,26,0,0,0,32,0,0,0,0,0,457,0,0,0,3,0,2,0,0,23762
4439aa92-1c2c-4988-88e0-344ea27ee79d,SCISSORS,8,0,0,0,0,0,0,0,0,0,4,0,11,0,0,0,0,0,0,0,0,0,150,4,0,106,0,0,0,0,0,0,271,0,0,0,100,0,0,322,0,0,0,0,0,20865,0,0,0,0,0,0,0,0,0,292,0,0,0,0,18,0,0,0,0,0,159,73,50,0,17,97,0,0,0,0,170,86,0,0,0,0,0,0,0,5,0,1,0,0,83408,0,0,0,0,1,0,0,0,1,163,0,0,0,0,0,0,0,0,0,0,539,0,73,0,13,0,0,0,0,7,0,0,0,0,0,130,0,0,0,0,41,0,0,0,23819
efe18f81-b5d6-457f-8dd3-0bf46e85d876,SCISSORS,14,0,0,0,0,0,0,0,0,0,3,0,0,0,0,0,0,0,0,0,0,14,70,0,3,20,0,0,0,0,0,0,85,0,0,0,71,0,0,12,0,0,0,0,0,20876,0,0,0,0,0,0,0,0,0,2,0,0,0,0,1,0,0,0,0,0,69,49,71,0,0,6,0,0,0,0,30,37,0,0,0,0,0,0,0,0,0,13,0,0,83473,0,0,0,0,0,0,0,0,0,34,0,0,1,0,0,1,5,0,0,0,177,0,0,0,2,0,0,0,0,0,0,0,0,0,0,25,0,0,0,0,33,0,0,0,23837
48d10b7e-a7e9-408c-a223-2479f51c0e1e,SCISSORS,5,0,0,0,0,0,0,0,0,0,5,0,0,0,0,0,0,0,0,0,0,0,100,3,0,22,0,0,0,0,0,0,67,0,0,0,57,0,0,243,0,0,0,0,0,20894,0,0,0,0,0,0,0,0,0,28,0,0,0,0,35,0,0,0,0,0,123,95,0,0,1,0,0,0,0,0,144,66,0,0,0,0,0,0,0,5,0,0,0,0,83590,0,0,35,0,1,2,0,0,1,0,0,0,1,4,0,1,0,0,0,0,319,0,0,0,0,0,0,0,0,0,0,0,0,0,0,84,0,0,0,0,49,0,0,0,23868
16e8d852-2efb-4817-98b7-5e12a15b937e,ROCK,15,0,0,0,0,0,0,0,0,44,8,0,45,2,0,0,0,0,0,0,0,2,72,0,0,79,0,0,0,40,0,0,4,0,0,0,0,0,0,0,0,7,0,0,0,20927,0,0,0,0,0,0,0,0,0,96,0,0,0,0,0,0,0,0,0,0,0,73,109,0,5,20,0,0,0,0,0,0,0,0,0,0,0,0,0,0,0,0,0,0,83605,0,4,0,0,0,0,0,0,0,103,0,0,0,0,0,0,0,0,0,0,85,0,50,0,4,0,0,0,0,0,0,0,0,0,0,15,0,0,0,2,0,40,0,0,23887
85ed1cf3-f8b6-4cee-aafd-e436da44cc6b,ROCK,5,0,0,0,0,0,0,0,0,113,0,0,7,2,0,0,1,0,0,0,0,2,34,2,0,0,0,0,0,0,0,0,138,0,0,0,0,0,0,95,0,0,0,1,0,20948,0,0,0,0,0,0,0,0,0,35,0,0,0,0,0,0,0,0,0,0,81,0,72,0,1,0,0,0,0,0,34,43,0,0,0,129,0,0,0,0,0,0,0,0,83678,0,0,0,0,0,0,0,0,0,32,0,0,0,0,2,0,0,0,0,0,139,1,117,0,3,0,0,0,0,0,0,0,0,0,0,13,0,0,0,81,0,7,0,0,23923
36c434f1-87b5-4408-877f-d7dec71e6460,ROCK,11,0,0,0,0,0,1,0,0,68,5,0,0,0,0,0,0,0,0,0,0,33,0,0,0,105,0,0,0,0,0,0,26,0,0,0,0,0,0,0,0,0,0,2,0,20968,0,0,0,0,0,0,0,0,0,89,0,0,0,0,0,0,0,0,0,0,12,62,0,0,3,0,0,0,0,0,3,3,0,0,0,68,0,0,0,0,0,0,0,0,83694,0,0,0,0,0,0,0,0,0,98,0,0,0,0,14,0,0,0,0,0,7,0,113,0,5,1,0,0,0,0,0,0,0,0,0,2,0,0,0,0,0,0,0,0,23938
fc6b74fc-e26f-43fd-83f0-7e8ac6597e02,SCISSORS,16,0,0,0,0,0,0,0,0,0,0,0,0,0,0,0,0,0,0,0,0,0,26,1,0,0,0,0,0,0,0,0,134,0,5,5,119,0,0,374,0,0,0,0,0,20981,0,0,0,0,0,0,0,0,0,115,0,0,0,0,3,0,0,0,0,0,138,74,0,0,14,43,0,0,0,40,120,77,0,0,0,0,0,0,3,4,0,33,0,0,83869,0,0,0,0,39,1,0,0,0,31,0,0,0,0,0,0,0,0,0,0,372,0,74,0,1,0,0,0,0,0,0,0,0,0,0,145,0,0,0,0,1,0,0,0,23972
5ff1a6ef-6d8d-42a1-b74a-e1673284927c,ROCK,10,0,0,0,0,0,3,0,0,8,0,0,0,2,0,0,2,0,0,0,0,87,41,2,0,0,0,0,0,0,0,0,95,0,0,0,73,0,0,226,7,1,0,1,0,21010,0,38,0,0,0,0,0,0,0,55,0,0,0,0,0,0,0,0,0,0,84,2,139,0,2,53,0,0,0,0,0,46,0,0,0,0,0,0,129,0,0,0,0,0,83954,0,0,0,0,0,0,0,0,0,140,0,0,0,0,2,0,0,0,0,0,195,0,44,0,12,2,0,0,0,0,64,0,0,0,0,18,0,0,0,1,0,70,0,0,24008
c7f09065-d20b-4683-9109-85b621ef3aa8,SCISSORS,13,0,0,0,0,0,0,0,0,0,3,0,0,0,0,0,0,0,0,0,0,0,64,0,0,107,0,0,0,0,0,0,183,0,0,0,27,0,0,248,0,0,0,0,0,21024,0,9,0,0,0,0,0,0,0,94,0,0,0,0,2,0,0,0,0,0,129,128,79,0,5,0,0,0,0,0,102,61,0,0,0,0,0,0,6,16,0,1,0,0,84079,0,0,0,0,0,0,0,0,33,109,0,0,0,0,0,0,0,0,0,0,266,0,73,0,4,54,0,0,0,0,0,0,0,0,0,73,0,0,0,0,20,0,0,0,24037
8cc489d0-d992-4e4d-92d1-6fd91708cd08,ROCK,11,0,0,0,0,1,0,0,0,0,0,0,0,0,0,0,0,0,0,0,0,46,56,0,1,0,0,0,0,0,0,0,145,0,0,0,0,0,0,115,0,0,0,0,0,21031,0,25,0,0,0,0,0,0,0,40,0,0,0,0,0,0,0,0,0,0,54,140,0,0,3,0,0,0,0,0,65,37,0,0,0,0,0,0,0,0,0,0,0,0,84142,0,0,0,0,0,0,0,0,0,36,0,0,0,0,33,0,0,0,0,0,178,0,39,0,1,7,0,0,0,0,0,0,0,0,0,38,0,0,0,2,28,2,0,0,24062
ae13f60a-0300-4e35-a51c-6338c1bf3b5c,ROCK,14,0,0,0,0,0,1,0,0,0,3,0,0,1,0,0,2,0,0,0,0,71,0,0,0,64,0,0,0,0,0,0,236,0,0,0,69,0,0,283,0,2,0,0,0,21057,0,15,0,0,0,0,0,0,0,126,0,0,0,0,0,0,0,0,0,0,138,166,0,0,5,0,0,0,0,0,206,76,0,0,0,0,0,0,0,0,0,0,0,0,84273,0,0,0,0,0,0,0,30,0,94,0,0,0,0,3,0,5,0,0,0,268,0,101,0,8,24,15,0,0,0,0,0,0,0,0,131,0,0,0,47,0,6,0,0,24120
a40cde3c-216b-4423-a7a1-6c0fec6340fa,ROCK,6,0,18,0,0,0,0,1,0,71,0,0,15,0,0,0,0,0,0,0,0,0,0,0,0,5,0,0,0,0,0,0,168,0,0,0,0,0,0,452,0,0,0,0,0,21066,0,91,0,0,0,0,0,0,0,60,0,0,0,0,0,0,0,0,0,0,163,70,0,0,3,0,0,0,0,0,3,90,0,0,0,0,0,0,250,0,0,0,0,0,84424,0,0,22,0,0,0,0,0,0,129,0,0,0,0,24,0,0,0,0,0,287,0,115,0,7,1,0,0,0,0,0,0,0,0,0,144,0,0,0,0,0,1,0,0,24161
acadae64-96d1-46e6-9b7f-89dab5222f13,ROCK,15,0,0,0,0,0,2,0,0,227,6,0,30,1,0,0,0,3,3,0,0,2,21,3,0,81,0,0,0,0,0,0,6,0,0,0,32,0,0,218,0,2,0,1,0,21122,0,60,0,0,0,0,0,0,0,323,0,0,0,0,0,0,0,0,0,0,68,0,124,0,11,0,0,0,0,0,18,34,0,0,0,0,0,0,0,0,0,0,0,0,84502,0,0,0,0,0,0,0,0,0,108,0,0,0,0,2,0,0,0,0,0,327,0,95,0,3,0,0,0,0,0,0,0,0,0,0,32,0,0,0,68,0,3,0,0,24193
6b10c6ce-2867-4707-b24d-fb0adc2f5d85,SCISSORS,12,0,0,0,0,0,0,0,0,141,0,0,0,0,0,0,0,0,0,0,0,0,0,0,0,0,0,0,0,0,0,0,0,0,0,0,76,0,0,122,0,0,0,0,0,21124,0,2,0,0,0,0,0,0,0,6,0,0,0,0,1,0,0,0,0,0,97,43,77,0,0,0,0,0,0,0,33,53,0,0,0,0,0,0,0,1,0,26,0,0,84600,0,0,0,0,3,1,0,0,47,0,0,0,0,0,0,0,0,0,0,0,143,0,77,0,0,0,0,0,0,0,0,0,0,0,0,67,0,0,0,0,0,0,1,0,24215
8b22a8ef-3ce3-4f78-ae86-4a29240c6ba3,SCISSORS,20,0,0,0,0,0,0,0,0,0,0,0,0,0,0,0,0,0,0,0,0,0,60,2,0,0,0,0,0,0,0,0,66,0,0,0,62,0,0,65,0,0,0,0,0,21131,0,1,0,0,0,0,0,0,0,10,0,0,0,0,12,0,0,0,0,0,55,100,0,0,2,0,0,0,0,0,43,32,0,0,0,0,0,0,0,0,0,0,0,0,84663,0,0,0,0,0,0,0,0,45,0,0,0,0,0,0,0,1,0,0,0,178,0,0,0,0,0,0,0,0,0,0,0,0,0,0,31,0,0,0,0,0,0,0,0,24223
5ef0aa66-f11e-447a-b9f7-936cf1bd165f,SCISSORS,5,49,0,0,0,0,0,0,0,0,1,0,36,0,0,0,0,0,0,0,0,0,155,4,0,34,0,0,0,0,0,0,106,0,5,0,0,0,0,700,0,0,0,0,0,21158,0,11,0,0,0,0,0,0,0,121,0,0,0,0,1,0,0,0,0,0,303,65,51,0,5,0,0,0,0,10,342,164,0,0,0,0,0,0,0,17,0,0,0,0,84932,0,7,0,0,0,0,0,23,21,48,0,0,0,0,0,0,0,0,0,0,655,0,0,0,0,0,0,0,0,0,0,0,0,0,0,306,0,0,7,1,20,0,2,0,24266
ab4bcf42-b1de-4b8b-86c3-4ec5d1c06b83,SCISSORS,17,0,0,0,0,0,0,0,0,0,8,0,67,0,0,0,0,0,0,0,0,0,157,0,0,202,15,0,0,0,0,0,64,0,0,0,0,0,0,25,0,0,0,0,0,21190,0,60,0,0,0,0,0,0,0,260,0,0,0,0,1,0,0,0,0,0,12,0,124,0,18,0,0,0,0,5,26,4,0,0,0,0,0,0,0,28,0,0,0,0,84987,0,0,0,0,2,0,0,0,56,225,0,3,1,0,0,1,0,0,0,0,222,0,0,0,11,0,0,0,0,0,0,0,0,0,0,17,0,0,0,0,0,0,0,0,24306
91100d6b-6614-45de-b190-7884865a8e21,SCISSORS,15,0,0,0,0,0,0,0,0,0,0,0,1,0,0,0,0,0,0,0,0,0,138,0,0,0,0,0,0,0,0,0,68,0,0,0,0,0,0,577,0,0,0,0,0,21194,0,4,0,0,0,0,0,0,0,36,0,0,0,0,9,0,0,0,0,0,242,0,111,0,3,0,0,0,0,11,232,131,0,0,0,0,0,0,3,1,0,1,0,0,85217,0,0,0,0,0,0,0,0,42,0,0,0,1,0,0,1,0,1,0,0,518,0,0,0,0,0,0,0,0,0,0,0,0,0,0,213,0,0,7,0,0,0,1,0,24348
9d9dc8f5-a982-437b-b12c-7c1e88fe2b9b,ROCK,6,0,0,0,0,1,1,0,0,73,0,0,1,0,0,0,0,0,0,0,0,1,79,1,0,0,0,0,0,0,0,21,99,0,0,0,0,0,0,56,0,1,0,1,0,21213,0,31,0,0,0,0,0,0,0,20,0,0,0,0,0,0,0,0,0,0,76,81,74,0,1,0,0,0,0,0,10,42,0,0,0,0,0,0,0,0,0,0,0,0,85293,0,0,0,0,0,0,0,0,0,34,0,0,0,0,32,0,0,0,0,0,197,0,39,0,2,0,0,0,0,0,0,0,0,0,0,29,0,0,0,2,0,0,0,0,24365
a5311e4b-ece3-4a41-8f9c-81ee2b43bd59,SCISSORS,6,0,0,0,0,0,0,0,0,134,4,0,0,0,0,0,0,0,0,0,0,0,112,0,0,62,0,0,0,0,0,0,32,0,0,0,36,0,0,70,0,0,0,0,0,21228,0,78,0,0,0,0,0,0,0,148,0,0,0,0,61,0,0,0,0,0,51,72,0,0,7,0,0,0,0,0,0,26,0,0,0,0,0,0,2,4,0,1,0,0,85363,0,0,0,0,1,0,0,0,97,39,0,0,0,0,0,3,0,0,0,0,189,0,72,0,5,0,0,0,0,0,0,0,0,0,0,44,0,0,0,0,0,0,0,0,24395
a47e64a2-3355-46bd-9833-506e76d91931,PAPER,13,0,0,0,0,0,0,0,0,0,6,0,0,0,0,2,0,0,0,0,2,0,141,1,0,36,0,0,0,0,0,0,97,0,0,0,19,0,0,21,63,0,2,0,0,21261,0,69,0,0,1,0,0,0,3,71,0,0,1,0,0,2,0,0,0,0,95,0,38,0,2,0,0,0,0,0,0,48,0,0,0,0,0,0,0,0,59,0,1,0,85456,0,0,0,0,0,0,0,0,0,68,0,0,0,0,0,0,0,0,0,0,173,0,113,0,3,5,0,0,0,0,0,0,0,0,0,28,0,0,0,0,0,0,0,0,24410
6f32cbea-01d4-4fe1-8b0d-797f610647bd,PAPER,12,0,0,0,0,0,0,0,0,140,4,42,0,0,0,57,0,0,0,0,0,0,146,2,0,98,0,0,0,0,0,0,0,0,0,0,40,0,0,459,1,0,3,0,19,21297,0,76,0,0,1,1,0,0,2,91,0,16,2,0,0,1,0,0,0,0,244,1,43,0,2,0,0,0,0,0,260,202,0,0,0,0,0,0,3,0,65,0,1,0,85700,0,9,0,0,0,0,0,0,0,239,0,3,0,6,0,0,8,0,0,0,272,0,187,0,22,0,0,0,0,0,0,0,0,0,0,229,10,0,0,0,0,0,0,26,24485
9b3fa432-32be-4344-ac04-79180a76e330,SCISSORS,16,0,34,0,0,0,0,0,0,0,4,0,0,0,0,0,0,0,0,0,0,0,219,1,0,61,1,0,0,0,0,0,218,0,0,0,40,0,0,321,0,0,0,0,0,21331,0,45,0,0,0,0,0,0,0,232,0,0,0,0,0,0,0,0,0,0,219,1,37,0,20,0,0,0,0,0,110,186,0,0,0,0,0,0,1,2,0,46,0,0,85946,0,0,0,0,0,2,0,0,2,60,0,3,2,0,0,1,0,0,0,0,486,0,68,16,6,0,0,0,0,0,0,0,0,9,0,185,0,0,0,0,59,0,0,0,24537
bbb0afde-f55b-4c70-8b51-32f53b4b0391,SCISSORS,20,0,0,0,0,0,0,0,0,0,2,0,0,0,0,0,0,0,0,0,0,0,176,0,0,82,0,0,0,0,0,63,106,0,0,0,10,0,0,0,0,0,0,0,0,21342,0,0,0,0,0,0,0,0,0,10,0,0,0,0,5,0,0,0,0,0,113,0,106,0,0,0,0,0,0,0,91,52,0,0,0,0,0,0,0,61,0,1,0,0,86037,0,0,0,0,1,2,0,0,0,59,0,0,0,0,0,1,0,0,0,0,291,0,0,0,4,0,0,0,0,0,0,0,0,0,0,66,0,0,0,0,14,0,1,0,24569
a92aa9e1-774d-4697-9360-b5f5b62a44cb,SCISSORS,19,0,0,0,0,0,0,0,0,0,4,0,0,0,0,0,0,4,0,35,0,0,85,66,0,146,0,0,0,0,2,613,305,0,0,0,31,0,0,0,6,0,0,0,0,21390,0,1,0,0,0,0,0,0,0,69,0,0,0,0,2,0,0,0,0,0,383,1,107,0,5,0,0,0,0,51,439,216,0,0,0,0,0,0,3,0,0,20,0,0,86394,0,0,0,0,0,1,2,0,45,49,0,0,0,0,0,0,0,0,6,0,535,0,0,0,2,0,0,0,0,0,132,0,0,0,0,524,0,0,0,0,0,0,1,0,24617
e6e86be2-4bd0-4255-9c19-2bd33f6faa79,ROCK,13,0,0,0,0,3,0,0,0,0,0,0,0,1,0,0,1,0,0,0,0,84,0,60,117,0,0,0,0,0,0,0,290,0,0,0,0,0,0,0,0,1,0,0,7,21425,0,0,0,0,0,0,0,0,0,31,0,0,0,0,0,0,0,0,0,0,129,0,147,0,3,0,0,0,0,0,0,65,0,0,0,0,0,0,189,0,0,0,0,0,86525,0,0,0,0,0,0,0,0,0,4,0,0,0,0,0,0,0,0,0,0,311,0,55,0,0,0,0,0,0,0,0,0,0,0,0,165,0,0,0,1,0,28,0,0,24638
ff29688e-b8ee-4186-8a7f-5f22e4ee5d22,SCISSORS,5,0,0,0,0,0,0,0,0,0,1,0,0,0,0,0,0,0,0,0,0,19,123,0,116,52,0,0,0,0,0,0,169,0,0,0,0,0,0,0,0,0,0,0,0,21437,0,2,0,0,0,0,0,0,0,19,0,0,0,0,3,0,0,0,0,0,118,44,51,0,0,0,0,0,0,0,111,66,0,0,0,0,0,0,0,3,0,63,0,0,86638,0,0,0,0,0,0,0,0,89,34,0,0,3,0,0,1,0,0,0,0,195,0,50,0,1,0,0,0,0,0,0,29,0,0,0,77,0,0,0,0,0,0,1,0,24665
d8ae46aa-d0f4-4080-9137-7fb0568b96fe,SCISSORS,7,0,0,0,0,0,0,0,0,0,10,0,0,0,0,0,0,0,0,0,0,0,180,0,72,193,0,0,0,0,0,0,69,0,0,0,0,0,0,0,0,0,0,0,0,21473,0,12,0,0,0,0,0,0,0,192,0,0,0,0,50,0,0,0,0,0,37,65,45,0,18,0,0,0,0,18,62,19,0,0,0,0,0,0,0,1,0,5,0,0,86728,0,0,0,0,0,2,0,0,1,248,0,0,2,0,0,0,0,0,0,0,131,0,0,0,17,22,0,0,0,0,0,0,0,0,0,6,0,0,0,0,95,0,0,0,24712
00ca7c9b-8412-43d4-9c12-e8ed5e8c627e,SCISSORS,12,0,0,0,0,0,0,0,0,0,6,0,0,0,0,0,0,0,0,0,0,0,192,1,152,107,2,0,0,0,0,0,179,0,0,0,0,0,0,0,0,0,0,0,0,21498,0,39,0,0,0,0,0,0,0,166,0,0,0,0,2,0,0,0,0,0,109,3,178,0,16,0,0,0,0,0,27,54,0,0,0,0,0,0,0,43,0,2,0,0,86866,0,0,0,0,0,0,0,0,1,109,0,0,1,0,0,0,0,0,0,0,412,3,5,0,9,8,0,0,0,0,0,0,0,0,0,80,0,0,7,0,2,0,2,0,24756
37354fe7-69ee-482f-a025-744c6d81a711,PAPER,6,0,0,0,0,0,0,0,0,0,20,0,0,0,0,2,0,0,0,0,0,0,70,40,0,1,0,0,0,0,0,109,78,0,0,0,10,0,0,0,0,0,17,0,0,21510,0,0,0,0,0,1,0,0,1,0,0,0,1,0,0,0,0,0,0,0,113,0,70,0,0,0,0,0,0,18,91,52,0,0,0,0,0,0,0,0,0,0,0,0,86944,0,0,0,0,0,0,0,0,0,40,0,0,0,0,0,0,0,0,0,0,161,0,70,0,1,4,0,0,0,0,0,0,0,0,7,64,0,0,0,0,0,0,0,0,24769
a7e2e630-8805-4463-bcc6-314d2fcb8a13,SCISSORS,15,0,0,0,0,0,0,0,0,0,16,0,0,0,0,0,0,0,0,0,0,0,129,52,38,186,0,0,0,85,0,59,0,0,5,0,6,0,0,0,0,0,0,0,0,21563,0,3,0,0,0,0,0,0,0,147,0,0,0,0,1,0,0,0,0,0,112,0,72,0,8,0,0,0,0,0,102,111,0,0,0,0,0,0,3,2,0,15,0,0,87073,0,0,0,0,0,0,0,0,0,132,0,0,1,0,0,3,0,0,0,0,245,1,74,0,9,0,0,0,0,0,0,11,0,0,0,99,0,0,0,0,1,0,0,0,24815
e6ac14ad-af0a-4faa-936d-104266bf90cc,PAPER,9,0,0,0,0,0,0,0,0,217,4,0,4,0,0,20,0,0,0,0,23,0,108,0,168,46,0,0,0,0,0,0,0,0,0,0,0,0,0,0,0,0,1,0,0,21585,0,4,0,0,2,1,0,0,1,49,0,10,0,0,0,0,0,0,0,0,205,0,67,0,1,0,0,0,0,0,153,97,0,0,0,0,0,0,0,0,0,0,1,0,87246,0,0,0,0,0,0,0,0,0,43,47,0,0,0,0,0,0,0,0,0,267,0,68,0,3,0,0,0,0,3,0,0,0,0,0,155,0,0,0,0,0,0,0,5,24847
2daa93e7-8167-45b8-8214-982a4638194a,SCISSORS,15,0,0,0,0,0,0,0,0,0,5,0,113,0,0,0,0,0,0,0,0,0,54,0,8,96,0,0,0,0,0,0,145,0,0,0,0,0,0,0,0,0,0,0,0,21605,0,4,0,0,0,0,0,0,0,47,0,0,0,0,40,0,0,0,0,0,150,0,44,0,2,0,0,0,0,0,70,54,0,0,0,3,0,0,6,1,0,0,0,0,87340,0,0,0,0,0,1,0,0,1,62,0,0,3,0,0,0,0,0,0,0,188,0,54,0,2,0,0,0,0,0,0,0,0,0,0,95,0,0,0,0,14,0,1,0,24874
ad11e1b0-1acf-40b4-bd73-9cef9508b1d4,SCISSORS,13,0,0,0,0,0,0,0,0,0,3,0,58,0,0,0,0,0,0,0,0,0,6,0,200,44,0,0,0,0,0,0,330,0,0,0,0,0,0,0,0,0,0,0,0,21624,0,3,0,0,0,0,0,0,0,51,0,0,0,0,1,0,0,0,0,0,149,0,98,0,1,0,0,0,0,21,210,80,0,0,0,0,0,0,3,2,0,22,0,0,87492,1,0,0,0,0,1,0,0,0,28,0,0,0,0,0,0,0,0,13,0,354,6,27,0,2,0,0,0,0,0,0,0,0,5,0,204,0,0,0,0,0,0,0,0,24916
63f8f65b-3b2d-45b2-b0ac-cae47a17cd29,ROCK,18,0,0,0,0,0,1,0,0,0,1,0,0,1,0,0,0,0,0,0,0,71,6,2,142,14,0,0,88,0,0,0,0,0,0,0,0,0,0,0,0,1,0,0,0,21642,0,80,0,0,0,0,0,0,0,40,0,0,0,0,0,0,0,0,0,0,74,0,71,0,2,0,0,0,0,0,24,36,0,0,0,0,0,0,0,0,0,0,0,0,87557,0,0,0,0,0,0,0,0,0,6,0,0,0,0,1,0,0,0,0,0,209,38,4,4,1,0,0,0,0,0,0,0,0,0,0,33,0,0,0,0,0,31,0,0,24927
3cd95330-2625-4e40-9368-c382a0724e5c,SCISSORS,20,0,0,0,0,0,0,0,0,0,2,0,0,0,0,0,0,0,0,0,0,0,104,1,60,36,0,0,169,0,0,0,0,0,0,0,0,0,0,0,0,0,0,0,0,21654,0,68,0,0,0,0,0,0,0,73,0,0,0,0,4,0,0,0,0,0,80,0,0,0,3,0,0,0,0,0,32,47,0,0,0,0,0,0,0,63,0,2,0,0,87645,0,0,0,0,0,0,0,0,0,0,0,0,1,0,0,0,0,0,0,0,232,68,0,0,0,0,0,0,0,0,0,0,0,0,0,70,0,0,0,0,0,0,1,0,24936
06d02811-6269-46c5-aa58-184ff924c07a,SCISSORS,12,0,0,0,0,0,0,0,0,0,0,0,0,0,0,0,0,0,0,0,0,0,55,0,157,0,0,0,122,0,0,0,0,0,0,0,0,0,0,0,0,0,0,0,0,21662,0,0,0,0,0,0,0,0,0,3,0,6,0,0,3,0,0,0,0,0,101,0,41,0,0,0,0,0,0,0,36,56,0,0,0,0,0,0,0,55,0,33,0,0,87743,0,0,0,0,3,0,0,0,19,0,0,0,0,0,0,0,0,0,0,0,243,0,0,0,0,0,0,0,0,0,0,0,0,0,0,50,0,0,0,0,18,0,1,0,24958
8cfaf068-fa5a-4bc6-9c49-b2972248d77d,SCISSORS,20,0,0,0,0,0,0,0,0,0,1,0,0,0,0,0,0,0,0,0,0,0,105,1,123,86,0,0,130,0,0,0,0,0,0,0,0,0,0,0,0,0,0,0,15,21679,0,5,0,0,0,0,0,0,0,18,0,0,0,0,39,0,0,0,0,0,121,46,51,0,2,0,0,0,0,0,109,66,0,0,0,0,0,0,0,2,0,2,0,0,87867,6,0,0,0,2,0,0,0,0,7,0,0,1,0,0,2,0,0,0,0,292,0,14,0,0,0,0,0,0,0,0,0,0,0,0,136,0,0,0,0,1,0,0,0,24978
796809e9-dc45-4a08-a24e-afdb5f0755f6,SCISSORS,7,3,1,0,0,0,0,0,0,0,18,0,0,0,0,0,0,13,0,0,0,0,155,0,24,2,0,0,103,0,0,0,0,0,0,0,0,0,0,0,0,0,0,0,0,21697,0,1,0,0,0,0,0,0,0,15,0,0,0,0,0,0,0,0,0,0,97,74,58,0,0,0,0,0,0,0,7,52,0,0,0,0,0,0,0,0,0,15,0,0,87943,0,0,0,0,0,1,0,0,0,0,0,0,0,0,0,0,0,0,0,0,250,0,0,23,0,0,0,0,0,0,0,1,0,0,0,42,0,0,0,0,2,0,0,0,24993
1a07298e-3092-4ca2-beda-387cffa9a84b,SCISSORS,10,0,0,0,0,0,0,0,0,0,135,0,0,0,0,0,0,0,0,0,14,0,98,82,141,9,0,0,17,0,0,0,126,0,0,0,104,0,0,9,0,0,0,0,0,21729,0,4,0,0,0,0,0,0,0,323,0,0,0,0,2,0,0,0,0,0,109,1,123,0,17,0,0,0,0,0,69,60,0,0,0,0,0,0,3,1,0,23,0,0,88075,0,0,0,0,0,0,0,0,0,54,0,0,0,0,0,0,0,0,0,0,434,0,0,0,3,0,104,0,0,0,0,0,0,0,0,133,7,0,0,0,0,0,0,0,25012
0b5c855e-c9ca-45bd-a403-ae8b33da5733,ROCK,13,0,0,0,0,0,1,0,0,2,0,0,0,0,0,0,1,0,0,0,0,80,0,75,0,0,0,0,0,0,0,80,114,0,0,0,0,0,0,0,0,0,0,2,0,21743,0,0,0,0,0,0,0,0,0,11,0,0,0,0,0,0,0,0,0,0,88,113,75,0,0,0,0,0,0,3,22,40,0,0,0,0,0,0,3,0,0,0,0,0,88143,0,0,0,0,0,0,0,0,0,7,0,0,0,0,47,0,0,0,0,11,188,1,51,0,1,5,0,0,0,0,0,0,0,0,0,36,0,0,0,5,0,3,0,0,25042
9eaf6214-d846-4cec-abaa-fa7a03e4a252,PAPER,6,0,0,0,0,0,0,0,0,0,18,0,0,0,0,2,0,0,0,0,0,0,46,0,47,248,0,0,0,0,0,628,651,0,0,0,111,0,0,0,3,22,50,0,24,21830,0,20,0,0,1,0,0,0,0,111,0,4,0,0,0,2,0,0,0,0,687,48,22,0,4,0,0,0,0,0,618,332,0,0,0,0,0,0,0,0,1,0,0,0,88718,0,4,0,0,0,0,0,0,0,173,0,7,0,0,0,0,0,0,0,0,649,1,171,0,14,14,0,0,0,0,24,0,0,0,0,793,0,0,0,0,0,0,0,0,25137
6e1183fc-3f6c-4321-b354-f790dbd074ba,ROCK,18,0,0,0,0,2,1,0,0,124,29,0,0,4,0,0,5,0,0,0,10,1,135,5,0,438,0,0,318,35,0,103,0,0,0,25,84,0,0,0,0,3,0,3,47,21966,0,0,0,0,0,0,0,0,0,237,0,173,0,0,0,0,0,0,0,0,231,7,275,0,11,0,0,0,0,0,224,214,0,0,0,0,0,0,0,0,0,0,0,0,88988,6,47,0,0,0,0,0,0,0,635,0,0,0,0,2,0,0,0,0,0,181,0,132,0,39,8,0,0,0,0,0,18,0,0,0,165,0,0,0,135,0,4,0,0,25266
64c069c2-6b0e-4f54-b359-67b70694531b,ROCK,5,0,0,0,22,0,2,0,0,4,2,0,0,2,0,0,0,0,0,0,0,74,13,1,0,82,0,0,216,0,0,217,0,0,5,0,14,0,0,0,0,1,0,2,0,22007,0,0,0,0,0,0,0,0,0,70,0,0,0,0,0,0,0,0,0,0,153,0,186,3,3,0,0,0,0,22,144,76,0,0,0,0,0,0,0,0,0,0,0,0,89117,0,1,0,0,0,0,0,0,0,57,0,0,0,0,3,0,0,0,0,0,157,0,118,0,7,0,0,0,51,0,0,0,0,0,0,192,0,0,3,3,0,59,0,6,25310
2351c4a4-a817-424c-824e-ef332b1ae4f5,SCISSORS,13,0,0,17,75,0,0,0,0,0,15,0,2,0,0,0,0,0,0,0,0,0,72,0,0,222,0,0,9,0,1,89,0,0,0,0,34,0,0,0,0,0,0,0,0,22045,0,0,0,0,0,0,0,0,0,172,0,40,0,0,19,0,0,0,0,0,7,53,193,0,19,0,0,0,0,0,19,9,0,0,0,0,0,0,0,1,0,4,0,0,89199,0,0,0,0,0,0,0,0,0,251,0,0,1,0,0,2,0,0,0,0,106,0,75,0,20,0,0,0,0,0,0,0,0,0,0,79,0,0,0,0,0,0,2,0,25367
d0edc86d-31b6-4c1b-b797-df2865c8ae12,ROCK,10,0,0,0,0,1,1,0,0,0,1,0,0,2,0,0,0,6,0,0,0,67,71,0,0,18,0,0,112,0,0,176,0,0,0,0,49,0,0,0,0,2,0,0,0,22072,0,0,0,0,0,0,0,0,0,86,0,5,0,0,0,0,0,0,0,0,117,72,97,0,5,0,0,0,0,0,62,62,0,0,0,0,0,0,0,0,0,0,0,0,89302,0,0,0,0,0,0,0,0,0,45,0,0,0,0,44,0,0,0,0,0,261,0,44,0,3,1,0,0,0,0,0,0,0,0,0,103,0,0,0,1,0,4,0,0,25396
2f02da2a-8a57-41fb-82e7-af9f9f5075d0,ROCK,9,0,0,0,0,2,1,0,0,1,3,0,0,1,0,0,1,0,0,0,0,67,0,0,0,44,0,0,152,0,0,165,0,0,0,0,0,0,0,0,0,1,0,1,0,22098,0,0,0,0,0,0,0,0,0,37,0,0,0,0,0,0,0,0,0,0,92,0,169,0,7,0,0,0,0,0,93,41,0,0,0,0,0,0,0,0,0,0,0,0,89374,0,0,0,0,0,0,0,0,0,89,0,3,0,0,2,0,0,0,0,0,109,0,113,0,5,0,0,0,0,0,0,0,0,0,0,68,0,0,0,49,0,1,0,0,25420
ffbffa45-f8e7-4d36-92fa-06cc4be1bae5,ROCK,19,0,20,0,6,2,4,0,0,2,9,0,0,1,0,0,1,0,0,0,0,110,60,3,0,121,0,0,214,0,0,375,0,0,0,0,61,0,0,0,0,2,0,1,0,22162,0,0,0,0,0,0,0,0,0,242,0,3,0,0,0,0,0,0,0,0,210,0,225,0,13,0,0,0,0,15,161,123,0,0,0,0,0,0,0,0,0,0,0,0,89571,6,26,55,0,0,0,0,0,0,63,0,0,0,0,4,0,0,0,0,0,372,0,70,0,5,0,0,0,0,0,0,24,0,0,0,272,0,0,0,4,0,91,0,0,25476
55384218-305d-4f75-bf2a-9d0c5af07886,ROCK,10,0,0,0,0,1,1,0,0,72,0,0,0,0,0,0,2,0,0,0,0,1,0,0,0,0,0,0,155,0,0,201,0,0,0,0,0,0,0,0,0,2,0,0,0,22177,0,0,0,0,0,0,0,0,0,0,0,98,0,0,0,0,0,0,0,0,94,0,71,0,0,0,0,0,0,0,120,52,0,0,0,0,0,0,0,0,0,0,0,0,89647,0,0,0,0,0,0,0,0,0,19,0,0,0,0,44,0,0,0,0,0,117,0,41,0,1,0,2,0,0,0,0,0,0,0,0,194,0,0,12,2,0,3,0,0,25505
8d50f0e6-5277-43ea-bdeb-158a1aea4ad8,ROCK,12,0,0,0,0,0,0,0,0,52,0,0,0,0,0,0,0,0,0,0,0,0,0,0,0,0,0,0,141,0,3,60,0,0,0,0,0,0,0,0,0,0,0,0,0,22182,0,0,0,0,0,0,0,0,0,5,0,49,0,0,0,0,0,0,0,0,55,2,80,0,1,0,0,0,0,0,2,32,0,0,0,0,0,0,30,0,0,0,0,0,89705,0,0,0,0,0,0,0,0,0,25,0,0,0,0,2,0,0,0,0,0,0,0,95,0,3,0,0,0,0,0,0,0,0,0,0,5,0,0,0,13,111,2,0,0,25525
63681c75-a111-47b2-8459-66e52b2f35e3,SCISSORS,8,0,0,0,0,0,0,0,0,0,16,0,0,0,0,0,0,0,0,0,0,0,104,0,0,193,0,0,167,0,0,1043,0,0,0,0,13,0,0,0,3,0,0,0,0,22236,0,0,0,0,0,0,0,0,0,170,0,0,0,0,1,0,0,0,0,0,456,0,74,0,10,0,0,0,0,0,468,245,0,0,0,0,0,0,16,96,0,3,0,0,90094,13,0,0,0,1,2,0,0,26,170,0,0,1,6,0,0,0,0,0,0,594,2,109,0,8,0,0,7,0,0,38,0,0,1,0,533,0,0,0,0,28,0,0,0,25607
f3060c8c-6ce0-4efc-98f7-33236249df55,SCISSORS,15,0,0,0,0,0,0,0,0,0,4,0,0,0,0,0,0,0,0,0,0,0,180,0,0,60,0,0,108,0,0,33,0,0,0,0,3,0,0,0,0,0,0,0,0,22257,0,0,0,0,0,0,0,0,0,21,0,0,0,0,2,0,0,0,0,0,99,1,48,0,0,0,0,0,0,0,48,41,0,0,0,0,0,0,0,79,0,49,0,0,90173,0,0,0,0,0,0,0,0,1,36,0,0,1,0,0,1,0,0,0,0,186,0,0,0,2,0,0,7,0,0,0,0,0,0,0,92,0,0,0,0,62,0,0,0,25631
a2c11d04-232a-40ee-9922-5b6a6c956c18,ROCK,7,0,0,0,0,0,1,0,0,77,4,0,0,1,0,0,0,0,0,0,0,0,49,0,0,50,0,0,143,0,0,666,0,0,0,0,0,0,0,0,0,0,0,0,0,22278,0,0,0,0,0,0,0,0,0,6,0,9,0,0,0,0,0,0,0,0,321,84,49,0,0,0,0,0,0,0,0,185,0,0,0,0,0,0,337,0,0,0,0,0,90471,0,0,0,0,0,0,0,0,0,45,0,3,0,0,0,0,0,0,0,0,301,1,52,0,6,0,0,0,0,0,0,0,0,0,0,553,0,0,0,26,0,4,0,0,25676
e38dae3d-c5e4-4367-a321-57254e35614f,ROCK,10,0,0,0,0,1,3,0,0,34,5,0,0,0,0,0,0,0,0,0,0,0,0,0,0,72,0,0,162,0,0,186,0,0,0,0,58,0,0,0,0,0,0,0,0,22313,0,0,0,0,0,0,0,0,0,184,0,67,0,0,0,0,0,0,0,0,91,58,0,0,8,0,0,0,0,0,63,50,0,0,0,0,0,0,0,0,0,0,0,0,90571,0,0,0,0,0,0,0,0,24,23,0,0,0,0,1,0,0,0,0,0,285,1,103,0,2,0,0,0,0,0,0,0,0,0,0,57,0,0,7,16,0,2,0,0,25712
44469a54-a0bb-4f1e-be6c-84f4915c5ed6,SCISSORS,20,0,0,0,0,0,0,0,0,0,10,0,0,0,0,0,0,0,0,0,0,0,83,0,1,161,0,0,208,0,0,175,0,0,0,4,0,0,0,0,0,0,0,0,44,22349,0,0,0,0,0,0,0,0,0,23,0,55,0,0,20,0,0,0,0,0,240,0,45,0,2,7,0,0,0,0,159,129,0,0,0,0,0,0,0,4,0,2,0,0,90778,0,13,0,0,1,1,0,0,1,82,0,0,0,0,0,1,0,0,0,0,129,2,71,0,5,0,0,0,0,0,0,0,0,0,0,269,0,0,0,41,69,0,1,0,25762
00bb9d0f-7025-49af-b5b2-0159286519ce,SCISSORS,10,0,0,0,0,0,0,0,0,0,4,0,0,0,0,0,0,0,0,0,0,0,59,0,0,61,0,0,77,0,0,164,0,0,0,0,117,0,0,0,0,0,0,0,0,22359,0,0,0,0,0,0,0,0,0,27,0,0,0,0,47,0,0,0,0,0,116,87,59,0,3,0,0,0,0,2,67,59,0,0,0,9,0,0,0,1,0,5,0,0,90900,6,0,0,0,0,4,0,0,1,26,0,0,0,0,0,0,0,0,0,0,225,0,0,0,1,0,0,0,0,0,0,0,0,0,0,148,0,0,0,0,71,0,0,0,25789
32c8cd65-747a-49bb-b143-b5b34163c299,SCISSORS,5,0,0,0,0,0,0,0,0,0,7,0,0,0,0,0,0,0,0,0,0,0,108,0,0,70,0,0,64,0,0,130,0,0,0,0,64,0,0,0,0,0,0,0,0,22378,0,0,0,0,0,0,0,0,0,63,0,0,0,0,2,0,0,0,0,0,98,100,0,0,2,0,0,0,0,1,29,52,0,0,0,42,0,0,0,2,0,52,0,0,90995,0,0,0,0,2,0,0,0,1,81,0,0,3,0,0,1,0,0,0,0,195,1,18,0,12,0,0,0,0,0,0,0,0,0,0,50,0,0,0,0,78,0,1,0,25843
ab4a3f82-2383-4810-a5f0-b964704f2d69,SCISSORS,12,0,0,0,0,0,0,0,0,0,32,0,0,0,0,0,0,0,0,0,0,0,171,1,0,546,0,0,51,0,0,207,0,0,0,0,135,0,0,0,0,3,0,0,0,22465,0,0,0,0,0,0,0,0,0,688,0,0,0,0,0,0,0,0,0,0,47,117,0,0,44,0,0,0,0,0,78,28,0,0,0,87,0,0,23,31,0,3,0,0,91152,0,2,0,0,1,0,0,0,2,565,17,0,1,0,0,0,0,0,0,0,346,0,0,0,31,0,0,0,0,0,0,0,0,0,0,167,0,0,14,0,0,0,0,0,25944
0cef1337-45e7-46d9-9c17-32152d2a0af9,SCISSORS,7,0,0,0,0,0,0,0,0,0,1,0,0,0,0,0,0,0,0,0,0,0,135,0,0,16,0,0,92,0,0,25,0,0,0,0,1,0,0,0,0,0,0,0,0,22474,0,0,0,0,0,0,0,0,0,9,0,0,0,0,32,0,0,0,0,0,83,53,43,0,0,0,0,0,0,0,0,44,0,0,0,3,0,0,0,2,0,1,0,0,91217,0,0,0,0,0,1,0,0,0,0,0,0,1,0,0,0,0,0,0,0,202,0,0,0,0,0,0,0,0,0,0,0,0,0,0,63,0,0,0,0,1,0,2,0,25955
f7df64a9-cb54-424a-aabd-b7a0cfe02632,SCISSORS,17,0,0,0,0,0,0,0,0,0,17,0,0,0,0,0,0,3,6,0,0,0,153,3,0,298,0,0,92,0,0,269,0,0,0,0,37,0,0,0,0,0,0,0,0,22533,0,0,0,0,0,0,0,0,0,129,0,0,0,0,1,0,0,0,0,0,216,48,51,0,8,0,0,0,0,0,183,118,0,0,0,86,0,0,20,18,0,0,0,0,91415,0,0,0,0,1,1,5,0,14,295,0,0,0,0,0,0,0,0,0,0,288,0,0,0,15,0,0,0,0,0,0,0,0,0,0,220,0,0,0,0,39,0,0,0,26008
bdb7fecd-c55b-426c-919d-73a626bf0a86,SCISSORS,15,0,0,0,0,0,0,0,0,0,3,0,0,0,0,0,0,0,0,0,0,0,178,0,0,37,0,0,69,0,0,120,0,0,0,0,2,0,0,0,0,0,0,0,0,22545,0,0,0,0,0,0,0,0,0,26,0,0,0,0,1,0,0,0,0,0,103,122,0,0,3,0,0,0,0,0,61,56,0,0,0,0,0,0,0,36,0,1,0,0,91507,0,0,0,0,0,0,0,0,0,0,0,0,0,0,0,1,0,0,0,0,223,0,0,0,0,0,0,0,0,0,0,0,0,0,0,106,0,0,0,0,79,0,0,0,26020
bb3550e0-858a-4fc9-a1ec-903b676a3758,SCISSORS,10,0,0,0,0,0,0,0,0,0,9,0,0,0,0,0,0,0,0,0,0,0,88,67,0,106,0,0,83,0,0,484,0,0,0,0,10,0,0,0,3,0,0,0,0,22577,0,0,0,0,0,0,0,0,0,48,0,0,0,0,62,0,0,0,0,0,245,73,0,0,3,0,0,0,0,0,285,130,0,0,0,0,0,0,0,2,0,2,0,0,91731,0,0,0,0,24,0,0,0,0,5,0,0,1,0,0,0,0,0,0,0,399,0,0,0,0,0,0,0,0,0,0,0,0,0,0,400,0,0,7,0,12,0,2,0,26043
f1ab3d57-c182-4711-8555-0f9fbb4fc6de,PAPER,13,0,0,0,0,0,0,0,0,0,25,0,0,0,0,3,0,0,0,0,0,0,72,57,0,445,0,0,286,0,0,524,0,0,0,0,59,0,0,0,68,0,4,0,0,22682,0,0,0,0,0,0,0,0,67,137,0,0,5,0,53,1,0,0,0,0,515,78,2,0,9,21,0,0,0,5,14,279,0,0,0,0,0,0,354,0,2,0,1,0,92232,0,0,0,11,0,0,0,0,0,313,0,0,0,0,0,0,0,0,0,0,402,6,247,0,27,0,4,0,0,0,22,0,0,0,0,481,0,0,0,12,18,0,0,0,26152
aa35dcfd-4fad-4827-a0e2-b5482d03630d,SCISSORS,10,0,0,0,70,0,0,0,0,0,3,0,0,0,0,0,0,0,0,0,0,0,195,1,0,29,0,0,0,0,0,65,0,0,0,0,5,0,0,0,0,0,0,0,0,22696,0,0,0,0,0,0,0,0,0,14,0,0,0,0,4,0,0,0,0,0,150,49,1,0,2,5,0,0,0,0,0,37,0,0,0,0,0,0,45,0,0,61,0,0,92301,0,0,0,0,0,3,0,0,2,0,0,0,1,0,0,3,0,0,0,0,165,0,71,0,0,0,0,0,0,0,0,0,0,0,0,43,0,0,0,0,79,0,1,0,26175
0e6e37ab-b057-492f-a31d-68b254eca447,ROCK,7,0,0,0,0,0,0,0,0,74,10,0,0,0,0,0,2,0,0,0,0,0,92,3,0,134,1,0,0,206,0,98,0,0,0,0,10,0,0,0,0,0,0,0,0,22742,0,0,0,0,0,0,0,0,0,57,0,0,0,0,0,0,0,0,0,0,161,161,0,0,3,0,0,0,0,0,0,94,0,0,0,0,0,0,154,0,0,0,0,0,92443,0,0,0,0,0,0,0,0,0,142,0,0,0,0,22,0,0,0,0,0,220,0,48,0,7,0,0,5,0,0,0,0,0,0,0,184,0,0,0,1,0,1,0,0,26208
a37e045e-1e9e-4005-bc26-7cdb139639ba,SCISSORS,10,0,31,0,0,0,0,0,0,130,17,0,2,0,0,0,0,0,0,0,0,0,118,1,0,349,0,0,0,75,0,256,0,0,0,0,56,0,0,0,0,0,0,0,0,22810,0,0,0,0,0,0,0,0,0,193,0,0,0,0,2,0,0,0,0,0,242,70,56,0,11,80,0,0,0,4,0,131,0,0,0,0,0,0,190,53,0,3,0,0,92686,0,0,0,0,3,3,0,0,3,311,0,0,0,0,0,0,10,0,0,4,373,0,70,0,15,0,0,0,0,0,0,9,0,0,0,227,6,0,0,0,0,0,1,0,26285
b994a3f8-31c4-4ed2-9317-c70b8d61dcf2,SCISSORS,7,0,0,0,0,0,0,0,0,0,8,0,0,0,0,0,0,0,0,0,0,0,123,2,0,95,0,0,0,111,0,259,0,0,0,0,136,0,0,0,0,0,0,0,0,22845,0,0,0,0,0,0,0,0,0,133,0,0,0,0,22,0,0,0,0,0,169,0,119,0,7,4,0,0,0,0,152,90,0,0,0,0,0,0,36,2,0,0,0,0,92850,0,0,0,0,0,1,0,0,0,31,0,0,0,0,0,0,0,0,0,0,437,0,0,8,2,0,0,0,0,0,0,0,0,0,0,205,0,0,0,0,50,0,0,0,26310
7f3cd990-b53b-4ab8-b019-9ac9abbf1f8c,SCISSORS,5,0,0,0,0,0,0,0,0,189,15,0,0,0,0,0,0,0,0,0,0,0,86,1,0,184,0,0,0,0,0,131,0,0,0,0,117,0,0,0,0,0,0,0,0,22886,0,0,0,0,0,0,0,0,0,244,0,0,0,0,0,0,0,0,0,0,128,37,72,0,10,17,0,0,0,0,106,70,0,0,0,0,0,0,0,2,0,37,0,0,92992,0,0,0,0,0,0,0,0,1,148,0,3,0,0,0,0,0,0,0,0,347,0,0,0,9,0,0,7,0,0,0,0,0,0,0,139,0,0,0,0,69,0,0,0,26353
4fb0acde-569a-454e-bae3-00bdb946f4ba,SCISSORS,15,0,0,0,0,0,0,0,0,19,19,0,0,0,0,0,0,0,0,0,0,0,216,3,0,248,0,0,0,0,0,0,0,0,0,0,45,0,0,0,0,0,0,0,0,22941,0,0,0,0,0,0,0,0,0,320,0,0,0,0,31,0,0,0,0,0,20,68,48,0,20,6,0,0,0,0,0,7,0,0,0,0,0,0,28,1,0,1,0,0,93056,0,0,20,0,0,0,0,0,1,178,0,0,0,0,0,1,0,0,0,0,281,0,0,0,9,0,0,7,0,0,0,0,0,0,0,51,0,0,0,0,1,0,1,0,26391
97d07358-cafe-4b4c-b16f-763e1abc4009,SCISSORS,18,0,2,0,0,0,0,0,0,169,9,0,0,0,0,0,0,0,0,0,0,0,154,0,0,207,0,0,0,0,0,875,0,0,0,0,67,48,0,0,0,0,0,0,0,22992,0,0,0,0,0,0,0,0,0,119,0,0,0,0,0,0,0,0,0,0,471,1,91,0,8,80,0,0,0,12,398,253,0,0,0,0,0,0,14,82,0,2,0,0,93481,6,0,26,0,0,0,0,0,0,111,0,0,2,0,0,0,5,0,0,14,706,2,5,0,5,74,0,0,28,0,0,0,0,0,0,470,0,0,0,0,75,0,2,0,26467
a0b5bc7e-e782-4e95-ba97-54f90aa67b18,PAPER,15,0,0,0,0,0,0,0,0,71,84,0,0,0,0,55,0,0,0,0,0,0,73,0,0,5,0,0,0,0,0,835,0,0,0,0,75,0,0,0,2,0,1,0,0,23024,0,0,0,0,0,1,0,0,0,51,0,0,0,0,0,0,0,0,0,0,417,0,0,0,5,0,0,0,0,0,34,200,0,0,0,0,0,0,419,73,0,0,1,0,93808,0,0,0,0,0,0,0,0,0,30,0,0,0,0,0,0,0,10,0,0,499,0,102,0,1,0,0,0,0,3,0,0,0,2,0,554,0,0,0,0,0,0,0,0,26503
730142b4-33b4-4069-ac63-5aec520535c4,PAPER,15,0,0,0,0,0,0,0,8,0,7,0,0,0,0,5,0,0,0,0,0,0,46,0,7,93,0,0,0,191,0,0,0,0,0,0,52,0,0,0,4,0,43,0,0,23062,0,0,0,0,0,0,0,0,0,0,0,0,1,0,0,2,0,0,0,0,141,0,0,0,0,36,0,0,0,0,0,126,0,0,0,0,0,0,99,0,50,0,1,0,93934,0,0,0,0,0,0,0,0,0,75,0,0,0,0,0,0,0,0,0,0,83,0,51,0,2,103,0,0,0,0,0,0,0,0,0,142,0,0,0,0,0,0,0,0,26518
8d4ed029-abdb-4542-896a-ed8574d2069b,ROCK,18,0,0,0,131,1,0,0,0,66,1,0,19,0,0,0,0,0,0,0,0,1,52,0,90,17,0,0,0,0,0,0,0,0,0,0,0,0,0,0,0,0,0,0,0,23080,0,0,0,0,0,0,0,0,0,21,0,0,0,0,0,0,0,0,0,0,167,0,77,0,1,0,0,0,0,0,0,62,0,0,0,0,0,0,50,0,0,0,0,0,94043,10,0,0,0,0,0,0,0,0,11,0,0,0,0,0,0,0,0,0,0,166,0,43,0,0,52,0,0,0,0,0,0,0,0,0,34,0,0,0,62,0,0,0,0,26535
ce886199-a737-44a7-9b28-f2d911271783,SCISSORS,15,0,0,0,96,0,0,0,0,143,5,0,0,0,0,0,0,0,0,0,0,0,115,1,50,51,0,0,0,0,0,0,0,0,0,0,10,0,0,0,0,0,0,0,0,23101,0,0,0,0,0,0,0,0,0,23,0,0,0,0,60,0,0,0,0,0,119,0,112,0,2,0,0,0,0,0,0,65,0,0,0,0,0,0,81,2,0,7,0,0,94151,0,0,0,0,0,4,0,0,1,41,0,0,1,0,0,1,0,0,0,0,166,1,104,0,2,0,0,0,0,0,0,0,0,0,0,77,0,0,0,0,72,0,1,0,26575
f945ff0b-9b9e-4b8c-b933-6c55d083b28b,ROCK,5,0,0,0,187,0,0,0,0,79,1,0,0,1,0,0,0,0,0,0,0,1,102,6,134,3,0,0,0,0,0,0,0,0,0,0,15,0,0,0,0,0,0,1,0,23133,0,0,0,0,0,0,0,0,0,72,0,0,0,0,0,0,0,0,0,0,115,0,173,0,6,17,0,0,0,0,41,64,0,0,0,0,0,0,42,0,0,0,0,0,94259,0,0,0,0,0,0,0,0,0,45,0,0,0,0,2,0,0,0,3,0,276,0,44,7,4,0,0,0,0,6,0,0,0,0,0,114,0,0,0,3,0,26,0,0,26606
009524c2-508f-49e6-8c61-32dbeb5ad081,ROCK,16,0,0,0,175,0,2,0,0,77,34,0,0,1,0,0,0,0,0,0,0,21,4,0,87,347,0,0,0,0,0,0,0,0,0,0,10,0,0,0,0,3,0,0,0,23225,0,0,0,0,0,0,0,0,0,277,0,6,0,0,0,0,0,0,0,0,83,74,63,0,14,125,0,0,0,18,0,45,0,0,0,0,0,0,56,0,0,0,0,0,94369,0,0,0,0,0,0,0,0,0,463,0,0,0,0,17,0,0,0,0,0,50,0,111,0,19,0,0,0,0,0,0,0,0,0,0,100,0,0,0,0,0,1,0,0,26668
41e1f959-03e7-4342-af06-bb47eb5e4167,PAPER,13,0,0,0,137,0,0,0,0,0,11,0,0,0,0,42,0,0,0,0,0,0,48,1,0,0,0,0,0,0,0,279,0,0,0,0,0,0,0,0,1,0,3,0,0,23239,0,0,0,0,1,2,0,0,0,0,0,0,0,0,0,0,0,0,0,0,153,74,4,0,0,5,0,0,0,0,0,78,0,0,0,0,0,0,153,0,51,0,1,0,94517,0,0,0,0,0,0,0,0,0,37,0,0,0,0,0,0,0,0,0,0,137,0,172,0,1,0,0,0,23,0,0,0,0,0,0,145,0,0,0,0,7,0,0,0,26682
050dcb66-5c40-42dd-9171-e1c05fd04763,SCISSORS,6,0,0,0,147,0,0,0,0,0,83,0,0,0,0,0,0,0,0,0,0,0,183,0,55,4,0,0,0,0,0,0,0,0,0,0,38,0,0,0,0,0,0,0,0,23256,0,0,0,0,0,0,0,0,0,49,0,0,0,0,0,0,0,0,0,0,198,1,47,0,2,43,0,0,0,0,0,68,0,0,0,0,0,0,57,0,0,45,0,0,94616,0,0,0,0,2,2,0,0,1,54,0,0,0,0,0,0,0,0,0,0,250,4,121,2,3,0,0,0,0,0,0,0,0,0,0,67,0,0,0,0,2,0,2,0,26720
58b428ce-7b6f-4693-aa18-2568e6ea6e78,SCISSORS,14,0,0,0,78,0,0,0,0,0,7,0,0,0,0,0,0,0,0,0,0,0,160,0,19,68,0,0,0,0,0,0,0,0,0,0,42,0,0,0,0,0,0,0,0,23278,0,0,0,0,0,0,0,0,0,92,0,0,0,0,4,0,0,0,0,0,63,0,121,0,9,0,0,0,0,0,0,33,0,0,0,0,0,0,18,32,0,2,0,0,94693,0,0,0,0,1,0,0,0,53,17,0,0,0,0,0,0,0,0,0,0,237,0,0,0,2,0,0,0,0,0,0,0,0,0,0,64,0,0,0,0,0,0,0,0,26734
181dcf31-72ab-4b31-828e-e8616d9c844f,SCISSORS,8,0,0,0,135,0,0,0,0,0,3,0,0,0,0,0,0,0,0,0,0,0,172,0,80,83,0,0,0,0,3,0,2,0,0,0,0,0,0,0,0,0,0,0,0,23305,0,0,0,0,0,0,0,0,0,18,0,0,0,0,3,0,0,0,0,0,127,51,56,0,0,1,0,0,0,0,0,72,0,0,0,0,0,0,90,4,0,56,0,0,94823,0,1,0,0,2,3,0,0,83,8,0,3,0,0,0,2,0,0,0,0,233,0,0,0,0,0,0,0,0,0,0,0,0,0,0,142,0,0,0,0,1,0,0,0,26765
64390d91-0512-434d-860e-367ceb82c281,SCISSORS,16,0,0,0,126,0,0,0,0,0,5,0,0,0,0,0,0,0,0,0,0,0,137,0,137,115,0,0,0,0,0,0,0,0,0,0,0,0,0,0,0,0,0,0,0,23323,0,0,0,0,0,0,0,0,0,128,0,0,0,0,25,0,0,0,0,0,88,61,43,0,11,53,0,0,0,0,0,47,0,0,0,0,0,0,61,2,0,1,0,0,94942,0,0,0,0,0,0,0,0,2,114,0,0,1,0,0,0,0,0,0,0,334,4,53,0,4,0,0,0,0,0,0,0,0,0,0,8,0,0,0,0,0,0,0,0,26793
7a4a8808-2a1d-4b10-8da3-8e557ad3c398,PAPER,13,0,0,0,159,0,0,0,0,0,9,0,0,0,0,2,0,0,0,0,40,0,123,1,79,97,0,0,0,0,0,0,0,0,0,0,3,0,0,0,33,0,1,0,0,23364,0,0,0,0,1,2,0,0,1,56,0,0,0,0,0,1,0,0,0,0,215,2,12,0,5,89,0,0,0,0,0,94,0,0,0,0,0,0,69,0,0,0,0,0,95110,0,0,0,0,0,0,0,0,0,29,0,0,0,0,0,0,0,0,0,0,261,0,113,0,3,0,0,0,0,0,0,0,0,0,0,141,0,0,0,0,0,0,0,0,26810
7439541d-0510-48b1-9b88-2b39e2124494,ROCK,16,0,0,0,0,0,1,0,0,110,0,0,0,1,0,0,0,0,0,0,0,120,69,0,82,0,0,0,0,0,0,0,0,0,0,0,0,0,0,0,0,3,0,3,0,23388,0,0,0,0,0,0,0,0,0,37,0,0,0,0,0,0,0,0,0,0,85,1,131,0,1,7,0,0,0,0,0,116,0,0,0,0,0,0,11,0,0,0,0,0,95189,0,0,0,0,0,0,0,0,0,32,0,0,0,0,66,0,0,0,0,0,136,0,111,0,2,0,0,0,0,0,0,0,0,0,0,36,0,0,0,3,0,3,0,0,26834
4bde906a-78d4-4771-94d4-520a13a4ca7a,PAPER,11,0,0,0,0,0,0,0,0,116,1,0,0,0,0,0,0,0,0,0,0,201,42,0,191,29,0,0,0,0,0,55,0,0,0,0,0,35,0,0,2,0,18,0,0,23422,0,0,0,0,1,0,0,0,0,43,0,0,0,0,0,0,0,0,0,0,219,1,97,0,1,35,0,0,0,0,0,104,0,0,0,0,0,0,188,0,1,0,0,0,95361,0,0,0,7,0,0,0,0,0,115,0,3,0,0,0,0,0,0,0,0,256,0,122,5,7,0,0,0,0,0,0,0,0,0,0,154,14,0,7,0,0,0,0,0,26879
3f9a6b8f-54ba-4fab-b508-4c8485ded360,ROCK,5,0,0,0,0,1,1,0,0,0,0,0,0,1,0,0,1,0,143,0,0,54,69,0,18,0,0,0,0,0,1,0,0,0,0,0,0,1,0,0,0,0,0,1,0,23440,0,0,0,0,0,0,0,0,0,0,0,0,0,0,0,0,0,0,0,0,59,0,83,0,0,1,0,0,0,0,0,101,0,0,0,0,0,0,47,0,0,0,0,0,95412,0,0,0,0,0,0,0,0,0,13,0,0,0,0,1,0,0,0,0,0,93,1,117,4,1,0,0,0,0,0,0,0,0,0,0,38,0,0,0,0,0,23,0,0,26898
04673a33-046c-4d39-8daa-8f24d74392c2,ROCK,7,0,0,0,0,1,0,0,0,0,19,0,0,1,0,0,0,0,139,15,0,47,57,3,141,248,0,0,0,0,0,0,0,0,0,0,0,0,0,12,0,0,0,0,0,23503,0,0,0,0,0,0,0,0,0,321,0,0,0,0,0,0,0,0,0,0,19,5,262,0,16,50,0,0,0,0,0,10,0,0,0,0,0,0,0,0,0,0,0,0,95477,0,0,0,0,0,0,0,0,0,304,0,0,0,0,0,0,0,0,0,0,129,1,117,0,22,0,0,0,0,0,0,0,0,0,0,84,0,0,0,26,0,0,0,0,26959
d8075b5d-2ce1-4ab2-ae8e-e245715a08fb,SCISSORS,12,0,0,0,0,0,0,0,0,0,4,0,0,0,0,0,0,0,134,0,0,0,98,2,216,84,0,0,0,0,0,0,0,0,0,0,0,0,0,7,0,0,0,0,0,23528,0,0,0,0,0,0,0,0,0,250,0,0,0,0,0,0,0,0,0,0,86,0,116,0,17,0,0,0,0,0,0,47,0,0,0,0,0,0,0,29,0,0,0,0,95586,0,0,0,0,1,2,0,0,0,0,0,0,0,0,0,1,0,0,0,0,404,0,74,0,0,0,0,0,0,0,0,0,0,0,0,62,0,0,0,0,0,0,1,0,26980
7db2b8e4-01c5-4061-b791-4a125e29271a,SCISSORS,8,54,0,0,0,0,0,0,0,0,14,0,0,0,0,0,0,0,718,0,0,0,194,0,497,282,0,0,0,0,0,0,0,0,0,0,0,0,0,0,0,0,0,0,0,23604,0,3,0,0,0,0,0,0,0,173,0,15,0,0,51,0,0,0,0,0,433,0,175,0,12,23,0,0,0,19,36,232,0,0,0,3,0,0,581,2,0,1,0,0,95993,6,0,0,0,1,0,0,0,4,468,0,0,1,0,0,1,0,0,0,0,652,0,0,0,23,0,0,0,0,0,0,66,0,5,0,521,0,0,0,10,1,0,0,0,27092
0c3ef225-605d-49fe-a8c7-148c6d3caa54,ROCK,9,0,0,0,0,1,0,0,0,1,6,0,0,1,0,0,1,0,189,0,0,70,66,0,192,52,0,0,0,0,0,0,14,0,0,0,0,0,0,0,0,1,0,2,0,23646,0,0,0,0,0,0,0,0,0,111,0,0,0,0,0,0,0,0,0,0,152,3,193,12,7,6,0,0,0,17,2,79,0,0,0,0,0,0,14,0,0,0,0,0,96152,0,0,0,0,0,0,0,0,0,62,0,0,0,0,0,0,0,0,0,0,323,0,0,0,8,0,0,0,0,0,0,0,0,0,0,97,0,0,7,95,0,4,0,0,27124
e7be3e76-2e5b-4049-ba22-3b5bec824b89,SCISSORS,20,0,0,0,0,0,0,0,0,0,7,0,0,0,0,0,0,0,236,0,0,0,83,0,103,87,0,0,0,0,0,0,0,0,0,0,0,0,0,0,0,0,0,0,0,23670,0,0,0,0,0,0,0,0,0,66,0,0,0,0,0,0,0,0,0,0,133,1,106,0,5,27,0,0,0,0,0,75,0,0,0,0,0,0,76,0,0,27,0,0,96281,0,0,0,0,0,0,0,0,0,96,0,0,0,0,0,1,0,0,0,0,226,0,0,0,10,0,0,0,0,0,0,0,0,0,0,131,0,0,0,48,3,0,1,0,27160
57c9c3f5-0d72-4105-9700-eede76d286d1,ROCK,19,0,0,0,0,0,0,0,0,0,0,0,0,0,0,0,0,0,81,0,0,59,77,0,43,0,0,0,0,0,0,144,8,0,0,0,0,0,0,0,0,0,0,0,0,23682,0,0,0,0,0,0,0,0,0,0,0,0,0,0,0,0,0,0,0,0,93,1,132,0,0,2,0,0,0,0,6,51,0,0,0,0,0,0,127,0,0,0,0,0,96366,0,0,0,0,0,0,0,0,0,17,0,0,0,0,1,0,0,0,0,0,232,0,43,0,1,0,0,0,0,0,0,0,0,0,0,110,0,0,0,0,0,8,0,0,27177
1bc92dfd-4438-4921-971c-e2f961bc417e,ROCK,15,0,0,0,0,4,0,0,0,1,0,0,0,0,0,0,1,0,329,0,0,105,5,0,187,29,0,0,0,0,0,0,0,0,0,0,0,0,0,0,0,1,0,1,17,23714,0,0,0,0,0,0,0,0,0,80,0,0,0,0,0,0,0,0,0,0,154,0,190,0,0,0,0,0,0,0,0,83,0,0,0,0,0,0,173,0,0,0,0,0,96496,0,0,0,0,0,0,0,0,0,88,0,0,0,0,6,0,0,0,0,0,224,1,115,0,5,0,0,7,0,0,24,0,0,0,0,138,0,0,7,3,0,62,0,0,27224
ff2d1b72-34cc-4ffa-b183-f471497a4437,SCISSORS,17,0,0,0,0,0,0,0,0,0,3,0,0,0,0,0,0,3,553,0,0,0,109,0,248,41,0,0,0,0,0,0,0,0,0,0,0,0,0,0,3,0,0,0,92,23746,0,0,0,0,0,0,0,0,0,98,0,0,0,0,2,0,0,0,0,0,226,4,160,0,2,69,0,0,0,15,0,122,0,0,0,0,0,0,291,61,0,2,0,0,96730,0,0,0,0,1,2,0,0,1,181,0,3,1,6,0,2,0,0,0,0,436,0,73,0,14,0,0,0,0,0,0,0,0,0,0,310,0,0,7,15,0,0,0,0,27300
6214ef2c-2da3-4996-910d-cd68d3497f65,SCISSORS,7,0,0,0,0,0,0,0,0,0,2,0,0,0,0,0,0,0,110,0,0,0,148,0,26,34,0,0,0,0,0,0,0,0,0,0,0,0,0,0,5,0,0,0,0,23755,0,0,0,0,0,0,0,0,0,11,0,0,0,0,41,0,0,0,0,0,83,1,101,0,1,0,0,0,0,0,0,38,0,0,0,0,0,0,48,1,0,0,0,0,96800,0,0,0,0,1,0,0,0,1,2,0,0,2,0,0,1,0,0,0,0,211,2,12,0,0,0,0,0,0,0,0,0,0,0,0,39,0,0,0,0,54,0,0,0,27327
af22f29f-4173-43c6-a931-6f7b70ec9b88,ROCK,19,0,0,34,0,0,0,0,0,0,18,0,0,1,12,0,2,0,0,0,0,38,77,2,145,180,0,0,0,0,0,0,281,0,0,0,9,0,0,9,0,0,0,1,0,23824,0,0,0,0,0,0,0,0,0,144,0,6,0,0,0,0,0,0,0,0,181,0,73,0,7,147,0,0,0,84,0,103,0,0,0,0,0,0,64,0,0,0,0,0,96971,0,0,0,0,0,0,0,0,0,221,0,0,0,0,35,0,0,0,0,6,282,1,65,0,8,29,0,0,3,0,0,0,0,0,0,157,0,0,0,0,0,2,0,0,27380
4247c75f-39bc-4521-880a-4909263fa307,SCISSORS,11,0,0,0,0,0,0,0,0,0,2,0,0,0,0,0,0,0,0,0,0,0,118,1,55,41,0,0,0,0,0,0,178,0,0,0,0,0,0,0,0,0,0,0,0,23837,0,0,0,0,0,0,0,0,0,24,0,0,0,0,6,0,0,0,0,0,105,0,37,0,5,68,0,0,0,2,0,52,0,0,0,0,0,0,43,1,0,52,0,0,97080,0,0,0,0,2,2,0,0,4,0,0,0,0,0,0,1,0,0,0,0,158,0,59,0,0,0,0,0,0,0,0,0,0,0,0,81,0,0,0,0,87,0,1,0,27409
d389e7fb-c183-40f7-b04f-40080b5cbd83,SCISSORS,16,0,0,0,0,0,0,0,0,0,21,0,0,0,40,0,0,0,0,0,0,0,212,1,614,378,0,1,0,0,0,0,800,0,0,2,0,0,0,0,0,0,0,0,0,23942,0,7,0,0,0,0,0,0,0,363,0,0,0,0,3,0,0,0,0,0,485,8,198,0,21,64,0,0,0,0,149,261,0,0,0,9,0,0,478,21,0,2,0,0,97572,0,0,0,0,0,0,0,0,0,397,51,4,0,19,0,0,0,0,0,0,730,3,11,13,22,0,0,0,0,0,24,0,0,0,0,684,0,0,0,3,108,0,0,0,27507
fceb2aeb-ef99-413d-ad34-1ac37206207c,SCISSORS,9,21,0,0,0,0,0,0,0,0,6,0,26,0,5,0,0,0,1,0,0,0,235,4,969,159,0,0,20,0,0,0,540,0,0,0,0,0,0,15,0,0,0,0,0,24034,0,0,0,0,0,0,0,0,0,396,0,0,0,0,3,0,0,0,0,0,540,0,109,0,32,0,0,0,0,0,557,292,0,0,0,0,0,0,3,64,0,5,0,0,98083,0,4,0,0,4,1,0,0,1,13,0,3,3,0,0,0,0,0,0,14,1080,4,65,0,2,0,0,0,0,0,26,0,0,0,0,632,0,0,0,0,147,0,2,0,27612
98ece50e-6134-44b1-8f11-eec146ecac89,SCISSORS,7,0,0,0,0,0,0,0,0,0,6,0,0,0,0,0,0,0,0,0,0,0,181,1,81,54,0,0,0,0,0,0,92,0,0,43,0,0,0,0,0,0,0,0,0,24053,0,0,0,0,0,0,0,0,0,87,0,0,0,0,26,0,0,0,0,0,102,0,130,0,9,5,0,0,0,4,36,59,0,0,0,0,0,0,0,0,0,0,0,0,98193,0,0,0,0,0,0,0,0,1,0,0,0,0,0,0,1,0,0,0,0,341,0,0,0,0,0,0,0,0,0,0,0,0,0,0,114,0,0,0,0,0,0,1,0,27620
b11af239-fbf6-4c1d-a071-b2d46cc1db46,ROCK,8,0,0,0,0,2,1,0,0,0,5,0,0,2,0,0,2,0,0,0,0,72,120,5,108,26,0,0,0,0,0,0,302,0,0,0,0,0,0,0,0,0,0,1,0,24102,0,0,0,0,0,0,0,0,0,131,0,0,0,0,0,0,0,0,0,0,83,4,233,0,8,16,0,0,0,0,80,44,0,0,0,0,0,0,47,0,0,0,0,0,98294,0,11,0,0,0,0,0,0,0,204,0,3,0,0,1,0,0,0,0,0,283,0,46,0,9,0,0,0,0,0,0,0,0,0,0,38,0,0,0,48,0,3,0,0,27663
8054d61a-4826-41ed-8049-52b21f2c6793,SCISSORS,15,0,0,0,0,0,0,0,0,0,7,0,0,0,0,0,0,0,0,0,0,0,129,0,144,75,0,0,0,0,0,0,201,0,0,0,0,0,0,15,0,0,0,0,0,24132,0,0,0,0,0,0,0,0,0,112,0,0,0,0,3,0,0,0,0,0,110,1,121,0,4,6,0,0,0,0,86,60,0,0,0,0,0,0,0,5,0,63,0,0,98423,0,0,0,0,1,3,0,0,2,42,0,0,1,0,0,1,0,0,0,0,330,3,127,0,6,0,0,0,0,0,0,0,0,0,0,49,0,0,0,0,3,0,3,0,27719
be675a21-a3a9-4703-9536-489a5c5607f3,SCISSORS,13,0,0,0,0,0,0,0,0,0,3,0,20,0,0,0,0,0,0,0,0,0,81,87,105,24,0,0,0,0,0,0,182,0,0,0,0,0,0,0,0,0,0,0,0,24153,0,0,0,0,0,0,0,0,0,58,0,0,0,0,40,0,0,0,0,0,124,0,108,0,6,2,0,0,0,0,4,67,0,0,0,0,0,0,87,2,0,4,0,0,98554,0,0,0,2,1,1,0,0,51,17,0,0,0,0,0,1,0,0,0,1,308,0,0,0,1,0,0,0,0,0,0,0,0,0,0,119,0,0,0,0,0,0,0,0,27748
d6a1bc23-718f-4853-9394-631f56946360,SCISSORS,10,0,0,0,61,0,0,0,0,0,6,0,0,0,0,0,0,165,0,0,0,0,65,81,3,38,0,0,0,0,0,0,207,0,0,0,0,0,0,0,0,0,0,0,0,24176,0,0,0,0,0,0,0,0,0,51,0,0,0,0,1,0,0,0,0,0,187,47,81,0,2,0,0,0,0,24,120,98,0,0,0,0,0,0,0,14,0,1,0,0,98724,0,0,0,0,0,0,0,0,20,0,0,0,1,0,0,0,0,0,0,0,372,0,0,0,0,0,0,0,0,0,0,0,0,0,0,233,0,0,0,0,0,0,0,0,27757
3f7b1aa7-c437-4021-85ad-c6126532393a,SCISSORS,14,0,0,5,0,0,0,0,0,0,8,0,9,0,0,0,0,0,0,0,48,0,180,1,256,134,0,0,0,22,0,32,227,0,1,0,14,0,0,0,3,0,0,0,0,24231,0,0,0,0,0,0,0,0,0,131,0,0,0,0,4,0,0,0,0,0,307,71,41,0,11,0,0,0,0,0,132,170,0,0,0,0,0,0,28,44,0,1,0,0,99003,0,0,0,0,1,2,0,0,51,6,0,0,0,0,0,2,0,0,0,0,471,0,5,0,0,0,0,0,0,0,0,0,0,7,0,391,0,0,0,0,4,0,0,0,27802
61cb10ba-977a-47b5-9e6c-002501f2cc93,SCISSORS,6,0,0,0,0,0,0,0,0,0,6,0,27,0,0,0,0,0,0,0,3,0,195,4,283,178,0,0,0,0,0,0,386,0,0,0,0,0,0,0,0,0,0,0,0,24280,0,0,0,0,0,0,0,0,0,165,0,0,0,0,2,0,0,0,0,0,261,1,154,0,11,92,0,0,0,4,212,142,0,0,0,0,0,0,0,1,0,37,0,0,99276,0,11,0,0,0,1,0,0,45,230,0,0,1,0,0,1,0,0,0,7,476,0,0,0,19,0,0,0,0,0,0,0,0,0,0,289,0,0,0,0,2,0,0,0,27877
cbb88522-f25e-4841-8f66-85952b9f2439,ROCK,13,0,0,0,0,2,0,0,0,0,2,0,91,2,0,0,0,0,0,0,0,173,147,3,0,42,0,0,0,0,0,0,0,0,0,0,0,0,0,56,3,0,0,1,0,24317,0,0,0,0,0,0,0,0,0,231,0,0,0,0,0,0,0,0,0,0,52,0,188,0,14,3,0,0,0,0,0,26,0,0,0,0,0,0,8,0,0,0,0,0,99352,0,0,0,0,0,0,0,0,0,38,0,0,0,0,0,0,0,0,0,0,348,0,54,0,2,0,0,0,0,0,0,0,0,0,0,24,0,0,0,4,0,52,0,0,27902
0bfaf26b-7423-40df-886a-215ca9e197f8,ROCK,5,0,0,0,0,1,2,0,0,95,4,0,36,1,0,0,0,0,0,0,0,137,49,3,0,67,1,0,0,0,0,0,0,0,0,0,0,0,0,1108,0,1,0,0,40,24360,0,0,0,0,0,0,0,0,0,173,0,0,0,0,0,0,0,0,0,0,345,7,242,0,8,4,0,0,0,23,561,182,0,0,0,0,0,0,0,0,0,0,0,0,99682,0,0,0,1,0,0,0,0,0,180,0,1,0,0,52,0,0,0,0,0,764,38,73,1,8,0,0,0,33,0,47,0,0,0,0,310,0,0,0,6,29,2,0,0,28008
30f0420b-be40-4679-b9a5-470d1f55fabc,SCISSORS,19,0,0,0,0,0,0,0,0,66,4,0,5,0,0,0,0,0,0,0,0,0,103,1,0,85,0,0,0,0,0,0,0,0,5,0,0,0,0,3,0,0,0,0,0,24377,0,0,0,0,0,0,0,0,0,103,0,0,0,0,27,0,0,0,0,0,0,1,119,0,5,13,0,0,0,0,0,0,0,0,0,0,0,0,0,4,0,0,0,0,99703,0,0,0,0,0,0,0,0,0,75,0,0,1,0,0,0,0,0,0,0,121,66,0,0,6,0,0,0,0,0,0,0,0,0,0,3,0,0,0,0,0,0,0,0,28024
63a51620-099b-4eec-a9c2-6f8a089d4c5c,ROCK,15,0,0,0,0,0,0,0,0,1,3,0,10,0,0,0,0,0,0,0,0,132,71,0,0,9,0,0,0,0,2,47,0,0,0,0,0,0,0,58,0,1,0,0,0,24394,0,0,0,0,0,0,0,0,0,30,0,0,0,0,0,0,0,0,0,0,78,0,71,0,2,0,0,0,0,0,75,43,0,0,0,0,0,0,35,0,0,0,0,0,99768,0,0,0,0,0,0,0,0,0,7,0,0,0,0,0,0,0,0,0,0,210,0,35,0,1,0,0,0,0,0,0,0,0,0,0,60,0,0,0,20,0,1,0,0,28039
d5c3dfd3-ec64-4c17-8f2e-dc4b6b51108a,ROCK,10,0,0,0,0,1,0,0,0,105,0,0,14,1,0,0,4,0,0,0,0,148,0,0,0,0,0,0,0,0,0,0,0,0,0,0,0,0,0,105,0,2,0,0,0,24416,0,0,0,0,0,0,0,0,0,47,0,0,0,0,0,0,0,0,0,0,85,123,0,0,6,3,0,0,0,13,51,45,0,0,0,0,0,0,7,0,0,0,0,0,99843,0,0,0,0,0,0,0,0,0,25,0,0,0,0,2,0,0,0,0,0,133,0,92,0,3,0,0,0,0,0,0,0,0,0,0,48,0,0,7,70,0,0,0,0,28058
fbc1d026-9f1e-47e6-be00-b507fb8e0372,ROCK,6,0,0,0,0,0,2,0,0,136,0,0,16,1,0,0,3,0,0,0,0,93,22,2,0,0,0,0,0,0,0,0,0,0,0,0,0,0,0,234,0,0,0,2,0,24442,0,0,0,0,0,0,0,0,0,63,0,0,0,0,0,0,0,0,0,0,78,72,132,0,2,29,0,0,0,0,0,45,0,0,0,0,0,0,90,0,0,0,0,0,99929,0,0,0,0,0,0,0,0,0,120,0,0,0,0,0,0,0,0,0,0,156,0,113,0,12,0,0,0,0,0,0,8,0,0,0,44,0,0,0,2,0,56,0,0,28093
7d1f3667-a7f4-4746-af87-f41465ff3f7a,SCISSORS,10,0,0,0,0,0,0,0,0,0,1,0,7,0,0,0,0,0,0,0,0,138,97,2,0,68,0,0,0,0,0,0,0,0,0,0,0,0,0,0,0,0,0,0,0,24453,0,0,0,0,0,0,0,0,0,69,0,0,0,0,1,0,0,0,0,0,62,36,67,0,7,0,0,0,0,0,12,30,0,0,0,0,0,0,0,1,0,28,0,0,100000,0,0,0,0,0,0,0,0,41,18,0,0,0,0,0,0,5,0,0,0,141,0,67,0,0,0,0,0,0,0,0,0,0,0,0,40,0,0,0,0,0,0,1,0,28105
24e567fd-09e7-40a5-86b7-6c8e09bd4cb4,ROCK,17,0,0,0,0,1,0,0,0,0,4,0,13,3,0,0,0,0,0,3,0,214,141,4,0,55,0,0,0,0,0,0,0,0,0,0,31,0,0,52,3,0,0,0,0,24490,0,0,0,0,0,0,0,0,0,88,0,0,0,0,0,0,0,0,0,0,92,222,1,0,5,11,0,0,0,5,48,52,0,0,0,0,0,0,0,0,0,0,0,0,100096,0,0,0,0,0,0,0,0,0,68,0,0,0,0,68,0,0,0,0,0,282,0,57,0,3,0,0,0,0,0,0,0,0,0,0,37,0,0,0,3,0,6,0,0,28137
bd1e4be0-37e3-4963-a1d3-14eacd22680a,ROCK,12,0,0,0,0,4,2,0,0,125,1,0,15,1,0,0,1,0,0,0,0,159,9,1,0,19,0,0,0,0,0,0,0,0,0,0,44,0,0,1201,0,1,0,1,0,24531,0,0,0,0,0,0,0,0,0,210,0,0,0,0,0,0,0,0,0,0,359,211,0,0,14,13,0,0,0,48,535,194,0,0,0,0,0,0,0,0,0,0,0,0,100438,0,0,0,0,0,0,0,45,0,90,0,0,0,0,2,0,0,0,0,0,623,0,116,0,5,0,143,0,0,0,0,33,0,0,0,422,0,0,0,2,13,90,0,0,28221
c027d948-7d5a-4eaa-9c07-1821402315ab,ROCK,18,0,0,0,0,1,0,0,0,254,0,0,0,0,0,0,1,0,0,0,0,0,0,0,0,32,0,0,0,0,0,0,0,0,0,0,0,0,0,121,0,0,0,3,0,24544,0,0,0,0,0,0,0,0,0,80,0,0,0,0,0,0,0,0,0,0,90,54,119,0,5,4,0,0,0,0,0,41,0,0,0,0,0,0,19,0,0,0,0,0,100521,0,0,0,0,0,0,5,0,0,14,0,0,0,0,5,0,0,0,0,7,149,1,109,0,0,0,0,0,0,0,0,0,0,0,0,66,0,0,0,54,0,2,0,0,28245
215d6185-fce6-419c-b6fc-11c356612992,ROCK,12,0,0,0,0,0,1,0,0,191,0,0,0,0,0,0,0,0,0,0,0,48,0,0,0,0,0,0,0,0,0,0,0,0,0,0,0,0,0,234,0,1,0,0,0,24549,0,0,0,0,0,0,0,0,0,45,0,0,0,0,0,0,0,0,0,0,74,52,65,0,5,7,0,0,0,0,2,47,0,0,0,0,0,0,178,0,0,0,0,0,100608,0,0,0,0,0,0,0,0,0,14,0,0,0,2,15,0,0,0,0,0,197,0,99,0,0,0,0,0,0,24,0,0,0,0,0,124,0,0,0,0,0,0,0,0,28269
3f78437f-2d83-4294-bc7f-6f93ce643466,ROCK,15,0,0,0,0,0,2,0,0,1,0,0,0,2,0,0,0,0,0,0,0,283,14,1,0,0,0,0,0,0,0,0,0,0,0,0,13,0,0,35,0,1,0,3,0,24573,0,0,0,0,0,0,0,0,0,35,0,0,0,0,0,0,0,0,0,0,56,183,1,0,3,5,0,0,0,0,41,31,0,0,0,0,0,0,0,0,0,0,0,0,100658,0,0,0,0,0,0,0,0,0,35,0,0,0,0,29,0,0,0,0,0,123,51,75,0,5,0,0,0,0,0,0,0,0,0,0,8,15,0,6,8,0,0,0,0,28294
7417398a-0cd7-4003-8c92-2d7cc5337026,SCISSORS,13,0,0,0,0,0,0,0,0,0,4,0,0,0,0,0,0,0,0,0,0,185,16,117,0,55,0,0,0,0,0,0,0,0,0,0,26,0,0,45,0,0,0,0,0,24588,0,0,0,0,0,0,0,0,0,64,0,0,0,0,4,0,0,0,0,0,89,118,0,0,4,0,0,0,0,2,52,48,0,0,0,0,0,0,0,66,0,1,0,0,100756,0,0,0,0,1,2,0,0,65,50,0,0,1,0,0,1,0,44,0,0,5,77,66,0,0,2,0,0,0,0,0,0,0,0,0,5,0,0,0,0,128,0,1,0,28330
8f9c87e6-4847-4b91-bfc2-a92968916d95,SCISSORS,18,0,0,0,0,0,0,0,0,0,1,0,0,0,0,0,0,0,0,0,0,63,89,75,0,33,0,0,0,0,0,0,0,0,0,0,0,0,0,132,0,0,0,0,0,24596,0,0,0,0,0,0,0,0,0,18,0,2,0,0,33,0,0,0,0,0,80,113,0,0,1,0,0,0,0,20,81,43,0,0,0,0,0,0,0,0,0,2,0,0,100825,6,0,0,0,0,0,0,0,2,27,0,0,1,0,0,0,0,0,0,0,1,0,0,40,2,0,0,0,0,0,0,0,0,0,0,0,0,0,0,0,312,0,2,0,28348
6856c902-1084-470a-846e-e61555d0ae75,ROCK,6,0,0,0,0,0,0,0,0,2,0,0,34,0,0,0,0,0,0,0,0,152,70,0,0,0,0,0,0,0,0,0,0,0,0,0,0,0,0,64,0,0,0,1,0,24606,0,0,0,0,0,0,0,0,0,0,0,0,0,0,0,0,0,0,0,0,73,70,89,0,0,5,0,0,0,0,49,37,0,0,0,0,0,0,0,0,0,0,0,0,100883,0,0,0,0,0,0,0,0,0,17,0,0,0,0,29,0,0,0,0,0,0,0,42,0,1,0,0,0,0,0,0,0,0,0,0,0,0,0,0,4,226,4,0,0,28368
69eaa7a1-e69b-4c22-8914-4610511f71ee,SCISSORS,19,0,0,0,0,0,0,0,0,0,6,0,28,0,0,0,0,0,0,0,0,214,105,0,0,122,0,0,0,0,0,0,0,0,0,0,0,0,0,233,0,0,0,0,0,24628,0,0,0,0,0,0,0,0,0,169,0,0,0,0,0,0,0,0,0,0,98,118,58,0,13,0,0,0,0,0,27,53,0,0,0,133,0,0,0,3,0,36,0,0,101005,0,0,0,0,0,1,0,60,0,289,0,0,0,0,0,0,0,0,11,0,104,0,58,0,21,0,0,0,0,0,0,0,0,0,0,82,0,0,0,0,80,0,2,0,28433
e75d2452-9638-4fa9-a779-0e74d520e4d4,PAPER,20,0,0,0,0,0,0,0,0,0,2,0,7,0,0,2,0,0,0,0,0,70,103,0,0,26,0,0,0,0,0,0,0,0,0,0,0,0,0,81,0,10,11,0,0,24642,0,0,0,0,1,0,0,0,0,0,0,0,0,0,0,0,0,0,0,0,125,69,0,0,0,0,0,0,0,0,29,66,0,0,0,0,0,0,0,0,22,0,0,0,101109,0,0,0,0,0,0,0,0,0,0,0,0,0,0,0,0,0,0,0,0,168,0,64,0,0,17,0,0,0,0,0,0,0,0,0,21,0,0,0,0,42,0,0,0,28442
5c9e0460-9a57-4df0-9f88-69a06eaf09bc,ROCK,17,0,0,0,0,0,2,0,0,1,0,0,0,1,0,0,0,0,0,0,0,70,75,0,0,7,0,0,0,0,0,0,0,0,0,0,18,0,0,297,0,1,0,1,0,24665,0,0,0,0,0,0,0,0,0,34,0,0,0,0,0,0,0,0,0,0,121,92,0,0,0,1,0,0,0,0,85,140,0,0,0,0,0,0,0,0,0,0,0,0,101216,0,0,0,0,0,0,0,0,0,5,0,0,0,0,1,0,0,0,0,0,125,0,75,0,2,0,0,0,0,0,0,0,0,0,0,24,0,0,0,52,155,34,0,0,28468
2965104b-6637-4c34-8aed-c19eb409f517,ROCK,9,0,0,0,0,1,1,0,0,1,0,0,7,2,0,0,0,0,0,0,0,110,14,1,0,0,0,0,0,0,0,0,0,0,0,0,0,0,0,682,0,2,0,0,0,24685,0,0,0,0,0,0,0,0,0,40,0,0,0,0,0,0,0,0,0,0,190,196,0,0,2,0,0,0,0,44,246,102,0,0,0,1,0,0,0,0,0,0,0,0,101368,0,0,0,0,0,0,0,0,0,104,0,0,0,0,79,0,5,0,0,0,199,0,44,0,4,4,0,0,0,0,0,0,0,0,0,183,0,0,0,6,92,59,0,42,28514
ea643f2b-441c-4e6a-9dcd-5bc226794ed5,SCISSORS,5,0,0,0,0,0,0,0,0,0,0,0,0,0,0,0,0,0,0,0,0,0,119,0,0,41,0,0,0,0,0,0,0,0,0,0,4,0,0,252,0,0,0,0,0,24690,0,0,0,0,0,0,0,0,0,81,0,0,0,0,59,0,0,0,0,0,78,117,0,0,4,7,0,0,0,0,23,41,0,0,0,0,0,0,0,1,0,5,0,0,101451,0,0,0,0,2,1,0,0,71,0,0,0,0,0,0,1,0,0,0,0,219,1,81,0,0,0,0,0,0,0,0,0,0,0,0,39,0,0,0,0,1,0,0,0,28539
49949449-eb8f-4f0d-a19f-fdd5a47b0c13,SCISSORS,13,0,0,0,0,0,0,0,0,0,19,0,0,0,0,0,0,0,0,0,0,0,187,4,0,282,0,0,0,0,0,0,0,0,0,0,19,0,0,85,0,0,0,0,0,24738,0,0,0,0,0,0,0,0,0,285,0,0,0,0,1,0,0,0,0,0,42,127,1,0,18,2,0,0,0,0,0,24,0,0,0,55,0,0,0,2,0,39,0,0,101537,0,0,0,0,0,0,0,0,0,195,0,0,1,0,0,1,0,0,0,0,255,0,79,0,23,0,0,0,0,0,0,0,0,0,0,40,0,0,0,0,1,0,1,0,28602
67b4b250-7495-42d8-b8f1-f12bd392788a,ROCK,9,0,0,0,0,1,30,0,0,0,0,0,6,1,0,0,0,0,0,0,0,0,99,3,0,0,0,0,0,0,0,0,0,0,0,0,0,0,0,207,0,0,0,1,0,24754,0,0,0,0,0,0,0,0,0,29,0,0,0,0,0,0,0,0,0,0,70,141,0,0,3,0,0,0,0,11,49,39,0,0,0,6,0,0,0,0,0,0,0,0,101609,0,0,0,0,0,0,0,0,0,21,0,0,0,0,2,0,0,0,0,0,205,0,0,0,1,0,0,0,0,0,0,0,0,0,0,91,0,0,0,1,0,27,0,0,28620
dae267a7-1f99-4253-8af5-3dcc0a03e53f,ROCK,12,0,0,0,0,0,2,0,0,0,0,0,0,1,0,0,1,0,0,0,0,52,0,0,0,0,0,0,0,0,0,0,0,0,0,0,0,0,0,268,0,1,0,1,0,24766,0,0,0,0,0,0,0,0,0,20,0,0,0,0,0,0,0,0,0,0,60,175,0,0,1,0,0,0,0,4,0,33,0,0,0,1,0,0,32,0,0,0,0,0,101667,0,0,0,0,0,0,0,0,0,14,0,0,0,0,2,0,0,0,0,0,130,1,48,0,1,0,0,0,0,0,0,0,0,0,0,79,0,0,0,46,0,5,0,0,28645
0aecc628-69d0-42ee-a470-e5974f2e0fce,SCISSORS,5,0,0,0,0,0,0,0,0,0,3,0,0,0,0,0,0,0,0,0,0,0,81,1,0,12,0,0,0,0,0,0,0,0,0,0,14,0,0,410,0,0,0,0,0,24779,0,0,0,0,0,0,0,0,0,71,0,0,0,0,0,0,0,0,0,0,106,75,48,0,1,0,0,0,0,0,155,48,0,0,0,1,0,0,0,14,0,2,0,0,101755,0,0,0,0,0,1,0,0,0,48,0,0,0,0,0,2,0,0,0,0,272,0,74,3,1,0,0,0,0,0,0,0,0,0,0,119,0,0,0,0,0,0,1,0,28671
2ef3c452-bd6c-457b-92b4-99258acef725,ROCK,18,0,0,0,0,0,0,0,0,3,30,0,10,2,0,0,0,0,0,0,0,96,68,17,190,350,0,0,0,0,0,0,0,0,0,0,3,0,0,195,0,1,0,1,0,24870,0,0,0,0,0,0,0,0,0,403,0,0,0,0,0,0,0,0,0,0,51,132,125,0,42,26,0,0,0,0,2,37,0,0,0,90,0,0,58,0,0,0,0,0,101903,0,0,0,0,0,0,0,0,0,453,0,0,0,0,1,0,0,0,0,0,265,0,57,0,34,0,0,0,0,0,0,0,0,0,0,88,0,0,0,0,0,68,0,0,28755
8306c701-877e-476b-aac5-aa7beba2a2df,ROCK,10,0,0,0,0,0,1,0,0,91,0,0,0,0,0,0,2,0,0,0,0,1,0,0,23,13,0,0,0,0,0,0,0,0,0,0,0,0,0,366,0,1,0,1,0,24886,0,0,0,0,0,0,0,0,0,52,0,0,0,0,0,0,0,0,0,0,119,72,106,0,3,0,0,0,0,0,82,65,0,0,0,0,0,0,0,0,0,0,0,0,102007,0,0,0,7,0,0,0,0,0,7,0,0,0,0,3,0,0,0,0,5,234,1,108,0,0,0,0,0,0,0,0,0,0,0,0,69,0,0,0,63,0,2,0,0,28786
33da89c3-bc3b-48ed-a3a0-19cdf104eb0d,ROCK,12,0,0,0,0,1,0,0,0,1,0,0,0,2,0,0,1,0,0,0,0,50,0,0,0,8,0,0,0,0,0,0,0,0,0,0,0,0,0,278,0,3,0,4,0,24911,0,0,0,0,0,0,0,0,0,38,0,0,0,0,0,0,0,0,0,0,79,0,165,0,3,0,0,0,0,0,0,36,0,0,0,5,0,0,22,0,0,0,0,0,102084,0,0,0,0,0,0,0,0,0,14,0,0,0,0,40,0,0,0,0,0,130,1,107,0,0,0,0,0,0,0,0,0,0,0,0,46,0,0,0,6,0,4,0,0,28814
a34a8606-1962-4f3d-9822-32ec256691b7,SCISSORS,9,0,0,0,0,0,0,0,0,0,6,0,0,0,0,0,0,0,0,0,0,0,1,59,8,56,0,0,0,0,0,0,0,0,0,0,0,0,0,383,0,0,0,0,0,24928,0,0,0,0,0,0,0,0,0,57,0,0,0,0,0,0,0,0,0,0,97,0,70,0,2,0,0,0,0,0,188,54,0,0,0,0,0,0,0,45,0,0,0,0,102171,0,0,0,0,0,0,0,0,0,92,0,0,0,0,0,0,0,0,0,0,185,0,70,0,6,0,0,0,0,0,31,0,0,0,0,118,0,0,0,0,11,0,0,0,28837
4eefac8a-f3d1-4444-aa7e-7f749cfc3623,ROCK,8,0,0,0,0,0,0,0,0,91,6,0,0,0,0,0,4,0,0,0,0,0,0,71,118,51,0,0,0,0,0,0,0,0,5,0,0,0,0,593,0,0,0,1,0,24967,0,0,0,0,0,0,0,0,0,269,0,0,0,0,0,0,0,0,0,0,133,155,2,0,19,0,0,0,0,1,67,74,0,0,0,24,0,0,137,59,0,0,0,0,102330,0,0,0,0,0,0,0,0,0,286,0,0,0,0,0,0,0,0,0,0,420,0,51,0,15,0,0,0,0,0,0,0,0,0,0,121,0,0,0,3,0,44,0,0,28902
b2462ebe-1af8-4afa-a175-cac66e508cb4,SCISSORS,9,0,0,0,0,0,0,0,0,0,2,0,0,0,0,0,0,0,0,0,0,0,1,94,14,18,0,0,0,0,0,0,0,0,0,0,0,0,0,206,0,0,0,0,0,24978,0,0,0,0,0,0,0,0,0,66,0,0,0,0,5,0,0,0,0,0,69,122,0,0,2,0,0,0,0,0,9,35,0,0,0,4,0,0,0,0,0,23,0,0,102405,0,0,0,0,2,0,0,0,0,0,0,0,0,0,0,0,0,0,0,0,214,0,74,0,0,0,0,0,0,0,0,0,0,0,0,43,0,0,0,0,1,0,1,0,28916
08a1f8bb-7587-4a7f-865a-c5811b623bd9,ROCK,5,0,0,0,0,0,0,0,0,0,0,0,0,0,0,0,0,0,0,0,0,69,0,67,0,4,0,0,0,0,0,0,0,0,0,0,0,0,0,299,0,0,0,2,0,24988,0,0,0,0,0,0,0,0,0,37,0,0,0,0,0,0,0,0,0,0,47,204,4,0,1,0,0,0,0,0,0,29,0,0,0,7,0,0,112,0,0,0,0,0,102464,0,0,0,0,0,0,1,0,0,150,0,4,0,0,31,0,0,0,0,0,182,0,49,0,7,0,0,0,0,0,0,0,0,0,0,10,0,0,0,3,0,4,0,0,28958
97c50136-0f6c-481c-a419-54625b44a159,ROCK,6,0,0,0,0,2,0,0,0,0,23,0,0,0,0,0,0,0,0,0,0,63,7,89,85,375,0,0,0,0,0,0,0,0,0,0,0,0,0,215,0,0,0,0,0,25070,0,0,0,0,0,0,0,0,0,449,0,0,0,0,0,0,0,0,0,0,17,179,1,0,36,0,0,0,0,0,30,8,0,0,0,137,0,0,2,0,0,0,0,0,102564,0,0,0,0,0,0,0,0,0,347,0,3,0,0,0,0,0,0,0,0,279,0,73,0,18,0,0,0,0,0,0,0,0,0,0,53,0,0,0,84,0,2,0,0,29016
f9314b8d-8dc9-495a-831e-8772d52aea2d,SCISSORS,18,0,0,0,0,0,0,0,0,0,7,0,0,0,0,0,0,0,0,0,0,0,3,213,24,68,0,0,0,0,0,0,0,0,0,0,0,0,0,163,0,0,0,0,0,25097,0,0,0,0,0,0,0,0,0,165,0,0,0,0,48,0,0,0,0,0,68,121,1,0,7,0,0,0,0,0,22,39,0,0,0,2,0,0,0,3,0,2,0,0,102648,0,0,0,0,1,2,0,0,1,26,0,0,1,0,0,1,0,0,0,0,293,1,24,0,1,0,0,0,0,0,0,0,0,0,7,48,0,0,0,71,0,0,1,0,29045
0e5944bf-5043-4191-a9fa-01cf4a3e3151,SCISSORS,11,0,0,0,0,0,0,0,0,0,5,0,0,0,0,0,0,0,0,0,0,0,0,147,1,61,0,0,0,0,0,0,0,0,0,0,0,0,0,430,0,0,0,0,0,25114,0,0,0,0,0,0,0,0,0,49,0,0,0,0,1,0,0,0,0,0,180,131,2,0,3,0,0,0,0,0,140,91,0,0,0,14,0,0,2,4,0,27,0,0,102828,0,10,0,0,1,0,0,0,1,47,0,0,0,0,0,1,0,0,0,0,418,0,0,0,6,0,0,0,0,0,0,0,0,0,0,158,0,0,0,0,1,0,1,0,29075
b86fc2b6-2766-45f2-a662-7f48e5471736,SCISSORS,17,0,0,0,0,0,0,0,0,0,2,0,0,0,0,0,0,0,0,0,0,0,0,152,0,15,0,0,0,0,0,0,0,0,0,0,0,0,0,334,0,0,0,0,0,25123,0,0,0,0,0,0,0,0,0,46,0,0,0,0,2,0,0,0,0,0,100,93,0,0,4,0,0,0,0,18,128,56,0,0,0,0,0,0,0,55,0,1,0,0,102929,0,0,0,0,0,1,0,0,8,9,0,3,0,7,0,1,0,0,0,0,316,0,0,0,0,0,0,11,0,3,0,0,0,0,0,113,0,0,0,0,2,0,0,29,29115
29d20d9b-2d71-4fb0-b57d-8c2afab9daad,ROCK,18,0,0,0,0,0,0,0,0,0,2,0,35,2,0,0,0,0,0,0,0,62,3,84,0,69,0,0,0,0,0,0,0,0,0,0,0,0,0,403,0,0,0,2,0,25149,0,0,0,0,0,0,0,0,0,100,0,0,0,0,0,0,0,0,0,0,150,145,0,0,7,0,0,0,0,1,129,85,0,0,0,45,0,0,0,0,0,0,0,0,103087,0,0,0,0,0,0,0,0,0,63,0,0,0,0,3,0,0,0,0,0,355,1,47,0,6,0,0,9,0,0,0,0,0,0,0,144,0,0,7,1,0,26,0,0,29159
e0d8355b-1c7b-4fff-9de1-0f1af6eaf8b9,ROCK,11,0,0,0,0,1,0,0,0,1,1,0,0,5,0,0,1,0,0,0,0,80,0,0,0,16,0,0,0,0,0,0,0,0,0,0,0,0,0,398,0,1,0,1,0,25174,0,0,0,0,0,0,0,0,0,29,0,0,0,0,0,0,0,0,0,0,134,72,106,0,1,0,0,0,0,0,0,72,0,0,0,0,0,0,91,0,0,0,0,0,103197,0,0,0,0,0,0,0,0,0,21,0,0,0,0,57,0,0,0,0,0,174,2,109,0,1,0,0,0,0,0,86,0,0,0,0,49,0,0,0,2,0,4,0,0,29188
2347d4ac-ed4c-428b-b114-e220e0793502,ROCK,12,0,0,0,0,0,1,0,0,77,0,0,0,0,0,0,0,0,0,0,0,0,0,0,0,0,0,0,0,0,0,0,0,0,0,0,0,0,0,212,0,1,0,0,0,25179,0,0,0,0,0,0,0,0,0,12,0,0,0,0,0,0,0,0,0,0,65,81,52,0,1,0,0,0,0,0,44,34,0,0,0,2,0,0,0,0,0,0,0,0,103258,0,0,0,0,0,0,0,0,0,14,0,0,0,0,1,0,0,0,0,0,138,0,52,0,0,0,0,0,0,0,0,0,0,0,0,49,0,0,0,1,0,36,0,0,29198
7d7c3d41-9fbc-4439-9828-3c5dcf7e760e,ROCK,13,0,0,0,0,0,1,0,0,131,0,0,0,1,0,0,0,0,0,0,0,0,0,0,0,0,0,0,0,0,0,0,0,0,0,0,0,0,0,380,0,3,0,0,0,25191,0,0,0,0,0,0,0,0,0,95,0,0,0,0,0,0,0,0,0,0,84,189,5,0,4,0,0,0,0,0,96,42,0,0,0,1,0,0,0,0,0,0,0,0,103344,0,0,0,0,0,0,0,0,0,63,0,0,0,0,1,0,0,0,0,0,217,39,2,0,4,0,0,0,0,0,0,0,0,0,0,160,0,0,0,28,0,2,0,0,29225
7d726b84-201b-4f9e-87ca-33771aca562a,ROCK,12,0,0,0,0,0,0,0,0,164,0,0,5,2,0,0,1,0,0,0,0,1,0,0,0,0,0,0,0,0,0,0,0,0,0,0,0,0,0,334,0,0,0,0,0,25204,0,0,0,0,0,0,0,0,0,20,0,0,0,0,0,0,0,0,0,0,121,91,97,0,1,0,0,0,0,13,98,66,0,0,0,0,0,0,0,0,0,0,0,0,103456,0,0,0,0,0,0,0,0,0,29,0,0,0,0,1,0,1,0,0,0,209,74,52,17,2,0,0,0,0,0,0,0,0,0,0,79,0,0,0,43,0,0,0,0,29253
eb8363bc-1452-4cf0-a299-0e9ac838e7a9,ROCK,10,0,0,0,0,0,0,0,0,77,2,0,0,0,0,0,0,0,0,0,0,2,0,0,0,33,0,0,0,0,0,0,0,0,0,0,0,0,0,266,0,0,0,1,0,25217,0,1,0,0,0,0,0,0,0,0,0,0,0,0,0,0,0,0,0,0,68,119,62,0,0,0,0,0,0,0,0,36,0,0,0,0,0,0,92,3,0,0,0,0,103513,0,0,0,0,0,0,0,0,0,104,0,0,0,0,34,0,0,0,0,0,0,0,103,1,5,0,0,0,0,0,0,0,0,0,0,24,0,0,0,0,107,3,0,0,29279
ba041b81-544d-4071-a453-fe36bdde4933,ROCK,9,0,0,0,0,3,3,0,0,130,0,0,15,0,0,0,1,0,0,0,0,1,0,4,0,0,0,0,0,0,0,0,0,0,0,0,0,0,0,163,0,2,0,0,0,25244,0,99,0,0,0,0,0,0,0,28,0,0,0,0,0,0,0,0,0,0,60,52,0,0,1,0,0,0,0,0,53,29,0,0,0,0,0,0,0,0,0,0,0,0,103568,0,0,0,0,0,0,0,0,0,19,0,0,0,0,1,0,0,0,0,0,0,0,52,0,0,0,0,0,0,0,0,0,0,0,130,66,0,0,0,6,0,48,0,0,29302
f27f7afb-da25-43a9-8a8e-1a52da8efbdf,ROCK,5,0,0,0,0,1,1,0,0,37,0,0,0,0,0,0,0,0,0,0,0,2,0,0,0,0,0,0,0,0,0,0,0,0,0,0,0,0,0,423,0,0,0,0,0,25252,0,90,0,0,0,0,0,0,0,0,0,0,0,0,0,0,0,0,0,0,83,105,4,0,0,0,0,0,0,0,135,42,0,0,0,0,0,0,5,0,0,0,0,0,103638,0,0,0,0,0,0,0,0,0,122,0,0,0,11,0,0,0,0,0,0,154,45,1,0,7,0,0,0,0,0,0,0,0,0,0,99,0,0,0,22,0,2,0,1,29338
4d528d96-5945-484d-a667-8ee04dea9365,SCISSORS,14,0,0,0,0,0,0,0,0,0,16,0,93,0,0,0,0,0,0,0,0,0,93,36,0,175,15,0,0,0,0,0,0,0,0,0,0,0,0,420,0,0,0,0,0,25303,0,138,0,0,0,0,0,0,0,384,0,0,0,0,1,0,0,0,0,0,27,186,3,0,16,0,0,0,0,0,36,20,0,0,0,0,0,0,0,7,0,30,0,0,103722,0,0,16,0,3,0,0,0,1,476,0,0,1,0,0,1,0,0,0,0,169,73,0,0,32,0,0,0,0,0,0,0,0,0,0,38,0,0,0,0,38,0,0,0,29427
fdc40408-2fdb-4a4e-b262-7b75b370abb0,SCISSORS,13,0,0,0,0,0,0,0,0,0,0,0,1,0,0,0,0,0,0,0,0,0,76,69,0,0,0,0,0,0,0,0,0,0,0,0,0,0,0,131,0,0,0,0,0,25306,0,46,0,0,0,0,0,0,0,6,0,0,0,0,19,0,0,0,0,0,76,76,0,0,1,0,0,0,0,0,12,39,0,0,0,0,0,0,0,0,0,2,0,0,103797,0,0,0,0,1,0,0,0,0,0,0,0,0,0,0,1,0,0,0,0,258,0,0,0,0,0,0,0,0,0,0,0,0,0,0,10,0,0,0,0,0,0,0,7,29441
56223ed7-6f4b-4b5c-830a-f9671cdc76d9,SCISSORS,12,0,0,0,0,0,0,0,0,0,2,0,4,0,0,0,0,0,0,0,0,0,4,153,0,23,0,0,0,0,0,0,0,0,0,0,0,0,0,345,0,0,0,0,0,25322,0,61,0,0,0,0,0,0,0,57,0,0,0,0,1,0,0,0,0,0,138,38,0,0,2,0,0,0,0,0,132,78,0,0,0,0,0,0,5,0,0,19,0,0,103928,0,0,0,0,21,1,0,0,1,31,0,0,0,0,0,0,0,0,0,0,274,0,0,0,3,0,0,0,0,0,0,0,0,0,0,198,0,0,0,0,1,0,1,0,29478
3378e5c7-23ff-4fcb-8f25-70f34e502a33,SCISSORS,17,0,0,0,0,0,0,0,0,0,7,0,5,0,0,0,0,0,0,0,0,0,63,53,0,72,0,0,0,0,0,0,0,0,7,0,0,0,0,307,0,0,0,0,0,25347,0,10,0,0,0,0,0,0,0,59,0,0,0,0,1,0,0,0,0,0,139,114,2,0,1,0,0,0,0,0,0,69,0,0,0,0,0,0,105,1,0,13,0,0,104061,0,0,0,0,0,0,0,0,0,55,0,0,0,0,0,1,5,0,0,0,327,0,0,0,5,0,0,0,0,0,0,0,0,1,0,120,0,0,0,0,0,0,0,0,29507
8444d467-f795-4dc3-a64d-3b695614507c,SCISSORS,13,0,0,0,0,0,0,0,0,0,0,0,33,0,0,0,0,0,0,0,0,0,126,0,0,0,0,0,0,0,0,0,0,0,0,0,0,0,0,353,0,0,0,0,0,25352,0,0,0,0,0,0,0,0,0,55,0,0,0,0,0,0,0,0,0,0,144,114,0,0,1,0,0,0,0,43,64,82,0,0,0,0,0,0,0,9,0,0,0,0,104194,0,0,0,0,0,0,0,0,0,12,0,0,0,0,0,0,0,0,0,1,382,0,0,0,0,0,0,0,0,0,0,0,0,0,0,117,0,0,0,0,0,0,0,0,29528
e6bc2bee-9e85-4be8-9928-e6100e212af0,SCISSORS,12,0,0,0,0,0,0,0,0,0,0,0,1,0,0,0,0,0,0,0,0,0,139,0,0,0,0,0,0,0,0,0,0,0,0,0,0,0,0,215,0,0,0,0,0,25355,0,9,0,0,0,0,0,0,0,11,0,0,0,0,14,0,0,0,0,0,102,113,0,0,0,0,0,0,0,0,49,56,0,0,0,0,0,0,0,1,0,0,0,0,104288,0,0,0,0,0,1,0,0,0,0,0,0,0,0,0,0,0,0,0,0,282,0,0,6,0,0,0,0,0,0,0,0,0,0,0,65,0,0,0,0,0,0,1,0,29543
e69388fc-7fe7-489d-b292-54bf384ee73a,PAPER,17,0,0,0,0,0,0,4,0,0,0,0,74,0,0,28,0,0,0,0,0,0,72,24,0,11,0,0,0,0,0,0,0,0,0,0,0,0,0,526,7,0,1,0,0,25375,0,88,0,0,1,0,0,0,0,53,0,0,0,0,0,0,0,0,0,0,169,95,0,0,1,0,0,0,0,0,213,91,0,0,0,0,0,0,3,0,32,0,1,0,104453,0,0,0,0,0,0,0,0,5,184,0,0,0,0,0,0,0,0,0,0,372,0,81,0,10,0,0,0,0,0,0,0,0,0,0,95,0,0,0,0,0,0,0,0,29583
7ba12b67-4b66-4392-8300-1f882db5f1e2,ROCK,9,0,0,0,0,0,2,0,0,0,2,0,91,0,0,0,2,0,0,0,0,83,2,41,0,42,0,0,0,0,0,0,0,0,0,0,0,0,0,680,0,1,0,2,0,25409,0,53,0,0,0,0,0,0,0,137,0,0,0,0,0,0,0,0,0,0,269,100,0,0,5,0,0,0,0,0,272,109,0,0,0,0,0,0,3,0,0,0,0,0,104640,0,0,0,0,0,0,0,0,0,57,0,0,0,0,52,0,0,0,6,0,491,37,67,0,9,0,0,0,0,0,0,0,0,5,0,221,0,0,0,1,0,2,0,0,29639
f089589b-d559-472a-a155-172ef6a26339,SCISSORS,10,0,0,0,0,0,0,0,0,0,0,0,4,0,0,0,0,0,0,0,0,0,56,0,0,0,0,0,0,0,0,0,0,0,0,0,0,0,0,202,0,0,0,0,0,25411,0,1,0,0,0,0,0,0,0,37,0,0,0,0,1,0,0,0,0,0,57,111,0,0,1,0,0,0,0,0,11,30,0,0,0,0,0,0,0,0,0,13,0,0,104682,0,0,0,0,0,0,0,0,0,0,0,0,1,0,0,0,0,0,0,0,166,71,0,0,0,0,0,0,0,0,0,0,0,0,0,24,0,0,0,0,0,0,0,0,29644
4421b0dc-6664-45db-9beb-693690cf5eeb,ROCK,6,0,0,0,0,3,1,0,0,72,0,0,2,1,0,0,4,0,0,0,0,1,53,47,0,33,0,0,0,0,0,0,0,0,0,0,0,0,0,379,0,2,0,2,0,25453,0,11,0,0,0,0,0,0,0,69,0,0,0,0,0,0,0,0,0,0,147,153,0,0,4,0,0,0,0,0,138,77,0,0,0,0,0,0,1,0,0,0,0,0,104817,0,0,0,0,0,0,0,0,0,35,0,0,0,0,6,0,0,0,0,0,338,28,0,0,2,0,0,0,0,0,0,0,0,0,0,131,0,0,0,59,0,1,0,0,29689
ed6db0ea-ebda-4b7f-83e5-64f7e8707165,ROCK,8,0,0,0,0,0,0,0,0,0,4,0,17,3,3,0,1,0,0,0,0,57,0,0,0,40,0,0,0,0,0,0,0,0,0,0,0,0,0,428,0,0,0,0,0,25478,0,3,0,0,0,0,0,0,0,223,0,0,0,0,0,0,0,0,0,0,38,149,1,0,16,0,0,0,0,0,99,24,0,0,0,0,0,0,0,0,0,0,0,0,104891,0,0,0,0,0,0,0,0,0,212,0,0,0,0,1,0,0,0,0,0,173,55,51,0,20,0,0,0,0,0,0,0,0,0,0,19,0,0,0,4,0,18,0,0,29744
c8017724-671f-4de6-836b-1d872ed41c7f,ROCK,14,0,0,0,0,3,0,0,0,2,1,0,52,1,0,0,0,0,0,0,0,112,0,0,0,5,0,0,0,0,0,0,0,0,0,0,0,0,0,279,0,3,0,2,0,25503,0,3,0,0,0,0,0,0,0,130,0,0,0,0,0,0,0,0,0,0,75,193,1,0,9,0,0,0,0,0,10,39,0,0,0,0,0,0,0,0,0,0,0,0,104974,0,0,0,0,0,0,0,0,0,48,0,0,0,0,2,0,0,0,0,0,182,1,106,0,4,0,0,0,0,0,0,0,0,0,0,35,0,0,0,11,0,71,0,0,29791
141c4d06-9cb7-4869-9b70-15bfc31f8e72,ROCK,13,0,0,0,0,0,0,0,0,68,0,0,0,0,0,0,0,0,0,0,0,0,0,0,0,0,0,0,0,0,0,0,0,0,0,0,0,0,0,283,0,2,0,0,0,25509,0,0,0,0,0,0,0,0,0,21,0,0,0,0,0,0,0,0,0,0,80,61,84,0,1,0,0,0,0,0,64,42,0,0,0,0,0,0,0,0,0,0,0,0,105039,0,0,0,0,0,0,0,23,0,6,0,0,0,0,39,0,0,0,0,0,93,0,101,0,1,0,0,0,0,0,0,55,0,0,0,34,0,0,0,0,0,1,0,0,29805
9d305660-e885-4c18-96d8-f615c7763542,ROCK,20,0,0,0,0,2,0,0,0,84,2,0,34,5,0,0,2,0,0,0,0,0,3,61,0,23,0,0,0,0,0,0,0,0,0,0,0,0,0,1067,0,0,0,1,0,25552,0,141,0,0,0,0,0,0,0,230,0,0,0,0,0,0,0,0,0,0,331,2,79,0,11,0,0,0,0,0,35,181,0,0,0,0,0,0,274,0,0,0,0,0,105351,6,0,0,0,0,0,0,0,0,101,0,0,0,0,5,0,5,0,0,0,608,44,50,0,4,0,0,0,0,0,46,0,0,5,0,303,0,0,7,59,0,4,0,37,29880
70699851-aa22-43ba-97d6-dc6a14c7af91,SCISSORS,18,0,0,0,0,0,0,0,0,0,0,0,27,0,0,0,0,0,0,0,0,0,0,81,0,0,0,0,0,0,0,0,0,0,0,0,0,0,0,1022,0,0,0,0,0,25557,0,81,0,0,0,0,0,0,0,101,0,0,0,0,2,0,0,0,0,0,271,0,28,0,5,0,0,0,0,56,405,146,0,0,0,0,0,0,13,21,0,1,0,0,105635,0,0,0,7,0,1,0,0,0,141,0,0,1,0,0,0,0,0,0,5,616,65,0,0,4,0,0,0,0,0,14,0,0,0,0,205,0,0,0,0,70,0,1,0,29947
d8e873a9-88e1-4d7c-9b06-821900d24df2,SCISSORS,13,0,0,0,0,0,0,0,0,0,0,0,44,0,0,0,0,0,0,0,0,0,0,61,0,0,0,0,0,0,0,0,0,0,0,0,0,0,0,201,0,0,0,0,0,25559,0,4,0,0,0,0,0,0,0,9,0,0,0,0,8,0,0,0,0,0,100,0,85,0,0,0,0,0,0,10,37,49,0,0,0,0,0,0,4,0,0,0,0,0,105715,0,0,0,0,0,0,0,0,0,0,0,0,0,0,0,0,0,0,0,0,264,0,0,0,0,0,0,0,0,0,0,0,0,0,0,42,0,0,0,0,0,0,0,0,29953
7632eb4a-c130-4eb9-990c-0eb1a212dc80,ROCK,15,0,3,0,0,2,1,0,0,35,3,0,124,0,0,0,1,0,0,0,0,61,6,57,0,39,0,0,0,0,0,0,0,0,0,0,0,0,0,638,0,0,0,0,0,25599,0,21,0,0,0,0,0,0,0,148,0,0,0,0,0,0,0,0,0,0,155,0,152,0,14,0,0,0,0,0,393,87,0,0,0,0,0,0,0,0,0,0,0,0,105888,0,0,0,0,0,0,0,0,0,125,0,0,0,0,1,0,0,0,0,0,424,0,0,7,6,0,0,0,0,0,144,0,0,0,7,193,0,0,0,60,0,3,0,0,30013
7d469f68-a388-48a9-b983-8de26ae727b2,ROCK,14,0,0,0,0,0,1,0,0,62,0,0,65,0,0,0,0,0,0,0,0,34,0,0,0,0,0,0,0,0,0,0,0,0,0,0,0,0,0,540,0,0,0,0,0,25605,0,20,0,0,0,0,0,0,0,58,0,0,0,0,0,0,0,0,0,0,107,3,147,1,5,0,0,0,0,0,0,55,0,0,0,0,0,0,300,6,0,0,0,0,105999,0,0,0,0,0,0,0,0,0,125,0,0,0,0,9,0,0,0,0,7,311,34,1,0,4,0,0,0,0,0,22,0,0,0,0,181,0,0,7,0,0,1,0,0,30070
c4073894-e992-4fd7-b613-27cb7f075958,ROCK,12,0,0,0,0,0,0,0,0,1,0,0,15,2,0,0,0,0,0,0,0,79,1,4,21,0,0,0,0,0,0,0,0,0,0,0,0,0,0,244,0,1,0,1,0,25623,0,16,0,0,0,0,0,0,0,44,0,0,0,0,0,0,0,0,0,0,53,0,167,0,2,0,0,0,0,9,47,31,0,0,0,0,0,0,0,0,0,0,0,0,106049,0,0,0,0,0,0,0,0,0,27,0,0,0,0,56,0,0,0,0,0,137,65,38,0,1,0,0,0,0,0,0,0,0,0,0,41,0,0,0,1,0,3,0,0,30090
a769ff13-67e7-4c7f-855a-d87bb23761d0,ROCK,20,0,0,0,0,0,2,0,0,0,0,0,38,0,0,0,3,0,0,0,0,74,0,0,0,11,0,0,0,0,0,0,0,0,0,0,0,0,0,216,0,1,0,3,0,25645,0,0,0,0,0,0,0,0,0,53,0,7,0,0,0,0,0,0,0,0,73,0,170,0,4,0,0,0,0,0,5,36,0,0,0,0,0,0,0,0,0,0,0,0,106115,0,0,0,0,0,0,0,0,0,12,0,0,0,0,4,0,0,0,0,0,137,0,108,0,0,0,0,0,0,0,0,0,0,0,0,33,0,0,0,2,0,52,0,0,30113
7f9c925f-8ff0-4e87-ae1b-1ea6d5fdad25,ROCK,17,0,0,0,0,0,2,0,0,3,0,0,18,0,0,0,2,0,0,0,0,76,0,10,0,0,0,0,0,0,0,0,0,0,0,0,0,0,0,650,0,2,0,0,0,25669,0,10,0,0,0,0,0,0,0,73,0,0,0,0,0,0,0,0,0,0,160,96,47,0,5,0,0,0,0,3,267,91,0,0,0,0,0,0,11,0,0,0,0,0,106280,0,0,0,0,0,0,0,0,0,28,0,0,0,0,2,0,0,0,0,0,324,31,48,0,2,0,76,0,0,0,0,0,0,0,7,188,0,0,0,56,0,1,0,0,30153
667504c9-a6ae-40a9-9e06-73a460bfd2e1,ROCK,9,0,0,0,0,0,1,0,0,0,1,0,0,1,0,0,1,0,0,0,0,67,1,28,0,14,0,0,0,0,0,3,0,0,0,0,0,0,0,277,0,1,0,1,0,25689,0,8,0,0,0,0,0,0,0,27,0,0,0,0,0,0,0,0,0,0,87,140,0,0,7,0,0,0,0,0,81,46,0,0,0,0,0,0,0,0,0,0,0,0,106362,0,1,0,0,0,0,0,0,5,15,0,0,0,0,2,0,0,0,0,0,158,64,31,0,4,0,0,0,0,24,0,0,0,0,0,53,0,0,0,37,0,2,0,0,30186
3a367ade-358f-45d8-be7d-ad4b26af9aa3,ROCK,11,0,0,0,0,1,0,0,0,0,0,0,1,2,0,0,2,0,0,0,0,158,1,15,1,6,0,0,0,0,0,0,8,0,0,0,0,0,0,231,0,1,0,0,0,25712,0,7,0,0,0,0,0,0,0,58,0,0,0,0,0,0,0,0,0,0,65,145,0,0,3,0,0,0,0,0,110,34,0,0,0,0,0,0,5,0,0,0,0,0,106438,0,0,0,0,0,0,5,0,0,68,0,0,0,0,41,0,0,0,0,0,156,0,98,0,3,0,0,0,0,0,0,0,0,0,0,52,2,0,0,1,0,1,0,0,30213
60a443dd-3c85-485f-9cf6-f577d4fba083,SCISSORS,20,0,0,0,0,0,0,0,0,0,7,0,15,0,0,0,0,0,0,0,0,0,1,77,0,66,0,0,0,0,0,0,0,0,0,0,0,0,0,293,0,0,0,0,0,25733,0,62,0,0,0,0,0,0,0,30,0,1,0,0,1,0,0,0,0,0,83,63,71,0,5,0,0,0,0,6,0,45,0,0,0,0,0,0,61,31,0,0,0,0,106540,0,0,0,0,0,0,0,0,0,127,0,0,0,0,0,0,0,0,0,0,65,1,84,0,13,0,0,0,0,0,0,0,0,0,0,45,0,0,0,0,124,0,0,0,30248
7132c46d-59f7-48bb-93a9-2aea9ea038a0,ROCK,15,0,0,0,0,1,0,0,0,1,0,0,0,1,0,0,0,0,0,0,0,71,0,55,0,22,0,0,0,0,0,0,0,0,0,0,0,0,0,145,0,1,0,1,0,25748,0,84,0,0,0,0,0,0,0,0,0,0,0,0,0,0,0,0,0,0,72,0,55,0,0,0,0,0,0,0,48,39,0,0,0,0,0,0,0,0,0,0,0,0,106601,0,0,0,0,0,0,0,0,0,4,0,0,0,0,1,0,0,0,0,0,112,0,35,0,0,0,0,0,0,0,0,0,0,3,0,21,0,0,0,2,80,40,0,0,30262
7c564859-21f9-4a47-92b8-c95765176e22,SCISSORS,7,0,0,0,0,0,0,0,0,0,0,0,3,0,0,0,0,0,0,0,0,0,1,101,0,37,0,0,0,0,0,0,0,0,0,0,0,0,0,335,0,0,0,0,0,25752,0,44,0,0,0,0,0,0,0,21,0,0,0,0,1,0,0,0,0,0,113,0,0,0,1,0,0,0,0,0,151,58,0,0,0,0,0,0,0,2,0,86,0,0,106695,0,0,0,0,0,1,0,0,1,11,0,0,1,0,0,1,0,0,0,0,84,0,44,0,1,0,0,0,0,0,0,0,0,0,0,100,0,0,0,0,232,0,1,0,30285
6921122e-2ca7-4cbc-93da-aa15eda79278,SCISSORS,12,0,0,0,0,0,0,0,0,0,0,0,19,0,0,0,0,0,0,0,0,0,61,47,0,3,0,0,0,0,0,0,0,0,0,0,0,0,0,95,0,0,0,0,0,25758,0,3,0,0,0,0,0,0,0,53,0,0,0,0,23,0,0,0,0,0,45,0,29,0,2,0,0,0,0,0,0,23,0,0,0,0,0,0,0,0,0,47,0,0,106736,0,0,0,0,1,0,0,0,0,0,0,0,0,0,0,0,0,0,0,0,224,0,0,0,0,0,0,0,0,0,0,0,0,0,0,0,0,0,0,0,0,0,0,0,30287
6ab5f542-37f4-4d30-bb37-c4b9deece586,ROCK,17,0,0,0,0,1,0,0,0,1,2,0,0,1,0,0,0,0,0,0,0,62,62,0,0,19,11,0,0,0,0,0,0,0,0,29,0,0,0,325,0,0,0,1,0,25783,0,3,0,0,0,0,0,0,0,50,0,0,0,0,0,0,0,0,0,0,84,115,52,0,2,0,0,0,0,0,0,51,0,0,0,0,0,0,157,0,0,0,0,0,106822,0,0,0,0,0,0,0,0,0,95,0,0,0,0,3,0,0,0,0,0,115,0,43,0,6,0,0,0,0,0,0,0,0,0,0,35,0,0,0,42,173,2,0,0,30323
cf7319a1-1cec-4aff-892f-de49c9d9e5ad,ROCK,19,0,0,0,0,1,0,0,0,1,0,0,0,1,0,0,2,0,0,0,0,67,8,0,0,0,2,0,0,0,0,0,0,0,0,0,0,0,0,438,0,1,0,1,0,25802,0,1,0,0,0,0,0,0,0,125,0,0,0,0,0,0,0,0,0,0,127,70,1,0,2,1,0,0,0,0,127,68,0,0,0,0,0,0,0,0,0,0,0,0,106935,0,0,0,0,0,0,0,0,0,24,0,0,0,0,41,0,0,0,0,0,269,1,108,0,1,0,0,0,0,0,0,0,0,0,0,71,0,0,0,2,0,5,0,0,30359
d39536da-fb05-4ff3-a8e8-5540513fd171,SCISSORS,9,0,0,0,0,0,0,0,0,0,1,0,0,0,0,0,0,0,0,0,0,0,74,0,0,10,0,0,0,0,0,0,0,0,0,0,0,0,0,339,0,0,0,0,0,25806,0,0,0,0,0,0,0,0,0,96,0,0,0,0,2,0,0,0,0,0,123,30,1,0,0,0,0,0,0,0,75,62,0,0,0,0,0,0,0,34,0,1,0,0,107040,0,0,0,0,2,1,0,0,0,0,0,0,0,0,0,0,0,0,0,0,243,0,72,0,0,0,0,0,0,0,0,0,0,0,0,70,0,0,7,0,28,0,1,0,30385
a7d1cf5f-b1bd-4f23-9bda-3b9b40461ebd,ROCK,5,0,0,0,0,0,2,0,0,93,1,0,0,2,0,0,0,0,0,0,0,0,68,0,0,6,29,0,0,0,0,0,0,0,0,0,0,0,0,145,0,1,0,1,0,25822,0,112,0,0,0,0,0,0,0,35,0,0,0,0,0,0,0,0,0,0,67,68,0,0,2,0,0,0,0,0,25,39,0,0,0,0,0,0,0,0,0,0,0,0,107094,0,0,0,0,0,0,0,0,0,25,0,0,0,0,4,0,0,0,0,0,187,0,0,0,1,0,0,0,0,0,0,0,0,0,0,84,0,0,0,4,0,43,0,0,30409
3a0bcdc3-253a-4759-bc3b-7998336ccb88,ROCK,7,0,0,0,0,1,1,0,0,42,14,0,0,1,0,0,0,0,0,0,0,33,17,0,0,176,44,0,0,0,0,0,0,0,0,0,0,0,0,203,0,0,0,0,0,25868,0,42,0,0,0,0,0,0,0,293,0,0,0,0,0,0,0,0,0,0,21,0,0,0,19,105,0,0,0,0,38,14,0,0,0,0,0,0,0,0,0,0,0,0,107161,0,0,0,0,0,0,0,0,0,262,0,0,0,0,0,0,0,0,0,0,78,0,44,0,23,0,0,0,0,0,0,0,0,0,0,81,0,0,0,42,0,2,0,0,30461
bc18e0b5-84a9-4363-a627-f66d1a17bb84,SCISSORS,7,0,0,0,0,0,0,0,0,0,6,0,0,0,0,0,0,0,0,0,0,0,72,0,0,85,4,0,0,0,0,0,0,0,0,0,0,0,0,244,0,0,0,0,0,25887,0,0,0,0,0,0,0,0,0,36,0,0,0,0,23,0,0,0,0,0,103,0,28,0,3,65,0,0,0,7,92,53,0,0,0,0,0,0,0,1,0,0,0,0,107262,0,0,0,0,0,0,0,0,2,101,0,0,3,0,0,0,0,0,0,0,32,0,51,0,8,0,0,0,0,0,0,0,0,0,0,44,0,0,0,0,170,0,0,0,30498
5e594704-41e4-4f84-a08b-660cd143b49f,ROCK,17,0,0,0,0,0,1,0,0,0,6,0,0,0,0,0,1,0,0,0,0,100,45,0,0,67,2,0,0,0,0,0,0,0,0,0,0,0,0,409,0,3,0,1,0,25917,0,0,0,0,0,0,0,0,0,155,0,0,0,0,0,0,0,0,0,0,77,3,158,0,11,75,0,0,0,28,0,43,0,0,0,0,0,0,84,1,0,0,0,0,107368,0,10,0,0,0,0,0,0,0,249,0,0,0,0,43,0,0,0,0,15,3,0,50,0,21,0,0,0,0,0,0,0,0,0,0,28,0,0,0,2,213,1,0,0,30560
eebe1364-b969-4906-8f1f-8c4bcd88e08d,SCISSORS,12,0,0,0,0,0,0,0,0,0,0,0,0,0,0,0,0,0,0,0,0,66,58,2,0,1,0,0,0,0,0,0,0,0,0,0,0,0,0,250,0,0,0,0,0,25925,0,0,0,0,0,0,0,0,0,56,0,0,0,0,0,0,0,0,0,0,108,0,104,0,0,0,0,0,0,0,48,50,0,0,0,0,0,0,0,11,0,0,0,0,107447,0,0,0,0,0,0,0,0,1,10,0,0,0,0,0,0,0,0,0,0,234,0,66,0,0,0,0,0,1,0,0,0,0,0,0,65,0,0,0,0,0,0,0,0,30581
dc283eb8-0d15-4b9d-a034-3367ce71fe47,SCISSORS,11,0,0,0,0,0,0,0,0,0,1,0,0,0,0,0,0,0,0,0,0,0,120,0,0,2,4,0,0,0,0,0,0,0,0,0,0,0,0,214,0,0,0,0,0,25932,0,0,0,0,0,0,0,0,0,17,0,0,0,0,27,0,0,0,0,0,95,30,54,0,1,4,0,0,0,0,51,59,0,0,0,0,0,0,0,1,0,2,0,0,107525,0,0,0,0,0,0,0,0,1,0,0,0,0,0,0,0,0,0,0,0,293,0,0,0,0,0,0,0,0,0,0,0,0,0,0,46,0,0,0,0,0,0,1,0,30600
d53dabf1-cc9e-47e7-bc72-d82b04655e24,SCISSORS,12,0,0,0,69,0,0,0,0,0,3,0,0,0,0,0,0,0,0,0,0,0,151,1,0,48,12,0,0,0,0,0,0,0,0,0,0,0,0,51,0,0,0,0,0,25945,0,0,0,0,0,0,0,0,0,53,0,0,0,0,1,0,0,0,0,0,70,59,0,0,2,0,0,0,0,0,0,38,0,0,0,0,0,0,27,85,0,0,0,0,107587,0,0,0,0,1,0,0,0,0,0,0,3,0,0,0,1,0,0,0,0,284,0,0,0,0,0,0,0,0,0,0,0,0,0,0,42,0,0,0,0,4,0,0,0,30616
eb69b7ff-498b-4cd8-ab98-8ea1ec19a2bd,SCISSORS,10,0,0,0,0,0,0,0,0,0,0,0,0,0,0,0,0,0,0,0,0,0,64,0,0,0,75,0,0,0,0,0,0,0,0,0,32,0,0,295,0,0,0,0,0,25951,0,0,0,0,0,0,0,0,0,120,0,0,0,0,1,0,0,0,0,0,124,0,16,0,9,7,0,0,0,0,42,65,0,0,0,0,0,0,0,65,0,17,0,0,107714,6,0,0,0,0,0,0,0,1,44,0,0,0,0,0,0,0,0,0,0,330,0,0,0,4,0,0,0,0,0,0,0,0,0,0,81,0,0,0,0,0,0,0,0,30641
74ef0432-6a54-4e3c-85ea-be675eb2c704,SCISSORS,6,0,0,0,0,0,0,0,0,0,0,0,0,0,0,0,0,0,0,0,0,0,67,1,0,0,100,0,0,0,0,0,0,0,0,0,0,0,0,304,0,0,0,0,0,25959,0,0,0,0,0,0,0,0,0,129,0,0,0,0,10,0,0,0,0,0,91,45,58,1,16,0,0,0,0,0,69,52,0,0,0,0,0,0,0,0,0,1,0,0,107813,0,1,0,0,0,0,0,0,0,0,0,3,0,0,0,1,5,0,0,0,430,0,0,0,0,0,0,0,0,0,0,0,0,0,0,32,0,0,0,0,0,0,0,0,30651
69ca51ca-96d6-47b6-bf15-b2a2c4b5e5fb,ROCK,16,0,0,48,0,0,0,0,0,72,3,0,0,1,0,0,0,0,0,0,0,1,65,1,0,22,2,0,0,0,0,0,2,0,0,0,0,0,0,166,0,1,0,0,0,25982,0,0,0,0,0,0,0,0,0,58,0,0,0,0,0,0,0,0,0,0,72,126,31,0,3,25,0,0,0,0,0,33,0,0,0,0,0,0,36,0,0,0,0,0,107881,0,0,0,0,0,0,0,0,0,115,0,0,0,0,0,0,0,0,0,0,170,0,51,0,5,0,0,0,0,0,0,0,0,0,0,19,0,0,0,23,0,1,0,0,30674
acbc8311-12a8-44d2-b542-ad16c80251f3,SCISSORS,20,0,0,0,0,0,0,0,0,88,2,0,0,0,0,0,0,0,0,0,0,0,97,0,0,31,0,0,0,0,0,0,0,0,0,0,1,0,0,682,0,0,0,0,0,25990,0,0,0,0,0,0,0,0,0,52,0,0,0,0,1,0,0,0,0,0,206,77,41,0,3,1,0,0,0,0,348,104,0,0,0,0,0,0,19,2,0,47,0,0,108055,12,0,0,0,4,0,0,0,1,85,0,0,0,0,0,1,0,0,0,0,489,0,77,0,6,0,0,0,0,0,0,0,0,0,0,209,0,0,14,0,2,0,1,0,30727
6b4b2355-1ea9-485d-a807-d4e58851512a,SCISSORS,19,0,0,0,0,0,0,0,0,0,0,0,0,0,0,0,0,0,0,0,0,0,138,1,0,4,4,0,0,0,0,0,0,0,0,0,0,0,0,200,0,0,0,0,0,25999,0,0,0,0,0,0,0,0,0,49,0,0,0,0,7,0,0,0,0,0,74,0,71,0,3,39,0,0,0,0,0,52,0,0,0,0,0,0,50,1,0,1,0,0,108125,0,0,0,0,0,0,0,0,0,2,0,0,1,0,0,0,0,0,0,0,278,0,0,0,0,0,0,0,0,0,0,0,0,0,0,66,0,0,0,0,0,0,0,0,30737
ed49d323-a352-4733-8112-b02e38c32b10,SCISSORS,11,0,0,0,0,0,0,0,0,0,0,0,0,0,0,0,0,0,0,0,0,0,53,49,0,0,0,0,0,0,0,0,0,0,0,0,0,0,0,212,0,0,0,0,0,26001,0,0,0,0,0,0,0,0,0,15,0,0,0,0,4,0,0,0,0,0,87,0,43,0,2,53,0,0,0,0,51,44,0,0,0,0,0,0,14,1,0,0,0,0,108211,0,0,0,0,0,0,0,0,0,0,0,0,0,0,0,0,0,0,0,0,251,0,0,0,0,0,0,0,0,0,0,0,0,0,0,63,0,0,0,0,0,0,0,0,30751
2d9c5993-0780-4355-9553-a3e014ca7029,SCISSORS,6,0,0,0,0,0,0,0,0,0,0,0,0,0,0,0,0,0,0,0,0,0,102,54,0,11,10,0,0,0,0,0,0,0,0,0,0,0,0,535,0,0,0,0,0,26011,0,0,0,0,0,0,0,0,0,69,0,0,0,0,25,0,0,0,0,0,133,0,113,0,7,24,0,0,0,0,254,79,0,0,0,0,0,0,0,8,0,0,0,0,108354,0,0,0,0,1,0,0,0,0,73,0,0,0,0,0,0,0,0,0,0,514,0,0,8,7,0,0,0,0,0,0,0,0,0,0,104,0,0,2,0,1,0,2,0,30801
4b47deec-f015-4c59-8b2e-7b064efcbdf0,SCISSORS,12,0,14,0,0,0,0,0,0,0,9,0,0,0,0,0,0,0,0,0,0,0,217,4,0,169,75,0,0,0,0,0,0,0,0,0,0,0,0,132,0,0,0,0,0,26058,0,38,0,0,0,0,0,0,0,294,0,0,0,0,2,0,0,0,0,0,50,0,143,0,23,0,0,0,0,0,0,26,0,0,0,0,0,0,9,4,0,31,0,0,108457,0,0,0,0,0,0,0,0,1,68,0,3,0,0,0,0,0,0,0,0,505,0,0,0,11,0,0,0,0,0,0,0,0,0,0,30,0,0,0,0,1,0,1,0,30835
c224ebda-23ee-4b7d-95e2-5239c7dbc56e,ROCK,19,0,0,0,0,1,4,0,0,111,0,49,0,0,0,0,2,0,0,0,0,1,72,0,0,0,0,0,0,0,0,0,0,0,0,0,0,0,0,103,0,0,0,2,0,26081,0,2,0,0,0,0,0,0,0,48,0,0,0,0,0,0,0,0,0,0,61,0,200,0,2,0,0,0,0,0,0,32,0,0,0,0,0,0,0,0,0,0,0,0,108504,0,0,0,0,0,0,0,0,0,26,0,0,0,0,4,0,0,0,0,0,180,0,38,0,3,0,0,0,0,0,0,0,0,0,0,25,0,0,0,1,0,68,0,0,30856
928008a0-8b8e-419c-b2f5-e6e3f2d3145e,SCISSORS,16,0,3,0,0,0,0,0,0,0,1,0,0,0,0,0,0,0,0,0,0,0,81,0,0,49,9,0,0,0,0,0,0,0,0,0,0,0,0,384,0,0,0,0,0,26092,0,1,0,0,0,0,0,0,0,33,0,0,0,0,32,0,0,0,0,0,136,1,81,0,1,0,0,0,0,0,0,68,0,0,0,0,0,0,173,0,0,1,0,0,108631,0,0,0,0,1,0,0,0,41,0,21,0,0,0,0,0,0,0,0,0,241,0,44,0,0,0,0,0,0,0,0,0,0,0,0,130,0,0,7,0,42,0,0,0,30885
9e9e414a-9941-43ab-8cbc-40aa69ee9e1f,SCISSORS,13,0,0,0,0,0,0,0,0,0,3,0,0,0,0,0,0,0,0,0,0,0,157,0,0,44,0,0,0,0,0,0,0,0,0,0,0,0,0,580,0,0,0,0,0,26102,0,14,0,0,0,0,0,0,0,15,0,0,0,0,1,0,0,0,0,0,228,2,139,0,0,0,0,0,0,0,219,131,0,0,0,0,0,0,0,2,0,33,0,0,108827,0,0,0,0,1,0,0,0,47,95,29,0,0,0,0,1,0,0,6,0,376,1,8,0,7,0,0,0,0,0,24,0,0,0,0,178,0,0,7,0,1,0,3,0,30937
fb9c1713-1a4d-4c4b-93f0-bd9392e15271,ROCK,19,0,0,0,0,0,0,0,0,0,0,0,0,2,0,0,2,0,0,0,0,67,61,0,0,18,3,0,0,0,0,0,0,0,0,0,0,0,0,355,0,0,0,2,0,26121,0,119,0,0,0,0,0,0,0,26,0,0,0,0,0,0,0,0,0,0,82,0,68,0,1,0,0,0,0,0,170,44,0,0,0,0,0,0,0,0,0,0,0,0,108910,0,0,0,0,0,0,0,0,0,96,0,0,0,0,2,0,0,0,0,0,265,1,47,0,7,0,0,0,0,0,0,0,0,0,0,60,0,0,0,28,0,4,0,0,30970
c4172020-fc8c-416e-8401-b554a24330bd,ROCK,5,0,0,0,0,0,0,0,0,1,0,0,0,1,0,0,1,0,0,0,0,68,0,0,0,0,0,0,0,0,0,0,0,0,0,0,0,0,0,551,0,0,0,2,0,26133,0,70,0,0,0,0,0,0,0,40,0,0,0,0,0,0,0,0,0,0,139,0,84,0,1,0,0,0,0,35,181,72,0,0,0,0,0,0,0,2,0,0,0,0,109039,0,0,0,0,0,0,0,0,0,29,0,0,0,0,41,0,0,0,0,0,267,0,102,0,1,0,0,0,0,0,0,0,0,0,8,165,0,0,0,2,3,6,0,0,31006
5578a452-4d1c-4fc2-80f4-8dbb338c03a8,ROCK,6,0,0,0,0,1,0,0,0,88,13,0,0,2,0,0,0,0,0,0,0,1,0,0,0,148,0,0,0,0,0,51,0,0,0,0,0,0,0,81,0,0,0,0,0,26167,0,10,0,0,0,0,0,0,0,176,0,0,0,0,0,0,0,0,0,0,11,2,167,0,12,0,0,0,0,0,0,7,0,0,0,0,0,0,0,0,0,0,0,0,109079,0,0,0,0,0,0,0,0,0,118,0,0,0,0,1,0,0,0,0,0,82,2,102,0,7,0,0,0,0,0,0,0,0,0,0,33,0,0,0,39,0,1,0,0,31033
9f26470e-6e96-4653-a9a6-89af40693885,ROCK,17,0,0,0,0,0,1,0,0,162,4,0,0,3,0,0,1,0,0,0,0,1,21,3,0,91,37,0,0,0,0,0,0,0,0,0,0,0,0,452,0,1,0,1,0,26203,0,29,0,0,0,0,0,0,0,335,0,0,0,0,0,0,0,0,0,0,67,2,213,0,27,0,0,0,0,0,0,27,0,0,0,0,0,0,78,0,0,0,0,0,109196,0,0,0,0,0,0,0,0,0,351,0,0,0,0,35,0,0,0,0,0,186,0,112,0,25,0,0,0,0,0,0,0,0,0,0,64,0,0,0,2,0,3,0,0,31099
830d7de7-78c6-43a3-881f-be2eca2bd232,SCISSORS,18,0,0,0,0,0,0,0,0,0,4,0,0,0,0,0,0,0,0,0,0,0,65,2,0,81,12,0,0,0,0,0,0,0,0,0,0,0,0,518,0,0,0,0,0,26223,0,14,0,0,0,0,0,0,0,108,0,0,0,0,10,0,0,0,0,0,177,21,88,0,4,0,0,0,0,0,148,105,0,0,0,0,0,0,5,1,0,1,0,0,109379,0,0,0,0,0,0,0,0,0,119,0,0,0,0,0,0,0,0,0,0,319,0,72,0,4,0,0,0,0,0,0,0,0,0,0,121,0,0,7,0,40,0,0,0,31128
5029cdc3-4ce1-4dc0-a3f3-876121aebb84,ROCK,7,0,0,0,0,2,0,0,0,2,0,0,0,0,0,0,1,0,0,0,0,60,68,0,0,0,8,0,0,0,0,0,0,0,0,0,0,0,0,565,0,2,0,0,0,26244,0,23,0,0,0,0,0,0,0,48,0,0,0,0,0,0,0,0,0,0,152,149,6,0,2,0,0,0,0,21,26,83,0,0,0,0,0,0,198,0,0,0,0,0,109521,0,0,0,0,0,0,0,0,0,30,0,0,0,0,0,0,0,0,0,0,408,0,45,0,1,0,0,0,0,0,0,0,0,0,0,187,0,0,0,36,0,1,0,0,31149
28a6b7cc-1c85-44e3-85bb-d386912eec92,SCISSORS,18,0,0,0,0,0,0,0,0,0,4,0,0,0,0,0,0,0,0,0,0,0,91,0,0,49,13,0,0,0,0,0,0,0,0,0,0,0,0,421,0,0,0,0,0,26259,0,22,0,0,0,0,0,0,0,159,0,0,0,0,2,0,0,0,0,0,70,71,75,0,10,0,0,0,0,0,97,36,0,0,0,0,0,0,0,35,0,1,0,0,109619,0,0,0,0,1,0,0,0,0,127,0,0,0,0,0,1,0,0,0,0,240,0,75,0,9,0,0,0,0,0,0,0,0,0,0,76,0,0,0,0,49,0,0,0,31200
5793169c-5e68-42a8-845d-d0073a2524fa,SCISSORS,5,0,0,0,0,0,0,0,0,0,0,0,0,0,0,0,0,0,0,0,0,0,148,0,0,5,0,0,0,0,0,0,0,0,0,0,0,0,0,196,0,0,0,0,0,26263,0,0,0,0,0,0,0,0,0,6,0,0,0,0,32,0,0,0,0,0,85,0,104,0,0,0,0,0,0,0,66,48,0,0,0,5,0,0,0,1,0,2,0,0,109695,0,0,0,0,0,2,0,0,0,18,0,0,1,0,0,0,0,0,0,0,160,0,0,0,2,0,0,0,0,0,0,0,0,0,0,62,0,0,0,0,104,0,0,0,31219
5f6c5837-71a5-46c7-9fbc-564239629d13,ROCK,19,0,0,0,0,1,0,0,0,56,2,0,0,0,0,0,2,0,0,0,0,4,66,0,0,87,7,0,0,0,0,0,0,0,0,0,0,0,0,83,0,0,0,0,0,26287,0,9,0,0,0,0,0,0,0,103,0,0,0,0,0,0,0,0,0,0,0,3,183,0,10,0,0,0,0,0,0,0,0,0,0,0,0,0,0,0,0,0,0,0,109724,0,0,0,0,0,0,0,0,0,118,0,0,0,0,0,0,0,0,0,0,100,0,50,0,9,0,0,0,0,0,0,0,0,0,0,3,0,0,0,3,0,25,0,0,31246
5eac5d05-8caa-4280-834d-58f14fa72c16,SCISSORS,7,0,0,0,0,0,0,0,0,0,0,0,0,0,0,0,0,0,0,0,0,0,67,2,0,0,9,0,0,0,0,0,0,0,0,0,0,0,0,362,0,0,0,0,0,26292,0,4,0,0,0,0,0,0,0,66,0,0,0,0,1,0,0,0,0,0,87,0,91,0,5,0,0,0,0,0,129,44,0,0,0,0,0,0,0,1,0,12,0,0,109800,0,0,0,0,0,1,0,58,0,48,0,0,0,0,0,2,0,0,0,0,151,0,55,0,1,0,0,0,0,0,0,0,0,0,7,81,0,0,0,0,35,0,1,0,31273
db202f3c-6b00-4f5c-a0b8-b328c82744b0,SCISSORS,20,0,0,0,0,0,0,0,0,0,0,0,0,0,0,0,0,0,0,0,0,0,139,0,0,0,8,0,0,0,0,0,0,0,0,0,0,0,0,173,0,0,0,0,0,26297,0,20,0,0,0,0,0,0,0,48,0,0,0,0,2,0,0,0,0,0,51,1,121,0,1,0,0,0,0,0,15,26,0,0,0,0,0,0,9,1,0,25,0,0,109853,0,0,0,0,0,0,0,0,2,61,0,0,0,0,0,1,0,0,0,0,176,0,0,0,4,0,0,0,0,0,0,0,0,0,0,7,0,0,0,0,68,0,1,0,31296
3bb4276e-cf19-41de-85d3-2989974fe739,SCISSORS,14,0,0,0,0,0,0,0,0,0,0,0,0,0,0,0,0,0,0,0,0,0,50,0,0,0,76,0,0,0,0,0,0,0,0,0,0,0,0,397,0,0,0,0,0,26299,0,0,0,0,0,0,0,0,0,28,0,0,0,0,0,0,0,0,0,0,109,0,85,0,1,0,0,0,0,0,221,61,0,0,0,0,0,0,0,18,0,0,0,0,109957,0,0,0,0,0,0,0,0,1,0,0,0,0,0,0,0,0,0,0,0,317,0,0,0,0,0,0,0,0,0,40,0,0,0,0,135,0,0,0,0,30,0,0,0,31316
bf4995b7-8c0b-4a4e-bac9-6b22e807916b,SCISSORS,12,0,0,0,0,0,0,0,0,0,2,0,0,0,0,0,0,0,0,0,0,0,67,1,0,20,93,0,0,0,0,0,0,0,5,0,0,0,0,653,0,0,0,0,0,26316,0,11,0,0,0,0,0,0,0,195,0,0,0,0,16,0,0,0,0,0,158,0,90,0,11,0,0,0,0,8,0,86,0,0,0,0,0,0,263,3,0,0,0,0,110133,0,0,0,0,0,1,0,0,2,42,0,0,0,0,0,0,0,0,0,0,530,0,0,0,5,0,4,0,0,0,0,0,0,0,0,178,0,0,0,0,79,0,0,0,31365
cbaa8bab-8e20-48d7-b0e2-0a8a793a9794,ROCK,19,0,0,0,0,0,2,0,0,103,4,0,0,1,0,0,0,0,0,0,0,1,56,0,0,23,27,0,0,0,0,0,0,0,0,0,0,0,0,212,0,1,0,0,0,26339,0,0,0,0,0,0,0,0,0,26,0,0,0,0,0,0,0,0,0,0,105,2,180,0,2,0,0,0,0,0,67,48,0,0,0,0,0,0,0,0,0,0,0,0,110220,0,0,0,0,0,0,0,0,0,35,0,0,0,0,57,0,0,0,0,0,197,0,49,0,3,0,0,0,0,0,0,0,0,0,0,85,0,0,0,2,0,2,0,0,31391
56e9aaa5-3e10-4bbb-b761-5e48168d3e90,ROCK,14,0,0,0,0,0,0,0,0,0,0,0,0,0,0,0,0,0,0,0,0,70,0,0,0,0,0,0,0,0,0,0,0,0,0,0,0,0,0,288,0,1,0,1,0,26345,0,92,0,0,0,0,0,0,0,25,0,0,0,0,0,0,0,0,0,0,82,0,75,0,3,0,0,0,0,0,33,50,0,0,0,0,0,0,0,0,0,0,0,0,110295,0,0,0,0,0,0,0,0,0,18,0,0,0,0,4,0,0,0,0,0,134,0,112,0,2,0,0,0,0,0,0,0,0,0,0,45,0,0,0,45,0,0,0,0,31411
f58c0f4c-c709-42a9-b098-35c70402cf3e,SCISSORS,13,0,25,0,0,0,0,0,0,0,0,0,0,0,0,0,0,0,0,0,0,0,64,1,0,0,2,0,0,0,0,0,0,0,0,0,0,0,0,483,0,0,0,0,0,26351,0,77,0,0,0,0,0,0,0,66,0,0,0,0,0,0,0,0,0,0,80,77,2,0,4,0,0,0,0,0,211,43,0,0,0,0,0,0,0,14,0,1,0,0,110397,0,0,0,13,0,0,0,0,0,121,0,0,0,0,0,1,0,0,0,0,305,0,46,0,2,0,0,0,0,0,0,0,0,0,7,53,0,0,0,0,26,0,1,0,31440
92f1701c-1af1-476d-a323-f4d0e44c1ba1,SCISSORS,19,0,0,0,0,0,0,0,0,0,2,0,0,0,0,0,0,0,0,0,0,0,156,1,0,17,0,0,0,0,0,0,0,0,0,0,0,0,0,160,0,0,0,0,0,26361,0,4,0,0,0,0,0,0,0,9,0,0,0,0,1,0,0,0,0,0,83,129,0,0,2,0,0,0,0,0,0,45,0,0,0,0,0,0,46,2,0,15,0,0,110478,0,0,0,0,0,0,0,0,0,4,0,0,1,0,0,0,0,0,0,0,242,0,0,0,0,0,0,0,0,0,0,0,0,0,0,43,0,0,0,0,46,0,0,0,31450
771b1277-a382-45ed-a3ae-a5a8adcbb73f,ROCK,9,0,0,0,0,0,1,0,0,0,0,0,0,0,0,0,0,0,0,0,0,51,78,0,0,0,7,0,0,0,0,0,23,0,0,0,0,0,0,241,0,0,0,1,0,26373,0,1,0,0,0,0,0,0,0,33,0,0,0,0,0,0,0,0,0,0,85,144,0,0,0,0,0,0,0,0,95,44,0,0,0,0,0,0,0,0,0,0,0,0,110542,0,0,0,0,0,0,0,0,0,11,0,0,0,0,2,0,0,0,0,0,293,0,34,0,0,0,0,0,0,0,0,0,0,0,0,43,0,0,0,2,0,17,0,0,31468
05359e97-a4c6-4789-9fd6-63c766a89719,ROCK,19,0,0,0,0,1,0,0,0,1,0,0,0,1,0,0,0,0,0,0,0,65,0,0,0,0,23,0,0,0,0,0,0,0,5,0,0,0,0,466,0,0,0,2,0,26389,0,16,0,0,0,0,0,0,0,159,0,0,0,0,0,0,0,0,0,0,55,191,3,0,8,0,0,0,0,0,0,31,0,0,0,0,0,0,101,0,0,0,0,0,110614,0,0,0,0,0,0,0,0,0,186,0,1,0,0,3,0,0,0,0,0,187,0,117,0,7,0,0,0,0,0,0,0,0,0,0,22,0,0,0,0,0,41,0,0,31503
1ba5b799-9b1c-4e62-b29a-48e5aac9b382,ROCK,5,0,0,0,0,1,0,0,0,0,0,0,0,0,0,0,2,0,0,0,0,51,0,0,0,0,0,0,0,0,0,0,0,0,0,0,0,0,0,352,0,0,0,1,0,26398,0,2,0,0,0,0,0,0,0,40,0,0,0,0,0,0,0,0,0,0,96,123,0,0,5,0,0,0,0,0,81,51,0,0,0,0,0,0,9,0,0,0,0,0,110714,0,0,0,0,0,0,0,0,0,17,0,0,0,0,0,0,0,0,0,0,201,0,91,0,0,0,0,0,0,0,0,0,0,0,0,66,0,0,7,25,0,0,0,0,31524
a34ba98b-45d6-4412-add9-19870ff704e8,SCISSORS,14,0,29,0,0,0,0,0,0,0,13,0,0,0,0,0,0,0,0,0,0,58,194,9,0,239,70,0,0,0,0,0,0,0,0,0,0,0,0,181,0,0,0,0,0,26463,0,55,0,0,0,0,0,0,0,405,0,0,0,0,38,0,0,0,0,0,37,100,50,11,20,0,0,0,0,1,48,18,0,0,0,0,0,0,0,10,0,0,0,0,110820,0,0,0,0,1,1,0,0,0,375,0,0,0,0,0,1,0,0,0,0,187,3,77,0,27,0,5,0,0,0,0,0,0,0,0,45,0,0,0,0,71,0,0,0,31604
62d5339f-75ce-4146-9127-a817383d9531,SCISSORS,16,0,0,0,0,0,0,0,0,0,0,69,0,0,0,0,0,0,0,0,0,0,66,0,0,15,0,0,0,0,0,0,0,0,0,0,0,0,0,303,0,0,0,0,0,26467,0,1,0,0,0,0,0,0,0,28,0,0,0,0,2,0,0,0,0,0,104,45,66,0,2,0,0,0,0,6,109,55,0,0,0,0,0,0,3,32,0,0,0,0,110935,0,0,0,0,0,1,0,0,2,18,0,0,1,0,0,0,0,0,0,9,272,0,0,0,3,0,0,0,0,0,0,0,0,0,0,98,0,0,0,0,49,0,0,0,31642
9f490846-929f-4070-b7cc-59f565630fd5,ROCK,8,0,0,0,0,1,0,0,0,0,0,0,0,0,0,0,2,0,0,0,0,51,4,1,0,0,12,0,0,0,0,0,24,0,0,0,0,0,0,295,0,0,0,1,0,26483,0,1,0,0,0,0,0,0,0,24,0,0,0,0,0,0,0,0,0,0,62,144,0,0,0,0,0,0,0,0,122,38,0,0,0,0,0,0,0,0,0,0,0,0,110994,0,0,0,0,0,0,0,0,0,14,0,0,0,0,48,0,0,0,0,7,174,0,42,0,0,0,23,0,0,0,0,0,0,0,0,75,0,0,7,0,0,1,0,0,31661
2b489a1a-2d3d-4799-a7ff-951cff09b9e8,SCISSORS,17,0,0,0,0,0,0,0,0,0,4,0,6,0,0,0,0,0,0,0,0,0,104,0,0,56,5,0,0,0,0,0,0,0,0,0,0,0,0,315,0,0,0,0,0,26502,0,31,0,0,0,0,0,0,0,127,0,0,0,0,1,0,0,0,0,0,55,124,1,0,9,0,0,0,0,18,10,30,0,0,0,0,0,0,41,6,0,37,0,0,111078,0,0,20,0,1,2,0,0,2,102,0,0,4,0,0,0,0,0,0,0,188,0,68,0,9,0,0,0,0,0,0,0,0,0,0,14,0,0,0,0,79,0,1,0,31708
cfaf1fc5-072d-4826-bd14-c1b4d80fbcee,ROCK,10,0,0,0,0,1,0,0,0,1,0,0,0,0,0,0,2,0,0,0,0,73,50,0,0,0,0,0,0,0,0,0,0,0,0,0,0,0,0,464,0,1,0,0,0,26515,0,28,0,0,0,0,0,0,0,14,0,3,0,0,0,0,0,0,0,0,123,153,1,0,0,7,0,0,0,0,0,68,0,0,0,0,0,0,195,0,0,0,0,0,111201,0,0,0,0,0,0,0,0,0,94,0,0,0,0,1,0,0,0,0,0,263,0,49,0,1,0,20,0,0,0,0,0,0,0,0,133,0,0,0,29,0,2,0,0,31747
fb00137f-8a7b-4d8a-966a-ec3700aa9579,ROCK,20,0,0,0,0,1,2,0,0,0,0,0,0,3,0,0,1,0,0,0,0,76,0,0,0,0,0,0,0,0,0,0,0,0,0,0,0,0,0,252,0,0,0,1,0,26532,0,1,0,0,0,0,0,0,0,47,0,0,0,0,0,0,0,0,0,0,40,194,2,0,1,0,0,0,0,0,29,22,0,0,0,0,0,0,0,0,0,0,0,0,111241,0,0,0,0,0,0,0,0,0,55,0,0,0,0,2,0,0,0,0,0,94,0,121,0,5,0,0,0,0,0,0,0,0,0,0,21,0,0,0,1,0,37,0,0,31769
d38ba992-ea5c-4509-8837-2b408abde850,SCISSORS,17,0,0,0,0,0,0,0,0,0,0,0,0,0,0,0,0,0,0,0,0,0,37,0,0,0,11,0,0,0,0,0,0,0,0,0,0,0,0,182,0,0,0,0,0,26534,0,0,0,0,0,0,0,0,0,20,0,0,0,0,6,0,0,0,0,0,58,88,0,0,2,0,0,0,0,0,28,27,0,0,0,0,0,0,0,1,0,0,0,0,111291,0,0,0,0,1,0,0,0,0,0,0,0,0,0,0,0,0,0,0,0,99,0,62,0,0,0,0,0,0,0,29,0,0,0,0,30,0,0,0,0,8,0,1,0,31779
94b26bff-570d-4b95-8cf5-667e89282d07,SCISSORS,11,0,0,0,0,0,0,0,0,0,0,0,0,0,0,0,0,0,0,0,0,0,71,71,0,0,0,0,0,0,0,0,0,0,0,0,0,0,0,254,0,0,0,0,0,26537,0,5,0,0,0,0,0,0,0,41,0,0,0,0,26,0,0,0,0,0,67,72,34,0,1,0,0,0,0,0,107,40,0,0,0,0,0,0,0,1,0,2,0,0,111360,0,0,0,0,1,0,0,0,1,0,0,0,2,0,0,1,0,0,0,0,294,0,0,0,0,0,0,0,0,0,0,0,0,0,0,63,0,0,0,0,34,0,0,0,31792
41ff9ee4-89f2-43d4-b3fb-2b35451942d6,SCISSORS,11,0,41,0,0,0,0,0,0,0,0,0,0,0,0,0,0,0,0,0,0,0,82,62,0,6,25,0,0,0,0,0,0,0,0,0,0,0,0,190,7,0,0,0,0,26556,0,1,0,0,0,0,0,0,0,95,0,0,0,0,1,0,0,0,0,0,76,39,61,0,9,0,0,0,0,0,64,40,0,0,0,0,0,0,0,0,0,27,0,0,111456,0,0,0,0,0,0,0,0,0,0,0,0,0,0,0,0,0,0,0,0,270,0,0,0,0,0,0,0,0,30,0,0,0,0,0,56,0,0,0,0,56,0,1,0,31806
dee04e7b-91a7-46c1-a891-1e8d813d6eec,SCISSORS,19,0,0,0,0,0,0,0,0,0,0,0,0,0,0,0,0,0,0,0,0,0,150,0,0,0,0,0,0,0,0,0,0,0,0,0,0,0,0,181,0,0,0,0,0,26558,0,0,0,0,0,0,0,0,0,4,0,0,0,0,1,0,0,0,0,0,77,113,0,0,0,0,0,0,0,0,57,44,0,0,0,0,0,0,0,35,0,0,0,0,111527,0,0,0,0,0,0,0,0,1,7,0,0,1,0,0,1,0,0,0,2,235,0,0,0,1,0,0,0,0,0,0,0,0,0,0,36,0,0,0,0,47,0,0,0,31834
b935419f-275a-4444-a51c-2545d8f555d2,ROCK,5,0,0,0,0,2,0,0,0,83,0,0,0,2,0,0,0,0,0,0,0,2,60,0,0,0,75,0,0,0,0,0,0,0,0,0,0,0,0,481,0,2,0,3,0,26590,0,113,0,0,0,0,0,0,0,97,0,0,0,0,0,0,0,0,0,0,146,59,0,0,7,0,0,0,0,10,190,76,0,0,0,0,0,0,12,0,0,0,0,0,111670,0,0,0,0,0,0,0,0,0,45,0,0,0,0,4,0,0,0,0,0,379,0,0,0,3,0,0,0,0,0,0,0,0,0,0,186,0,0,7,84,0,2,0,0,31877
f26597db-3fd5-4bf5-bf59-d45696d0cda6,SCISSORS,10,0,0,0,0,0,0,0,0,0,5,0,0,0,0,0,0,0,0,0,0,0,0,0,54,173,137,0,0,0,0,0,24,0,0,0,0,0,0,211,0,0,0,0,0,26609,0,57,0,0,0,0,0,0,0,243,0,98,0,0,60,0,0,0,0,0,12,49,55,0,21,0,0,0,0,0,0,5,0,0,0,0,0,0,0,2,0,2,0,0,111743,0,0,0,0,1,1,0,0,0,293,0,0,2,0,0,2,0,0,0,0,103,0,0,0,23,0,0,0,0,0,0,0,0,0,0,103,0,0,0,0,76,0,0,0,31944
4062b3f0-c1d4-4bdf-ad81-65b6be9e71b6,ROCK,20,0,0,0,0,1,1,0,0,0,1,0,0,2,0,0,1,0,0,0,0,54,44,1,0,27,100,0,0,0,0,0,0,0,0,0,0,0,0,543,0,0,0,1,0,26637,0,0,0,0,0,0,0,0,0,135,0,91,0,0,0,0,0,0,0,0,104,53,76,0,13,0,0,0,0,0,0,59,0,0,0,0,0,0,245,0,0,0,0,0,111860,0,0,0,0,0,0,0,0,0,194,0,0,0,0,2,0,1,0,0,0,349,0,27,0,19,0,0,0,0,0,60,0,0,0,0,92,0,0,0,1,0,31,0,0,32019
da3baf1d-52db-4280-9608-bfd7ad82430e,ROCK,8,0,0,0,0,2,0,5,0,1,0,0,0,1,0,0,4,0,0,0,0,67,3,1,0,0,31,0,0,0,0,0,0,0,0,0,0,0,0,807,0,2,0,0,0,26664,0,0,0,0,0,0,0,0,0,57,0,0,0,0,0,0,0,0,0,0,212,1,173,0,4,0,0,0,0,0,362,115,0,0,0,0,0,0,0,0,0,0,0,0,112059,0,0,0,0,0,0,0,0,5,46,0,0,0,6,47,0,0,0,0,0,449,0,107,0,3,0,0,0,0,23,0,47,0,0,11,173,0,0,0,5,0,1,0,1,32072
9c7c90ea-2af4-4d4d-9a32-bba595ccd98d,ROCK,10,0,0,0,0,1,2,0,0,2,0,0,0,1,0,0,0,0,0,0,0,89,36,2,0,1,19,0,0,0,0,0,0,0,0,0,0,0,0,228,0,1,0,0,0,26687,0,0,0,0,0,0,0,0,0,78,0,2,0,0,0,0,0,0,0,0,73,0,180,0,6,0,0,0,0,0,5,38,0,0,0,0,0,0,0,0,0,0,0,0,112138,0,0,0,0,0,0,5,0,0,7,0,0,0,0,1,0,0,0,0,0,171,1,110,0,0,0,0,0,0,0,0,0,0,0,0,22,0,0,0,3,0,62,0,0,32092
3411e5a9-ed9f-46cf-8d93-a77d57917938,ROCK,16,0,0,0,0,1,0,0,0,82,0,0,0,0,0,0,0,0,0,0,0,0,0,0,0,7,0,1,0,0,0,0,0,0,0,0,0,0,0,258,0,1,0,2,0,26698,0,0,0,0,0,0,0,0,0,22,0,11,0,0,0,0,0,0,0,0,71,94,71,0,0,0,0,0,0,0,49,34,0,0,0,0,0,0,0,0,0,0,0,0,112196,0,0,0,0,0,0,0,0,0,22,0,0,0,0,2,0,0,0,0,0,122,0,71,0,1,0,0,0,0,0,0,0,0,0,0,50,0,0,0,83,0,1,0,0,32107
e158fe71-e8d1-4195-b7a6-354e45e36634,ROCK,12,0,0,0,0,2,0,0,0,144,2,0,0,1,0,0,1,0,0,0,0,1,0,0,35,25,17,0,0,0,0,0,0,0,0,0,0,0,0,597,0,1,0,1,0,26728,0,0,0,0,0,0,0,0,0,91,0,10,0,0,0,0,0,0,0,0,177,47,149,0,5,0,0,0,0,0,247,101,0,0,0,0,0,0,0,0,0,0,0,0,112376,0,0,0,0,0,0,0,0,0,92,0,0,0,5,67,0,0,0,0,0,301,0,18,0,6,0,0,33,38,0,0,0,0,0,0,220,0,0,0,46,0,1,0,0,32154
e77dd586-257f-4ea0-8e18-c3d6dda490a8,ROCK,16,0,0,0,0,1,2,0,0,51,0,0,0,2,0,0,1,0,0,0,0,64,18,1,0,0,14,0,0,0,0,0,0,0,0,0,0,0,0,227,0,1,0,1,0,26755,0,0,0,0,0,0,0,0,0,36,0,11,0,0,0,0,0,0,0,0,70,3,154,0,1,0,0,0,0,0,0,38,0,0,0,0,0,0,70,0,0,0,0,0,112446,0,0,0,0,0,0,0,0,0,93,33,0,0,0,1,0,0,0,0,0,0,0,53,0,5,0,0,0,0,0,0,0,0,0,0,51,0,0,0,2,96,49,0,0,32179
ce4a15f6-c6f0-42e9-b2f4-cb099118aff6,SCISSORS,5,0,0,0,0,0,0,0,0,0,0,0,0,0,0,0,0,0,0,0,0,0,73,0,0,0,3,0,0,0,0,0,0,0,0,0,0,0,0,514,0,0,0,0,0,26757,0,29,0,0,0,0,0,0,0,35,0,4,0,0,1,0,0,0,0,0,155,0,100,0,2,0,0,0,0,0,153,83,0,0,0,0,0,0,0,3,0,25,0,0,112597,0,0,0,0,2,0,0,0,38,53,0,0,0,0,0,1,0,0,0,0,318,0,64,0,3,0,0,0,0,0,0,0,0,0,0,111,0,0,0,0,0,0,0,0,32217
df478420-f9bc-4cab-8fc5-b6c3f0bdfd3a,ROCK,11,0,0,0,0,1,3,0,0,100,4,0,0,1,0,0,2,0,0,0,0,1,109,2,0,153,10,0,0,0,0,0,0,0,0,0,0,0,0,78,0,2,0,1,0,26799,0,16,0,0,0,0,0,0,0,218,0,0,0,0,0,0,0,0,0,0,14,0,199,0,11,0,0,0,0,0,2,7,0,0,0,0,0,0,0,0,0,0,0,0,112637,0,0,0,0,0,0,0,0,0,153,0,0,0,0,72,0,0,0,0,0,139,2,48,0,12,0,0,0,0,0,0,0,0,0,0,36,0,0,0,3,0,2,0,0,32262
53169c45-9273-4338-a705-1f9fd8bc08b0,ROCK,5,0,0,0,0,0,1,0,0,33,0,0,0,0,0,0,0,0,0,0,0,42,0,0,21,0,1,0,0,0,0,0,0,0,0,0,0,0,0,224,0,1,0,1,0,26816,0,2,0,0,0,0,0,0,0,64,0,0,0,0,0,0,0,0,0,0,57,1,157,0,7,0,0,0,0,3,0,33,0,0,0,0,0,0,0,0,0,0,0,0,112703,0,0,0,0,0,0,0,0,0,29,0,0,0,0,5,0,0,0,0,0,129,0,69,0,2,0,0,0,0,0,0,0,0,0,0,7,4,0,0,77,0,2,0,0,32287
302d2803-b8fe-4dd2-897a-8f8efbc26a2b,ROCK,8,0,0,0,0,1,1,0,0,0,11,0,0,1,0,0,2,0,0,0,0,73,1,0,0,174,24,0,0,0,0,0,0,0,0,0,0,0,0,183,0,0,0,0,0,26856,0,0,0,0,0,0,0,0,0,252,0,0,0,0,0,0,0,0,0,0,20,0,162,0,18,0,0,0,0,0,8,11,0,0,0,0,0,0,0,0,0,0,0,0,112761,0,13,0,0,0,0,0,0,0,188,0,0,0,4,1,0,0,0,0,0,28,40,14,0,14,0,0,0,0,0,0,0,0,0,0,59,12,0,0,58,0,40,0,0,32342
5ddb3904-b003-44ed-84a1-ed7be3b45de7,ROCK,11,0,0,0,0,0,0,0,0,94,2,0,0,2,0,0,1,0,0,0,0,2,70,2,0,28,25,0,0,0,0,7,0,0,0,0,0,0,0,264,0,1,0,0,0,26885,0,0,0,0,0,0,0,0,0,106,0,14,0,0,0,0,0,0,0,0,66,139,74,0,5,0,0,0,0,0,66,28,0,0,0,0,0,0,0,0,0,0,0,0,112834,0,0,0,0,0,0,0,0,0,114,0,0,0,0,50,0,0,0,0,0,180,71,0,0,3,0,0,0,0,0,0,0,0,0,0,74,0,0,0,2,0,4,0,0,32371
d0dac5c6-9763-42b8-9db9-acc093f8ce4f,ROCK,7,0,0,0,0,3,1,0,0,201,0,0,0,1,0,0,0,0,0,0,0,0,0,0,0,0,0,0,0,0,0,0,0,0,0,0,0,0,0,59,0,0,0,0,0,26898,0,0,0,0,0,0,0,0,0,0,0,2,0,0,0,0,0,0,0,0,44,70,86,0,0,0,0,0,0,0,0,26,0,0,0,0,0,0,37,0,0,0,0,0,112868,6,0,0,0,0,0,0,0,0,13,0,0,0,0,0,0,0,0,0,0,72,0,36,0,0,0,0,0,0,0,0,0,0,0,0,105,0,0,0,1,0,32,0,0,32383
71c25b37-8431-4801-9420-697b23d40230,PAPER,13,0,0,0,0,0,0,0,0,0,12,0,0,0,0,1,0,0,0,0,0,0,51,0,0,116,0,0,0,0,0,0,0,0,0,0,0,0,0,235,4,0,49,0,0,26924,0,108,0,0,2,0,0,0,0,105,0,0,0,0,0,0,0,0,0,0,70,1,74,0,4,0,0,0,0,6,0,40,0,0,0,0,0,0,0,0,57,0,1,0,112944,0,0,0,0,0,0,0,0,0,124,0,0,0,0,0,0,0,0,0,0,152,0,165,0,7,0,0,0,0,0,0,0,0,0,0,20,0,0,0,0,0,0,0,0,32401
ef2a79e7-f119-4821-b74b-182dd59d781a,ROCK,20,0,0,0,0,0,1,0,0,105,0,0,0,0,0,0,1,0,0,0,0,0,74,0,0,0,26,0,0,0,0,0,0,0,0,0,0,0,0,186,0,1,0,3,0,26939,0,0,0,0,0,0,0,0,0,22,0,0,0,0,0,0,0,0,0,0,161,0,118,1,2,0,0,0,0,0,45,48,0,0,0,0,0,0,0,0,0,0,0,0,113016,0,0,0,0,0,0,0,0,0,11,0,0,0,0,4,0,0,0,0,0,154,0,117,0,1,0,0,0,0,0,0,0,0,0,0,46,0,0,0,62,0,2,0,0,32423
a68399f3-ef14-459c-8fbb-bf2ce2673994,ROCK,7,0,0,0,0,1,1,0,0,101,2,0,0,2,0,0,3,4,0,0,0,94,30,4,0,35,56,0,0,0,0,0,0,0,0,0,5,0,0,885,0,1,0,0,0,26980,0,3,0,0,0,0,0,0,0,167,0,0,0,0,0,0,0,0,0,0,247,0,187,0,13,0,0,0,0,0,474,133,0,0,0,0,0,0,0,0,0,0,0,0,113266,0,0,0,0,0,0,0,23,5,71,0,0,0,0,1,0,0,0,0,0,509,44,78,0,3,0,41,0,0,0,43,0,0,0,0,291,0,0,7,10,0,55,0,43,32477
852675bf-c398-4b8d-8e60-8e52d5aa1d4e,ROCK,20,0,0,0,0,1,2,0,0,0,5,0,0,3,0,0,0,0,0,0,0,146,49,1,0,29,13,0,0,0,0,0,0,0,0,0,0,0,0,219,0,0,0,2,0,27015,0,26,0,0,0,0,0,0,0,135,0,0,0,0,0,0,0,0,0,0,52,1,175,0,8,0,0,0,0,0,27,29,0,0,0,0,0,0,17,0,0,0,0,0,113337,0,0,0,0,0,0,0,0,0,116,0,0,0,0,43,0,0,0,0,0,0,117,6,0,2,0,0,0,0,0,0,0,0,0,0,19,0,0,0,3,162,2,0,0,32504
2166fad2-7f58-47b9-b054-b83fc358c763,SCISSORS,11,0,0,0,0,0,0,0,0,0,5,0,0,0,0,0,0,0,0,0,0,0,0,0,0,60,67,0,0,0,0,0,0,0,0,0,0,0,0,308,0,0,0,0,0,27028,0,49,0,0,0,0,0,0,0,22,0,0,0,0,0,0,0,0,0,0,117,0,73,0,2,0,0,0,0,0,12,63,0,0,0,0,0,0,48,53,0,1,0,0,113429,0,0,0,0,0,0,0,0,21,55,0,0,0,0,0,0,0,0,0,0,208,73,0,1,4,0,0,0,0,0,0,0,0,0,0,77,0,0,0,1,0,0,0,0,32531
6591a57b-7c10-4c46-9a1e-ee287c356e5c,ROCK,11,0,0,0,0,0,1,0,0,79,0,0,0,2,0,0,1,3,0,0,0,1,1,0,0,0,94,0,0,0,0,0,0,0,0,0,0,0,0,300,0,2,0,1,0,27054,0,3,0,0,0,0,0,0,0,86,0,0,0,0,0,0,0,0,0,0,76,1,117,0,5,0,0,0,0,0,80,43,0,0,0,0,0,0,0,74,0,0,0,0,113522,0,0,0,0,0,0,0,0,0,34,0,0,0,0,2,0,0,0,0,0,310,0,57,0,0,0,0,0,0,0,0,0,0,0,0,40,0,0,7,1,0,34,0,0,32550
d634e63c-14d7-47c2-a2c1-4c1b3074c7f3,SCISSORS,16,0,0,0,0,0,0,0,0,0,2,0,0,0,0,0,0,0,0,0,0,0,0,0,0,12,78,0,0,0,0,0,0,0,0,0,0,0,0,359,0,0,0,0,0,27061,0,53,0,0,0,0,0,0,0,19,0,0,0,0,2,0,0,0,0,0,115,0,74,0,4,0,0,0,0,0,0,57,0,0,0,0,0,0,105,4,0,18,0,0,113634,0,0,0,0,0,0,0,0,38,1,0,0,0,0,0,0,0,0,0,0,244,0,74,0,0,0,6,0,0,0,0,0,0,0,0,87,0,0,0,0,0,0,1,0,32572
7256e46e-b05b-4194-9121-5bced7c1fdbc,SCISSORS,9,0,0,0,0,0,0,0,0,0,0,0,0,0,0,0,0,0,0,0,0,0,75,0,0,0,59,0,0,0,0,0,0,0,0,0,0,0,0,318,0,0,0,0,0,27063,0,64,0,0,0,0,0,0,0,12,0,0,0,0,2,0,0,0,0,0,95,35,0,0,0,0,0,0,0,27,137,49,0,0,0,0,0,0,0,2,0,29,0,0,113715,0,0,0,0,1,0,0,0,38,55,0,0,1,0,0,1,0,0,0,0,279,0,0,0,9,0,0,0,0,0,0,0,0,0,0,67,0,0,0,0,0,0,1,0,32608
524f3873-dfd5-4c95-a27a-8f3ac107d4d5,ROCK,13,0,0,0,0,0,1,0,0,88,0,0,0,2,0,0,0,0,0,0,0,0,66,0,0,0,0,0,0,0,0,0,0,0,0,0,0,0,0,213,0,4,0,0,0,27079,0,18,0,0,0,0,0,0,0,38,0,0,0,0,0,0,0,0,0,0,49,66,104,0,3,0,0,0,0,0,66,30,0,0,0,0,0,0,0,0,0,0,0,0,113764,0,0,0,0,0,0,0,0,0,63,0,0,0,0,3,0,0,0,0,0,148,2,69,0,5,0,0,0,0,0,59,0,0,0,0,0,0,0,0,24,0,1,0,0,32636
84c134fe-a44d-4356-8049-9ea56c8aaf09,ROCK,16,0,0,0,0,3,0,0,0,0,0,0,0,0,0,0,1,0,0,0,0,82,1,0,0,0,24,0,0,0,0,0,0,0,0,0,0,0,0,216,0,0,0,0,0,27092,0,4,0,0,0,0,0,0,0,36,0,0,0,0,0,0,0,0,0,0,58,0,183,0,2,0,0,0,0,0,9,35,0,0,0,0,0,0,0,0,0,0,0,0,113821,0,12,0,0,0,0,0,0,0,19,0,0,0,0,51,0,0,0,0,0,118,0,111,0,0,0,0,0,0,0,0,0,0,0,0,6,0,0,0,5,0,5,0,0,32663
5e8b9f03-ee52-4dc8-8037-2673fb80e814,ROCK,10,0,4,0,0,0,2,0,0,37,0,0,0,0,0,0,2,0,0,0,0,1,0,0,0,0,8,0,0,0,0,0,0,0,0,0,0,0,0,685,0,4,0,0,0,27109,0,0,0,0,0,0,0,0,0,67,0,31,0,0,0,0,0,0,0,0,144,48,73,0,6,0,0,0,0,0,289,77,0,0,0,0,0,0,8,0,0,0,0,0,113952,0,0,0,0,0,0,0,0,0,94,0,0,0,0,3,0,0,0,0,0,315,0,102,0,6,0,0,0,0,0,0,0,0,0,0,143,0,0,0,37,0,3,0,40,32709
4ffb4bac-cece-480b-865d-3c5da772979e,SCISSORS,17,0,0,0,0,0,0,0,0,0,0,0,0,0,0,0,0,0,0,0,0,0,71,0,0,0,1,0,0,0,0,0,0,0,0,0,0,0,0,232,0,0,0,0,0,27111,0,0,0,0,0,0,0,0,0,61,0,3,0,0,12,0,0,0,0,0,62,43,0,0,5,0,0,0,0,0,62,32,0,0,0,0,0,0,22,1,0,1,0,0,114029,0,0,0,0,0,1,0,0,19,0,0,0,2,0,0,1,0,0,0,0,195,0,62,0,0,0,0,0,0,0,0,0,0,0,0,22,0,0,0,0,1,0,1,0,32726
66275b5f-eded-451e-923a-065bfefb62e8,ROCK,10,0,0,0,0,1,0,0,0,54,0,0,0,0,0,0,0,5,0,0,0,0,62,0,0,0,17,0,0,0,0,0,0,0,0,0,0,0,0,489,4,0,0,0,0,27127,0,0,0,0,0,0,0,0,0,88,0,2,0,0,0,0,0,0,0,0,193,70,62,0,3,0,0,0,0,0,0,105,0,0,0,1,0,0,108,0,0,0,0,0,114214,0,22,0,0,0,0,0,0,0,39,0,0,0,0,2,0,0,0,0,0,401,0,43,4,1,0,0,0,0,0,0,0,0,0,0,99,0,0,7,2,0,12,0,0,32752
10f611f7-8853-4cd4-b16d-759ab03a2442,SCISSORS,17,0,0,0,0,0,0,0,0,0,0,0,0,0,0,0,0,0,0,0,0,0,84,1,0,0,1,0,0,0,0,0,0,0,0,0,0,0,0,273,0,0,0,0,0,27130,0,0,0,0,0,0,0,0,0,16,0,54,0,0,19,0,0,0,0,0,117,0,75,0,2,0,0,0,0,0,20,56,0,0,0,0,0,0,0,0,0,0,0,0,114293,0,0,0,0,0,1,0,0,30,0,0,0,0,0,0,0,0,0,0,0,219,0,75,0,0,0,0,0,0,0,0,0,0,0,0,34,0,0,0,0,0,0,0,0,32763
64d5a9fb-df83-41c6-aced-6b16f39c7d10,SCISSORS,18,0,0,0,0,0,0,0,0,0,0,0,0,0,0,0,0,0,0,0,0,0,63,0,0,0,0,0,0,0,0,0,0,0,0,0,0,0,0,220,0,0,0,0,0,27131,0,0,0,0,0,0,0,0,0,18,0,63,0,0,1,0,0,0,0,0,69,35,0,0,1,0,0,0,0,0,39,41,0,0,0,0,0,0,0,0,0,16,0,0,114363,0,0,0,0,1,0,0,0,24,0,0,0,2,0,0,0,0,0,0,9,206,0,0,0,0,0,0,0,0,0,0,0,0,0,0,40,0,0,0,0,0,0,1,0,32783
361db8be-f742-4778-b7ba-3e2c01da0f4c,ROCK,9,0,0,0,0,0,1,0,0,86,0,0,0,0,0,0,0,0,0,0,0,1,0,0,0,0,0,0,0,0,0,0,0,0,0,0,0,0,0,409,0,2,0,0,0,27141,0,0,0,0,0,0,0,0,0,29,0,0,0,0,0,0,0,0,0,0,104,175,0,0,4,0,0,0,0,0,128,59,0,0,0,0,0,0,0,0,0,0,0,0,114451,0,0,0,0,0,0,0,0,0,21,0,0,0,0,3,0,0,9,0,6,296,0,39,0,0,0,0,0,0,0,0,0,0,0,0,65,0,0,0,0,0,60,0,0,32812
90233f21-9460-4201-a618-f6548eb74cb2,SCISSORS,11,0,0,0,0,0,0,0,0,0,0,0,0,0,0,0,0,0,0,0,0,0,82,0,0,0,0,0,0,0,0,0,0,0,0,0,0,0,0,200,0,0,0,0,0,27142,0,0,0,0,0,0,0,0,0,56,0,0,0,0,1,0,0,0,0,0,61,56,48,0,0,0,0,0,0,0,0,30,0,0,0,0,0,0,0,30,0,0,0,0,114499,0,0,0,0,0,1,0,0,35,0,0,0,1,0,0,1,0,0,0,0,166,0,55,0,0,0,0,0,0,0,0,0,0,0,0,22,0,0,0,0,0,0,1,0,32825
6fbbfd5a-677a-42a1-af46-fb067ea5cbaa,ROCK,11,0,0,0,0,1,0,0,0,55,0,0,0,0,0,0,5,0,0,0,0,1,86,0,0,0,0,0,0,0,0,0,0,0,0,0,18,0,0,205,0,0,0,1,0,27164,0,0,0,0,0,0,0,0,0,28,0,0,0,0,0,0,0,0,0,0,57,137,75,0,2,0,0,0,0,0,0,26,0,0,0,0,0,0,47,0,0,0,0,0,114546,0,0,0,0,0,0,0,0,0,72,0,0,0,0,1,0,0,0,0,0,157,2,45,0,7,0,0,0,0,0,0,38,0,0,0,8,0,0,0,41,0,1,0,0,32854
be6fa598-cc58-4e48-bccb-81b502fde829,ROCK,17,0,0,0,0,0,1,0,0,105,0,0,0,1,0,0,2,0,0,0,0,3,44,1,0,0,10,0,0,0,0,0,0,0,0,0,0,0,0,252,0,3,0,1,0,27193,0,0,0,0,0,0,0,0,0,75,0,0,0,0,0,0,0,0,0,0,63,180,1,0,3,13,0,0,0,0,50,38,0,0,0,0,0,0,0,0,0,0,0,0,114615,0,7,0,0,0,0,0,0,0,27,0,0,0,0,60,0,0,0,0,0,145,0,108,0,3,0,0,0,0,0,31,0,0,0,0,38,0,0,0,2,0,2,0,0,32878
1c413c2d-6ee0-4419-9b70-7bb398e09a42,SCISSORS,11,0,0,0,0,0,0,0,0,79,0,0,0,0,0,0,0,0,0,0,0,0,69,0,0,0,6,0,0,0,0,0,0,0,0,0,0,0,0,392,0,0,0,0,0,27199,0,0,0,0,0,0,0,0,0,45,0,6,0,0,14,0,0,0,0,0,137,71,45,0,4,0,0,0,0,0,148,75,0,0,0,0,0,0,0,1,0,0,0,0,114754,0,0,0,0,24,0,0,0,1,10,0,0,1,0,0,0,0,0,0,7,318,0,71,0,1,0,0,0,0,19,0,0,0,0,7,86,0,0,0,0,1,0,0,0,32913
98baafc0-2ce6-46ad-b6ca-aca72335cedd,SCISSORS,8,0,0,0,0,0,0,0,0,0,0,0,0,0,0,0,0,0,0,0,0,0,0,0,6,2,0,0,0,0,0,1,0,0,0,0,0,0,3,0,0,0,0,5,0,0,0,0,0,0,0,0,0,0,0,0,0,0,0,0,0,0,0,2,0,4,0,0,0,0,0,0,0,0,4,0,0,0,0,0,0,0,0,0,2,0,26,0,0,0,0,0,0,0,0,0,2,0,0,0,0,0,0,0,0,0,1,0,2,0,0,0,0,0,0,0,0,1,0,0,0,4,0,0,0,0,2,0,0,8
9986b83f-79e6-4a37-a7f8-ff239ce9efe7,SCISSORS,6,0,0,0,0,0,0,0,0,0,0,0,0,0,0,0,0,0,0,0,0,5,0,0,1,2,0,0,0,0,0,1,0,0,0,0,0,0,2,0,0,0,0,7,0,0,0,0,0,0,0,0,0,6,0,0,0,0,0,0,0,0,0,2,0,0,0,0,0,0,0,0,0,0,0,0,0,0,0,0,0,1,2,0,0,0,19,0,0,1,0,0,0,0,0,0,0,0,0,0,0,0,0,0,3,0,2,0,2,0,0,0,0,0,0,0,0,1,0,0,0,0,0,0,0,0,2,0,0,14
aa952eb1-6b6e-4ee1-b653-b42c3090a390,SCISSORS,6,0,0,0,0,0,0,0,0,0,0,0,2,0,0,0,0,0,0,0,0,0,0,0,0,0,0,0,0,0,0,1,0,0,0,0,0,0,0,0,0,0,0,1,0,0,0,0,0,0,0,0,0,0,0,0,0,2,0,0,0,0,0,1,0,0,0,0,0,0,0,0,0,0,0,0,0,0,0,0,0,0,0,0,0,0,7,0,0,0,0,0,0,0,0,0,0,0,0,0,0,0,0,0,0,0,0,0,0,0,0,0,0,0,0,0,0,1,0,0,0,0,0,0,0,0,2,0,0,4
6964dc3a-612d-42a2-9c10-8c2c0680bf44,SCISSORS,8,0,0,0,0,0,0,0,0,0,0,0,0,0,0,0,0,0,0,0,0,0,0,0,0,2,0,0,0,0,0,0,0,0,0,0,0,0,2,0,0,0,0,11,0,0,0,0,0,0,0,0,0,2,0,0,0,1,0,0,0,0,0,1,0,0,0,0,0,0,0,0,0,0,0,0,0,0,0,0,0,0,0,0,0,0,31,0,0,0,0,0,0,0,0,0,0,0,0,0,0,0,0,0,0,0,0,0,0,0,0,0,0,0,0,0,0,0,0,0,0,0,0,0,0,0,4,0,0,8
d19061cb-2b78-4bdc-96a5-a2abcd8b895f,SCISSORS,5,0,0,0,0,0,0,0,0,0,0,0,0,0,0,0,0,0,0,0,0,5,0,0,1,0,0,0,0,0,0,0,0,0,0,0,0,0,4,0,0,0,0,12,0,0,0,0,0,0,0,0,0,1,0,0,0,0,0,0,0,0,0,1,0,2,0,0,1,0,0,0,0,0,2,0,0,0,0,0,0,0,0,0,3,0,38,0,0,0,0,0,0,0,0,0,2,0,0,0,0,0,0,0,0,0,0,0,2,0,0,0,0,0,0,0,0,0,0,0,0,0,0,0,0,0,6,0,0,27
7dfa6fe1-faac-489d-8163-e1afe991603b,SCISSORS,5,0,0,0,0,0,0,0,0,0,0,0,0,0,0,0,0,0,0,0,0,0,2,0,0,0,0,0,0,0,0,0,0,1,0,0,0,0,0,0,0,0,0,0,0,0,2,0,1,0,0,0,0,0,0,0,0,0,0,0,0,0,0,0,0,0,0,0,0,0,1,0,0,0,0,0,0,0,0,0,0,0,0,0,0,0,0,1,0,0,0,0,6,0,0,0,0,0,0,0,0,1,0,0,0,0,0,0,0,0,0,0,0,0,0,0,0,0,0,0,0,0,0,0,2,0,0,0,0,0,0,0,0,0,0,0,0,0,2
02f2f084-8a7a-4a7c-815e-1657d5aa8e15,SCISSORS,7,0,0,0,0,0,0,0,0,0,0,0,0,0,0,0,0,0,0,0,0,0,0,0,0,0,0,0,0,0,0,0,0,1,0,0,0,0,0,0,2,0,0,0,0,0,4,0,0,0,0,0,0,0,0,0,0,0,0,0,0,0,0,1,0,0,0,0,0,0,1,0,0,1,0,0,0,0,0,0,0,0,0,0,0,0,0,0,0,0,0,0,12,0,0,0,0,0,0,0,0,0,0,0,0,0,0,0,0,0,0,0,0,0,0,0,1,0,0,0,0,0,0,0,2,0,0,0,0,0,0,0,0,0,0,0,0,0,8
290efda0-af76-4530-a6f0-3b0e08117a51,SCISSORS,7,0,0,0,0,0,0,0,0,0,0,0,0,0,0,0,0,0,0,0,0,0,2,0,0,0,0,0,0,0,0,0,0,1,0,0,0,0,0,0,1,0,0,0,0,0,8,0,0,0,0,0,0,0,0,0,0,0,0,0,0,0,0,1,0,0,0,0,0,1,1,0,0,0,0,0,0,0,0,0,0,0,0,0,0,0,0,0,0,1,0,0,24,0,0,0,0,0,1,0,0,0,0,0,0,0,0,0,0,0,0,0,0,0,0,0,1,0,0,0,0,0,0,0,2,0,0,0,0,0,0,0,0,0,0,0,0,0,12
4ffc8f79-6369-4460-b2f3-a47793734082,SCISSORS,5,0,0,0,0,0,0,0,0,0,0,0,0,0,0,0,0,0,0,0,0,0,0,0,1,4,0,0,0,0,0,0,0,1,0,0,0,0,0,0,0,0,0,0,0,0,14,0,0,0,0,0,0,0,0,0,0,0,0,0,0,0,0,2,0,0,0,0,0,0,2,0,0,0,0,0,0,0,0,0,0,0,0,0,0,0,0,0,0,2,0,0,30,0,0,0,0,0,0,0,0,2,0,0,0,0,0,0,0,0,0,0,0,0,0,0,0,0,0,0,0,0,0,0,2,0,0,0,0,2,0,0,0,0,0,0,0,0,20
9efb8a04-502c-45d4-8d43-dde4a42547db,PAPER,7,0,0,0,0,0,0,0,0,0,0,0,0,0,0,0,0,0,0,0,0,0,0,0,0,0,0,0,0,0,0,0,0,2,0,0,0,0,0,0,0,1,0,0,0,0,18,0,0,0,0,0,0,0,0,0,0,0,0,0,0,0,0,1,0,0,0,0,0,0,0,0,0,0,0,0,0,0,0,0,0,0,0,0,0,0,1,0,1,0,0,0,38,0,0,0,0,0,0,0,0,0,0,0,0,0,0,0,0,0,0,0,0,0,0,1,1,0,0,0,0,0,0,0,1,0,0,0,0,0,0,0,0,0,0,0,0,0,24
79ea62e0-0dfc-40d8-b377-b2944195cfaa,ROCK,5,0,0,0,0,0,0,0,0,0,0,0,0,0,0,0,0,0,0,0,0,1,0,0,3,0,0,0,0,0,0,0,0,4,0,0,0,0,0,0,2,0,0,0,0,0,29,0,4,0,0,0,0,0,0,0,0,0,0,0,0,0,0,1,0,0,0,0,0,2,0,0,1,1,0,0,0,0,0,0,0,0,0,0,0,0,1,0,0,0,0,0,48,0,0,0,0,0,0,0,0,0,0,0,0,0,0,0,0,0,0,0,0,0,0,1,3,2,0,0,0,0,0,0,2,0,0,0,0,2,0,0,0,0,0,0,0,0,36
88699920-a4f7-4dcb-b3a0-427ac693d618,ROCK,7,0,0,0,0,0,0,0,0,0,0,0,0,0,0,0,1,0,0,0,0,6,0,0,0,0,0,0,0,0,0,0,0,0,0,0,0,0,0,0,1,0,0,0,1,0,44,0,2,0,0,0,0,0,0,0,0,0,0,0,0,0,0,0,0,0,0,0,0,7,0,0,0,0,0,0,0,0,0,0,0,0,0,0,0,0,0,0,0,0,0,0,53,0,0,0,0,0,0,0,0,0,0,0,0,0,0,0,0,0,0,0,0,0,0,0,0,0,0,0,0,0,0,0,2,0,0,0,0,0,0,0,0,7,0,0,0,0,46
f28a5201-cb27-41dc-abf1-e3bd4104112a,PAPER,7,0,0,0,0,0,0,0,0,0,0,0,0,0,0,2,0,0,0,0,0,1,2,0,1,1,0,0,0,0,0,0,0,2,0,0,0,0,0,0,0,0,0,0,0,0,55,0,4,0,0,0,0,0,0,0,0,0,0,0,0,0,0,0,0,0,0,0,0,2,1,0,0,0,0,0,0,0,0,0,0,0,0,0,0,0,0,0,2,0,0,0,65,0,0,0,0,0,0,0,0,0,0,0,0,0,0,0,0,0,0,0,0,0,0,2,3,0,1,0,0,0,0,0,2,0,0,0,0,1,0,0,0,0,0,0,0,0,56
e40f3e6d-8be3-4b74-a995-40e8e683f9bd,SCISSORS,7,0,0,0,0,0,0,0,0,0,0,0,0,0,0,0,0,0,0,0,0,0,1,1,0,0,0,0,0,0,0,0,0,2,0,0,0,0,0,0,1,0,0,0,0,0,60,0,2,0,0,0,0,0,0,0,0,0,0,0,0,0,0,0,0,0,0,0,0,0,1,0,0,0,0,0,0,0,0,0,0,0,0,0,0,0,1,1,0,0,0,0,74,0,0,0,0,0,0,0,0,1,0,0,0,0,0,0,0,0,0,0,0,0,0,0,0,0,0,0,0,0,0,0,3,0,0,0,0,1,0,0,0,0,0,0,0,0,62
01d7bb58-c256-4875-af2b-f07b879f91c6,ROCK,6,0,0,0,0,0,0,0,0,5,0,0,0,0,0,0,0,0,0,0,0,0,3,0,0,0,0,0,0,0,0,0,0,1,0,0,0,0,0,0,0,0,0,0,0,0,70,0,1,0,0,0,0,0,0,0,0,0,0,0,0,0,0,0,0,0,0,0,0,6,2,0,0,0,0,0,0,0,0,0,0,0,0,0,0,0,0,0,0,0,0,0,78,0,0,0,0,0,0,0,0,0,0,0,0,0,0,0,0,0,0,0,0,0,0,2,1,0,0,0,0,0,0,0,3,0,0,0,0,0,0,0,0,0,0,3,0,0,68
2f255c26-668f-44dd-9c57-774e7e781e72,SCISSORS,9,0,0,0,0,0,0,0,0,1,0,0,0,0,0,0,0,0,0,0,0,0,0,0,0,0,0,0,0,0,0,0,0,2,0,0,0,4,0,0,3,0,0,0,0,0,76,0,4,0,0,0,0,0,0,0,0,0,0,0,0,0,0,0,0,0,0,0,0,3,0,0,0,0,0,0,0,1,0,0,0,0,0,0,0,0,0,2,0,0,0,0,96,0,0,0,0,0,0,0,0,2,0,0,0,0,0,0,0,0,0,0,0,0,0,0,4,0,0,0,0,0,0,0,4,0,0,0,0,0,0,0,0,0,0,0,0,0,75
8164279e-d4fb-415c-9dea-f8ba6b7f219a,SCISSORS,7,0,0,0,0,0,0,0,0,0,0,0,0,0,0,0,0,0,0,0,0,0,2,0,0,0,0,0,0,0,0,0,0,4,0,0,0,3,0,0,3,0,0,0,0,0,86,0,3,0,0,0,0,0,0,0,0,0,0,0,0,2,0,0,0,0,0,0,0,1,3,0,1,0,0,0,0,0,0,0,0,0,0,0,0,0,2,0,0,0,0,0,115,0,0,0,0,0,0,0,0,2,0,0,0,0,0,0,0,0,0,0,0,0,0,0,3,0,0,0,0,0,0,0,5,0,0,0,0,2,0,0,0,0,0,0,0,0,84
5035e3eb-9f14-4ec5-8fe4-479e438244b2,ROCK,6,0,0,0,0,0,0,0,0,1,0,0,0,1,0,0,0,0,0,0,0,0,0,0,0,0,0,0,0,0,0,0,0,2,0,0,0,2,0,0,0,0,0,0,0,0,95,0,1,0,0,0,0,0,0,0,0,0,0,0,0,0,0,0,0,0,0,0,0,4,0,1,0,0,0,0,0,0,0,0,0,0,0,0,0,0,0,0,0,0,0,0,117,0,0,0,0,0,0,0,0,0,0,0,0,0,0,2,0,0,0,0,0,0,0,0,2,0,0,0,0,0,0,0,2,0,0,0,0,0,0,0,0,0,0,0,0,0,88
dbf44087-4c71-4fb6-add9-2efdd88c1783,SCISSORS,6,0,0,0,0,0,0,0,0,1,0,0,0,0,0,0,0,0,0,0,0,0,0,0,0,0,0,0,0,0,0,0,0,0,0,0,0,0,0,0,2,0,0,0,0,0,96,0,2,0,0,0,0,0,0,0,0,0,0,0,0,0,0,0,0,0,0,0,0,0,0,0,0,0,0,0,0,0,0,0,0,0,0,0,0,0,0,0,0,1,0,0,122,0,0,0,0,0,0,0,0,1,0,0,0,0,0,0,0,0,0,0,0,0,0,0,0,0,0,0,0,0,0,0,2,0,0,0,0,0,0,0,0,0,0,0,0,0,91
16ae0743-1ad9-4739-83d3-b909bf35f225,PAPER,5,0,0,0,0,0,0,0,0,0,0,0,0,0,0,0,0,0,0,0,0,0,0,0,1,0,0,0,0,0,0,0,0,0,0,0,0,0,0,0,4,0,0,2,0,0,99,0,1,0,0,0,0,0,0,0,0,0,0,0,0,0,0,0,0,0,0,0,0,1,1,2,0,0,0,0,0,0,0,0,0,0,0,0,0,0,0,0,2,0,0,0,132,0,1,0,0,0,0,0,0,0,0,0,0,0,0,0,0,0,0,0,0,0,0,2,2,0,0,0,0,0,0,0,2,0,0,0,0,0,0,0,0,0,0,0,0,0,96
14a9e0bd-3fdb-4ed1-ad05-d51e7d88e1cb,SCISSORS,5,0,0,0,0,0,0,0,0,0,0,0,0,0,0,0,0,0,0,0,0,0,3,0,0,0,0,0,0,0,0,0,0,3,0,0,0,0,0,0,0,0,0,0,0,0,104,0,2,0,0,0,0,0,0,0,0,0,0,0,0,0,0,0,0,0,0,0,0,0,1,0,0,0,0,0,0,1,0,0,0,0,0,0,0,0,0,2,0,0,0,0,140,0,0,0,0,0,0,0,0,1,0,0,0,1,0,0,0,0,0,0,0,0,0,0,1,0,0,0,0,0,0,0,3,0,0,0,0,0,0,0,0,0,0,0,0,0,102
4336ad4e-ca45-4550-bc8c-6ca286b1707f,ROCK,7,0,0,0,0,0,0,0,0,2,0,0,0,0,0,0,0,0,0,0,0,0,0,0,0,0,0,0,0,0,0,0,0,1,0,0,0,1,0,0,1,0,0,0,0,0,112,0,1,0,0,0,0,0,0,0,0,0,0,0,0,0,0,0,0,0,0,0,0,3,0,1,0,0,0,0,0,0,0,0,0,0,0,0,0,0,0,0,0,0,0,0,148,0,1,0,0,0,0,0,0,0,0,0,0,0,0,0,0,0,0,0,0,0,0,0,1,0,0,0,0,0,0,0,2,0,0,0,0,0,0,0,0,0,0,1,0,0,106
1b8247e1-16e6-40f3-930f-78e4d7e9c6f9,SCISSORS,9,0,0,0,0,0,0,0,0,1,0,0,0,0,0,0,0,0,0,0,0,0,0,0,0,0,0,0,0,0,0,0,0,2,0,0,0,2,0,0,1,0,0,0,0,0,116,0,1,0,0,0,0,0,0,0,0,0,0,0,0,2,0,0,0,0,0,0,0,0,0,0,0,0,0,0,0,3,0,0,0,0,0,0,0,0,0,0,0,0,0,0,153,0,1,0,0,0,0,0,0,2,0,0,0,0,0,0,0,0,0,0,0,0,0,0,0,0,0,0,0,0,0,0,1,0,0,0,0,2,0,0,0,0,0,0,0,0,110
6e1f4f88-177e-470f-b59d-48a90b393e15,SCISSORS,7,0,0,0,0,0,0,0,0,0,0,0,0,0,0,0,0,0,0,0,0,0,2,0,0,0,0,0,0,0,0,0,0,1,0,0,0,1,0,0,1,0,0,0,0,0,120,0,2,0,0,0,0,0,0,0,0,0,0,0,0,0,0,0,0,0,0,0,0,1,1,0,0,0,0,0,0,0,0,0,0,0,0,0,0,0,0,1,0,0,0,0,163,0,0,0,0,0,0,0,0,2,0,0,0,0,0,0,0,0,0,0,0,0,0,0,0,0,0,0,0,0,0,0,3,0,0,0,0,0,0,0,0,0,0,0,0,0,112
910383f3-13be-44d4-8dd6-1a2015df3743,ROCK,7,0,0,0,0,0,0,0,0,3,0,0,0,0,0,0,0,0,0,0,0,0,0,0,0,1,0,0,0,0,0,0,0,4,0,0,0,2,0,0,2,0,0,0,0,0,130,0,2,0,0,0,0,0,0,0,0,0,0,0,0,0,0,0,0,0,0,0,0,6,2,0,0,2,0,0,0,0,0,0,0,0,0,0,0,0,0,0,0,0,0,0,178,0,1,0,0,0,0,0,0,0,0,0,0,0,0,2,0,0,0,0,0,0,0,0,5,0,0,0,0,0,0,0,4,0,0,0,0,0,0,0,0,0,0,0,0,0,124
b52a0511-227b-41b3-97b3-253300a1911f,ROCK,5,0,0,0,0,0,1,0,0,5,0,0,0,0,0,0,0,0,0,0,0,0,0,0,0,0,0,0,0,0,0,0,0,0,0,0,0,4,0,0,0,0,0,0,0,0,136,0,1,0,0,0,0,0,0,0,0,0,0,0,0,0,0,0,0,0,0,0,0,6,0,2,1,0,0,0,0,0,0,0,0,0,0,0,0,0,0,0,0,0,0,0,187,0,0,0,0,0,0,0,0,0,0,0,0,0,0,1,0,0,0,0,0,0,0,1,1,0,0,0,0,0,0,0,4,0,0,0,0,1,0,0,0,0,0,2,0,0,136
5994f0ff-d165-4e6e-92e2-669f082b0ae9,ROCK,8,0,0,0,0,0,0,0,0,5,0,0,0,0,0,0,0,0,0,0,0,0,0,0,1,0,0,0,0,0,0,0,0,0,0,0,0,3,0,0,1,0,0,0,0,0,145,0,1,0,0,0,0,0,0,0,0,0,1,0,0,0,0,0,0,0,0,0,0,3,3,0,0,0,0,0,0,0,0,0,0,0,0,0,0,0,2,0,0,0,0,0,195,0,0,0,0,0,0,0,0,0,0,0,0,0,0,0,0,0,0,0,0,0,0,2,1,0,0,0,0,0,0,0,5,0,0,0,0,0,0,0,0,0,0,2,0,0,145
3bfb7777-6f0d-41b5-95b2-0d6b338a533b,ROCK,8,0,0,0,0,0,0,0,0,4,0,0,0,0,0,0,0,0,0,0,0,0,0,0,0,0,0,0,0,0,0,0,0,0,0,0,0,0,0,0,1,0,0,0,0,0,152,0,1,0,0,0,0,0,0,0,0,0,0,0,0,0,0,0,0,0,0,0,0,3,0,0,0,0,0,0,0,0,0,0,0,0,0,0,0,0,1,0,0,0,0,0,198,0,0,0,0,0,0,0,0,0,0,0,0,0,0,2,0,0,0,0,0,0,0,1,0,0,0,0,0,0,0,0,2,0,0,0,0,0,0,0,0,0,0,0,0,0,150
25a7e3ef-2c97-4494-b78c-56b421994b96,ROCK,9,0,0,0,0,0,0,0,0,4,0,0,0,0,0,0,0,0,0,0,0,0,0,0,0,0,0,0,0,0,0,0,0,0,0,0,0,1,0,0,0,0,0,0,0,0,156,0,1,0,0,0,0,0,0,0,0,0,0,0,0,0,0,0,0,0,0,0,0,0,0,4,0,0,0,0,0,0,0,0,0,0,0,0,0,0,0,0,0,0,0,0,203,0,0,0,0,0,0,0,0,0,0,0,0,0,0,0,0,0,0,0,0,0,0,0,0,0,0,0,0,0,0,0,2,0,0,0,0,0,0,0,0,0,0,3,0,0,156
45551773-eb03-49f5-acf6-67c7deb797bf,ROCK,9,0,0,0,0,0,0,0,0,3,0,0,0,0,0,0,0,0,0,0,0,0,0,0,0,0,0,0,0,0,0,0,0,0,0,0,0,0,0,0,0,0,0,0,0,0,156,0,1,0,0,0,0,0,0,0,0,0,0,0,0,0,0,0,0,0,0,0,0,0,0,0,0,2,0,0,0,0,0,0,0,0,0,0,0,0,0,0,0,0,0,0,206,0,0,0,0,0,0,0,0,0,0,0,0,0,0,0,0,0,0,0,0,0,0,0,0,0,0,0,0,0,0,0,1,0,0,0,0,0,0,0,0,2,0,0,0,0,160
d7f2dd2d-8151-43c3-a1aa-191f6dc24413,SCISSORS,5,0,0,0,0,0,0,0,0,1,0,0,0,0,0,0,0,0,0,0,0,0,3,0,3,0,0,0,0,0,0,0,0,0,0,0,0,1,0,0,1,0,0,0,0,0,163,0,4,0,0,0,0,0,0,0,0,0,0,0,0,0,0,0,0,0,0,0,0,0,0,2,0,0,0,0,0,0,0,0,0,0,0,0,0,0,1,0,0,2,0,0,220,0,4,0,0,0,0,0,0,2,0,0,0,0,0,0,0,0,0,0,0,0,0,0,1,0,0,0,0,0,0,0,1,0,0,0,0,1,0,0,0,0,0,0,0,0,167
ebe603b7-8f70-4161-8532-17e9c135cc76,ROCK,8,0,0,0,0,0,0,0,0,2,0,0,0,0,0,0,0,0,0,0,0,1,0,0,0,0,0,0,0,0,0,0,0,3,0,0,0,2,0,0,2,0,0,0,0,0,174,0,3,0,0,0,0,0,0,0,0,0,0,0,0,0,0,0,0,0,0,0,0,5,1,0,0,0,0,0,0,0,0,0,0,0,0,0,0,0,1,0,0,0,0,0,231,0,0,0,0,0,0,0,0,0,0,0,0,0,0,2,0,0,0,0,0,0,0,1,3,0,0,0,0,0,0,0,4,0,0,0,0,0,0,0,0,0,0,0,0,0,173
9d5ae848-417c-4481-8090-10599dbf2270,PAPER,9,0,0,0,0,0,0,0,0,1,0,0,0,0,0,1,0,2,0,0,0,0,1,0,1,0,0,0,0,0,0,0,0,2,0,0,0,0,0,0,0,0,0,0,0,0,180,0,1,0,0,0,0,0,0,0,0,0,0,0,0,0,0,0,0,0,0,0,0,0,0,0,0,0,0,0,0,0,4,0,0,0,0,0,0,0,1,0,2,0,0,0,236,0,3,0,0,0,0,0,0,0,0,0,0,0,0,0,0,0,0,0,0,0,0,0,2,0,0,0,0,0,0,0,3,0,0,0,0,0,0,0,0,0,0,0,0,0,179
bca0378f-a32a-47c8-954e-7555c8f1e0f4,PAPER,8,0,0,0,0,0,0,0,0,0,0,0,0,0,0,0,0,0,0,0,0,0,0,0,0,0,0,0,0,0,0,0,0,2,0,0,0,0,0,0,0,2,0,0,0,0,184,0,1,0,0,0,0,0,0,0,0,0,0,0,0,0,0,0,0,0,0,0,0,0,0,0,0,0,0,0,0,0,1,0,0,0,0,0,0,0,0,0,2,0,0,0,243,0,3,0,0,0,0,0,0,0,0,0,0,0,0,0,0,0,0,0,0,0,0,0,1,0,0,0,0,0,0,0,0,0,0,0,0,0,0,0,0,0,0,0,0,0,183
0166106a-331e-4056-b105-238ef2ffcac8,PAPER,7,0,0,0,0,0,0,0,0,0,0,0,0,0,0,1,0,0,0,0,0,0,0,0,0,0,0,0,0,0,0,0,0,2,0,0,0,1,0,0,0,0,0,0,0,0,190,0,1,0,0,0,0,0,0,0,0,0,0,0,0,0,0,0,0,0,0,0,0,0,0,0,0,0,0,0,0,0,1,0,0,0,0,0,0,0,0,0,2,0,0,0,245,0,1,0,0,0,0,0,0,0,0,0,0,0,0,0,0,0,0,0,0,0,0,2,1,0,0,0,0,0,0,0,0,0,0,0,0,0,0,0,0,0,0,0,0,0,186
93a11626-9342-41d0-a443-f57c8eab6637,ROCK,5,0,0,0,0,0,0,0,0,3,0,0,0,0,0,0,0,0,0,0,0,0,1,0,0,0,0,0,0,0,0,0,0,2,0,0,0,0,0,0,1,0,0,0,0,0,196,0,1,0,0,0,0,0,0,0,0,0,0,0,0,0,0,0,0,0,0,0,3,1,0,1,0,0,0,0,0,0,1,0,0,0,0,0,0,0,0,0,0,0,0,0,254,0,0,0,0,0,0,0,0,0,0,0,0,0,0,2,0,0,0,0,0,0,0,1,1,0,0,0,0,0,0,0,3,0,0,0,0,0,0,0,0,0,0,0,0,0,197
8d9a40a8-0d18-4d69-8501-d0b4b11b0eb8,SCISSORS,6,0,0,0,0,0,0,0,0,1,0,0,0,0,0,0,0,0,0,0,0,0,0,3,0,0,0,0,0,0,0,0,0,1,0,0,0,0,0,0,5,0,0,0,0,0,202,0,1,0,0,0,0,0,0,0,0,0,0,0,0,2,0,0,0,0,0,0,0,3,1,0,0,0,0,0,0,0,3,0,0,0,0,0,0,0,0,0,0,0,0,0,266,0,0,0,0,0,0,0,0,2,0,0,0,0,0,0,1,0,0,0,1,0,0,0,3,0,0,0,0,0,0,0,3,0,0,0,0,0,0,0,0,0,0,0,0,0,208
aa3bfa9f-0c37-46fd-9fd2-9306fe7682ee,SCISSORS,9,0,0,0,0,0,0,0,0,0,0,0,0,0,0,0,0,0,0,0,0,0,0,0,0,0,0,0,0,0,0,0,0,1,0,0,0,0,0,0,2,0,0,0,0,0,204,0,1,0,0,0,0,0,0,0,0,0,0,0,0,0,0,0,0,0,0,0,0,0,0,0,0,0,0,0,0,0,0,0,0,0,0,0,0,0,0,2,0,0,0,0,272,0,0,0,0,0,0,0,0,2,0,0,0,0,0,0,0,0,0,0,0,0,0,0,0,0,0,0,0,0,0,0,1,0,0,0,0,0,0,0,0,0,0,0,0,0,209
28b7536c-b94b-4d1c-a78b-3e00a6455454,PAPER,6,0,0,0,0,0,0,0,0,0,0,0,0,0,0,0,0,0,0,0,0,0,0,0,1,0,0,0,0,0,0,0,0,2,0,0,0,2,0,0,5,0,0,1,0,0,212,0,2,0,0,0,0,0,0,0,0,0,0,0,0,0,0,0,0,0,0,0,0,0,3,0,0,2,0,0,0,0,3,0,0,0,0,0,0,0,0,0,1,0,0,0,285,0,0,0,0,0,0,0,0,0,0,0,0,0,0,0,0,0,0,0,0,0,1,1,5,0,0,0,0,0,0,0,3,0,0,0,0,1,0,0,0,0,0,0,0,0,220
3189e4b3-b6d3-4fb2-84ae-bd5dffbf210b,PAPER,5,0,0,0,0,0,0,0,0,0,0,0,0,0,0,0,0,0,0,0,0,0,2,1,3,0,0,0,0,0,0,0,0,4,0,0,0,0,0,0,1,0,0,1,0,0,231,0,4,0,0,0,0,0,0,0,0,0,0,0,0,0,0,0,0,0,0,0,0,0,2,0,0,1,0,0,0,0,3,0,0,0,0,0,0,0,0,0,2,0,0,0,303,0,2,0,0,0,0,0,0,0,0,0,0,0,0,0,0,0,0,0,0,0,0,3,4,0,0,0,0,0,0,0,3,0,0,0,0,0,0,0,0,0,0,0,0,0,232
472ddaf2-500a-4950-8365-04a172ccdc6c,SCISSORS,8,0,0,0,0,0,0,0,0,0,0,0,0,0,0,0,0,0,0,0,0,0,4,0,0,0,0,0,0,0,0,0,0,1,0,0,0,0,0,0,2,0,0,0,0,0,235,0,1,0,0,0,0,0,0,0,0,0,0,0,0,0,0,0,0,0,0,0,0,1,3,0,0,0,0,0,0,0,2,0,0,0,0,0,0,0,0,0,0,0,0,0,313,0,0,0,0,0,0,0,0,0,0,0,0,0,0,0,0,0,0,0,0,0,0,0,1,0,0,0,0,0,0,0,6,0,0,0,0,0,0,0,0,0,0,0,0,0,236
804845d1-ad31-4198-a428-51f542df1bda,SCISSORS,6,0,0,0,0,0,0,0,0,0,0,0,0,0,0,0,0,0,0,0,0,0,3,0,1,0,0,0,0,0,0,0,0,4,0,0,0,8,0,0,0,0,0,0,0,0,243,0,3,0,0,0,0,0,0,0,0,0,0,0,0,0,0,0,0,0,0,0,0,0,0,10,1,1,0,0,0,0,0,0,0,0,0,0,0,0,0,1,0,0,0,0,330,0,0,0,0,0,0,0,0,2,0,0,0,0,0,0,0,0,0,0,0,0,0,0,2,0,0,0,0,0,0,0,11,0,0,0,0,1,0,0,0,0,0,0,0,0,243
78cdc4ca-52bb-4599-8c67-02aaa69f954b,SCISSORS,5,0,1,0,0,0,0,0,0,0,0,0,0,0,0,0,0,0,0,0,0,0,0,0,0,0,0,0,0,0,0,0,0,3,0,0,0,3,0,0,0,0,0,0,0,0,253,0,1,0,0,0,0,0,0,0,0,0,0,0,0,1,0,0,0,0,0,0,0,0,2,0,0,1,0,0,0,0,2,0,0,0,0,0,0,0,0,0,0,0,0,0,345,0,0,0,0,0,0,0,0,2,0,0,0,0,0,0,0,0,0,0,0,0,0,0,1,0,0,0,0,0,0,0,4,0,0,0,0,0,0,0,0,0,0,0,0,0,251
de22ecd1-1a29-4e45-8967-93fa54acd04a,ROCK,5,0,0,0,0,0,0,0,0,1,0,0,0,0,0,0,0,0,0,0,0,0,0,0,0,0,0,0,0,0,0,0,0,4,0,0,0,3,0,0,8,0,0,0,0,0,262,0,3,0,0,0,0,0,0,0,0,0,0,0,0,0,0,0,0,0,0,0,0,2,4,0,0,0,0,0,0,0,7,0,0,0,0,0,0,0,0,0,0,0,0,0,357,0,0,0,0,0,0,0,0,0,0,0,0,0,0,0,0,0,0,0,0,0,0,0,7,0,0,0,0,0,0,0,8,0,0,0,0,0,0,0,0,0,0,1,0,0,268
381b1f6d-86a1-4766-a181-07f1c0fd4efa,SCISSORS,8,0,0,0,0,0,0,0,0,1,0,0,0,0,0,0,0,0,0,0,0,0,0,0,0,0,0,0,0,0,0,0,0,0,0,0,0,2,0,0,1,0,0,0,0,0,264,0,2,0,0,0,0,0,0,0,0,0,0,0,0,0,0,0,0,0,0,0,0,1,0,0,0,0,0,0,0,0,0,0,0,0,0,0,0,0,0,0,0,1,0,0,362,0,0,0,0,0,0,0,0,1,0,0,0,0,0,0,0,0,0,0,0,0,0,0,0,0,0,0,0,0,0,0,2,0,0,0,0,0,0,0,0,0,0,0,1,0,272
6a8e55e4-330c-4f8c-b951-433a823acd6f,SCISSORS,5,0,0,0,0,0,0,0,0,0,0,0,0,0,0,0,0,0,0,0,0,0,0,0,0,0,0,0,0,0,0,0,0,1,0,0,0,3,0,0,1,0,0,0,0,0,267,0,2,0,0,0,0,0,0,0,0,0,0,0,0,0,0,0,0,0,0,0,0,1,1,0,1,0,0,0,0,0,0,0,0,0,0,0,0,0,0,0,0,0,0,0,369,0,0,0,0,0,0,0,0,2,0,0,0,0,0,0,0,0,0,0,0,0,0,0,0,0,0,0,0,0,0,0,3,0,0,0,0,0,0,0,0,0,0,0,0,0,277
d6121cb3-c03c-43bd-8a94-91aad32f965e,ROCK,5,0,0,0,0,0,0,0,0,2,0,0,0,0,0,0,0,0,0,0,0,0,0,0,1,1,0,0,0,0,0,0,0,6,0,0,0,1,0,0,6,0,0,0,0,0,278,0,6,0,0,0,0,0,0,0,0,0,0,0,0,0,0,0,0,0,0,0,0,0,0,4,0,0,0,0,0,0,7,0,0,0,0,0,0,0,0,0,0,0,0,0,385,0,0,0,0,0,0,0,0,0,0,0,0,0,0,1,0,0,0,0,0,0,0,0,1,7,0,0,0,0,0,0,7,0,0,0,0,0,0,0,0,1,0,0,0,0,287
8051745f-91c8-4130-bbfe-390e07eacf0f,PAPER,9,0,0,0,0,0,0,0,0,2,0,0,0,0,0,1,0,0,0,0,0,0,1,0,0,0,0,0,0,0,0,0,0,0,0,0,0,0,0,0,0,0,0,0,0,0,282,0,1,0,0,0,0,0,0,0,0,0,0,0,0,0,0,0,0,0,0,0,0,0,0,0,0,0,0,0,0,0,1,0,0,0,0,0,0,0,0,0,2,0,0,0,392,0,0,0,0,0,0,0,0,0,0,0,0,0,0,0,0,0,0,0,0,0,0,2,0,0,0,0,0,0,0,0,2,0,0,0,0,0,0,0,0,0,0,0,0,0,291
48ffdce8-c906-4625-ac55-d1955926880f,SCISSORS,9,0,0,0,0,0,0,0,0,0,0,0,0,0,0,0,0,0,0,0,0,0,0,0,0,0,0,0,0,0,0,0,0,1,0,0,0,0,0,0,4,0,0,0,0,0,284,0,3,0,0,0,0,0,0,0,0,0,0,0,0,1,0,0,0,0,0,0,0,0,0,0,0,0,0,0,0,0,0,0,0,0,0,0,0,0,0,0,0,1,0,0,401,0,0,0,0,0,0,0,0,2,0,0,0,0,0,0,0,0,0,0,0,0,0,0,0,0,0,0,0,0,0,0,2,0,0,0,0,0,0,0,0,0,0,0,1,0,297
8acd152d-8126-4c1e-b694-627619394da6,ROCK,8,0,0,0,0,0,0,0,0,4,0,0,0,0,0,0,0,0,0,0,0,0,2,0,1,0,0,0,0,0,0,0,0,1,0,0,0,1,0,0,4,0,0,0,0,0,295,0,1,0,0,0,0,0,0,0,0,0,0,0,0,0,0,0,0,0,0,0,0,1,7,0,0,0,0,0,0,0,4,0,0,0,0,0,0,0,0,0,0,0,0,0,407,0,0,0,0,0,0,0,0,0,0,0,0,0,0,0,0,0,0,0,2,0,0,0,1,0,0,0,0,0,0,0,6,0,0,0,0,0,0,0,0,1,0,3,0,0,309
79e50e79-26f3-4e6c-a9ce-b98553530167,PAPER,5,0,0,0,0,0,0,0,0,1,0,0,0,0,0,0,0,0,0,0,0,0,0,0,0,0,0,0,0,0,0,0,4,2,0,0,0,1,0,0,1,0,0,2,0,0,304,0,2,0,0,0,1,0,0,0,0,0,0,0,0,0,0,0,0,0,0,0,0,0,0,3,0,0,0,0,0,0,4,0,0,0,0,0,0,0,0,0,1,0,0,0,417,0,0,0,0,0,0,0,0,0,0,0,0,0,0,0,0,0,0,0,0,0,0,0,5,0,0,0,0,0,0,0,6,0,0,0,0,0,0,0,0,0,0,0,0,0,314
692f454a-2dd5-4ca8-a8bf-b4b3ac1ddb28,SCISSORS,6,0,0,0,0,0,0,0,0,0,0,0,1,0,0,0,0,0,0,0,0,0,3,0,8,0,0,0,0,0,0,0,0,10,0,0,0,2,0,0,5,1,0,0,0,0,326,0,6,0,0,0,0,0,0,0,0,0,0,0,0,2,0,0,0,0,0,0,0,2,1,7,1,0,0,0,0,0,10,0,0,0,0,0,0,0,1,0,0,0,0,0,456,0,4,0,0,0,0,0,0,3,0,0,0,0,0,0,0,0,0,0,0,0,0,0,9,1,2,0,0,0,0,0,9,0,0,0,0,2,0,0,0,0,0,0,0,0,340
7f00d805-7553-418c-bbda-d18ad131d9cd,ROCK,8,0,0,0,0,0,0,0,0,2,0,0,0,0,0,0,1,0,0,0,0,0,0,0,0,0,0,0,0,0,0,0,0,2,0,0,0,6,0,0,2,0,0,0,0,0,339,0,1,0,0,0,0,0,0,0,0,0,0,0,0,0,0,0,0,0,0,0,0,3,0,5,0,0,0,0,0,0,4,0,0,0,0,0,0,0,0,0,0,0,0,0,466,0,0,0,0,0,0,0,0,0,0,0,0,0,0,3,0,0,0,0,0,0,0,0,1,0,0,0,0,0,0,0,9,0,0,0,0,0,0,0,0,0,0,0,0,0,346
5c16fe94-738b-4a58-829f-6ad09bcf357b,ROCK,8,0,0,0,0,0,0,0,0,3,0,0,0,0,0,0,0,0,0,0,0,0,0,0,0,0,0,0,0,0,0,0,0,0,0,0,0,0,0,0,0,0,0,0,0,0,341,0,1,0,0,0,0,0,0,0,0,0,0,0,0,0,0,0,0,0,0,0,0,2,0,0,0,0,0,0,0,0,0,0,0,0,0,0,0,0,0,0,0,0,0,0,469,0,1,0,0,0,0,0,0,0,0,0,0,0,0,0,0,0,0,0,0,0,1,0,0,0,0,0,0,0,0,0,0,0,0,0,0,0,0,0,0,0,0,1,0,0,349
fcc6abb0-84a0-489f-9020-87f4a2b8520d,PAPER,7,0,0,0,0,0,0,0,0,2,0,0,0,0,0,0,0,0,0,0,0,0,0,0,1,0,0,0,0,0,0,0,0,0,0,0,0,0,0,0,0,1,0,0,0,0,343,0,1,0,0,0,0,0,0,0,0,0,0,0,0,0,0,0,0,0,0,0,0,0,0,0,0,0,0,0,0,0,2,0,0,0,0,0,0,0,0,0,1,0,0,0,473,0,0,0,0,0,0,0,0,0,0,0,0,0,0,0,0,0,0,0,0,0,0,2,0,0,0,0,0,0,0,0,2,0,0,0,0,0,0,0,0,0,0,0,0,0,351
b9a31a4c-7ae7-4141-8335-973b223a2d94,SCISSORS,7,0,0,0,0,0,0,0,0,0,0,0,0,0,0,0,0,0,0,0,0,0,4,0,0,0,0,0,0,0,0,0,0,5,0,0,0,1,0,0,1,0,0,0,0,0,347,0,1,0,0,0,0,0,0,0,0,0,0,0,0,2,0,0,0,0,0,0,0,0,2,0,0,1,0,0,0,0,5,0,0,0,0,0,0,0,0,0,0,0,0,0,482,0,0,0,0,0,0,0,0,3,0,0,0,0,0,0,0,0,0,0,0,0,0,0,1,0,0,0,0,0,0,0,7,0,0,0,0,0,0,0,0,0,0,0,0,0,360
7c6cb070-6db9-48c2-831f-41f64e05b4b4,ROCK,5,0,0,0,0,0,0,0,0,1,0,0,0,0,0,0,0,0,0,0,0,0,0,0,0,0,0,0,0,0,0,0,0,2,0,0,0,1,0,0,1,0,0,0,0,0,354,0,1,0,0,0,0,0,0,0,0,0,0,0,0,0,0,0,0,0,0,0,0,2,0,1,0,0,0,0,0,1,0,0,0,0,0,0,0,0,0,0,0,0,0,0,488,0,2,0,0,0,0,0,0,0,0,0,0,0,0,0,0,0,0,0,0,0,0,0,2,0,0,0,0,0,0,0,1,0,0,0,0,0,0,0,0,0,0,0,0,0,369
c0bef068-8fd4-4d7d-9dd9-289123c51cf8,ROCK,5,0,0,0,0,0,0,0,0,2,0,0,0,0,0,0,0,0,0,0,0,0,1,0,0,0,0,0,0,0,0,0,0,1,0,0,0,2,0,0,6,0,0,0,0,0,368,0,1,0,0,0,0,0,0,0,0,0,0,0,0,0,0,0,0,0,0,0,0,1,4,0,0,3,0,0,0,0,3,0,0,0,0,0,0,0,0,0,0,0,0,0,506,0,8,0,0,0,0,0,0,0,0,0,0,0,0,0,0,0,0,0,0,0,0,0,2,2,0,0,0,0,0,0,0,0,0,0,0,0,0,0,0,0,0,0,0,0,381
02029857-ce05-4bb8-bb4a-b9715afc8e65,ROCK,9,0,0,0,0,0,0,0,0,2,0,0,0,0,0,0,0,0,0,0,0,0,0,0,0,0,0,0,0,0,0,0,0,1,0,0,0,0,0,0,0,0,0,0,0,0,370,0,1,0,0,0,0,0,0,0,0,0,0,0,0,0,0,0,0,0,0,0,0,0,0,0,0,0,0,0,0,0,2,0,0,0,0,0,0,0,0,0,0,0,0,0,508,0,1,0,0,0,0,0,0,0,0,0,0,0,0,2,0,0,0,0,0,0,0,0,0,0,0,0,0,0,0,0,0,0,0,0,0,0,0,0,0,0,0,0,0,0,383
b94fdfb0-8e3b-40a9-b243-84353f155b92,PAPER,9,0,0,0,0,0,0,0,0,1,0,0,0,0,0,0,0,0,0,0,0,0,1,0,1,0,0,0,0,0,0,0,0,2,0,0,0,1,0,0,0,0,0,1,0,0,377,0,0,0,0,0,0,0,0,0,0,0,0,0,0,0,0,0,0,0,0,0,0,0,0,1,1,1,0,0,0,0,3,0,0,0,0,0,0,0,0,0,1,0,0,0,517,0,3,0,0,0,0,0,0,0,0,0,0,0,0,0,0,0,0,0,0,0,0,0,1,2,0,0,0,0,0,1,0,0,0,0,0,0,0,0,0,0,0,0,0,0,391
1022e8ab-1b70-4023-86d9-85061cef1703,ROCK,8,0,0,0,0,0,0,0,0,1,0,0,0,0,0,0,0,0,0,0,0,0,0,0,0,0,0,0,0,0,0,0,0,1,0,0,0,0,0,0,2,0,0,0,0,0,380,0,1,0,0,0,0,0,0,0,0,0,0,0,0,0,0,0,0,0,0,0,0,3,0,0,0,0,0,0,0,0,0,0,0,0,0,0,0,0,0,0,0,0,0,0,522,0,1,0,0,0,0,0,0,0,0,0,0,0,0,0,0,0,0,0,0,0,0,0,2,0,0,0,0,0,0,0,0,0,0,0,0,0,0,0,0,1,0,0,0,0,396
40044851-5906-4303-81ed-1add0853d0f9,SCISSORS,6,0,0,0,0,0,0,0,0,1,0,0,0,0,0,0,0,0,0,0,0,0,0,0,1,0,0,0,0,0,0,0,0,0,0,0,0,2,0,0,0,0,0,0,0,0,382,0,2,0,0,0,0,0,0,0,0,0,0,0,0,0,0,0,0,0,0,0,0,1,0,0,0,0,0,0,0,0,0,0,0,0,0,0,0,0,0,0,0,1,0,0,526,0,1,0,0,0,0,0,0,2,0,0,0,0,0,0,0,0,0,0,0,0,0,1,0,0,0,0,0,0,0,0,0,0,0,0,0,0,0,0,0,0,0,0,0,0,402
45233456-91e9-46ce-a545-6f0c34690878,SCISSORS,9,0,0,0,0,0,0,0,0,0,0,0,0,0,0,0,0,0,0,0,0,0,0,0,2,0,5,0,0,0,0,0,0,3,0,0,0,2,0,0,3,0,0,0,0,0,392,0,4,0,0,0,0,0,0,0,0,0,0,0,0,4,0,0,0,0,0,0,0,0,0,3,0,1,0,0,0,0,3,0,0,0,0,0,0,0,0,0,0,0,0,0,541,0,10,0,0,0,0,0,0,3,0,0,0,0,0,0,1,0,0,0,0,0,0,0,0,0,0,0,0,0,0,0,0,0,0,0,0,0,0,0,0,0,0,0,1,0,410
68d57e70-023c-4de3-8c42-1bace43bbb89,SCISSORS,7,0,0,0,0,0,0,0,0,0,0,0,1,0,0,0,0,0,0,0,0,0,1,0,0,0,0,0,0,0,0,0,0,4,0,0,0,1,0,0,3,0,0,0,0,0,408,0,1,0,0,0,0,0,0,0,0,0,0,0,0,0,0,0,0,0,0,0,0,0,0,5,0,0,0,0,0,0,3,0,0,0,0,0,0,0,0,1,0,0,0,0,557,0,7,0,0,0,0,0,0,1,0,0,0,0,0,0,0,0,0,0,0,0,0,0,0,1,1,0,0,0,0,0,0,0,0,0,0,0,0,0,0,0,0,0,0,0,417
57d2bbd1-ebe8-4905-bf8e-f9139f121ed2,SCISSORS,6,0,0,0,0,0,0,0,0,0,0,0,0,0,0,0,0,0,0,0,0,0,3,0,0,0,0,0,0,0,0,0,0,0,0,0,0,0,0,0,1,0,0,0,0,0,409,0,1,0,0,0,0,0,0,0,0,0,0,0,0,0,0,0,0,0,0,0,0,0,2,0,0,0,0,0,0,0,0,0,0,0,0,0,0,0,0,1,0,0,0,0,563,0,3,0,0,0,0,0,0,1,0,0,0,0,0,0,0,0,0,0,0,0,0,0,0,0,0,0,0,0,0,0,0,0,0,0,0,0,0,0,0,0,0,0,0,0,421
55540fdf-ceca-4657-8edf-fd229eda3c30,PAPER,7,0,0,0,0,0,0,0,0,0,0,0,0,0,0,0,0,0,0,0,0,0,1,0,1,0,1,0,0,0,0,0,0,3,0,0,0,0,0,0,0,0,0,0,0,0,419,0,1,0,0,0,0,0,0,0,0,0,0,0,0,0,0,0,0,0,0,0,0,0,0,0,0,0,0,0,0,0,4,0,0,0,0,0,0,0,0,0,1,0,0,0,566,0,2,0,0,0,0,0,0,0,0,0,0,0,0,0,0,0,0,0,0,0,0,3,0,1,0,0,0,0,0,0,0,0,0,0,0,0,0,0,0,0,0,0,0,0,427
db5d8ad3-1bc5-4e0f-a62a-7da25fd38cda,PAPER,7,0,0,0,0,0,0,0,0,0,0,0,0,0,0,1,0,0,0,0,0,0,0,0,3,0,0,0,0,0,0,0,0,2,0,0,0,0,0,0,0,0,0,0,0,0,425,0,1,0,0,0,0,0,0,0,0,0,0,0,0,0,0,0,0,0,0,0,0,0,0,0,0,0,0,0,0,0,4,0,0,0,0,0,0,0,0,0,1,0,0,0,569,0,3,0,0,0,0,0,0,0,0,0,0,0,0,0,0,0,0,0,0,0,0,3,0,0,0,0,0,0,0,0,0,0,0,0,0,0,0,0,0,0,0,0,0,0,431
76018e82-ea18-48e9-a46a-123cdb131cc5,PAPER,6,0,0,0,0,0,0,0,0,0,0,0,0,0,0,0,0,0,0,0,0,0,1,0,1,0,0,0,0,0,0,0,0,3,0,0,0,0,0,0,0,2,0,0,0,0,430,0,1,0,0,0,0,0,0,0,0,0,0,0,0,0,0,0,0,0,0,0,0,0,0,0,0,2,0,0,0,0,1,0,0,0,0,0,0,0,0,0,3,0,0,0,583,0,1,0,0,0,0,0,0,0,0,0,0,0,0,0,0,0,0,0,0,0,0,4,2,0,0,0,0,0,0,0,0,0,0,0,0,0,0,0,0,0,0,0,0,0,436
6ed1dab3-e9d8-43bb-b191-382322a8a548,PAPER,7,0,0,0,0,0,0,0,0,0,0,0,0,0,0,0,0,0,0,0,0,0,0,0,1,0,0,0,0,0,0,0,0,1,0,0,0,0,0,0,4,0,0,1,0,0,436,0,2,0,0,0,0,0,0,0,0,0,0,0,0,0,0,0,0,0,0,0,0,1,0,0,0,0,0,0,0,0,3,0,0,0,0,0,0,0,0,0,1,0,0,0,591,0,4,0,0,0,0,0,0,0,0,0,0,0,0,0,0,0,0,0,0,0,0,2,1,0,0,0,0,0,0,0,0,0,0,0,0,0,0,0,0,0,0,0,0,0,440
804bebfc-8e6f-4281-b6db-5db70f4dd120,ROCK,7,0,0,0,0,0,0,0,0,1,0,0,0,0,0,0,0,0,0,0,0,0,1,0,3,1,0,0,0,0,0,0,0,3,0,0,0,0,0,0,0,0,0,0,0,0,446,0,2,0,0,0,0,0,0,0,0,0,0,0,0,0,0,0,0,0,0,0,0,1,0,1,1,2,0,0,0,1,1,0,0,0,0,0,0,0,0,0,0,0,0,0,606,0,4,0,0,0,0,0,0,0,0,0,0,0,0,0,0,0,0,0,0,0,0,1,2,1,0,0,0,0,0,0,0,0,0,0,0,0,0,0,0,0,0,1,0,0,454
af08326d-7a77-44ed-bda2-eb55645c4c55,ROCK,8,0,0,0,0,0,0,0,0,2,0,0,0,0,0,0,0,1,0,0,0,0,0,0,0,0,0,0,0,0,0,0,0,1,0,0,0,1,0,0,4,0,0,0,0,0,453,0,1,0,0,0,0,0,0,0,0,0,0,0,0,0,0,0,0,0,0,0,0,0,2,0,0,1,0,0,0,0,5,0,0,0,0,0,0,0,0,0,0,0,0,0,616,0,7,0,0,0,0,0,0,0,0,0,0,0,0,0,0,0,0,0,0,0,0,0,0,1,0,0,0,0,0,0,0,0,0,0,0,0,0,0,0,0,0,1,0,0,460
39ee3c1d-193e-4762-a9dc-0f26036cc44e,SCISSORS,5,0,0,0,0,0,0,0,0,1,0,0,0,0,0,0,0,0,0,0,0,0,4,0,0,0,0,0,0,0,0,0,0,0,0,0,0,1,0,0,1,0,0,0,0,0,458,0,0,0,0,0,0,0,0,0,0,0,0,0,0,0,0,0,0,0,0,0,0,1,1,2,0,0,0,0,0,0,2,0,0,0,0,0,0,0,0,0,0,1,0,0,625,0,5,0,0,0,0,0,0,2,0,0,0,0,0,0,0,0,0,0,0,0,0,0,0,0,0,0,0,0,0,0,0,0,0,0,0,0,0,0,0,0,0,0,0,0,464
5fd4cdc4-2b7c-4bf2-b641-5c4b07aedadb,PAPER,8,0,0,0,0,0,0,0,0,0,0,0,0,0,0,0,0,0,0,0,0,0,0,0,4,0,0,0,0,0,0,0,0,1,0,0,0,0,0,0,3,0,0,0,0,0,467,0,1,0,0,0,0,0,0,0,0,0,0,0,0,0,0,0,0,0,0,0,0,0,0,1,0,1,0,0,0,0,5,0,0,0,0,0,0,0,0,0,0,0,0,0,634,0,3,0,0,0,0,0,0,0,0,0,0,0,0,0,0,0,0,0,0,0,3,0,1,0,0,0,0,0,0,0,0,0,0,0,0,1,0,0,0,0,0,0,0,0,472
4865bd5d-f8a9-40a9-be7f-29fcad8e0799,SCISSORS,7,0,0,0,0,0,0,0,0,0,0,0,0,0,0,0,0,0,0,0,0,0,3,0,3,2,0,0,0,0,0,0,0,1,0,0,0,1,0,0,1,0,0,0,0,0,477,0,1,0,0,0,0,0,0,0,0,0,0,0,0,0,0,0,0,0,0,0,0,1,0,6,0,0,0,0,0,0,1,0,0,0,0,0,0,0,0,2,0,0,0,0,645,0,5,0,0,0,0,0,0,3,0,0,0,0,0,0,0,0,0,0,0,0,0,3,0,0,0,0,0,0,0,0,0,0,0,0,0,0,0,0,0,0,0,0,0,0,484
3de438df-a8fb-4c78-9520-cf75142539b4,SCISSORS,9,0,0,0,0,0,0,0,0,0,0,0,0,0,0,0,0,0,0,0,0,0,3,1,3,0,0,0,0,0,0,0,0,2,0,0,0,0,0,0,4,0,0,0,0,0,486,0,1,0,0,0,0,0,0,0,0,0,0,0,0,2,0,0,0,0,0,0,0,1,1,0,0,0,0,0,0,2,6,0,0,0,0,0,0,0,0,0,0,0,0,0,655,0,9,0,0,0,0,0,0,3,0,0,0,0,0,0,0,0,0,0,0,0,0,1,0,0,0,0,0,0,0,0,0,0,0,0,0,0,0,0,0,0,0,0,0,0,500
3f83067b-c8fa-4cd2-9f22-7f81ebcf1247,SCISSORS,9,0,0,0,0,0,0,0,0,0,0,0,0,0,0,0,0,0,0,0,0,0,2,0,0,0,4,0,0,0,0,0,0,1,0,0,0,0,0,0,3,0,0,0,0,0,495,0,1,0,0,0,0,0,0,0,0,0,0,0,0,0,0,0,0,0,0,0,0,0,1,1,0,1,0,0,0,0,4,0,0,0,0,0,0,0,0,1,0,1,0,0,669,0,6,0,0,0,0,0,0,3,0,0,0,0,0,0,0,0,0,0,0,0,0,1,0,0,0,0,0,0,0,0,0,0,0,0,0,0,0,0,0,0,0,0,0,0,507
689fc9a4-267e-475b-9df8-931fc6f9eeac,SCISSORS,5,0,0,0,0,0,0,0,0,0,0,0,0,0,0,0,0,0,0,0,0,0,4,1,0,0,0,0,0,0,0,0,0,1,0,0,0,0,0,0,2,0,0,0,0,0,502,0,1,0,0,0,0,0,0,0,0,0,0,0,0,0,0,0,0,0,0,0,0,1,3,0,0,0,0,0,0,0,1,0,0,0,0,0,0,0,0,0,0,2,0,0,681,0,4,0,0,0,0,0,0,2,0,0,0,0,0,0,0,0,0,0,0,0,0,0,2,0,0,0,0,0,0,0,0,0,0,0,0,0,0,0,0,0,0,0,0,0,513
c8de3b3d-4cf7-49be-8a89-d39f2f7faf93,PAPER,8,0,0,0,0,0,0,0,0,0,0,0,0,0,0,0,0,0,0,0,0,0,0,1,3,0,0,0,0,0,0,0,0,3,0,0,0,1,0,0,2,0,0,0,0,0,516,0,1,0,0,0,0,0,0,0,0,0,0,0,0,0,0,0,0,0,0,0,0,0,0,2,0,0,0,0,0,0,7,0,0,0,0,0,0,0,0,0,0,0,0,0,688,0,7,0,0,0,0,0,0,0,0,0,0,0,0,0,0,0,0,0,0,0,0,2,0,0,0,0,0,0,0,0,0,0,0,0,0,1,0,0,0,0,0,0,0,0,518
8a0f3214-6b27-4e49-b349-dcf3a04a4a7f,SCISSORS,9,0,0,0,0,0,0,0,0,0,0,0,0,0,0,0,0,0,0,0,0,0,0,0,0,0,0,0,0,0,0,0,0,1,0,0,0,0,0,0,4,0,0,0,0,0,518,0,2,0,0,0,0,0,0,0,0,0,0,0,0,2,0,0,0,0,0,0,0,0,0,0,0,0,0,0,0,0,1,0,0,0,0,0,0,0,0,0,0,0,0,0,698,0,3,0,0,0,0,0,0,2,0,0,0,0,0,0,0,0,0,0,0,0,0,0,0,0,0,0,0,0,0,0,0,0,0,0,0,0,0,0,0,0,0,0,0,0,524
a26737b3-1c36-467f-a002-e8d803a2f053,PAPER,7,0,0,0,0,0,0,0,0,0,0,0,0,0,0,1,0,0,0,0,0,0,3,0,3,0,0,0,0,0,0,0,0,0,0,0,0,4,0,0,5,0,0,0,0,0,534,0,4,0,0,0,0,0,0,0,0,0,0,0,0,0,0,0,0,0,0,0,0,0,0,4,1,0,0,0,0,1,4,0,0,0,0,0,0,0,0,0,2,0,0,0,711,0,9,0,0,0,0,0,0,0,0,0,0,0,0,0,0,0,0,0,0,0,0,2,2,0,0,0,0,0,0,0,0,0,0,0,0,0,0,0,0,3,0,0,0,0,529
4535dd10-c866-4aa6-9478-ef26eee438b6,PAPER,5,0,0,0,0,0,0,0,0,0,0,0,0,0,0,0,0,0,0,0,0,0,0,0,1,1,0,0,0,0,0,0,0,2,0,0,0,2,0,0,0,0,0,0,0,0,543,0,3,0,0,0,0,0,0,0,0,0,0,0,0,0,0,0,0,0,0,0,0,0,0,2,0,0,0,0,0,0,1,0,0,0,0,0,0,0,0,0,0,0,0,0,719,0,4,0,0,0,0,0,0,0,0,0,0,0,0,0,0,0,0,0,0,0,0,2,0,0,0,0,0,0,0,0,0,0,0,0,0,0,0,0,0,0,0,0,0,0,533
53d52bb4-9c0c-4a0a-a28f-9f0051a1a561,SCISSORS,9,0,0,0,0,0,0,0,0,0,0,0,2,0,0,0,0,0,0,0,0,0,0,0,0,0,0,0,0,0,0,0,0,1,0,0,0,0,0,0,0,0,0,0,0,0,546,0,1,0,0,0,0,0,0,0,0,0,0,0,0,0,0,0,0,0,0,0,0,0,0,0,0,0,0,0,0,0,0,0,0,0,0,0,0,0,0,2,0,0,0,0,724,0,1,0,0,0,0,0,0,2,0,0,0,0,0,0,0,0,0,0,0,0,0,0,0,0,0,0,0,0,0,0,0,0,0,0,0,0,0,0,0,0,0,0,0,0,535
645c58e1-1dba-4a4d-b863-d30a1ae9b36b,PAPER,7,0,0,0,0,0,0,0,0,0,0,0,0,0,0,1,0,0,0,0,0,0,1,0,1,0,0,0,0,0,0,0,0,1,0,0,0,0,0,0,2,0,0,0,0,0,552,0,1,0,0,0,0,0,0,0,0,0,0,0,0,0,0,0,0,0,0,0,0,0,0,0,0,0,0,0,0,0,3,0,0,0,0,0,0,0,0,0,2,0,0,0,730,0,6,0,0,0,0,0,0,0,0,0,0,0,0,0,0,0,0,0,0,0,0,0,0,0,0,0,0,0,0,0,0,0,0,0,0,0,0,0,0,0,0,0,0,0,538
a02cbe3f-4edc-4d74-b71e-84e0c5b0801f,SCISSORS,6,0,0,0,0,0,0,0,0,0,0,0,0,0,0,0,0,0,0,0,0,0,3,0,2,0,0,0,0,0,0,0,0,4,0,0,0,0,0,0,5,0,0,0,0,0,565,0,1,0,0,0,0,0,0,0,0,0,0,0,0,0,0,0,0,0,0,0,0,1,0,2,1,0,0,0,0,0,8,0,0,0,0,0,0,0,0,0,0,1,0,0,749,0,6,0,0,0,0,0,0,2,0,0,0,0,0,0,0,0,0,0,0,0,0,0,3,0,0,0,0,0,0,0,0,0,0,0,0,3,0,0,0,0,0,0,0,0,548
9a0c6567-bbfe-4c41-8e5a-54bf6f0cb62c,SCISSORS,6,0,0,0,0,0,0,0,0,0,0,0,0,0,0,0,0,0,0,0,0,0,6,0,0,0,0,0,0,0,0,0,0,1,0,0,0,1,0,0,6,0,0,0,0,0,573,0,1,0,0,0,0,0,0,0,0,0,0,0,0,0,0,0,0,0,0,0,0,1,0,2,0,0,0,0,0,0,6,0,0,0,0,0,0,0,0,0,0,4,0,0,757,0,7,0,0,0,0,0,0,5,0,0,0,0,0,0,0,0,0,0,0,0,0,2,0,0,0,0,0,0,0,0,0,0,0,0,0,0,0,0,0,0,0,0,0,0,563
e62eed7a-17f3-4b71-9278-dbf149029def,PAPER,8,0,0,0,0,0,0,0,0,0,0,0,0,0,0,0,0,0,0,0,0,0,1,0,2,0,0,0,0,0,0,0,0,1,0,0,0,0,0,0,0,0,0,0,0,0,578,0,1,0,0,0,0,0,0,0,0,0,0,0,0,0,0,0,0,0,0,0,0,0,0,0,0,0,0,0,0,0,2,0,0,0,0,0,0,0,0,0,1,0,0,0,762,0,2,0,0,0,0,0,0,0,0,0,0,0,0,0,0,0,0,0,0,0,1,1,0,0,0,0,0,0,0,0,0,0,0,0,0,0,0,0,0,0,0,0,0,0,567
24556818-7a0a-4ba2-9297-ce902a4609b0,SCISSORS,7,0,0,0,0,0,0,0,0,0,0,0,0,0,0,0,0,0,0,0,0,0,3,0,0,4,0,0,0,0,0,0,0,2,0,0,0,6,0,0,0,0,0,0,0,0,586,0,2,0,0,0,0,0,0,0,0,0,0,0,0,1,0,0,0,0,0,0,0,0,2,1,0,0,0,0,0,0,8,0,0,0,0,0,0,0,0,1,0,0,0,0,780,0,12,0,0,0,0,0,0,2,0,0,0,0,0,0,0,0,0,0,0,0,0,1,0,0,0,0,0,0,0,0,0,0,0,0,0,0,0,0,0,0,0,0,0,0,571
daacfa29-3881-429f-aa9e-9abeeed17a55,PAPER,8,0,0,0,0,0,0,0,0,0,0,0,0,0,0,0,0,0,0,0,0,0,0,0,1,0,0,0,0,0,0,0,0,6,0,0,0,0,0,0,0,0,0,1,0,0,591,0,1,0,0,0,0,0,0,0,0,0,0,0,0,0,0,0,0,0,0,0,0,1,0,0,0,0,0,0,0,0,4,0,0,0,0,0,0,0,1,0,1,0,0,0,788,0,4,0,0,0,0,0,0,0,0,0,0,0,0,0,0,0,0,0,0,0,0,2,1,0,0,0,0,0,0,0,0,0,0,0,0,1,0,0,0,0,0,0,0,0,576
d84c6398-f883-4033-83e6-5b61f6e6ceaf,PAPER,5,0,0,0,0,0,0,0,0,0,0,0,0,0,0,1,0,0,0,0,0,0,0,0,1,0,0,0,0,0,0,0,0,2,0,0,0,0,0,0,0,0,0,0,0,0,599,0,1,0,0,0,0,0,0,0,0,0,0,1,0,0,0,0,0,0,0,0,0,0,0,0,0,0,0,0,0,0,2,0,0,0,0,0,0,0,0,0,0,0,0,0,794,0,2,0,0,0,0,0,0,0,0,0,0,0,0,0,0,0,0,0,0,0,0,2,0,0,0,0,0,0,0,0,0,0,0,0,0,0,0,0,0,0,0,0,0,0,578
d4fe7855-bf65-405a-997b-2d1ba5a26705,ROCK,8,0,0,0,0,0,0,0,0,1,0,0,0,0,0,0,0,0,0,0,0,0,0,0,0,1,0,0,0,0,0,0,0,3,0,0,0,0,0,0,3,0,0,0,0,0,604,0,2,0,0,0,0,0,0,0,0,0,0,0,0,0,0,0,0,0,0,0,0,1,0,0,0,0,0,0,0,0,5,0,0,0,0,0,0,0,0,0,0,0,0,0,802,0,6,0,0,0,0,0,0,0,0,0,0,0,0,0,0,0,0,0,0,0,0,0,0,0,0,0,0,0,0,0,0,0,0,0,0,1,0,0,0,0,0,1,0,0,587
94a130ef-de16-4549-922b-bb4dbe407926,SCISSORS,8,0,0,0,0,0,0,0,0,2,0,0,0,0,0,0,0,0,0,0,0,0,2,1,0,0,0,0,0,0,0,0,0,0,0,0,0,0,0,0,1,0,0,0,0,0,608,0,2,0,0,0,0,0,0,0,0,0,0,0,0,1,0,0,0,0,0,0,0,1,0,2,0,0,0,0,0,0,0,0,0,0,0,0,0,0,0,0,0,0,0,0,814,0,3,0,0,1,0,0,0,1,0,0,0,0,0,0,0,0,0,0,0,0,0,0,1,0,0,0,0,0,0,0,0,0,0,0,0,0,0,0,0,0,0,0,0,0,595
8de1f80b-bf19-45bd-953c-8a06234b2fee,PAPER,5,0,0,0,0,0,0,0,0,0,0,0,0,0,0,0,0,0,0,0,0,0,0,0,0,1,0,0,0,0,0,0,0,1,0,0,0,0,0,0,0,1,0,0,0,0,611,0,1,0,0,0,0,0,0,0,0,0,0,0,0,0,0,0,0,0,0,0,0,0,0,0,0,0,0,0,0,0,1,0,0,0,0,0,0,0,0,0,1,0,0,0,817,0,2,0,0,0,0,0,0,0,0,0,0,0,0,0,0,0,0,0,0,0,0,1,0,0,0,0,0,0,0,0,0,0,0,0,0,0,0,0,0,0,0,0,0,0,597
4de18454-faf7-4109-a6c6-78808260c481,ROCK,5,0,0,0,0,0,1,0,0,1,0,0,0,0,0,0,0,0,0,0,0,0,0,0,0,0,0,0,0,0,0,0,0,1,0,0,0,0,0,0,1,0,0,0,0,0,618,0,1,0,0,0,0,0,0,0,0,0,0,0,0,0,0,0,0,0,0,0,0,3,0,0,0,0,0,0,0,0,0,0,0,0,0,0,0,0,0,0,0,0,0,0,820,0,1,0,0,0,0,0,0,0,0,0,0,0,0,1,0,0,0,0,0,0,0,0,1,0,0,0,0,0,0,0,0,0,0,0,0,0,0,0,0,1,0,0,0,0,603
6ad91f82-8a45-42e7-9e38-29abae615934,SCISSORS,8,0,0,0,0,0,0,0,0,1,0,0,0,0,0,0,0,0,0,0,0,0,3,0,0,1,0,0,0,0,0,0,0,0,0,0,0,0,0,0,1,0,0,0,0,0,623,0,1,0,0,0,0,0,0,0,0,0,0,0,0,3,0,0,0,0,0,0,0,0,0,0,0,0,0,0,0,0,2,0,0,0,0,0,0,0,0,0,0,0,0,0,825,0,3,0,0,0,0,0,0,3,0,0,0,0,0,0,0,0,0,0,0,0,0,0,0,0,0,0,0,0,0,0,0,0,0,0,0,0,0,0,0,0,0,0,0,0,609
c0e62a77-bf1e-43a3-83f9-3a52696fa552,SCISSORS,8,0,0,0,0,0,0,0,0,0,0,0,0,0,0,0,0,0,0,0,0,0,1,0,0,0,0,1,0,0,0,0,0,1,0,0,0,0,0,0,0,0,0,0,0,0,629,0,1,0,0,0,0,0,0,0,0,0,0,0,0,0,0,0,0,0,0,0,0,0,1,0,0,0,0,0,0,0,0,0,0,0,0,0,0,0,0,0,0,1,0,0,831,0,2,0,0,0,0,0,0,1,0,0,0,0,0,0,0,0,0,0,0,0,0,0,0,0,0,0,0,0,0,0,0,0,0,0,0,0,0,0,0,0,0,0,0,0,614
0ce36174-e131-4ee6-bf16-e13d84643caf,SCISSORS,6,0,0,0,0,0,0,0,0,0,0,0,0,0,0,0,0,0,0,0,0,0,2,0,0,0,0,0,0,0,0,0,0,1,0,0,0,0,0,0,2,0,0,0,0,0,632,0,1,0,0,0,0,0,0,0,0,0,0,0,0,0,0,0,0,0,0,0,0,0,0,0,0,0,0,0,0,0,2,0,0,0,0,0,0,0,0,2,0,0,0,0,839,0,3,0,0,0,0,0,0,2,0,0,0,0,0,0,0,0,0,0,0,0,0,0,0,0,0,0,0,0,0,0,0,0,0,0,0,0,0,0,0,0,0,0,0,0,619
d6206f7e-b49d-4977-ac61-132df7aa5526,SCISSORS,9,0,0,0,0,0,0,0,0,0,0,0,0,0,0,0,0,0,0,0,0,0,0,0,0,0,0,0,0,0,0,0,0,1,0,0,0,0,0,0,2,0,0,0,0,0,634,0,2,0,0,0,0,0,0,0,0,0,0,0,0,0,0,0,0,0,0,0,0,0,0,0,0,0,0,0,0,0,0,0,0,0,0,0,0,0,0,0,0,1,0,0,846,0,2,0,0,0,0,0,0,1,0,0,0,0,0,0,0,0,0,0,0,0,0,0,0,0,0,0,0,0,0,0,0,0,0,0,0,0,0,0,0,0,0,0,0,0,622
210309d6-4055-4353-91f7-5bf09cb6223a,PAPER,5,0,0,0,0,0,0,0,0,0,0,0,0,0,0,0,0,0,0,0,0,0,0,0,0,1,0,0,0,0,0,0,0,1,0,0,0,0,0,0,2,0,0,3,0,0,643,0,1,0,0,0,0,0,0,0,0,0,0,0,0,0,0,0,0,0,0,0,0,1,0,0,0,0,0,0,0,1,1,0,0,0,0,0,0,0,0,0,3,0,0,0,858,0,5,0,0,0,0,0,0,0,0,0,0,0,0,0,0,0,0,0,0,0,0,0,2,0,0,0,0,0,0,0,0,0,0,0,0,0,0,0,0,0,0,0,0,0,629
68a2c22a-bf37-4052-87ef-2a1e90736b3b,SCISSORS,5,0,0,0,0,0,0,0,0,0,0,0,0,0,0,0,0,0,0,0,0,0,3,0,1,0,0,0,0,0,0,0,0,1,0,0,0,0,0,0,1,0,0,0,0,0,648,0,2,0,0,0,0,0,0,0,0,0,0,0,0,3,0,0,0,0,0,0,0,0,0,0,0,0,0,0,0,0,1,0,0,0,0,0,0,0,0,0,0,0,0,0,862,0,3,0,0,0,0,0,0,3,0,0,0,0,0,0,0,0,0,0,0,0,0,0,0,0,0,0,0,0,0,0,0,0,0,0,0,0,0,0,0,0,0,0,0,0,631
d67388f8-3cd7-47ec-9a71-992031aee6fc,SCISSORS,5,0,0,0,0,0,0,0,0,0,0,0,0,0,0,0,0,0,0,0,0,0,0,0,0,0,0,0,0,0,0,0,0,1,0,0,0,1,0,0,0,0,0,0,0,0,651,0,1,0,0,0,0,0,0,0,0,0,0,0,0,0,0,0,0,0,0,0,0,0,0,0,0,0,0,0,0,0,0,0,0,0,0,0,0,0,0,1,0,0,0,0,867,0,1,0,0,0,0,0,0,1,0,0,0,0,0,0,0,0,0,0,0,0,0,0,0,0,0,0,0,0,0,0,0,0,0,0,0,0,0,0,0,0,0,0,0,0,634
05f7ad10-09b5-48e5-b065-4c9a9dacf64b,SCISSORS,6,0,0,0,0,0,0,0,0,0,0,0,0,0,0,0,0,0,0,0,0,0,0,1,0,0,0,0,0,0,0,0,0,2,0,0,0,0,0,0,0,0,0,0,0,0,656,0,2,0,0,0,0,0,0,0,0,0,0,0,0,0,0,0,0,0,0,0,0,0,0,0,0,0,0,0,0,0,0,0,0,0,0,0,0,0,0,0,0,1,0,0,871,0,1,0,0,0,0,0,0,0,0,0,0,0,0,0,1,0,0,0,0,0,0,0,1,0,0,0,0,0,0,0,0,0,0,0,0,0,0,0,0,0,0,0,0,0,642
53a17f4e-5c39-4d1d-8f50-c2ef426d232a,PAPER,9,0,0,0,0,0,0,0,0,0,0,0,2,0,0,0,0,0,0,0,0,0,1,0,7,1,1,0,0,0,0,0,0,4,0,0,0,1,0,0,2,2,0,0,0,0,685,0,6,0,0,0,0,0,0,0,0,0,0,0,0,0,0,0,0,0,0,0,0,1,0,3,0,0,0,0,0,6,3,0,0,0,0,0,0,0,0,0,2,0,0,0,882,0,15,0,0,0,0,0,0,0,0,0,0,0,0,0,0,0,0,0,0,0,0,4,1,0,0,0,0,0,0,0,0,0,0,0,0,1,0,0,0,0,0,0,0,0,652
7fa57845-47fe-4e8d-87d1-eb2b552ced52,PAPER,7,0,0,0,0,0,0,0,0,0,0,0,0,0,0,0,0,0,0,0,0,0,1,0,0,2,0,0,0,0,0,0,0,1,0,0,0,0,0,0,1,0,0,0,0,0,690,0,0,0,0,0,0,0,0,1,0,0,0,0,0,0,0,0,0,0,0,0,0,0,0,1,0,0,0,0,0,0,2,0,0,0,0,0,0,0,0,0,1,0,0,0,885,0,3,0,0,0,0,0,0,0,0,0,0,0,0,0,0,0,0,0,0,0,0,2,0,0,0,0,0,0,0,0,0,0,0,0,0,0,0,0,0,0,0,0,0,0,654
fd886049-0c4b-431f-963d-6145200d5a84,PAPER,6,0,0,0,0,0,0,0,0,0,0,0,0,0,0,0,0,0,0,0,0,0,1,0,1,0,0,0,0,0,0,0,0,2,0,0,0,1,0,0,1,1,0,0,0,0,704,0,1,0,0,0,0,0,0,0,0,0,0,0,0,0,0,0,0,0,0,0,0,0,0,2,0,0,0,0,0,0,3,0,0,0,0,0,0,0,0,0,1,0,0,0,889,0,6,0,0,0,0,0,0,0,0,0,0,0,0,0,0,0,0,0,0,0,0,1,0,0,0,0,0,0,0,0,0,0,0,0,0,0,0,0,0,0,0,0,0,0,656
8f36962d-5370-4e61-a5f0-0f358c626362,PAPER,6,0,0,0,0,0,0,0,0,0,0,0,0,0,0,0,0,0,0,0,0,0,2,0,3,0,0,0,0,0,0,0,0,1,0,0,0,1,0,0,1,1,0,0,0,0,714,0,2,0,0,0,0,0,0,0,0,0,0,0,0,0,0,0,0,0,0,0,0,0,0,3,0,0,0,0,0,0,3,0,0,0,0,0,0,0,0,0,1,0,0,0,897,0,3,0,0,0,0,0,0,0,0,0,0,0,0,0,0,0,0,0,0,0,0,5,0,1,0,0,0,0,0,0,0,0,0,0,0,0,0,0,0,0,0,0,0,0,663
6407d924-1668-4f8d-b254-1c32a89dc1cc,PAPER,5,0,0,0,0,0,0,0,0,0,0,0,0,0,0,1,0,0,0,0,0,0,1,0,2,0,0,0,0,0,0,0,0,1,0,0,0,2,0,0,2,0,0,0,0,0,723,0,1,0,0,0,0,0,0,0,0,0,0,0,0,0,0,0,0,0,0,0,0,0,0,5,0,0,0,0,0,0,2,0,0,0,0,0,0,0,0,0,1,0,0,0,904,0,8,0,0,0,0,0,0,0,0,0,0,0,0,0,0,0,0,0,0,0,0,0,1,0,0,0,0,0,0,0,0,0,0,0,0,0,0,0,0,0,0,0,0,0,666
92b5a69c-4adb-450e-9f41-806609a20f4f,PAPER,7,0,0,0,0,0,0,0,0,0,0,0,0,0,0,1,0,0,0,0,0,0,1,0,0,2,0,0,0,0,0,0,0,2,0,0,0,0,0,0,0,0,0,0,0,0,734,0,1,0,0,0,0,0,0,0,0,0,0,0,0,0,0,0,0,0,0,0,0,0,0,0,0,0,0,0,0,0,3,0,0,0,0,0,0,0,0,0,2,0,0,0,910,0,4,0,0,0,0,0,0,0,0,0,0,0,0,0,0,0,0,0,0,0,0,2,0,0,0,0,0,0,0,0,0,0,0,0,0,0,0,0,0,0,0,0,0,0,667
0cbed1cf-d36d-4c27-857a-636fba913d3b,ROCK,5,0,0,0,0,0,0,0,0,1,0,0,0,0,0,0,0,0,0,0,0,0,0,0,0,0,0,0,0,0,0,0,0,2,0,0,0,0,0,0,0,0,0,0,0,0,736,0,1,0,0,0,0,0,0,0,0,0,0,0,0,0,0,0,0,0,0,0,1,1,0,0,0,0,0,0,0,0,0,0,0,0,0,0,0,0,0,0,0,0,0,0,915,0,1,0,0,0,0,0,0,0,0,0,0,0,0,0,0,0,0,0,0,0,0,0,1,0,0,0,0,0,0,0,0,0,0,0,0,0,0,0,0,0,0,1,0,0,671
e4a567d1-d323-4455-84e7-8a71a4db3a2f,PAPER,8,0,0,0,0,0,0,0,0,1,0,0,0,0,0,0,0,0,0,0,0,0,0,0,1,0,0,0,0,0,0,0,0,0,0,0,0,0,0,0,0,0,0,0,0,0,739,0,2,0,0,0,0,0,0,0,0,0,0,0,0,0,0,0,0,0,0,0,0,0,0,0,0,0,0,0,0,0,0,0,0,0,0,0,0,0,0,0,0,0,0,0,920,0,2,0,0,0,0,0,0,0,0,0,0,0,0,0,0,0,0,0,0,0,0,0,0,0,0,0,0,0,0,0,0,0,0,0,0,0,0,0,0,0,0,0,0,0,672
8eaa675d-4e74-4586-9381-05b97c5c84bb,PAPER,7,0,0,0,0,0,0,0,0,0,0,0,0,0,0,1,0,0,0,0,0,0,0,0,0,1,0,0,0,0,0,0,0,1,0,0,0,0,0,0,0,0,0,0,0,0,746,0,1,0,0,0,0,0,0,0,0,0,0,0,0,0,0,0,0,0,0,0,0,0,0,0,0,0,0,0,0,0,1,0,0,0,0,0,0,0,0,0,1,0,0,0,925,0,2,0,0,0,0,0,0,0,0,0,0,0,0,0,0,0,0,0,0,0,0,1,0,0,0,0,0,0,0,0,0,0,0,0,0,0,0,0,0,0,0,0,0,0,673
ee308ba7-b37f-484b-a042-f70f4fb0487a,ROCK,5,0,0,0,0,0,0,0,0,1,0,0,0,0,0,0,0,0,0,0,0,0,0,0,5,1,0,0,0,0,0,0,0,5,0,0,0,5,0,0,4,0,0,0,0,0,765,0,3,0,0,0,0,0,0,0,0,0,0,0,0,0,0,0,0,0,0,0,1,2,0,11,1,0,0,0,0,0,2,0,0,0,0,0,0,0,1,0,0,0,0,0,943,0,8,0,0,0,0,0,0,0,0,0,0,0,0,0,0,0,0,0,0,0,0,0,11,0,0,0,0,0,0,0,0,0,0,0,0,2,0,0,0,0,0,0,0,0,691
c20afe24-2c58-456e-b5d4-bc5156927fb5,PAPER,5,0,0,0,0,0,0,0,0,0,0,0,0,0,0,1,0,0,0,0,0,0,1,0,0,0,0,0,0,0,0,0,0,1,0,0,0,0,0,0,0,0,0,0,0,0,770,0,1,0,0,0,0,0,0,0,0,0,0,0,0,0,0,0,0,0,0,0,0,0,0,0,0,0,0,0,0,0,0,0,0,0,0,0,0,0,0,0,2,0,0,0,947,0,1,0,0,0,0,0,0,0,0,0,0,0,0,0,0,0,0,0,0,0,0,0,0,2,0,0,0,0,0,0,0,0,0,0,0,0,0,0,0,0,0,0,0,0,693
94c90b80-6954-46fc-be70-28f4f51932d2,ROCK,7,0,0,0,0,0,0,0,0,2,0,0,0,0,0,0,0,0,0,0,0,0,0,0,0,0,0,0,0,0,0,0,0,1,0,0,0,0,0,0,0,0,0,0,0,0,772,0,3,0,0,0,0,0,0,0,0,0,0,0,0,0,0,0,0,0,0,0,0,0,0,0,0,0,0,0,0,0,0,0,0,0,0,0,0,0,0,0,0,0,0,0,948,0,1,0,0,0,0,0,0,0,0,0,0,0,0,1,0,0,0,0,0,0,0,1,0,0,0,0,0,0,0,0,0,0,0,0,0,0,0,0,0,0,0,0,0,0,699
56cf58f5-1784-46af-b7df-91bbf87e2161,ROCK,6,0,0,0,0,0,0,0,0,3,0,0,0,0,0,0,0,0,0,0,0,0,1,0,3,0,0,0,0,0,0,0,0,0,0,0,0,0,0,0,7,0,0,0,0,0,780,0,6,0,0,0,0,0,0,0,0,0,0,0,0,0,0,0,0,0,0,0,0,2,0,4,1,0,0,0,0,0,1,0,0,0,0,0,0,0,0,0,0,0,0,0,964,0,3,0,0,0,0,0,0,0,0,0,0,0,0,0,0,0,0,0,0,0,0,1,1,6,0,0,0,0,0,0,0,0,0,0,0,2,0,0,0,1,0,0,0,0,711
7b31e40a-40e2-4a18-a3e1-74cbbc03f1eb,SCISSORS,7,0,0,0,0,0,0,0,0,1,0,0,0,0,0,0,0,0,0,0,0,0,4,0,5,0,0,0,0,0,0,0,0,2,0,0,0,3,0,0,4,0,0,0,0,0,793,0,1,0,0,0,0,0,0,0,0,0,0,0,0,4,0,0,0,0,0,0,0,0,0,4,0,0,0,0,0,0,10,0,0,0,0,0,0,0,0,0,0,0,0,0,980,0,8,0,0,0,0,0,0,2,0,0,0,0,0,0,2,0,0,0,0,0,0,1,4,0,0,0,0,0,0,0,0,0,0,0,0,2,0,0,0,0,0,0,0,0,725
dc647be2-278d-4675-b26e-a3014ac3dfb3,SCISSORS,6,0,0,0,0,0,0,0,0,0,0,0,0,0,0,0,0,0,0,0,0,0,4,0,2,0,0,0,0,0,0,0,0,1,0,0,0,0,0,0,0,0,0,0,0,0,800,0,1,0,0,0,0,0,0,0,0,0,0,0,0,0,0,0,0,0,0,0,0,1,0,0,0,0,0,0,0,0,2,0,0,0,0,0,0,0,0,0,0,3,0,0,987,0,2,0,0,0,0,0,0,4,0,0,0,0,0,0,0,0,0,0,0,0,0,1,0,0,0,0,0,0,0,0,0,0,0,0,0,0,0,0,0,0,0,0,0,0,732
f641c2ef-4751-4483-bca1-9bfd7976427d,SCISSORS,8,0,0,0,0,0,0,0,0,0,0,0,0,0,0,0,0,0,0,0,0,0,2,0,0,0,0,0,0,0,0,0,0,2,0,0,0,2,0,0,0,0,0,0,0,0,804,0,1,0,0,0,0,0,0,0,0,0,0,0,0,0,0,0,0,0,0,0,0,0,0,2,0,0,0,0,0,1,0,0,0,0,0,0,0,0,0,2,0,0,0,0,991,0,4,0,0,0,0,0,0,1,0,0,0,1,0,0,0,0,0,0,0,0,0,0,0,0,0,0,0,0,0,0,0,0,0,0,0,0,0,0,0,0,0,0,0,0,737
049686ad-62b4-4391-a41c-e4c59214faab,ROCK,9,0,0,0,0,0,0,0,0,1,0,0,0,0,0,0,0,0,0,0,0,0,0,0,0,0,0,0,0,0,0,3,0,1,0,0,0,3,0,0,5,0,0,0,0,0,816,0,4,0,0,0,0,0,0,0,0,0,0,0,0,0,0,0,0,0,0,0,0,0,0,2,0,1,0,0,0,0,5,0,0,0,0,0,0,0,1,0,0,0,0,0,1009,0,12,0,0,0,0,0,0,0,0,0,0,0,0,0,0,0,0,0,0,0,0,0,0,0,0,0,0,0,0,0,0,0,0,0,0,0,0,0,0,0,0,1,0,0,741
d799557b-01d5-4a98-85c9-f75ca1b6554e,ROCK,6,0,0,0,0,0,0,0,0,3,0,0,0,0,0,0,0,0,0,0,0,0,0,0,0,0,0,0,0,0,0,0,0,1,0,0,0,0,0,0,0,0,0,0,0,0,820,0,1,0,0,0,0,0,0,0,0,0,0,0,0,0,0,0,0,0,0,0,1,2,0,0,0,0,0,0,0,0,0,0,0,0,0,0,0,0,0,0,0,0,0,0,1013,0,1,0,0,0,0,0,0,0,0,0,0,0,0,1,0,0,0,0,0,0,0,1,1,0,0,0,0,0,0,0,0,0,0,0,0,0,0,0,0,0,0,0,0,0,749
a00521ba-c2ce-47c8-9eb8-9fe6788d06ec,PAPER,8,0,0,0,0,0,0,0,0,1,0,0,0,0,0,0,0,0,0,0,0,0,0,0,1,0,0,0,0,0,0,0,0,0,0,0,0,2,0,0,0,1,0,0,0,0,826,0,3,0,0,0,0,0,0,0,0,0,0,0,0,0,0,0,0,0,0,0,0,0,0,1,0,0,0,0,0,0,0,0,0,0,0,0,0,0,0,0,1,0,0,0,1017,0,4,0,0,0,0,0,0,0,0,0,0,0,0,0,0,0,0,0,0,0,0,1,0,0,0,0,0,0,0,0,0,0,0,0,0,0,0,0,0,0,0,0,0,0,751
7201335d-ab4d-4686-a001-d208587c6486,PAPER,7,0,1,0,0,0,0,0,0,0,0,0,0,0,0,0,0,0,0,0,0,0,2,0,2,0,1,0,0,0,0,0,0,2,0,0,0,2,0,0,5,0,0,0,0,0,844,0,2,0,0,0,0,0,0,0,0,0,0,0,0,0,0,0,0,0,0,0,0,0,0,6,0,0,0,0,0,1,5,0,0,0,0,1,0,0,0,0,0,0,0,0,1032,0,13,0,0,0,0,0,0,0,0,0,0,0,0,0,0,0,0,0,0,0,1,0,1,0,0,0,0,0,0,0,0,0,0,0,0,0,0,0,0,0,0,0,0,0,763
b98b16c8-315f-429b-b654-fb191adcc789,SCISSORS,8,0,0,0,0,0,0,0,0,0,0,0,3,0,0,0,0,0,0,0,0,0,0,0,4,0,0,0,0,0,0,0,0,2,0,0,0,0,0,0,0,0,0,0,0,0,853,0,1,0,0,0,0,0,0,0,0,0,0,0,0,2,0,0,0,0,0,0,1,0,0,0,0,0,0,0,0,0,5,0,0,0,0,0,0,0,0,0,0,0,0,0,1037,0,4,0,0,0,0,0,0,3,0,0,0,0,0,0,0,0,0,0,0,0,2,0,0,0,0,0,0,0,0,0,0,0,0,0,0,0,0,0,0,0,0,0,0,0,767
1e68663d-522a-44c6-85e3-0ea572fee687,ROCK,6,0,0,0,0,0,1,0,0,1,0,0,0,0,0,0,0,0,0,0,0,0,0,0,0,4,0,1,0,0,0,0,0,2,0,0,0,0,0,0,0,0,0,0,0,0,861,0,1,0,0,0,0,0,0,0,0,0,0,0,0,0,0,0,0,0,0,0,0,1,0,7,0,0,0,0,0,0,0,0,0,0,0,0,0,0,0,0,0,0,0,0,1046,0,5,0,0,0,0,0,0,0,0,0,0,0,0,1,0,0,0,0,0,0,0,0,2,0,0,0,0,0,0,0,0,0,0,0,0,0,0,0,0,1,0,0,0,0,775
675bfe14-30ee-486d-93e7-158cdecddd20,SCISSORS,8,0,0,0,0,0,0,0,0,1,0,0,0,0,0,0,0,0,0,0,0,0,1,0,0,0,0,4,0,0,0,0,0,0,0,0,0,0,0,0,1,0,0,0,0,0,869,0,1,0,0,0,0,0,0,0,0,0,0,0,0,0,0,0,0,0,0,0,1,0,0,2,0,0,0,0,0,0,1,0,0,0,0,0,0,0,0,2,0,0,0,0,1053,0,4,0,0,0,0,0,0,2,0,0,0,1,0,0,0,0,0,0,0,0,0,0,0,0,0,0,0,0,0,0,0,0,0,0,0,0,0,0,0,0,0,0,0,0,781
625214ad-2393-495b-8d28-8b3dfa2a8f79,ROCK,9,0,0,0,0,0,1,0,0,0,0,0,0,0,0,0,0,0,0,0,0,0,0,0,0,0,0,0,0,0,0,0,0,1,0,0,0,0,0,0,1,0,0,0,0,0,872,0,1,0,0,0,0,0,0,0,0,0,0,0,0,0,0,0,0,0,0,0,0,2,0,0,0,0,0,0,0,0,0,0,0,0,0,0,0,0,0,0,0,0,0,0,1056,0,1,0,0,0,0,0,0,0,0,0,0,0,0,0,0,0,0,0,0,0,1,0,1,0,0,0,0,0,0,0,0,0,0,0,0,0,0,0,0,0,0,0,0,0,785
80f3d819-6b2d-41ab-a1d8-c4c445f9342f,ROCK,5,0,0,0,0,0,1,0,0,0,0,0,0,0,0,0,0,0,0,0,0,0,0,0,0,4,0,0,0,0,0,0,0,3,0,0,0,0,0,0,1,1,0,0,0,0,881,0,3,0,0,0,0,0,0,0,0,0,0,0,0,0,0,0,0,0,0,0,0,2,0,3,0,0,0,0,0,0,2,0,0,0,0,0,0,0,0,0,0,0,0,0,1068,0,6,0,0,0,0,0,0,0,0,0,0,0,0,0,0,0,0,0,0,0,0,1,1,0,0,0,0,0,0,0,0,0,0,0,0,2,0,0,0,0,0,0,0,0,793
dd392cd1-0bed-4ce3-9566-fddcf1265712,ROCK,9,0,0,0,0,0,2,0,0,0,0,0,0,0,0,0,1,0,0,0,0,0,5,1,0,2,0,1,0,0,0,0,0,1,0,0,0,0,0,0,1,0,0,0,0,0,896,0,1,0,0,0,0,0,0,0,0,0,0,0,0,0,0,0,0,0,0,0,0,0,0,9,2,0,0,0,0,0,2,0,0,0,0,0,0,0,0,0,0,0,0,0,1076,0,7,0,0,0,0,0,0,0,0,0,0,0,0,0,0,0,0,0,0,0,0,0,4,0,0,0,0,0,0,0,0,0,0,0,0,0,0,0,0,0,0,3,0,0,801
1ac268f6-8fb1-4fa2-85b5-01f0519979ce,PAPER,5,0,0,0,0,0,0,0,0,0,0,0,0,0,0,0,0,0,0,0,0,0,1,0,0,3,0,0,0,0,0,0,0,1,0,0,0,0,0,0,0,0,0,0,0,0,902,0,2,0,0,0,0,0,0,0,0,0,0,0,0,0,0,0,0,0,0,0,0,0,0,1,0,0,0,0,0,0,1,0,0,0,0,0,0,0,0,0,1,0,0,0,1086,0,3,0,0,0,0,0,0,0,0,0,0,0,0,0,0,0,0,0,0,0,0,2,0,0,0,0,0,0,0,0,0,0,0,0,0,0,0,0,0,0,0,0,0,0,803
18ee2aa7-91dc-4cb4-a32b-0b27e20a8795,ROCK,7,0,0,0,0,0,2,0,0,0,0,0,0,0,0,0,0,0,0,0,0,0,1,1,1,19,0,0,0,0,0,0,0,9,0,0,0,0,0,0,0,0,0,0,0,0,924,0,7,0,0,0,0,0,0,0,0,0,0,0,0,0,0,0,0,0,0,0,0,3,0,9,1,1,0,0,0,0,11,0,0,0,0,1,0,0,0,0,0,0,0,0,1114,0,20,0,0,0,0,0,0,0,0,0,0,0,0,0,0,0,0,0,0,0,2,0,2,6,0,0,0,0,0,0,0,0,0,0,0,1,0,0,0,1,0,1,0,0,819
b9605dcb-ebe5-43e3-a203-c825ad669b14,PAPER,9,0,0,0,0,0,0,0,0,0,0,0,0,0,0,0,0,0,0,0,0,0,0,0,0,1,0,0,0,0,0,0,0,1,0,0,0,0,0,0,0,0,0,2,0,0,927,0,1,0,0,0,0,0,0,0,0,0,0,0,0,0,0,0,0,0,0,0,0,0,0,0,0,0,0,0,0,0,0,0,0,0,0,1,0,0,0,0,2,0,0,0,1121,0,1,0,0,0,0,0,0,0,0,0,0,0,0,0,0,0,0,0,0,0,0,3,0,0,0,0,0,0,0,0,0,0,0,0,0,0,0,0,0,0,0,0,0,0,822
a4a52e69-abf4-4963-8f00-fe4fcb5c72af,SCISSORS,6,0,0,0,0,0,0,0,0,0,0,0,0,0,0,0,0,0,0,0,0,0,4,0,0,0,0,0,0,0,0,0,0,1,0,0,0,0,0,0,0,0,0,0,0,0,932,0,1,0,0,0,0,0,0,0,0,0,0,0,0,2,0,0,0,0,0,0,0,1,0,1,0,0,0,0,0,0,0,0,0,0,0,0,0,0,0,0,0,0,0,0,1128,0,2,0,0,0,1,0,0,2,0,0,0,0,0,0,0,0,0,0,0,0,0,0,0,0,0,0,0,0,0,0,0,0,0,0,0,0,0,0,0,0,0,0,0,0,825
d4dc07ab-07cd-4f09-812d-ee06e7331a50,PAPER,8,0,0,0,0,0,0,0,0,0,0,0,0,0,0,0,0,0,0,0,0,0,0,0,0,2,0,0,0,0,0,0,0,2,0,0,0,0,0,0,2,1,0,0,0,0,943,0,1,0,0,0,0,0,0,0,0,0,0,0,0,0,0,0,0,0,0,0,0,0,0,0,0,0,0,0,0,0,5,0,0,0,0,0,0,0,0,0,1,0,0,0,1133,0,5,0,0,0,0,0,0,0,0,0,0,0,0,0,0,0,0,0,0,0,1,0,1,0,0,0,0,0,0,0,0,0,0,0,0,0,0,0,0,0,0,0,0,0,833
d9d00298-1118-455b-a804-0b7451d8c321,SCISSORS,9,0,0,0,0,0,0,0,0,0,0,0,0,0,0,0,0,0,0,0,0,0,0,0,0,0,0,0,0,0,0,0,0,1,0,0,0,0,0,0,6,0,0,0,0,0,945,0,3,0,0,0,0,0,0,0,0,0,0,0,0,0,0,0,0,0,0,0,0,1,0,0,0,0,0,0,0,0,0,0,0,0,0,0,0,0,0,1,0,2,0,0,1138,0,3,0,0,0,0,0,0,4,0,0,0,0,0,0,0,0,0,0,0,0,0,0,0,0,0,0,0,0,0,0,0,0,0,0,0,0,0,0,0,0,0,0,0,0,841
7225f8e6-8257-48a1-a400-10ff1abec1f6,SCISSORS,5,0,0,0,0,0,0,0,0,0,0,0,0,0,0,0,0,0,0,0,0,0,4,0,0,3,0,0,0,0,0,0,0,5,0,0,0,0,0,0,1,0,0,0,0,0,950,0,3,0,0,0,0,0,0,0,0,0,0,0,0,0,0,0,0,0,0,0,0,0,0,3,0,0,0,0,0,0,2,0,0,0,0,0,0,0,1,4,0,0,0,0,1155,0,2,0,0,1,0,0,0,3,0,0,0,0,0,0,0,0,0,0,0,0,0,0,0,7,0,0,0,0,0,0,0,0,0,0,0,0,0,0,0,0,0,0,0,0,849
7e9bc1e3-d728-4113-a9ee-7b2c7ebc26dc,SCISSORS,9,0,0,0,0,0,0,0,0,0,0,0,0,0,0,0,0,0,0,0,0,0,3,0,0,0,0,0,0,0,0,0,0,2,0,0,0,0,0,0,0,0,0,0,0,0,953,0,1,0,0,0,0,0,0,0,0,0,0,0,0,2,0,0,0,0,0,0,0,0,0,1,0,0,0,0,0,0,1,0,0,0,0,0,0,0,0,0,0,0,0,0,1164,0,2,0,0,0,0,0,0,2,0,0,0,0,0,0,0,0,0,0,0,0,0,0,0,1,0,0,0,0,0,0,0,0,0,0,0,0,0,0,0,0,0,0,0,0,857
073ee901-f7e4-4eff-8778-3ca0f35cf44c,PAPER,7,0,0,0,0,0,0,0,0,0,0,0,0,0,0,0,0,0,0,0,0,0,0,0,0,2,0,0,0,0,0,0,0,1,0,0,0,0,0,0,1,0,0,0,0,0,959,0,1,0,0,0,0,0,0,0,0,0,0,0,0,0,0,0,0,0,0,0,0,0,0,1,0,0,0,0,0,0,2,0,0,0,0,0,0,0,0,0,0,0,0,0,1170,0,2,0,0,0,0,0,0,0,0,0,0,0,0,0,0,0,0,0,0,0,2,0,0,0,0,0,0,0,0,0,0,0,0,0,0,0,0,0,0,0,0,0,0,0,861
e43d58fb-1919-4fd1-a0b3-68ed1a3d75ed,SCISSORS,7,0,0,0,0,0,0,0,0,0,0,0,0,0,0,0,0,0,0,0,0,0,3,0,0,4,0,0,0,0,0,0,0,4,0,0,0,0,0,0,2,0,0,0,0,0,973,0,3,0,0,0,0,0,0,0,0,0,0,0,0,0,0,0,0,0,0,0,0,0,0,5,0,0,0,0,0,0,1,0,0,0,0,2,0,0,0,1,0,1,0,0,1191,0,9,0,0,0,0,0,0,1,0,0,0,0,0,0,0,0,0,0,0,0,0,0,0,3,0,0,0,0,0,0,0,0,0,0,0,0,0,0,0,0,0,0,0,0,865
858ef7f3-1e4c-4011-9fc2-d7c318cff17d,ROCK,6,0,0,0,0,0,1,0,0,0,0,0,0,0,0,0,0,0,0,0,0,0,0,0,0,0,0,0,0,0,0,0,0,2,0,0,0,0,0,0,0,0,0,0,0,0,978,0,1,0,0,0,0,0,0,0,0,0,0,0,0,0,0,0,0,0,0,0,0,2,0,0,0,0,0,0,0,0,0,0,0,0,0,0,0,0,0,0,0,0,0,0,1194,0,1,0,0,0,0,0,0,0,0,0,0,0,0,0,0,0,0,0,0,0,0,0,0,1,0,0,0,0,0,0,0,0,0,0,0,0,0,0,0,1,0,0,0,0,872
0e2d65dd-9d09-474e-8ab4-8ebfecc285ae,SCISSORS,8,0,0,0,0,0,0,0,0,0,0,0,0,0,0,0,0,0,0,0,0,0,5,0,0,1,0,0,0,0,0,0,0,4,0,0,0,0,0,0,3,0,0,0,0,0,985,0,1,0,0,0,0,0,0,0,0,0,0,0,0,0,0,0,0,0,0,0,2,0,0,1,0,0,0,0,0,0,4,0,0,0,0,2,0,0,0,0,0,3,0,0,1205,0,4,0,0,0,0,0,0,4,0,0,0,0,0,0,0,0,0,0,0,0,2,0,0,3,0,0,0,0,0,0,0,0,0,0,0,0,0,0,0,0,0,0,0,0,884
d2ebb001-8a41-43a4-a4dc-b2fde2e9e9bf,PAPER,6,0,0,0,0,0,0,0,0,0,0,0,0,0,0,0,0,0,0,0,0,0,0,0,1,1,0,0,0,0,0,0,0,1,0,0,0,0,0,0,3,1,0,0,0,0,991,0,2,0,0,0,0,0,0,0,0,0,0,0,0,0,0,0,0,0,0,0,0,0,0,0,0,0,0,0,0,0,4,0,0,0,0,0,0,0,0,0,1,0,0,0,1211,0,7,0,0,0,0,0,0,0,0,0,0,0,0,0,0,0,0,0,0,0,0,0,0,0,0,0,0,0,0,0,0,0,0,0,0,0,0,0,0,0,0,0,0,0,885
ccf57c1a-6b18-4e2e-a6fb-431a62506b77,SCISSORS,9,0,0,0,0,0,0,0,0,0,0,0,0,0,0,0,0,0,0,0,0,0,3,0,0,2,0,0,0,0,0,0,0,1,0,0,0,0,0,0,1,0,0,0,0,0,995,0,4,0,0,0,0,0,0,0,0,0,0,0,0,0,0,0,0,0,0,0,0,0,0,1,0,0,0,0,0,0,0,0,0,0,0,0,0,0,0,2,0,0,0,0,1219,0,4,0,0,0,0,0,0,2,0,0,0,0,0,0,0,0,0,0,0,0,1,0,0,0,0,0,0,0,0,0,0,0,0,0,0,0,0,0,0,0,0,0,0,0,892
c45cdbb6-3a4d-40b8-b45f-3216eeb1cb7c,SCISSORS,8,0,0,0,0,0,0,0,0,0,0,0,0,0,0,0,0,0,0,0,0,0,1,0,0,0,0,3,0,0,0,0,0,2,0,0,0,0,0,0,1,0,0,0,0,0,1007,0,1,0,0,0,0,0,0,0,0,0,0,0,0,0,0,0,0,0,0,0,0,0,1,2,0,0,0,0,0,0,2,0,0,0,0,0,0,0,0,0,0,1,0,0,1234,0,6,0,0,0,0,0,0,1,0,0,0,0,0,0,0,0,0,0,0,0,0,0,0,0,0,0,0,0,0,0,0,0,0,0,0,0,0,0,0,0,0,0,0,0,895
f714b80d-6689-4fe4-8770-117cc282b0f7,PAPER,6,0,0,0,0,0,0,0,0,0,0,0,0,0,0,0,0,0,0,0,0,0,0,1,0,0,0,0,0,0,0,0,0,2,0,0,0,0,0,0,0,1,0,0,0,0,1014,0,1,0,0,0,0,0,0,0,0,0,0,0,0,0,0,0,0,0,0,0,0,0,0,0,0,0,0,0,0,0,1,0,0,0,0,0,0,0,0,0,2,0,0,0,1237,0,1,0,0,0,0,0,0,0,0,0,0,0,0,0,0,0,0,0,0,0,2,0,0,1,0,0,0,0,0,0,0,0,0,0,0,0,0,0,0,0,0,0,0,0,897
6aabb790-6d03-4eaf-ae7b-fc763fa85b3a,SCISSORS,6,0,0,0,0,0,0,0,0,0,0,0,0,0,0,0,0,0,0,0,0,0,0,0,0,12,0,0,0,0,0,0,0,1,0,0,0,0,0,0,1,0,0,0,0,0,1017,0,3,0,0,0,0,0,0,0,0,0,0,0,0,5,0,0,0,0,0,0,0,0,1,3,0,0,0,0,0,0,0,0,0,0,0,2,0,0,0,0,0,0,0,0,1249,0,2,0,0,0,0,0,0,5,0,0,0,0,0,0,0,0,0,0,0,0,2,0,0,5,0,0,0,0,0,0,0,0,0,0,0,0,0,0,0,0,0,0,0,0,906
9acc4bb5-ab62-4563-917b-54501f6e3e76,SCISSORS,6,0,0,0,0,0,0,0,0,0,0,0,0,0,0,0,0,0,0,0,0,0,0,0,1,0,0,1,0,0,0,0,0,2,0,0,0,0,0,0,0,0,0,0,0,0,1021,0,1,0,0,0,0,0,0,0,0,0,0,0,0,0,0,0,0,0,0,0,0,0,0,0,0,0,0,0,0,2,0,0,0,0,0,0,0,0,0,0,0,1,0,0,1255,0,3,0,0,0,0,0,0,1,0,0,0,0,0,0,0,0,0,0,0,0,0,0,0,0,0,0,0,0,0,0,0,0,0,0,0,0,0,0,0,0,0,0,0,0,910
bb68a576-42f0-4e51-8e5d-1fa2745134bc,SCISSORS,5,0,0,0,0,0,0,0,0,0,0,0,0,0,0,0,0,0,0,0,0,0,4,0,4,0,0,0,0,0,0,0,0,2,0,0,0,0,0,0,0,0,0,0,0,0,1029,0,1,0,0,0,0,0,0,0,0,0,0,0,0,0,0,0,0,0,0,0,1,0,0,0,0,0,0,0,0,0,5,0,0,0,0,0,0,0,0,3,0,0,0,0,1262,0,1,0,0,0,0,0,0,4,0,0,0,0,0,0,0,0,0,0,0,0,3,0,0,1,0,0,0,0,0,0,0,0,0,0,0,1,0,0,0,0,0,0,0,0,921
fc1a4fd0-4361-4ba5-a1a2-2dfc2cd84cc7,PAPER,8,0,0,0,0,0,0,0,0,0,0,0,0,0,0,0,0,0,0,0,0,0,0,0,4,0,0,0,0,0,0,0,0,1,0,0,0,0,0,0,2,1,0,0,0,0,1038,0,1,0,0,0,0,0,0,0,0,0,0,0,0,0,0,0,0,0,0,0,0,0,0,0,0,0,0,0,0,0,6,0,0,0,0,0,0,0,0,0,1,0,0,0,1269,0,6,0,0,0,0,0,0,0,0,0,0,0,0,0,0,0,0,0,0,0,2,0,0,0,0,0,0,0,0,0,0,0,0,0,0,0,0,0,0,0,0,0,0,0,925
78c57702-689f-42a9-a928-12df60281c5d,SCISSORS,6,0,0,0,0,0,0,0,0,0,0,0,0,0,0,0,0,0,0,0,0,0,3,0,0,0,0,0,0,0,0,0,0,1,0,0,0,0,0,0,1,0,0,0,0,0,1042,0,2,0,0,0,0,0,0,0,0,0,0,0,0,2,0,0,0,0,0,0,0,1,0,0,0,0,0,0,0,0,0,0,0,0,0,0,0,0,0,0,0,0,0,0,1277,0,1,0,0,0,0,0,0,3,0,0,0,0,0,0,0,0,0,0,0,0,0,0,0,1,0,0,0,0,0,0,0,0,0,0,0,0,0,0,0,0,0,0,0,0,929
5a4d7bf6-19af-4c81-9067-5e5417299fba,SCISSORS,7,0,0,0,0,0,0,0,0,0,0,0,0,0,0,0,0,0,0,0,0,0,3,0,0,4,0,1,0,0,0,0,0,1,0,0,0,0,0,0,1,0,0,0,0,0,1047,0,4,0,0,0,0,0,0,0,0,0,0,0,0,0,0,0,0,0,0,0,1,0,0,3,0,0,0,0,0,0,0,0,0,0,0,1,0,0,0,0,0,1,0,0,1290,0,7,0,0,0,0,0,0,3,0,0,0,0,0,0,0,0,0,0,0,0,0,0,0,0,0,0,0,0,0,0,0,0,0,0,0,0,0,0,0,0,0,0,0,0,931
05795f13-7d74-4b64-9f45-5a00365790a6,SCISSORS,9,0,0,0,0,0,0,0,0,0,0,0,0,0,0,0,0,0,0,0,0,0,0,0,0,0,0,3,0,0,0,0,0,1,0,0,0,0,0,0,1,0,0,0,0,0,1050,0,1,0,0,0,0,0,0,0,0,0,0,0,0,0,0,0,0,0,0,0,0,1,0,0,0,0,0,0,0,0,1,0,0,0,0,0,0,0,0,2,0,0,0,0,1295,0,2,0,0,0,0,0,0,3,0,0,0,0,0,0,0,0,0,0,0,0,0,0,0,0,0,0,0,0,0,0,0,0,0,0,0,0,0,0,0,0,0,0,0,0,933
bf7508fc-29cd-4c7d-ac98-c05e81b675da,PAPER,9,0,0,0,0,0,0,0,0,0,0,0,0,0,0,0,0,0,0,0,0,0,0,0,0,1,0,1,0,0,0,0,0,3,0,0,0,0,0,0,2,0,0,1,0,0,1058,0,1,0,0,0,0,0,0,0,0,0,0,0,0,0,0,0,0,0,0,0,0,0,0,0,0,0,0,0,0,0,4,0,0,0,0,0,0,0,1,0,2,0,0,0,1303,0,8,0,0,0,0,0,0,0,0,0,0,0,0,0,0,0,0,0,0,0,0,0,0,0,0,0,0,0,0,0,0,0,0,0,0,0,0,0,0,0,0,0,0,0,934
e89677f1-f32f-4ff6-828c-2efaf755dad3,PAPER,6,0,0,0,0,0,0,0,0,0,0,0,0,0,0,0,0,0,0,0,0,0,1,0,1,0,0,2,0,0,0,0,0,1,0,0,0,1,0,0,1,0,0,0,0,0,1068,0,3,0,0,0,0,0,0,0,0,0,0,0,0,0,0,0,0,0,0,0,0,0,1,2,0,0,0,0,0,0,0,0,0,0,0,0,0,0,0,0,1,0,0,0,1309,0,5,0,0,0,0,0,0,0,0,0,0,0,0,0,0,0,0,0,0,0,2,0,0,0,0,0,0,0,0,0,0,0,0,0,0,0,0,0,0,0,0,0,0,0,935
fa22ba30-7f04-463a-b67e-7e95c3dced4d,SCISSORS,9,0,0,0,0,0,0,0,0,0,0,0,0,0,0,0,0,1,0,0,0,0,0,0,0,0,0,1,0,0,0,0,0,1,0,0,0,0,0,0,1,0,0,0,0,0,1072,0,2,0,0,0,0,0,0,0,0,0,0,0,0,0,0,0,0,0,0,0,0,0,0,1,0,0,0,0,0,0,1,0,0,0,0,0,0,0,0,0,0,0,0,0,1314,0,3,0,0,0,0,0,0,1,0,0,0,0,0,0,0,0,0,0,0,0,0,0,0,0,0,0,0,0,0,0,0,0,0,0,0,0,0,0,0,0,0,0,0,0,937
7e3bb6fc-23aa-4b55-934d-7da9d9ea6b50,SCISSORS,8,0,0,0,0,0,0,0,0,0,0,0,0,0,0,0,0,1,0,0,0,0,3,0,0,0,0,0,0,0,0,0,0,0,0,0,0,0,0,0,6,0,0,0,0,0,1080,0,1,0,0,0,0,0,0,0,0,0,0,0,0,0,0,0,0,0,0,0,1,0,0,2,0,0,0,0,0,0,4,0,0,0,0,0,0,0,0,1,0,1,0,0,1328,0,7,0,0,0,0,0,0,2,0,0,0,0,0,0,0,0,0,0,0,0,0,0,0,1,0,0,0,0,0,0,0,0,0,0,0,0,0,0,0,0,0,0,0,0,945
26a35fec-0bd3-4512-bdfe-060b6e719ce6,PAPER,7,0,0,0,0,0,0,0,0,0,0,0,0,0,0,0,0,0,0,0,0,0,0,0,0,1,0,0,0,0,0,0,0,2,0,0,0,0,0,0,0,1,0,0,0,0,1084,0,1,0,0,0,0,0,0,0,0,0,0,0,0,0,0,0,0,0,0,0,0,0,0,0,0,0,0,0,0,0,2,0,0,0,0,0,0,0,0,0,1,0,0,0,1332,0,2,0,0,0,0,0,0,0,0,0,0,0,0,0,0,0,0,0,0,0,1,0,0,1,0,0,0,0,0,0,0,0,0,0,0,0,0,0,0,0,0,0,0,0,948
bebfd48d-774c-48e9-a5d7-4dda280f5313,PAPER,9,0,0,0,0,0,0,0,0,0,0,0,0,0,0,0,0,0,0,0,0,0,1,0,1,0,0,0,0,0,0,0,0,2,0,0,0,0,0,0,0,0,0,1,0,0,1091,0,1,0,0,1,0,0,0,0,0,0,0,0,0,0,0,0,0,0,0,0,0,0,0,0,0,0,0,0,0,0,2,0,0,0,0,0,0,0,0,0,1,0,0,0,1336,0,2,0,0,0,0,0,0,0,0,0,0,0,0,0,0,0,0,0,0,0,3,0,0,0,0,0,0,0,0,0,0,0,0,0,0,0,0,0,0,0,0,0,0,0,950
7915b87a-1813-467e-8e95-89437373fcf0,SCISSORS,7,0,0,0,0,0,0,0,0,0,0,0,0,0,0,0,0,0,0,0,0,0,2,1,0,0,0,0,0,0,0,0,0,1,0,0,0,0,0,0,0,0,0,0,0,0,1095,0,1,0,0,0,0,0,0,0,0,0,0,0,0,0,0,0,0,0,0,0,1,0,0,1,0,0,0,0,0,0,0,0,0,0,0,0,0,0,0,0,0,1,0,0,1345,0,2,0,0,0,0,0,0,2,0,0,0,0,0,0,0,0,0,0,0,0,0,0,0,0,0,0,0,0,0,0,0,0,0,0,0,0,0,0,0,0,0,0,0,0,955
6f2b02ea-40d4-4b11-81e1-08a096aaf99e,SCISSORS,7,0,0,0,0,0,0,0,0,0,0,0,0,0,0,0,0,0,0,0,0,0,2,0,0,0,0,1,0,0,0,0,0,1,0,0,0,0,0,0,0,0,0,0,0,0,1099,0,1,0,0,0,0,0,0,0,0,0,0,0,0,0,0,0,0,0,0,0,1,0,0,1,0,0,0,0,0,0,0,0,0,0,0,0,0,0,0,0,0,1,0,0,1352,0,2,0,0,0,0,0,0,2,0,0,0,0,0,0,0,0,0,0,0,0,0,0,0,0,0,0,0,0,0,0,0,0,0,0,0,0,0,0,0,0,0,0,0,0,957
20f5fcda-2b84-41be-9c6b-dbbbcf3f0619,PAPER,9,0,0,0,0,0,0,0,0,0,0,0,0,0,0,0,0,0,0,0,0,0,0,0,0,0,0,0,0,0,0,0,0,1,0,0,0,0,0,0,1,1,0,0,0,0,1104,0,1,0,0,0,0,0,0,0,0,0,0,0,0,0,0,0,0,0,0,0,0,0,0,0,0,0,0,0,0,0,0,0,0,0,0,1,0,0,0,0,1,0,0,0,1360,0,1,0,0,0,0,0,0,0,0,0,0,0,0,0,0,0,0,0,0,0,0,1,0,1,0,0,0,0,0,0,0,0,0,0,0,0,0,0,0,0,0,0,0,0,960
70a5a096-be40-44a3-9664-8a4f58c0c473,PAPER,8,0,0,0,0,0,0,0,0,0,0,0,2,0,0,0,0,0,0,0,0,0,0,0,3,0,0,1,0,0,0,0,0,2,0,0,0,0,0,0,5,0,0,0,0,0,1127,0,2,0,0,0,0,0,0,0,0,0,0,0,0,0,0,0,0,0,0,0,0,0,0,2,0,0,0,0,0,0,8,0,0,0,0,0,0,0,0,0,1,0,0,0,1374,0,12,0,0,0,0,0,0,0,0,0,0,0,0,0,0,0,0,0,0,0,1,0,0,0,0,0,0,0,0,0,0,0,0,0,0,0,0,0,0,0,0,0,0,0,962
4a60c77f-5df4-4c00-9060-79c2efddb45e,PAPER,8,0,0,0,0,0,0,0,0,0,0,0,0,0,0,1,0,0,0,0,0,0,0,0,0,2,0,0,0,0,0,0,0,1,0,0,0,0,0,0,0,0,0,0,0,0,1132,0,1,0,0,0,0,0,0,0,0,0,0,0,0,0,0,0,0,0,0,0,0,0,0,0,0,0,0,0,0,0,1,0,0,0,0,0,0,0,0,0,2,0,0,0,1380,0,2,0,0,0,0,0,0,0,0,0,0,0,0,0,0,0,0,0,0,0,0,2,0,0,0,0,0,0,0,0,0,0,0,0,0,0,0,0,0,0,0,0,0,0,964
56bf241f-59d0-48d7-be6a-fa627894a08a,ROCK,6,0,0,0,0,0,0,0,0,0,0,0,0,0,0,0,0,0,0,0,0,0,0,0,0,0,0,0,0,0,0,0,0,1,0,0,0,0,0,0,2,0,0,0,0,0,1136,0,1,0,0,0,0,0,0,0,0,0,0,0,0,0,0,0,0,0,0,0,0,1,0,0,0,0,0,0,0,0,1,0,0,0,0,0,0,0,0,0,0,0,0,0,1384,0,2,0,0,0,0,0,0,0,0,0,0,0,0,0,0,0,0,0,0,0,0,0,0,1,0,0,0,0,0,0,0,0,0,0,0,0,0,0,0,0,0,0,0,0,968
54ff9460-f282-499f-b81a-8e6b95a27408,PAPER,8,0,0,0,0,0,0,0,0,0,0,0,0,0,0,0,0,0,0,0,0,0,0,0,0,0,0,1,0,0,0,0,0,2,0,0,0,0,0,0,2,0,0,0,0,0,1144,0,3,0,0,0,0,0,0,0,0,0,0,0,0,0,0,0,0,0,0,0,0,0,0,0,0,0,0,0,0,0,0,0,0,0,0,0,0,0,1,0,1,0,0,0,1393,0,5,0,0,0,0,0,0,0,0,0,0,0,0,0,0,0,0,0,0,0,0,0,0,0,0,0,0,0,0,0,0,0,0,0,0,0,0,0,0,0,0,0,0,0,969
9a5fab54-60aa-4fe4-8298-a78f2bb7c05d,SCISSORS,8,0,0,0,0,0,0,0,0,0,0,0,0,0,0,0,0,0,0,0,0,0,3,0,3,0,0,0,0,0,0,0,0,1,0,0,0,0,0,0,1,0,0,0,0,0,1153,0,2,0,0,0,0,0,0,0,0,0,0,0,0,2,0,0,0,0,0,0,0,0,0,2,0,0,0,0,0,0,2,0,0,0,0,0,0,0,0,0,0,0,0,0,1401,0,5,0,0,0,0,0,0,2,0,0,0,0,0,0,0,0,0,0,0,0,0,1,0,0,0,0,0,0,0,0,0,0,0,0,0,0,0,0,0,0,0,0,0,0,974
be1af59c-4dbe-4490-b003-905cd828d884,SCISSORS,9,0,0,0,0,0,0,0,0,0,0,0,0,0,0,0,0,0,0,0,0,0,0,0,0,0,0,1,0,0,0,0,0,1,0,0,0,0,0,0,3,0,0,0,0,0,1158,0,1,0,0,0,0,0,0,0,0,0,0,0,0,0,0,0,0,0,0,0,0,0,0,1,0,0,0,0,0,0,1,0,0,0,0,0,0,0,0,2,0,0,0,0,1408,0,3,0,0,0,0,0,0,2,0,0,0,0,0,0,0,0,0,0,0,0,0,0,0,0,0,0,0,0,0,0,0,0,0,0,0,0,0,0,0,0,0,0,0,0,979
3ab43111-e19f-426e-9af9-f08ab6c7f4a4,PAPER,5,0,0,0,0,0,0,0,0,0,0,0,0,0,0,0,0,0,0,0,0,0,0,0,0,0,0,0,0,0,0,0,0,0,0,0,0,0,0,0,2,0,0,2,0,0,1161,0,1,0,0,0,0,0,0,0,0,0,0,0,0,0,0,0,0,0,0,0,0,0,0,0,0,0,0,0,0,0,1,0,0,0,0,0,0,0,0,0,1,0,1,0,1414,0,2,0,0,0,0,0,0,0,0,0,0,0,0,0,0,0,0,0,0,0,0,2,0,0,0,0,0,0,0,0,0,0,0,0,0,0,0,0,0,0,0,0,0,0,980
98c7c8d5-c23c-4afe-82c7-47db1878c260,SCISSORS,8,0,0,0,0,0,0,0,0,0,0,0,0,0,0,0,0,0,0,0,1,0,0,0,0,5,0,0,0,0,0,0,0,3,0,0,0,0,0,0,8,0,0,0,0,0,1174,0,3,0,0,0,0,0,0,0,0,0,0,0,0,1,0,0,0,0,0,0,0,1,0,4,0,0,0,0,0,0,7,0,0,0,0,1,0,0,0,0,0,0,0,0,1432,0,11,0,0,1,0,0,0,0,0,0,0,0,0,0,0,0,0,0,0,0,0,0,0,5,0,0,0,0,0,0,0,0,0,0,0,0,0,0,0,0,0,0,0,0,990
a92672b6-3111-4ba0-b654-5f978e8e46f9,SCISSORS,5,0,0,0,0,0,0,0,0,0,0,0,0,0,0,0,0,0,0,0,0,0,3,0,1,1,0,0,0,0,0,0,0,0,0,0,0,0,0,0,1,0,0,0,0,0,1182,0,3,0,0,0,0,0,0,0,0,0,0,0,0,2,0,0,0,0,0,0,0,0,0,1,0,0,0,0,0,0,0,0,0,0,0,0,0,0,0,0,0,0,0,0,1439,0,3,0,0,0,0,0,0,2,0,0,0,0,0,0,0,0,0,0,0,0,0,1,0,0,0,0,0,0,0,0,0,0,0,0,0,0,0,0,0,0,0,0,0,0,998
57276741-db3b-4b42-ac57-ec4c05a7c0de,ROCK,6,0,0,0,0,0,2,0,0,0,0,0,0,0,0,0,0,0,0,0,0,0,0,0,0,1,0,0,0,0,0,0,0,1,0,0,0,0,0,0,1,0,0,0,0,0,1187,0,1,0,0,0,0,0,0,0,0,0,0,0,0,0,0,0,0,0,0,0,0,0,0,0,0,0,0,0,0,4,0,0,0,0,0,0,0,0,0,0,0,0,0,0,1441,0,3,0,0,0,0,0,0,0,0,0,0,0,0,0,0,0,0,0,0,0,0,1,0,0,0,0,0,0,0,0,0,0,0,0,0,0,0,0,0,0,0,1,0,0,1003
eca87ebf-d8bd-4d06-8c7a-1d5ce1b52af9,PAPER,6,0,0,0,0,0,0,0,0,0,0,0,0,0,0,1,0,0,0,0,0,0,0,0,0,2,0,1,0,0,0,0,0,1,0,0,0,0,0,0,0,0,0,0,0,0,1195,0,0,0,0,1,0,0,0,0,0,0,0,0,0,0,0,0,0,0,0,0,0,0,0,0,1,0,0,0,0,1,1,0,0,0,0,1,0,0,0,0,0,0,0,0,1450,0,2,0,0,0,0,0,0,0,0,0,0,0,0,0,0,0,0,0,0,0,0,1,0,2,0,0,0,0,0,0,0,0,0,0,0,0,0,0,0,0,0,0,0,0,1007
4b5dbe2c-de6f-4cb2-b56e-307ba343bf14,SCISSORS,9,0,0,0,0,0,0,0,0,0,0,0,0,0,0,0,0,0,0,0,0,0,0,3,1,0,0,0,0,0,0,0,0,1,0,0,0,0,0,0,0,0,0,0,0,0,1199,0,1,0,0,0,0,0,0,0,0,0,0,0,0,0,0,0,0,0,0,0,0,1,1,0,0,0,0,0,0,0,1,0,0,0,0,0,0,0,0,1,0,0,0,0,1458,0,3,0,0,0,0,0,0,2,0,0,0,0,0,0,0,0,0,0,0,0,0,0,0,0,0,0,0,0,0,0,0,0,0,0,0,0,0,0,0,0,0,0,0,0,1012
6c7e57ee-4d9a-42f5-8e3a-45ad57455e5f,ROCK,9,0,0,0,0,0,3,0,0,0,0,0,0,0,0,0,0,0,0,0,0,0,0,0,0,0,0,0,0,0,0,1,0,1,0,0,0,0,0,0,0,0,0,0,0,0,1207,0,1,0,0,0,0,0,0,0,0,0,0,0,0,0,0,0,0,0,0,0,3,0,0,1,0,0,0,0,0,0,0,0,0,0,0,0,0,0,0,0,0,0,0,0,1462,0,3,0,0,0,0,0,0,0,0,0,0,0,0,0,0,0,0,0,0,0,0,0,0,0,0,0,0,0,0,0,0,0,0,0,0,0,0,0,0,0,0,2,0,0,1017
33201217-0627-4262-b93f-ff9cabe5247a,PAPER,6,0,0,0,0,0,0,0,0,0,0,0,0,0,0,0,0,0,0,0,0,0,1,0,0,5,0,0,0,0,0,1,0,5,0,0,0,0,0,0,0,1,0,0,0,0,1229,0,4,0,0,0,0,0,0,0,0,0,0,0,0,0,0,0,0,0,0,0,1,1,4,0,0,0,0,0,0,0,2,0,0,0,0,0,0,0,0,0,1,0,0,0,1486,0,6,0,0,0,0,0,0,0,0,0,0,0,0,0,0,0,0,0,0,0,0,2,0,5,0,0,0,0,0,0,0,0,0,0,0,0,0,0,0,0,0,0,0,0,1027
9304fbc1-15af-4451-93be-8046931f5a15,SCISSORS,8,0,0,0,0,0,0,0,0,0,0,0,0,0,0,0,0,0,0,0,0,0,5,0,0,2,0,0,0,0,0,0,0,2,0,0,0,0,0,0,0,0,0,0,0,0,1232,0,1,0,0,0,0,0,0,0,0,0,0,0,0,0,0,0,0,0,0,0,0,1,1,0,0,0,0,0,0,0,2,0,0,0,0,0,0,0,0,1,0,3,0,0,1496,0,2,0,0,1,0,0,0,4,0,0,0,0,0,0,0,0,0,0,0,0,0,2,0,0,0,0,0,0,0,0,0,0,0,0,0,0,0,0,0,0,0,0,0,0,1037
9db4235c-9f7b-44ec-b8d7-2bc9f9d480d0,SCISSORS,7,0,0,0,0,0,0,0,0,0,0,0,0,0,0,0,0,0,0,0,0,0,3,0,1,0,0,0,0,0,0,0,0,1,0,0,0,0,0,0,0,0,0,0,0,0,1235,0,2,0,0,0,0,0,0,0,0,0,0,0,0,2,0,0,0,0,0,0,0,1,0,0,0,0,0,0,0,0,0,0,0,0,0,0,0,0,0,0,0,0,0,0,1502,0,1,0,0,0,0,0,0,2,0,0,0,0,0,0,1,0,0,0,0,0,0,1,0,0,0,0,0,0,0,0,0,0,0,0,0,0,0,0,0,0,0,0,0,0,1042
243d20e2-90d0-4ec0-88b4-18d54fc0ffba,PAPER,6,0,0,0,0,0,0,0,0,0,0,0,0,0,0,1,0,0,0,0,0,0,0,0,0,0,1,0,0,0,0,0,0,1,0,0,0,0,0,0,2,0,0,0,0,0,1242,0,1,0,0,0,0,0,0,0,0,0,0,0,0,0,0,0,0,0,0,0,0,0,0,0,0,0,0,0,0,0,3,0,0,0,0,0,0,0,0,0,1,0,0,0,1505,0,5,0,0,0,0,0,0,0,0,0,0,0,0,0,0,0,0,0,0,0,0,0,0,0,0,0,0,0,0,0,0,0,0,0,0,0,0,0,0,0,0,0,0,0,1042
ec8d55c4-2968-40a0-965f-5ce16e62fb89,SCISSORS,8,0,0,0,0,0,0,0,0,0,0,0,0,0,0,0,0,0,0,0,0,0,0,0,0,0,0,2,0,0,0,0,0,1,0,0,0,0,0,0,1,0,0,0,0,0,1245,0,1,0,0,0,0,0,0,0,0,0,0,0,0,0,0,0,0,0,0,0,0,0,0,0,0,0,0,0,0,0,1,0,0,0,0,1,0,0,0,0,0,1,0,0,1511,0,2,0,0,0,0,0,0,2,0,0,0,0,0,0,0,0,0,0,0,0,0,0,0,0,0,0,0,0,0,0,0,0,0,0,0,0,0,0,0,0,0,0,0,0,1043
d8578122-5dee-40c7-874e-858ef25a69ec,SCISSORS,7,0,0,0,0,0,0,0,0,0,0,0,0,0,0,0,0,0,0,0,0,0,0,0,0,0,0,2,0,0,0,0,0,1,0,0,0,0,0,0,0,0,0,0,0,0,1248,0,1,0,0,0,0,0,0,0,0,0,0,0,0,1,0,0,0,0,0,0,1,0,0,0,0,0,0,0,0,0,0,0,0,0,0,0,0,0,0,0,0,0,0,0,1520,0,1,0,0,0,0,0,0,2,0,0,0,0,0,0,0,0,0,0,0,0,0,0,0,0,0,0,0,0,0,0,0,0,0,0,0,0,0,0,0,0,0,0,0,0,1045
c558a864-6784-4983-882d-08c76c38639a,ROCK,8,0,0,0,0,0,2,0,0,0,0,0,0,0,0,0,0,0,0,0,0,0,0,0,0,0,0,0,0,0,0,0,0,1,0,0,0,0,0,0,1,0,0,0,0,0,1251,0,1,0,0,0,0,0,0,0,0,0,2,0,0,0,0,0,0,0,0,0,0,0,0,0,0,0,0,0,0,0,1,0,0,0,0,0,0,0,0,0,0,0,0,0,1525,0,3,0,0,0,0,0,0,0,0,0,0,0,0,1,0,0,0,0,0,0,0,0,0,0,0,0,0,0,0,0,0,0,0,0,0,0,0,0,0,0,0,0,0,0,1050
61051a9b-8498-47aa-8e8e-bccee38f2227,ROCK,5,0,0,0,0,0,3,0,0,0,0,0,0,0,0,0,0,0,0,0,0,0,0,0,0,1,0,0,0,0,0,0,0,1,0,0,0,0,0,0,0,0,0,0,0,0,1255,0,1,0,0,0,0,0,0,0,0,0,0,0,0,0,0,0,0,0,0,0,3,0,1,0,0,0,0,0,0,0,0,0,0,0,0,0,0,0,0,0,0,0,0,0,1529,0,2,0,0,0,0,0,0,0,0,0,0,0,0,0,0,0,0,0,0,0,0,1,0,0,0,0,0,0,0,0,0,0,0,0,0,0,0,0,0,2,0,0,0,0,1055
4d8a58e0-402e-400a-87ed-e973f1dca487,PAPER,5,0,1,0,0,0,0,0,0,0,0,0,0,0,0,0,0,0,0,0,0,0,1,0,0,1,0,0,0,0,0,0,0,3,0,0,0,0,0,0,0,3,0,0,0,0,1261,0,1,0,0,0,0,0,0,0,0,0,0,0,0,0,1,0,0,0,0,0,1,1,1,0,0,0,0,0,0,0,0,0,0,0,0,1,0,0,0,0,3,0,0,0,1540,0,2,0,0,0,0,0,0,0,0,0,0,0,0,0,0,0,0,0,0,0,0,4,0,3,0,0,0,0,0,0,0,0,0,0,0,0,0,0,0,0,0,0,0,0,1062
c5caccc8-831b-4d17-85d3-791783e2299c,SCISSORS,7,0,0,0,0,0,0,0,0,0,0,0,2,0,0,0,0,0,0,0,0,0,0,0,2,0,0,0,0,0,0,0,0,1,0,0,0,0,0,0,2,0,0,0,0,0,1267,0,1,0,0,0,0,0,0,0,0,0,0,0,0,0,0,0,0,0,0,0,0,0,1,0,0,0,0,0,0,0,3,0,0,0,0,0,0,0,0,2,0,0,0,0,1551,0,5,0,0,0,1,0,0,1,0,0,0,0,0,0,0,0,0,0,0,0,0,0,0,0,0,0,0,0,0,0,0,0,0,0,0,0,0,0,0,0,0,0,0,0,1066
4bfc8729-e1b2-41c0-b4af-7d67139a7d1f,SCISSORS,8,0,0,0,0,0,0,0,0,0,0,0,0,0,0,0,0,0,0,0,0,0,1,0,0,0,0,0,0,0,0,0,0,2,0,0,0,0,0,0,2,0,0,0,0,0,1271,0,1,0,0,0,0,0,0,0,0,0,0,0,0,0,0,0,0,0,0,0,0,1,0,0,0,0,0,0,0,0,2,0,0,0,0,0,0,0,0,0,0,1,0,0,1560,0,2,0,0,0,0,0,0,1,0,0,0,0,0,0,0,0,0,0,0,0,0,0,0,2,0,0,0,0,0,0,0,0,0,0,0,0,0,0,0,0,0,0,0,0,1071
51f30f28-df69-4a9c-92cc-5105108f1e8e,PAPER,5,0,0,0,0,0,0,0,0,0,0,0,0,0,0,1,0,0,0,0,0,0,1,0,0,1,0,2,0,0,0,0,0,1,0,0,0,0,0,0,0,0,0,0,0,0,1282,0,2,0,0,0,0,0,0,0,0,0,0,0,0,0,0,0,0,0,0,0,0,0,2,0,0,0,0,0,0,0,0,0,0,0,0,0,0,0,0,0,2,0,0,0,1567,0,3,0,0,0,0,0,0,0,0,0,0,0,0,0,0,0,0,0,0,0,0,3,0,0,0,0,0,0,0,0,0,0,0,0,0,0,0,0,0,0,0,0,0,0,1073
f10da1e0-048c-4523-ae71-14a989f8478d,SCISSORS,7,0,0,0,0,0,0,0,0,0,0,0,0,0,0,0,0,0,0,0,0,0,1,1,2,0,0,1,0,0,0,0,0,3,0,0,0,0,0,0,1,1,0,0,0,0,1296,0,4,0,0,0,0,0,0,0,0,0,0,0,0,1,0,0,0,0,0,0,0,0,3,0,0,1,0,0,0,0,1,0,0,0,0,0,0,0,0,0,0,0,0,0,1578,0,6,0,0,0,0,0,0,1,0,0,0,0,0,0,0,0,0,0,0,0,0,2,0,1,0,0,0,0,0,0,0,0,0,0,0,0,0,0,0,0,0,0,0,0,1079
8122af2a-02c5-47a6-83d4-4ea7a1a1354c,PAPER,8,0,0,0,0,0,0,0,0,0,0,0,1,0,0,0,0,0,0,0,0,0,0,2,1,1,0,0,0,0,0,0,0,7,0,0,0,0,0,0,2,1,0,0,0,0,1317,0,1,0,0,0,0,0,0,0,0,0,0,0,0,0,0,0,0,0,0,0,0,0,5,3,0,0,0,0,0,0,5,0,0,0,0,1,0,0,0,0,0,0,0,0,1598,0,7,0,0,0,0,0,0,0,0,0,0,0,0,0,0,0,0,0,0,0,0,0,0,5,1,0,0,0,0,0,0,0,0,0,0,2,0,0,0,0,0,0,0,0,1088
9fe1042d-14bc-44a7-b216-365b73e3f200,ROCK,6,0,0,0,0,0,2,0,0,0,0,0,0,0,0,0,0,0,0,0,0,0,0,0,0,0,0,0,0,0,0,0,0,3,0,0,0,0,0,0,2,0,0,0,0,0,1326,0,3,0,0,0,0,0,0,0,0,0,0,0,0,0,0,0,0,0,0,0,0,3,0,0,0,0,0,0,0,0,1,0,0,0,0,0,0,0,0,0,0,0,0,0,1604,0,2,0,0,0,0,0,0,0,0,0,0,0,0,2,0,0,0,0,0,0,0,0,1,2,0,0,0,0,0,0,0,0,0,0,0,0,0,0,0,0,0,0,0,0,1102
f939ce0d-7bf4-4878-97cb-5b408f665e09,PAPER,6,0,0,0,0,0,0,0,0,0,0,0,0,0,0,0,0,0,0,0,0,0,0,0,0,5,0,0,0,0,0,0,0,2,0,0,0,0,0,0,1,0,0,2,0,0,1338,0,3,0,0,0,0,0,0,0,0,0,0,0,0,0,0,0,0,0,0,0,0,0,2,0,0,0,0,0,0,0,1,0,0,0,0,2,0,0,0,0,2,0,0,0,1616,0,5,0,0,0,0,0,0,0,0,0,0,0,0,0,0,0,0,0,0,0,0,2,0,3,0,0,0,0,0,0,0,0,0,0,0,0,0,0,0,0,0,0,0,0,1110
aba646fa-68ce-41f3-9a72-2cc283da866b,ROCK,8,0,0,0,0,0,2,0,0,0,0,0,2,0,0,0,0,0,0,0,0,0,0,0,0,0,0,0,0,0,0,0,0,2,0,0,0,0,0,0,0,0,0,0,0,0,1345,0,2,0,0,0,0,0,0,0,0,0,0,0,0,0,0,0,0,0,0,0,0,0,1,0,0,0,0,0,0,0,2,0,0,0,0,1,0,0,0,0,0,0,0,0,1624,0,3,0,0,0,0,0,0,0,0,0,0,0,0,0,0,0,0,0,0,0,0,1,0,1,0,0,0,0,0,0,0,0,0,0,0,0,0,0,0,0,0,1,0,0,1115
b5a90b6a-308a-44ae-91ba-8763cce83362,SCISSORS,8,0,0,0,0,0,0,0,0,0,0,0,0,0,0,0,0,0,0,0,0,0,0,0,0,3,0,0,0,0,0,0,0,1,0,0,0,0,0,0,1,0,0,0,0,0,1349,0,0,0,0,0,0,0,0,0,0,0,0,0,0,0,0,0,0,0,0,0,0,1,0,0,0,0,0,0,0,0,2,0,0,0,0,0,0,0,0,2,0,0,0,0,1627,0,2,0,0,0,1,0,0,2,0,0,0,0,0,0,0,0,0,0,0,0,0,0,0,0,0,0,0,0,0,0,0,0,0,0,0,0,0,0,0,0,0,0,0,0,1119
6b2cbc0b-2dd8-40ed-92fe-fa1c504861f1,SCISSORS,7,0,0,0,0,0,0,0,0,0,0,0,0,0,0,0,0,0,0,0,0,0,0,2,0,0,0,0,0,0,0,0,0,1,0,0,0,0,0,0,2,0,0,0,0,0,1352,0,1,0,0,0,0,0,0,0,0,0,0,0,0,0,0,0,0,0,0,0,0,0,0,0,0,0,0,0,0,0,2,0,0,0,0,0,0,0,0,0,0,2,0,0,1635,0,2,0,0,0,0,0,0,2,0,0,0,0,0,0,0,0,0,0,0,0,0,0,0,0,0,0,0,0,0,0,0,0,0,0,0,1,0,0,0,0,0,0,0,0,1126
e094a1c2-14e0-4c5e-9d2d-3a6da2b908c8,SCISSORS,7,0,0,0,0,0,0,0,0,0,0,0,1,0,0,0,0,0,0,0,0,0,0,2,0,0,0,0,0,0,0,0,0,2,0,0,0,0,0,0,8,0,0,0,0,0,1360,0,1,0,0,0,0,0,0,0,0,0,0,0,0,1,0,0,0,0,0,0,1,0,3,1,0,0,0,0,0,1,4,0,0,0,0,1,0,0,0,0,0,0,0,0,1654,0,9,0,0,0,0,0,0,2,0,0,0,0,0,0,0,0,0,0,0,0,0,0,2,0,0,0,0,0,0,0,0,0,0,0,0,0,0,0,0,0,0,0,0,0,1144
9b914e0d-00ce-4e89-8dd8-a8bc8b50950d,SCISSORS,7,0,0,0,0,0,0,0,0,0,0,0,0,0,0,0,0,0,0,0,0,0,0,0,0,1,0,0,0,0,0,0,0,2,0,0,0,0,0,0,3,0,0,0,0,0,1367,0,1,0,0,0,0,0,0,0,0,0,0,0,0,0,0,0,0,0,0,0,0,0,1,0,0,0,0,0,0,0,1,0,0,0,0,0,0,0,1,2,0,0,0,0,1660,0,2,0,0,0,0,0,0,1,0,0,0,0,0,0,0,0,0,0,0,0,0,0,1,0,0,0,0,0,0,1,0,0,0,0,0,0,0,0,0,0,0,0,1,0,1150
91a94c60-9e5b-4822-9bef-6eda5454464b,SCISSORS,7,0,0,0,0,0,0,0,0,0,0,0,0,0,0,0,0,0,0,0,0,0,0,0,0,0,0,0,0,0,0,0,0,1,0,0,0,0,0,0,6,0,0,0,0,0,1372,0,2,0,0,0,0,0,0,0,0,0,0,0,0,2,0,0,0,0,0,0,1,0,0,0,0,0,0,0,0,0,2,0,0,0,0,0,0,0,0,0,0,0,0,0,1667,0,3,0,0,1,0,0,0,2,0,0,0,0,0,0,0,0,0,0,0,0,0,0,1,0,0,0,0,0,0,0,0,0,0,0,0,0,0,0,0,0,0,0,0,0,1163
14c589bc-c056-4bc4-a238-fa7b8d84e6d4,ROCK,6,0,0,0,0,0,0,0,0,0,0,0,0,0,0,0,0,0,0,0,0,0,0,0,0,0,0,0,0,0,0,0,0,0,0,0,0,0,0,0,3,0,0,0,1,0,1378,0,1,0,0,0,0,0,0,0,0,0,0,0,0,0,0,0,0,0,0,0,0,3,0,0,0,0,0,0,0,0,0,0,0,0,0,0,0,0,0,0,0,0,0,0,1671,0,1,0,0,0,0,0,0,0,0,0,0,0,0,0,0,0,0,0,0,0,0,0,2,0,0,0,0,0,0,0,0,0,0,0,0,0,0,0,0,1,0,0,0,0,1168
05a8e4cf-ac63-406d-aac5-f715e2abbf37,ROCK,6,0,0,0,0,0,2,0,0,0,0,0,3,0,0,0,0,0,0,0,0,0,0,1,0,0,0,0,0,0,0,0,0,1,0,0,0,0,0,0,0,0,0,0,0,0,1386,0,1,0,0,0,0,0,0,0,0,0,0,0,0,0,0,0,0,0,0,0,3,0,2,1,0,0,0,0,0,0,0,0,0,0,0,0,0,0,0,0,0,0,0,0,1677,0,4,0,0,0,0,0,0,0,0,0,0,0,0,1,0,0,0,0,0,0,0,0,2,0,0,0,0,0,0,0,0,0,0,0,0,0,0,0,0,0,0,0,0,0,1172
5a37f616-d4f8-46fd-89b7-2e179f0bde3b,SCISSORS,5,0,0,0,0,0,0,0,0,0,0,0,3,0,0,0,0,0,0,0,0,0,0,4,0,0,0,0,0,0,0,0,0,3,0,0,0,0,0,0,0,0,0,0,0,0,1395,0,1,0,0,0,0,0,0,0,0,0,0,0,0,0,0,0,0,0,0,0,0,0,4,0,2,3,0,0,0,0,0,0,0,0,0,0,0,0,0,0,0,0,0,0,1691,0,6,0,0,0,0,0,0,1,0,0,0,0,0,0,0,0,0,0,0,0,0,0,2,1,0,0,0,0,0,0,0,0,0,0,0,0,0,0,0,0,0,0,0,0,1182
50efae91-0e66-4d12-8eb8-2cb030a47355,ROCK,7,0,0,0,0,0,3,0,0,0,0,0,0,0,0,0,0,0,0,0,0,0,0,0,0,0,0,0,0,0,0,0,1,1,0,0,0,0,0,0,0,0,0,0,0,0,1398,0,2,0,0,0,0,0,0,0,0,0,3,0,0,0,0,0,0,0,0,0,0,0,0,0,0,0,0,0,0,0,0,0,0,0,0,0,0,0,0,0,0,0,0,0,1694,0,2,0,0,0,0,0,0,0,0,0,0,0,0,0,0,0,0,0,0,0,0,1,0,0,0,0,0,0,0,0,0,0,0,0,0,0,0,0,0,0,0,2,0,0,1189
9a352509-16c7-4676-9e4f-962d90e3ced1,SCISSORS,9,0,0,0,0,0,0,0,0,0,0,0,4,0,0,0,0,0,0,0,0,0,0,0,1,0,0,0,0,0,0,0,2,1,0,0,0,0,0,0,0,0,0,0,0,0,1404,0,1,0,0,0,0,0,0,0,0,0,0,0,0,0,0,0,0,0,0,0,1,0,0,0,0,0,0,0,0,0,3,0,0,0,0,0,0,0,0,1,0,2,0,0,1702,0,4,0,0,0,0,0,0,4,0,0,0,0,0,0,0,0,0,0,0,0,0,0,0,0,0,0,0,0,0,0,0,0,0,0,0,0,0,0,0,0,0,0,0,0,1195
c6c34710-ae97-4495-9ee9-f55ec20ad9b9,SCISSORS,9,0,0,0,0,0,0,0,0,0,0,0,0,0,0,0,0,0,0,0,0,0,0,1,5,0,0,0,0,0,0,0,0,5,0,0,0,0,0,0,0,5,0,0,0,0,1421,0,2,0,0,0,0,0,0,0,0,0,0,0,0,0,0,0,0,0,0,0,0,0,3,0,0,2,0,0,0,0,8,0,0,0,0,0,0,0,0,0,0,1,0,0,1721,0,11,0,0,0,0,0,0,2,0,0,0,0,0,0,0,0,0,0,0,0,0,0,2,0,0,0,0,0,0,0,0,0,0,0,0,1,0,0,0,0,0,0,0,0,1202
88ba9fbf-1827-4b09-a40a-fdc63884b728,PAPER,6,0,0,0,0,0,0,0,0,0,0,0,0,0,0,0,0,0,0,0,0,0,0,0,0,0,0,0,0,0,0,0,0,1,0,0,0,0,0,0,0,2,0,0,0,0,1428,0,1,0,0,0,0,0,0,1,0,0,0,0,0,0,0,0,0,0,0,0,0,0,0,0,0,0,0,0,0,0,0,0,0,0,0,0,0,0,0,0,1,0,0,0,1726,0,3,0,0,0,0,0,0,0,0,0,0,0,0,0,0,0,0,0,0,0,0,0,0,0,0,0,0,0,0,0,0,0,0,0,0,0,0,0,0,0,0,0,0,0,1205
d0e813b0-7d30-48c5-808d-c35530c8a950,PAPER,6,0,0,0,0,0,0,0,0,0,0,0,0,0,0,2,0,0,0,0,0,0,0,0,0,11,0,0,0,0,0,0,0,9,0,0,0,0,0,0,0,0,0,0,0,0,1443,0,5,0,0,0,0,0,0,0,0,0,0,0,0,0,0,0,0,0,0,0,4,0,3,0,0,2,0,0,0,0,6,0,0,0,0,0,0,0,0,0,2,0,0,0,1747,0,9,0,0,0,0,0,0,0,0,0,0,0,0,0,0,0,0,0,0,0,1,2,5,1,0,0,0,0,0,0,0,0,0,0,0,4,0,0,0,0,0,0,0,0,1225
ef1eafb8-1f87-420b-9870-f36c26b588c0,PAPER,7,0,0,0,0,0,0,0,0,0,0,0,0,0,0,2,0,0,0,0,0,0,0,1,0,0,0,0,0,0,0,0,2,1,0,0,0,0,0,0,0,0,0,0,0,0,1451,0,2,0,0,0,0,0,0,0,0,0,0,0,0,0,0,0,0,0,0,0,0,0,0,0,0,0,0,0,0,0,1,0,0,0,0,0,0,0,0,0,3,0,0,0,1752,0,2,0,0,0,0,0,0,0,0,0,0,0,0,0,0,0,0,0,0,0,0,3,1,0,0,0,0,0,0,0,0,0,0,0,0,0,0,0,0,0,0,0,0,0,1229
822c2510-2079-4431-8d87-06e03cdac3b0,SCISSORS,7,0,0,0,0,0,0,0,0,0,0,0,0,0,0,0,0,0,0,0,0,0,0,0,0,0,0,0,0,0,0,0,0,1,0,0,0,0,0,0,3,0,0,0,0,0,1455,0,1,0,0,0,0,0,0,0,0,0,0,0,0,0,0,0,0,0,0,0,0,0,1,0,0,0,0,0,0,0,2,0,0,0,0,0,0,0,0,0,0,0,0,0,1760,0,4,0,0,0,0,0,0,0,0,0,0,0,0,0,0,0,0,0,0,0,0,0,0,0,0,0,0,0,0,0,0,0,0,0,0,0,0,0,0,0,0,0,0,0,1233
580adcd7-901d-4b7a-9e04-ed9d003431e9,SCISSORS,9,0,0,0,0,0,0,0,0,0,0,0,0,0,0,0,0,0,0,0,0,0,0,2,1,0,0,0,0,0,0,0,2,4,0,0,0,0,0,0,0,0,0,0,0,0,1461,0,1,0,0,0,0,0,0,0,0,0,0,0,0,2,0,0,0,0,0,0,0,0,0,2,0,0,0,0,0,0,4,0,0,0,0,0,0,0,0,0,0,0,0,0,1766,0,3,0,0,0,0,0,0,2,0,0,0,0,0,0,0,0,0,0,0,0,0,0,0,2,0,0,0,0,0,0,0,0,0,0,0,2,0,0,0,0,0,0,0,0,1240
02176cc7-ae2c-40ab-bc5f-30139ede3245,PAPER,6,0,0,0,0,0,0,0,0,0,0,0,0,0,0,0,0,0,0,0,0,0,0,1,1,0,0,0,0,0,0,0,0,2,0,0,0,0,0,0,0,0,0,1,0,0,1469,0,1,0,0,0,0,0,0,0,0,0,0,0,0,0,0,0,0,0,0,0,0,0,0,0,0,0,0,0,0,0,2,0,0,0,0,0,0,0,0,0,2,0,0,0,1774,0,2,0,0,0,0,0,0,0,0,0,0,0,0,0,0,0,0,0,0,0,1,2,0,0,0,0,0,0,0,0,0,0,0,0,0,0,0,0,0,0,0,0,0,0,1246
f4e9d09a-e9a7-4afd-b30c-8576cbc3fa34,ROCK,7,0,0,0,0,0,4,0,0,0,0,0,0,0,0,0,0,0,0,0,0,0,1,0,0,3,0,0,0,0,0,0,0,1,0,0,0,0,0,0,0,0,0,0,0,0,1485,0,1,0,0,0,0,0,0,0,0,0,0,0,0,0,0,0,0,0,0,0,0,0,6,1,0,0,0,0,0,0,1,0,0,0,0,0,0,0,0,0,0,0,0,0,1779,0,4,0,0,0,0,0,0,0,0,0,0,0,0,4,0,0,0,0,0,0,0,1,0,0,0,0,0,0,0,0,0,0,0,0,0,0,0,0,0,0,0,0,0,0,1257
dd73b913-592f-4c56-a5c0-49445a91c6b0,PAPER,5,0,1,0,0,0,0,0,0,0,0,0,0,0,0,0,0,0,0,0,0,0,0,0,0,1,0,0,0,0,0,0,0,1,0,0,0,0,0,0,0,0,0,0,0,0,1491,0,2,0,0,0,0,0,0,0,0,0,0,0,0,0,0,0,0,0,0,0,0,0,0,1,0,0,0,0,0,0,0,0,0,0,0,0,0,0,0,0,0,0,0,0,1786,0,3,0,0,0,0,0,0,0,0,0,0,0,0,0,0,0,0,0,0,0,0,0,0,0,0,0,0,0,0,0,0,0,0,0,0,0,0,0,0,0,0,0,0,0,1258
baa25ba5-ec19-421c-9410-bd89ca672fc9,PAPER,8,0,0,0,0,0,0,0,0,0,0,0,0,0,0,0,0,0,0,0,0,0,0,0,0,1,0,0,0,0,0,0,0,3,0,0,0,0,0,0,0,1,0,1,0,0,1498,0,1,0,0,0,0,0,0,0,0,0,0,0,0,0,0,0,0,0,0,0,0,0,0,0,0,0,0,0,0,0,3,0,0,0,0,0,0,0,0,0,2,0,0,0,1790,0,6,0,0,0,0,0,0,0,0,0,0,0,0,0,0,0,0,0,0,0,0,0,0,0,0,0,0,0,0,0,0,0,0,0,0,0,0,0,0,0,0,0,0,0,1258
ab66217a-a837-4796-8641-67df9a9b9ee5,ROCK,7,0,0,0,0,0,1,0,0,0,0,0,0,0,0,0,0,0,0,0,0,0,0,0,0,0,0,0,0,0,0,0,0,1,0,0,0,0,0,0,0,0,0,0,1,0,1504,0,1,0,0,0,0,0,0,0,0,0,0,0,0,0,0,0,0,0,0,0,2,0,0,0,0,0,0,0,0,0,0,0,0,0,0,0,0,0,0,0,0,0,0,0,1794,0,1,0,0,0,0,0,0,0,0,0,0,0,0,0,0,0,0,0,0,0,0,0,0,0,0,0,0,0,0,0,0,0,0,0,0,0,0,0,0,0,0,2,0,0,1260
dd9b3e38-3ad9-4b53-9e46-baa49e5aa7bf,ROCK,7,0,0,0,0,0,2,0,0,0,0,0,0,0,0,0,0,0,0,0,0,0,3,0,0,1,0,0,0,0,0,0,0,2,0,0,0,0,0,0,0,1,1,0,0,0,1515,0,1,0,0,0,0,0,0,0,0,0,0,0,0,0,0,0,0,0,0,0,5,0,0,4,0,0,0,0,0,0,0,0,0,0,0,0,0,0,0,0,0,0,0,0,1802,0,4,0,0,0,0,0,0,0,0,0,0,0,0,3,0,0,0,0,0,0,0,0,0,3,0,0,0,0,0,0,0,0,0,0,0,0,0,0,0,0,0,0,0,0,1274
8f8a58a5-89db-47cf-a203-9879d919ed3d,PAPER,8,0,1,0,0,0,0,0,0,1,0,0,0,0,0,2,0,0,0,0,0,0,0,0,0,6,0,0,0,0,0,0,0,9,0,0,0,0,0,0,0,0,0,0,0,0,1529,0,2,0,0,0,1,0,0,0,0,0,0,0,0,0,0,0,0,0,0,0,0,0,0,6,0,0,0,0,0,0,8,0,0,0,0,0,0,0,1,0,1,0,0,0,1827,0,9,0,0,0,0,0,0,0,0,0,0,0,0,0,0,0,0,0,0,0,0,0,8,0,0,0,0,0,0,0,0,0,0,0,0,2,0,0,0,0,0,0,0,0,1285
ba85c165-030e-45c4-a768-bc8247199c01,SCISSORS,7,0,0,0,0,0,0,0,0,0,0,0,0,0,0,0,0,0,0,0,0,0,0,0,0,1,0,0,0,0,0,0,0,1,0,0,0,0,0,0,0,0,0,0,0,0,1531,0,1,0,0,0,0,0,0,0,0,0,0,0,0,0,0,0,0,0,0,0,0,0,0,0,0,0,0,0,0,0,0,0,0,0,0,0,0,0,0,1,0,0,0,0,1829,0,1,0,0,0,0,0,0,1,0,0,0,0,0,0,0,0,0,0,0,0,0,0,0,0,0,0,0,0,0,0,0,0,0,0,0,0,0,0,0,0,0,0,0,0,1290
4c00b715-c8ea-4177-810c-b6821c9d3dcb,PAPER,7,0,0,0,0,0,0,0,0,0,0,0,0,0,0,0,0,0,0,0,0,0,0,0,0,7,1,0,0,0,0,0,1,2,0,0,0,0,0,0,0,0,0,1,0,0,1545,0,2,0,0,0,0,0,0,0,0,0,0,0,0,0,0,0,0,0,0,0,0,0,0,1,0,0,0,0,0,0,8,0,0,0,0,0,0,0,0,0,1,0,0,0,1837,0,6,0,0,0,0,0,0,0,0,0,0,0,0,0,0,0,0,0,0,0,3,0,0,3,0,0,0,0,0,0,0,0,0,0,0,0,0,0,0,0,0,0,0,0,1297
f49bd320-4e7f-4bcf-aeda-e0c9ce01988a,PAPER,5,0,0,0,0,0,0,0,0,0,0,0,0,0,0,1,0,0,0,0,0,0,0,0,0,4,0,0,0,0,0,0,3,7,0,0,0,0,0,0,0,0,0,0,0,0,1557,0,3,0,0,0,0,0,0,0,0,0,0,0,0,0,0,0,0,0,0,0,5,0,0,1,0,0,0,0,0,0,5,0,0,0,0,0,0,0,0,0,1,0,0,0,1857,0,6,0,0,0,0,0,0,0,0,0,0,0,0,0,0,0,0,0,0,0,1,0,7,0,0,0,0,0,0,0,0,0,0,0,0,1,0,0,0,0,0,0,0,0,1318
a89660ff-9a53-4a80-b9c2-78636b4926b3,SCISSORS,5,0,0,0,0,0,0,0,0,0,0,0,1,0,0,0,0,0,0,0,0,0,4,0,3,0,1,0,0,0,0,0,0,1,0,0,0,0,0,0,2,0,0,0,0,0,1566,0,1,0,0,0,0,0,0,0,0,0,0,0,0,0,0,0,0,0,0,0,0,0,0,4,1,0,0,0,0,0,5,0,0,0,0,0,0,0,0,0,0,1,0,0,1870,0,4,0,0,0,0,0,0,2,0,0,0,0,0,0,0,0,0,0,0,0,3,2,0,0,0,0,0,0,0,0,0,0,0,0,0,1,0,0,0,0,0,0,0,0,1332
902ef9f1-1091-426f-a2c0-259527c9e13c,SCISSORS,5,0,0,0,0,0,0,0,0,0,0,0,0,0,0,0,0,0,0,0,0,0,0,1,0,6,0,0,0,0,0,0,0,2,0,0,0,0,0,0,0,2,0,0,0,0,1574,0,1,0,0,0,0,0,0,0,0,0,0,0,0,0,0,0,0,0,0,0,1,0,0,7,0,0,0,0,0,0,0,0,0,0,0,0,0,0,1,1,0,0,0,0,1885,0,7,0,0,1,0,0,0,0,0,0,0,0,0,0,0,0,0,0,0,0,0,0,0,3,0,0,0,0,0,0,0,0,0,0,0,0,0,0,0,0,0,0,0,0,1340
95e26cbf-235e-4e1c-af91-4db0326ef113,SCISSORS,9,0,0,0,0,0,0,0,0,0,0,0,0,0,0,0,0,0,0,0,0,0,2,0,0,0,0,0,0,0,0,0,0,1,0,0,0,0,0,0,2,0,0,0,0,0,1577,0,1,0,0,0,0,0,0,0,0,0,0,0,0,1,0,0,0,0,0,0,0,0,0,0,0,1,0,0,0,0,2,0,0,0,0,0,0,0,0,0,0,0,0,0,1892,0,3,0,0,0,0,0,0,2,0,0,0,0,0,0,0,0,0,0,0,0,0,0,0,0,0,0,0,0,0,0,0,0,0,0,0,0,0,0,0,0,0,0,0,0,1344
4e34ae8e-bc26-495f-a72a-800ea5381a8f,SCISSORS,9,0,0,0,0,0,0,0,0,0,0,0,0,0,0,0,0,0,0,0,0,0,0,4,0,6,0,0,0,0,0,0,2,1,0,0,0,0,0,0,0,2,0,0,0,0,1590,0,6,0,0,0,0,0,0,0,0,0,0,0,0,0,0,0,0,0,0,0,1,0,1,1,0,2,0,0,0,0,2,0,0,0,0,0,0,0,0,0,0,2,0,0,1912,0,6,0,0,0,0,0,0,3,0,0,0,0,0,0,0,0,0,0,0,0,3,0,0,3,0,0,0,0,0,0,0,0,0,0,0,0,0,0,0,0,0,0,0,0,1355
045d6290-3da0-4653-9351-1e6118cbd6d2,PAPER,7,0,0,0,0,0,0,0,0,0,0,0,0,0,0,0,0,0,0,0,0,0,0,0,6,0,0,0,0,0,0,0,3,2,0,0,0,0,0,0,0,0,0,1,0,0,1602,0,1,0,0,0,0,0,0,0,0,0,0,0,0,0,0,0,0,0,0,0,0,0,0,0,0,1,0,0,0,0,9,0,0,0,0,0,0,0,0,0,1,0,0,0,1920,0,2,0,0,0,0,0,0,0,0,0,0,0,0,0,0,0,0,0,0,0,1,0,0,8,0,0,0,0,0,0,0,0,0,0,0,1,0,0,0,0,0,0,0,0,1361
7ef1cf9e-bd7c-4d31-ad9d-466771ced7f5,SCISSORS,8,0,0,0,0,0,0,0,0,0,0,0,0,0,0,0,0,0,0,0,0,0,0,4,0,4,0,0,0,0,0,0,0,2,0,0,0,0,0,0,0,0,0,0,0,0,1607,0,1,0,0,0,0,0,0,0,0,0,0,0,0,3,0,0,0,0,0,0,0,0,0,1,0,0,0,0,0,0,5,0,0,0,0,0,0,0,0,0,0,0,0,0,1924,0,1,0,0,0,0,0,0,3,0,0,0,0,0,0,0,0,0,0,0,0,2,0,0,4,0,0,0,0,0,0,0,0,0,0,0,0,0,0,0,0,0,0,0,0,1367
a3ff57e0-196f-4eff-97b8-30a408898ace,PAPER,9,0,0,0,0,0,0,0,0,0,0,0,0,0,0,0,0,0,0,0,0,0,1,0,1,0,0,0,0,0,0,0,0,2,0,0,0,0,0,0,0,0,0,0,0,0,1612,0,1,0,0,0,0,0,0,0,0,0,0,0,0,0,0,0,0,0,0,0,0,0,0,0,0,0,0,0,0,0,2,0,0,0,0,0,0,0,0,0,1,0,0,0,1927,0,4,0,0,0,0,0,0,0,0,0,0,0,0,0,0,0,0,0,0,0,0,0,0,0,0,0,0,0,0,0,0,0,0,0,0,0,0,0,0,0,0,0,0,0,1369
4c3f4d38-5963-4830-a798-241c54522a65,ROCK,6,0,0,0,0,0,2,0,0,0,0,0,0,0,0,0,0,0,0,0,0,0,0,2,0,0,0,0,0,0,0,0,1,2,0,0,0,0,0,0,0,2,0,0,0,0,1622,0,2,0,0,0,0,0,0,0,0,0,0,0,0,0,0,0,0,0,0,0,2,0,0,5,0,0,0,0,0,0,0,0,0,0,0,0,0,0,0,0,0,0,0,0,1935,0,6,0,0,0,0,0,0,0,0,0,0,0,0,0,0,0,0,0,0,0,0,0,0,1,0,0,0,0,0,0,0,0,0,0,0,0,0,0,0,2,0,0,0,0,1371
b0f8af21-291d-4e21-a6e6-0ac86cd6795b,SCISSORS,7,0,0,0,0,0,0,0,0,0,0,0,0,0,0,0,0,0,0,0,0,0,0,2,1,0,0,0,0,0,0,0,0,1,0,0,0,0,0,0,0,1,0,0,0,0,1627,0,2,0,0,0,0,0,0,0,0,0,0,0,0,0,0,0,0,0,0,0,0,0,0,0,1,0,0,0,0,0,0,0,0,0,0,0,0,0,0,0,0,2,0,0,1940,0,3,0,0,0,0,0,0,2,0,0,0,0,0,0,0,0,0,0,0,0,0,0,0,0,0,0,0,0,0,0,0,0,0,0,0,0,0,0,0,0,0,0,0,0,1375
3423e04c-9341-4162-a53b-af782b51ab2c,PAPER,6,0,0,0,0,0,0,0,0,0,0,0,0,0,0,1,0,0,0,0,0,0,0,0,0,0,0,0,0,0,0,0,1,2,0,0,0,0,0,0,0,0,0,0,0,0,1631,0,1,0,0,0,0,0,0,0,0,0,0,0,0,0,0,0,0,0,0,0,0,0,0,0,0,0,0,0,0,0,2,0,0,0,0,0,0,0,0,0,1,0,0,0,1943,0,4,0,0,0,0,0,0,0,0,0,0,0,0,0,0,0,0,0,0,0,0,0,0,0,0,0,0,0,0,0,0,0,0,0,0,0,0,0,0,0,0,0,0,0,1376
64f613ee-e4de-4ce5-8a02-0e28673eac6b,ROCK,7,0,0,0,0,0,1,0,0,0,0,0,0,0,0,0,0,0,0,0,0,0,0,0,2,4,0,0,0,0,0,0,0,5,0,0,0,0,0,0,0,0,0,0,0,0,1641,0,3,0,0,0,0,0,0,0,0,0,0,0,0,0,0,0,0,0,0,0,5,0,2,0,0,1,0,0,0,1,0,0,0,0,0,0,0,0,0,0,0,0,0,0,1952,0,3,0,0,0,0,0,0,0,0,0,0,0,0,1,0,0,0,0,0,0,0,0,0,8,0,0,0,0,0,0,0,0,0,0,0,0,0,0,0,0,0,0,0,0,1384
cebe925f-c2cf-420f-b8d6-cd2abf386925,SCISSORS,5,0,0,0,0,0,0,0,0,0,0,0,0,0,0,0,0,0,0,0,0,0,0,3,1,0,0,0,0,0,0,0,0,1,0,0,0,0,0,0,0,2,0,0,0,0,1648,0,2,0,0,0,0,0,0,0,0,0,0,0,0,0,0,0,0,0,0,0,0,0,2,0,0,0,0,0,0,0,0,0,0,0,0,0,0,0,0,2,0,1,0,0,1958,0,2,0,0,0,0,0,0,3,0,0,0,0,0,0,0,0,0,0,0,0,2,0,0,0,0,0,0,0,0,0,0,0,0,0,0,0,0,0,0,0,0,0,0,0,1390
0fa51961-7ccb-4353-9ee7-d99fa884040f,SCISSORS,7,0,0,0,0,0,0,0,0,0,0,0,0,0,0,0,0,0,0,0,0,0,0,1,0,0,0,0,0,0,0,0,0,1,0,0,0,0,0,0,0,0,0,0,0,0,1651,0,1,0,0,0,0,0,0,0,0,0,0,0,0,0,0,0,0,0,0,0,0,0,0,1,0,0,0,0,0,0,0,0,0,0,0,0,0,0,0,0,0,0,0,0,1962,0,2,0,0,0,0,0,0,0,0,0,0,0,0,0,0,0,0,0,0,0,0,0,0,0,0,0,0,0,0,0,0,0,0,0,0,0,0,0,0,0,0,0,0,0,1394
b23521ec-2515-48bc-891d-54cf0280133f,PAPER,5,0,0,0,0,0,0,0,0,0,0,0,0,0,0,0,0,0,0,0,0,0,1,0,1,0,0,0,0,0,0,0,0,1,0,0,0,0,0,0,0,2,0,0,0,0,1659,0,1,0,0,0,0,0,0,1,0,0,0,0,0,0,0,0,0,0,0,0,1,0,0,0,0,0,0,0,0,0,0,0,0,0,0,0,0,0,0,0,2,0,0,0,1971,0,1,0,0,0,0,0,0,0,0,0,0,0,0,0,0,0,0,0,0,0,4,0,0,0,0,0,0,0,0,0,0,0,0,0,0,0,0,0,0,0,0,0,0,0,1397
bec36378-0251-4828-abe2-a6c57671609e,ROCK,8,0,0,0,0,0,1,0,0,0,0,0,0,0,0,0,0,0,0,0,0,0,0,1,0,2,0,0,0,0,0,0,0,3,0,0,0,0,0,0,0,0,0,0,0,0,1671,0,1,0,0,0,0,0,0,0,0,0,0,0,0,0,0,0,0,0,0,0,2,0,2,0,0,0,0,0,0,0,2,0,0,0,0,0,0,0,0,0,0,0,0,0,1979,0,4,0,0,0,0,0,0,0,0,0,0,0,0,0,0,0,0,0,0,0,0,0,0,2,0,0,0,0,0,0,0,0,0,0,0,0,0,0,0,1,0,0,0,0,1405
9047d9c1-28b4-4a24-b8e3-0b3f82b481c2,ROCK,9,0,0,0,0,0,3,0,0,0,0,0,0,0,0,0,0,0,0,0,0,0,0,0,0,1,0,0,0,0,0,0,0,1,0,0,0,0,0,0,0,0,0,0,0,0,1677,0,1,0,0,0,0,0,0,0,0,0,0,0,0,0,0,0,0,0,0,0,0,0,0,0,0,3,0,0,0,1,0,0,0,0,0,0,0,0,0,0,0,0,0,0,1982,0,2,0,0,0,0,0,0,0,0,0,0,0,0,3,0,0,0,0,0,0,0,0,0,0,0,0,0,0,0,0,0,0,0,0,0,0,0,0,0,0,0,0,0,0,1412
612683c1-71f2-4354-abd2-1b35cb92f675,ROCK,6,0,0,0,0,0,1,0,0,0,0,0,0,0,0,0,0,0,0,0,0,0,0,0,0,0,0,0,0,0,0,0,0,3,0,0,0,0,0,0,0,0,0,0,0,0,1682,0,2,0,0,0,0,0,0,0,0,0,0,0,0,0,0,0,0,0,0,0,2,0,0,0,0,0,0,0,0,0,0,0,0,0,0,0,0,0,0,0,0,0,0,0,1985,0,2,0,0,0,0,0,0,0,0,0,0,0,0,0,0,0,0,0,0,0,0,0,0,1,0,0,0,0,0,0,0,0,0,0,0,0,0,0,0,1,0,0,0,0,1417
6ee4413d-4449-44d1-bd89-a2ad2579dd73,PAPER,7,0,0,0,0,0,0,0,0,0,0,0,0,0,0,0,0,0,0,0,0,0,0,0,0,0,0,0,0,0,0,0,0,2,0,0,0,0,0,0,0,0,0,2,0,0,1688,0,1,0,0,0,0,0,0,0,0,0,0,0,0,0,0,0,0,0,0,0,0,0,0,0,0,0,0,0,0,0,1,0,0,0,0,0,0,0,0,0,2,0,0,0,1988,0,4,0,0,0,0,0,0,0,0,0,0,0,0,0,0,0,0,0,0,0,0,0,0,0,0,0,0,0,0,0,0,0,0,0,0,0,0,0,0,0,0,0,0,0,1418
f65cc8bd-53bf-41d4-abb8-487789e5fcff,ROCK,5,0,0,0,0,0,2,0,0,0,0,0,0,0,0,0,0,0,0,0,0,0,0,0,0,0,0,0,0,0,0,0,0,1,0,0,0,0,0,0,0,0,0,0,0,0,1691,0,1,0,0,0,0,0,0,0,0,0,0,0,0,0,0,0,0,0,0,0,0,0,0,0,0,2,0,0,0,0,0,0,0,0,0,0,0,0,0,0,0,0,0,0,1991,0,1,0,0,0,0,0,0,0,0,0,0,0,0,0,0,0,0,0,0,0,1,0,0,0,0,0,0,0,0,0,0,0,0,0,0,0,0,0,0,1,0,0,0,0,1423
03962192-f69c-4d9e-bc1f-643dfc71aba8,SCISSORS,8,0,0,0,0,0,0,0,0,0,0,0,0,0,0,0,0,0,0,0,0,0,0,0,0,0,0,0,0,0,0,0,3,1,0,0,0,0,0,0,0,0,0,0,0,0,1692,0,1,0,0,0,0,0,0,0,0,0,0,0,0,2,0,0,0,0,0,0,1,0,0,0,0,0,0,0,0,0,0,0,0,0,0,0,0,0,0,0,0,0,0,0,1997,0,1,0,0,0,0,0,0,3,0,0,0,0,0,0,0,0,0,0,0,0,0,0,0,0,0,0,0,0,0,0,0,0,0,0,0,0,0,0,0,0,0,0,0,0,1425
71ac4540-7454-4500-a019-46e8ebcc617c,ROCK,5,0,0,0,0,0,1,0,0,0,0,0,0,0,0,0,0,0,0,0,0,0,0,0,0,0,0,0,0,0,0,0,2,0,0,0,0,0,0,0,0,0,0,0,0,0,1694,0,1,0,0,0,0,0,0,0,0,0,0,0,0,0,0,0,0,0,0,0,0,2,0,0,0,0,0,0,0,0,0,0,0,0,0,0,0,0,0,0,0,0,0,0,1999,0,2,0,0,0,0,0,0,0,0,0,0,0,0,0,0,0,0,0,0,0,0,0,1,0,0,0,0,0,0,0,0,0,0,0,0,0,0,0,0,0,0,0,0,0,1430
1be6c216-349d-477c-b09d-6912d173491c,PAPER,6,0,0,0,0,0,0,0,0,0,0,0,1,0,0,1,0,0,0,0,0,0,0,0,0,1,0,0,0,0,0,0,0,2,0,0,0,0,0,0,0,0,0,0,0,0,1703,0,1,0,0,0,0,0,0,0,0,0,0,0,0,0,0,0,0,0,0,0,0,0,0,0,0,0,0,0,0,0,2,0,0,0,0,0,0,0,0,0,2,0,0,0,2006,0,3,0,0,0,0,0,0,0,0,0,0,0,0,0,0,0,0,0,0,0,2,0,0,0,0,0,0,0,0,0,0,0,0,0,0,0,0,0,0,0,0,0,0,0,1432
66d6c685-d377-4ba7-b033-27f809e198b9,ROCK,7,0,0,0,0,0,1,0,0,0,0,0,0,0,0,0,0,0,0,0,0,0,0,0,0,1,0,0,0,0,0,0,0,4,0,0,0,0,0,0,0,0,0,0,0,0,1712,0,1,0,0,0,0,0,0,0,0,0,0,0,0,0,0,0,0,0,0,0,2,0,0,2,0,0,0,0,0,0,1,0,0,0,0,0,0,0,0,0,0,0,0,0,2016,0,4,0,0,0,0,0,0,0,0,0,0,0,0,0,0,0,0,0,0,0,0,0,0,2,0,0,0,0,0,0,0,0,0,0,0,0,0,0,0,0,0,0,0,0,1440
bba5a807-4707-455a-a85b-a06e26ee64b7,PAPER,7,0,0,0,0,0,0,0,0,0,0,0,0,0,0,0,0,0,0,0,0,0,0,0,0,0,0,0,0,0,0,0,0,1,0,0,0,0,0,0,0,1,0,0,0,0,1716,0,1,0,0,0,0,0,0,0,0,0,0,0,0,0,0,0,0,0,0,0,0,0,0,0,0,0,0,0,0,0,0,0,0,0,0,0,0,0,0,0,1,0,0,0,2019,0,2,0,0,0,0,0,0,0,0,0,0,0,0,0,0,0,0,0,0,0,0,0,0,0,0,0,0,0,0,0,0,0,0,0,0,0,0,0,0,0,0,0,0,0,1441
d5bd929d-c9cb-47ee-84cd-eee6cd00e116,SCISSORS,5,0,0,0,0,0,0,0,0,0,0,0,1,0,0,0,0,0,0,0,0,0,2,0,5,0,0,0,0,0,0,0,0,1,0,0,0,0,0,0,0,0,0,0,0,0,1726,0,4,0,0,0,0,0,0,0,0,0,0,0,0,0,0,0,0,0,0,0,0,0,3,0,0,0,0,0,0,0,0,0,0,0,0,0,0,0,0,2,0,0,0,0,2027,0,5,0,0,0,0,0,0,2,0,0,0,0,0,0,0,0,0,0,0,0,2,0,0,0,0,0,0,0,0,0,0,0,0,0,0,0,0,0,0,0,0,0,0,0,1447
c2a10f4a-e211-44c7-af72-721a94cc5f31,PAPER,8,0,0,0,0,0,0,0,0,0,0,0,0,0,0,0,0,0,0,0,0,0,1,0,0,2,0,0,0,0,0,0,0,2,0,0,0,0,0,0,0,0,0,0,0,0,1735,0,2,0,0,0,0,0,0,0,0,0,0,0,0,0,0,0,0,0,0,0,0,0,0,0,0,0,0,0,0,0,1,0,0,0,0,1,0,0,0,0,1,0,0,0,2032,0,2,0,0,0,0,0,0,0,0,0,0,0,0,0,0,0,0,0,0,0,3,0,0,0,0,0,0,0,0,0,0,0,0,0,0,0,0,0,0,0,0,0,0,0,1453
ee443027-2250-45d3-ae54-6652402dc66c,SCISSORS,8,0,0,0,0,0,0,0,0,0,0,0,0,0,0,0,0,0,0,0,0,0,4,0,0,0,0,0,0,0,0,0,0,1,0,0,0,0,0,0,1,0,0,0,0,0,1740,0,1,0,0,0,0,0,0,0,0,0,0,0,0,1,0,0,0,0,0,0,1,0,1,1,0,0,0,0,0,0,0,0,0,0,0,0,0,0,0,0,0,1,0,0,2045,0,3,0,0,0,0,0,0,3,0,0,0,0,0,0,0,0,0,0,0,0,0,0,0,0,0,0,0,0,0,0,0,0,0,0,0,0,0,0,0,0,0,0,0,0,1457
2eb22b81-5599-4585-a480-056d290ae1c4,SCISSORS,7,0,0,0,0,0,0,0,0,0,0,0,1,0,0,0,0,0,0,0,0,0,1,0,0,0,0,0,0,0,0,0,0,2,0,0,0,0,0,0,0,0,0,0,0,0,1747,0,1,0,0,0,0,0,0,0,0,0,0,0,0,1,0,0,0,0,0,0,0,0,0,0,1,0,0,0,0,0,1,0,0,0,0,0,0,0,0,0,0,0,0,0,2053,0,3,0,0,0,0,0,0,1,0,0,0,0,0,0,0,0,0,0,0,0,0,0,0,0,0,0,0,0,0,0,0,0,0,0,0,0,0,0,0,0,0,0,0,0,1461
d701c6ce-322b-4f60-a749-3b4b3e7de50c,SCISSORS,8,0,0,0,0,0,0,0,0,0,0,0,6,0,0,0,0,1,0,0,0,0,1,1,0,4,0,0,0,0,0,0,0,4,0,0,0,0,0,0,0,0,0,0,0,0,1771,0,2,0,0,0,0,0,0,0,0,0,0,0,0,1,0,0,0,0,0,0,0,0,1,7,0,0,0,0,0,0,5,0,0,0,0,0,0,0,0,1,0,0,0,0,2075,0,15,0,0,0,0,0,0,2,0,0,0,0,0,0,0,0,0,0,0,0,0,0,0,0,0,0,0,0,0,0,0,0,0,0,0,0,0,0,0,0,0,0,0,0,1464
e682017b-018c-4dfb-b9ac-784cc1c494a2,PAPER,7,0,0,0,0,0,0,0,0,0,0,0,0,0,0,3,0,0,0,0,0,0,0,0,1,0,0,0,0,0,0,0,0,2,0,0,0,0,0,0,0,0,0,0,0,0,1776,0,1,0,0,0,0,0,0,0,0,0,0,1,0,0,0,0,0,0,0,0,0,0,0,0,0,0,0,0,0,0,0,0,0,0,0,2,0,0,0,0,2,0,0,0,2082,0,1,0,0,0,0,0,0,0,0,0,0,0,0,0,0,0,0,0,0,0,4,0,1,0,0,0,0,0,0,0,0,0,0,0,0,0,0,0,0,0,0,0,0,0,1467
db3dbe03-28bc-4205-abe8-de02ecad7b11,PAPER,5,0,0,0,0,0,0,0,0,0,0,0,0,0,0,0,0,0,0,0,0,0,0,0,2,0,0,0,0,0,0,0,0,3,0,0,0,0,0,0,0,0,0,0,0,0,1786,0,2,0,0,0,0,0,0,0,0,0,0,0,0,0,0,0,0,0,0,0,0,0,0,1,0,0,0,0,0,0,2,0,0,0,0,0,0,0,0,0,0,0,0,0,2088,0,1,0,0,0,0,0,0,0,0,0,0,0,0,0,0,0,0,0,0,0,0,0,3,0,0,0,0,0,0,0,0,0,0,0,0,1,0,0,0,0,0,0,0,0,1474
348dfd81-3de2-4255-b55a-b65e2707c7f8,PAPER,9,0,0,0,0,0,0,0,0,0,0,0,0,0,0,0,0,0,0,0,0,0,0,0,0,4,0,0,0,0,0,0,0,6,0,0,0,0,0,0,0,0,1,2,0,0,1803,0,1,0,0,0,0,0,0,0,0,0,0,0,0,0,0,0,0,0,0,0,0,0,0,0,0,0,0,0,0,0,9,0,0,0,0,1,0,0,0,0,2,0,0,0,2094,0,8,0,0,0,0,0,0,0,0,0,0,0,0,0,0,0,0,0,0,0,0,2,0,3,0,0,0,0,0,0,0,0,0,0,0,0,0,0,0,0,0,0,0,0,1480
0ac4f410-c086-4a92-be33-c77f87e371d7,SCISSORS,7,0,0,0,0,0,0,0,0,0,0,0,0,0,0,0,0,0,0,0,0,0,0,0,0,6,0,0,0,0,0,0,0,6,0,0,0,0,0,0,0,0,0,0,0,0,1809,0,1,0,0,0,0,0,0,0,0,0,0,0,0,0,0,0,0,0,0,0,4,0,1,3,0,0,0,0,0,0,1,0,0,0,0,1,0,0,0,1,0,0,0,0,2116,0,4,0,0,0,0,0,0,2,0,0,0,0,0,0,0,0,0,0,0,0,0,0,1,4,1,0,0,0,0,0,0,0,0,0,0,0,0,0,0,0,0,0,0,0,1492
cc490baa-ba3c-4ca9-9dea-c761c5b3c83d,ROCK,8,0,0,0,0,0,4,0,0,0,0,0,0,0,0,0,0,0,0,0,0,0,3,0,0,0,0,0,0,0,0,0,0,1,0,0,0,0,0,0,0,0,1,0,0,0,1819,0,1,0,0,0,0,0,0,0,0,0,0,0,0,0,0,0,0,0,0,0,5,0,0,2,0,0,0,0,0,0,1,0,0,0,0,0,0,0,0,0,0,0,0,0,2121,0,4,0,0,0,0,0,0,0,0,0,0,0,0,0,0,0,0,0,0,0,0,1,1,0,0,0,0,0,0,0,0,0,0,0,0,0,0,0,0,0,0,3,0,0,1498
a0fa6e67-1820-4eff-86f3-819bf917f94d,SCISSORS,6,0,0,0,0,0,0,0,0,0,0,0,0,0,0,0,0,0,0,0,0,0,2,0,4,9,0,0,0,0,0,0,0,4,0,0,0,0,0,0,0,0,0,0,0,0,1839,0,4,0,0,0,0,0,0,0,0,0,0,0,0,0,0,0,0,0,0,0,1,0,2,0,0,0,0,0,0,0,11,0,0,0,0,0,0,0,0,0,0,1,0,0,2139,0,7,0,0,0,0,0,0,1,0,0,0,0,0,0,0,0,0,0,0,0,0,0,0,5,0,0,0,0,0,0,0,0,0,0,0,5,0,0,0,0,0,0,1,0,1515
670e18a7-4b95-49bb-ba7c-719b9c381851,ROCK,9,0,0,0,0,0,0,0,0,0,0,0,0,0,0,0,0,0,0,0,0,0,0,0,0,0,0,0,0,0,0,0,0,2,0,0,0,0,0,0,0,0,0,0,0,0,1842,0,1,0,0,0,0,0,0,0,0,0,0,0,0,0,0,0,0,0,0,0,1,0,0,0,0,0,0,0,0,0,0,0,0,0,0,0,0,0,0,0,0,0,0,0,2143,0,1,0,0,0,0,0,0,0,0,0,0,0,0,0,0,0,0,0,0,0,0,0,0,1,0,0,0,0,0,0,0,0,0,0,0,0,0,0,0,0,0,0,0,0,1517
24d63170-ded1-42cd-8876-df549b08bc4a,ROCK,9,0,0,0,0,0,1,0,0,1,0,0,0,0,0,0,0,0,0,0,0,0,0,0,0,0,0,0,0,0,0,0,0,2,0,0,0,0,0,0,0,0,0,0,0,0,1849,0,1,0,0,0,0,0,0,0,0,0,0,0,0,0,0,0,0,0,0,0,3,0,0,0,0,0,0,0,0,0,0,0,0,0,0,0,0,0,0,0,0,0,0,0,2146,0,2,0,0,0,0,0,0,0,0,0,0,0,0,0,0,0,0,0,0,0,0,0,0,1,0,0,0,0,0,0,0,0,0,0,0,0,0,0,0,0,0,1,0,0,1522
75356512-205a-4494-bbad-c9bc1582069d,PAPER,7,0,0,0,0,0,0,0,0,0,0,0,0,0,0,0,0,0,0,0,0,0,0,0,0,1,0,0,0,0,0,0,0,1,0,0,0,0,0,0,0,2,0,1,0,0,1854,0,1,0,0,0,0,0,0,0,0,0,0,0,0,0,0,0,0,0,0,0,0,0,0,0,0,0,0,0,0,0,0,0,0,0,0,1,0,0,0,0,3,0,0,0,2153,0,1,0,0,0,0,0,0,0,0,0,0,0,0,0,0,0,0,0,0,0,0,4,0,0,0,0,0,0,0,0,0,0,0,0,0,0,0,0,0,0,0,0,0,0,1525
011e46a3-f253-40eb-ab2c-b82ba6474957,SCISSORS,5,0,0,0,0,0,0,0,0,0,0,0,0,0,0,0,0,0,0,0,0,0,2,0,1,1,0,0,0,0,0,1,0,2,0,0,0,0,0,0,0,0,0,0,0,0,1862,0,1,0,0,0,0,0,0,0,0,0,0,0,0,0,0,0,0,0,0,0,0,1,1,1,1,0,0,0,0,0,1,0,0,0,0,0,0,0,0,1,0,0,0,0,2166,0,4,0,0,0,0,0,0,2,0,0,0,0,0,0,0,0,0,0,0,0,0,0,0,1,0,0,0,0,0,0,0,0,0,0,0,0,0,0,0,0,0,0,0,0,1530
c9f40c24-5bc4-4a00-80c2-248bb0e33cb7,SCISSORS,6,0,0,0,0,0,0,0,0,0,0,0,0,0,0,0,0,0,0,0,0,0,4,0,0,10,0,0,0,0,0,0,0,3,0,0,0,0,0,0,0,0,0,0,0,0,1879,0,4,0,0,0,0,0,0,0,0,0,0,0,0,0,0,0,0,0,0,0,0,0,0,7,0,0,0,0,0,0,4,0,0,0,0,0,0,0,0,0,0,2,0,0,2187,0,15,0,0,0,0,0,0,2,0,0,0,0,0,0,0,0,0,0,0,0,0,0,0,0,0,0,0,0,0,0,0,0,0,0,0,0,0,0,0,0,0,0,0,0,1534
278c93b7-1b3d-4a09-8d3d-850dddb1d115,PAPER,7,0,0,0,0,0,0,0,0,0,0,0,0,0,0,0,0,0,0,0,0,0,0,0,1,1,0,0,0,0,0,0,0,1,0,0,0,0,0,0,2,0,0,0,0,0,1889,0,2,0,0,0,0,0,0,0,0,0,0,0,0,0,0,0,0,0,0,0,0,0,2,0,0,0,0,0,0,0,1,0,0,0,0,0,0,0,0,0,0,0,0,0,2196,0,5,0,0,0,0,0,0,0,0,0,0,0,0,0,0,0,0,0,0,0,0,0,0,0,0,0,0,0,0,0,0,0,0,0,0,0,0,0,0,0,0,0,0,0,1534
43b2ae6a-2ce5-4e90-873d-8d123e31f8c4,PAPER,6,0,0,0,0,0,0,0,0,0,0,0,0,0,0,1,0,0,0,0,0,0,0,0,2,0,0,0,0,0,0,0,0,2,0,0,0,0,0,0,0,0,0,0,0,0,1898,0,1,0,0,0,0,0,0,0,0,0,0,0,0,0,0,0,0,0,0,0,0,0,0,0,0,0,0,0,0,0,3,0,0,0,0,0,0,0,0,0,1,0,0,0,2201,0,3,0,0,0,0,0,0,0,0,0,0,0,0,0,0,0,0,0,0,0,1,1,0,0,0,0,0,0,0,0,0,0,0,0,0,0,0,0,0,0,0,0,0,0,1540
275f5d2d-6877-4085-b05a-2a1625539f4c,SCISSORS,7,0,0,0,0,0,0,0,0,0,0,0,0,0,0,0,0,0,0,0,0,0,5,0,0,4,0,0,0,0,0,0,0,4,0,0,0,0,0,0,0,0,0,0,0,0,1909,0,1,0,0,0,0,0,0,0,0,0,0,0,0,0,0,0,0,0,0,0,0,1,5,0,0,0,0,0,0,0,3,0,0,0,0,1,0,0,0,2,0,0,0,0,2215,0,6,0,0,0,1,0,0,1,0,0,0,0,0,0,0,0,0,0,0,0,0,0,0,4,1,0,0,0,0,0,0,0,0,0,0,0,0,0,0,0,0,0,0,0,1556
f0ea0382-689e-439e-8cf7-d3e869369635,SCISSORS,7,0,0,0,0,0,0,0,0,0,0,0,0,0,0,0,0,0,0,0,0,0,0,0,3,0,0,0,0,0,0,0,0,1,0,0,0,0,0,0,0,0,0,0,0,0,1912,0,2,0,0,0,0,0,0,0,0,0,0,0,0,0,0,0,0,0,0,0,0,0,0,0,0,0,0,0,0,0,0,0,0,0,0,1,0,0,0,1,0,0,0,0,2225,0,2,0,0,0,0,0,0,2,0,0,0,0,0,0,0,0,0,0,0,0,0,0,0,0,0,0,0,0,0,0,0,0,0,0,0,0,0,0,0,0,0,0,0,0,1559
53e702a0-ad85-4df6-bc1f-6f1bdf4e7edb,PAPER,6,0,0,0,0,0,0,0,0,0,0,0,0,0,0,0,0,0,0,0,0,0,0,0,0,6,0,1,0,0,0,0,0,5,0,0,0,0,0,0,0,0,0,2,0,0,1923,0,2,0,0,0,0,0,0,1,0,0,0,0,0,0,0,0,0,0,0,0,0,0,3,0,1,0,0,0,0,0,0,0,0,0,0,5,0,0,0,0,2,0,0,0,2244,0,5,0,0,0,0,0,0,0,0,0,0,0,0,0,0,0,0,0,0,0,0,0,0,8,1,0,0,0,0,0,0,0,0,0,0,0,0,0,0,0,0,0,0,0,1568
b19b8ddf-a811-466a-951d-8f88882f5a16,SCISSORS,7,0,0,0,0,0,0,0,0,0,0,0,2,0,0,0,0,0,0,0,0,0,1,0,0,0,0,0,0,0,0,0,0,1,0,0,0,0,0,0,0,0,0,0,0,0,1929,0,1,0,0,0,0,0,0,0,0,0,0,0,0,0,0,0,0,0,0,0,1,0,1,1,0,0,0,0,0,0,0,0,0,0,0,0,0,0,0,0,0,0,0,0,2251,0,3,0,0,0,0,0,0,1,0,0,0,0,0,0,0,0,0,0,0,0,0,0,0,0,0,0,0,0,0,0,0,0,0,0,0,0,0,0,0,0,0,0,0,0,1572
6fa9765a-ba70-4a09-b7d2-72e931b515af,PAPER,5,0,0,0,0,0,0,0,0,0,0,0,0,0,0,0,0,0,0,0,0,0,1,0,2,0,0,0,0,0,0,0,0,2,0,0,0,0,0,0,0,1,0,0,0,0,1936,0,1,0,0,1,0,0,0,0,0,0,0,0,0,0,0,0,0,0,0,0,0,2,0,0,0,0,0,0,0,0,0,0,0,0,0,1,0,0,0,0,1,0,0,0,2259,0,1,0,0,0,0,0,0,0,0,0,0,0,0,0,0,0,0,0,0,0,3,0,0,2,0,0,0,0,0,0,0,0,0,0,0,0,0,0,0,0,0,0,0,0,1575
69b9deac-22da-477b-b69d-f0746ddb5825,ROCK,8,0,0,0,0,0,1,0,0,0,0,0,0,0,0,0,0,0,0,0,0,0,0,0,0,0,0,0,0,0,0,0,0,3,0,0,0,0,0,0,0,0,0,0,0,0,1940,0,1,0,0,0,0,0,0,0,0,0,0,0,0,0,0,0,0,0,0,0,0,0,0,0,0,0,0,0,0,0,0,0,0,0,0,3,0,0,0,0,0,0,0,0,2265,0,1,0,0,0,0,0,0,0,0,0,0,0,0,1,0,0,0,0,0,0,0,0,0,2,0,0,0,0,0,0,0,0,0,0,0,0,0,0,0,0,0,0,0,0,1580
ec1f1441-cdb6-4698-9dc6-a29ef014eff5,SCISSORS,9,0,0,0,0,0,0,0,0,0,0,0,0,0,0,0,0,0,0,0,0,0,2,0,0,0,0,0,0,0,0,1,0,1,0,0,0,0,0,0,0,0,0,0,0,0,1944,0,2,0,0,0,0,0,0,0,0,0,0,0,0,0,0,0,0,0,0,0,0,0,1,0,0,0,0,0,0,0,0,0,0,0,0,0,0,0,0,0,0,1,0,0,2269,0,3,0,0,0,0,0,0,1,0,0,0,0,0,0,0,0,0,0,0,0,0,0,0,0,0,0,0,0,0,0,0,0,0,0,0,0,0,0,0,0,0,0,0,0,1582
6f32f390-415a-471b-967d-5f1c7a033897,ROCK,5,0,0,0,0,0,3,0,0,0,0,0,0,0,0,0,0,0,0,0,0,0,0,0,0,1,0,0,0,0,0,0,0,1,0,0,0,0,0,0,0,0,0,0,0,0,1953,0,5,0,0,0,0,0,0,0,0,0,0,0,0,0,0,0,0,0,0,0,0,0,0,0,0,0,0,0,0,0,0,0,0,0,0,0,0,0,0,0,0,0,0,0,2272,0,1,0,0,0,0,0,0,0,0,0,0,0,0,0,0,0,0,0,0,0,0,0,0,1,0,0,0,0,0,0,0,0,0,0,0,0,0,0,0,0,0,3,0,0,1586
44d711d6-0388-4693-9d18-0ae960cbc03d,SCISSORS,9,0,0,0,0,0,0,0,0,0,0,0,0,0,0,0,0,0,0,0,0,0,2,0,0,1,0,0,0,0,0,0,0,1,0,0,0,0,0,0,0,0,0,0,0,0,1957,0,1,0,0,0,0,0,0,0,0,0,0,0,0,0,0,0,0,0,0,0,0,1,1,0,0,0,0,0,0,0,1,0,0,0,0,0,0,0,0,0,0,0,0,0,2276,0,3,0,0,0,0,0,0,1,0,0,0,0,0,0,0,0,0,0,0,0,0,0,0,0,0,0,0,0,0,0,0,0,0,0,0,0,0,0,0,0,0,0,0,0,1587
4e4b31a3-712c-47b7-b27a-0651edbff699,PAPER,6,0,0,0,0,0,0,0,0,0,0,0,0,0,0,0,0,0,0,0,0,0,0,0,0,0,0,0,0,0,0,0,2,1,0,0,0,0,0,0,0,1,0,0,0,0,1965,0,1,0,0,0,0,0,0,0,0,0,0,0,0,0,0,0,0,0,0,0,0,0,0,0,0,0,0,0,0,0,2,0,0,0,0,0,0,0,0,0,1,0,0,0,2281,0,3,0,0,0,0,0,0,0,0,0,0,0,0,0,0,0,0,0,0,0,1,0,0,0,0,0,0,0,0,0,0,0,0,0,0,0,0,0,0,0,0,0,0,0,1589
64a18c85-a3e6-4bf4-953d-457c61b3e034,ROCK,9,0,0,0,0,1,3,0,0,0,0,0,1,0,0,0,0,0,0,0,0,0,2,0,0,5,0,0,0,0,0,0,0,4,0,0,0,0,0,0,0,0,0,0,0,0,1981,0,1,0,0,0,0,0,0,0,0,0,0,0,0,0,0,0,0,0,0,0,0,4,3,1,0,0,0,0,0,0,7,0,0,0,0,0,0,0,0,0,0,0,0,0,2292,0,9,0,0,0,0,0,0,0,0,0,0,0,0,2,0,0,0,0,0,0,1,1,1,1,0,0,0,0,0,0,0,0,0,0,0,0,0,0,0,0,0,1,0,0,1608
31ce30f1-d636-455d-a1c1-b35ddeb1b7fb,ROCK,7,0,0,0,0,0,3,0,0,0,0,0,0,0,0,0,0,1,0,0,0,0,1,0,0,6,0,0,0,0,0,0,0,3,0,0,0,0,0,0,0,0,0,0,0,0,1997,0,0,0,0,0,0,0,0,0,0,0,0,0,0,0,0,0,0,0,0,0,0,0,2,0,0,0,0,0,0,5,1,0,0,0,0,6,0,0,0,0,0,0,0,0,2305,0,4,0,0,0,0,0,0,0,0,0,0,0,0,1,0,0,0,0,0,0,0,2,0,3,0,0,0,0,0,0,0,0,0,0,0,0,0,0,0,4,0,0,0,0,1621
52dd08e0-4f39-463f-864a-3fce509ebfc8,PAPER,9,0,0,0,0,0,0,0,0,0,0,0,0,0,0,1,0,0,0,0,0,0,0,0,0,4,0,0,0,0,0,0,0,1,0,0,0,0,0,0,0,0,0,0,0,0,2003,0,0,0,0,0,0,0,0,0,0,0,0,0,0,0,0,0,0,0,0,0,0,0,3,0,0,0,0,0,0,2,0,0,0,0,0,0,0,0,0,0,1,0,0,0,2313,0,4,0,0,0,0,0,0,0,0,0,0,0,0,0,0,0,0,0,0,0,0,2,0,0,0,0,0,0,0,0,0,0,0,0,0,0,0,0,0,0,0,0,0,0,1625
97a6ff4a-8123-42c0-b265-aade9ae4fff4,SCISSORS,7,0,0,0,0,0,0,0,0,0,0,0,0,0,0,0,0,0,0,0,0,0,2,0,0,3,0,0,0,0,0,0,0,3,0,0,0,0,0,0,0,2,0,0,0,0,2012,0,0,0,0,0,0,0,0,0,0,0,0,0,0,1,0,0,0,0,0,0,0,0,2,0,1,0,0,0,0,1,4,0,0,0,0,0,0,0,0,0,0,1,0,0,2325,0,4,0,0,0,0,0,0,1,0,0,0,1,0,0,0,0,0,0,0,0,0,0,1,2,1,0,0,0,0,0,0,0,0,0,0,0,0,0,0,0,0,0,0,0,1637
dbd56a25-afca-4d64-8ac5-4ec885d22f1b,SCISSORS,6,0,0,0,0,0,0,0,0,0,0,0,0,0,0,0,0,0,0,0,0,0,0,0,0,2,0,0,0,0,0,0,0,1,0,0,0,0,0,0,0,0,0,0,0,0,2014,0,0,0,0,0,0,0,0,0,0,0,0,0,0,0,0,0,0,0,0,0,0,0,0,0,0,0,0,0,0,1,0,0,0,0,0,0,0,0,0,2,0,0,0,0,2328,0,1,0,0,0,0,0,0,1,0,0,0,0,0,0,0,0,0,0,0,0,0,0,0,0,0,0,0,0,0,0,0,0,0,0,0,0,0,0,0,0,0,0,1,0,1643
4bf982b7-0631-4e44-9adb-3e4a9d7438c6,SCISSORS,7,0,0,0,0,0,0,0,0,0,0,0,0,0,0,0,0,0,0,0,0,0,2,0,0,2,0,0,0,0,0,0,0,3,0,0,0,0,0,0,2,0,0,0,0,0,2021,0,1,0,0,0,0,0,0,0,0,0,0,0,0,0,0,0,0,0,0,0,0,0,1,1,0,0,0,0,0,4,1,0,0,0,0,0,0,0,0,0,0,1,0,0,2338,0,6,0,0,0,0,0,0,2,0,0,0,0,0,0,0,0,0,0,0,0,0,0,0,0,0,0,0,0,0,0,0,0,0,0,0,1,0,0,0,0,0,0,0,0,1647
26c73885-d8ea-4465-885a-edad1eded7d3,PAPER,5,0,0,0,0,0,0,0,0,0,0,0,0,0,0,0,0,0,0,0,0,0,1,0,1,0,0,0,0,0,0,0,0,1,0,0,0,0,0,0,0,0,0,1,0,0,2027,0,0,0,0,0,0,0,0,0,0,0,0,0,0,0,0,0,0,0,0,0,0,0,0,0,0,0,0,0,0,2,0,0,0,0,0,0,0,0,0,0,2,0,0,0,2340,0,1,0,0,0,0,0,0,0,0,0,0,0,0,0,0,0,0,0,0,0,0,2,1,0,0,0,0,0,0,0,0,0,0,0,0,0,0,0,0,0,0,0,0,0,1651
1f9abfbd-a22d-426d-acfe-6b9e9f0215e4,ROCK,7,0,0,0,0,0,0,0,0,0,0,0,0,0,0,0,0,0,0,0,0,0,0,0,0,0,0,0,0,0,0,0,0,2,0,0,0,0,0,0,0,0,0,0,0,0,2032,0,0,0,0,0,0,0,0,0,0,0,0,0,0,0,0,0,0,0,0,0,0,0,0,0,0,1,0,0,0,1,0,0,0,0,0,0,0,0,0,0,0,0,0,0,2342,0,1,0,0,0,0,0,0,0,0,0,0,0,0,0,0,0,0,0,0,0,0,0,1,0,0,0,0,0,0,0,0,0,0,0,0,0,0,0,0,0,0,0,0,0,1656
a13d5471-ebe9-424e-b665-2cb4c22ffb14,SCISSORS,9,0,0,0,0,0,0,0,0,0,0,0,0,0,0,0,0,0,0,0,0,0,1,0,0,0,0,0,0,0,0,0,0,1,0,0,0,0,0,0,0,0,0,0,0,0,2033,0,0,0,0,0,0,0,0,0,0,0,0,0,0,1,0,0,0,0,0,0,0,0,0,0,0,0,0,0,0,1,0,0,0,0,0,0,0,0,0,0,0,0,0,0,2347,0,1,0,0,0,0,0,0,1,0,0,0,0,0,0,0,0,0,0,0,0,0,0,0,0,0,0,0,0,0,0,0,0,0,0,0,0,0,0,0,0,0,0,0,0,1658
f7706bf2-5115-4ddc-b2e9-1671843578c8,ROCK,6,0,0,0,0,0,2,0,0,0,0,0,1,0,0,0,0,0,0,0,0,0,1,0,0,4,0,0,0,0,0,0,0,5,0,0,0,0,0,0,0,1,0,0,0,0,2045,0,0,0,0,0,0,0,0,0,0,0,0,0,0,0,0,0,0,0,0,0,0,3,6,0,0,0,0,0,0,3,1,0,0,0,0,1,0,0,0,0,0,0,0,0,2364,0,7,0,0,0,0,0,0,0,0,0,0,0,0,1,0,0,0,0,0,0,0,1,0,4,0,1,0,0,0,0,0,0,0,0,0,0,0,0,0,0,0,0,0,0,1672
8decfdc1-b908-4124-9ae4-33844d1a5d66,ROCK,7,0,0,0,0,0,2,0,0,0,0,0,1,0,0,0,0,0,0,0,0,0,1,0,0,3,0,0,0,0,0,0,0,5,0,0,0,0,0,0,0,0,0,0,0,0,2061,0,0,0,0,0,0,0,0,0,0,0,0,0,0,0,0,0,0,0,0,0,0,3,4,0,0,0,0,0,0,1,3,0,0,0,0,1,0,0,0,0,0,0,0,0,2379,0,4,0,0,0,0,0,0,0,0,0,0,0,0,2,0,0,0,0,0,0,0,1,3,1,0,0,0,0,0,1,0,0,0,0,0,0,0,0,0,0,0,0,0,0,1685
ecf57691-2df3-4a41-980c-4b39d9f72eb0,ROCK,7,0,0,0,0,0,1,0,0,0,0,0,0,0,0,0,0,0,0,0,0,0,0,0,0,1,0,0,0,0,0,0,0,3,0,0,0,0,0,0,0,0,0,0,0,0,2067,0,0,0,0,0,0,0,0,0,0,0,0,0,0,0,0,0,0,0,0,0,0,2,0,0,0,0,0,0,0,2,1,0,0,0,0,0,0,0,0,0,0,0,0,0,2385,0,3,0,0,0,0,0,0,0,0,0,0,0,0,0,0,0,0,0,0,0,0,0,0,1,0,0,0,0,0,0,0,0,0,0,0,0,0,0,0,1,0,0,0,0,1689
23a24253-d2d5-4530-bf45-530d5976e538,ROCK,7,0,0,0,0,0,3,0,0,0,0,0,0,0,0,0,0,0,0,0,0,0,1,0,0,0,0,0,0,0,0,0,0,2,0,0,0,0,0,0,0,0,0,0,0,0,2077,0,0,0,0,0,0,0,0,0,0,0,0,0,0,0,0,0,0,0,0,0,0,4,0,0,0,0,0,0,0,2,0,0,0,0,0,0,0,0,0,0,0,0,0,0,2389,0,2,0,0,0,0,0,0,0,0,0,0,0,0,3,0,0,0,0,0,0,0,0,1,0,0,0,0,0,0,0,0,0,0,0,0,0,0,0,0,0,0,0,0,0,1695
3a098fb7-8093-4641-a77e-14f542c39d61,SCISSORS,6,0,0,0,0,0,0,0,0,0,0,0,1,0,0,0,0,0,0,0,0,0,3,0,0,1,0,0,0,0,0,0,0,1,0,0,0,0,0,0,0,0,0,0,0,0,2085,0,0,0,0,0,0,0,0,0,0,0,0,0,0,0,0,0,0,0,0,0,0,0,4,0,0,0,0,0,0,1,0,0,0,0,0,1,0,0,0,0,0,0,0,0,2395,0,4,0,0,0,0,0,0,0,0,0,0,0,0,0,0,0,0,0,0,0,0,0,2,0,0,0,0,0,0,0,0,0,0,0,0,0,0,0,0,0,0,0,0,0,1698
ce79cbe5-9e33-43bd-b12b-274108654362,PAPER,7,0,0,0,0,0,0,0,0,0,0,0,1,0,0,1,0,0,0,0,0,0,0,0,1,3,0,0,0,0,0,0,0,2,0,0,0,0,0,0,0,0,0,0,0,0,2096,0,0,0,0,0,0,0,0,0,0,0,0,0,0,0,0,0,0,0,0,0,0,0,0,0,0,0,0,0,0,4,0,0,0,0,0,2,0,0,0,0,2,0,0,0,2399,0,3,0,0,0,0,0,0,0,0,0,0,0,0,0,0,0,0,0,0,0,0,3,0,0,0,0,0,0,0,0,0,0,0,0,0,2,0,0,0,0,0,0,0,0,1704
c27dbc0e-c97d-4804-99c3-37269190fbb6,PAPER,6,0,0,0,0,0,0,0,0,0,0,0,0,0,0,0,0,0,0,0,0,0,5,0,0,1,0,0,0,0,0,0,0,3,0,0,0,0,0,0,0,2,0,0,0,0,2108,0,0,0,0,0,0,0,0,0,0,0,0,0,0,0,0,0,0,0,0,0,0,3,0,5,0,0,0,0,0,1,0,0,0,0,0,0,0,0,0,0,2,0,0,0,2413,0,5,0,0,0,0,0,0,0,0,0,0,0,0,0,0,0,0,0,0,0,0,2,4,0,0,0,0,0,0,0,0,0,0,0,0,0,0,0,0,0,0,0,0,0,1711
4a2bc496-f38e-4a5f-9b05-4a7f4065ba01,ROCK,6,0,0,0,0,0,4,0,0,0,0,0,0,0,0,0,0,0,0,0,0,0,2,0,0,5,0,0,0,0,0,0,0,8,0,0,0,0,0,0,0,0,0,0,0,0,2130,0,0,0,0,0,0,0,0,0,0,0,0,0,0,0,0,0,0,0,0,0,0,1,1,8,1,0,0,0,0,4,4,0,0,0,0,0,0,0,0,0,0,0,0,0,2433,0,12,0,0,0,0,0,0,0,0,0,0,0,0,0,0,0,0,0,0,0,0,1,3,0,0,0,0,0,0,0,0,0,0,0,0,0,0,0,0,1,0,2,0,0,1723
ea1d2567-c276-45cc-be46-35d6b30f12aa,ROCK,9,0,0,0,0,0,1,0,0,0,0,0,0,0,0,0,0,0,0,0,0,0,0,0,0,2,0,0,0,0,0,0,0,3,0,1,0,0,0,0,0,0,0,0,0,0,2137,0,0,0,0,0,0,0,0,0,0,0,0,0,0,0,0,0,0,0,0,0,0,3,0,1,0,0,0,0,0,3,0,0,0,0,0,0,0,0,0,0,0,0,0,0,2438,0,4,0,0,0,0,0,0,0,0,0,0,0,0,0,0,0,0,0,0,0,0,0,2,0,0,0,0,0,0,0,0,0,0,0,0,0,0,0,0,0,0,1,0,0,1729
6e5e66c3-0de8-4772-b9d4-604bfe400d69,ROCK,8,0,0,0,0,0,2,0,0,0,0,0,0,0,0,0,1,0,0,0,0,0,0,0,0,0,0,0,0,0,0,0,0,1,0,0,0,0,0,0,0,0,0,0,0,0,2141,0,0,0,0,0,0,0,0,0,0,0,0,0,0,0,0,0,0,0,0,0,0,0,0,3,0,0,0,0,0,1,0,0,0,0,0,0,0,0,0,0,0,0,0,0,2440,0,1,0,0,0,0,0,0,0,0,0,0,0,0,0,0,0,0,0,0,0,0,1,0,0,0,0,0,0,0,0,0,0,0,0,0,0,0,0,0,2,0,0,0,0,1735
0d28d291-baa0-4b8d-ac6c-4d3937342312,SCISSORS,9,0,0,0,0,0,0,0,0,0,0,0,0,0,0,0,0,0,0,0,0,0,0,0,0,2,0,0,0,0,0,0,0,4,0,0,0,0,0,0,0,0,0,0,0,0,2145,0,0,0,0,0,0,0,0,0,0,0,0,0,0,0,0,0,0,0,0,0,0,0,0,0,0,0,0,0,0,4,0,0,0,0,0,0,0,0,0,0,0,2,0,0,2444,0,2,0,0,0,0,0,0,2,0,0,0,0,0,0,0,0,0,0,0,0,0,0,0,2,0,0,0,0,0,0,0,0,0,0,0,0,0,0,0,0,0,0,0,0,1741
69b9ced5-c9f3-4f46-8381-8102de0cd79c,SCISSORS,8,0,0,0,0,0,0,0,0,0,0,0,0,0,0,0,0,0,0,0,0,0,4,0,0,7,0,0,0,0,0,0,0,5,0,0,0,0,0,0,0,0,0,0,0,0,2154,0,0,0,0,0,0,0,0,0,0,0,0,0,0,0,0,0,0,0,0,0,0,1,2,4,0,0,0,0,0,3,4,0,0,0,0,1,0,0,0,0,0,1,0,0,2464,0,11,0,0,0,0,0,0,2,0,0,0,0,0,0,0,0,0,0,0,0,0,1,0,2,0,0,0,0,0,0,0,0,0,0,0,0,0,0,0,0,0,0,0,0,1747
17b8ca60-855b-44a0-ac09-b6af4ed4107d,ROCK,9,0,0,0,0,0,2,0,0,0,0,0,0,0,0,0,0,0,0,0,0,0,0,0,0,1,0,0,0,0,0,0,0,3,0,0,0,0,0,0,0,0,0,0,0,0,2161,0,0,0,0,0,0,0,0,0,0,0,0,0,0,0,0,0,0,0,0,0,0,1,0,0,0,0,0,0,0,2,1,0,0,0,0,2,0,0,0,0,0,0,0,0,2472,0,3,0,0,0,0,0,0,0,0,0,0,0,0,0,0,0,0,0,0,0,0,1,0,1,0,0,0,0,0,0,0,0,0,0,0,0,0,0,0,0,0,1,0,0,1755
5a29443b-3c76-43d0-bc94-bc758029349d,PAPER,5,0,0,0,0,0,0,0,0,0,0,0,0,0,0,0,0,0,0,0,0,0,0,0,0,3,0,0,0,0,0,0,0,4,0,0,0,0,0,0,0,1,0,0,0,0,2173,0,0,0,0,0,0,0,0,0,0,0,0,0,0,0,0,0,0,0,0,0,0,0,1,0,0,0,0,0,0,4,0,0,0,0,0,2,0,0,0,0,1,0,0,0,2483,0,4,0,0,0,0,0,0,0,0,0,0,0,0,0,0,0,0,0,0,0,0,1,0,2,0,0,0,0,0,0,0,0,0,0,0,1,0,0,0,0,0,0,0,0,1766
67fadd84-2dca-4eab-94f2-37169b452f6b,PAPER,19,0,0,0,0,0,0,0,0,0,0,0,0,0,0,3,0,0,0,0,0,0,17,0,1,100,1,0,0,0,0,0,0,200,0,0,0,0,0,0,0,0,0,17,0,0,18,0,56,0,0,1,0,0,0,0,0,0,0,1,0,0,2,0,0,0,0,0,0,0,0,3,0,0,0,0,0,141,42,57,0,0,0,17,0,0,0,0,19,0,0,0,15,0,190,0,0,0,0,0,0,0,0,0,0,0,0,0,0,0,0,0,0,0,0,44,1,45,2,0,0,0,0,0,0,57,0,0,0,0,0,0,0,0,0,0,0,0,9
f2436cc5-0d17-407a-adae-579f11c15302,ROCK,9,0,0,0,0,2,14,0,0,0,0,0,35,0,0,0,2,0,0,0,0,0,89,1,0,0,0,0,0,0,0,0,0,123,0,0,0,0,0,0,0,2,0,0,0,0,32,0,106,0,0,0,0,0,0,0,0,0,0,0,0,0,0,0,0,0,0,0,0,51,2,50,2,0,0,0,0,0,57,0,0,0,0,0,0,0,0,0,0,0,0,0,25,0,132,0,0,0,0,0,0,0,0,0,0,0,0,13,0,0,0,0,0,0,0,90,28,2,2,0,0,0,0,0,0,0,0,0,0,0,0,0,0,0,0,1,0,0,22
f673f705-b455-4a16-9295-d104e95d6cfa,ROCK,9,0,0,0,0,0,27,0,0,0,0,0,0,1,0,0,0,0,0,0,0,0,37,4,5,210,3,0,0,0,0,0,0,364,0,0,0,0,0,0,0,11,1,0,1,0,79,0,45,0,0,0,0,0,0,0,0,0,0,0,0,0,0,0,0,0,0,0,0,75,102,5,3,0,0,0,0,0,334,0,0,0,0,100,0,0,0,0,0,0,0,0,59,0,271,0,0,0,0,0,0,0,0,0,0,0,0,28,0,0,0,0,0,0,8,175,3,144,4,0,0,0,0,0,0,0,0,0,0,30,0,0,0,1,0,0,0,0,65
e9198d2a-bb06-452e-8d9e-8da1a8413cee,PAPER,11,0,0,0,0,0,0,0,0,0,0,0,0,0,0,2,0,0,0,0,0,0,31,0,1,111,1,0,0,0,0,0,0,150,0,0,0,0,0,0,19,1,0,1,0,0,92,0,68,0,0,0,1,0,0,0,0,0,0,0,0,0,0,0,0,0,0,0,0,0,0,0,0,0,0,0,0,0,175,0,0,0,0,69,0,0,0,0,4,0,0,0,65,0,146,0,0,0,0,0,0,0,0,0,0,0,0,0,0,0,0,0,0,0,2,125,38,2,4,0,0,0,0,0,0,0,0,0,0,0,0,0,0,0,0,0,0,0,85
089a62b6-3b77-4339-a112-cdc3ca0a61c1,SCISSORS,6,0,0,0,0,0,0,0,0,0,0,0,0,0,0,0,0,0,0,0,0,0,103,0,0,158,0,0,0,0,0,0,32,145,0,0,0,0,0,0,0,0,0,0,0,0,104,0,148,0,0,0,0,0,0,0,0,0,0,0,0,7,0,0,0,0,0,0,0,52,5,40,0,0,0,0,0,0,185,0,0,0,0,1,0,0,0,0,0,0,0,0,83,0,330,0,0,0,0,0,0,8,0,0,0,0,0,0,0,0,0,0,0,0,0,59,23,1,2,0,0,0,0,0,0,0,0,0,0,15,0,0,0,0,0,0,0,0,99
090d91d0-6503-4657-9ac6-e41993688434,ROCK,8,0,0,0,0,0,38,0,0,1,0,0,0,0,0,0,1,0,0,0,0,0,20,0,0,58,0,0,0,0,0,0,0,64,0,0,0,0,0,0,0,3,1,0,0,0,115,0,47,0,0,0,0,0,0,0,0,0,0,0,0,0,0,0,0,0,0,0,0,94,2,28,0,0,0,0,0,0,15,0,0,0,0,0,0,0,0,0,0,0,0,0,91,0,110,0,0,0,0,0,0,0,0,0,0,0,0,1,0,0,0,0,0,0,0,36,0,5,0,0,0,0,0,0,0,0,0,0,0,0,0,0,0,0,0,34,0,0,105
0b63f9c7-735b-4ba3-be39-88ce0b4ff7a8,ROCK,7,0,0,0,0,0,20,0,0,0,0,0,0,0,0,0,0,0,0,0,0,0,0,0,20,39,2,0,0,0,0,0,0,148,0,0,0,0,0,0,0,0,0,0,1,0,128,0,70,0,0,0,0,0,0,0,0,0,0,0,0,0,0,0,0,0,0,0,0,114,2,35,0,0,0,0,0,7,0,0,0,0,0,2,0,0,0,0,0,0,0,0,100,0,104,0,0,0,0,0,0,0,0,0,0,0,0,17,0,0,0,0,0,0,0,87,1,18,1,0,0,0,0,0,0,0,0,0,0,0,0,0,0,1,0,1,0,0,117
a57f4d3d-7c22-4ff0-bdb8-8051a5d2da0c,ROCK,12,0,0,0,0,0,25,0,0,0,0,0,0,3,0,0,0,0,0,0,0,1,23,1,0,46,0,0,0,0,0,0,0,151,0,0,0,2,0,0,0,0,0,0,1,0,145,0,37,0,0,0,0,0,0,0,0,0,0,0,0,0,0,0,0,0,0,0,0,114,0,37,0,0,0,0,0,0,65,0,0,0,0,0,0,0,0,0,0,0,0,0,104,0,128,0,0,0,0,0,0,0,0,0,0,0,0,27,0,0,0,0,0,0,0,83,14,0,1,0,0,0,0,0,0,0,0,0,0,0,0,0,0,0,0,0,0,0,124
04569f38-4551-4e29-b892-a1c28348b94d,ROCK,16,0,0,0,0,0,22,0,0,1,0,0,0,2,0,0,0,40,0,0,0,2,0,0,0,67,0,0,0,0,0,0,0,109,0,0,0,0,0,0,0,0,2,0,0,0,165,0,68,0,0,0,0,0,0,0,0,0,0,0,0,0,0,0,0,0,0,0,55,72,1,39,1,0,0,0,0,0,9,0,0,0,0,0,0,0,0,0,0,0,0,0,112,0,117,0,0,0,0,0,0,0,0,0,0,0,0,2,0,0,0,0,0,0,0,99,0,3,0,0,0,0,0,0,0,0,0,0,0,0,0,0,0,0,0,24,0,0,132
671bea15-f8da-4680-b2b3-f3a84fa82d4a,SCISSORS,20,0,0,0,0,0,0,0,0,0,0,0,40,0,0,0,0,241,0,0,0,0,10,0,1,204,0,0,0,0,0,0,0,0,0,0,0,0,0,0,0,0,0,0,0,0,176,0,83,0,0,0,0,0,0,0,0,0,0,0,0,13,0,0,0,0,0,0,60,27,1,36,0,0,0,0,0,157,116,0,0,0,0,3,0,0,0,0,0,0,0,0,125,0,415,0,0,0,0,0,0,20,0,0,0,0,0,0,1,0,0,0,0,0,0,60,0,0,0,0,0,0,0,0,0,0,0,0,0,0,0,0,0,0,0,0,0,0,137
1369acd0-2a7c-4982-954e-aa4502d80e96,SCISSORS,16,0,0,0,0,0,0,0,0,0,0,0,1,0,0,0,0,182,0,0,0,0,68,0,25,68,1,0,0,0,0,0,0,0,0,0,0,0,0,0,0,0,0,0,0,0,183,0,46,0,0,0,0,0,0,0,0,0,0,0,0,2,0,0,0,0,0,0,0,92,3,0,0,0,0,0,0,0,162,0,0,0,0,2,0,0,0,1,0,37,0,0,136,0,287,0,0,2,0,0,0,36,0,0,0,0,0,0,3,0,0,0,0,0,0,15,0,0,0,0,0,0,0,0,0,0,0,0,0,0,0,0,0,0,0,0,2,0,153
2628baf6-6ee4-4580-a9c1-7482673d50ae,ROCK,16,0,0,0,0,0,20,0,0,0,0,0,0,0,0,0,0,162,0,0,0,0,61,0,0,0,0,0,0,0,0,0,0,0,0,0,0,0,0,0,0,0,2,0,0,0,190,0,68,0,0,0,0,0,0,0,0,0,0,0,0,0,0,0,0,0,0,0,45,61,3,0,0,0,0,0,0,0,63,0,0,0,0,5,0,0,0,0,0,0,0,0,142,0,193,0,0,0,0,0,0,0,0,0,0,0,0,1,0,0,0,0,0,0,1,19,0,13,0,0,0,0,0,0,0,0,0,0,0,0,0,0,0,15,0,3,0,0,165
64d6e968-621b-4cb7-8e91-7a9452919c7f,SCISSORS,17,0,0,0,0,0,0,0,0,0,0,0,0,0,0,0,0,196,0,0,0,0,71,0,1,36,2,0,0,0,0,0,0,0,0,0,0,0,0,0,0,0,0,0,0,0,198,0,32,0,0,0,0,0,0,0,0,0,0,0,0,0,0,0,0,0,0,0,91,0,1,13,0,0,0,0,0,0,132,0,0,0,0,0,0,0,0,36,0,1,0,0,151,0,202,0,0,0,1,0,0,37,0,0,0,1,0,0,2,0,0,0,0,0,0,63,0,0,0,0,0,0,0,0,0,0,0,0,0,0,0,0,0,0,0,0,0,0,175
54abe78a-84d3-4ad9-b816-3b8ca7c39c06,PAPER,18,0,0,0,0,0,0,0,0,0,0,0,0,0,0,17,0,341,0,0,0,0,42,0,2,39,1,0,0,0,0,0,0,0,0,0,0,0,0,0,0,1,0,0,0,0,209,0,73,0,0,0,0,0,0,0,0,0,0,1,0,0,0,0,0,0,0,0,19,46,7,0,0,0,0,0,0,0,271,0,0,0,0,5,0,0,0,0,21,0,0,0,168,0,340,0,0,0,0,0,0,0,0,0,0,0,0,0,0,0,0,0,0,0,0,62,17,24,0,0,0,0,0,0,0,0,0,0,0,0,0,0,0,0,0,0,0,0,178
987a2b34-ae0f-4aad-a5e4-04f1334a5e79,SCISSORS,12,0,3,0,0,0,0,0,0,0,0,0,0,0,0,0,0,220,0,0,0,0,126,0,42,44,4,0,0,0,0,0,0,0,0,0,0,0,0,0,0,0,0,0,0,0,226,0,105,0,0,0,0,0,0,0,0,0,0,0,0,25,0,0,0,0,0,0,0,23,3,36,1,0,0,0,0,0,226,0,0,0,0,11,0,0,3,3,0,3,0,0,195,0,276,0,0,1,1,0,0,31,0,0,0,0,0,0,2,0,0,0,0,0,1,65,22,0,1,0,0,0,0,0,0,0,0,0,0,38,0,0,0,0,0,0,1,0,198
1a056b16-6a59-4c15-b9d6-c27576342711,ROCK,19,0,0,0,0,1,40,0,0,1,0,0,36,0,0,0,3,286,0,0,0,0,59,0,0,0,0,0,0,0,0,0,0,0,0,0,0,0,0,0,0,0,0,0,1,0,243,0,45,0,0,0,0,0,0,0,0,0,0,0,0,0,0,0,0,0,0,0,0,135,42,3,1,0,0,0,0,0,201,0,0,0,0,0,0,0,0,0,0,0,0,0,209,0,281,0,0,0,0,0,0,0,0,0,0,0,0,3,0,0,0,0,0,0,1,33,1,58,0,0,0,0,0,0,0,0,0,0,0,12,0,0,0,37,0,1,0,0,216
2f0a3233-01f0-4b6b-8c67-ccb1c59555a0,PAPER,5,0,0,0,0,0,0,0,0,0,0,0,14,0,0,0,0,301,0,0,0,0,47,1,1,45,0,0,0,0,0,0,0,0,0,0,0,0,0,0,0,0,0,10,0,0,255,0,102,0,0,1,0,0,0,1,0,0,0,0,0,0,0,0,0,0,0,0,1,71,0,53,1,0,0,0,0,0,168,0,0,0,0,5,0,0,1,0,15,0,0,0,226,0,270,0,0,0,0,0,0,0,0,0,0,0,0,0,0,0,0,0,0,0,0,101,44,3,1,0,0,0,0,0,0,0,0,0,0,0,0,0,0,0,0,0,0,0,226
16e38608-89f2-41ca-b71e-64f55dcfa4e8,PAPER,10,0,0,0,0,0,0,0,0,0,0,0,2,0,0,41,0,94,0,0,0,0,96,0,0,65,3,0,0,0,0,0,0,0,0,0,0,0,0,0,0,6,0,1,0,0,282,0,130,0,0,1,0,0,0,2,0,0,0,0,0,0,0,0,0,0,0,0,2,29,1,38,0,0,0,0,0,0,50,0,0,0,0,6,0,0,0,0,47,0,2,0,250,0,82,0,0,0,0,0,0,0,0,0,0,0,0,0,0,0,0,0,0,0,0,156,2,67,1,0,0,0,0,0,0,0,0,0,0,0,0,0,0,0,0,0,0,0,237
1fb806d6-e85b-4fea-8ca5-d90920b37f20,PAPER,12,0,0,0,0,0,0,0,0,0,0,0,8,0,0,1,0,166,0,0,0,0,96,0,3,43,3,0,0,0,0,0,0,0,0,0,0,0,0,0,0,0,0,8,0,0,299,0,169,0,0,0,2,0,0,1,0,0,0,0,0,0,1,0,0,0,0,0,0,0,0,11,0,0,0,0,0,0,114,0,0,0,0,12,0,0,3,0,15,0,0,0,264,0,116,0,0,0,0,0,0,0,0,0,0,0,0,0,0,0,0,0,0,0,0,131,43,2,1,0,0,0,0,0,0,0,0,0,0,35,0,0,0,0,0,0,0,0,249
104de6ca-24a0-4e67-aad6-dcfda18e16fb,SCISSORS,8,0,0,0,0,0,0,0,0,0,0,0,12,0,0,0,0,142,0,0,0,0,99,0,44,1,1,0,0,0,0,0,0,0,0,0,0,0,0,0,0,0,0,0,0,0,307,0,83,0,0,0,0,0,0,0,0,0,0,0,0,17,0,0,0,0,0,0,0,30,1,14,0,0,0,0,0,0,153,0,0,0,0,0,0,0,0,0,0,1,0,0,272,0,228,0,0,0,2,0,0,17,0,0,0,1,0,0,1,0,0,0,0,0,0,50,0,0,0,0,0,0,0,0,0,0,0,0,0,0,0,0,0,0,0,0,0,0,259
37e0894d-8352-41af-b49d-d85a6868f990,SCISSORS,16,0,0,0,0,0,0,0,0,0,0,0,1,0,0,0,0,110,0,0,0,0,104,0,4,46,2,0,0,0,0,0,0,0,0,0,0,0,0,0,0,0,0,0,0,0,322,0,113,0,0,0,0,0,0,0,0,0,0,0,0,0,0,0,0,0,0,0,26,51,1,18,0,0,0,0,0,0,18,0,0,0,0,31,0,0,0,0,0,9,0,0,283,0,173,0,0,0,0,0,0,14,0,0,0,0,0,0,0,0,0,0,0,0,0,0,0,79,1,0,0,0,0,0,0,0,0,0,0,0,0,0,0,0,0,0,0,0,265
1b522595-1e84-458c-b00f-685d29367b49,ROCK,15,0,0,0,0,0,38,0,0,0,0,0,0,1,0,0,0,150,0,0,0,0,15,0,0,0,0,0,0,0,0,0,0,0,0,0,0,0,0,0,0,0,0,0,2,0,331,0,34,0,0,0,0,0,0,0,0,0,0,0,0,0,0,0,0,0,0,0,15,0,1,14,0,0,0,0,0,0,68,0,0,0,0,74,0,0,0,0,0,0,0,0,294,0,141,0,0,0,0,0,0,0,0,0,0,0,0,1,0,0,0,0,0,0,0,28,2,11,0,0,0,0,0,0,0,0,0,0,0,0,0,0,0,0,0,23,0,0,277
29e2ec96-9ba5-4fce-9f5b-d69c9f048b14,SCISSORS,11,0,0,0,0,0,0,0,0,0,0,0,0,0,0,0,0,123,0,0,0,0,53,0,0,0,0,0,0,0,0,0,0,0,0,0,0,0,0,0,0,2,0,0,0,0,333,0,33,0,0,0,0,0,0,0,0,0,0,0,0,0,0,0,0,0,0,0,0,0,0,4,0,0,0,0,0,0,76,0,0,0,0,14,0,0,0,49,0,2,0,0,302,0,141,0,0,0,0,0,0,23,0,0,0,0,0,0,0,0,0,0,0,0,0,14,0,0,0,0,0,0,0,0,0,0,0,0,0,0,0,0,0,0,0,0,0,0,280
43b93c49-68c9-42a6-b998-d08d608242e4,ROCK,13,0,0,0,0,0,30,0,0,0,0,0,0,1,0,0,1,182,0,0,0,1,40,0,0,69,2,0,0,0,0,0,0,0,0,0,0,0,0,0,0,0,0,0,0,0,348,0,38,0,0,0,0,0,0,0,0,0,0,0,0,0,0,0,0,0,0,0,0,47,1,59,1,0,0,0,0,0,137,0,0,0,0,0,0,0,3,40,0,0,0,0,311,0,272,0,0,0,0,0,0,0,0,0,0,0,0,24,0,0,0,0,0,0,0,11,0,19,0,0,0,0,0,0,0,0,0,0,0,0,0,0,0,0,0,0,0,0,284
a2c5120f-2ec3-42d1-820c-b94cef0e5285,ROCK,14,0,0,0,0,0,11,0,0,0,0,0,0,1,0,0,0,207,0,0,0,0,0,0,0,0,0,0,0,0,0,0,0,0,0,0,0,0,0,0,0,0,0,0,1,0,354,0,20,0,0,0,0,0,0,0,0,0,0,0,0,0,0,0,0,0,0,0,42,36,12,2,0,0,0,0,0,0,101,0,0,0,0,7,0,0,0,0,0,0,0,0,323,0,135,0,0,0,0,0,0,0,0,0,0,0,0,1,0,0,0,0,0,0,0,58,1,14,0,0,0,0,0,0,0,0,0,0,0,0,0,0,0,10,0,1,0,0,294
a612043b-f686-43f7-9218-60d35bb26d96,SCISSORS,7,0,0,0,0,0,0,0,0,0,0,0,6,0,0,0,0,203,0,0,0,0,85,1,1,29,4,0,0,0,0,0,0,0,0,0,0,0,0,0,0,0,0,0,0,0,371,0,50,0,0,0,0,0,0,0,0,0,0,0,0,32,0,0,0,0,0,0,34,45,2,30,1,0,0,0,0,0,123,0,0,0,0,11,0,0,0,1,0,0,0,0,345,0,160,0,0,3,0,0,0,30,0,0,0,1,0,0,0,0,0,0,0,0,0,34,0,96,1,0,0,0,0,0,0,0,0,0,0,0,0,0,0,0,0,0,4,0,318
fc99329a-8a63-4e6b-8c27-a564610a1f0a,ROCK,12,0,0,0,0,0,24,0,0,1,0,0,24,1,0,0,0,130,0,0,0,1,66,0,0,0,0,0,0,0,0,0,0,0,0,0,0,0,0,0,0,0,1,0,1,0,384,0,45,0,0,0,0,0,0,0,0,0,0,0,0,0,0,0,0,0,0,0,0,66,104,1,2,0,0,0,0,0,31,0,0,0,0,0,0,0,0,0,0,0,0,0,358,0,219,0,0,0,0,0,0,0,0,0,0,0,0,22,0,0,0,0,0,0,0,0,0,4,0,0,0,0,0,0,0,0,0,0,0,0,0,0,0,2,0,2,0,0,329
2fdae503-4810-46d4-b32a-d2e6798cf341,ROCK,17,0,0,0,0,0,12,0,0,0,0,0,0,0,0,0,0,284,0,0,0,0,0,0,0,0,0,0,0,0,0,0,0,0,0,0,0,0,0,0,0,0,1,0,1,0,390,0,37,0,0,0,0,0,0,0,0,0,0,0,0,0,0,0,0,0,0,0,1,42,46,27,1,0,0,0,0,0,143,0,0,0,0,1,0,0,0,0,0,0,0,0,372,0,275,0,0,0,0,0,0,0,0,0,0,0,0,3,0,0,0,0,0,0,0,0,0,9,1,0,0,0,0,0,0,0,0,0,0,0,0,0,0,1,0,9,0,0,339
6dd66959-7d85-4d28-ac65-f494674dae5b,ROCK,20,0,0,0,0,0,14,0,0,0,0,0,0,0,0,0,1,229,0,0,0,0,4,0,2,84,0,0,0,0,0,0,0,0,0,0,0,0,0,0,0,0,0,0,0,0,402,0,38,0,0,0,0,0,0,0,0,0,0,0,0,0,0,0,0,0,0,0,0,91,1,23,0,0,0,0,0,36,127,0,0,0,0,18,0,0,0,0,0,0,0,0,386,0,211,0,0,0,0,0,0,0,0,0,0,0,0,0,0,0,0,0,0,0,1,27,1,78,3,0,0,0,0,0,0,0,0,0,0,0,0,0,0,13,0,0,0,0,355
d16cb112-a52a-41e0-8071-858e327c0f28,ROCK,5,0,0,0,0,0,9,0,0,0,0,0,0,0,0,0,0,232,0,0,0,1,0,0,0,0,0,0,0,0,0,0,0,0,0,0,0,0,0,0,0,0,0,0,0,0,406,0,49,0,0,0,0,0,0,0,0,0,0,0,0,0,0,0,0,0,0,0,51,54,0,0,0,0,0,0,0,0,88,0,0,0,0,0,0,0,0,0,0,0,0,0,389,0,165,0,0,0,0,0,0,0,0,0,0,0,0,0,0,0,0,0,0,0,0,54,15,0,1,0,0,0,0,0,0,0,0,0,0,0,0,0,0,1,0,6,0,0,363
670654ef-aadb-474a-b333-d6cf6c0884ed,SCISSORS,17,0,0,0,0,0,0,0,0,0,0,0,0,0,0,0,0,152,0,0,0,0,55,0,3,88,6,0,0,0,0,0,0,0,0,0,0,0,0,0,0,0,0,0,0,0,427,0,0,0,0,0,0,0,0,0,0,0,0,0,0,0,0,60,0,0,0,0,18,44,4,56,3,0,0,0,0,0,89,0,0,0,0,13,0,0,0,1,0,16,0,0,415,0,152,0,0,0,1,0,0,15,0,0,0,1,0,0,1,0,0,0,0,0,0,0,3,131,0,0,0,0,0,0,0,0,0,0,0,0,0,0,0,0,0,0,0,0,377
21a42b56-69e2-4a21-b36e-a745ed6dba7b,SCISSORS,7,0,0,0,0,0,0,0,0,0,0,0,7,0,0,0,0,132,0,0,0,0,72,52,0,0,0,0,0,0,0,0,0,0,0,0,0,0,0,0,0,0,0,0,0,0,431,0,0,0,0,0,0,0,0,0,0,0,0,0,0,1,0,35,0,0,0,0,24,67,1,13,0,0,0,0,0,0,97,0,0,0,0,3,0,0,0,0,0,22,0,0,427,0,234,0,0,0,0,0,0,27,0,0,0,2,0,0,0,0,0,0,0,0,0,0,0,0,0,0,0,0,0,0,0,0,0,0,0,0,0,0,0,0,0,0,0,0,383
13ac48a3-5c88-432c-b6e2-c4661a2b1261,PAPER,20,0,0,0,0,0,0,0,0,0,0,0,0,0,0,1,0,111,0,0,0,0,6,65,2,26,1,0,0,0,0,0,0,0,0,0,0,0,0,0,0,1,0,10,0,0,444,0,0,0,0,1,0,0,0,0,0,0,0,0,0,0,0,46,0,0,0,0,65,0,0,0,0,0,0,0,0,0,93,0,0,0,0,0,0,0,6,0,12,0,0,0,434,0,203,0,0,0,0,0,0,0,0,0,0,0,0,0,0,0,0,0,0,0,0,20,0,0,0,0,0,0,0,0,0,0,0,0,0,0,0,0,0,0,0,0,0,0,384
839ff6ff-3672-457e-90f8-73c2966e3c8c,ROCK,8,0,0,0,0,0,43,0,0,1,0,0,0,0,0,0,1,179,0,0,0,2,99,2,2,60,1,0,0,0,0,0,0,0,0,0,0,0,0,0,0,0,1,0,2,0,470,0,0,0,0,0,0,0,0,0,0,0,0,0,0,0,0,96,0,0,0,0,0,76,1,61,5,0,0,0,0,0,154,0,0,0,0,0,0,0,0,0,0,0,0,0,452,0,251,0,0,0,0,0,0,0,0,0,0,0,0,4,0,0,0,0,0,0,0,84,0,14,0,0,0,0,0,0,0,0,0,0,0,0,0,0,0,0,0,40,0,0,397
30af0c5d-62c3-47e5-98e5-a6a97dff430d,SCISSORS,6,0,0,0,0,0,0,0,0,0,0,0,30,0,0,0,0,343,0,0,0,0,78,0,2,50,1,0,0,0,0,0,0,0,0,0,0,0,0,0,0,0,0,0,0,0,480,0,0,0,0,0,0,0,0,0,0,0,0,0,0,18,0,84,0,0,0,0,54,71,71,3,2,0,0,0,0,1,150,0,0,0,0,43,0,0,5,0,0,2,0,0,496,0,247,0,0,0,1,0,0,23,0,0,0,0,0,0,3,0,0,0,0,0,1,89,7,129,3,0,0,0,0,0,0,0,0,0,0,0,0,0,0,0,0,0,1,0,436
155c2de1-964a-46b5-93c8-7962c6b6e439,SCISSORS,20,0,0,0,0,0,0,0,0,0,0,0,0,0,0,0,0,104,0,0,0,0,148,0,5,113,2,0,0,0,0,0,0,0,0,0,0,0,0,0,0,0,0,0,0,0,497,0,0,0,0,0,0,0,0,0,0,0,0,0,0,1,0,39,0,0,0,0,107,1,0,27,1,0,0,0,0,0,158,0,0,0,0,4,0,0,0,2,0,32,0,0,515,0,292,0,0,0,1,0,0,52,0,0,0,0,0,0,0,0,0,0,0,0,2,12,0,9,1,0,0,0,0,0,0,0,0,0,0,0,0,0,0,0,0,0,3,0,455
fbc35d84-885f-4d21-ab0f-56de9df51c43,SCISSORS,17,0,0,0,0,0,0,0,0,0,0,0,0,0,0,0,0,121,0,0,0,0,119,0,2,64,0,0,0,0,0,0,0,0,0,0,0,0,0,0,0,0,0,0,0,0,504,0,0,0,0,0,0,0,0,0,0,0,0,0,0,21,0,38,0,0,0,0,94,0,0,24,1,0,0,0,0,0,125,0,0,0,0,0,0,0,0,1,0,2,0,0,528,0,273,0,0,0,1,0,0,25,0,0,0,0,0,0,0,0,0,0,0,0,1,6,0,0,0,0,0,0,0,0,0,0,0,0,0,0,0,0,0,0,0,0,0,0,463
576fb5de-b82e-4fdc-bda6-e981056fe00a,ROCK,15,0,0,0,0,2,39,0,0,0,0,0,1,3,0,0,3,128,0,0,0,1,99,0,0,0,0,0,0,0,0,0,0,0,0,0,0,0,0,0,0,0,1,0,0,0,527,0,0,0,0,0,0,0,0,0,0,0,0,0,0,0,0,38,0,0,0,0,148,1,1,35,2,0,0,0,0,0,47,0,0,0,0,0,0,0,5,0,0,0,0,0,542,0,188,0,0,0,0,0,0,0,0,0,0,0,0,1,0,0,0,0,0,0,0,26,0,17,0,0,0,0,0,0,0,0,0,0,0,0,0,0,0,44,0,1,0,0,470
d480efe8-cc03-4f33-b1ad-ad00e0bf5601,ROCK,12,0,0,0,0,0,27,0,0,1,0,0,38,0,0,0,0,256,0,0,0,0,4,1,0,7,0,0,0,0,0,0,0,0,0,0,0,0,0,0,0,0,0,0,0,0,539,0,0,0,0,0,0,0,0,0,0,0,0,0,0,0,0,73,0,0,0,0,76,1,2,52,2,0,0,0,0,32,94,0,0,0,0,2,0,0,0,0,0,0,0,0,563,0,232,0,0,0,0,0,0,0,0,0,0,0,0,11,0,0,0,0,0,0,2,56,1,30,0,1,0,0,0,0,0,0,0,0,0,0,0,0,0,1,0,0,0,0,485
a8a52feb-b6a2-4bbe-91fc-5b9cbd3b8799,ROCK,19,0,0,0,0,0,18,0,0,0,0,0,0,0,0,0,0,355,0,0,0,0,10,0,29,32,4,0,0,0,0,0,0,0,0,0,0,0,0,0,0,0,0,0,0,0,552,0,0,0,0,0,0,0,0,0,0,0,0,0,0,0,0,11,0,0,0,0,49,62,42,2,1,0,0,0,0,0,279,0,0,0,0,2,0,0,0,0,0,0,0,0,575,0,326,0,0,0,0,0,0,0,0,0,0,0,0,13,0,0,0,0,0,0,0,82,2,25,0,0,0,0,0,0,0,0,0,0,0,0,0,0,0,0,0,0,0,0,495
32a6e36c-813f-4fbe-a1a4-d3669aa9fe89,PAPER,18,0,0,0,0,0,0,0,0,0,0,0,0,0,0,1,0,191,0,0,0,0,0,0,0,16,2,0,0,0,0,0,0,0,0,0,0,0,0,0,0,46,0,1,0,0,562,0,0,0,0,1,0,0,0,0,0,0,0,0,0,0,0,67,0,0,0,0,0,66,0,0,0,0,0,0,0,0,97,0,0,0,0,0,0,0,3,0,22,0,1,0,584,0,112,0,0,0,0,0,0,0,0,0,0,0,0,0,0,0,0,0,0,0,2,130,0,13,0,0,0,0,0,0,0,0,0,0,0,0,0,0,0,0,0,0,0,0,502
da32ef75-7d1c-4bf9-af28-ac14dd2f9e5b,ROCK,20,0,0,0,0,3,61,0,0,1,0,0,0,0,0,0,2,95,0,0,0,0,49,4,0,0,0,0,0,0,0,0,0,0,0,0,0,0,0,0,0,60,0,0,2,0,589,0,0,0,0,0,0,0,0,0,0,0,0,0,0,0,0,127,0,0,0,0,0,88,0,57,1,0,0,0,0,0,4,0,0,0,0,0,0,0,0,0,0,0,0,0,589,0,92,0,0,0,0,0,0,0,0,0,0,0,0,60,0,0,0,0,0,0,0,80,3,35,2,0,0,0,0,0,0,0,0,0,0,0,0,0,0,0,0,5,0,0,525
62c1affe-244f-4586-8fef-b11e17e302a3,SCISSORS,20,0,0,0,0,0,0,0,0,0,0,0,0,0,0,0,0,220,0,0,0,0,0,0,29,51,1,0,0,0,0,0,0,0,0,0,0,0,0,0,0,0,0,0,0,0,593,0,0,0,0,0,0,0,0,0,0,0,0,0,0,1,0,13,0,0,0,0,17,33,0,6,1,0,0,0,0,0,197,0,0,0,0,8,0,0,2,22,0,1,0,0,603,0,168,0,0,1,0,0,0,26,0,0,0,1,0,0,0,0,0,0,0,0,0,33,0,70,2,0,0,0,0,0,0,0,0,0,0,0,0,0,0,0,0,0,0,0,537
acf5563a-41cc-47b1-94e1-c4ff582e5b55,ROCK,10,0,0,214,0,1,40,0,0,0,0,0,44,0,0,0,0,0,0,0,0,1,35,3,0,163,0,0,0,0,0,0,0,0,0,0,0,0,0,0,0,0,1,0,0,0,621,0,1,0,0,0,0,0,0,0,0,0,0,0,0,0,0,39,0,0,0,0,98,1,26,1,2,0,0,0,0,0,331,0,0,0,0,0,0,0,3,0,0,0,0,0,616,0,438,0,0,0,0,0,0,0,0,0,0,0,0,2,0,0,0,0,0,0,1,12,1,17,2,0,0,0,0,0,0,0,0,0,0,0,0,0,0,1,0,28,0,0,552
bd251ba0-d398-4290-920b-c265937f591b,SCISSORS,10,0,0,115,0,0,0,0,0,0,0,0,0,0,0,0,0,0,0,0,0,0,38,0,0,62,0,0,0,0,0,0,0,0,0,0,0,0,0,0,0,0,0,0,0,0,625,0,0,0,0,0,0,0,0,0,0,0,0,0,0,11,0,20,0,0,0,0,23,22,1,31,1,14,0,0,0,0,88,0,0,0,0,2,0,0,0,2,0,0,0,0,632,0,96,0,0,0,0,0,0,18,0,0,0,0,0,0,1,0,0,0,0,0,0,23,5,39,1,0,0,0,0,0,0,0,0,0,0,31,0,0,0,0,0,0,1,0,573
4cc359a3-b0b8-4ef7-8889-cf91d738583d,ROCK,17,0,0,168,0,0,25,0,0,1,0,0,0,0,0,0,1,0,0,0,0,0,33,0,0,99,0,0,0,0,0,0,0,0,0,0,0,0,0,0,0,0,1,0,1,0,643,0,0,0,0,0,0,0,0,0,0,0,0,0,0,0,0,0,0,0,0,0,3,144,0,0,0,0,0,0,0,181,0,0,0,0,0,1,0,0,0,0,0,0,0,0,641,0,214,0,0,0,0,0,0,0,0,0,0,0,0,0,0,0,0,0,0,0,0,18,3,63,3,0,0,0,0,0,0,0,0,0,0,0,0,0,0,27,0,1,0,0,590
4fcddfad-3d9e-4f9e-bc50-a05858c4acac,SCISSORS,8,0,0,108,0,0,0,0,0,0,0,0,24,0,0,0,0,0,0,0,0,0,0,0,0,87,0,0,0,0,0,0,0,0,0,0,0,0,0,0,0,0,0,0,0,0,649,0,0,0,0,0,0,0,0,0,0,0,0,0,0,0,0,0,0,0,0,0,23,17,0,1,0,0,0,0,0,153,0,0,0,0,0,1,0,0,0,1,0,23,0,0,648,0,169,0,0,1,1,0,0,26,0,0,0,1,0,0,1,0,0,0,0,0,0,19,0,0,0,0,0,0,0,0,0,0,0,0,0,0,0,0,0,0,0,0,1,0,605
de7216d3-ae34-43f2-ac30-9664d9dc7f0e,SCISSORS,5,0,0,182,0,0,0,0,0,0,0,0,10,0,0,0,0,27,0,0,0,0,97,3,2,125,2,0,0,0,0,0,0,0,0,0,0,0,0,0,0,0,0,0,0,0,680,0,0,0,0,0,0,0,0,0,0,0,0,0,0,43,0,0,0,0,0,0,88,2,1,41,0,0,0,0,0,147,117,0,0,0,0,4,0,0,0,3,0,2,0,0,671,0,345,0,0,2,2,0,0,42,0,0,0,2,0,0,4,0,0,0,0,0,0,0,2,45,3,0,0,0,0,0,0,0,0,0,0,0,0,0,0,0,0,0,1,0,640
0b3bf8a9-2470-4a77-83fc-894c870ce5a7,PAPER,11,0,1,132,0,0,0,0,0,0,0,0,13,0,0,0,0,0,0,0,0,0,107,7,2,224,6,0,0,0,0,0,0,0,0,0,0,0,0,0,0,0,0,3,0,0,726,0,0,0,0,0,0,0,0,1,0,0,0,0,0,0,1,0,0,0,0,0,43,89,147,6,9,0,0,0,0,84,51,0,0,0,0,58,0,0,0,0,6,0,0,0,732,0,235,0,0,0,0,0,0,0,0,0,0,0,0,0,0,0,0,0,0,0,3,109,2,140,4,0,0,0,0,0,0,0,0,0,0,0,0,0,0,2,0,0,0,0,669
60d78489-fb65-4b32-bab2-2a29fad75cd4,SCISSORS,7,0,0,89,0,0,0,0,0,0,0,0,0,0,0,0,0,0,0,0,0,0,78,1,32,6,1,0,0,0,0,0,0,0,0,0,0,0,0,0,0,0,0,0,0,0,737,0,0,0,0,0,0,0,0,0,0,0,0,0,0,2,0,0,0,0,0,0,0,20,9,0,0,0,0,0,0,112,19,0,0,0,0,23,0,0,0,21,0,1,0,0,744,0,100,0,0,0,0,0,0,22,0,0,0,0,0,0,0,0,0,0,0,0,1,49,23,2,0,0,0,0,0,0,0,0,0,0,0,7,0,0,0,0,0,0,3,0,686
b6bef780-7222-40d6-b06a-6d6343eb4bc6,SCISSORS,8,0,0,50,0,0,0,0,0,0,0,0,0,0,0,0,0,0,0,0,0,0,37,0,6,177,5,0,0,0,0,0,0,0,0,0,0,0,0,0,0,0,0,0,0,0,759,0,0,0,0,0,0,0,0,0,0,0,0,0,0,2,0,0,0,0,0,0,0,51,14,0,0,0,0,0,0,45,113,0,0,0,0,4,0,0,0,3,0,43,0,0,761,0,107,0,0,0,2,0,0,46,0,0,0,2,0,0,0,0,0,0,0,0,1,5,24,1,0,0,0,0,0,0,0,0,0,0,0,84,0,0,0,0,0,0,3,0,706
0180ee89-f758-4ae9-b28f-cdc7516921b3,PAPER,18,0,0,197,0,0,0,0,0,0,0,0,0,0,0,0,0,0,0,0,0,0,0,0,17,137,0,0,0,0,0,1,0,0,0,0,0,0,0,0,0,0,0,21,0,0,772,0,0,0,0,0,0,0,0,0,0,0,0,0,0,0,0,0,0,0,0,0,2,71,1,35,3,0,0,0,0,172,67,0,0,0,0,19,0,0,0,0,3,0,0,0,785,0,292,0,0,0,0,0,0,0,0,0,0,0,0,0,0,0,0,0,0,0,0,25,48,2,4,0,0,0,0,0,0,0,0,0,0,2,0,0,0,0,0,0,0,0,719
45a0afaa-25bc-4a52-bb7a-f4b691b68efc,ROCK,13,0,0,68,0,1,24,0,0,1,0,0,0,1,0,0,0,0,0,0,0,0,0,0,0,50,0,0,0,0,0,0,0,0,0,0,0,0,0,0,0,0,1,44,0,0,784,0,0,0,0,0,0,0,0,0,0,0,0,0,0,0,0,0,0,0,0,0,0,56,0,11,1,0,0,0,0,109,0,0,0,0,0,13,0,0,0,0,0,0,0,0,789,0,82,0,0,0,0,0,0,0,0,0,0,0,0,1,0,0,0,0,0,0,0,60,1,26,0,0,0,0,0,0,0,0,0,0,0,0,0,0,0,1,0,19,0,0,730
ad64d858-52cb-4ce0-8a53-1132e9e2e76b,ROCK,15,0,0,230,0,0,16,0,0,1,0,0,0,0,0,0,0,0,0,0,0,0,0,0,23,103,2,0,0,0,0,0,0,0,0,0,0,0,0,0,0,0,2,0,0,0,804,0,0,0,0,0,0,0,0,0,0,0,0,0,0,0,0,0,0,0,0,0,31,48,2,52,1,0,0,0,0,39,195,0,0,0,0,9,0,0,0,0,0,0,0,0,806,0,57,0,0,0,0,0,0,0,0,0,0,0,0,1,0,94,0,0,0,0,1,48,3,107,4,0,0,0,0,0,0,0,0,1,0,45,0,0,0,16,0,0,0,0,760
573c2357-23a9-476c-a18e-3457fadcad2e,SCISSORS,7,0,0,70,0,0,0,0,0,0,0,0,0,0,0,0,0,0,0,0,0,0,57,4,34,34,2,0,0,0,0,0,0,0,0,0,0,0,0,0,0,0,0,0,0,0,823,0,8,0,0,0,0,0,0,0,0,0,0,0,0,0,0,0,0,0,0,0,12,51,18,0,0,0,0,0,0,75,0,0,0,0,0,9,0,0,0,28,0,0,0,0,820,0,37,0,0,0,1,0,0,31,0,0,0,0,0,0,0,54,0,0,0,0,1,23,47,4,3,0,0,0,0,0,0,0,0,0,0,0,0,0,0,0,0,0,0,0,782
007852ed-d6f5-4799-9cb9-1e2f64a33d43,SCISSORS,17,0,0,156,0,0,0,0,0,0,0,0,4,0,0,0,0,0,0,0,0,0,99,0,5,195,3,0,0,0,0,7,0,0,0,0,0,0,0,0,0,0,0,0,0,0,850,0,0,0,0,0,0,0,0,0,0,0,0,0,0,46,0,0,0,0,0,0,0,45,3,122,2,0,0,0,0,101,144,0,0,0,0,3,0,0,0,2,0,1,0,0,845,0,10,0,0,0,2,0,0,54,0,0,0,1,0,0,2,240,0,0,0,0,1,35,95,1,6,0,0,0,0,0,0,0,0,0,0,21,0,0,0,0,0,0,1,0,821
2ab39e4e-8b7c-46c6-8f0f-b3eb9f3a1942,PAPER,13,0,0,77,0,0,0,0,0,0,0,0,4,0,0,11,0,0,0,0,0,0,64,0,1,20,2,0,0,0,0,0,0,0,0,0,0,0,0,0,0,0,0,1,0,0,862,0,0,0,0,1,2,0,0,0,0,0,0,0,0,0,1,0,0,0,0,0,0,47,0,0,0,0,0,0,0,64,52,0,0,0,0,0,0,0,0,0,13,0,0,0,856,0,0,0,0,0,0,0,0,0,0,0,0,0,0,0,0,98,0,0,0,0,2,53,24,2,0,0,0,0,0,0,0,0,0,0,0,1,0,0,0,0,0,0,0,0,832
9b8873f9-d547-455c-8ee9-6c8f04c3777e,PAPER,6,0,0,167,0,0,0,0,0,0,0,0,0,0,0,2,0,0,0,0,0,0,63,0,0,96,2,0,0,0,0,0,0,0,0,9,0,0,0,0,0,0,6,18,0,0,881,0,0,0,0,1,1,0,0,0,0,0,0,0,0,0,0,0,0,0,0,0,12,87,21,42,2,0,0,0,0,167,9,0,0,0,0,0,0,0,0,0,21,0,0,0,897,0,0,0,0,0,0,0,0,0,0,0,0,0,0,0,0,104,0,0,0,0,0,85,115,18,8,6,0,0,0,0,0,0,0,0,0,27,0,0,0,0,0,0,0,0,862
6d4580a0-51e4-40ba-a16c-81b7b605199e,SCISSORS,19,0,0,272,0,0,0,0,0,0,0,0,55,0,0,0,0,0,0,0,0,0,52,0,95,142,2,0,0,0,0,0,0,0,0,0,0,0,0,0,25,0,0,0,0,0,910,0,0,0,0,0,0,0,0,0,0,0,0,0,0,1,0,0,0,0,0,0,4,75,85,123,5,0,0,0,0,263,79,0,0,0,0,0,0,0,3,0,0,5,0,0,943,0,0,0,0,0,1,0,0,13,0,0,0,0,0,0,0,220,0,0,0,0,0,52,15,293,18,18,0,0,0,0,0,0,0,0,0,13,0,0,0,0,0,0,0,0,939
c0a8dbf9-2842-41db-8820-521c54d900ed,ROCK,14,0,0,175,0,0,32,0,0,0,0,0,0,1,0,0,1,0,0,0,0,0,0,0,0,147,0,0,0,0,0,0,0,0,0,0,0,0,0,0,0,0,0,0,0,0,927,0,0,0,0,0,0,0,0,0,0,0,0,0,0,0,0,0,0,0,0,0,0,65,0,6,0,0,0,0,0,285,0,0,0,0,0,0,0,0,0,0,0,0,0,0,946,0,0,0,0,0,0,0,0,0,0,0,0,0,0,0,0,304,0,0,0,0,0,16,1,4,1,0,0,0,0,0,0,0,0,0,0,0,0,0,0,29,0,1,0,0,949
f54e8677-f938-42d0-aaaf-9986df311651,ROCK,10,0,0,128,0,2,47,0,0,0,0,0,0,1,0,0,1,0,0,0,0,1,55,2,1,63,0,0,0,0,0,0,0,0,0,0,0,0,0,0,0,0,1,0,2,0,955,0,0,0,0,0,0,0,0,0,0,0,0,0,0,0,0,0,0,0,0,0,1,153,2,37,1,0,0,0,0,102,0,0,0,0,0,8,0,0,0,0,0,0,0,0,961,0,24,0,0,0,0,0,0,0,0,0,0,0,0,6,0,91,0,0,0,0,4,80,5,54,3,0,0,0,0,0,0,0,0,0,0,0,0,0,0,1,0,36,0,0,991
204c9985-bd01-4e0f-882c-054dd1f7fcc7,ROCK,13,0,0,246,0,0,13,0,0,0,0,0,0,0,0,0,0,0,0,0,0,0,0,0,0,106,0,0,0,0,0,0,0,0,0,0,0,0,0,0,0,0,0,0,0,0,963,0,0,0,0,0,0,0,0,0,0,0,0,0,0,0,0,0,0,0,0,0,0,86,52,1,4,0,0,0,0,99,72,0,0,0,0,51,0,0,0,0,0,0,0,0,977,0,2,0,0,0,0,0,0,0,0,0,0,0,0,10,0,202,0,0,0,0,8,35,5,97,6,0,0,0,0,0,0,0,0,0,0,0,0,0,0,0,0,0,0,0,1019
a2814cc9-15c7-4c3f-a5f9-1f6874b3b3a8,ROCK,11,0,0,169,0,0,54,0,0,0,0,0,0,0,0,0,0,0,0,0,0,0,0,0,0,183,0,0,0,0,0,0,0,0,0,0,0,0,0,0,0,0,0,0,0,0,974,0,0,0,0,0,0,0,0,0,0,0,0,0,0,0,0,0,0,0,0,0,0,104,2,76,1,0,0,0,0,31,184,0,0,0,0,8,0,0,0,0,0,0,0,0,998,0,0,0,0,0,0,0,0,0,0,0,0,0,0,3,0,276,0,0,0,0,19,21,2,41,1,0,0,0,0,0,0,0,0,0,0,0,0,0,0,42,0,1,0,0,1040
5d6c996a-b18e-4027-bc9e-092f562dcc61,SCISSORS,9,0,0,153,0,0,0,0,0,0,0,0,0,0,0,0,0,0,0,0,0,0,41,0,0,67,0,0,0,0,0,0,0,0,0,0,0,0,0,0,0,0,0,0,0,0,978,0,0,0,0,0,0,0,0,0,0,0,0,0,0,0,0,0,0,0,0,0,2,75,1,7,0,0,0,0,0,93,31,0,0,0,0,37,0,0,0,0,0,15,0,0,1013,0,0,0,0,1,1,0,0,14,0,0,0,0,0,0,2,109,0,0,0,0,0,30,3,79,2,0,0,0,0,0,0,0,0,0,0,20,0,0,0,0,0,0,0,0,1060
2df32795-e3d9-424a-a2b2-e57e9931e214,SCISSORS,11,0,0,79,0,0,0,0,0,0,0,0,0,0,0,0,0,0,0,0,0,0,78,2,3,99,0,0,0,0,0,0,0,0,0,0,0,0,0,0,0,0,0,0,0,0,992,0,0,0,0,0,0,0,0,0,0,0,0,0,0,1,0,0,0,0,0,0,0,44,26,1,1,0,0,0,0,100,39,0,0,0,0,20,0,0,0,29,0,0,0,0,1028,0,37,0,0,0,2,0,0,33,0,0,0,0,0,0,0,107,0,0,0,0,0,17,1,41,2,0,0,0,0,0,0,0,0,0,0,21,0,0,0,0,0,0,0,0,1074
17560aad-28b1-472c-98f9-cdcec1ed9bf8,ROCK,10,0,0,68,0,0,29,0,0,0,0,0,0,3,0,0,1,0,0,0,0,0,56,0,0,41,0,0,0,0,0,0,0,0,0,0,0,1,0,0,0,0,0,0,1,0,1006,0,0,0,0,0,0,0,0,0,0,0,0,0,0,0,0,0,0,0,0,0,0,110,0,4,0,0,0,0,0,72,4,0,0,0,0,10,0,0,0,0,0,0,0,0,1035,0,130,0,0,0,0,0,0,0,0,0,0,0,0,31,0,0,0,0,0,0,0,15,1,21,0,0,0,0,0,0,0,0,0,0,0,0,0,0,0,1,0,1,0,0,1083
7b9f2730-d124-4068-b154-ce526a69c0c9,ROCK,16,0,0,139,0,0,14,0,0,0,0,0,0,0,0,0,1,0,0,0,1,1,0,0,0,57,0,0,0,0,0,0,0,0,0,0,0,0,0,0,0,0,1,0,2,0,1020,0,0,0,0,0,0,0,0,0,0,0,0,0,0,0,0,0,0,0,0,0,1,99,0,4,0,0,0,0,0,96,16,0,0,0,0,0,0,0,0,0,0,0,0,0,1041,0,114,0,0,0,0,0,0,0,0,0,0,0,0,1,0,0,0,0,0,0,0,72,1,11,1,0,0,0,0,0,0,0,0,0,0,0,0,0,0,1,0,15,0,0,1094
8c9464df-913f-48d6-8b8d-9ce488d3358b,ROCK,18,0,0,159,0,1,28,0,0,0,0,0,0,1,0,0,1,0,0,0,0,0,0,0,0,37,0,0,0,0,0,0,0,0,0,0,0,0,0,0,0,0,0,0,0,0,1032,0,0,0,0,0,0,0,0,0,0,0,0,0,0,0,0,0,0,0,0,0,0,120,0,0,0,0,0,0,0,85,0,0,0,0,0,22,0,0,0,0,0,0,0,0,1044,0,80,0,0,0,0,0,0,0,0,0,0,0,0,1,0,0,0,0,0,0,0,70,2,44,5,0,0,0,0,0,0,0,0,0,0,0,0,0,0,1,0,24,0,0,1116
4e5dab84-9753-4573-91cb-86689c69971a,PAPER,18,0,0,382,0,0,0,0,0,0,0,0,0,0,0,25,0,0,0,0,0,0,24,1,0,142,1,0,0,0,0,0,0,0,0,0,0,0,0,0,0,1,0,0,0,0,1056,0,0,0,0,1,0,0,0,2,0,0,0,0,0,0,0,0,0,0,0,0,0,58,2,25,3,0,0,0,0,333,34,0,0,0,0,93,0,0,0,0,25,0,0,0,1069,0,349,0,0,0,0,0,0,0,0,0,0,0,0,0,0,0,0,0,0,0,0,95,4,109,5,0,0,0,0,0,0,0,0,0,0,14,0,0,0,0,0,0,0,0,1137
fb679333-e393-47a9-a50d-e7d8db7fc4dd,PAPER,8,0,0,209,0,0,0,0,0,0,0,0,1,0,0,2,0,0,0,0,0,0,15,1,0,116,0,0,0,0,0,0,0,0,0,0,0,0,0,0,0,0,0,18,0,0,1076,0,0,0,0,0,0,0,0,0,0,0,0,0,0,0,0,0,0,0,0,0,4,0,0,0,0,0,0,0,0,264,17,0,0,0,0,53,0,0,0,0,24,0,0,0,1075,0,251,0,0,0,0,0,0,0,0,0,0,0,0,0,0,0,0,0,0,0,0,38,3,67,3,0,0,0,0,0,0,0,0,0,0,0,0,0,0,0,0,0,0,0,1152
f765cb9b-43cf-4acd-b150-c507421153a3,SCISSORS,15,0,0,33,0,0,0,0,0,0,0,0,0,0,0,0,0,0,0,0,0,0,60,0,0,88,0,0,0,0,0,0,0,0,0,0,0,0,0,0,0,0,0,0,0,0,1079,0,0,0,0,0,0,0,0,6,0,0,0,0,0,14,0,0,0,0,0,0,16,0,4,50,7,0,0,0,0,82,0,0,0,0,0,2,0,0,0,0,0,0,0,0,1098,0,135,0,0,0,0,0,0,20,0,0,0,0,0,0,0,0,0,0,0,0,0,26,0,0,0,0,0,0,0,0,0,0,0,0,0,0,0,0,0,0,0,0,0,0,1155
933e2065-58dd-4dbf-98ab-603472369715,SCISSORS,6,0,0,268,0,0,0,0,0,0,0,0,0,0,0,0,0,0,0,0,0,0,69,0,0,128,0,0,0,0,0,0,44,0,0,0,0,0,0,0,0,0,0,0,0,0,1091,0,0,0,0,0,0,0,0,22,0,0,0,0,0,0,0,0,0,0,0,0,50,0,8,0,0,0,0,0,0,0,411,0,0,0,0,1,0,0,0,1,0,16,0,0,1106,0,488,0,0,0,2,0,0,17,0,0,0,2,0,0,0,0,0,0,0,0,0,0,0,0,0,0,0,0,0,0,0,0,0,0,0,0,0,0,0,0,0,0,0,0,1165
2a7bdcbf-6aed-446d-a235-3db84e5f402f,ROCK,6,0,0,77,0,0,27,0,0,0,0,0,0,1,0,0,1,0,0,0,0,1,2,0,0,42,0,0,0,0,0,0,0,0,0,0,0,0,0,0,0,0,1,0,0,0,1106,0,0,0,0,0,0,0,0,3,0,0,0,0,0,0,0,0,0,0,0,0,58,0,11,0,1,0,0,0,0,0,63,0,0,0,0,16,0,0,0,0,0,0,0,0,1113,0,80,0,0,0,0,0,0,0,0,0,0,0,0,3,0,0,0,0,0,0,0,19,1,22,1,0,0,0,0,0,0,0,0,0,0,0,0,0,0,26,0,0,0,0,1175
5cc5a735-647b-42e2-ae98-32faf8667d04,ROCK,7,0,0,59,0,0,29,0,0,1,0,0,0,1,0,0,1,0,0,0,0,1,16,1,0,30,0,0,0,0,0,0,0,0,0,0,0,0,0,0,0,0,0,0,1,0,1125,0,0,0,0,0,0,0,0,35,0,0,0,0,0,0,0,0,0,0,0,0,30,46,0,28,1,0,0,0,0,0,0,0,0,0,0,0,0,0,0,0,0,0,0,0,1118,0,66,0,0,0,0,0,0,0,0,0,0,0,0,31,0,0,0,0,0,0,0,30,11,0,2,0,0,0,0,0,0,0,0,0,0,0,0,0,0,0,0,0,0,0,1183
0396ae59-b92d-4a7a-af83-b31d056a7c67,ROCK,11,0,0,228,0,2,46,0,0,1,0,0,0,2,0,0,1,0,0,0,0,1,12,0,2,237,0,0,0,0,0,0,0,0,0,9,0,0,0,0,0,0,0,0,1,0,1162,0,0,0,0,0,0,0,0,28,0,0,0,0,0,0,0,0,0,0,0,0,103,24,98,4,4,0,0,0,0,18,204,0,0,0,0,56,0,0,3,0,0,0,0,0,1162,0,275,0,0,0,0,0,0,0,0,0,0,0,0,1,0,0,0,0,0,0,1,25,5,159,3,0,0,0,0,0,0,0,0,0,0,38,0,0,0,0,0,35,0,0,1216
ea26903d-e8ad-4bf6-9f80-4ac3d834595e,ROCK,18,0,0,113,0,0,36,0,0,0,0,0,0,0,0,0,0,0,0,0,0,0,0,0,0,101,0,0,0,0,0,0,0,0,0,0,0,0,0,0,0,0,1,0,0,0,1174,0,0,0,0,0,0,0,0,14,0,0,0,0,0,0,0,0,0,0,0,0,19,0,2,93,4,0,0,0,0,0,110,0,0,0,0,0,0,0,9,0,0,0,0,0,1178,0,181,0,0,0,0,0,0,0,0,0,0,0,0,1,0,0,0,0,0,0,1,34,5,0,0,0,0,0,0,0,0,0,0,0,0,0,0,0,0,29,0,0,0,0,1224
d689a82f-96db-482b-a4c9-4979a8fd4601,SCISSORS,11,0,0,412,0,0,0,0,0,0,0,0,0,0,0,0,0,0,0,0,0,0,86,3,0,328,0,0,0,0,0,0,0,0,0,0,0,3,0,0,0,0,0,0,0,0,1208,0,0,0,0,0,0,0,0,38,0,0,0,0,0,1,0,0,0,0,0,0,26,0,2,75,4,0,0,0,0,0,611,0,0,0,0,48,0,0,0,0,0,27,0,0,1216,0,608,0,0,1,2,0,0,27,0,0,0,0,0,0,1,0,0,0,0,0,0,29,72,0,3,0,0,0,0,0,0,0,0,0,0,87,0,0,0,0,0,0,2,0,1252
16b90f31-6d94-4fe1-a5ed-fdf779ed8794,SCISSORS,17,0,0,353,0,0,0,0,0,0,0,0,0,0,0,0,0,0,0,0,0,0,125,0,0,361,1,0,0,0,0,0,0,0,0,0,0,1,0,0,0,0,0,0,0,0,1227,0,0,0,0,0,0,0,0,67,0,0,0,0,0,19,0,0,0,0,0,0,34,0,2,107,4,0,0,0,0,0,497,0,0,0,0,109,0,0,0,2,0,0,0,0,1252,0,598,0,0,1,0,0,0,25,0,0,0,1,0,0,1,0,0,0,0,0,0,0,122,11,6,0,0,0,0,0,0,0,0,0,0,74,0,0,0,0,0,0,2,0,1293
746eacdb-b9f3-4175-9711-eed2eb809c06,PAPER,18,0,0,231,0,0,0,0,0,0,0,0,8,0,0,0,0,0,0,0,0,0,105,1,1,179,2,0,0,0,0,0,40,0,0,0,0,0,0,0,0,3,0,0,0,0,1252,0,15,0,0,0,0,0,0,70,0,0,1,0,0,0,0,0,0,0,0,0,69,0,68,4,4,0,0,0,0,0,330,0,0,0,0,1,0,0,4,0,4,0,0,0,1282,0,446,0,0,0,0,0,0,0,0,0,0,0,0,0,0,0,0,0,0,0,32,10,35,3,3,0,0,0,0,0,0,0,0,0,0,41,0,0,0,0,0,0,0,0,1313
0a5840c0-be4b-46b3-8077-a0611805d0d1,PAPER,8,0,0,169,0,0,0,0,0,0,0,0,0,0,0,0,0,0,0,0,0,0,55,0,1,79,1,0,0,0,0,0,0,0,0,0,0,29,0,0,0,39,0,0,0,0,1273,0,17,0,0,1,0,0,0,118,0,0,0,0,0,0,0,0,0,0,0,0,18,1,0,0,0,0,0,0,0,0,178,0,0,0,0,19,0,0,0,0,21,0,0,0,1293,0,232,0,0,0,0,0,0,0,0,0,0,0,0,0,0,0,0,0,0,0,55,47,29,9,1,0,0,0,0,0,0,0,0,0,0,0,0,0,0,0,0,0,0,0,1321
6546c743-ba6b-4992-985b-631efab7567e,ROCK,15,0,0,102,0,0,14,0,0,2,0,0,0,0,0,0,0,0,0,0,0,1,0,0,0,40,0,0,0,0,0,0,0,0,0,0,0,0,0,0,0,19,1,0,0,0,1288,0,63,0,0,0,0,0,0,0,0,0,0,0,0,0,0,0,0,0,0,0,56,0,20,0,0,0,0,0,0,0,39,0,0,0,0,1,0,0,0,0,0,0,0,0,1297,0,136,0,0,0,0,0,0,0,0,0,0,0,0,1,0,0,0,0,0,0,0,19,8,1,1,0,0,0,0,0,0,0,0,0,0,0,0,0,0,1,0,12,0,0,1332
678d7791-4e66-4651-988a-afabae90dcc5,ROCK,6,0,0,172,0,0,16,0,0,1,0,0,0,0,0,0,0,0,0,0,0,0,0,0,0,89,0,0,0,0,0,0,0,0,0,0,0,0,0,0,0,0,0,0,0,0,1296,0,40,0,0,0,0,0,0,0,0,0,0,0,0,0,0,0,0,0,0,0,99,1,20,4,0,0,0,0,0,0,98,0,0,0,0,16,0,0,0,0,0,0,0,0,1312,0,193,0,0,0,0,0,0,0,0,0,0,0,0,13,0,0,0,0,0,0,1,25,4,40,2,0,0,0,0,0,0,0,0,0,0,0,0,0,0,0,0,0,0,0,1351
86263093-149c-48f1-b984-f60ccfcf1662,SCISSORS,9,0,0,271,0,0,0,0,0,0,0,0,0,0,0,0,0,0,0,0,0,0,35,0,5,143,1,0,0,0,0,0,0,0,0,3,0,0,0,0,0,0,0,0,0,0,1320,0,52,0,0,0,0,0,0,0,0,0,0,0,0,0,0,0,0,0,0,0,64,0,103,8,3,0,0,0,0,0,165,0,0,0,0,30,0,0,0,33,0,0,0,0,1339,0,301,0,0,0,0,0,0,4,0,0,0,0,0,0,0,0,0,0,0,0,0,64,72,3,2,0,0,0,0,0,0,0,0,0,0,12,0,0,0,0,0,0,0,0,1374
d544847f-cd64-436e-834c-d4ea0a280b43,ROCK,7,0,0,209,0,0,28,0,0,0,0,0,15,0,0,0,0,0,0,0,0,0,69,0,2,113,4,4,0,0,0,0,23,0,0,0,0,0,0,0,0,0,1,0,1,0,1350,0,65,0,0,0,0,0,0,0,0,0,0,0,0,0,0,0,0,0,0,0,58,0,3,51,0,0,0,0,0,11,160,0,0,0,0,60,0,0,3,58,0,0,0,0,1368,0,259,0,0,0,0,0,0,0,0,0,0,0,0,2,0,0,0,0,0,0,0,27,78,7,1,0,0,0,0,0,0,0,0,0,0,69,0,0,0,1,0,25,0,0,1403
9ae1a737-df52-42b7-98cb-9abfddff0db7,ROCK,5,0,0,139,0,0,28,0,0,2,0,0,6,1,0,0,0,0,0,0,0,1,30,2,0,71,0,0,0,0,0,0,0,0,0,0,0,0,0,0,0,0,1,0,0,0,1370,0,44,0,0,0,0,0,0,0,0,0,0,0,0,0,0,0,0,0,0,0,131,1,2,70,1,0,0,0,0,0,32,0,0,0,0,0,0,0,0,0,0,0,0,0,1382,0,124,0,0,0,0,0,0,0,0,0,0,0,0,0,0,0,0,0,0,0,0,63,36,1,0,0,0,0,0,0,0,0,0,0,0,0,0,0,0,57,0,0,0,0,1408
aaf0b0f5-5e92-4b6f-968d-9a3c49bd3e2d,ROCK,8,0,0,116,0,1,54,0,0,1,0,0,0,0,0,0,1,0,0,0,0,1,23,0,0,110,0,0,0,0,0,0,0,0,0,0,0,0,0,0,0,0,0,0,0,0,1384,0,26,0,0,0,0,0,0,0,0,0,0,0,0,0,0,0,0,0,0,0,145,1,3,54,1,0,0,0,0,0,77,0,0,0,0,0,0,0,0,0,0,0,0,0,1395,0,176,0,0,0,0,0,0,0,0,0,0,0,0,36,0,0,0,0,0,0,0,33,0,16,1,0,0,0,0,0,0,0,0,0,0,0,0,0,0,44,0,1,0,0,1419
118f346b-ec81-480c-8262-7a9169c72706,ROCK,18,0,0,434,0,0,35,0,0,0,0,0,41,3,0,0,0,3,0,0,0,0,56,1,2,284,3,0,0,0,0,0,0,0,0,0,0,0,0,0,0,6,0,0,2,0,1428,0,76,0,0,0,0,0,0,0,0,0,0,0,0,0,0,0,0,0,0,0,182,4,183,7,6,0,0,0,0,1,213,0,0,0,0,198,0,0,0,0,0,0,0,0,1451,0,419,0,0,0,0,0,0,0,0,0,0,0,0,1,0,0,0,0,0,0,2,119,12,252,15,0,0,0,0,0,0,0,0,0,0,14,0,0,0,2,0,34,0,0,1489
00174221-6077-4061-b03e-5c859d2adc6d,ROCK,20,0,0,153,0,0,28,0,0,1,0,0,4,0,0,0,1,0,0,0,0,3,4,0,0,46,0,0,0,0,0,0,0,0,0,0,0,0,0,0,0,0,2,0,1,0,1445,0,100,0,0,0,0,0,0,0,0,0,0,0,0,0,0,0,0,0,0,0,66,0,0,15,1,0,0,0,0,0,2,0,0,0,0,59,0,0,0,0,0,0,0,0,1457,0,118,0,0,0,0,0,0,0,0,0,0,0,0,28,0,0,0,0,0,0,0,89,1,0,0,0,0,0,0,0,0,0,0,0,0,0,0,0,0,4,0,3,0,0,1506
bb57d76f-24b5-4ec7-a3de-69d0a975f1db,ROCK,15,0,0,98,0,1,35,0,0,0,0,0,0,1,0,0,0,3,0,0,0,0,0,0,0,65,0,0,0,0,0,0,24,0,0,0,0,0,0,0,0,0,1,0,0,0,1459,0,45,0,0,0,0,0,0,0,0,0,0,0,0,0,0,0,0,0,0,0,67,0,1,22,0,0,0,0,0,0,74,0,0,0,0,19,0,0,0,0,0,0,0,0,1464,0,142,0,0,0,0,0,0,0,0,0,0,0,0,1,0,0,0,0,0,0,0,51,2,0,0,0,0,0,0,0,0,0,0,0,0,0,0,0,0,0,0,32,0,0,1512
e8b04d07-1d0f-4ace-a8ac-8a49d527abbb,ROCK,12,0,0,248,0,1,26,0,0,0,0,0,24,0,0,0,0,0,0,0,0,1,41,3,2,178,2,0,0,0,0,0,0,0,0,0,0,0,0,0,30,0,0,0,0,0,1495,0,57,0,0,0,0,0,0,0,0,0,0,0,0,0,0,0,0,0,0,0,153,0,2,61,4,2,0,0,0,19,240,0,0,0,0,18,0,0,0,0,0,0,0,0,1486,0,347,0,0,0,0,0,0,0,0,0,0,0,0,2,0,0,0,0,0,0,0,58,67,2,7,0,0,0,0,0,0,0,0,0,0,19,0,0,0,53,0,1,0,0,1543
cacb700d-8f86-48d2-8969-d953186a7c72,SCISSORS,14,0,0,211,0,0,0,0,0,0,0,0,0,0,0,0,0,0,0,0,0,0,65,1,0,122,2,0,0,0,0,0,0,0,0,0,0,0,0,0,0,0,0,0,0,0,1507,0,32,0,0,0,0,0,0,0,0,0,0,0,0,22,0,0,0,0,0,0,45,0,0,19,0,0,0,0,0,0,282,0,0,0,0,0,0,0,0,0,0,1,0,0,1494,0,216,0,0,2,1,0,0,24,0,0,0,1,0,0,0,0,0,0,0,0,0,0,42,2,4,0,0,0,0,0,45,0,0,0,0,50,0,0,0,14,0,0,0,0,1570
47a57595-2229-48c3-89e8-ac681275708a,ROCK,9,0,0,656,0,1,11,0,0,0,0,0,13,0,0,0,3,0,0,0,0,1,85,2,3,540,2,0,0,0,0,0,0,0,0,5,0,0,0,0,36,0,6,0,0,0,1561,0,39,0,0,0,0,0,0,0,0,0,0,0,0,0,0,51,0,0,0,0,117,1,5,92,3,0,0,0,0,0,1056,0,0,0,0,0,0,0,0,0,0,0,0,0,1524,0,381,0,0,0,0,0,0,0,0,0,0,0,0,28,0,333,0,0,0,0,0,3,165,9,3,0,0,0,0,0,322,0,0,0,0,120,0,0,0,0,0,0,0,0,1613
5f886bd8-5877-4479-b200-bbe6082ba433,SCISSORS,9,0,0,164,0,0,0,0,0,0,0,0,0,0,0,0,0,0,0,0,0,0,42,2,0,70,0,0,0,0,0,16,0,0,0,0,0,0,0,0,0,0,0,0,0,0,1572,0,0,0,0,0,0,0,0,0,0,0,0,0,0,0,0,20,0,0,0,0,38,0,0,20,3,0,0,0,0,0,208,0,0,0,0,0,0,0,0,0,0,5,0,0,1536,0,67,0,0,0,0,0,0,9,0,0,0,0,0,11,0,89,0,0,0,0,0,0,0,18,1,0,0,0,0,0,97,0,0,0,0,2,0,0,0,0,0,0,0,0,1623
6659c157-b74e-405b-afce-f7a45edf8b11,ROCK,18,0,0,126,0,2,36,0,0,1,0,0,0,1,0,0,0,0,0,0,0,0,70,0,0,74,0,0,0,0,0,0,0,0,0,0,0,0,0,0,0,0,0,0,0,0,1584,0,0,0,0,0,0,0,0,0,0,0,0,0,0,0,0,59,0,0,0,0,147,0,0,1,0,0,0,0,0,103,0,0,0,0,0,0,0,0,0,0,0,0,0,0,1540,0,0,0,0,0,0,0,0,0,0,0,0,0,0,4,0,200,0,0,0,0,1,40,0,35,1,0,0,0,0,0,0,0,0,0,0,0,0,0,0,4,0,25,0,0,1642
c7b87539-d0b0-4d71-b607-49d6c043b58d,ROCK,13,0,0,258,0,0,29,0,0,0,0,0,0,1,0,0,0,0,0,0,0,0,0,0,0,105,0,0,0,0,0,0,0,0,0,0,0,0,0,0,0,0,2,0,2,0,1604,0,0,0,0,0,0,0,0,0,0,0,0,0,0,0,0,45,0,0,0,0,132,0,3,1,0,10,0,0,0,0,206,0,0,0,0,0,0,0,0,0,0,0,0,0,1548,0,0,0,0,0,0,0,0,0,0,0,0,0,0,29,0,254,0,0,0,0,0,92,0,17,2,0,0,0,0,0,0,0,0,0,0,0,0,0,0,3,0,0,0,0,1654
5aef1837-045f-41b9-bb0c-aceb40b112b8,ROCK,8,0,0,277,0,0,9,0,0,0,0,0,28,0,0,0,0,0,0,0,0,0,0,0,0,156,0,0,0,0,0,0,0,0,0,0,0,0,0,0,0,0,0,0,0,0,1616,0,0,0,0,0,0,0,0,0,0,0,0,0,0,0,0,44,0,0,0,0,164,2,31,2,3,27,0,0,0,0,197,0,0,0,0,0,0,0,0,0,0,0,0,0,1570,0,1,0,0,0,0,0,0,0,0,0,0,0,0,0,0,266,0,0,0,0,0,103,78,4,3,0,0,0,0,0,0,0,0,0,0,8,0,0,0,1,0,6,0,0,1677
09ce8218-95d0-4567-9120-f0fe8170793a,PAPER,17,0,0,257,0,0,0,0,0,0,0,0,2,0,0,0,0,0,0,0,0,0,37,0,2,167,1,0,0,0,0,0,0,0,0,0,0,0,0,0,0,2,0,33,0,0,1634,0,0,0,0,0,0,0,0,2,0,0,7,0,0,0,1,99,0,0,0,0,133,13,1,40,3,10,0,0,0,0,153,0,0,0,0,0,0,0,0,0,37,0,2,0,1621,0,19,0,0,0,0,0,0,0,0,0,0,0,0,0,0,165,0,0,0,0,0,96,6,153,4,0,0,0,0,0,0,0,0,0,0,58,0,0,0,0,0,0,0,0,1702
3860c5a4-c8c4-4ad1-bcce-58399818e1ab,SCISSORS,10,0,0,141,0,0,0,0,0,0,0,0,0,0,0,0,0,3,0,0,0,0,121,0,0,68,0,0,0,0,0,0,0,0,0,0,0,0,0,0,0,0,0,0,0,0,1646,0,0,0,0,0,0,0,0,0,0,0,0,0,0,0,0,108,0,0,0,0,33,0,0,7,0,16,0,0,0,0,156,0,0,0,0,0,0,0,0,0,0,13,0,0,1627,0,0,0,0,3,0,0,0,17,0,0,0,0,0,0,0,116,0,0,0,0,0,68,16,0,1,0,0,0,0,0,112,0,0,0,0,0,0,0,0,0,0,0,0,0,1713
fe274a96-03e3-4fe9-9777-d6c3919d8e87,PAPER,18,0,0,85,0,0,0,0,0,0,0,0,2,0,0,21,0,0,0,0,0,0,98,0,3,100,1,0,0,0,0,0,0,0,0,0,0,0,0,0,0,0,0,1,0,0,1661,0,0,0,0,1,0,0,0,0,0,0,0,1,0,0,1,74,0,0,0,0,105,1,0,9,1,0,0,0,0,0,93,0,0,0,0,3,0,0,0,0,20,0,2,0,1649,0,7,0,0,0,0,0,0,0,0,0,0,0,0,0,0,0,0,0,0,0,1,65,20,2,0,0,0,0,0,0,216,0,0,0,0,0,0,0,0,0,0,0,0,0,1722
223da70b-bc25-454e-aad4-b1c692017034,ROCK,14,0,0,82,0,0,36,0,0,3,0,0,17,0,0,0,1,0,0,0,30,1,58,0,0,12,0,0,0,0,0,0,0,0,0,0,0,0,0,0,0,0,2,0,0,0,1682,0,0,0,0,0,0,0,0,0,0,0,0,0,0,0,0,82,0,0,0,0,69,0,1,23,3,9,0,0,0,0,55,0,0,0,0,0,0,0,0,0,0,0,0,0,1662,0,0,0,0,0,0,0,0,0,0,0,0,0,0,1,0,0,0,0,0,0,0,80,14,0,0,0,0,0,0,0,106,0,0,0,0,0,0,0,0,39,0,2,0,0,1732
4f75c538-dda2-43b4-8e9c-7820d9607ea9,SCISSORS,16,0,0,241,0,0,0,0,0,0,0,0,17,0,0,0,0,0,0,0,0,0,81,2,0,139,0,0,0,0,0,0,0,0,0,0,0,0,0,0,0,0,0,0,0,0,1693,0,0,0,0,0,0,0,0,0,0,0,0,0,0,25,0,61,0,0,0,0,102,1,2,91,1,13,0,0,0,0,180,0,0,0,0,0,0,0,0,3,0,1,0,0,1687,0,77,0,0,1,1,0,0,27,0,0,0,1,0,0,0,5,0,0,0,0,0,69,74,1,3,0,0,0,0,0,126,0,0,0,0,94,0,0,0,0,0,0,1,0,1763
dd423246-7073-4bb1-a726-3558aa3f202c,SCISSORS,9,0,0,269,0,0,0,0,0,0,0,0,0,0,0,0,0,0,0,0,0,0,84,1,0,252,0,0,0,0,0,0,0,0,0,0,0,0,0,0,0,4,0,0,0,0,1705,0,45,0,0,0,0,0,0,0,0,0,0,0,0,0,0,0,0,0,0,0,133,2,1,42,3,11,0,0,0,0,364,0,0,0,0,0,0,0,0,0,0,9,0,0,1710,0,401,0,0,1,0,0,0,14,0,0,0,1,0,0,2,81,0,0,0,0,0,0,53,0,3,0,0,0,0,0,0,0,0,0,0,54,0,0,0,0,0,0,0,0,1783
44d11827-ba5d-4423-9b7d-747629752dc8,ROCK,19,0,0,126,0,0,42,0,0,0,0,0,16,0,0,0,2,0,0,0,0,2,22,1,0,155,0,0,0,0,0,3,0,0,0,0,0,0,0,0,0,0,0,0,0,0,1726,0,52,0,0,0,0,0,0,0,0,0,0,0,0,0,0,0,0,0,0,0,153,0,44,40,1,0,0,0,0,0,79,0,0,0,0,0,0,0,0,0,0,0,0,0,1723,0,117,0,0,0,0,0,0,0,0,0,0,0,0,3,0,82,0,0,0,0,0,53,52,4,5,0,0,0,0,0,15,0,0,0,0,0,0,0,0,1,0,37,0,0,1815
fbefbe59-2483-40ca-9d94-f61aa72b36a5,ROCK,12,0,0,203,0,0,29,0,0,1,0,0,0,1,0,0,0,0,0,0,0,0,0,0,0,106,0,0,0,0,0,0,0,0,0,0,0,0,0,0,0,0,0,0,1,0,1737,0,49,0,0,0,0,0,0,0,0,0,0,0,0,0,0,0,0,0,0,0,135,0,0,11,1,0,0,0,0,0,145,0,0,0,0,0,0,0,0,0,0,0,0,0,1731,0,198,0,0,0,0,0,0,0,0,0,0,0,0,26,0,2,0,0,0,0,0,98,14,0,2,0,0,0,0,0,0,0,0,0,0,0,0,0,0,1,0,0,0,0,1826
34d609ac-34b2-4423-a71d-0ab9b29aeadf,SCISSORS,15,0,0,156,0,0,0,0,0,0,0,0,0,0,0,0,0,0,0,0,0,0,108,0,2,73,3,0,0,0,0,0,0,0,0,0,0,0,0,0,0,0,0,0,0,0,1749,0,64,0,0,0,0,0,0,0,0,0,0,0,0,2,0,0,0,0,0,0,71,3,0,17,2,0,0,0,0,0,150,0,0,0,0,0,0,0,0,33,0,0,0,0,1750,0,123,0,0,2,1,0,0,51,0,0,0,2,0,0,1,13,0,0,0,0,0,19,51,3,4,0,0,0,0,39,32,0,0,0,0,0,0,0,0,0,0,0,1,0,1860
856bfa6b-b872-45ff-b1a4-9d9995ef2149,ROCK,10,0,0,142,0,1,16,0,0,1,0,0,5,0,0,0,1,0,0,0,0,0,101,1,0,95,0,0,0,0,0,0,0,0,0,0,0,0,0,0,0,0,0,0,0,0,1768,0,40,0,0,0,0,0,0,0,0,0,0,0,0,0,0,0,0,0,0,0,109,51,6,87,1,0,0,0,0,0,69,0,0,0,0,0,0,0,0,0,0,0,0,0,1773,0,36,0,0,0,0,0,0,0,0,0,0,0,0,0,0,0,0,0,0,0,0,31,72,0,2,0,0,0,0,0,194,0,0,0,0,16,0,0,0,1,0,11,0,0,1873
dde4a95f-fdf5-45b4-98db-1d9bbd52ec64,ROCK,19,0,0,188,0,0,42,0,0,0,0,0,0,1,0,0,1,0,0,0,0,0,0,0,1,164,0,0,0,0,0,0,0,0,0,0,0,0,0,0,0,0,0,0,1,0,1783,0,54,0,0,0,0,0,0,0,0,0,0,0,0,0,0,0,0,0,0,0,9,68,157,23,4,0,0,0,0,0,83,0,0,0,0,0,0,0,0,0,0,0,0,0,1804,0,0,0,0,0,0,0,0,0,0,0,0,0,0,0,0,109,0,0,0,0,1,105,30,2,0,0,0,0,0,0,112,0,0,0,0,0,0,0,0,38,0,1,0,0,1885
e3c83bef-4720-4f9a-955c-d1362e70a146,SCISSORS,19,0,0,161,0,0,0,0,0,0,0,0,0,0,0,0,0,0,0,0,0,0,0,0,0,154,0,0,0,0,0,0,0,0,0,0,0,0,0,0,0,0,0,0,0,0,1788,0,44,0,0,0,0,0,0,0,0,0,0,0,0,0,0,0,0,0,0,0,37,0,73,7,0,0,0,0,0,0,134,0,0,0,0,0,0,0,0,1,0,19,0,0,1812,0,0,0,0,1,2,0,0,27,0,0,0,0,0,0,0,1,0,0,0,0,0,73,16,0,0,0,0,0,0,0,172,0,0,0,0,23,0,0,0,0,0,0,0,0,1901
69cb08b1-e64f-4a47-8232-4b7ddd126159,ROCK,15,0,0,210,0,1,34,0,0,1,0,0,0,1,0,0,0,0,0,0,0,1,0,0,0,219,0,0,0,0,0,0,0,0,0,0,0,0,0,0,0,3,1,0,0,0,1811,0,46,0,0,0,0,0,0,0,0,0,0,0,0,0,0,0,0,0,0,0,127,0,1,36,1,0,0,0,0,0,260,0,0,0,0,0,0,0,0,0,0,0,0,0,1820,0,1,0,0,0,0,0,0,0,0,0,0,0,0,29,0,0,0,0,0,0,1,31,21,0,0,0,0,0,0,0,386,0,0,0,0,0,0,0,0,2,0,0,0,0,1911
1a3eaab2-aa00-4b78-bb3d-598c28d7af4c,ROCK,14,0,0,152,0,0,21,0,0,0,0,0,0,0,0,0,0,0,0,0,0,0,0,0,0,63,0,0,0,0,0,0,0,0,0,0,0,0,0,0,0,0,0,0,0,0,1815,0,45,0,0,0,0,0,0,0,0,0,0,0,0,0,0,0,0,0,0,0,131,2,2,20,2,0,0,0,0,0,34,0,0,0,0,0,0,0,0,0,0,0,0,0,1835,0,1,0,0,0,0,0,0,0,0,0,0,0,0,0,0,0,0,0,0,0,0,92,26,3,0,0,0,0,0,0,96,0,0,0,0,0,0,0,0,1,0,17,0,0,1924
7d5fc91f-4c83-4506-ad17-1d06783d42c2,ROCK,5,0,0,304,0,0,46,0,0,0,0,0,0,0,0,0,1,0,0,0,0,1,30,1,0,165,0,0,0,0,0,0,0,0,0,0,0,0,0,0,0,0,0,0,1,0,1833,0,71,0,0,0,0,0,0,0,0,0,0,0,0,0,0,0,0,0,0,0,143,0,40,1,2,0,0,0,0,0,292,0,0,0,0,0,0,0,0,0,0,0,0,0,1844,0,3,0,0,0,0,0,0,0,0,0,0,0,0,2,0,0,0,0,0,0,1,96,4,1,0,0,0,0,0,0,404,0,0,0,0,0,0,0,0,1,0,37,0,0,1938
365b9d55-266d-4a5e-beaf-326116f12c59,SCISSORS,19,0,0,220,0,0,0,0,0,0,0,0,0,0,0,0,0,0,0,0,0,0,99,0,1,89,0,0,0,0,0,0,0,0,0,0,0,0,0,0,0,0,0,0,0,0,1841,0,84,0,0,0,0,0,0,0,0,0,0,0,0,47,0,0,0,0,0,0,77,62,1,87,1,0,0,0,0,0,44,0,0,0,0,0,0,0,0,4,0,2,0,0,1874,0,0,0,0,0,2,0,0,53,0,0,0,2,0,0,2,61,0,0,0,0,0,84,90,5,5,6,0,0,0,0,64,0,0,0,0,34,0,0,0,0,0,0,1,0,1979
751cd64f-8be0-47a0-b686-9add1f65e546,SCISSORS,11,0,0,257,0,0,0,0,0,0,0,0,0,0,0,0,0,0,0,0,0,0,96,0,0,154,0,0,0,0,0,0,0,0,0,0,0,52,0,0,0,0,0,0,0,0,1855,0,104,0,0,0,0,0,0,0,0,0,0,0,0,0,0,0,0,0,0,0,75,51,13,1,1,0,0,0,0,0,303,0,0,0,0,0,0,0,2,2,0,7,0,0,1900,0,37,0,0,0,0,0,0,16,0,0,0,0,0,0,1,397,0,0,0,0,0,0,43,4,2,0,0,0,0,0,28,0,0,0,0,31,0,0,0,0,0,0,0,0,1998
ec2bad46-5c43-428c-b573-f9d1d0d7e3df,SCISSORS,7,0,0,293,0,0,0,0,0,0,0,0,0,0,0,0,0,0,0,0,0,0,163,1,3,339,6,0,0,0,0,0,0,0,0,0,0,8,0,0,0,2,0,0,0,0,1890,0,130,0,0,0,0,0,0,0,0,0,0,0,0,0,0,0,0,0,0,0,164,7,6,150,6,57,0,0,0,0,270,0,0,0,0,0,0,0,0,2,0,23,0,0,1961,0,77,0,0,1,0,0,0,29,0,0,0,1,0,0,1,261,0,0,0,0,4,41,136,4,2,0,0,0,0,0,199,0,0,0,0,58,0,0,0,0,0,0,1,0,2038
c062e9ed-1b22-44e7-aa3a-d4e691003939,PAPER,5,0,0,313,0,0,0,0,0,0,0,0,0,0,0,8,0,0,0,0,0,0,92,2,1,260,3,0,0,0,0,0,0,0,0,0,0,34,0,0,0,0,0,0,0,0,1917,0,105,0,0,0,0,0,0,0,0,0,0,0,0,0,2,0,0,0,0,0,96,1,121,6,5,88,0,0,0,35,244,0,0,0,0,0,0,0,0,0,10,0,0,0,2008,0,321,0,0,0,0,0,0,0,0,0,3,0,0,0,0,0,0,0,0,0,1,60,193,17,9,0,0,0,0,0,68,0,0,0,0,41,0,0,0,0,0,0,0,0,2081
9e79a42e-ef27-4e63-b50b-4d975c06a5a9,ROCK,15,0,0,249,0,1,75,0,0,0,0,0,1,1,0,0,0,0,0,0,0,1,51,4,6,383,8,0,0,0,0,0,0,0,0,0,0,69,0,0,0,0,1,0,1,0,1974,0,137,0,0,0,0,0,0,12,0,0,0,0,0,0,0,0,0,0,0,0,132,5,254,9,15,113,0,0,0,25,149,0,0,0,0,0,0,0,0,0,0,0,0,0,2079,0,119,0,0,0,0,0,0,0,0,0,0,0,0,65,0,93,0,0,0,0,1,110,229,10,7,0,0,0,0,0,130,0,0,0,0,84,0,0,0,0,0,3,0,0,2141
167532ce-5a77-4554-9ec3-a60ca1988c54,ROCK,13,0,0,344,0,2,0,0,0,40,0,0,0,0,0,0,0,0,0,0,0,0,20,1,0,271,0,0,0,0,0,0,0,0,0,0,0,4,0,0,0,0,1,0,1,0,2008,0,0,0,0,0,0,0,0,58,0,0,0,0,0,0,0,0,0,0,0,0,131,61,72,1,3,7,0,0,0,0,351,0,0,0,0,0,0,0,0,0,0,0,0,0,2112,0,5,0,0,0,0,0,0,0,0,0,0,0,0,3,0,53,0,0,0,0,0,64,99,5,6,0,0,0,0,0,346,0,0,0,0,49,0,0,0,54,0,0,0,0,2183
84bad3ad-a612-4e6c-83d0-7814fda495f0,SCISSORS,20,0,0,105,0,0,0,0,0,0,0,0,0,0,0,0,0,0,0,0,0,0,3,39,0,34,0,0,0,0,0,0,0,0,0,0,0,0,0,0,0,0,0,0,0,0,2011,0,0,0,0,0,0,0,0,56,0,0,0,0,0,0,0,0,0,0,0,0,29,60,1,27,0,0,0,0,0,0,0,0,0,0,0,0,0,0,0,8,0,0,0,0,2120,0,0,0,0,0,1,0,0,8,0,0,0,1,0,0,1,27,0,0,0,0,0,0,0,0,0,0,0,0,0,0,84,0,0,0,0,0,0,0,0,59,0,0,0,0,2191
7005ee35-c1d8-477a-9a74-293131667978,ROCK,9,0,0,93,0,0,0,0,0,49,0,0,0,0,0,0,0,0,0,0,0,0,0,36,0,104,0,0,0,0,0,0,0,0,0,0,0,0,0,0,0,0,1,0,0,0,2026,0,0,0,0,0,0,0,0,41,0,0,0,0,0,0,0,0,0,0,0,0,98,0,0,4,1,5,0,0,0,0,134,0,0,0,0,0,0,0,0,0,0,0,0,0,2128,0,0,0,0,0,0,0,0,0,0,0,0,0,0,2,0,215,0,0,0,0,1,26,1,10,1,0,0,0,0,0,0,0,0,0,0,0,0,0,0,3,0,24,0,0,2204
c1c0d21d-f40b-4105-8e53-499a5975eb9e,SCISSORS,6,0,0,191,0,0,0,0,0,0,0,0,0,0,0,0,0,0,0,0,0,0,77,1,2,90,0,0,0,0,0,0,0,0,0,0,0,0,0,0,0,0,0,0,0,0,2038,0,0,0,0,0,0,0,0,78,0,0,0,0,0,0,0,0,0,0,0,0,69,1,0,94,2,7,0,0,0,0,0,0,0,0,0,0,0,0,80,2,0,28,0,0,2153,0,84,0,0,1,1,0,0,30,0,0,0,1,0,0,1,53,0,0,0,0,2,52,93,3,3,0,0,0,0,0,15,0,0,0,0,22,0,0,0,0,0,0,0,0,2239
bb21d806-f7ac-4a8a-9037-620477b24198,PAPER,13,0,0,201,0,0,0,0,0,0,0,0,0,0,0,0,0,0,0,0,0,0,56,0,2,158,3,0,0,0,0,0,0,0,0,0,0,0,0,0,0,31,0,12,0,0,2060,0,0,0,0,0,0,0,0,102,0,0,0,0,0,0,1,0,0,0,0,0,100,3,91,6,7,57,0,0,0,0,82,0,0,0,0,0,0,0,0,0,14,0,0,0,2203,0,169,0,0,0,0,0,0,0,0,0,0,0,0,0,0,31,0,0,0,0,0,61,153,8,6,0,0,0,0,0,0,0,0,0,0,35,0,0,0,0,0,0,0,0,2275
a4fffaad-6e4b-479a-b9c0-3f9b7ae2ae11,ROCK,7,0,0,33,0,0,0,0,0,39,0,0,0,0,0,0,2,0,0,0,0,1,3,0,0,23,0,0,0,0,0,0,0,0,0,0,0,15,0,0,0,41,0,0,1,0,2075,0,0,0,0,0,0,0,0,68,0,0,0,0,0,0,0,0,0,0,0,0,70,4,14,1,0,0,0,0,0,0,1,0,0,0,0,0,0,0,0,0,0,0,0,0,2214,0,42,0,0,0,0,0,0,0,0,0,0,0,0,1,0,0,0,0,0,0,0,58,29,0,2,0,0,0,0,0,0,0,0,0,0,0,0,0,0,26,0,0,0,0,2285
d2ba3723-61af-4724-8c36-5af7eb13bb5a,ROCK,19,0,0,52,0,2,0,0,0,41,0,0,0,0,0,0,0,0,0,0,0,1,0,0,0,39,0,0,0,0,0,0,0,0,0,0,0,0,0,0,0,0,0,0,0,0,2085,0,0,0,0,0,0,0,0,26,0,0,0,0,0,0,0,0,0,0,0,0,88,0,17,1,0,2,0,0,0,0,1,0,0,0,0,0,0,0,0,0,0,0,0,0,2221,0,49,0,0,0,0,0,0,0,0,0,0,0,0,0,0,0,0,0,0,0,1,35,0,29,0,0,0,0,0,0,0,0,0,0,0,0,0,0,0,0,0,21,0,0,2292
1ac807cc-79fc-41dc-9950-461e3bca491b,SCISSORS,5,0,0,110,0,0,0,0,0,0,0,0,0,0,0,0,0,0,0,0,0,0,47,0,3,49,1,0,0,0,0,0,0,0,0,0,0,0,0,0,0,0,0,0,0,0,2097,0,0,0,0,0,0,0,0,24,0,0,0,0,0,0,0,0,0,0,0,0,35,0,16,2,0,0,0,0,0,0,108,0,0,0,0,0,0,0,0,25,0,0,0,0,2230,0,167,0,0,1,1,0,0,24,0,0,0,2,0,0,0,0,0,0,0,0,0,15,0,0,0,0,0,0,0,0,0,0,0,0,0,0,0,0,0,0,0,0,0,0,2303
8b0d6354-b384-4cea-ad4b-5c621332968c,SCISSORS,5,0,0,194,0,0,0,0,0,0,0,0,0,0,0,0,0,0,0,0,0,0,147,10,3,337,3,0,0,0,0,0,0,0,0,8,0,5,0,0,0,2,0,0,0,0,2147,0,0,0,0,0,0,0,0,55,0,0,0,0,0,6,0,0,0,0,0,0,78,5,287,12,13,75,0,0,0,0,172,0,0,0,0,0,0,0,5,0,0,1,0,0,2308,0,115,0,0,0,0,0,0,14,0,0,0,0,0,0,0,129,0,0,0,0,0,0,150,21,8,0,0,0,0,0,251,0,0,0,0,20,0,0,0,0,0,0,1,0,2357
8553313e-f689-4f5c-ac76-a06a10ae2fc4,SCISSORS,7,0,0,105,0,0,0,0,0,0,0,0,0,0,0,0,0,0,0,0,0,0,108,0,1,70,3,0,0,0,0,0,0,0,0,0,0,0,0,0,0,0,0,0,0,0,2160,0,0,0,0,0,0,0,0,8,0,0,0,0,0,68,0,0,0,0,0,0,30,0,1,21,0,0,0,0,0,0,151,0,0,0,0,0,0,0,0,6,0,2,0,0,2333,0,31,0,0,1,3,0,0,71,0,0,0,2,0,0,3,0,0,0,0,0,0,7,69,2,2,0,0,0,0,0,36,0,0,0,0,58,0,0,0,0,0,0,2,0,2392
848359d4-abbf-4523-8f4a-69bf0f7681de,SCISSORS,9,0,0,30,0,0,0,0,0,0,0,0,0,0,0,0,0,0,0,0,0,0,54,0,0,137,0,0,0,0,0,0,0,0,0,0,0,0,0,0,0,0,0,0,0,0,2165,0,0,0,0,0,0,0,0,3,0,0,0,0,0,2,0,0,0,0,0,0,5,23,2,84,3,4,0,0,0,0,74,0,0,0,0,0,0,0,3,1,0,17,0,0,2359,0,0,0,0,0,1,0,0,29,0,0,0,0,0,0,1,58,0,0,0,0,0,0,36,3,1,0,0,0,0,0,92,0,0,0,0,0,0,0,0,0,0,0,0,0,2408
aaf46aa6-884f-43be-abcd-f2f4aa59882c,PAPER,5,0,0,338,0,0,0,0,0,0,0,0,0,0,0,19,0,0,0,0,0,0,19,0,1,236,3,0,0,0,0,0,0,0,0,0,0,16,0,0,0,1,0,0,0,0,2184,0,0,0,0,1,0,0,0,13,0,0,0,0,0,0,0,24,0,0,0,0,9,107,74,4,2,58,0,0,0,44,277,0,0,0,0,0,0,0,0,0,20,0,0,0,2406,0,44,0,0,0,0,0,0,0,0,0,0,0,0,0,0,248,0,0,0,0,0,0,184,6,8,0,0,0,0,0,75,0,0,0,0,68,0,0,0,0,0,0,0,0,2442
33907d71-612e-48b4-9576-fb8307288e1c,SCISSORS,6,0,0,38,0,0,0,0,0,0,0,0,0,0,0,0,0,0,0,0,0,0,49,0,0,29,4,0,0,0,0,0,0,0,0,0,0,78,0,0,0,0,0,0,0,0,2195,0,0,0,0,0,0,0,0,0,0,0,0,0,0,0,0,71,0,0,0,0,0,22,66,5,1,19,0,0,0,0,0,0,0,0,0,0,0,0,0,0,0,14,0,0,2423,0,140,0,0,0,0,0,0,16,0,0,0,0,0,0,0,0,0,0,0,0,0,0,19,1,0,0,0,0,0,0,14,0,0,0,0,8,0,0,0,0,0,0,0,0,2449
e3828c9d-9d30-4669-9915-89f19edf57c4,ROCK,8,0,0,291,0,0,0,0,0,40,0,0,0,0,0,0,0,0,0,0,0,0,62,3,0,150,0,0,0,0,0,0,0,0,0,0,0,15,0,0,0,0,0,0,1,0,2212,0,0,0,0,0,0,0,0,0,0,0,0,0,0,0,0,28,0,0,0,0,1,118,77,4,4,17,0,0,0,0,313,0,0,0,0,0,0,0,0,0,0,0,0,0,2446,0,215,0,0,0,0,0,0,0,0,0,0,0,0,16,0,0,0,0,0,0,0,29,88,7,5,0,0,0,0,0,180,0,0,0,0,21,0,0,0,1,0,0,0,0,2483
ed99690b-5396-40bb-a01a-1569222c88df,SCISSORS,5,0,0,137,0,0,0,0,0,0,0,0,0,0,0,0,0,0,0,0,0,0,42,0,1,130,1,0,0,0,0,0,0,0,0,0,0,0,0,0,0,0,0,0,0,0,2222,0,0,0,0,0,0,0,0,0,0,0,0,0,0,3,0,58,0,0,0,0,1,44,6,82,1,26,0,0,0,66,4,0,0,0,0,0,0,0,0,19,0,1,0,0,2476,0,85,0,0,0,1,0,0,24,0,0,0,1,0,0,0,12,0,0,0,0,4,69,57,2,2,0,0,0,0,0,29,0,0,0,0,23,0,0,0,0,0,0,2,0,2514
e9d0dcad-2ebf-4345-970d-d7993461360b,PAPER,17,0,0,106,0,0,0,0,0,0,0,0,0,0,0,0,0,0,0,0,0,0,53,2,6,228,2,0,0,0,0,0,0,0,0,0,0,57,0,0,0,2,0,21,0,0,2261,0,0,0,0,0,0,0,0,0,0,0,7,2,0,0,2,63,0,0,0,0,3,53,195,39,2,21,0,0,0,0,70,0,0,0,0,0,0,0,0,0,20,0,0,0,2529,0,53,0,0,0,0,0,0,0,0,0,0,0,0,0,0,193,0,0,0,0,5,52,134,6,3,0,0,0,0,0,31,0,0,0,0,0,0,0,0,0,0,0,0,0,2547
9f1896a9-99b6-4aef-9d64-5e3f3478a26c,SCISSORS,10,0,0,65,0,0,0,0,0,0,0,0,0,0,0,0,0,0,0,0,0,0,0,0,0,65,0,0,0,0,0,0,0,0,0,0,0,27,0,0,0,0,0,0,0,0,2265,0,0,0,0,0,0,0,0,0,0,0,0,0,0,0,0,52,0,0,0,0,0,0,6,0,0,13,0,0,0,0,75,0,0,0,0,0,0,0,0,0,0,11,0,0,2537,0,0,0,0,0,0,0,0,12,0,0,0,0,0,0,0,106,0,0,0,0,0,27,0,0,0,0,0,0,0,0,12,0,0,0,0,0,0,0,0,0,0,0,0,0,2550
017f7730-2635-4098-933d-87a466265932,ROCK,7,0,0,115,0,0,1,0,0,40,0,0,0,1,0,0,1,0,0,0,0,1,0,0,3,139,3,0,0,0,0,0,0,0,0,0,0,0,0,0,0,0,0,0,1,0,2294,0,0,0,0,0,0,0,0,0,0,0,0,0,0,0,0,34,0,0,0,0,0,0,46,3,4,111,0,0,0,0,107,0,0,0,0,0,0,0,0,0,0,0,0,0,2555,0,80,0,0,0,0,0,0,0,0,0,0,0,0,25,0,0,0,0,0,0,0,22,53,0,2,1,0,0,0,0,120,0,0,0,0,0,0,0,0,1,0,1,0,0,2564
30f6a758-b894-464b-9b41-87462bebb1bc,ROCK,8,0,0,111,0,0,0,0,0,22,0,0,0,0,0,0,0,0,0,0,0,0,28,1,2,172,1,0,0,0,0,0,0,0,0,0,0,0,0,0,0,0,0,0,1,0,2314,0,0,0,0,0,0,0,0,0,0,0,24,0,0,0,0,13,0,0,0,0,0,28,78,45,4,8,0,0,0,0,138,0,0,0,0,0,0,0,0,0,0,0,0,0,2579,0,0,0,0,0,0,0,0,0,0,0,0,0,0,0,0,0,0,0,0,0,0,24,111,3,8,0,0,0,0,0,146,0,0,0,0,38,0,0,0,8,0,0,0,0,2593
dbb422ee-1525-4baf-ba71-27d07b9f1577,ROCK,17,0,0,288,0,2,0,0,0,78,0,0,43,1,0,0,1,0,0,0,0,3,0,0,3,207,0,0,0,0,0,0,0,0,0,0,0,0,0,0,0,0,1,0,1,0,2353,0,3,0,0,0,0,0,0,0,0,0,0,0,0,0,0,114,0,0,0,0,0,148,117,100,2,0,0,0,0,49,0,0,0,0,0,0,0,0,95,0,0,0,0,0,2625,0,34,0,0,0,0,0,0,0,0,0,0,0,0,1,0,120,0,0,0,0,0,56,167,10,9,0,0,0,0,0,143,0,0,0,0,45,0,0,0,0,0,43,0,0,2636
ad05c955-ae07-4ab1-b81b-91cfc81fd4d0,ROCK,7,0,0,88,0,0,0,0,0,46,0,0,0,3,0,0,2,0,0,0,0,0,0,0,0,53,0,0,0,0,0,0,0,0,0,0,0,0,0,0,0,0,0,0,1,0,2368,0,0,0,0,0,0,0,0,0,0,0,0,0,0,0,0,22,0,0,0,0,2,105,22,12,0,0,0,0,0,0,30,0,0,0,0,0,0,0,0,0,0,0,0,0,2634,0,0,0,0,0,0,0,0,0,0,0,0,0,0,1,0,0,0,0,0,0,0,49,32,1,1,0,0,0,0,0,73,0,0,0,0,0,0,0,0,35,0,1,0,0,2648
8ada9852-824e-4a78-943e-86f478f509a8,SCISSORS,6,0,0,137,0,0,0,0,0,0,0,0,0,0,0,0,0,0,0,0,0,0,36,0,2,147,2,0,0,0,0,0,24,0,0,0,0,1,0,0,0,3,0,0,0,0,2384,0,0,0,0,0,0,0,0,0,0,0,0,0,0,0,0,96,0,0,0,0,1,97,87,42,4,0,0,0,0,0,17,0,0,0,0,0,0,0,0,7,0,1,0,0,2671,0,84,0,0,0,0,0,0,10,0,0,0,0,0,0,0,0,0,0,0,0,2,72,87,3,5,0,0,0,0,0,89,0,0,0,0,0,0,0,0,0,0,0,0,0,2674
61cf0453-77e2-4bdd-a9b6-1f238ef09568,ROCK,17,0,0,44,0,0,1,0,0,34,0,0,0,1,0,0,0,0,0,0,0,1,38,0,0,59,0,0,0,0,0,0,0,0,0,0,0,0,0,0,0,0,0,0,0,0,2394,0,0,0,0,0,0,0,0,0,0,0,0,0,0,0,0,51,0,0,0,0,0,98,12,10,1,0,0,0,0,3,0,0,0,0,0,0,0,0,3,0,0,0,0,0,2679,0,107,0,0,0,0,0,0,0,0,0,0,0,0,14,0,0,0,0,0,0,0,27,28,1,1,0,0,0,0,0,0,0,0,0,0,0,0,0,0,0,0,0,0,0,2682
479b967d-a80e-4c54-84a3-df617f912ffa,SCISSORS,9,0,0,154,0,0,0,0,0,0,0,0,0,0,0,0,0,0,0,0,0,0,0,0,0,140,0,0,0,0,0,15,0,0,0,0,0,0,0,0,0,0,0,0,0,0,2404,0,0,0,0,0,0,0,0,0,0,0,0,0,0,2,0,53,0,0,0,0,0,17,11,0,2,0,0,0,0,0,198,0,0,0,0,0,0,0,0,26,0,0,0,0,2690,0,264,0,0,0,0,0,0,14,0,0,0,0,0,0,0,13,0,0,0,0,0,17,0,0,0,0,0,0,0,0,0,0,0,0,0,0,0,0,0,0,0,0,1,0,2686
76b542da-a32a-4233-abfe-2c0ca2ea21e7,ROCK,10,0,0,29,0,1,2,0,0,65,0,0,0,1,0,0,1,0,0,0,0,2,17,0,0,51,0,0,0,0,0,0,0,0,0,0,0,0,0,0,0,0,0,0,0,0,2423,0,0,0,0,0,0,0,0,0,0,0,0,0,0,0,0,44,0,0,0,0,0,80,30,1,0,0,0,0,0,0,0,0,0,0,0,0,0,0,0,14,0,0,0,0,2696,0,87,0,0,0,0,0,0,0,0,0,0,0,0,26,0,17,0,0,0,0,0,28,7,0,0,0,0,0,0,0,0,0,0,0,0,0,0,0,0,1,0,3,0,0,2698
31f77559-f7a4-4f54-aaa4-72a0fb523be6,PAPER,12,0,0,89,0,0,0,0,0,0,0,0,0,0,0,13,0,0,0,0,38,0,36,4,0,35,0,0,0,0,0,0,0,0,0,0,0,0,0,0,0,0,0,2,0,0,2444,0,30,0,0,1,0,0,0,0,0,0,0,0,0,0,1,22,0,0,0,0,0,30,0,59,1,0,0,0,0,0,52,0,0,0,0,0,0,0,5,0,16,0,0,0,2711,0,116,0,0,0,0,0,0,0,0,0,0,0,0,0,0,0,0,0,0,0,2,65,32,0,2,0,0,0,0,0,0,0,0,0,0,0,0,0,0,0,0,0,0,0,2709
101e3501-66f1-425a-82a6-978f61f6da04,ROCK,9,0,0,133,0,0,44,0,0,0,0,0,0,0,0,0,0,0,0,0,0,0,50,3,0,24,0,0,0,0,0,0,0,0,0,0,0,4,0,0,0,1,1,0,2,0,2466,0,53,0,0,0,0,0,0,0,0,0,0,0,0,0,0,0,0,0,0,0,61,0,1,61,2,0,0,0,0,0,0,0,0,0,0,0,0,0,84,0,0,0,0,0,2722,0,77,0,0,0,0,0,0,0,0,0,0,0,0,1,0,0,0,0,0,0,1,31,18,1,0,0,0,0,0,0,96,0,0,0,0,0,0,0,0,1,0,36,0,0,2725
e20d0d33-56cc-451e-93cc-53b00a125d3e,SCISSORS,16,0,0,45,0,0,0,0,0,0,0,0,0,0,0,0,0,0,0,0,0,0,38,0,0,24,0,0,0,0,0,0,0,0,0,0,0,0,0,0,0,0,0,0,0,0,2468,0,7,0,0,0,0,0,0,0,0,0,0,0,0,0,0,0,0,0,0,0,7,17,1,17,1,0,0,0,0,0,51,0,0,0,0,0,0,0,0,2,0,4,0,0,2734,0,77,0,0,0,1,0,0,6,0,0,0,1,0,0,1,14,0,0,0,0,0,7,0,0,0,0,0,0,0,0,0,0,0,0,0,0,0,0,0,0,0,0,0,0,2732
e96d6778-59ce-4e0b-af62-b0acfa6fb704,SCISSORS,18,0,0,291,0,0,0,0,0,0,0,0,0,0,0,0,0,0,0,0,0,0,52,0,1,245,0,0,0,0,0,0,0,0,0,0,0,0,0,0,0,0,0,0,0,0,2479,0,35,0,0,0,0,0,0,0,0,0,0,0,0,1,0,0,0,0,0,0,1,74,0,63,2,0,0,0,0,0,389,0,0,0,0,0,0,0,3,0,0,21,0,0,2761,0,89,0,0,0,2,0,0,21,0,0,0,0,0,0,0,377,0,0,0,0,0,0,66,5,3,0,0,0,0,0,13,0,0,7,0,5,0,0,0,0,0,0,1,0,2761
2d572304-501e-4146-8f86-9dfbaac72479,SCISSORS,14,0,0,78,0,0,0,0,0,0,0,0,0,0,0,0,0,0,0,0,0,0,77,0,0,112,0,0,0,0,0,0,0,0,0,5,0,0,0,0,0,0,0,0,0,0,2489,0,31,0,0,0,0,0,0,0,0,0,0,0,0,13,0,0,0,0,0,0,0,57,0,18,1,0,0,0,0,0,151,0,0,0,0,0,0,0,0,1,0,0,0,0,2770,0,0,0,0,0,0,0,0,14,0,0,0,1,0,0,0,0,0,0,0,0,0,0,0,0,0,0,0,0,0,0,256,0,0,0,0,0,0,0,0,0,0,0,1,0,2766
dfa434ba-9709-4aff-9856-3c4087e4b765,SCISSORS,20,0,0,336,0,0,0,0,0,0,0,0,0,0,0,0,0,0,0,0,0,0,97,0,2,87,2,0,0,0,0,0,0,0,0,3,0,50,0,0,0,0,0,0,0,0,2520,0,67,0,0,0,0,0,0,0,0,0,0,0,0,1,0,0,0,0,0,0,0,52,1,48,1,0,0,0,0,143,0,0,0,0,0,0,0,0,223,41,0,0,0,0,2789,0,127,0,0,1,1,0,0,36,0,0,0,4,0,0,1,17,0,0,0,0,0,20,66,0,8,0,0,0,0,0,258,0,0,0,0,38,0,0,0,0,0,0,0,0,2805
4889b43c-2969-48fc-a1d9-cf0cdc8f76ba,ROCK,17,0,0,197,0,0,0,0,0,58,0,0,0,0,0,0,0,0,0,0,0,3,37,0,0,131,0,0,0,0,0,0,0,0,0,0,0,5,0,0,0,0,0,0,0,0,2546,0,24,0,0,0,0,0,0,0,0,0,0,0,0,0,0,0,0,0,0,0,0,79,1,39,2,0,0,0,0,0,283,0,0,0,0,0,0,0,3,0,0,0,0,0,2803,0,0,0,0,0,0,0,0,0,0,0,0,0,0,2,0,14,0,0,0,0,0,21,23,1,1,0,0,0,0,0,330,0,0,0,0,0,0,0,0,39,0,0,0,0,2820
3bc70f3c-2114-4562-a81e-199f3cc1a45b,ROCK,17,0,0,201,0,1,2,0,0,36,0,0,0,0,0,0,0,0,0,0,0,0,15,0,0,107,0,0,0,0,0,0,0,0,0,0,0,26,0,0,0,0,0,0,1,0,2568,0,40,0,0,0,0,0,0,0,0,0,0,0,0,0,0,0,0,0,0,0,45,52,53,1,2,0,0,0,0,0,196,0,0,0,0,0,0,0,0,0,0,0,0,0,2814,0,1,0,0,0,0,0,0,0,0,0,0,0,0,32,0,55,0,0,0,0,0,58,33,1,1,0,0,0,0,0,165,0,0,0,0,38,0,0,0,2,0,3,0,0,2842
123e635d-79ed-4fe1-9c83-5718e7f4ee62,ROCK,9,0,0,67,0,0,0,0,0,55,0,0,0,1,0,0,2,0,0,0,0,1,27,1,0,70,0,0,0,0,0,0,0,0,0,0,0,0,0,0,0,0,3,0,1,0,2592,0,25,0,0,0,0,0,0,0,0,0,0,0,0,0,0,0,0,0,0,0,17,70,1,25,0,0,0,0,0,0,90,0,0,0,0,0,0,0,0,0,0,0,0,0,2822,0,3,0,0,0,0,0,0,0,0,0,0,0,0,1,0,0,0,0,0,0,0,29,12,1,1,0,0,0,0,0,135,0,0,0,0,0,0,0,0,4,0,42,0,0,2859
1b568357-5117-4682-b9ae-ff3c8423b8ca,SCISSORS,6,0,0,119,0,0,0,0,0,14,0,0,0,0,0,0,0,0,0,0,0,0,43,0,3,190,3,0,0,0,0,0,0,0,0,0,0,0,0,0,0,1,0,0,0,0,2611,0,85,0,0,0,0,0,0,0,0,0,6,0,0,0,0,0,0,0,0,0,26,14,2,16,3,0,0,0,0,0,191,0,0,0,0,0,0,0,0,14,0,16,0,0,2847,0,0,0,0,0,2,0,0,21,0,0,0,0,0,0,1,47,0,0,0,0,0,14,74,4,2,0,0,0,0,0,172,0,0,0,0,36,0,0,0,0,0,0,0,0,2887
7698c48e-b28a-4aec-9a64-877316525df0,PAPER,6,0,0,177,0,0,0,0,0,0,0,0,0,0,0,0,0,0,0,0,0,0,73,1,4,201,3,0,0,0,0,0,0,0,0,0,0,4,0,0,0,1,0,8,0,0,2640,0,221,0,0,0,0,0,0,0,0,0,0,0,0,0,0,0,0,0,0,0,124,7,65,0,2,0,0,0,0,0,0,0,0,0,0,0,0,0,37,0,16,0,0,0,2882,0,119,0,0,0,0,0,0,0,0,0,0,0,0,0,0,0,0,0,0,0,1,50,137,4,8,0,0,0,0,0,153,0,0,0,0,0,0,0,0,0,0,0,0,0,2914
4e0adc90-40e0-4ed9-90e5-077fc8ec2f19,SCISSORS,5,0,0,217,0,0,0,0,0,0,0,0,0,0,0,0,0,0,0,0,0,0,132,2,5,164,2,0,0,0,0,0,0,0,0,0,0,3,0,0,0,0,0,0,0,0,2666,0,150,0,0,0,0,0,0,0,0,0,5,0,0,40,0,0,0,0,0,0,42,1,105,74,0,0,0,0,0,47,0,0,0,0,0,0,0,0,57,4,0,0,0,0,2924,0,40,0,0,0,1,0,0,43,0,0,0,0,0,0,0,49,0,0,0,0,2,66,113,6,7,0,0,0,0,0,155,0,0,0,0,0,0,0,0,42,0,0,1,0,2955
a2d6b893-21fc-4f54-9e08-3b6165709d7c,ROCK,10,0,0,208,0,2,79,0,0,1,0,0,0,2,0,0,1,0,0,0,0,3,70,1,5,200,2,0,0,0,0,0,0,0,0,0,0,0,0,0,0,0,1,0,1,0,2717,0,180,0,0,0,0,0,0,0,0,0,0,0,0,0,0,0,0,0,0,0,113,1,116,50,4,0,0,0,0,49,0,0,0,0,0,0,0,0,63,0,0,0,0,0,2958,0,184,0,0,0,0,0,0,0,0,0,0,0,0,0,0,23,0,0,0,0,3,26,183,8,6,0,0,0,0,0,14,0,0,0,0,58,0,0,0,71,0,0,0,0,3004
41afa531-8346-45fa-9e01-d3568a50f338,ROCK,19,0,0,128,0,0,0,0,0,50,0,0,0,0,0,0,1,0,0,0,0,1,0,0,0,70,0,0,0,0,0,0,0,0,0,0,0,0,0,0,0,0,0,0,1,0,2729,0,50,0,0,0,0,0,0,0,0,0,13,0,0,0,0,0,0,0,0,0,99,0,0,11,0,0,0,0,0,61,0,0,0,0,0,0,0,0,17,0,0,0,0,0,2964,0,128,0,0,0,0,0,0,0,0,0,0,0,0,35,0,0,0,0,0,0,0,41,22,0,3,0,0,0,0,0,0,0,0,0,0,19,0,0,0,1,0,2,0,0,3018
921e7616-2c3d-4b73-950a-394bb55b1a26,SCISSORS,6,0,0,109,0,0,0,0,0,0,0,0,0,0,0,0,0,0,0,0,0,0,0,0,0,113,0,0,0,0,0,0,0,0,0,0,0,0,0,0,0,0,0,0,0,0,2732,0,72,0,0,0,0,0,0,0,0,0,0,0,0,3,0,0,0,0,0,0,36,0,0,4,1,30,0,0,0,0,0,0,0,0,0,0,0,0,55,0,0,21,0,0,2981,0,73,0,0,1,1,0,0,24,0,0,0,1,0,0,0,32,0,0,0,0,0,0,47,0,1,0,0,0,0,0,0,0,0,0,0,42,0,0,0,0,0,0,0,0,3031
f84dfe97-3088-4959-bdfb-14ed2db6b62c,ROCK,15,0,4,291,0,0,1,0,0,27,0,0,0,0,0,0,0,0,0,0,0,1,45,5,5,311,3,0,0,0,0,9,0,0,0,0,0,8,0,0,0,0,0,0,0,0,2788,0,114,0,0,0,0,0,0,0,0,0,0,0,0,0,0,0,0,0,0,0,107,2,161,3,6,0,0,0,0,0,317,0,0,0,0,0,0,0,0,0,0,0,0,0,3025,0,152,0,0,0,0,0,0,0,0,0,0,0,0,2,0,73,0,0,0,0,0,30,205,5,7,0,0,0,0,0,128,0,0,0,0,97,0,0,0,0,0,11,0,0,3081
8e397eea-8366-4306-baea-fe38113e7267,ROCK,5,0,56,283,0,0,0,0,0,44,0,0,0,2,0,0,0,0,0,0,0,2,0,0,0,197,0,0,0,0,0,0,24,0,0,0,0,0,0,0,0,0,1,0,0,0,2809,0,24,0,0,0,0,0,0,0,0,0,0,0,0,0,0,0,0,0,0,0,108,3,0,18,0,0,0,0,0,0,456,0,0,0,0,0,0,0,0,0,0,0,0,0,3035,0,312,0,0,0,0,0,0,0,0,0,0,0,0,24,0,0,0,0,0,0,2,25,81,4,1,0,0,0,0,0,103,0,0,0,0,56,0,0,0,0,0,1,0,0,3105
1d9a43d0-3e6a-4bcc-9d24-b7c4f8b81673,SCISSORS,14,0,0,98,0,0,0,0,0,0,0,0,0,0,0,0,0,0,0,0,0,0,94,2,1,81,1,0,0,0,0,0,0,0,0,0,0,40,0,0,7,0,0,0,0,0,2826,0,83,0,0,0,0,0,0,0,0,0,0,0,0,0,0,0,0,0,0,0,64,2,3,133,4,0,0,0,0,0,0,0,0,0,0,0,0,0,24,11,0,0,0,0,3065,0,56,0,0,1,0,0,0,10,0,0,0,1,0,0,0,110,0,0,0,0,2,42,52,12,2,14,0,0,0,0,0,0,0,0,0,22,0,0,0,0,0,0,0,0,3128
232f05fe-0157-4666-8631-e94ca49d929a,ROCK,18,0,0,73,0,0,2,0,0,55,0,0,0,0,0,0,0,0,0,0,0,0,38,0,0,113,0,0,0,0,0,0,0,0,0,0,0,0,0,0,0,0,2,0,2,0,2842,0,83,0,0,0,0,0,0,0,0,0,0,0,0,0,0,0,0,0,0,0,41,0,47,4,4,0,0,0,0,0,106,0,0,0,0,0,0,0,0,0,0,0,0,0,3085,0,215,0,0,0,0,0,0,0,0,0,0,0,0,1,0,0,0,0,0,0,0,9,9,0,0,0,0,0,0,0,0,0,0,0,0,0,0,0,0,48,0,3,0,0,3136
613c4a0b-c174-4728-a56d-9ed212b50419,ROCK,7,0,0,80,0,1,2,0,0,67,0,0,0,0,0,0,0,0,0,0,0,1,31,5,1,81,1,0,0,0,0,0,0,0,0,0,0,5,0,0,0,0,0,0,0,0,2873,0,66,0,0,0,0,0,0,0,0,0,0,0,0,0,0,0,0,0,0,0,63,1,1,75,2,0,0,0,0,0,60,0,0,0,0,0,0,0,7,0,0,0,0,0,3098,0,138,0,0,0,0,0,0,0,0,0,0,0,0,0,0,0,0,0,0,0,0,45,41,1,5,9,0,0,0,0,0,0,0,0,0,0,0,0,0,0,0,36,0,0,3157
cae52212-c2d1-4258-9a59-b745e2ea518e,SCISSORS,9,0,0,87,0,0,0,0,0,50,0,0,0,0,0,0,0,0,0,0,0,0,60,1,0,75,1,0,0,0,0,0,0,0,0,0,0,0,0,0,0,0,0,0,0,0,2881,0,54,0,0,0,0,0,0,0,0,0,0,0,0,0,0,0,0,0,0,0,126,1,59,7,2,0,0,0,0,0,0,0,0,0,0,0,0,0,12,1,0,12,0,0,3118,0,117,0,0,1,0,0,0,14,0,0,0,2,0,0,3,23,0,0,0,0,0,48,56,8,2,0,0,0,0,0,0,0,0,0,0,0,0,0,0,0,0,0,0,0,3191
958a8427-5cd6-47fb-87b9-3e36d1b16ef2,SCISSORS,8,0,0,139,0,0,0,0,0,0,0,0,0,0,0,0,0,0,0,0,0,0,39,0,0,151,1,0,0,0,0,0,0,0,0,0,0,0,0,0,0,0,0,0,0,0,2887,0,132,0,0,0,0,0,0,0,0,0,0,0,0,38,0,0,0,0,0,0,57,2,3,53,0,0,0,0,0,0,0,0,0,0,0,0,0,0,43,1,0,1,0,0,3143,0,208,0,0,0,0,0,0,42,0,0,0,0,0,0,1,41,0,0,0,0,0,0,22,1,0,0,0,0,0,0,14,0,0,0,0,0,0,0,0,0,0,0,1,0,3202
8f48f9ec-524b-4458-a6aa-67a715add8ee,SCISSORS,12,0,0,139,0,0,0,0,0,0,0,0,0,0,0,0,0,0,0,0,0,0,69,0,2,140,2,0,0,0,0,0,0,0,0,0,0,12,0,0,0,0,0,0,0,0,2900,0,47,0,0,0,0,0,0,0,0,0,0,0,0,3,0,0,0,0,0,0,67,0,1,65,1,0,0,0,0,0,131,0,0,0,0,0,0,0,3,46,0,0,0,0,3163,0,50,0,0,1,3,0,0,46,0,0,0,4,0,0,0,0,0,0,0,0,0,0,42,1,2,0,0,0,0,0,215,0,0,0,0,0,0,0,0,0,0,0,0,0,3225
3a2767db-430e-4e63-adff-1af241d716ad,SCISSORS,6,0,0,382,0,0,0,0,0,0,0,0,0,0,0,0,0,0,0,0,0,0,94,0,0,274,0,0,0,0,0,0,0,0,0,0,0,5,0,0,0,0,0,0,0,0,2915,0,83,0,0,0,0,0,0,0,0,0,0,0,0,0,0,0,0,0,0,0,87,2,60,4,0,0,0,0,0,0,489,0,0,0,0,6,0,0,3,3,0,18,0,0,3199,0,231,0,0,1,1,0,0,20,0,0,0,1,0,0,0,396,0,0,0,0,0,0,72,1,1,0,0,0,0,0,0,0,0,0,0,0,0,0,0,31,0,0,0,0,3241
1fe686e0-390b-4fe9-a5f9-2cedf5a58796,PAPER,17,0,0,164,0,0,0,0,0,0,0,0,0,0,0,23,0,0,0,0,0,0,106,4,2,199,5,0,0,0,0,0,0,0,0,0,0,0,0,0,0,0,0,2,0,0,2954,0,96,0,0,1,1,0,0,0,0,0,0,0,0,0,0,0,0,0,0,0,126,5,5,141,6,0,0,0,0,0,0,0,0,0,0,9,0,0,80,0,35,0,0,0,3246,0,118,0,0,0,0,0,0,0,0,0,0,0,0,0,0,147,0,0,0,0,1,84,135,6,10,0,0,0,0,0,4,0,0,0,0,0,0,0,0,0,0,0,0,0,3287
43a509f1-1e32-476a-9399-1582c0e98d8f,PAPER,6,0,0,161,0,0,0,0,0,0,0,0,0,0,0,1,0,0,0,0,0,0,11,0,0,113,1,0,0,0,0,0,0,0,0,1,0,16,0,0,0,0,0,4,0,0,2970,0,55,0,0,0,0,0,0,0,0,0,0,0,0,0,0,35,0,0,0,0,2,1,0,24,0,0,0,0,0,0,181,0,0,0,0,0,0,0,4,0,6,0,0,0,3255,0,215,0,0,0,0,0,0,0,0,0,0,0,0,0,0,0,0,0,0,0,0,11,34,1,2,0,0,0,0,0,0,0,0,0,0,45,0,0,0,0,0,0,0,0,3296
b39d89d1-323d-47d8-ab3f-f292d21c9771,ROCK,16,0,0,244,0,3,1,0,0,94,0,0,0,2,0,0,0,0,0,0,0,0,88,5,2,157,2,0,0,0,0,0,0,0,0,0,0,40,0,0,0,0,2,0,0,0,3019,0,0,0,0,0,0,0,0,0,0,0,0,0,0,0,0,149,0,0,0,0,122,2,7,226,6,0,0,0,0,0,0,0,0,0,0,0,0,0,118,10,0,0,0,0,3304,0,143,0,0,0,0,0,0,0,0,0,0,0,0,48,0,84,0,0,0,0,1,61,209,7,9,0,0,0,0,0,30,0,0,0,0,46,0,0,0,1,0,1,0,0,3348
cc3a31f2-b515-4448-8f88-53388cad4b3c,ROCK,20,0,0,55,0,0,0,0,0,46,0,0,7,0,0,0,0,0,0,0,0,0,23,2,0,74,0,0,0,0,0,0,0,0,0,0,0,0,0,0,0,0,0,0,0,0,3028,0,0,0,0,0,0,0,0,0,0,0,0,0,0,0,0,17,0,0,0,0,75,1,3,40,1,0,0,0,0,0,60,0,0,0,0,0,0,0,10,0,0,0,0,0,3322,0,114,0,0,0,0,0,0,0,0,0,0,0,0,0,0,0,0,0,0,0,1,43,46,0,2,0,0,0,0,0,0,0,0,0,0,0,0,0,0,0,0,1,0,0,3359
aa0ecd7c-a9a7-4957-9e44-ddc0af586dc7,PAPER,20,0,0,172,0,0,0,0,0,0,0,0,0,0,0,1,0,0,0,0,0,0,0,0,1,92,1,0,0,0,0,0,0,0,0,0,0,0,0,0,0,1,0,35,0,0,3043,0,0,0,0,1,0,0,0,0,0,0,0,1,0,0,0,81,0,0,0,0,89,3,2,22,0,0,0,0,0,0,0,0,0,0,0,0,0,0,78,0,25,0,1,0,3352,0,61,0,0,0,0,0,0,0,0,0,0,0,0,0,0,54,0,0,0,0,0,73,82,0,4,0,0,0,0,0,0,0,0,0,0,29,0,0,0,0,0,0,0,0,3376
d2c53866-19fe-437d-9f0a-06ceab980d9a,SCISSORS,13,0,0,77,0,0,0,0,0,0,0,0,0,0,0,0,0,0,0,0,0,0,49,0,2,81,1,0,0,0,0,0,0,0,0,5,0,0,0,0,0,0,0,34,0,0,3054,0,0,0,0,0,0,0,0,0,0,0,0,0,0,1,0,84,0,0,0,0,38,1,0,10,0,0,0,0,0,0,0,0,0,0,0,0,0,0,88,2,0,25,0,0,3369,0,107,0,0,0,0,0,0,30,0,0,0,0,0,0,0,16,0,0,0,0,3,61,26,1,1,0,0,0,0,0,0,0,0,0,0,3,0,0,0,0,0,0,1,0,3393
d2e69b6f-2f6d-4b0f-9a47-ad5a700a8b37,ROCK,10,0,0,54,0,0,2,0,0,34,0,0,0,0,0,0,0,0,0,0,0,19,60,0,0,94,0,0,0,0,0,0,0,0,0,0,0,0,0,0,0,0,0,0,1,0,3066,0,0,0,0,0,0,0,0,0,0,0,0,0,0,0,0,80,0,0,0,0,136,1,2,31,0,0,0,0,0,0,0,0,0,0,0,0,0,0,14,0,0,0,0,0,3379,0,125,0,0,0,0,0,0,0,0,0,0,0,0,2,0,63,0,0,0,0,0,30,13,1,0,0,0,0,0,0,0,0,0,0,0,0,0,0,0,2,0,28,0,0,3408
ac14c11c-5a0e-440d-8b2c-134a89c51032,SCISSORS,13,0,0,143,0,0,0,0,0,0,0,0,0,0,0,0,0,0,0,0,0,0,83,0,4,75,4,0,0,0,0,0,0,0,0,0,0,0,0,0,0,0,0,0,0,0,3085,0,0,0,0,0,0,0,0,0,0,0,0,0,0,48,0,53,0,0,0,0,75,1,2,87,0,0,0,0,0,0,0,0,0,0,0,0,0,0,38,1,0,4,0,0,3409,0,104,0,0,0,0,0,0,52,0,0,0,1,0,0,1,0,0,0,0,0,4,86,58,0,2,0,0,0,0,0,0,0,0,0,0,0,0,0,0,0,0,0,1,0,3430
d462dc8c-2474-49e2-b294-9dfc565d6a6d,SCISSORS,20,0,0,267,0,0,0,0,0,0,0,0,0,0,0,0,0,0,0,0,0,0,66,0,0,160,0,0,0,0,0,0,0,0,0,0,0,0,0,0,0,0,0,0,0,0,3095,0,0,0,0,0,0,0,0,0,0,0,0,0,0,0,0,118,0,0,0,0,31,0,0,117,0,0,0,0,0,0,26,0,0,0,0,0,0,0,189,0,0,12,0,0,3425,0,356,0,0,0,0,0,0,16,0,0,0,0,0,0,1,55,0,0,0,0,0,0,34,3,0,0,0,0,0,0,0,0,0,0,0,27,0,0,0,0,0,0,1,0,3447
71b680df-423d-4a29-9d54-6a95d0e78626,SCISSORS,5,0,0,101,0,0,0,0,0,0,0,0,0,0,0,0,0,0,0,0,0,0,40,0,0,116,0,0,0,0,0,0,0,0,0,0,0,0,0,0,0,3,0,0,0,0,3113,0,0,0,0,0,0,0,0,0,0,0,0,0,0,0,0,43,0,0,0,0,53,4,0,9,0,0,0,0,0,0,136,0,0,0,0,0,0,0,0,13,0,2,0,0,3447,0,179,0,0,0,0,0,0,24,0,0,0,0,0,0,0,0,0,0,0,0,0,0,22,0,1,0,0,0,0,0,34,0,0,0,0,0,0,0,0,0,0,0,0,0,3453
bddbdadf-57bc-4fcb-b0f0-62a0159ffa5f,PAPER,12,0,0,58,0,0,0,0,0,0,0,0,13,0,0,1,0,0,0,0,0,0,120,1,0,7,0,0,0,0,0,0,0,0,0,0,0,0,0,0,0,20,0,0,0,0,3124,0,0,0,0,2,2,0,0,0,0,0,0,1,0,0,1,58,0,0,0,0,63,0,0,76,1,0,0,0,0,0,0,0,0,0,0,0,0,0,0,0,15,0,1,0,3465,0,113,0,0,0,0,0,0,0,0,0,0,0,0,0,0,0,0,0,0,0,52,3,51,1,0,0,0,0,0,0,0,0,0,0,0,0,0,0,0,0,0,0,0,0,3458
1d910891-6831-407e-876c-2ff0cd61e715,ROCK,19,0,0,34,0,0,0,0,0,52,0,0,0,2,0,0,0,0,0,0,0,1,63,0,0,131,0,0,0,0,0,0,0,0,0,0,0,0,0,0,0,3,1,0,0,0,3140,0,0,0,0,0,0,0,0,0,0,0,0,0,0,0,0,86,0,0,0,0,0,63,1,41,1,0,0,0,0,0,95,0,0,0,0,0,0,0,0,0,0,0,0,0,3472,0,161,0,0,0,0,0,0,0,0,0,0,0,0,2,0,0,0,0,0,0,63,22,1,0,0,0,0,0,0,0,0,0,0,0,0,0,0,0,0,38,0,0,0,0,3466
e5ad68fc-8f56-48ce-aa57-4f63583ef14b,SCISSORS,13,0,0,106,0,0,0,0,0,0,0,0,0,0,0,0,0,0,0,0,0,0,45,0,0,62,0,0,0,0,0,0,0,0,0,0,0,0,0,0,0,0,0,0,0,0,3144,0,0,0,0,0,0,0,0,0,0,0,0,0,0,0,0,39,0,0,0,0,23,33,0,31,2,0,0,0,0,0,83,0,0,0,0,2,0,0,0,0,0,0,0,0,3482,0,170,0,0,0,0,0,0,3,0,0,0,0,0,0,0,0,0,0,0,0,0,33,6,1,0,0,0,0,0,0,0,0,0,0,0,0,0,0,0,0,0,0,0,0,3472
5a4cee6e-c426-4e43-b0d0-0f0af66e8363,ROCK,19,0,0,136,0,1,0,0,0,64,0,0,7,0,0,0,0,0,0,0,0,0,79,1,0,71,0,0,0,0,0,0,0,0,0,0,0,0,0,0,0,0,0,0,0,0,3157,0,0,0,0,0,0,0,0,0,0,0,0,0,0,0,0,24,0,0,0,0,68,0,0,99,1,0,0,0,0,0,167,0,0,0,0,0,0,0,0,0,0,0,0,0,3487,0,153,0,0,0,0,0,0,0,0,0,0,0,0,37,0,128,0,0,0,0,0,23,11,1,1,0,0,0,0,0,1,0,0,0,0,0,0,0,0,3,0,1,0,0,3491
be7708bc-e76d-4f90-a43e-3ca5f3e4ae0a,ROCK,10,0,0,150,0,0,25,0,0,1,0,0,0,1,0,0,0,0,0,0,0,0,16,4,0,29,0,0,0,0,0,0,0,0,0,0,0,0,0,0,0,3,0,0,0,0,3176,0,0,0,0,0,0,0,0,0,0,0,0,0,0,0,0,68,0,0,0,0,0,47,2,106,1,0,0,0,0,0,0,0,0,0,0,0,0,0,5,0,0,0,0,0,3497,0,98,0,0,0,0,0,0,0,0,0,3,0,0,1,0,0,0,0,0,0,0,82,20,2,1,0,0,0,0,0,0,0,0,0,0,0,0,0,0,1,0,21,0,0,3506
ea4cdcf9-37c3-4f5b-9543-ef5faca144b9,PAPER,17,0,35,207,0,0,0,0,0,0,0,0,0,0,0,4,0,0,0,0,0,0,19,0,0,68,0,0,0,0,0,0,0,0,0,0,0,0,0,0,0,1,0,0,0,0,3185,0,0,0,0,0,0,0,0,0,0,0,0,0,0,0,0,120,0,0,0,0,19,69,4,68,2,0,0,0,0,0,0,0,0,0,0,0,0,0,46,0,6,0,0,0,3522,0,77,0,0,0,0,0,0,0,0,0,0,0,0,0,0,49,0,0,0,0,0,68,73,1,4,0,0,0,0,0,0,0,0,0,0,62,0,0,0,0,0,0,0,0,3522
0dcdfb75-89c9-4b5b-9673-9ca10a0e36b8,ROCK,10,0,0,160,0,0,0,0,0,33,0,0,0,0,0,0,0,0,0,0,0,0,17,0,0,73,0,0,0,0,0,0,0,0,0,0,0,0,0,0,0,0,0,0,0,0,3192,0,7,0,0,0,0,0,0,0,0,0,0,0,0,0,0,82,0,0,0,0,86,5,0,33,0,0,0,0,0,0,0,0,0,0,0,0,0,0,70,0,0,0,0,0,3545,0,65,0,0,0,0,0,0,0,0,0,0,0,0,1,0,0,0,0,0,0,1,34,59,3,1,0,0,0,0,0,59,0,0,0,0,47,0,0,0,13,0,0,0,0,3542
dd33d813-52ac-4fd4-bb6a-ad48284560bd,ROCK,14,0,0,201,0,0,0,0,0,55,0,0,0,1,0,0,0,0,0,0,0,0,0,0,0,68,0,0,0,0,0,0,0,0,0,0,0,0,0,0,0,0,0,0,0,0,3202,0,0,0,0,0,0,0,0,0,0,0,0,0,0,0,0,48,0,0,0,0,121,1,2,72,1,0,0,0,0,0,0,0,0,0,0,0,0,0,80,0,0,0,0,0,3561,0,167,0,0,0,0,0,0,0,0,0,0,0,0,36,0,0,0,0,0,0,0,27,81,3,4,0,0,0,0,0,0,0,0,0,0,3,0,0,0,1,0,3,0,0,3570
b55abdf7-d167-4fad-9973-3e2c248dbaaa,SCISSORS,5,0,0,138,0,0,0,0,0,0,0,0,0,0,0,0,0,0,0,0,0,0,59,0,0,60,0,0,0,0,0,0,30,0,0,0,0,0,0,0,0,0,0,0,0,0,3208,0,0,0,0,0,0,0,0,0,0,0,0,0,0,4,0,53,0,0,0,0,85,0,0,13,0,0,0,0,0,0,111,0,0,0,0,0,0,0,0,0,0,21,0,0,3573,0,232,0,0,1,1,0,0,24,0,0,0,1,0,0,0,28,0,0,0,0,0,0,0,0,0,0,0,0,0,0,0,0,0,0,0,0,0,0,0,0,0,0,0,0,3578
fb75c05e-1b88-4eee-8957-ae8641e7ba62,SCISSORS,13,0,0,89,0,0,0,0,0,0,0,0,0,0,0,0,0,0,0,0,0,0,165,0,2,199,7,0,0,0,0,6,0,0,0,0,0,0,0,0,0,0,0,0,0,0,3234,0,0,0,0,0,0,0,0,0,0,0,0,0,0,1,0,115,0,0,0,0,123,2,3,167,0,0,0,0,0,0,0,0,0,0,0,0,0,0,4,49,0,4,0,0,3606,0,163,0,0,2,1,0,0,55,0,0,0,0,0,0,0,104,0,0,0,0,2,41,87,1,5,0,0,0,0,0,0,0,0,0,0,6,0,0,0,0,0,0,1,0,3612
5656f061-7054-446e-aafc-fbbcd455ec21,PAPER,11,0,0,172,0,0,0,0,0,0,0,0,0,0,0,12,0,0,0,0,0,0,91,0,0,95,0,0,0,0,0,0,0,0,0,0,0,0,0,0,0,0,0,1,0,0,3246,0,0,0,0,0,0,0,0,0,0,0,0,0,0,0,0,91,0,0,0,0,61,0,0,11,0,0,0,0,0,0,173,0,0,0,0,0,0,0,21,0,14,0,0,0,3615,0,149,0,0,0,0,0,0,0,0,0,0,0,0,0,0,64,0,0,0,0,1,60,39,1,2,0,0,0,0,0,55,0,0,0,0,0,0,0,0,0,0,0,0,0,3627
3a5123ad-2a8b-4f8c-9622-82fb6a1b46ff,SCISSORS,8,0,0,96,0,0,0,0,0,0,0,0,0,0,0,0,0,0,0,0,0,0,112,0,1,54,2,0,0,0,0,0,0,0,0,0,0,0,0,0,0,0,0,0,0,0,3255,0,0,0,0,0,0,0,0,0,0,0,0,0,0,0,0,95,0,0,0,0,0,0,2,62,1,0,0,0,0,0,79,0,0,0,0,0,0,0,0,2,0,24,0,0,3632,0,87,0,0,2,0,0,0,31,0,0,0,0,0,0,0,0,0,0,0,0,2,85,21,0,2,0,0,0,0,0,28,0,0,0,0,6,0,0,0,0,0,0,1,0,3644
8f94003c-7176-47fb-a5bd-9a20aca9a9be,SCISSORS,10,0,0,187,0,0,0,0,0,0,0,0,0,0,0,0,0,0,0,0,0,0,116,1,1,143,6,0,0,0,0,0,0,0,0,0,0,0,0,0,0,4,0,0,0,0,3281,0,0,0,0,0,0,0,0,0,0,0,0,0,0,16,0,77,0,0,0,0,83,5,74,106,0,0,0,0,0,0,96,0,0,0,0,0,0,0,0,0,0,1,0,0,3660,0,105,0,0,0,0,0,0,26,0,0,0,0,0,0,0,15,0,0,0,0,0,0,109,4,5,0,0,0,0,0,146,0,0,0,0,48,0,0,0,0,0,0,0,0,3669
8b13b8e3-c25e-4855-be86-558be3cfb17a,SCISSORS,7,0,0,114,0,0,0,0,0,0,0,0,0,0,0,0,0,0,0,0,0,0,86,2,0,126,1,0,0,0,0,0,0,0,0,0,0,0,0,0,0,11,0,0,0,0,3293,0,0,0,0,0,0,0,0,0,0,0,0,0,0,29,0,79,0,0,0,0,123,2,6,58,1,0,0,0,0,0,40,0,0,0,0,0,0,0,0,1,0,1,0,0,3694,0,167,0,0,0,0,0,0,46,0,0,0,0,0,0,1,33,0,0,0,0,0,0,39,3,1,0,0,0,0,0,0,0,0,0,0,49,0,0,0,0,0,0,1,0,3683
919e78fa-9947-4ff6-93b6-29abb2fac766,ROCK,9,0,0,51,0,0,54,0,0,1,0,0,0,2,0,0,0,0,0,0,0,0,7,2,0,106,0,0,0,0,0,0,0,0,0,0,0,0,0,0,0,0,0,0,0,0,3307,0,0,0,0,0,0,0,0,0,0,0,0,0,0,0,0,41,0,0,0,0,60,85,2,34,1,0,0,0,0,0,0,0,0,0,0,0,0,0,0,0,0,0,0,0,3704,0,76,0,0,0,0,0,0,0,0,0,0,0,0,2,0,58,0,0,0,0,0,29,8,0,0,0,0,0,0,0,0,0,0,0,0,0,0,0,0,1,0,49,0,0,3694
ce37d416-3691-4419-b3ad-bcb3c49f21c4,ROCK,12,0,0,146,0,1,1,0,0,67,0,0,0,1,0,0,0,0,0,0,0,1,5,1,0,172,0,0,0,0,0,0,0,0,0,0,0,0,0,0,0,0,1,0,1,0,3330,0,0,0,0,0,0,0,0,0,0,0,0,0,0,0,0,63,0,0,0,0,79,23,78,20,2,0,0,0,0,0,132,0,0,0,0,0,0,0,0,0,0,0,0,0,3720,0,173,0,0,0,0,0,0,0,0,0,0,0,0,1,0,0,0,0,0,0,0,44,21,2,2,0,0,0,0,0,99,0,0,0,0,0,0,0,0,53,0,2,0,0,3712
c42a8511-c734-46dd-9367-74749cc1da05,ROCK,10,0,31,136,0,0,0,0,0,30,0,0,0,0,0,0,0,0,0,0,0,2,0,0,0,0,0,0,0,0,0,0,0,0,0,0,0,0,0,0,0,0,1,0,0,0,3337,0,0,0,0,0,0,0,0,39,0,0,0,0,0,0,0,0,0,0,0,0,127,0,2,25,1,0,0,0,0,0,6,0,0,0,0,0,0,0,0,0,0,0,0,0,3734,0,69,0,0,0,0,0,0,0,0,0,0,0,0,10,0,0,0,0,0,0,0,99,20,0,0,0,0,0,0,0,0,0,0,0,0,0,0,0,0,1,0,1,0,0,3721
80376b0c-c7cf-4a84-8155-af82e11065eb,ROCK,12,0,0,124,0,0,3,0,0,62,0,0,0,0,0,0,1,0,0,0,0,0,0,0,0,49,0,0,0,0,0,16,0,0,0,0,0,0,0,0,0,0,0,0,2,0,3352,0,0,0,0,0,0,0,0,46,0,0,0,0,0,0,0,0,0,0,0,0,157,0,2,44,5,0,0,0,0,0,3,0,0,0,0,0,0,0,0,0,0,0,0,0,3750,0,99,0,0,0,0,0,0,0,0,0,0,0,0,42,0,0,0,0,0,0,0,106,1,5,1,0,0,0,0,0,0,0,0,0,0,0,0,0,0,2,0,1,0,0,3733
dba2df19-82c3-4cea-bb1f-69176d8515fc,ROCK,6,0,0,155,0,2,0,0,0,41,0,0,0,0,0,0,0,0,0,0,0,1,34,0,0,88,0,0,0,0,0,0,0,0,0,0,0,0,0,0,0,13,0,0,1,0,3366,0,0,0,0,0,0,0,0,63,0,0,0,0,0,0,0,0,0,0,0,0,134,0,35,12,1,0,0,0,0,0,85,0,0,0,0,0,0,0,0,5,0,0,0,0,3761,0,185,0,0,0,0,0,0,0,0,0,0,0,0,2,0,0,0,0,0,0,0,82,38,0,2,0,0,0,0,0,0,0,0,0,0,0,0,0,0,26,0,0,0,0,3744
dd19b083-5a8f-43af-9433-dd759b91e60e,SCISSORS,11,0,0,151,0,0,0,0,0,0,0,0,0,0,0,0,0,0,0,0,0,0,91,1,1,80,0,0,0,0,0,0,0,0,0,0,0,0,0,0,0,0,0,0,0,0,3374,0,0,0,0,0,0,0,0,54,0,0,0,0,0,0,0,0,0,0,0,0,147,2,0,71,1,0,0,0,0,4,0,0,0,0,0,0,0,0,4,41,0,0,0,0,3777,0,74,0,0,2,1,0,0,43,0,0,0,0,0,0,0,0,0,0,0,0,2,96,56,5,5,0,0,0,0,0,40,0,0,0,0,0,0,0,0,0,0,0,0,0,3782
83880448-b5fb-4565-a290-2fc7a7d6d9c4,SCISSORS,9,0,10,199,0,0,0,0,0,0,0,0,0,0,0,0,0,0,0,0,0,0,140,0,0,88,0,0,0,0,0,0,0,0,0,0,0,0,0,0,0,0,0,0,0,0,3383,0,0,0,0,0,0,0,0,90,0,0,0,0,0,2,0,0,0,0,0,0,104,0,39,23,1,6,0,0,0,0,0,0,0,0,0,2,0,0,141,2,0,27,0,0,3806,0,0,0,0,1,0,0,0,32,0,0,0,0,0,0,2,131,0,0,0,0,0,0,47,3,1,0,0,0,0,0,197,0,0,0,0,22,0,0,0,0,0,0,1,0,3810
6fd208f4-e3be-48ac-88af-e691b3eaf3b9,ROCK,10,0,0,84,0,1,2,0,0,49,0,0,0,2,0,0,0,0,0,0,0,1,110,3,0,24,0,0,0,0,0,0,0,0,0,0,0,0,0,0,0,6,1,0,0,0,3409,0,0,0,0,0,0,0,0,41,0,0,0,0,0,0,0,0,0,0,0,0,176,2,41,4,5,0,0,0,0,0,0,0,0,0,0,0,0,0,0,14,0,0,0,0,3828,0,3,0,0,0,0,0,0,0,0,0,0,0,0,1,0,0,0,0,0,0,1,43,48,1,3,0,0,0,0,0,160,0,0,0,0,0,0,0,0,0,0,23,0,0,3826
ad531d71-46c2-40aa-bead-c0ce72007569,ROCK,17,0,118,239,0,2,1,0,0,55,0,0,0,0,0,0,0,5,0,0,0,2,34,1,0,151,1,0,0,0,0,0,0,0,0,0,0,0,0,0,0,0,1,0,2,0,3435,0,0,0,0,0,0,0,0,58,0,0,0,0,0,0,0,0,0,0,0,0,197,3,1,124,7,9,0,0,0,0,206,0,0,0,0,7,0,0,0,0,0,0,0,0,3861,0,48,0,0,0,0,0,0,0,0,0,0,0,0,1,0,0,0,0,0,0,0,81,92,4,3,0,0,0,0,0,229,0,0,0,0,72,0,0,0,80,0,2,0,0,3856
bd0c5169-924a-4c9b-926f-237bd55c90f5,ROCK,13,0,0,276,0,2,27,0,0,1,0,0,0,1,0,0,2,0,0,0,0,1,4,0,0,175,0,0,0,0,0,12,0,0,0,0,0,0,0,0,0,7,3,0,1,0,3476,0,0,0,0,0,0,0,0,39,0,0,0,0,0,0,0,0,0,0,0,0,17,0,28,2,1,56,0,0,0,0,369,0,0,0,0,0,0,0,0,0,0,0,0,0,3874,0,1,0,0,0,0,0,0,0,0,0,0,0,0,1,0,0,0,0,0,0,0,25,20,2,1,0,0,0,0,0,418,0,0,0,0,0,0,0,0,19,0,25,0,0,3876
2a03298f-84ac-4d94-b6ee-edf583fdb685,PAPER,12,0,1,279,0,0,0,0,0,0,0,0,0,0,0,10,0,0,0,0,0,0,20,0,2,239,1,0,0,0,0,0,0,0,0,0,0,0,0,0,0,0,0,0,0,0,3498,0,73,0,0,2,0,0,0,0,0,0,0,1,0,0,0,0,0,0,0,0,33,2,3,65,1,50,0,0,0,29,282,0,0,0,0,0,0,0,0,1,10,0,0,0,3911,0,1,0,0,0,0,0,0,0,0,0,0,0,0,0,0,81,0,0,0,0,2,78,106,1,6,0,0,0,0,0,177,0,0,0,0,100,0,0,0,0,0,0,0,0,3908
288ea89c-5cd9-4946-b5bc-49d1a118d154,SCISSORS,16,0,0,275,0,0,0,0,0,0,0,0,0,0,0,0,0,0,0,0,0,0,101,0,0,197,1,0,0,0,0,0,0,0,0,0,0,0,0,0,0,0,0,0,0,0,3515,0,147,0,0,0,0,0,0,0,0,0,0,0,0,41,0,0,0,0,0,0,0,0,4,54,1,0,0,0,0,110,197,0,0,0,0,0,0,0,0,17,0,3,0,0,3936,0,198,0,0,1,0,0,0,45,0,0,0,0,0,0,0,49,0,0,0,0,0,39,70,5,1,0,0,0,0,0,132,0,0,10,0,23,0,0,0,0,0,0,1,0,3931
b4aeb612-57e0-45d9-8c65-f4e11989165e,ROCK,7,0,0,107,0,1,0,0,0,62,0,0,0,1,0,0,0,0,0,0,0,1,31,0,0,86,0,0,0,0,0,0,0,0,0,0,0,0,0,0,0,0,0,0,1,0,3531,0,28,0,0,0,0,0,0,0,0,0,0,0,0,0,0,0,0,0,0,0,69,0,3,30,1,0,0,0,0,0,128,0,0,0,0,0,0,0,0,31,0,0,0,0,3950,0,119,0,0,0,0,0,0,0,0,0,0,0,0,43,0,46,0,0,0,0,0,16,12,2,0,0,0,0,0,0,0,0,0,0,0,32,0,0,0,18,0,2,0,0,3948
3f010422-fdd6-4739-a114-0a4052f30507,SCISSORS,8,0,0,154,0,0,0,0,0,0,0,0,0,0,0,0,0,0,0,0,0,0,0,0,3,162,0,0,0,0,0,0,0,0,0,0,0,0,0,0,0,0,0,0,0,0,3541,0,50,0,0,0,0,0,0,0,0,0,0,0,0,3,0,0,0,0,0,0,75,2,1,64,1,4,0,0,0,0,86,0,0,0,0,3,0,0,0,0,0,30,0,0,3971,0,111,0,0,2,1,0,0,37,0,0,0,0,0,0,1,12,0,0,0,0,2,64,81,6,2,0,0,0,0,0,0,0,0,0,0,0,0,0,0,0,0,0,0,0,3981
5c07b31f-8f39-47cd-b114-75d78513cf92,SCISSORS,18,0,0,102,0,0,0,0,0,0,0,0,0,0,0,0,0,0,0,0,0,0,48,0,0,110,0,0,0,0,0,0,0,0,0,0,0,0,0,0,0,0,0,0,0,0,3546,0,66,0,0,0,0,0,0,0,0,0,0,0,0,13,0,0,0,0,0,0,58,0,0,29,1,4,0,0,0,0,89,0,0,0,0,0,0,0,0,0,0,0,0,0,3980,0,130,0,0,0,0,0,0,17,0,0,0,0,0,0,0,42,0,0,0,0,0,0,33,1,0,0,0,0,0,0,0,0,0,0,0,35,0,0,0,0,0,0,2,0,3993
487fdb8c-e114-4d7d-aede-a93b517caed2,ROCK,16,0,0,127,0,1,0,0,0,48,0,0,1,4,0,0,1,0,0,0,0,0,48,0,0,159,0,0,0,0,0,0,0,0,0,0,0,0,0,0,0,0,1,0,2,0,3579,0,31,0,0,0,0,0,0,0,0,0,0,0,0,0,0,0,0,0,0,0,102,0,19,3,1,0,0,0,0,0,236,0,0,0,0,0,0,0,0,0,0,0,0,0,3990,0,339,0,0,0,0,0,0,0,0,0,0,0,0,0,0,0,0,0,0,0,0,21,2,0,0,0,0,0,0,0,0,0,0,0,0,0,0,0,0,3,0,27,0,0,4003
6ba099e7-5701-4af5-b577-c9af99f23d9a,ROCK,19,0,0,19,0,0,2,0,0,79,0,0,0,2,0,0,1,0,0,0,0,2,2,0,0,54,0,0,0,0,0,0,0,0,0,0,0,0,0,0,0,0,1,0,0,0,3600,0,31,0,0,0,0,0,0,0,0,0,0,0,0,0,0,0,0,0,0,0,91,0,17,1,2,2,0,0,0,0,0,0,0,0,0,0,0,0,18,0,0,0,0,0,3998,0,86,0,0,0,0,0,0,0,0,0,0,0,0,4,0,0,0,0,0,0,0,34,7,0,0,0,0,0,0,0,0,0,0,0,0,0,0,0,0,0,0,31,0,0,4013
e9fed428-66c4-4b79-b612-0350472b08ff,SCISSORS,20,0,0,120,0,0,0,0,0,0,0,0,0,0,0,0,0,0,0,0,0,0,58,0,1,67,1,0,0,0,0,0,0,0,0,0,0,23,0,0,0,0,0,0,0,0,3609,0,29,0,0,0,0,0,0,0,0,0,0,0,0,1,0,0,0,0,0,0,15,22,1,73,3,0,0,0,0,0,87,0,0,0,0,0,0,0,0,39,0,0,0,0,4015,0,139,0,0,0,1,0,0,41,0,0,0,2,0,0,1,0,0,0,0,0,0,0,59,4,2,0,0,0,0,21,0,0,0,0,0,0,0,0,0,0,0,0,0,0,4037
ddf36ad4-9d6f-44ea-b2ae-ebd525f66736,SCISSORS,13,0,24,208,0,0,0,0,0,0,0,0,0,0,0,0,0,0,0,0,0,0,93,0,0,181,0,0,0,0,0,0,0,0,0,0,0,0,0,0,0,0,0,0,0,0,3619,0,61,0,0,0,0,0,0,0,0,0,0,0,0,0,0,0,0,0,0,0,1,104,0,21,2,0,0,0,0,0,280,0,0,0,0,0,0,0,0,2,0,35,0,0,4036,0,158,0,0,2,0,0,0,37,0,0,0,1,0,0,3,202,0,0,0,0,0,0,64,1,2,0,0,0,0,0,0,0,0,0,0,35,0,0,0,0,0,0,1,0,4060
487c171c-35d9-4aaf-a8e7-fc3d96922657,SCISSORS,11,0,0,25,0,0,0,0,0,0,0,0,0,0,0,0,0,0,0,0,0,0,84,0,0,30,0,0,0,0,0,0,0,0,0,0,0,0,0,0,0,0,0,0,0,0,3622,0,47,0,0,0,0,0,0,0,0,0,0,0,0,16,0,0,0,0,0,0,0,56,1,17,0,0,0,0,0,0,0,0,0,0,0,0,0,0,0,1,0,1,0,0,4047,0,118,0,0,0,1,0,0,19,0,0,0,1,0,0,0,0,0,0,0,0,0,0,0,0,0,0,0,0,0,0,0,0,0,0,0,0,0,0,0,0,0,0,0,0,4066
1fe0ee67-30bd-41c2-8612-ce104275be64,ROCK,15,0,0,111,0,0,32,0,0,1,0,0,0,0,0,0,0,0,0,0,0,1,68,1,0,20,0,0,0,0,0,0,0,0,0,0,0,2,0,0,0,0,2,0,0,0,3642,0,87,0,0,0,0,0,0,0,0,0,0,0,0,0,0,0,0,0,0,0,3,109,37,2,0,0,0,0,0,0,0,0,0,0,0,0,0,0,0,0,0,0,0,0,4059,0,149,0,0,0,0,0,0,0,0,0,0,0,0,1,0,0,0,0,0,0,0,0,35,2,2,0,0,0,0,0,0,0,0,0,0,0,0,0,0,49,0,0,0,0,4078
7abb7dae-d5cd-4a11-a4f5-31b83744b2c8,ROCK,15,0,0,127,0,1,0,0,0,47,0,0,0,0,0,0,1,0,0,0,0,1,0,0,0,65,0,0,0,0,0,0,0,0,0,0,0,0,0,0,0,0,0,0,0,0,3657,0,37,0,0,0,0,0,0,0,0,0,2,0,0,0,0,0,0,0,0,0,56,49,0,0,0,0,0,0,0,0,0,0,0,0,0,0,0,0,98,0,0,0,0,0,4069,0,132,0,0,0,0,0,0,0,0,0,0,0,0,27,0,0,0,0,0,0,0,16,11,0,0,0,0,0,0,0,0,0,0,0,0,0,0,0,0,51,0,5,0,0,4093
daa0343a-177e-4d26-8586-55e80c3ac232,ROCK,10,0,0,78,0,2,0,0,0,106,0,0,0,1,0,0,3,0,0,0,0,1,49,4,0,50,0,0,0,0,0,0,0,0,0,0,0,0,0,0,0,0,0,0,2,0,3685,0,23,0,0,0,0,0,0,0,0,0,0,0,0,0,0,0,0,0,0,0,43,0,5,127,3,0,0,0,0,0,95,0,0,0,0,0,0,0,0,0,0,0,0,0,4086,0,181,0,0,0,0,0,0,0,0,0,0,0,0,48,0,0,0,0,0,0,0,65,0,0,0,0,0,0,0,0,0,0,0,0,0,0,0,0,0,1,0,1,0,0,4101
248dd496-9087-4611-836d-a6d722515c09,SCISSORS,13,0,0,62,0,0,0,0,0,0,0,0,0,0,0,0,0,0,0,0,0,0,0,0,0,87,0,0,0,0,0,0,0,0,0,0,0,0,0,0,0,0,0,0,0,0,3686,0,56,0,0,0,0,0,0,0,0,0,0,0,0,0,0,0,0,0,0,0,16,1,32,34,1,0,0,0,0,0,0,0,0,0,0,0,0,0,0,0,0,9,0,0,4096,0,90,0,0,0,0,0,0,10,0,0,0,2,0,0,0,0,0,0,0,0,0,32,0,0,0,0,0,0,0,0,15,0,0,0,0,0,0,0,0,0,0,0,0,0,4107
b4a6f96e-dba0-48be-ba8f-0f29eed04bf1,ROCK,18,0,0,75,0,2,3,0,0,1,0,0,0,1,0,0,2,0,0,0,0,72,0,0,0,102,0,0,0,0,0,0,0,0,0,0,0,0,0,0,0,0,1,0,1,0,3713,0,48,0,0,0,0,0,0,0,0,0,0,0,0,0,0,0,0,0,0,0,34,99,0,15,0,6,0,0,0,0,58,0,0,0,0,0,0,0,0,0,0,0,0,0,4102,0,5,0,0,0,0,0,0,0,0,0,0,0,0,1,0,0,0,0,0,0,2,28,8,1,0,0,0,0,0,0,154,0,0,0,0,0,0,0,0,2,0,59,0,0,4123
7034a71b-7c56-4297-8bd4-78ef5141add2,SCISSORS,17,0,0,162,0,0,0,0,0,0,0,0,0,0,0,0,0,0,0,0,0,0,50,4,0,93,0,0,0,0,0,0,0,0,0,0,0,0,0,0,0,0,0,0,0,0,3727,0,52,0,0,0,0,0,0,0,0,0,0,0,0,8,0,0,0,0,0,0,0,16,2,30,2,0,0,0,0,0,199,0,0,0,0,0,0,0,0,0,0,0,0,0,4116,0,0,0,0,0,1,0,0,9,0,0,0,0,0,0,1,11,0,0,0,0,0,16,24,2,1,0,0,0,0,0,205,0,0,0,0,39,0,0,0,0,0,0,0,0,4138
804a5a54-07bd-44bc-b0ed-afd51b80552a,ROCK,12,0,0,55,0,0,1,0,0,72,0,0,0,1,0,0,2,3,0,0,0,1,61,0,0,62,0,0,0,0,0,0,0,0,0,0,0,6,0,0,0,0,2,0,0,0,3751,0,64,0,0,0,0,0,0,0,0,0,0,0,0,0,0,0,0,0,0,0,85,0,1,30,0,0,0,0,0,0,86,0,0,0,0,0,0,0,0,0,0,0,0,0,4121,0,26,0,0,0,0,0,0,0,0,0,0,0,0,5,0,36,0,0,0,0,0,0,9,0,0,0,0,0,0,0,142,0,0,0,0,0,0,0,0,47,0,1,0,0,4151
01a8b1b8-b51b-465e-8a27-eddeca1648f2,SCISSORS,19,0,0,104,0,0,0,0,0,44,0,0,0,0,0,0,0,0,0,0,0,0,55,1,2,114,1,0,0,0,0,0,0,0,0,0,0,5,0,0,0,0,0,0,0,0,3767,0,89,0,0,0,0,0,0,0,0,0,0,0,0,0,0,0,0,0,0,0,57,23,18,2,1,0,0,0,0,0,107,0,0,0,0,0,0,0,0,0,0,29,0,0,4140,0,75,0,0,3,2,0,0,28,0,0,0,1,0,0,0,1,0,0,0,0,1,9,32,0,0,16,0,0,0,0,127,0,0,0,0,29,0,0,0,0,0,0,2,0,4178
31230f3d-65e1-4ee9-aa78-3d3f879fb60b,ROCK,11,0,0,134,0,1,1,0,0,2,0,0,0,5,0,0,3,0,0,0,51,88,33,0,0,19,0,0,0,0,0,0,0,0,0,0,0,0,0,0,0,0,0,0,3,0,3801,0,44,0,0,0,0,0,0,0,0,0,0,0,0,0,0,0,0,0,0,0,34,108,0,0,0,0,0,0,0,145,0,0,0,0,0,0,0,0,9,0,0,0,0,0,4149,0,36,0,0,0,0,0,0,0,0,0,0,0,0,28,0,0,0,0,0,0,17,12,10,0,1,44,0,0,0,0,176,0,0,0,0,14,0,0,0,0,0,2,0,0,4193
bfa90cb8-340e-4279-95ea-a2694a9fa9ca,ROCK,18,0,0,99,0,0,15,0,0,1,0,0,13,0,0,0,0,0,0,0,0,43,0,0,0,65,0,0,0,0,0,0,0,0,0,0,0,0,0,0,0,0,0,0,0,0,3816,0,74,0,0,0,0,0,0,0,0,0,0,0,0,0,0,0,0,0,0,0,0,77,37,0,0,0,0,0,0,0,0,0,0,0,0,0,0,0,48,0,0,0,0,0,4158,0,0,0,0,0,0,0,0,0,0,0,0,0,0,2,0,0,0,0,0,0,40,0,26,0,1,0,0,0,0,0,137,0,0,0,0,0,0,0,0,28,0,2,0,0,4204
c6169900-2eaf-4758-a0bc-91ecb6a05f1e,ROCK,5,0,0,169,0,2,0,0,0,33,0,0,0,1,0,0,0,0,0,0,0,0,21,1,0,237,0,0,0,0,0,0,0,0,0,0,0,0,0,0,0,0,1,0,1,0,3836,0,45,0,0,0,0,0,0,0,0,0,0,0,0,0,0,0,0,0,0,0,1,92,3,62,0,0,0,0,0,7,256,0,0,0,0,0,0,0,0,0,0,0,0,0,4176,0,79,0,0,0,0,0,0,0,0,0,0,0,0,3,0,45,0,0,0,0,0,20,59,3,1,3,0,0,0,0,145,0,0,0,0,60,0,0,0,22,0,26,0,0,4230
360d6143-b979-4255-9cd9-fa21479179d5,SCISSORS,15,0,0,77,0,0,0,0,0,0,0,0,0,0,0,0,0,0,0,0,0,0,51,2,0,13,1,0,0,0,0,0,0,0,0,0,0,0,0,0,0,0,0,0,0,0,3846,0,45,0,0,0,0,0,0,0,0,0,0,0,0,1,0,0,0,0,0,0,1,58,1,26,0,0,0,0,0,0,0,0,0,0,0,0,0,0,0,11,0,1,0,0,4187,0,0,0,0,1,0,0,0,15,0,0,0,0,0,0,0,0,0,0,0,0,0,39,0,0,0,0,0,0,0,0,88,0,0,0,0,0,0,0,0,0,0,0,1,0,4237
e283dcb0-78de-4a40-ab71-4d7de000c20f,PAPER,16,0,0,104,0,0,0,0,0,0,0,0,0,0,0,0,0,0,0,0,0,0,64,0,0,31,0,0,0,0,0,0,0,0,0,0,0,1,0,0,0,0,0,12,0,0,3853,0,39,0,0,0,0,0,0,1,0,0,0,0,0,0,0,0,0,0,0,0,0,44,0,0,0,0,0,0,0,0,110,0,0,0,0,2,0,0,0,0,16,0,0,0,4195,0,0,0,0,0,0,0,0,0,0,0,0,0,0,0,0,0,0,0,0,0,1,47,14,0,2,0,0,0,0,0,148,0,0,0,0,0,0,0,0,0,0,0,0,0,4245
2ab5ff24-24ab-496e-ac16-2dd5bb81e4d5,SCISSORS,12,0,0,194,0,0,0,0,0,0,0,0,0,0,0,0,0,0,0,0,0,0,72,1,1,130,1,0,0,0,0,0,0,0,0,0,0,0,0,0,0,0,0,0,0,0,3867,0,47,0,0,0,0,0,0,0,0,0,0,0,0,0,0,0,0,0,0,0,0,16,31,29,0,0,0,0,0,41,235,0,0,0,0,0,0,0,0,0,0,0,0,0,4205,0,0,0,0,0,0,0,0,5,0,0,0,0,0,0,0,0,0,0,0,0,0,19,63,1,2,0,0,0,0,0,276,0,0,0,0,33,0,0,0,0,0,0,0,0,4260
5fe7dc80-b3e5-4c19-a48b-3c063c5ef542,ROCK,13,0,0,276,0,0,1,0,0,0,0,0,0,0,0,0,1,0,0,0,0,54,53,0,0,260,0,0,0,0,0,14,0,0,0,0,0,0,0,0,0,0,0,0,0,0,3886,0,26,0,0,0,0,0,0,0,0,0,0,0,0,0,0,0,0,0,0,0,3,130,38,55,0,0,0,0,0,0,404,0,0,0,0,0,0,0,3,0,0,0,0,0,4233,0,109,0,0,0,0,0,0,0,0,0,3,0,0,18,0,139,0,0,0,0,0,30,114,4,7,0,0,0,0,0,182,0,0,0,0,53,0,0,0,0,0,0,0,0,4295
58c2d0ee-7042-4f3c-a722-4271e4ec4bb8,SCISSORS,10,0,0,60,0,0,0,0,0,0,0,0,0,0,0,0,0,0,0,0,0,23,22,0,0,74,0,0,0,0,0,0,0,0,0,0,0,0,0,0,0,0,0,0,0,0,3893,0,23,0,0,0,0,0,0,0,0,0,0,0,0,11,0,0,0,0,0,0,0,31,0,9,0,0,0,0,0,0,105,0,0,0,0,0,0,0,0,0,0,0,0,0,4239,0,0,0,0,0,0,0,0,11,0,0,0,1,0,0,1,7,0,0,0,0,0,23,0,0,0,0,0,0,0,0,136,0,0,0,0,0,0,0,0,0,0,0,0,0,4301
a5832a45-c775-46de-987b-1a43cdca6c7d,ROCK,16,0,0,139,0,0,38,0,0,0,0,0,8,1,0,0,1,0,0,0,0,1,68,3,0,52,0,0,0,0,0,0,0,0,0,0,0,0,0,0,0,0,0,0,1,0,3915,0,38,0,0,0,0,0,0,0,0,0,0,0,0,0,0,0,0,0,0,0,2,105,1,47,0,0,0,0,0,0,88,0,0,0,0,0,0,0,31,0,0,0,0,0,4253,0,12,0,0,0,0,0,0,0,0,0,0,0,0,1,0,28,0,0,0,0,0,20,23,3,2,0,0,0,0,0,196,0,0,0,0,0,0,0,0,1,0,26,0,0,4319
8d1f5617-c1f2-45aa-9e2b-7f8cc07c25d2,PAPER,19,0,0,162,0,0,0,0,0,0,0,0,0,0,0,0,0,0,0,0,0,0,0,0,0,81,2,0,0,0,0,0,0,0,0,0,0,0,0,0,19,20,0,0,0,0,3926,0,34,0,0,1,1,0,0,0,0,0,0,0,0,0,0,0,0,0,0,0,0,45,0,0,0,0,0,0,0,0,181,0,0,0,0,18,0,0,0,0,4,0,0,0,4262,0,0,0,0,0,0,0,0,0,0,0,0,0,0,0,0,0,0,0,0,0,0,73,38,1,0,0,0,0,0,0,154,0,0,0,0,18,0,0,0,0,0,0,0,0,4325
a56ef945-bb79-4f1c-8ee6-560bcce65b86,SCISSORS,20,0,0,84,0,0,0,0,0,0,0,0,0,0,0,0,0,0,0,0,0,0,46,0,0,102,0,0,0,0,0,0,0,0,0,0,0,0,0,0,0,41,0,0,0,0,3931,0,62,0,0,0,0,0,0,0,0,0,0,0,0,1,0,0,0,0,0,0,0,20,14,0,2,0,0,0,0,0,125,0,0,0,0,28,0,0,0,21,0,0,0,0,4274,0,0,0,0,1,2,0,0,20,0,0,0,0,0,0,1,44,0,0,0,0,0,41,31,0,0,0,0,0,0,0,86,0,0,0,0,46,0,0,0,0,0,0,1,0,4338
c90b5593-575f-4546-973a-730df05d440a,SCISSORS,16,0,0,143,0,0,0,0,0,0,0,0,0,0,0,0,0,0,0,0,0,0,46,0,0,88,0,0,0,0,0,0,0,0,0,0,0,0,0,0,0,0,9,0,0,0,3938,0,28,0,0,0,0,0,0,0,0,0,0,0,0,39,0,0,0,0,0,0,0,62,5,0,0,0,0,0,0,0,133,0,0,0,0,8,0,0,6,3,0,2,0,0,4294,0,11,0,0,0,3,0,0,48,0,0,0,0,0,0,0,48,0,0,0,0,0,1,12,1,1,0,0,0,0,0,102,0,0,0,0,51,0,0,0,8,0,0,0,0,4355
106f8668-39c0-4da0-9b4d-c8d5a4a1ff0a,ROCK,8,0,0,84,0,0,0,0,0,42,0,0,0,2,0,0,1,0,0,0,79,0,0,0,0,132,0,0,0,0,0,0,0,0,0,0,0,0,0,0,0,0,0,0,0,0,3952,0,66,0,0,0,0,0,0,0,0,0,0,0,0,0,0,0,0,0,0,0,47,36,21,1,1,0,0,0,0,0,140,0,0,0,0,28,0,0,0,0,0,0,0,0,4308,0,149,0,0,0,0,0,0,0,0,0,0,0,0,4,0,95,0,0,0,0,0,21,42,4,3,0,0,0,0,0,0,0,0,0,0,2,0,0,0,20,0,0,0,0,4383
46223c9d-ec63-466d-a27f-4c3d35da2bc4,PAPER,18,0,0,129,0,0,0,0,0,13,0,0,0,0,0,19,0,0,0,0,0,0,26,3,0,78,0,0,0,0,0,0,0,0,0,0,0,0,0,0,0,0,6,0,0,0,3964,0,41,0,0,0,0,0,0,1,0,0,0,0,0,0,1,0,0,0,0,0,13,0,5,48,0,0,0,0,0,0,131,0,0,0,0,0,0,0,3,0,31,0,0,0,4330,0,137,0,0,0,0,0,0,0,0,0,0,0,0,0,0,0,0,0,0,0,0,66,26,3,1,0,0,0,0,0,41,0,0,0,0,0,0,0,0,0,0,0,0,0,4397
b9e03e4a-0326-4d1b-aff5-0fc97ffaf02f,ROCK,13,0,0,57,0,1,2,0,0,2,0,0,0,3,0,0,0,0,0,0,0,74,39,0,0,104,0,0,0,0,0,0,0,0,0,0,0,0,0,0,0,0,2,0,0,0,3997,0,66,0,0,0,0,0,0,0,0,0,0,0,0,0,0,0,0,0,0,0,1,94,0,34,2,0,0,0,0,0,86,0,0,0,0,1,0,0,0,0,0,0,0,0,4343,0,147,0,0,0,0,0,0,0,0,0,0,0,0,40,0,0,0,0,0,0,1,69,20,0,0,0,0,0,0,0,0,0,0,0,0,0,0,0,0,4,0,3,0,0,4418
fd9bc603-b6a1-44c1-a5fe-013e7a88274d,ROCK,14,0,0,48,0,0,0,0,0,36,0,0,0,1,0,0,0,0,0,0,0,43,0,0,0,77,0,0,0,0,0,0,0,0,0,0,0,0,0,0,0,0,0,0,1,0,4007,0,27,0,0,0,0,0,0,0,0,0,0,0,0,0,0,0,0,0,0,0,1,93,1,45,1,0,0,0,0,0,38,0,0,0,0,0,0,0,0,0,0,0,0,0,4353,0,104,0,0,0,0,0,0,0,0,0,0,0,0,4,0,0,0,0,0,0,1,53,13,0,0,0,0,0,0,0,0,0,0,0,0,0,0,0,0,30,0,1,0,0,4433
5b38db0b-7c7a-4d5b-8442-f5e78a362ef7,ROCK,17,0,0,139,0,0,0,0,0,54,0,0,0,0,0,0,0,0,0,0,0,1,35,3,0,45,0,0,0,0,0,0,30,0,0,0,0,0,0,0,0,2,0,0,0,0,4028,0,72,0,0,0,0,0,0,0,0,0,0,0,0,0,0,0,0,0,0,0,0,107,1,42,4,0,0,0,0,20,22,0,0,0,0,38,0,0,3,0,0,0,0,0,4371,0,106,0,0,0,0,0,0,0,0,0,0,0,0,4,0,44,0,0,0,0,0,66,39,5,5,0,0,0,0,0,0,0,0,0,0,6,0,0,0,1,0,33,0,0,4466
1bf47dc4-4eb5-4629-8ab9-d54c35b966fe,ROCK,19,0,0,82,0,5,8,0,0,13,0,0,0,11,0,0,11,0,0,0,0,553,11,2,0,36,0,0,0,0,0,0,0,0,0,0,0,0,0,0,0,0,6,0,11,0,4161,0,36,0,0,0,0,0,0,0,0,0,0,0,0,0,0,0,0,0,0,0,0,34,1,639,1,0,0,0,0,0,38,0,0,0,0,0,0,0,0,0,0,0,0,0,4378,0,116,0,0,0,0,0,0,0,0,0,0,0,0,445,0,0,0,0,0,0,4,139,2,0,0,0,0,0,0,0,0,0,0,0,0,0,0,0,0,19,0,24,0,0,4556
29102161-9d26-43f1-8fcf-733b6d344ac4,SCISSORS,17,0,0,94,0,0,0,0,0,0,0,0,0,0,0,0,0,0,0,0,0,38,40,1,0,101,0,0,0,0,0,0,0,0,0,0,0,0,0,0,0,0,0,0,0,0,4174,0,25,0,0,0,0,0,0,0,0,0,0,0,0,0,0,0,0,0,0,0,14,0,1,57,0,0,0,0,0,0,170,0,0,0,0,0,0,0,0,0,0,7,0,0,4385,0,216,0,0,0,0,0,0,8,0,0,0,1,0,0,0,12,0,0,0,0,0,37,0,0,0,0,0,0,0,0,0,0,0,0,0,0,0,0,0,0,0,0,0,0,4561
baa137e1-baab-4731-95de-ccfcc15eb90b,SCISSORS,20,0,13,101,0,0,0,0,0,0,0,0,0,0,0,0,0,0,0,0,0,0,115,1,0,66,0,0,0,0,0,0,0,0,0,0,0,0,0,0,0,0,0,0,0,0,4180,0,25,0,0,0,0,0,0,0,0,0,0,0,0,1,0,0,0,0,0,0,46,15,0,15,0,0,0,0,0,0,154,0,0,0,0,0,0,0,0,8,0,32,0,0,4395,0,207,0,0,0,0,0,0,39,0,0,0,1,0,0,1,47,0,0,0,0,0,0,0,0,0,0,0,0,0,0,0,0,0,0,0,0,0,0,0,0,0,0,1,0,4570
3388a0c4-21e6-4367-ab4c-d03e8cce3885,ROCK,5,0,0,125,0,1,0,0,0,28,0,0,0,0,0,0,0,0,0,0,0,0,32,0,0,142,0,0,0,0,0,0,0,0,0,0,0,0,0,0,0,0,0,0,0,0,4190,0,32,0,0,0,0,0,0,0,0,0,0,0,0,0,0,0,0,0,0,0,0,95,36,1,3,0,0,0,0,0,159,0,0,0,0,2,0,0,0,0,0,0,0,0,4408,0,262,0,0,0,0,0,0,0,0,0,0,0,0,0,0,0,0,0,0,0,0,0,32,1,4,0,0,0,0,0,0,0,0,0,0,0,0,0,0,29,0,0,0,0,4579
26d4a3d7-aee6-4ea1-a356-643871cc3d26,SCISSORS,18,0,0,45,0,0,0,0,0,20,0,0,0,0,0,0,0,0,0,0,0,0,102,2,1,94,1,0,0,0,0,0,0,0,0,0,0,0,0,0,0,0,0,0,0,0,4205,0,53,0,0,0,0,0,0,0,0,0,0,0,0,0,0,0,0,0,0,0,59,23,1,78,5,0,0,0,0,0,0,0,0,0,0,3,0,0,0,41,0,2,0,0,4437,0,101,0,0,2,1,0,0,39,0,0,0,4,0,0,1,0,0,0,0,0,2,37,51,3,2,0,0,0,0,0,0,0,0,0,0,0,0,0,0,20,0,0,2,0,4617
6d779509-6582-41fe-8b18-eed5b7b5d8cc,SCISSORS,13,0,0,324,0,0,0,0,0,0,0,0,10,0,0,0,0,0,0,0,0,0,107,1,0,337,2,0,0,0,0,0,0,0,0,0,0,0,0,0,0,0,0,0,0,0,4228,0,79,0,0,0,0,0,0,0,0,0,0,0,0,40,0,0,0,0,0,0,117,3,44,2,0,0,0,0,0,0,445,0,0,0,0,47,0,0,0,1,0,3,0,0,4477,0,221,0,0,2,1,0,0,49,0,0,5,1,0,0,0,175,0,0,0,0,2,11,114,8,8,0,0,0,0,0,118,0,0,0,0,65,0,0,0,0,0,0,1,0,4681
f96a2975-a541-4a56-b0f8-99580861016a,ROCK,7,0,0,152,0,1,2,0,0,39,0,0,0,1,0,0,2,0,0,0,0,1,54,0,0,56,0,0,0,0,0,0,0,0,0,0,0,4,0,0,19,0,1,0,0,0,4254,0,30,0,0,0,0,0,0,0,0,0,0,0,0,0,0,0,0,0,0,0,119,0,25,3,0,0,0,0,0,0,152,0,0,0,0,0,0,0,3,0,0,0,0,0,4488,0,248,0,0,0,0,0,0,0,0,0,0,0,0,1,0,4,0,0,0,0,2,34,10,3,1,0,0,0,0,0,0,0,0,0,0,0,0,0,0,2,0,27,0,0,4702
e48b0f82-6fd0-40c5-baff-72be7a6d020c,ROCK,14,0,0,86,0,1,1,0,0,62,0,0,0,1,0,0,1,0,0,0,23,1,35,2,0,34,0,0,0,0,0,0,0,0,0,0,0,0,0,0,0,0,0,0,2,0,4279,0,51,0,0,0,0,0,0,0,0,0,0,0,0,0,0,0,0,0,0,0,151,1,35,1,1,0,0,0,0,0,0,0,0,0,0,9,0,0,0,0,0,0,0,0,4497,0,87,0,0,0,0,0,0,0,0,0,0,0,0,1,0,0,0,0,0,0,0,44,38,1,3,0,0,0,0,0,0,0,0,0,0,0,0,0,0,73,0,2,0,0,4719
79219ee9-3912-4ea4-aac5-2f2bd56f7275,PAPER,13,0,0,201,0,0,0,0,0,0,0,0,0,0,0,0,0,0,0,0,0,0,19,1,0,26,1,0,0,0,0,0,0,0,0,0,0,0,0,0,0,3,0,6,0,0,4290,0,49,0,0,0,1,0,0,0,0,0,0,1,0,0,1,0,0,0,0,0,40,0,0,0,0,0,0,0,0,0,0,0,0,0,0,21,0,0,128,2,14,0,0,0,4511,0,139,0,0,0,0,0,0,0,0,0,0,0,0,0,0,0,0,0,0,0,0,41,22,3,0,0,0,0,0,0,0,0,0,0,0,0,0,0,0,52,0,0,0,0,4731
7ddf5a68-73a1-442b-a7fb-1b7e394c8f17,ROCK,12,0,0,240,0,0,36,0,0,0,0,0,0,0,0,0,1,0,0,0,0,1,47,0,0,106,0,0,0,0,0,0,0,0,0,0,0,0,0,0,0,0,0,0,0,0,4303,0,156,0,0,0,0,0,0,0,0,0,0,0,0,0,0,0,0,0,0,0,80,0,0,8,1,0,0,0,0,0,0,0,0,0,0,0,0,0,186,0,0,0,0,0,4520,0,292,0,0,0,0,0,0,0,0,0,0,0,0,4,0,0,0,0,0,0,0,65,44,2,2,0,0,0,0,0,0,0,0,0,0,0,0,0,0,0,0,22,0,0,4751
72938efe-9e92-40de-aab2-e86b8dd70b07,ROCK,20,0,0,229,0,0,1,0,0,48,0,0,3,0,0,0,1,0,0,0,0,0,40,3,2,236,1,0,0,0,0,0,0,0,0,0,0,0,0,0,0,0,0,0,1,0,4336,0,152,0,0,0,0,0,0,0,0,0,0,0,0,0,0,0,0,0,0,0,64,54,4,127,4,0,0,0,0,0,0,0,0,0,0,56,0,0,104,0,0,0,0,0,4561,0,111,0,0,0,0,0,0,0,0,0,0,0,0,0,0,46,0,0,0,0,0,64,137,5,6,0,0,0,0,0,110,0,0,0,0,62,0,0,0,2,0,22,0,0,4796
d837e32f-d4c3-4f9e-beb8-519e245d3402,ROCK,14,0,0,31,0,0,1,0,0,105,0,0,0,1,0,0,1,0,0,0,0,2,23,1,0,31,0,0,0,0,0,0,0,0,0,0,0,0,0,0,0,0,1,0,1,0,4355,0,58,0,0,0,0,0,0,0,0,0,0,0,0,0,0,0,0,0,0,0,69,49,22,0,0,0,0,0,0,0,0,0,0,0,0,0,0,0,0,0,0,0,0,0,4565,0,95,0,0,0,0,0,0,0,0,0,0,0,0,1,0,0,0,0,0,0,0,49,7,0,0,0,0,0,0,0,0,0,0,0,0,0,0,0,0,2,0,44,0,0,4806
73701e93-98b0-458b-a83b-c6b24764fb40,ROCK,13,0,0,147,0,1,0,0,0,57,0,0,0,0,0,0,0,0,0,0,0,3,0,0,0,115,0,0,0,0,0,0,0,0,0,0,0,0,0,0,0,0,1,0,1,0,4379,0,108,0,0,0,0,0,0,0,0,0,4,0,0,0,0,0,0,0,0,0,71,0,2,23,1,0,0,0,0,0,0,0,0,0,0,1,0,0,115,0,0,0,0,0,4582,0,258,0,0,0,0,0,0,0,0,0,0,0,0,0,0,2,0,0,0,0,29,1,11,2,0,0,0,0,0,0,0,0,0,0,0,0,0,0,0,20,0,2,0,0,4819
2797b2a5-b4c0-4300-a56e-68f63dd3eb4b,ROCK,14,0,0,110,0,0,1,0,0,62,0,0,11,0,0,0,0,0,0,0,0,0,56,6,0,101,0,0,0,0,0,0,0,0,0,0,0,0,0,0,0,0,1,0,1,0,4405,0,94,0,0,0,0,0,0,0,0,0,0,0,0,0,0,0,0,0,0,0,134,2,70,5,1,0,0,0,0,0,0,0,0,0,0,28,0,0,15,0,0,0,0,0,4607,0,110,0,0,0,0,0,0,0,0,0,0,0,0,3,0,0,0,0,0,0,41,18,65,10,4,0,0,0,0,0,49,0,0,0,0,5,0,0,0,1,0,43,0,0,4848
01e778ed-f7a7-4617-b7ae-d41c45009a40,SCISSORS,16,0,0,128,0,0,0,0,0,0,0,0,0,0,0,0,0,0,0,0,0,0,9,0,0,82,0,0,0,0,0,0,0,0,0,0,0,0,0,0,0,32,0,0,0,0,4412,0,93,0,0,0,0,0,0,0,0,0,0,0,0,0,0,0,0,0,0,0,72,1,0,19,0,0,0,0,0,0,0,0,0,0,0,0,0,0,57,0,0,9,0,0,4619,0,89,0,0,0,0,0,0,12,0,0,0,0,0,0,0,39,0,0,0,0,0,48,37,8,1,0,0,0,0,0,0,0,0,0,0,17,0,0,0,0,0,0,0,0,4859
a0a0e2f7-ac22-4dc6-a3e7-a0d9d946534d,ROCK,11,0,0,59,0,0,0,0,0,46,0,0,0,0,0,0,1,0,0,0,0,0,0,0,0,52,0,0,0,0,0,0,0,0,0,0,0,0,0,0,0,14,1,0,2,0,4425,0,108,0,0,0,0,0,0,0,0,0,0,0,0,0,0,0,0,0,0,0,0,0,0,0,0,0,0,0,0,0,0,0,0,0,0,0,0,0,67,0,0,0,0,0,4621,0,104,0,0,0,0,0,0,0,0,0,0,0,0,3,0,17,0,0,0,0,0,16,2,1,0,0,0,0,0,0,0,0,0,0,0,0,0,0,0,30,0,2,0,0,4874
7d2c0701-eae4-43a9-b529-7a2666895afa,SCISSORS,19,0,0,95,0,0,0,0,0,0,0,0,0,0,0,0,0,0,0,0,0,0,46,1,0,169,0,0,0,0,0,0,0,0,0,0,0,0,0,0,0,0,0,0,0,0,4433,0,129,0,0,0,0,0,0,0,0,0,0,0,0,0,0,0,0,0,0,0,51,2,1,76,7,0,0,0,0,0,36,0,0,0,0,4,0,0,0,0,0,5,0,0,4650,0,158,0,0,0,1,0,0,10,0,0,0,0,0,0,0,20,0,0,0,0,0,18,35,2,1,0,0,0,0,0,55,0,0,0,0,11,0,0,0,0,0,0,0,0,4888
beda7645-2347-4fed-a6f4-cb72f7c909e3,ROCK,8,0,0,129,0,0,45,0,0,0,0,0,1,0,0,0,0,0,0,0,0,0,36,1,0,133,0,0,0,0,0,0,0,0,0,0,0,0,0,0,0,0,0,0,0,0,4445,0,24,0,0,0,0,0,0,0,0,0,0,0,0,0,0,0,0,0,0,0,89,0,24,0,1,0,0,0,0,0,204,0,0,0,0,0,0,0,3,0,0,0,0,0,4660,0,166,0,0,0,0,0,0,0,0,0,0,0,0,2,0,32,0,0,0,0,0,12,26,0,1,0,0,0,0,0,55,0,0,0,0,13,0,0,0,2,0,36,0,0,4905
99f9b189-6b14-4229-b845-997c9270b3f5,PAPER,11,0,0,660,0,0,0,0,0,0,0,0,0,0,0,0,0,0,0,0,0,0,15,2,0,423,1,0,0,0,0,0,0,0,0,0,0,20,0,0,0,0,0,5,0,0,4483,0,64,0,0,0,0,0,0,0,0,0,0,0,0,0,0,0,0,0,0,0,96,2,4,181,7,0,0,0,0,26,733,0,0,0,0,5,0,0,0,0,8,0,0,0,4705,0,132,0,0,0,0,0,0,0,0,0,0,0,0,0,0,445,0,0,0,0,1,67,180,7,8,0,0,0,0,0,265,0,0,0,0,21,0,0,0,0,0,0,0,0,4950
4d58aeee-14e6-4717-9bd1-626152dc62e0,SCISSORS,19,0,0,356,0,0,0,0,0,0,0,0,4,0,0,0,0,0,0,0,0,0,89,3,1,305,0,0,0,0,0,0,0,0,0,0,0,0,0,0,0,0,0,0,0,0,4506,0,98,0,0,0,0,0,0,0,0,0,0,0,0,0,0,0,0,0,0,0,71,1,5,140,12,0,0,0,0,0,410,0,0,0,0,12,0,0,0,1,0,8,0,0,4750,0,159,0,0,0,0,0,0,16,0,0,0,0,0,0,0,299,0,0,0,0,0,28,124,1,12,0,0,0,0,0,81,0,0,0,0,37,0,0,0,0,0,0,1,0,4986
78428d62-55ea-4cfa-a25f-c2acee57d94f,SCISSORS,9,0,0,92,0,0,0,0,0,0,0,0,0,0,0,0,0,0,0,0,0,0,15,0,0,143,0,0,0,0,0,0,0,0,0,0,0,0,0,0,0,0,0,0,0,0,4510,0,43,0,0,0,0,0,0,0,0,0,0,0,0,29,0,0,0,0,0,0,34,1,1,21,2,0,0,0,0,0,71,0,0,0,0,43,0,0,0,0,0,5,0,0,4779,0,17,0,0,2,0,0,0,32,0,0,0,1,0,0,0,0,0,0,0,0,0,0,60,2,1,0,0,0,0,0,103,0,0,0,0,0,0,0,0,32,0,0,0,0,5002
be1d284c-1b0f-46c7-8f47-8cde3b7a842a,ROCK,11,0,0,61,0,0,1,0,0,31,0,0,31,0,0,0,1,0,0,0,0,0,11,0,0,41,0,0,0,0,0,0,0,0,0,0,0,0,0,0,0,0,0,0,1,0,4523,0,36,0,0,0,0,0,0,0,0,0,0,0,0,0,0,0,0,0,0,0,67,1,1,38,1,0,0,0,0,0,27,0,0,0,0,7,0,0,0,0,0,0,0,0,4789,0,93,0,0,0,0,0,0,0,0,0,0,0,0,1,0,0,0,0,0,0,25,2,37,1,3,0,0,0,0,0,0,0,0,0,0,0,0,0,0,16,0,0,0,0,5015
06ffb7df-bddf-4ab0-a24e-bd3ec33c94c8,ROCK,9,0,0,70,0,0,1,0,0,49,0,0,25,0,0,0,0,0,0,0,0,0,17,0,0,68,0,0,0,0,0,0,0,0,0,0,0,0,0,0,0,0,0,0,1,0,4539,0,26,0,0,0,0,0,0,0,0,0,0,0,0,0,0,0,0,0,0,0,88,1,1,28,1,0,0,0,0,0,77,0,0,0,0,9,0,0,0,0,0,0,0,0,4803,0,132,0,0,0,0,0,0,0,0,0,0,0,0,1,0,0,0,0,0,0,22,24,19,0,1,0,0,0,0,0,0,0,0,0,0,0,0,0,0,31,0,1,0,0,5025
d6f78a16-8e9b-464a-96e6-5b2f9a2b4302,SCISSORS,11,0,0,91,0,0,0,0,0,0,0,0,0,0,0,0,0,0,0,0,0,0,66,0,3,96,1,0,0,0,0,0,0,0,0,0,0,0,0,0,0,0,0,0,0,0,4547,0,100,0,0,0,0,0,0,0,0,0,0,0,0,0,0,0,0,0,0,0,62,2,41,1,0,0,0,0,0,0,0,0,0,0,0,11,0,0,0,39,0,1,0,0,4816,0,144,0,0,1,0,0,0,43,0,0,0,0,0,0,0,0,0,0,0,0,0,16,34,1,1,0,0,0,0,0,16,0,0,0,0,0,0,0,0,0,0,0,1,0,5038
dd2948b3-d286-47e5-9f60-9b192083ad05,SCISSORS,9,0,0,63,0,0,0,0,0,0,0,0,0,0,0,0,0,0,0,0,0,0,57,1,0,76,0,0,0,0,0,0,0,0,0,0,0,0,0,0,0,0,0,0,0,0,4554,0,54,0,0,0,0,0,0,0,0,0,0,0,0,0,0,0,0,0,0,0,25,0,0,42,1,0,0,0,0,15,10,0,0,0,0,33,0,0,0,1,0,16,0,0,4829,0,0,0,0,0,2,0,0,17,0,0,0,0,0,0,0,19,0,0,0,0,0,0,34,0,4,0,0,0,0,0,111,0,0,0,0,10,0,0,0,0,0,0,0,0,5055
480141dd-6b63-4e5d-a6aa-1fe23ddd8541,ROCK,14,0,0,47,0,0,0,0,0,46,0,0,0,0,0,0,1,0,0,0,0,3,9,0,0,110,0,0,0,0,0,0,0,0,0,0,0,0,0,0,0,0,1,0,0,0,4569,0,68,0,0,0,0,0,0,0,0,0,0,0,0,0,0,0,0,0,0,0,0,0,64,3,7,0,0,0,0,0,59,0,0,0,0,16,0,0,0,0,0,0,0,0,4852,0,2,0,0,0,0,0,0,0,0,0,0,0,0,1,0,12,0,0,0,0,0,23,12,0,0,0,0,0,0,0,139,0,0,0,0,0,0,0,0,5,0,23,0,0,5068
aa5b696f-e516-43a1-baa5-58714a92ef55,PAPER,15,0,0,347,0,0,0,0,0,0,0,0,13,0,0,4,0,0,0,0,0,0,48,3,3,317,0,0,0,0,0,0,0,0,0,0,0,0,0,0,0,0,0,0,0,0,4596,0,29,0,0,0,0,0,0,0,0,0,0,0,0,0,1,0,0,0,0,0,9,1,1,94,2,0,0,0,0,0,580,0,0,0,0,13,0,0,0,0,5,0,0,0,4874,0,12,0,0,0,0,0,0,0,0,0,0,0,0,0,0,486,0,0,0,0,0,69,43,6,6,0,0,0,0,0,113,0,0,0,0,0,0,0,0,0,0,0,0,0,5103
628d99c1-5cec-4ef6-909d-bed16f0c4838,ROCK,12,0,0,26,0,0,2,0,0,54,0,0,0,2,0,0,0,0,0,0,0,0,50,0,0,121,0,0,0,0,0,0,0,0,0,0,0,0,0,0,0,0,1,0,0,0,4609,0,73,0,0,0,0,0,0,0,0,0,0,0,0,0,0,0,0,0,0,0,64,0,1,39,2,0,0,0,0,0,74,0,0,0,0,0,0,0,3,0,0,0,0,0,4885,0,2,0,0,0,0,0,0,0,0,0,0,0,0,0,0,140,0,0,0,0,0,69,5,0,0,0,0,0,0,0,0,0,0,0,0,0,0,0,0,0,0,40,0,0,5108
02dd4c90-aed0-44b5-bb33-2ce30ac4be80,ROCK,11,0,0,56,0,1,0,0,0,53,0,0,20,1,0,0,1,0,0,0,0,1,36,4,0,7,0,0,0,0,0,0,0,0,0,0,0,0,0,0,0,0,0,0,0,0,4626,0,28,0,0,0,0,0,0,0,0,0,0,0,0,0,0,0,0,0,0,0,111,1,2,37,1,0,0,0,0,0,0,0,0,0,0,0,0,0,0,0,0,0,0,0,4895,0,0,0,0,0,0,0,0,0,0,0,0,0,0,3,0,64,0,0,0,0,0,50,24,1,1,0,0,0,0,0,0,0,0,0,0,0,0,0,0,36,0,1,0,0,5122
c1a8b1cb-3604-4707-9d8d-f1fcfdeeb14f,PAPER,5,0,0,130,0,0,0,0,0,44,0,0,5,0,0,1,0,0,0,0,0,0,15,0,3,112,1,0,0,0,0,0,0,0,0,0,0,0,0,0,0,0,0,13,0,0,4645,0,76,0,0,0,2,0,0,0,0,0,0,1,0,0,0,0,0,0,0,0,71,4,3,34,0,0,0,0,0,0,116,0,0,0,0,0,0,0,0,0,17,0,0,0,4922,0,0,0,0,0,0,0,0,0,0,0,0,0,0,0,0,173,0,0,0,0,0,93,43,0,2,13,0,0,0,0,0,0,0,0,0,0,0,0,0,0,0,0,0,0,5131
39b73df0-bd9f-49d8-a7c7-027f60de4efe,SCISSORS,10,0,0,121,0,0,0,0,0,0,0,0,15,0,0,0,0,0,0,0,23,0,97,39,0,113,1,0,0,0,0,0,0,0,0,9,0,0,0,0,0,0,0,0,0,0,4671,0,79,0,0,0,0,0,0,0,0,0,0,0,0,1,0,0,0,0,0,0,17,0,6,177,9,0,0,0,0,0,115,0,0,0,0,0,0,0,0,1,0,13,0,0,4966,0,0,0,0,0,0,0,0,19,0,0,0,0,0,0,1,98,0,0,0,0,0,46,54,1,3,0,0,0,0,0,193,0,0,0,0,3,0,0,0,0,0,0,0,0,5151
e8a2ad89-dfb3-4ef3-a3e9-cfed4bb4144f,SCISSORS,5,0,0,99,0,0,0,0,0,0,0,0,0,0,0,0,0,0,0,0,0,0,60,41,0,20,2,0,0,0,0,0,0,0,0,0,0,0,0,0,0,0,0,0,0,0,4678,0,18,0,0,0,0,0,0,0,0,0,2,0,0,31,0,0,0,0,0,0,62,0,0,5,0,0,0,0,0,0,100,0,0,0,0,0,0,0,0,1,0,3,0,0,4979,0,0,0,0,0,2,0,0,34,0,0,0,1,0,0,1,0,0,0,0,0,0,0,0,0,0,0,0,0,0,0,183,0,0,0,0,0,0,0,0,0,0,0,1,0,5163
75024fc8-f6b9-4c34-b69d-906cd1fe7c04,ROCK,6,0,0,54,0,0,0,0,0,29,0,0,6,0,0,0,2,0,0,0,0,0,48,1,0,29,0,0,0,0,0,0,0,0,0,0,0,0,0,0,0,0,1,0,0,0,4691,0,55,0,0,0,0,0,0,0,0,0,0,0,0,0,0,0,0,0,0,0,63,0,2,49,1,0,0,0,0,0,0,0,0,0,0,0,0,0,0,0,0,0,0,0,4988,0,0,0,0,0,0,0,0,0,0,0,0,0,0,0,0,0,0,0,0,0,0,27,20,2,1,0,0,0,0,0,105,0,0,0,0,0,0,0,0,2,0,13,0,0,5172
c6eb0054-4881-4e96-a808-b2945c25ea9e,SCISSORS,10,0,0,81,0,0,0,0,0,0,0,0,0,0,0,0,0,0,0,0,0,0,5,89,2,70,1,0,0,0,0,0,0,0,0,0,0,0,0,0,0,0,0,0,0,0,4702,0,30,0,0,0,0,0,0,0,0,0,0,0,0,1,0,0,0,0,0,0,26,33,22,25,2,0,0,0,0,0,59,0,0,0,0,12,0,0,0,4,0,34,0,0,5018,0,0,0,0,0,1,0,0,60,0,0,0,2,0,0,2,19,0,0,0,0,3,58,36,1,3,0,0,0,0,0,42,0,0,0,0,17,0,0,0,0,0,0,4,0,5208
deed6747-14f2-483d-a403-39602dfd7de0,ROCK,9,0,0,108,0,0,0,0,0,26,0,0,0,1,0,0,0,0,0,0,0,0,0,9,0,98,0,0,0,0,0,0,0,0,0,0,0,0,0,0,0,0,1,0,0,0,4715,0,47,0,0,0,0,0,0,0,0,0,0,0,0,0,0,0,0,0,0,0,4,82,0,0,0,0,0,0,0,0,96,0,0,0,0,14,0,0,0,0,0,0,0,0,5030,0,0,0,0,0,0,0,0,0,0,0,0,0,0,0,0,140,0,0,0,0,0,17,71,2,1,1,0,0,0,0,0,0,0,0,0,0,0,0,0,0,0,11,0,0,5218
c8e96d43-0d2a-4f99-9cdf-ff81d6109c91,PAPER,18,0,0,120,0,0,0,0,0,0,0,0,0,0,0,16,0,0,0,0,0,0,19,0,0,101,0,0,0,0,0,0,0,0,0,0,0,0,0,0,0,0,0,1,0,0,4724,0,63,0,0,0,0,0,0,0,0,0,0,0,0,0,1,0,0,0,0,0,0,13,4,87,4,0,0,0,0,0,66,0,0,0,0,0,0,0,0,0,19,0,0,0,5055,0,0,0,0,0,0,0,0,0,0,0,0,0,0,0,0,140,0,0,0,0,0,13,54,3,3,0,0,0,0,0,0,0,0,0,0,44,0,0,0,0,0,0,0,0,5233
06865dc8-8c69-4a25-98de-7d2547a40883,SCISSORS,5,0,0,165,0,0,0,0,0,0,0,0,34,0,0,0,0,0,0,0,0,0,68,0,0,86,0,0,0,0,0,0,0,0,0,0,0,0,0,0,27,0,0,0,0,0,4732,0,78,0,0,0,0,0,0,0,0,0,0,0,0,2,0,0,0,0,0,0,11,1,2,23,1,0,0,0,0,30,192,0,0,0,0,0,0,0,0,40,0,0,0,0,5080,0,25,0,0,1,1,0,0,25,0,0,0,1,0,0,1,210,0,0,0,0,0,0,46,6,1,0,0,0,0,0,1,0,0,0,0,62,0,0,0,0,0,0,0,0,5261
e8615bca-0e97-4e9b-9367-17945fc26cdf,SCISSORS,12,0,0,76,0,0,0,0,0,0,0,0,1,0,0,0,0,0,0,0,0,0,145,2,0,75,3,0,0,0,0,0,0,0,0,0,0,0,0,0,0,0,0,0,0,0,4749,0,28,0,0,0,0,0,0,0,0,0,0,0,0,11,0,0,0,0,0,0,28,0,10,145,4,0,0,0,0,29,23,0,0,0,0,15,0,0,0,9,0,0,0,0,5115,0,137,0,0,0,1,0,0,29,0,0,0,0,0,0,0,60,0,0,0,0,0,0,65,0,2,0,0,0,0,0,0,0,0,0,0,8,0,0,0,0,0,0,0,0,5273
93422b9c-3bfa-41c7-9009-de5368231dc3,ROCK,15,0,0,75,0,0,0,0,0,69,0,0,0,0,0,0,0,0,0,0,0,0,13,0,0,63,0,0,0,0,0,0,0,0,0,0,0,0,0,0,0,0,0,0,0,0,4755,0,17,0,0,0,0,0,0,0,0,0,0,0,0,0,0,0,0,0,0,0,86,0,1,34,2,0,0,0,0,0,80,0,0,0,0,0,0,0,0,0,0,0,0,0,5121,0,0,0,0,0,0,0,0,0,0,0,0,0,0,1,0,143,0,0,0,0,0,23,5,0,0,0,0,0,0,0,0,0,0,0,0,0,0,0,0,48,0,0,0,0,5278
123dfc04-1be1-4979-8624-de5c2bcef78b,ROCK,16,0,0,208,0,0,0,0,0,50,0,0,30,0,0,0,1,0,0,0,0,1,55,2,0,158,0,0,0,0,0,0,0,0,0,1,0,0,0,0,0,0,1,0,0,0,4789,0,36,0,0,0,0,0,0,0,0,0,0,0,0,0,0,0,0,0,0,0,68,3,1,183,1,0,0,0,0,0,209,0,0,0,0,6,0,0,0,0,0,0,0,0,5147,0,67,0,0,0,0,0,0,0,0,0,0,0,0,4,0,188,0,0,0,0,0,42,94,3,2,0,0,0,0,0,58,0,0,0,0,23,0,0,0,0,0,26,0,0,5307
e5accfca-6f98-444d-a04d-0142a2c8f048,ROCK,18,0,0,103,0,1,29,0,0,0,0,0,4,1,0,0,0,0,0,0,0,0,8,0,0,31,0,0,0,0,0,0,0,0,0,0,0,0,0,0,0,0,0,0,0,0,4799,0,48,0,0,0,0,0,0,0,0,0,0,0,0,0,0,0,0,0,0,0,39,0,27,37,1,0,0,0,0,0,24,0,0,0,0,1,0,0,0,0,0,0,0,0,5156,0,0,0,0,0,0,0,0,0,0,0,0,0,0,0,0,78,0,0,0,0,0,45,22,2,1,0,0,0,0,0,0,0,0,0,0,0,0,0,0,2,0,27,0,0,5321
f5109942-3fe5-4927-a185-9a1ea9fc1570,ROCK,19,0,0,34,0,0,0,0,0,58,0,0,0,0,0,0,0,0,0,0,0,1,8,0,0,192,0,0,0,0,0,0,0,0,0,0,0,0,0,0,0,0,1,0,0,0,4810,0,10,0,0,0,0,0,0,0,0,0,0,0,0,0,0,0,0,0,0,0,19,0,1,90,2,0,0,0,0,24,148,0,0,0,0,0,0,0,0,0,0,0,0,0,5166,0,1,0,0,0,0,0,0,0,0,0,0,0,0,37,0,208,0,0,0,0,0,37,5,2,0,0,0,0,0,0,0,0,0,0,0,0,0,0,0,0,0,4,0,0,5338
ccba59a9-0190-4fa4-bdf0-c397eb6482ef,ROCK,13,0,0,69,0,0,40,0,0,39,0,0,0,0,0,0,0,0,0,0,0,0,0,0,0,95,0,0,0,0,0,0,0,0,0,0,0,0,0,0,0,0,0,0,0,0,4819,0,31,0,0,0,0,0,0,0,0,0,0,0,0,0,0,0,0,0,0,0,60,0,14,40,1,0,0,0,0,0,95,0,0,0,0,2,0,0,0,0,0,0,0,0,5174,0,0,0,0,0,0,0,0,0,0,0,0,0,0,3,0,143,0,0,0,0,1,54,7,0,0,0,0,0,0,0,0,0,0,0,0,0,0,0,0,33,0,2,0,0,5351
26839e82-e22a-47fe-be83-4389d08e5378,ROCK,8,0,0,322,0,0,0,0,0,54,0,0,0,0,0,0,0,0,0,0,0,0,0,0,0,193,0,0,0,0,0,15,0,0,0,0,0,0,0,0,0,0,0,0,0,0,4834,0,24,0,0,0,0,0,0,0,0,0,0,0,0,0,0,0,0,0,0,0,34,0,61,4,3,0,0,0,0,0,376,0,0,0,0,82,0,0,0,0,0,0,0,0,5195,0,85,0,0,0,0,0,0,0,0,0,0,0,0,1,0,204,0,0,0,0,0,50,39,1,1,0,0,0,0,0,118,0,0,0,0,51,0,0,0,0,0,34,0,0,5367
df846e7c-0cf2-4084-a555-a238e13622c1,ROCK,17,0,0,54,0,2,4,0,0,2,0,0,0,0,0,0,3,0,0,0,0,194,29,3,0,88,0,0,0,0,0,0,0,0,0,0,0,0,0,0,0,0,5,0,4,0,4881,0,27,0,0,0,0,0,0,0,0,0,0,0,0,0,0,0,0,0,0,0,9,215,3,61,2,0,0,0,0,0,34,0,0,0,0,37,0,0,0,0,0,0,0,0,5210,0,22,0,0,0,0,0,0,0,0,0,0,0,0,148,0,98,0,0,0,0,1,66,29,2,2,0,0,0,0,0,0,0,0,0,0,0,0,0,0,13,0,7,0,0,5420
314a1fba-299a-4fd6-878a-659dbb5a162d,PAPER,12,0,0,342,0,0,0,0,0,0,0,0,0,0,0,0,0,0,0,0,0,18,15,0,3,280,4,0,0,0,0,0,0,0,0,0,0,43,0,0,0,7,0,0,0,0,4907,0,42,0,0,0,0,0,0,0,0,0,0,0,0,0,0,0,0,0,0,0,0,15,62,0,2,0,0,0,0,0,547,0,0,0,0,33,0,0,3,0,8,0,0,0,5229,0,5,0,0,0,0,0,0,0,0,0,0,0,0,0,0,143,0,0,0,0,24,20,49,2,5,0,0,0,0,0,433,0,0,0,0,31,0,0,0,0,0,0,0,0,5444
745ab094-c1db-41a4-aa3b-ad28d7cb5df6,PAPER,8,0,0,197,0,0,0,0,0,0,0,0,0,0,0,0,0,0,0,0,0,0,17,13,1,221,0,0,0,0,0,0,0,0,0,0,0,0,0,0,0,12,0,1,0,0,4928,0,66,0,0,0,0,0,0,0,0,0,0,0,0,0,0,0,0,0,0,0,75,4,50,17,2,0,0,0,0,14,194,0,0,0,0,29,0,0,0,0,11,0,0,0,5267,0,122,0,0,0,0,0,0,0,0,0,0,0,0,0,0,40,0,0,0,0,20,50,110,8,9,0,0,0,0,0,103,0,0,0,0,0,0,0,0,0,0,0,0,0,5489
ffaaaf17-b414-4467-a593-440a2cc9d2d0,ROCK,17,0,0,84,0,1,0,0,0,60,0,0,3,1,0,0,2,0,0,0,0,1,37,44,0,103,0,0,0,0,0,0,0,0,0,0,0,0,0,0,0,0,0,0,0,0,4955,0,58,0,0,0,0,0,0,0,0,0,0,0,0,0,0,0,0,0,0,0,75,0,28,1,4,0,0,0,0,0,148,0,0,0,0,22,0,0,0,0,0,0,0,0,5281,0,183,0,0,0,0,0,0,0,0,0,0,0,0,0,0,0,0,0,0,0,1,81,41,1,0,0,0,0,0,0,0,0,0,0,0,0,0,0,0,2,0,27,0,0,5498
f422bf88-7e51-4c3a-b8e4-c490b2812b1c,ROCK,8,0,0,102,0,1,0,0,0,38,0,0,0,0,0,0,0,0,0,0,0,0,5,0,0,76,0,0,0,0,0,0,0,0,0,0,0,0,0,0,0,9,0,0,2,0,4968,0,79,0,0,0,0,0,0,0,0,0,0,0,0,0,0,0,0,0,0,0,79,0,25,0,1,0,0,0,0,0,25,0,0,0,0,24,0,0,0,0,0,0,0,0,5288,0,129,0,0,0,0,0,0,0,0,0,0,0,0,1,0,0,0,0,0,0,0,52,26,0,0,0,0,0,0,0,0,0,0,0,0,0,0,0,0,25,0,0,0,0,5504
430b836a-ba5a-4f39-8b3d-11447b12171c,SCISSORS,18,0,0,23,0,0,0,0,0,34,0,0,0,0,0,0,0,0,0,0,0,0,10,0,3,277,4,0,0,25,0,0,0,0,0,0,0,0,0,0,0,0,0,0,0,0,4990,0,22,0,0,0,0,0,0,0,0,0,0,0,0,20,0,0,0,0,0,0,64,0,82,2,3,0,0,0,0,0,179,0,0,0,0,1,0,0,0,1,0,2,0,0,5312,0,262,0,0,1,1,0,0,40,0,0,0,1,0,0,0,0,0,0,0,0,0,60,0,0,0,0,0,0,0,0,11,0,0,0,0,0,0,0,0,0,0,0,0,0,5515
66a1a5f1-40f2-40e1-b8b2-e4bcfbe74350,ROCK,15,0,0,0,0,0,1,0,0,33,0,0,0,1,0,0,0,0,0,0,0,1,0,0,0,127,0,0,0,86,0,0,0,0,0,0,0,0,0,0,0,0,0,0,1,0,5010,0,23,0,0,0,0,0,0,0,0,0,0,0,0,0,0,0,0,0,0,0,26,0,23,1,4,0,0,0,0,0,165,0,0,0,0,8,0,0,0,0,0,0,0,0,5327,0,0,0,0,0,0,0,0,0,0,0,0,0,0,2,0,0,0,0,0,0,0,17,13,0,0,0,0,0,0,0,200,0,0,0,0,0,0,0,0,1,0,17,0,0,5524
1c52dd85-47c3-4294-9787-5daba1a2b666,ROCK,9,0,0,0,0,1,0,0,0,104,0,0,0,0,0,0,0,0,0,0,0,1,4,0,0,90,0,0,0,0,0,0,0,0,0,0,0,0,0,0,0,0,0,0,0,0,5018,0,0,0,0,0,0,0,0,0,0,0,0,0,0,0,0,0,0,0,0,0,69,0,15,2,5,0,0,0,0,0,108,0,0,0,0,1,0,0,0,0,0,0,0,0,5339,0,0,0,0,0,0,0,0,0,0,0,0,0,0,1,0,0,0,0,0,0,0,41,3,0,0,0,0,0,0,0,111,0,0,0,0,0,0,0,0,44,0,0,0,0,5530
9bb2c7d4-dc3f-4fab-8405-152bc265369a,ROCK,6,0,0,0,0,1,45,0,0,86,0,0,28,2,0,0,1,0,0,0,0,1,18,0,37,111,4,0,0,63,0,0,0,0,0,0,0,0,0,0,0,0,0,0,1,0,5049,0,19,0,0,0,0,0,0,0,0,0,0,0,0,0,0,0,0,0,0,0,111,0,104,2,1,0,0,0,0,17,108,0,0,0,0,36,0,0,0,0,0,0,0,0,5353,0,6,0,0,0,0,0,0,0,0,0,0,0,0,1,0,0,0,0,0,0,0,61,40,0,6,0,0,0,0,0,204,0,0,0,0,38,0,0,0,5,0,37,0,0,5557
64f16de6-e791-49e9-9f4f-c9371c5a445e,SCISSORS,8,0,0,0,0,0,0,0,0,0,0,0,0,0,0,0,0,0,0,0,0,0,47,0,0,107,0,0,0,74,0,0,0,0,0,0,0,0,0,0,0,0,0,0,0,0,5053,0,26,0,0,0,0,0,0,0,0,0,0,0,0,0,0,0,0,0,0,0,47,30,5,87,0,0,0,0,0,13,1,0,0,0,0,2,0,0,3,0,0,14,0,0,5372,0,0,0,0,1,0,0,0,20,0,0,0,0,0,0,2,22,0,0,0,0,0,47,25,2,1,0,0,0,0,0,107,0,0,0,0,0,0,0,0,0,0,0,1,0,5573
6c144911-ff87-4d27-a22d-ae4ca24aeeff,PAPER,5,0,0,0,0,0,0,0,0,0,0,0,7,0,0,1,0,0,0,0,0,0,86,2,0,102,0,0,0,127,0,0,0,0,0,0,0,0,0,0,0,0,0,20,0,0,5070,0,39,0,0,0,0,0,0,3,0,0,0,0,0,0,3,0,0,0,0,0,27,20,59,4,2,1,0,0,0,0,147,0,0,0,0,15,0,0,0,0,25,0,0,0,5405,0,0,0,0,0,0,0,0,0,0,0,0,0,0,0,0,107,0,0,0,0,0,0,94,0,3,0,0,0,0,0,141,0,0,0,0,0,0,0,0,0,0,0,0,0,5583
96e6c554-31f8-4366-829b-cc5ec8e66762,SCISSORS,13,0,0,0,0,0,0,0,0,0,0,0,12,0,0,0,0,0,0,0,0,0,85,33,29,14,1,0,0,55,0,0,0,0,0,0,0,0,0,0,0,0,0,0,0,0,5090,0,32,0,0,0,0,0,0,0,0,0,0,0,0,0,0,0,0,0,0,0,0,0,82,6,6,0,0,0,0,0,76,0,0,0,0,0,0,0,0,27,0,0,0,0,5432,0,0,0,0,0,0,0,0,9,0,0,0,0,0,0,0,0,0,0,0,0,0,17,26,0,0,5,0,0,0,0,167,0,0,0,0,1,0,0,0,4,0,0,0,0,5593
a6ad593a-3564-495c-b912-b807461d4adb,ROCK,19,0,0,0,0,1,1,0,0,51,0,0,5,2,0,0,0,0,0,0,12,1,6,12,14,141,0,0,0,135,0,0,0,0,0,5,0,0,0,0,0,0,0,0,1,0,5129,0,34,0,0,0,0,0,0,0,0,0,2,0,0,0,0,0,0,0,0,0,81,1,40,2,1,0,0,0,0,41,168,0,0,0,0,4,0,0,0,13,0,0,0,0,5454,0,171,0,0,0,0,0,0,0,0,0,0,0,0,2,0,0,0,0,0,0,16,5,35,5,2,0,0,0,0,0,103,0,0,0,0,17,0,0,0,0,0,31,0,0,5615
178da455-a51c-4b0a-abb8-ec8ba1b50f46,PAPER,9,0,0,0,0,0,0,0,0,20,0,0,0,0,0,5,0,0,0,0,0,0,15,0,1,59,0,0,0,92,0,0,0,0,0,0,0,0,0,0,0,20,0,1,0,0,5149,0,43,0,0,1,1,0,0,0,0,0,0,0,0,0,1,0,0,0,0,0,7,0,22,0,1,0,0,0,0,0,111,0,0,0,0,0,0,0,0,0,25,0,1,0,5469,0,206,0,0,0,0,0,0,0,0,0,0,0,0,0,0,0,0,0,0,0,7,0,0,0,0,0,0,0,0,0,0,0,0,0,0,0,0,0,0,0,0,0,0,0,5616
9c7a8654-32a0-42a3-9ec8-083df604d2ab,SCISSORS,16,0,0,0,0,0,0,0,0,0,0,0,0,0,0,0,0,0,0,0,0,0,91,0,23,27,1,0,0,55,0,0,0,0,0,0,0,0,0,0,0,0,0,0,0,0,5162,0,44,0,0,0,0,0,0,0,0,0,0,0,0,3,0,0,0,0,0,0,21,0,15,1,1,0,0,0,0,0,70,0,0,0,0,1,0,0,0,2,0,39,0,0,5486,0,118,0,0,0,1,0,0,47,0,0,0,1,0,0,1,16,0,0,0,0,1,12,0,0,0,0,0,0,0,0,0,0,0,0,0,0,0,0,0,0,0,0,0,0,5627
a48aaaae-9acc-4042-91e4-4e43b72e401c,SCISSORS,15,0,0,0,0,0,0,0,0,0,0,0,0,0,0,0,0,0,0,0,0,0,10,0,34,152,1,0,0,139,0,0,0,0,0,0,0,0,0,0,0,0,0,0,0,0,5175,0,35,0,0,0,0,0,0,0,0,0,0,0,0,22,0,0,0,0,0,0,31,0,43,1,1,0,0,0,0,0,196,0,0,0,0,5,0,0,0,2,0,0,0,0,5507,0,2,0,0,0,0,0,0,27,0,0,0,0,0,0,0,146,0,0,0,0,0,0,18,1,1,0,0,0,0,0,82,0,0,0,0,55,0,0,0,0,0,0,4,0,5645
7e9ff431-7c5f-4fe5-9116-57979b3146a2,ROCK,7,0,0,0,0,1,1,0,0,1,0,0,0,2,0,0,2,3,0,0,0,72,3,0,0,133,0,0,0,95,0,0,0,0,0,0,0,0,0,0,0,0,2,0,0,0,5200,0,24,0,0,0,0,0,0,0,0,0,0,0,0,0,0,0,0,0,0,0,99,0,41,0,2,0,0,0,0,0,146,0,0,0,0,3,0,0,0,0,0,0,0,0,5525,0,92,0,0,0,0,0,0,0,0,0,0,0,0,1,0,102,0,0,0,0,0,14,28,2,2,0,0,0,0,0,0,0,0,0,0,16,0,0,0,56,0,2,0,0,5666
e46eea75-0dce-453b-8d10-dbbf02796e97,SCISSORS,7,0,0,0,0,0,0,0,0,0,0,0,0,0,0,0,0,0,0,0,0,22,24,1,0,139,1,0,0,76,0,0,0,0,0,0,0,0,0,0,0,0,0,0,0,0,5216,0,28,0,0,0,0,0,0,0,0,0,0,0,0,3,0,0,0,0,0,0,36,0,94,3,3,0,0,0,0,0,76,0,0,0,0,20,0,0,0,0,0,0,0,0,5552,0,125,0,0,0,0,0,0,7,0,0,0,0,0,0,0,0,0,0,0,0,0,15,61,2,4,0,0,0,0,0,11,0,0,0,0,38,0,0,0,0,0,0,0,0,5689
18a395f2-bf46-481f-a545-d8a44b0d0cf5,SCISSORS,20,0,0,0,0,0,0,0,0,0,0,0,31,0,0,0,0,0,0,0,0,0,50,4,2,78,2,0,0,42,0,0,0,0,0,0,0,0,0,0,0,0,0,0,0,0,5236,0,26,0,0,0,0,0,0,0,0,0,0,0,0,4,0,0,0,0,0,0,56,0,3,54,1,0,0,0,0,0,64,0,0,0,0,0,0,0,0,1,0,0,0,0,5568,0,166,0,0,0,0,0,0,9,0,0,0,0,0,0,0,0,0,0,0,0,0,0,14,1,0,0,0,0,0,0,19,0,0,0,0,0,0,0,0,0,0,0,0,0,5694
1de7f4c9-c8ec-4bd6-8ebe-87c5732aa4dd,PAPER,12,0,0,0,0,0,0,0,0,0,0,0,12,0,0,33,0,0,0,0,0,0,0,0,5,81,0,0,0,55,0,0,0,0,0,0,0,0,0,0,0,22,0,2,0,0,5248,0,39,0,0,2,0,0,0,0,0,0,0,0,0,0,1,0,0,0,0,0,13,19,17,2,0,0,0,0,0,0,68,0,0,0,0,13,0,0,0,0,34,0,2,0,5592,0,2,0,0,0,0,0,0,0,0,0,0,0,0,0,0,0,0,0,0,0,1,59,28,3,1,0,0,0,0,0,116,0,0,0,0,0,0,0,0,0,0,0,0,0,5707
43622e47-f62e-4556-b384-d03e905a4caf,ROCK,17,0,0,0,0,0,3,0,0,52,0,0,0,0,0,0,1,0,0,0,0,1,32,3,2,150,0,0,0,98,0,0,0,0,0,0,0,0,0,0,0,12,0,0,1,0,5281,0,33,0,0,0,0,0,0,0,0,0,0,0,0,0,0,0,0,0,0,0,72,1,91,6,4,0,0,0,0,0,126,0,0,0,0,22,0,0,0,0,0,0,0,0,5626,0,59,0,0,0,0,0,0,0,0,0,0,0,0,3,0,0,0,0,0,0,0,48,48,0,2,0,0,0,0,0,122,0,0,0,0,38,0,0,0,0,0,35,0,0,5726
091295f8-4bda-46c7-af0b-2ecdb4a772dd,SCISSORS,9,0,0,0,0,0,0,0,0,0,0,0,0,0,0,0,0,0,0,0,0,0,2,39,0,82,0,0,0,107,0,0,0,0,0,0,0,0,0,0,0,0,0,0,0,0,5292,0,21,0,0,0,0,0,0,0,0,0,0,0,0,1,0,0,0,0,0,0,35,0,7,0,0,0,0,0,0,0,130,0,0,0,0,14,0,0,1,20,0,1,0,0,5639,0,77,0,0,0,0,0,0,25,0,0,0,0,0,0,0,0,0,0,0,0,0,19,14,0,2,0,0,0,0,0,92,0,0,0,0,0,0,0,0,0,0,0,1,0,5737
8528a538-4a95-4d3b-bdcb-1ce3d16be28c,SCISSORS,18,0,0,0,0,0,0,0,0,0,0,0,0,0,0,0,0,0,0,0,0,0,57,6,0,106,0,0,0,74,0,0,0,0,0,0,0,0,0,0,0,0,0,0,0,0,5297,0,37,0,0,0,0,0,0,0,0,0,0,0,0,28,0,0,0,0,0,0,31,0,17,2,0,0,0,0,0,0,125,0,0,0,0,1,0,0,0,2,0,0,0,0,5653,0,114,0,0,0,1,0,0,28,0,0,0,2,0,0,1,24,0,0,0,0,2,40,6,1,1,0,0,0,0,0,23,0,0,0,0,0,0,0,0,0,0,0,0,0,5760
98353c5b-dcb9-4ec5-a394-6a1298466782,PAPER,8,0,0,0,0,0,0,0,0,0,0,0,0,0,0,1,0,0,0,0,0,0,21,16,0,88,0,0,0,62,0,0,0,0,0,0,0,0,0,0,0,3,0,24,0,0,5316,0,49,0,0,1,0,0,0,1,0,0,0,1,0,0,1,0,0,0,0,0,37,1,0,0,0,0,0,0,0,0,90,0,0,0,0,7,0,0,0,0,27,0,0,0,5670,0,119,0,0,0,0,0,0,0,0,0,0,0,0,0,0,22,0,0,0,0,2,52,15,0,5,0,0,0,0,0,0,0,0,0,0,0,0,0,0,0,0,0,0,0,5777
caadc8f3-55dd-4ed3-9d2a-6cb389dfca53,ROCK,5,0,0,0,0,6,4,0,0,1,0,0,0,3,0,0,2,0,0,0,6,304,4,28,1,132,0,1,0,29,0,0,0,0,0,0,0,0,0,0,0,0,3,0,2,0,5368,0,88,0,0,0,0,0,0,0,0,0,0,0,0,0,0,0,0,0,0,0,340,1,36,0,3,0,0,0,0,0,58,0,0,0,0,0,0,0,0,0,0,0,0,0,5681,0,157,0,0,0,0,0,0,0,0,0,0,0,0,235,0,0,0,0,0,0,0,50,12,1,1,0,0,0,0,0,0,0,0,0,0,52,0,0,0,9,0,9,0,0,5818
676d1b23-1a1d-4f5c-85a4-9097cc011fc1,SCISSORS,9,0,0,0,0,0,0,0,0,0,0,0,0,0,0,0,0,0,0,0,0,0,0,0,24,176,0,0,0,95,0,0,0,0,0,0,0,0,0,0,0,0,0,0,0,0,5385,0,23,0,0,0,0,0,0,0,0,0,0,0,0,1,0,0,0,0,0,0,43,0,111,9,6,0,0,0,0,0,64,0,0,0,0,26,0,0,3,0,0,9,0,0,5723,0,138,0,0,1,0,0,0,11,0,0,0,0,0,0,0,38,0,0,0,0,0,22,63,7,1,0,0,0,0,0,0,0,0,0,0,14,0,0,0,0,0,0,0,0,5836
6cb84721-350f-4448-8229-7e8740e85a2e,SCISSORS,10,0,0,0,0,0,0,0,0,0,0,0,0,0,0,0,0,0,0,0,0,0,60,0,0,63,0,0,0,78,0,13,0,0,0,0,0,0,0,0,0,0,0,0,0,0,5391,0,38,0,0,0,0,0,0,0,0,0,0,0,0,1,0,0,0,0,0,0,32,0,1,16,1,0,0,0,0,0,83,0,0,0,0,0,0,0,3,39,0,0,0,0,5735,0,173,0,0,0,1,0,0,37,0,0,0,0,0,0,2,0,0,0,0,0,0,0,0,0,0,0,0,0,0,0,0,0,0,0,0,0,0,0,0,0,0,0,1,0,5845
6d02244b-eabd-4af0-976e-b0ebd9a8f1eb,SCISSORS,16,0,0,0,0,0,0,0,0,0,0,0,0,0,0,0,0,0,0,0,0,0,45,0,3,139,1,0,0,62,0,0,0,0,0,0,0,0,0,0,0,0,0,0,0,0,5401,0,22,0,0,0,0,0,0,0,0,0,0,0,0,4,0,0,0,0,0,0,45,23,0,1,0,0,0,0,0,0,66,0,0,0,0,0,0,0,0,5,0,84,0,0,5757,0,136,0,0,4,2,0,0,84,0,0,0,1,0,0,3,0,0,0,0,0,0,18,0,0,0,0,0,0,0,0,0,0,0,0,0,0,0,0,0,0,0,0,2,0,5870
c7287b31-b10b-4db5-a2f0-f21541fd9072,ROCK,7,0,0,0,0,0,1,0,0,56,0,0,0,1,0,0,1,0,0,0,0,0,34,2,13,180,0,0,0,129,0,0,0,0,0,0,0,0,0,0,0,0,0,0,0,0,5423,0,25,0,0,0,0,0,0,0,0,0,14,0,0,0,0,0,0,0,0,0,66,46,6,60,4,0,0,0,0,44,152,0,0,0,0,0,0,0,0,0,0,0,0,0,5782,0,244,0,0,0,0,0,0,0,0,0,0,0,0,1,0,0,0,0,0,0,0,22,30,0,2,0,0,0,0,38,44,0,0,0,0,0,0,0,0,1,0,35,0,0,5885
7938b82e-a11a-4354-b1b1-17220bdd2bf0,ROCK,8,0,0,0,0,1,0,0,0,63,0,0,0,0,0,0,1,0,0,0,0,1,125,7,65,37,3,0,0,153,0,0,0,0,0,0,0,0,0,0,0,0,0,0,1,0,5471,0,0,0,0,0,0,0,0,50,0,0,0,0,0,0,0,0,0,0,0,0,144,3,3,193,4,0,0,0,0,0,56,0,0,0,0,4,0,0,0,0,0,0,0,0,5811,0,217,0,0,0,0,0,0,0,0,0,0,0,0,3,0,0,0,0,0,0,0,72,107,5,4,0,0,0,0,0,0,0,0,0,0,0,0,0,0,49,0,0,0,0,5917
c7da5e12-e9af-4bd4-a537-c73e568aa1aa,SCISSORS,19,0,0,0,0,0,0,0,0,0,0,0,0,0,0,0,0,0,0,0,0,0,69,2,35,56,2,13,0,96,0,0,0,0,0,0,0,0,0,0,0,0,0,0,0,0,5486,0,0,0,0,0,0,0,0,23,0,0,0,0,0,7,0,0,0,0,0,0,72,0,87,2,6,0,0,0,0,0,69,0,0,0,0,4,0,0,0,1,0,2,0,0,5839,0,187,0,0,1,1,0,0,24,0,0,0,0,0,0,1,18,0,0,0,0,0,40,0,0,0,0,0,0,0,0,0,0,0,0,0,0,0,0,0,0,0,0,1,0,5928
5f6af524-1713-4b44-8ab6-685e5c143ad6,ROCK,16,0,0,0,0,1,0,0,0,55,0,0,1,1,0,0,0,0,0,0,0,1,47,1,0,25,0,0,0,29,0,0,0,0,0,0,0,0,0,0,0,0,0,0,1,0,5503,0,0,0,0,0,0,0,0,35,0,0,0,0,0,0,0,0,0,0,0,0,30,61,2,33,1,0,0,0,0,0,0,0,0,0,0,0,0,0,0,0,0,0,0,0,5848,0,65,0,0,0,0,0,0,0,0,0,0,0,0,0,0,31,0,0,0,0,0,17,6,1,0,0,0,0,0,0,0,0,0,0,0,0,0,0,0,2,0,40,0,0,5938
40e248f2-43b5-47f9-b5da-18d67fc01e2e,SCISSORS,6,0,0,0,0,0,0,0,0,0,0,0,0,0,0,0,0,0,0,0,0,0,88,0,42,108,0,0,0,125,0,0,0,0,0,0,0,0,0,0,0,0,0,0,0,0,5512,0,0,0,0,0,0,0,0,60,0,0,0,0,0,51,0,0,0,0,0,0,37,56,0,10,0,0,0,0,0,0,129,0,0,0,0,13,0,0,0,2,0,5,0,0,5877,0,190,0,0,2,3,0,0,60,0,0,0,1,0,0,0,0,0,0,0,0,1,67,33,1,1,0,0,0,0,0,0,0,0,0,0,2,0,0,0,0,0,0,2,0,5969
dc8d506a-d426-4444-a304-17eb0f7a14d3,PAPER,15,0,0,0,0,0,0,0,0,0,0,0,0,0,0,0,0,0,0,0,0,0,70,0,3,118,0,1,0,75,0,0,0,0,0,0,0,0,0,0,0,0,0,4,0,0,5525,0,0,0,0,0,0,0,0,61,0,0,0,0,0,0,0,0,0,0,0,0,0,44,4,66,3,0,0,0,0,0,87,0,0,0,0,0,0,0,0,0,5,0,1,0,5894,0,144,0,0,0,0,0,0,0,0,0,0,0,0,0,0,8,0,0,0,0,1,43,65,7,3,0,0,0,0,0,0,0,0,0,0,0,0,0,0,0,0,0,0,0,5991
0dfc1ec2-8988-46d7-8bc3-4f8172fdfc92,SCISSORS,7,0,0,0,0,0,0,0,0,0,0,0,0,0,0,0,0,0,0,0,0,0,59,0,0,0,0,1,0,32,0,0,0,0,0,0,0,0,0,0,31,0,0,0,0,0,5529,0,0,0,0,0,0,0,0,39,0,0,0,0,0,0,0,0,0,0,0,0,23,0,1,5,1,0,0,0,0,0,35,0,0,0,0,0,0,0,0,18,0,1,0,0,5903,0,70,0,0,0,0,0,0,16,0,0,0,2,0,0,1,0,0,0,0,0,0,11,0,0,0,0,0,0,0,0,22,0,0,0,0,0,0,0,0,0,0,0,1,0,6002
0c6cbcef-c7d3-48f3-95ed-fc8ee6f55428,SCISSORS,17,0,0,0,0,0,0,0,0,0,0,0,0,0,0,0,0,0,0,0,0,0,94,49,0,240,1,0,0,145,0,0,0,0,0,0,0,0,0,0,0,0,0,0,0,0,5553,0,0,0,0,0,0,0,0,27,0,0,0,0,0,18,0,0,0,0,0,0,39,22,10,147,6,0,0,0,0,0,246,0,0,0,0,14,0,0,0,0,0,0,0,0,5946,0,75,0,0,1,0,0,0,25,0,0,0,0,0,0,0,43,0,0,0,0,0,36,54,4,5,3,0,0,0,0,217,0,0,0,0,66,0,0,0,0,0,0,0,0,6034
ab1dbc85-7bef-444b-8a34-089144f5ca8b,SCISSORS,10,0,0,0,0,0,0,0,0,0,0,0,0,0,0,0,0,0,0,0,0,0,0,111,2,63,2,0,0,56,0,0,0,0,0,0,0,0,0,0,0,0,0,0,0,0,5571,0,0,0,0,0,0,0,0,54,0,0,0,0,0,33,0,0,0,0,0,0,2,68,0,6,0,0,0,0,0,0,31,0,0,0,0,36,0,0,0,1,0,3,0,0,5963,0,44,0,0,1,1,0,0,41,0,0,0,0,0,0,1,0,0,0,0,0,1,14,18,1,1,0,0,0,0,0,111,0,0,0,0,0,0,0,0,0,0,0,0,0,6050
84594517-5369-49d2-942a-73420b2b4fd1,SCISSORS,12,0,0,0,0,0,0,0,0,0,0,0,0,0,0,0,0,0,0,0,0,0,94,32,43,89,0,19,0,114,0,0,0,0,0,0,0,0,0,0,0,0,0,0,0,0,5592,0,0,0,0,0,0,0,0,53,0,0,0,0,0,2,0,0,0,0,0,0,45,30,5,121,3,0,0,0,0,0,93,0,0,0,0,1,0,0,0,35,0,3,0,0,6002,0,240,0,0,2,0,0,0,41,0,0,0,2,0,0,0,2,0,0,0,0,0,0,62,3,0,0,0,0,0,0,0,0,0,0,0,37,0,0,0,0,0,0,2,0,6074
beca753e-92e5-4d1c-843a-a2f604751b38,SCISSORS,10,0,0,0,0,0,0,0,0,0,0,0,0,0,0,0,0,0,0,0,0,0,100,1,3,99,1,1,0,76,0,0,0,0,0,0,0,0,0,0,0,0,0,0,0,0,5610,0,0,0,0,0,0,0,0,49,0,0,0,0,0,2,0,0,0,0,0,0,54,0,4,74,5,0,0,0,0,0,47,0,0,0,0,23,0,0,1,3,0,19,0,0,6043,0,174,0,0,1,1,0,0,30,0,0,0,2,0,0,1,8,0,0,0,0,2,23,26,0,1,0,0,0,0,0,0,0,0,0,0,12,0,0,0,0,0,0,0,0,6095
72e54569-808e-4383-86c3-68a13d41e01e,SCISSORS,5,0,0,0,0,0,0,0,0,0,0,0,0,0,0,0,0,0,0,0,0,0,105,0,0,22,2,0,0,34,0,0,0,0,0,0,0,0,0,0,0,0,0,0,0,0,5617,0,0,0,0,0,0,0,0,54,0,0,0,0,0,1,0,0,0,0,0,0,48,14,0,6,0,0,0,0,0,0,0,0,0,0,0,0,0,0,0,39,0,1,0,0,6054,0,101,0,0,0,0,0,0,44,0,0,0,2,0,0,4,12,0,0,0,0,0,0,0,0,0,0,0,0,0,0,0,0,0,0,0,0,0,0,0,0,0,0,0,0,6109
6ee3c6de-250e-4955-bd53-e05244c9f68c,SCISSORS,20,0,0,0,0,0,0,0,0,0,0,0,0,0,0,0,0,0,0,0,0,0,125,0,5,143,3,0,0,44,0,0,0,0,0,0,0,0,0,0,0,0,0,0,0,0,5637,0,0,0,0,0,0,0,0,38,0,0,0,0,0,48,0,0,0,0,0,0,20,30,4,107,6,0,0,0,0,0,59,0,0,0,0,5,0,0,0,1,0,2,0,0,6089,0,42,0,0,1,3,0,0,54,0,0,0,1,0,0,2,108,0,0,0,0,3,37,44,0,1,0,0,0,0,0,0,0,0,0,0,24,0,0,0,0,0,0,0,0,6137
fc74ce7d-7fac-4b08-be72-37a5e4225cd4,SCISSORS,6,0,0,0,0,0,0,0,0,0,0,0,0,0,0,0,0,0,0,0,0,0,105,0,13,79,2,0,0,126,0,30,0,0,0,0,0,0,0,0,0,0,0,0,0,0,5651,0,0,0,0,0,0,0,0,33,0,0,0,0,0,3,0,0,0,0,0,0,19,14,32,0,1,0,0,0,0,2,166,0,0,0,0,19,0,0,0,1,0,65,0,0,6110,0,170,0,0,1,0,0,0,68,0,0,0,3,0,0,2,0,0,0,0,0,0,9,44,4,2,0,0,0,0,0,13,0,0,0,0,39,0,0,0,0,0,0,0,0,6169
7255334f-e203-4801-9042-7fd3f2723f5b,PAPER,13,0,0,0,0,0,0,0,0,0,0,0,0,0,0,10,0,0,0,0,0,0,33,0,0,81,1,0,0,52,0,0,0,0,0,0,0,0,0,0,0,0,0,0,0,0,5662,0,0,0,0,0,0,0,0,81,0,0,0,2,0,0,0,0,0,0,0,0,15,12,47,2,2,6,0,0,0,0,0,0,0,0,0,0,0,0,0,0,10,0,0,0,6132,0,38,0,0,0,0,0,0,0,0,0,0,0,0,0,0,0,0,0,0,0,1,44,43,1,1,0,0,0,0,0,49,0,0,0,0,0,0,0,0,0,0,0,0,0,6179
cd836f87-f020-4d95-a0f4-def64b05de05,ROCK,11,0,0,0,0,2,2,0,0,65,0,0,0,0,0,0,0,0,0,0,0,1,68,0,0,48,0,0,0,42,0,0,0,0,0,0,0,0,0,0,0,0,0,0,2,0,5679,0,0,0,0,0,0,0,0,77,0,0,0,0,0,0,0,0,0,0,0,0,2,79,19,6,0,0,0,0,0,0,47,0,0,0,0,0,0,0,0,0,0,0,0,0,6142,0,0,0,0,0,0,0,0,0,0,0,0,0,0,1,0,95,0,0,0,0,0,70,12,0,0,0,0,0,0,0,0,0,0,0,0,0,0,0,0,51,0,1,0,0,6187
5fbfd85d-2973-4342-81d7-33150d43ab9b,PAPER,13,0,0,0,0,0,0,0,0,0,0,0,0,0,0,2,0,0,0,0,0,0,61,1,22,8,1,1,0,110,0,0,0,0,0,0,0,0,0,0,0,0,0,29,0,0,5699,0,0,0,0,1,3,0,0,42,0,0,15,0,0,0,1,0,0,0,0,0,0,59,43,1,2,0,0,0,0,0,38,0,0,0,0,0,0,0,0,0,30,0,0,0,6164,0,0,0,0,0,0,0,0,0,0,0,0,0,0,0,0,110,0,0,0,0,0,93,30,0,2,0,0,0,0,0,0,0,0,0,0,0,0,0,0,0,0,0,0,0,6193
b5fd236d-1dfd-4e11-8890-221e4cdac66f,ROCK,20,0,0,0,0,0,31,0,0,0,0,0,0,0,0,0,1,0,0,0,0,0,64,2,0,101,0,0,0,101,0,0,0,0,0,0,0,0,0,0,0,0,0,0,0,0,5716,0,0,0,0,0,0,0,0,85,0,0,0,0,0,0,0,0,0,0,0,0,0,55,35,1,1,32,0,0,0,0,91,0,0,0,0,0,0,0,0,0,0,0,0,0,6176,0,42,0,0,0,0,0,0,0,0,0,1,0,0,1,0,86,0,0,0,0,0,71,43,1,0,0,0,0,0,0,0,0,0,0,0,27,0,0,0,0,0,28,0,0,6206
2f3ede64-fa08-49ac-9393-63b9dfcb7c23,SCISSORS,9,0,0,0,0,0,0,0,0,0,0,0,0,0,0,0,0,0,0,0,0,0,29,0,0,25,0,0,0,74,0,0,0,0,0,0,0,0,0,0,0,0,0,0,0,0,5718,0,0,0,0,0,0,0,0,44,0,0,0,0,0,5,0,0,0,0,0,0,0,67,7,0,2,1,0,0,0,0,0,0,0,0,0,0,0,0,0,1,0,1,0,0,6189,0,16,0,0,1,0,0,0,9,0,0,0,1,0,0,0,53,0,0,0,0,0,48,0,0,0,0,0,0,0,0,0,0,0,0,0,0,0,0,0,0,0,0,0,0,6212
a1bfc85c-5345-442a-9236-33fdd8005d57,SCISSORS,10,0,0,0,0,0,0,0,0,0,0,0,30,0,0,0,0,0,0,0,0,0,85,0,0,161,2,0,0,104,0,0,0,0,0,0,0,0,0,0,0,0,0,0,0,0,5731,0,0,0,0,0,0,0,0,70,0,0,0,0,0,1,0,0,0,0,0,0,24,42,78,27,3,0,0,0,0,0,125,0,0,0,0,0,0,0,0,11,0,1,0,0,6217,0,268,0,0,0,0,0,0,15,0,0,0,0,0,0,0,21,0,0,0,0,0,0,29,0,0,0,0,0,0,0,23,0,0,0,0,25,0,0,0,0,0,0,1,0,6219
f6a16dcd-1216-4585-b8a7-a9e5c8f77dd6,ROCK,9,0,0,0,0,0,0,0,0,17,0,0,0,0,0,0,0,0,0,0,0,0,57,1,0,64,0,4,0,85,0,0,0,0,0,0,0,0,0,0,0,0,0,0,0,0,5743,0,0,0,0,0,0,0,0,34,0,0,0,0,0,0,0,0,0,0,0,0,43,82,22,2,2,0,0,0,0,0,43,0,0,0,0,0,0,0,0,0,0,0,0,0,6235,0,130,0,0,0,0,0,0,0,0,0,0,0,0,0,0,41,0,0,0,0,0,6,49,2,0,0,0,0,0,0,0,0,0,0,0,0,0,0,0,0,0,0,0,0,6228
6d56fa42-711c-4df2-aec9-63ab37453649,ROCK,7,0,17,0,0,3,2,0,0,116,0,0,0,4,0,0,6,0,0,0,0,2,19,3,0,74,0,0,0,130,0,0,0,0,0,0,0,0,0,0,0,0,1,0,0,0,5791,0,0,0,0,0,0,0,0,33,0,0,0,0,0,0,0,0,0,0,0,0,0,43,65,191,2,0,0,0,0,0,43,0,0,0,0,0,0,0,0,0,0,0,0,0,6257,0,152,0,0,0,0,0,0,0,0,0,0,0,0,3,0,0,0,0,0,0,0,23,52,0,4,0,0,0,0,0,0,0,0,0,0,29,0,0,0,110,0,4,0,0,6254
42f5a7a2-21c4-43df-9b9d-e7c9fa1abc8b,SCISSORS,10,0,0,0,0,0,0,0,0,0,0,0,0,0,0,0,0,0,0,0,0,0,0,0,0,133,1,0,0,96,0,0,0,0,0,0,0,0,0,0,0,0,0,0,0,0,5804,0,0,0,0,0,0,0,0,53,0,0,0,0,0,6,0,0,0,0,0,0,2,45,46,12,2,0,0,0,0,0,62,0,0,0,0,0,0,0,0,1,0,1,0,0,6283,0,70,0,0,1,0,0,0,9,0,0,0,0,0,0,0,61,0,0,0,0,0,9,53,2,5,0,0,0,0,0,20,0,0,0,0,0,0,0,0,0,0,0,0,0,6271
7fa25b07-f7d4-4fb9-8096-637c2728d459,ROCK,6,0,0,0,0,0,0,0,0,61,0,0,0,2,0,0,1,0,0,0,0,1,7,0,0,118,0,0,0,70,0,0,0,0,0,0,0,0,0,0,0,0,0,0,1,0,5819,0,0,0,0,0,0,0,0,25,0,0,0,0,0,0,0,0,0,0,0,0,0,32,60,83,2,0,0,0,0,0,59,0,0,0,0,0,0,0,0,0,0,0,0,0,6291,0,1,0,0,0,0,0,0,0,0,0,0,0,0,1,0,0,0,0,0,0,38,1,4,0,1,0,0,0,0,0,178,0,0,0,0,0,0,0,0,1,0,36,0,0,6281
ab268fa8-23ce-4190-a245-78cc38d2a2b7,SCISSORS,13,0,5,0,0,0,0,0,0,0,0,0,0,0,0,0,0,0,0,0,0,0,42,0,2,121,3,0,0,108,0,0,0,0,0,0,0,0,0,0,0,0,0,0,0,0,5831,0,0,0,0,0,0,0,0,0,0,0,0,0,0,0,0,0,0,0,0,0,0,23,58,58,5,0,0,0,0,0,121,0,0,0,0,0,0,0,0,14,0,2,0,0,6319,0,54,0,0,1,0,0,0,18,0,0,0,0,0,0,1,0,0,0,0,0,104,5,27,6,2,0,0,0,0,0,63,0,0,0,0,0,0,0,0,0,0,0,0,0,6305
4d7382fa-ae6b-4e69-9c20-415e8c610089,ROCK,8,0,0,0,0,0,63,0,0,0,0,0,0,0,0,0,1,0,0,0,0,0,65,1,1,139,0,0,0,103,0,0,0,0,0,0,0,0,0,0,0,0,1,0,0,0,5846,0,1,0,0,0,0,0,0,2,0,0,5,0,0,0,0,0,0,0,0,0,0,101,90,6,5,0,0,0,0,0,164,0,0,0,0,0,0,0,0,0,0,0,0,0,6347,0,286,0,0,0,0,0,0,0,0,0,0,0,0,1,0,0,0,0,0,0,17,0,8,0,3,0,0,0,0,0,0,0,0,0,0,0,0,0,0,3,0,56,0,0,6320
99a251c2-1dfe-40a8-816e-9dec448e254d,SCISSORS,19,0,0,0,0,0,0,0,0,0,0,0,0,0,0,0,0,0,0,0,0,0,85,0,4,229,1,0,0,151,0,0,0,0,0,0,0,0,0,0,0,0,0,0,0,0,5863,0,2,0,0,0,0,0,0,0,0,0,0,0,0,52,0,27,0,0,0,0,51,30,77,4,6,1,0,0,0,0,216,0,0,0,0,0,0,0,0,2,0,2,0,0,6383,0,164,0,0,4,1,0,0,51,0,0,0,3,0,0,1,123,0,0,0,0,29,0,50,1,0,0,0,0,0,0,18,0,0,0,0,25,0,0,0,0,0,0,0,0,6346
dca43e81-60ab-486c-b5ce-e1887fff45b9,SCISSORS,18,0,0,0,0,0,0,0,0,0,0,0,0,0,0,0,0,0,0,0,0,0,101,0,0,31,0,0,0,59,0,0,0,0,0,0,0,0,0,0,0,0,0,0,0,0,5868,0,0,0,0,0,0,0,0,0,0,0,1,0,0,2,0,0,0,0,0,0,71,1,5,0,1,0,0,0,0,0,85,0,0,0,0,0,0,0,0,0,0,25,0,0,6396,0,0,0,0,0,0,0,0,32,0,0,0,0,0,0,0,0,0,0,0,0,0,0,0,0,0,0,0,0,0,0,158,0,0,0,0,0,0,0,0,0,0,0,1,0,6350
3b46d2e8-8122-4260-828f-43d5b6aec353,PAPER,12,0,0,0,0,0,0,0,0,0,0,0,0,0,0,0,0,0,0,0,0,0,57,0,0,47,0,0,0,78,0,0,0,0,0,0,0,0,0,0,0,12,0,0,0,0,5876,0,0,0,0,0,1,0,0,0,0,0,0,1,0,0,0,15,0,0,0,0,41,0,0,0,0,0,0,0,0,0,125,0,0,0,0,0,0,0,0,0,11,0,0,0,6403,0,0,0,0,0,0,0,0,0,0,0,0,0,0,0,0,0,0,0,0,0,31,0,23,4,1,0,0,0,0,0,118,0,0,0,0,17,0,0,0,0,0,0,0,0,6363
4db81c08-3b62-4d00-93ae-fd924a8b9fd7,ROCK,7,0,0,0,0,2,0,0,0,1,0,0,0,3,0,0,1,0,0,0,0,64,71,1,0,40,0,1,0,75,0,0,0,0,0,0,0,0,0,0,0,0,1,0,1,0,5901,0,0,0,0,0,0,0,0,0,0,0,0,0,0,0,0,48,0,0,0,0,1,74,43,1,1,7,0,0,0,86,0,0,0,0,0,0,0,0,0,0,0,0,0,0,6412,0,7,0,0,0,0,0,0,0,0,0,0,0,0,42,0,0,0,0,0,0,40,17,10,1,1,0,0,0,0,0,136,0,0,0,0,0,0,0,0,4,0,3,0,0,6386
663533fc-cc03-489f-8007-199304376d14,PAPER,5,0,0,0,0,0,0,0,0,0,0,0,0,0,0,5,0,0,0,0,0,29,52,2,3,169,5,5,0,99,0,0,24,0,0,0,0,0,0,0,0,0,0,0,0,0,5935,0,0,0,0,0,0,0,0,0,0,0,0,0,0,0,0,20,0,0,0,0,0,28,109,6,6,0,0,0,0,65,150,0,0,0,0,0,0,0,0,0,9,0,0,0,6443,0,35,0,0,0,0,0,0,0,0,0,0,0,0,0,0,38,0,0,0,0,0,66,44,2,3,0,0,0,0,0,127,0,0,0,0,78,0,0,0,0,0,0,0,0,6401
068894cd-49ab-4d83-a0a6-dd3404140736,SCISSORS,18,0,0,0,0,0,0,0,0,0,0,0,0,0,0,0,0,0,0,0,0,0,127,2,63,63,3,7,0,43,0,0,0,0,0,0,0,0,0,0,0,0,0,0,0,0,5955,0,0,0,0,0,0,0,0,0,0,0,0,0,0,1,0,41,0,0,0,0,32,0,71,7,3,0,0,0,0,0,111,0,0,0,0,0,0,0,0,41,0,1,0,0,6469,0,61,0,0,2,0,0,0,47,0,0,0,0,0,0,0,10,0,0,0,0,22,35,15,1,1,0,0,0,0,0,114,0,0,0,0,0,0,0,0,0,0,0,0,0,6418
d463e867-3edd-4a33-9703-46f2ea4563df,SCISSORS,15,0,0,0,0,0,0,0,0,0,0,0,0,0,0,0,0,0,0,0,0,0,25,0,0,51,0,39,0,34,0,0,0,0,0,0,0,0,0,0,0,0,0,0,0,0,5959,0,0,0,0,0,0,0,0,0,0,0,0,0,0,2,0,0,0,0,0,0,35,0,15,7,1,0,0,0,0,0,78,0,0,0,0,0,0,0,0,0,0,11,0,0,6485,0,0,0,0,0,1,0,0,20,0,0,0,0,0,0,0,0,0,0,0,0,0,0,0,0,0,0,0,0,0,0,127,0,0,0,0,0,0,0,0,0,0,0,1,0,6424
db730455-583e-4f1d-8695-9c0fa2a64fa3,SCISSORS,13,0,0,0,0,0,0,0,0,0,0,0,0,0,0,0,0,0,0,0,0,0,48,0,0,172,0,15,0,88,0,1,0,0,0,0,0,0,0,0,0,0,0,0,0,0,5966,0,0,0,0,0,0,0,0,0,0,0,0,0,0,24,0,0,0,0,0,0,40,0,16,27,0,0,0,0,0,7,205,0,0,0,0,0,0,0,0,1,0,4,0,0,6505,0,14,0,0,1,1,0,0,28,0,0,0,2,0,0,0,13,0,0,0,0,11,1,34,2,3,0,0,0,0,0,179,0,0,0,0,0,0,0,0,34,0,0,1,0,6449
80ef04c8-e1bd-4f98-bca9-a45b80b4e512,SCISSORS,17,0,0,0,0,0,0,0,0,0,0,0,0,0,0,0,0,0,0,0,0,0,96,0,0,125,3,0,0,77,0,0,0,0,0,0,0,0,0,0,0,0,0,0,0,0,5977,0,0,0,0,0,0,0,0,0,0,0,0,0,0,2,0,0,0,0,0,0,36,0,2,0,1,0,0,0,0,0,204,0,0,0,0,0,0,0,0,54,0,2,0,0,6518,0,256,0,0,0,1,0,0,40,0,0,0,2,0,0,2,0,0,0,0,0,0,0,0,0,0,0,0,0,0,0,0,0,0,0,0,0,0,0,0,0,0,0,0,0,6460
e0095f19-dcb6-445f-8e3f-bb513f670d1c,SCISSORS,7,0,0,0,0,0,0,0,0,0,0,0,0,0,0,0,0,3,0,0,8,0,84,1,1,178,0,1,0,156,0,0,0,0,0,0,0,0,0,0,0,0,0,0,0,0,5997,0,0,0,0,0,0,0,0,0,0,0,0,0,0,1,0,0,0,0,0,0,27,0,38,7,3,0,0,0,0,0,313,0,0,0,0,0,0,0,0,27,0,16,0,0,6537,0,375,0,0,1,0,0,0,31,0,0,0,1,0,0,1,0,0,0,0,0,0,0,5,0,1,0,0,0,0,0,17,0,0,0,0,0,0,0,0,0,0,0,0,0,6471
3096938a-3fd9-4a5b-90e4-7e1f45e801c4,SCISSORS,15,0,0,0,0,0,0,0,0,0,0,0,4,0,0,0,0,0,0,0,0,0,117,0,4,103,6,1,0,105,0,0,0,0,0,0,0,0,0,0,0,0,0,0,0,0,6024,0,0,0,0,0,0,0,0,0,0,0,0,0,0,36,0,0,0,0,0,0,84,0,45,19,2,0,0,0,0,0,151,0,0,0,0,0,0,0,0,0,0,3,0,0,6564,0,21,0,0,2,0,0,0,40,0,0,0,2,0,0,1,1,0,0,0,0,0,0,27,0,3,0,0,0,0,0,194,0,0,0,0,48,0,0,0,0,0,0,1,0,6495
8ae459a2-4220-484f-b2f4-e43e355a0f70,PAPER,12,0,0,0,0,0,0,0,0,0,0,0,0,0,0,10,0,0,0,0,0,0,73,0,4,175,0,1,0,152,0,0,0,0,0,0,0,0,0,0,0,0,0,2,0,0,6045,0,0,0,0,0,0,0,0,14,0,0,0,0,0,0,0,0,0,0,0,0,54,0,25,13,4,0,0,0,0,0,289,0,0,0,0,0,0,0,0,0,17,0,1,0,6582,0,346,0,0,0,0,0,0,0,0,0,0,0,0,0,0,8,0,0,0,0,35,0,28,0,0,0,0,0,0,0,0,0,0,0,0,0,0,0,0,0,0,0,0,0,6500
1d7ba2fa-91ad-4541-a5de-5d32185c4212,SCISSORS,14,0,0,0,0,0,0,0,0,0,0,0,47,0,0,0,0,0,0,0,0,0,68,1,3,80,0,0,0,63,0,0,0,0,0,0,0,0,0,0,0,0,0,0,0,0,6059,0,0,0,0,0,0,0,0,59,0,0,0,0,0,0,0,0,0,0,0,0,22,0,39,3,3,0,0,0,0,0,134,0,0,0,0,0,0,0,0,0,0,2,0,0,6596,0,199,0,0,0,0,0,0,5,0,0,0,0,0,0,0,0,0,0,0,0,38,0,0,0,0,0,0,0,0,0,20,0,0,0,0,0,0,0,0,0,0,0,0,0,6503
91670035-db8f-4652-99b9-b2f9ff59d2e6,ROCK,5,0,0,0,0,1,2,0,0,63,0,0,0,0,0,0,0,0,0,0,0,0,65,3,0,66,0,0,0,32,0,0,0,0,0,0,0,0,0,0,0,0,0,0,0,0,6073,0,0,0,0,0,0,0,0,0,0,0,0,0,0,0,0,0,0,0,0,0,121,3,35,4,2,0,0,0,0,0,67,0,0,0,0,0,0,0,0,0,0,0,0,0,6613,0,0,0,0,0,0,0,0,0,0,0,0,0,0,0,0,0,0,0,0,0,23,0,11,1,1,0,0,0,0,0,153,0,0,0,0,0,0,0,0,43,0,0,0,0,6508
72bae491-48ad-4dd4-b8a9-5d5ff43f863d,SCISSORS,12,0,0,0,0,0,0,0,0,0,0,0,0,0,0,0,0,0,0,0,0,0,74,1,57,68,3,26,0,90,0,0,0,0,0,0,0,0,0,0,0,0,0,0,0,0,6087,0,11,0,0,0,0,0,0,0,0,0,0,0,0,0,0,0,0,0,0,0,67,0,99,53,7,0,0,0,0,0,57,0,0,0,0,0,0,0,0,0,0,25,0,0,6646,0,25,0,0,1,1,0,0,29,0,0,0,1,0,0,0,0,0,0,0,0,127,4,35,0,2,0,0,0,0,0,93,0,0,0,0,0,0,0,0,0,0,0,1,0,6534
65c65cf8-c9b9-4de3-8576-66731e0fa149,SCISSORS,17,0,0,0,0,0,0,0,0,0,0,0,0,0,0,0,0,0,0,0,0,0,92,0,2,197,3,6,0,153,0,0,0,0,0,0,0,0,0,0,0,3,0,0,0,0,6115,0,0,0,0,0,0,0,0,16,0,0,0,0,0,1,0,0,0,0,0,0,38,0,118,55,3,0,0,0,0,0,189,0,0,0,0,1,0,0,0,2,0,33,0,0,6682,0,123,0,0,4,2,0,0,33,0,0,0,1,0,0,0,84,0,0,0,0,25,2,91,0,3,0,0,0,0,0,18,0,0,0,0,70,0,0,0,0,0,0,0,0,6572
57130678-456b-4d93-9184-fa1fc84546cc,SCISSORS,14,0,0,0,0,0,0,0,0,0,0,0,0,0,0,0,0,0,0,0,0,0,88,0,0,74,0,0,0,58,0,0,0,0,0,0,0,0,0,0,0,0,0,0,0,0,6126,0,0,0,0,0,0,0,0,2,0,0,0,0,0,24,0,9,0,0,0,0,42,0,15,21,1,0,0,0,0,0,105,0,0,0,0,0,0,0,0,0,0,1,0,0,6696,0,0,0,0,1,0,0,0,26,0,0,0,0,0,0,1,192,0,0,0,0,0,0,0,0,0,0,0,0,0,0,0,0,0,0,0,0,0,0,0,0,0,0,0,0,6578
e2663c03-9402-44e1-8699-efb7e31e3646,ROCK,15,0,0,0,0,5,3,0,0,3,0,0,0,1,0,0,5,0,0,0,0,181,21,0,0,108,0,0,0,34,0,0,0,0,0,0,0,0,0,0,0,0,2,0,2,0,6172,0,0,0,0,0,0,0,0,0,0,0,0,0,0,0,0,0,0,0,0,0,205,0,36,30,3,0,0,0,0,0,91,0,0,0,0,0,0,0,0,0,0,0,0,0,6710,0,78,0,0,0,0,0,0,0,0,0,0,0,0,5,0,140,0,0,0,0,5,21,21,0,0,0,0,0,0,0,0,0,0,0,0,0,0,0,0,4,0,91,0,0,6601
e60841ee-91d3-43f1-97a5-3442890b1db5,ROCK,7,0,0,0,0,2,0,0,0,46,0,0,0,0,0,0,0,0,0,0,0,1,1,1,0,98,0,0,0,115,0,0,0,0,0,0,0,0,0,0,0,3,1,0,0,0,6191,0,0,0,0,0,0,0,0,0,0,0,0,0,0,0,0,0,0,0,0,0,101,1,0,58,3,0,0,0,0,0,105,0,0,0,0,0,0,0,0,0,0,0,0,0,6723,0,0,0,0,0,0,0,0,0,0,0,0,0,0,25,0,155,0,0,0,0,23,36,21,1,2,0,0,0,0,0,0,0,0,0,0,0,0,0,0,5,0,0,0,0,6612
179986cc-d8c6-474d-8313-7f8ba2bdfad3,SCISSORS,18,0,2,0,0,0,0,0,0,0,0,0,0,0,0,0,0,0,0,0,0,0,66,2,4,124,2,15,0,139,0,0,0,0,0,0,0,0,0,0,0,0,0,0,0,0,6217,0,0,0,0,0,0,0,0,0,0,0,0,0,0,0,0,0,0,0,0,0,64,0,89,9,7,0,0,0,0,0,156,0,0,0,0,0,0,0,0,29,0,0,0,0,6762,0,110,0,0,0,0,0,0,28,0,0,0,2,0,0,0,98,0,0,0,0,64,2,41,1,3,0,0,0,0,0,0,0,0,0,0,5,0,0,0,0,0,0,0,0,6637
98db4c85-6e99-4ea4-a3e2-9f97d4d6cf87,SCISSORS,13,0,0,0,0,0,0,0,0,0,0,0,0,0,0,0,0,0,0,0,0,0,64,0,0,105,0,0,0,79,0,0,0,0,0,0,0,0,0,0,0,0,0,0,0,0,6224,0,0,0,0,0,0,0,0,0,0,0,0,0,0,0,0,0,0,0,0,0,44,0,0,6,0,0,0,0,0,0,182,0,0,0,0,0,0,0,0,0,0,16,0,0,6767,0,218,0,0,0,2,0,0,15,0,0,0,1,0,0,1,0,0,0,0,0,0,0,0,0,0,0,0,0,0,0,11,0,0,0,0,0,0,0,0,0,0,0,0,0,6645
05feb605-d5b9-42a6-8925-40f983b87ed4,SCISSORS,19,0,0,0,0,0,0,0,0,0,0,0,0,0,0,0,0,0,0,0,0,0,95,0,0,26,0,0,0,55,0,0,0,0,0,0,0,0,0,0,0,0,0,0,0,0,6231,0,0,0,0,0,0,0,0,0,0,0,0,0,0,37,0,0,0,0,0,0,49,0,0,9,0,0,0,0,0,0,79,0,0,0,0,0,0,0,0,2,0,0,0,0,6776,0,19,0,0,0,1,0,0,42,0,0,0,0,0,0,0,0,0,0,0,0,0,0,0,0,0,0,0,0,0,0,112,0,0,0,0,0,0,0,0,0,0,0,2,0,6653
1aa03eee-7f5d-47b9-9d23-44bd269a1d66,SCISSORS,11,0,0,0,0,0,0,0,0,0,0,0,0,0,0,0,0,0,0,0,0,0,38,68,22,86,1,2,0,52,0,0,0,0,0,0,0,0,0,0,0,0,0,0,0,0,6239,0,0,0,0,0,0,0,0,14,0,0,0,0,0,1,0,0,0,0,0,0,38,17,0,36,2,0,0,0,0,0,113,0,0,0,0,0,0,0,0,44,0,4,0,0,6794,0,149,0,0,0,1,0,0,46,0,0,0,1,0,0,1,0,0,0,0,0,20,1,32,1,0,0,0,0,0,0,16,0,0,0,0,0,0,0,0,0,0,0,1,0,6671
4cf063e6-9ad5-41c9-a262-cae3c8c56ea0,SCISSORS,20,0,0,0,0,0,0,0,0,0,0,0,0,0,0,0,0,0,0,0,0,0,63,23,0,142,1,0,0,84,0,0,0,0,0,0,0,0,0,0,0,0,0,0,0,0,6246,0,0,0,0,0,0,0,0,0,0,0,0,0,0,1,0,0,0,0,0,0,0,23,0,45,0,0,0,0,0,0,206,0,0,0,0,0,0,0,0,3,0,35,0,0,6807,0,8,0,0,2,0,0,0,35,0,0,0,0,0,0,1,0,0,0,10,0,26,2,36,1,4,0,0,0,0,0,185,0,0,0,0,0,0,0,0,0,0,0,3,0,6698
5b8fa4b2-87d7-463a-8ae2-aa6a8b67ea0c,ROCK,17,0,0,0,0,1,1,0,0,31,0,0,0,0,0,0,0,0,0,0,0,0,35,1,0,44,0,0,0,56,0,0,0,0,0,0,0,2,0,0,0,0,0,0,0,0,6259,0,0,0,0,0,0,0,0,0,0,0,0,0,0,0,0,0,0,0,0,0,38,0,0,37,2,0,0,0,0,0,85,0,0,0,0,0,0,0,9,0,0,0,0,0,6816,0,3,0,0,0,0,0,0,0,0,0,0,0,0,16,0,0,0,0,0,0,14,0,13,0,1,0,0,0,0,0,124,0,0,0,0,0,0,0,0,0,0,0,0,0,6704
f5dc8fee-4e4a-49c7-9f52-6e15102cbf44,ROCK,16,0,0,0,0,0,1,0,0,102,0,0,0,2,0,0,0,0,0,0,0,1,0,0,0,48,0,0,0,50,0,0,0,0,0,0,0,0,0,0,0,0,0,0,2,0,6276,0,0,0,0,0,0,0,0,0,0,0,0,0,0,0,0,0,0,0,0,0,42,76,9,1,1,0,0,0,0,0,77,0,0,0,0,0,0,0,0,0,0,0,0,0,6825,0,0,0,0,0,0,0,0,0,0,0,0,0,0,2,0,0,0,0,0,0,64,0,7,0,1,0,0,0,0,0,88,0,0,0,0,0,0,0,0,43,0,1,0,0,6715
4a313f12-cd7a-4fa0-a1be-d62e78ad10df,SCISSORS,7,0,0,0,0,0,0,0,0,0,0,0,0,0,0,0,0,0,0,0,0,0,73,0,0,19,0,0,0,97,0,0,0,0,0,0,0,0,0,0,0,0,0,0,0,0,6278,0,0,0,0,0,0,0,0,0,0,0,0,0,0,2,0,0,0,0,0,0,27,36,1,5,0,0,0,0,0,0,77,0,0,0,0,0,0,0,0,6,0,35,0,0,6844,0,17,0,0,2,0,0,0,51,0,0,0,0,0,0,0,0,0,0,0,0,35,0,0,0,0,0,0,0,0,0,83,0,0,0,0,0,0,0,0,0,0,0,1,0,6724
931a27fa-e770-418c-b31f-05b36c599ebe,PAPER,16,0,0,0,0,0,0,0,0,0,0,0,0,0,0,0,0,0,0,0,0,0,28,17,108,45,7,0,0,64,0,0,0,0,0,0,0,0,0,0,0,9,0,0,0,0,6304,0,9,0,0,0,0,0,0,2,0,0,0,0,0,0,0,0,0,0,0,0,53,2,25,10,1,0,0,0,0,25,140,0,0,0,0,0,0,0,0,0,11,0,0,0,6865,0,198,0,0,0,0,0,0,0,0,0,0,0,0,0,0,0,0,0,0,0,46,0,25,1,1,7,0,0,0,0,0,0,0,0,0,0,0,0,0,0,0,0,0,0,6730
1e8a74e2-6647-4219-a4ab-eda929b0bd48,SCISSORS,10,0,0,0,0,0,0,0,0,0,0,0,0,0,0,0,0,0,0,0,0,0,66,35,2,21,2,0,0,40,0,0,0,0,0,0,0,0,0,0,0,0,0,0,0,0,6315,0,0,0,0,0,0,0,0,0,0,0,0,0,0,37,0,0,0,0,0,0,21,0,4,1,0,0,0,0,0,0,98,0,0,0,0,0,0,0,0,3,0,2,0,0,6877,0,59,0,0,0,1,0,0,39,0,0,0,1,0,0,3,0,0,0,0,0,59,1,0,0,0,0,0,0,0,0,0,0,0,0,0,0,0,0,0,0,0,0,3,0,6749
7f49c7a9-d243-4604-a7dc-acefca1a2b45,SCISSORS,19,0,0,0,0,0,0,0,0,0,0,0,2,0,0,0,0,0,0,0,0,0,48,0,2,317,2,13,0,162,0,0,0,0,0,11,0,0,0,0,0,0,0,0,0,0,6338,0,11,0,0,0,0,0,0,21,0,0,0,0,0,3,0,39,0,0,0,0,67,0,83,70,3,0,0,0,0,6,138,0,0,0,0,0,0,0,70,44,0,2,0,0,6920,0,204,0,0,0,0,0,0,50,0,0,3,0,0,0,1,148,0,0,0,0,7,0,88,11,4,0,0,0,0,0,0,0,0,0,0,41,0,0,0,0,0,0,0,0,6780
000df1e2-f711-49db-8377-1b1be481ab4c,SCISSORS,17,0,0,0,0,0,0,0,0,0,0,0,0,0,0,0,0,0,0,0,0,0,21,2,1,148,0,1,0,100,0,0,0,0,0,0,0,0,0,0,0,0,0,0,0,0,6353,0,0,0,0,0,0,0,0,0,0,0,0,0,0,2,0,0,0,0,0,0,72,0,29,2,0,0,0,0,0,81,67,0,0,0,0,0,0,0,0,2,0,18,0,0,6936,0,176,0,0,21,1,0,0,1,0,0,0,0,0,0,1,0,0,0,0,0,0,0,7,0,1,0,0,0,0,0,38,0,0,0,0,25,0,0,0,0,0,0,2,0,6796
3503325a-a598-4e12-bbbf-8e084095886e,SCISSORS,15,0,0,0,0,0,0,0,0,0,0,0,0,0,0,0,0,0,0,0,0,0,7,1,0,156,2,23,0,65,0,0,0,0,0,0,0,0,0,0,0,0,0,0,0,0,6364,0,0,0,0,0,0,0,0,0,0,0,0,0,0,0,0,28,0,0,0,0,62,2,58,32,4,0,0,0,0,0,53,0,0,0,0,0,0,0,1,14,0,0,0,0,6962,0,32,0,0,1,0,0,0,17,0,0,0,0,0,0,1,0,0,0,0,0,14,0,40,2,3,0,0,0,0,0,139,0,0,0,0,4,0,0,0,0,0,0,1,0,6817
92c2ce36-5b28-43a2-94b2-bc47c011cce4,SCISSORS,14,0,0,0,0,0,0,0,0,0,0,0,0,0,0,0,0,0,0,0,0,0,46,0,0,74,0,0,0,35,0,0,0,0,0,0,0,0,0,0,0,0,0,0,0,0,6369,0,0,0,0,0,0,0,0,0,0,0,0,0,0,12,0,0,0,0,0,0,36,0,2,33,0,0,0,0,0,0,71,0,0,0,0,0,0,0,0,0,0,1,0,0,6973,0,18,0,0,0,0,0,0,17,0,0,0,3,0,0,1,0,0,0,0,0,0,0,0,0,0,0,0,0,0,0,116,0,0,0,0,0,0,0,0,0,0,0,0,0,6824
d3316bfd-4a21-4de7-b35d-01cf86140159,ROCK,7,0,0,0,0,1,1,0,0,65,0,0,0,2,0,0,1,0,0,0,0,1,92,2,3,297,1,10,0,203,0,0,0,0,0,0,0,0,0,0,0,0,0,0,1,0,6418,0,0,0,0,0,0,0,0,0,0,0,0,0,0,0,0,0,0,0,0,0,53,0,3,195,2,0,0,0,0,0,424,0,0,0,0,0,0,0,3,0,0,0,0,0,6993,0,570,0,0,0,0,0,0,0,0,0,0,0,0,50,0,0,0,0,0,0,53,0,1,0,0,0,0,0,0,0,0,0,0,0,0,0,0,0,0,2,0,4,0,0,6840
00e08cc0-46fd-47b3-9042-194b05eed48b,SCISSORS,14,0,0,0,0,0,0,0,0,0,0,0,0,0,0,0,0,0,0,0,0,0,0,0,0,151,0,40,0,96,0,0,0,0,0,0,0,0,0,0,0,0,0,0,0,0,6421,0,0,0,0,0,0,0,0,0,0,0,0,0,0,0,0,0,0,0,0,0,24,0,20,63,2,0,0,0,0,0,156,0,0,0,0,0,0,0,12,0,0,10,0,0,7008,0,175,0,0,0,0,0,0,13,0,0,0,0,0,0,0,27,0,0,0,0,46,0,22,1,2,0,0,0,0,0,0,0,0,0,0,0,0,0,0,0,0,0,1,0,6851
49e236df-6615-474f-8fd3-30937d993aa1,PAPER,17,0,0,0,0,0,0,0,0,0,0,0,0,0,0,16,0,0,0,0,0,0,19,0,3,135,0,43,0,80,0,0,0,0,0,0,0,0,0,0,0,0,0,0,0,0,6434,0,0,0,0,0,0,0,0,0,0,0,0,0,0,0,0,0,0,0,0,0,51,0,23,12,2,0,0,0,0,18,136,0,0,0,0,0,0,0,36,0,18,0,0,0,7025,0,178,0,0,0,0,0,0,0,0,0,0,0,0,0,0,43,0,0,0,0,45,1,25,4,0,0,0,0,0,0,0,0,0,0,0,0,0,0,0,0,0,0,0,0,6863
0c482942-61f3-4528-99bb-e72c47986610,PAPER,16,0,0,0,0,0,0,0,0,0,0,0,0,0,0,0,0,0,0,0,0,0,60,0,1,112,1,0,0,135,0,0,0,0,0,0,0,0,0,0,0,11,0,1,0,0,6450,0,0,0,0,0,0,0,0,13,0,0,0,0,0,0,0,13,0,0,0,0,13,0,19,8,0,0,0,0,0,195,0,0,0,0,0,0,0,0,46,0,14,0,0,0,7037,0,184,0,0,0,0,0,0,0,0,0,0,0,0,0,0,0,0,0,0,0,75,0,35,2,2,0,0,0,0,0,12,0,0,0,0,11,0,0,0,0,0,0,0,0,6879
0b899d54-672b-4d3c-bbda-9606c4330f60,ROCK,15,0,0,0,0,0,0,0,0,0,0,0,0,1,0,0,0,0,0,0,0,42,29,0,0,27,0,0,0,49,0,0,0,0,0,0,0,0,0,0,0,0,1,0,1,0,6460,0,0,0,0,0,0,0,0,80,0,0,0,0,0,0,0,0,0,0,0,0,46,0,0,1,0,0,0,0,0,0,0,0,0,0,0,0,0,0,23,0,0,0,0,0,7040,0,75,0,0,0,0,0,0,0,0,0,0,0,0,2,0,0,0,0,0,0,46,0,5,0,1,0,0,0,0,0,0,0,0,0,0,0,0,0,0,2,0,19,0,0,6894
987df248-d6df-4a39-8630-ca34bb0173cf,ROCK,19,0,0,0,0,0,0,0,0,38,0,0,0,0,0,0,1,0,0,0,0,33,31,1,0,78,0,7,0,60,0,0,0,0,0,0,0,0,0,0,0,0,0,0,0,0,6472,0,0,0,0,0,0,0,0,30,0,0,0,0,0,0,0,0,0,0,0,0,96,2,23,4,2,0,0,0,0,0,88,0,0,0,0,0,0,0,4,0,0,0,0,0,7060,0,150,0,0,0,0,0,0,0,0,0,0,0,0,0,0,0,0,0,0,0,30,0,27,1,2,0,0,0,0,0,0,0,0,0,0,0,0,0,0,38,0,1,0,0,6905
a6193bce-5629-47a0-a650-d47aecebabbc,ROCK,12,0,0,0,0,0,3,0,0,44,0,0,0,4,0,0,3,0,0,0,0,56,7,0,0,70,0,2,0,67,0,14,0,0,0,0,0,0,0,0,0,0,0,0,1,0,6504,0,4,0,0,0,0,0,0,0,0,0,0,0,0,0,0,3,0,0,0,0,130,0,32,7,4,0,0,0,0,0,89,0,0,0,0,0,0,0,2,0,0,0,0,0,7078,0,126,0,0,0,0,0,0,0,0,0,0,0,0,60,0,0,0,0,0,0,24,0,16,0,0,0,0,0,0,0,0,0,0,0,0,0,0,0,0,45,0,0,0,0,6911
e224bf39-92d3-461f-9c2b-c1e1110e5896,SCISSORS,15,0,0,0,0,0,0,0,0,0,0,0,0,0,0,0,0,0,0,0,0,0,46,0,0,82,0,0,0,78,0,0,0,0,0,0,0,0,0,0,0,0,0,0,0,0,6510,0,26,0,0,0,0,0,0,0,0,0,0,0,0,0,0,0,0,0,0,0,36,0,19,22,0,0,0,0,0,0,77,0,0,0,0,0,0,0,3,22,0,1,0,0,7092,0,115,0,0,0,0,0,0,22,0,0,0,0,0,0,1,0,0,0,0,0,15,0,29,0,2,0,0,0,0,0,0,0,0,0,0,21,0,0,0,0,0,0,1,0,6923
6a31d936-9114-4f92-8525-82db06abe7cc,SCISSORS,10,0,0,0,0,0,0,0,0,0,0,0,0,0,0,0,0,0,0,0,0,0,103,1,0,104,3,0,0,100,0,0,0,0,0,5,0,0,0,0,0,0,0,0,0,0,6521,0,0,0,0,0,0,0,0,0,0,0,0,0,0,20,0,0,0,0,0,0,60,0,22,2,0,0,0,0,0,0,212,0,0,0,0,0,0,0,0,0,0,0,0,0,7099,0,193,0,0,0,1,0,0,20,0,0,0,1,0,0,0,20,0,0,0,0,0,0,7,0,2,0,0,0,0,0,71,0,0,0,0,0,0,0,0,0,0,0,1,0,6937
f60b9f04-7f97-494c-b8e4-c0bb272e5394,ROCK,8,0,0,0,0,0,1,0,0,50,0,0,0,0,0,0,2,0,0,0,0,3,59,0,5,182,4,3,0,109,0,0,0,0,0,0,0,0,0,0,0,0,1,0,1,0,6564,0,0,0,0,0,0,0,0,0,0,0,0,0,0,0,0,7,0,0,0,0,51,70,67,28,3,0,0,0,0,0,159,0,0,0,0,0,0,0,35,0,0,0,0,0,7121,0,222,0,0,0,0,0,0,0,0,0,0,0,0,1,0,52,0,0,0,0,43,0,56,3,4,0,0,0,0,0,0,0,0,0,0,2,0,0,0,5,0,32,0,0,6967
08848771-ac89-4e0d-96ab-6bd917c06613,SCISSORS,20,0,0,0,0,0,0,0,0,0,0,0,13,0,0,0,0,0,0,0,0,0,45,0,0,0,0,1,0,105,0,0,0,0,0,0,0,0,0,0,0,0,0,0,0,0,6568,0,0,0,0,0,0,0,0,0,0,0,0,0,0,0,0,0,0,0,0,0,25,51,21,2,1,0,0,0,0,0,59,0,0,0,0,0,0,0,0,0,0,5,0,0,7128,0,80,0,0,0,0,0,0,6,0,0,0,0,0,0,2,24,0,0,0,0,51,0,1,0,0,0,0,0,0,0,0,0,0,0,0,0,0,0,0,0,0,0,0,0,6974
0d9dbc32-9da1-45fa-aa9b-2dd90e39e43f,ROCK,17,0,0,0,0,1,0,0,0,0,0,0,0,0,0,0,0,0,0,0,0,63,41,0,0,69,0,0,0,40,0,0,0,0,0,0,0,0,0,0,0,1,1,0,2,0,6582,0,0,0,0,0,0,0,0,0,0,0,0,0,0,0,0,0,0,0,0,0,41,0,10,69,0,0,0,0,0,0,78,0,0,0,0,0,0,0,20,0,0,0,0,0,7134,0,126,0,0,0,0,0,0,0,0,0,0,0,0,2,0,42,0,0,0,0,0,0,2,0,0,0,0,0,0,0,0,0,0,0,0,0,0,0,0,4,0,42,0,0,6990
45a41e1b-3055-4f42-94b6-5ca002a2dd39,SCISSORS,14,0,0,0,0,0,0,0,0,0,0,0,0,0,0,0,0,0,0,0,0,18,59,2,2,22,1,1,0,57,0,0,0,0,0,0,0,0,0,0,0,0,0,0,0,0,6595,0,0,0,0,0,0,0,0,0,0,0,0,0,0,2,0,0,0,0,0,0,0,20,2,33,0,0,0,0,0,0,82,0,0,0,0,0,0,0,0,1,0,22,0,0,7148,0,114,0,0,1,1,0,0,26,0,0,0,1,0,0,1,0,0,0,0,0,0,0,0,0,0,0,0,0,0,0,18,0,0,0,0,0,0,0,0,0,0,0,0,0,6999
b1574a46-d24d-4fc7-9ef7-e33a30296d37,SCISSORS,9,0,0,0,0,0,0,0,0,0,0,0,0,0,0,0,0,0,0,0,0,0,119,1,2,121,5,0,0,46,0,0,0,0,0,0,0,0,0,0,0,0,0,0,0,0,6615,0,0,0,0,0,0,0,0,0,0,0,0,0,0,1,0,0,0,0,0,0,21,45,19,0,0,0,0,0,0,0,170,0,0,0,0,0,0,0,0,36,0,2,0,0,7158,0,24,0,0,1,1,0,0,41,0,0,0,0,0,0,1,0,0,0,0,0,28,3,29,1,0,0,0,0,0,0,165,0,0,0,0,0,0,0,0,0,0,0,0,0,7018
732fc04a-af6b-4359-994a-0ec49293668a,SCISSORS,17,0,38,0,0,0,0,0,0,0,0,0,0,0,0,0,0,0,0,0,0,0,121,4,3,129,2,7,0,131,0,0,0,0,0,0,0,0,0,0,0,0,0,0,0,0,6646,0,0,0,0,0,0,0,0,0,0,0,0,0,0,16,0,18,0,0,0,0,44,0,5,167,5,0,0,0,0,32,127,0,0,0,0,0,0,0,20,1,0,0,0,0,7188,0,80,0,0,0,0,0,0,18,0,0,3,0,0,0,0,44,0,0,0,0,32,4,59,2,1,0,0,0,0,0,175,0,0,0,0,16,0,0,0,0,0,0,1,0,7046
ee5a513f-270c-4964-aa52-e0e0a323ab32,ROCK,18,0,0,0,0,0,0,0,0,45,0,0,0,2,0,0,0,0,0,0,0,1,23,0,0,52,0,0,0,44,0,0,0,0,0,0,0,0,0,0,0,0,0,0,2,0,6661,0,0,0,0,0,0,0,0,0,0,0,0,0,0,0,0,0,0,0,0,0,71,0,25,2,3,0,0,0,0,0,68,0,0,0,0,0,0,0,0,0,0,0,0,0,7199,0,115,0,0,0,0,0,0,0,0,0,0,0,0,2,0,0,0,0,0,0,0,0,4,0,0,0,0,0,0,0,0,0,0,0,0,0,0,0,0,44,0,4,0,0,7058
eb7a42a7-a678-4187-82d6-3a9579b5c996,ROCK,13,0,0,0,0,1,1,0,0,86,0,0,0,3,0,0,0,0,0,0,0,0,6,0,0,177,0,0,0,130,0,0,24,0,0,0,0,0,0,0,0,0,2,0,3,0,6690,0,36,0,0,0,0,0,0,5,0,0,0,0,0,0,0,0,0,0,0,0,49,68,44,15,4,0,0,0,0,0,207,0,0,0,0,0,0,0,5,0,0,0,0,0,7221,0,179,0,0,0,0,0,0,0,0,0,0,0,0,32,0,0,0,0,0,0,1,19,42,1,0,0,0,0,0,0,76,0,0,0,0,30,0,0,0,51,0,2,0,0,7077
a73549ce-9832-453b-8182-7acce25ed612,SCISSORS,20,0,0,0,0,0,0,0,0,0,0,0,0,0,0,0,0,0,0,0,0,0,54,0,0,43,0,0,0,125,0,0,0,0,0,0,0,0,0,0,0,0,0,0,0,0,6696,0,3,0,0,0,0,0,0,0,0,0,0,0,0,23,0,0,0,0,0,0,0,74,2,0,0,0,0,0,0,0,118,0,0,0,0,0,0,0,0,1,0,1,0,0,7228,0,0,0,0,0,1,0,0,33,0,0,0,1,0,0,1,0,0,0,0,0,0,50,0,0,0,0,0,0,0,0,135,0,0,0,0,0,0,0,0,0,0,0,1,0,7086
ad649b39-a589-4f68-ad27-a8ec13dd7b04,SCISSORS,16,0,0,0,0,0,0,0,0,0,0,0,0,0,0,0,0,0,0,0,0,0,90,0,0,143,2,0,0,140,0,0,0,0,0,0,0,0,0,0,0,0,0,0,0,0,6718,0,1,0,0,0,0,0,0,0,0,0,0,0,0,1,0,0,0,0,0,0,0,53,10,0,1,0,0,0,0,0,275,0,0,0,0,0,0,0,0,1,0,33,0,0,7238,0,4,0,0,0,0,0,0,36,0,0,0,0,0,0,0,0,0,0,0,0,17,0,0,0,0,0,0,0,0,0,316,0,0,0,0,0,0,0,0,0,0,0,2,0,7094
422e2807-7d66-40ba-8f67-ed1780644bbf,SCISSORS,6,0,0,0,0,0,0,0,0,0,0,0,0,0,0,0,0,0,0,0,0,0,94,1,0,145,0,0,0,48,0,0,0,0,0,0,0,0,0,0,0,0,0,0,0,0,6726,0,0,0,0,0,0,0,0,0,0,0,0,0,0,0,0,0,0,0,0,0,0,52,1,24,1,0,0,0,0,0,176,0,0,0,0,0,0,0,0,34,0,0,0,0,7245,0,14,0,0,0,0,0,0,19,0,0,0,0,0,0,0,0,0,0,0,0,0,0,0,0,0,0,0,0,0,0,254,0,0,0,0,0,0,0,0,0,0,0,1,0,7098
33138d51-c8b9-45a5-9fa8-3470c9e7faab,PAPER,14,0,0,0,0,0,0,0,0,0,0,0,0,0,0,1,0,0,0,0,0,0,53,0,0,39,3,2,0,57,0,0,0,0,0,0,0,0,0,0,0,3,0,25,0,0,6747,0,0,0,0,1,1,0,0,16,0,0,0,0,0,0,1,0,0,0,0,0,2,12,0,38,0,0,0,0,0,0,47,0,0,0,0,0,0,0,0,30,34,0,1,0,7262,0,89,0,0,0,0,0,0,0,0,0,0,0,0,0,0,0,0,0,0,0,66,1,24,0,3,0,0,0,0,0,0,0,0,0,0,0,0,0,0,0,0,0,0,0,7107
8b8d718a-c2f3-48f3-8f1e-0197b63dd516,ROCK,19,0,0,0,0,8,10,0,0,7,0,0,0,8,0,0,7,0,0,0,0,398,52,1,0,181,0,1,0,170,0,0,0,0,0,0,0,0,0,0,0,0,4,0,10,0,6866,0,6,0,0,0,0,0,0,73,0,0,0,0,0,0,0,25,0,0,0,0,0,0,41,2,3,0,0,0,0,2,119,0,0,0,0,22,0,0,564,0,0,0,0,0,7284,0,346,0,0,0,0,0,0,0,0,0,0,0,0,17,0,0,0,0,0,0,96,1,35,0,2,0,0,0,0,0,0,0,0,0,0,44,0,0,0,11,0,305,0,0,7170
c841479c-d7bf-4589-aefb-833164c9bc91,ROCK,20,0,0,0,0,0,0,0,0,38,0,0,0,0,0,0,0,0,0,0,0,0,1,0,0,133,1,7,0,92,0,0,0,0,0,0,0,0,0,0,0,0,0,0,1,0,6882,0,0,0,0,0,0,0,0,34,0,0,0,0,0,0,0,0,0,0,0,0,43,3,40,48,2,0,0,0,0,0,84,0,0,0,0,1,0,0,18,0,0,0,0,0,7306,0,158,0,0,0,0,0,0,0,0,0,0,0,0,18,0,0,0,0,0,0,35,0,49,8,2,0,0,0,0,0,0,0,0,0,0,0,0,0,0,2,0,1,0,0,7195
d214fe4b-323d-4f53-9246-596353bec12c,ROCK,13,0,13,0,0,1,1,0,0,57,0,0,0,0,0,0,1,0,0,0,0,0,0,0,0,119,0,0,0,119,0,0,0,0,0,0,0,0,0,0,0,0,0,0,0,0,6902,0,0,0,0,0,0,0,0,0,0,0,0,0,0,0,0,0,0,0,0,0,37,0,0,32,0,0,0,0,0,0,228,0,0,0,0,0,0,0,14,0,0,0,0,0,7311,0,244,0,0,0,0,0,0,0,0,0,0,0,0,1,0,0,0,0,0,0,38,0,7,0,1,0,0,0,0,0,0,0,0,0,0,0,0,0,0,20,0,0,0,0,7203
e71e53bb-1dfb-4771-9934-49259ca39fcb,ROCK,18,0,0,0,0,0,2,0,0,80,0,0,0,1,0,0,0,0,0,0,0,1,15,0,0,61,0,1,0,28,0,0,0,0,0,0,0,0,0,0,0,0,0,0,2,0,6919,0,0,0,0,0,0,0,0,0,0,0,0,0,0,0,0,0,0,0,0,0,84,3,0,45,3,0,0,0,0,0,56,0,0,0,0,0,0,0,0,0,0,0,0,0,7323,0,101,0,0,0,0,0,0,0,0,0,0,0,0,39,0,0,0,0,0,0,42,0,7,0,0,0,0,0,0,0,0,0,0,0,0,1,0,0,0,1,0,0,0,0,7210
0634f9bb-f631-429d-a86d-804dba1a0dfd,ROCK,8,0,0,0,0,1,0,0,0,94,0,0,0,0,0,0,2,0,0,0,0,1,15,0,4,221,2,0,0,127,0,0,0,0,0,0,0,0,0,0,0,0,2,0,1,0,6954,0,0,0,0,0,0,0,0,14,0,0,0,0,0,0,0,0,0,0,0,0,35,18,35,80,1,0,0,0,0,0,193,0,0,0,0,0,0,0,94,0,0,0,0,0,7345,0,162,0,0,0,0,0,0,0,0,0,0,0,0,1,0,0,0,0,0,0,36,19,70,2,2,0,0,0,0,0,74,0,0,0,0,55,0,0,0,48,0,1,0,0,7233
ede8e430-fc01-4e61-b9fe-b7040cade974,PAPER,12,0,0,0,0,0,0,0,0,0,0,0,0,0,0,9,0,0,0,0,0,0,27,0,0,19,0,6,0,94,0,0,0,0,0,0,0,0,0,0,0,0,0,0,0,0,6958,0,0,0,0,0,0,0,0,1,0,0,0,0,0,0,0,19,0,0,0,0,0,0,0,52,0,0,0,0,0,0,61,0,0,0,0,0,0,0,0,0,22,0,0,0,7350,0,44,0,0,0,0,0,0,0,0,0,0,0,0,0,0,0,0,0,0,0,57,54,0,0,0,0,0,0,0,0,0,0,0,0,0,0,0,0,0,0,0,0,0,0,7239
7014328e-8153-4c75-ad1e-fdb9a61e218c,SCISSORS,9,0,0,0,0,0,0,0,0,0,0,0,0,0,0,0,0,0,0,0,0,0,94,1,0,31,1,0,0,40,0,0,0,0,0,0,0,0,0,0,0,0,0,0,0,0,6965,0,36,0,0,0,0,0,0,0,0,0,0,0,0,15,0,72,0,0,0,0,1,29,10,1,0,0,0,0,0,0,0,0,0,0,0,0,0,0,2,0,0,1,0,0,7360,0,76,0,0,1,0,0,0,24,0,0,0,0,0,0,0,21,0,0,0,0,45,0,0,0,0,0,0,0,0,0,0,0,0,0,0,0,0,0,0,0,0,0,0,0,7244
231b7a9b-9524-4852-8c00-f6106a03a5ad,SCISSORS,15,0,0,0,0,0,0,0,0,0,0,0,0,0,0,0,0,0,0,0,0,0,98,2,0,100,0,0,0,61,0,0,0,0,0,0,0,0,0,0,0,0,0,0,0,0,6974,0,79,0,0,0,0,0,0,0,0,0,0,0,0,0,0,0,0,0,0,0,0,71,2,66,2,0,0,0,0,14,0,0,0,0,0,0,0,0,19,0,0,8,0,0,7376,0,24,0,0,0,1,0,0,11,0,0,0,0,0,0,0,136,0,0,0,0,0,0,23,1,1,0,0,0,0,0,49,0,0,0,0,15,0,0,0,0,0,0,0,0,7253
611cc0bf-ba62-4fce-bb61-b8249d36f99f,PAPER,20,0,0,0,0,0,0,0,0,0,0,0,0,0,0,0,0,3,0,0,0,0,51,1,0,94,0,0,0,61,0,0,0,0,0,0,0,0,0,0,0,14,0,0,0,0,6983,0,116,0,0,0,1,0,0,0,0,0,0,1,0,0,1,0,0,0,0,0,0,30,0,0,0,0,0,0,0,55,0,0,0,0,0,0,0,0,0,0,19,0,1,0,7387,0,191,0,0,0,0,0,0,0,0,0,0,0,0,0,0,0,0,0,0,0,0,0,33,0,0,0,0,0,0,0,0,0,0,0,0,0,0,0,0,0,0,0,0,0,7255
bb0160ec-404a-4602-8cb4-2341dec15adc,SCISSORS,14,0,0,0,0,0,0,0,0,0,0,0,3,0,0,0,0,0,0,0,0,0,89,0,4,53,0,0,0,103,0,0,0,0,0,0,0,0,0,0,0,0,0,0,0,0,7002,0,2,0,0,0,0,0,0,0,0,0,0,0,0,1,0,0,0,0,0,0,18,0,3,2,1,0,0,0,0,118,61,0,0,0,0,0,0,0,0,0,0,46,0,0,7398,0,188,0,0,45,2,0,0,2,0,0,0,0,0,0,1,0,0,0,0,0,14,0,0,0,0,0,0,0,0,0,0,0,0,0,0,0,0,0,0,0,0,0,0,0,7267
228ec873-aa4a-4280-aafa-ddf481cb58e7,ROCK,18,0,0,0,0,0,32,0,0,0,0,0,0,1,0,0,0,0,0,0,0,1,46,0,0,65,0,8,0,47,0,0,0,0,0,0,0,0,0,0,0,0,0,0,0,0,7013,0,0,0,0,0,0,0,0,0,0,0,0,0,0,0,0,0,0,0,0,0,47,66,36,2,1,1,0,0,0,0,47,0,0,0,0,0,0,0,0,0,0,0,0,0,7410,0,129,0,0,0,0,0,0,0,0,0,0,0,0,28,0,0,0,0,0,0,17,0,18,2,1,0,0,0,0,0,0,0,0,0,0,0,0,0,0,4,0,1,0,0,7281
de35c14e-4026-4c0b-be7a-7f530d859977,SCISSORS,12,0,0,0,0,0,0,0,0,0,0,0,0,0,0,0,0,3,0,0,0,0,54,0,0,71,0,0,0,109,0,0,0,0,0,0,0,0,0,0,0,0,0,0,0,0,7022,0,0,0,0,0,0,0,0,0,0,0,0,0,0,30,0,0,0,0,0,0,0,39,0,8,0,0,0,0,0,0,157,0,0,0,0,0,0,0,0,2,0,1,0,0,7419,0,152,0,0,0,1,0,0,33,0,0,0,1,0,0,1,17,0,0,0,0,19,0,13,0,0,0,0,0,0,0,0,0,0,0,0,0,0,0,0,0,0,0,0,0,7291
e72327c3-b16b-47c8-88c5-f9a93367d7d2,SCISSORS,16,0,0,0,0,0,0,0,0,0,0,0,0,0,0,0,0,0,0,0,0,0,37,0,0,149,1,0,0,82,0,0,0,0,0,0,0,0,0,0,24,0,0,0,0,0,7030,0,0,0,0,0,0,0,0,0,0,0,0,0,0,0,0,0,0,0,0,0,21,38,51,27,3,0,0,0,0,0,146,0,0,0,0,0,0,0,0,6,0,1,0,0,7436,0,107,0,0,1,0,0,0,10,0,0,0,0,0,0,0,57,0,0,0,0,0,0,28,0,1,0,0,0,0,0,34,0,0,0,0,55,0,0,0,0,0,0,0,0,7301
1291d4c4-5804-4179-8e9a-0c9341318e80,SCISSORS,13,0,19,0,0,0,0,0,0,0,0,0,0,0,0,0,0,0,0,0,2,0,56,1,0,55,0,29,0,103,0,0,0,0,0,0,0,0,0,0,0,0,0,0,0,0,7046,0,0,0,0,0,0,0,0,25,0,0,0,0,0,1,0,0,0,0,0,0,51,1,4,70,3,2,0,0,0,0,45,0,0,0,0,0,0,0,53,9,0,1,0,0,7467,0,76,0,0,0,0,0,0,16,0,0,0,0,0,0,0,51,0,0,0,0,0,0,29,3,1,0,0,0,0,0,62,0,0,0,0,26,0,0,0,0,0,0,1,0,7318
ffe37043-8720-49df-b14c-f3dd72348ae9,SCISSORS,14,0,0,0,0,0,0,0,0,0,0,0,0,0,0,0,0,0,0,0,0,0,87,1,0,45,0,0,0,32,0,0,0,0,0,0,0,0,0,0,0,0,0,0,0,0,7051,0,0,0,0,0,0,0,0,0,0,0,0,0,0,1,0,0,0,0,0,0,49,0,25,0,1,0,0,0,0,0,73,0,0,0,0,0,0,0,0,14,0,2,0,0,7479,0,14,0,0,0,1,0,0,17,0,0,0,1,0,0,1,0,0,0,0,0,0,0,0,0,0,0,0,0,0,0,131,0,0,0,0,0,0,0,0,0,0,0,0,0,7326
fc2f8292-1eb7-461c-882e-7993dffdd738,ROCK,15,0,0,0,0,1,0,0,0,64,0,0,0,0,0,0,0,0,0,0,0,0,58,3,0,144,0,0,0,65,0,0,0,0,0,0,0,0,0,0,0,0,0,0,1,0,7070,0,0,0,0,0,0,0,0,0,0,0,0,0,0,0,0,0,0,0,0,0,106,1,2,35,0,0,0,0,0,0,192,0,0,0,0,0,0,0,0,0,0,0,0,0,7490,0,191,0,0,0,0,0,0,0,0,0,0,0,0,2,0,30,0,0,0,0,24,3,22,0,1,0,0,0,0,25,0,0,0,0,0,0,0,0,0,37,0,1,0,0,7344
33f74457-d58d-40d6-85df-901f49f99c0c,PAPER,13,0,0,0,0,0,0,0,0,0,0,0,0,0,0,18,0,0,0,0,0,0,28,0,1,188,3,11,0,168,0,0,0,0,0,0,0,0,0,0,0,0,0,0,0,0,7092,0,13,0,0,0,0,0,0,36,0,0,0,1,0,0,0,1,0,0,0,0,88,3,5,73,0,1,0,0,0,11,121,0,0,0,0,0,0,0,39,0,25,0,0,0,7532,0,212,0,0,0,0,0,0,0,0,0,0,0,0,0,0,1,0,0,0,0,109,3,69,2,4,0,0,0,0,0,0,0,0,0,0,17,0,0,0,0,0,0,0,0,7379
664c1538-d29f-4ca2-93d6-683b1a079a96,ROCK,18,0,22,0,0,0,1,0,0,41,0,0,0,2,0,0,1,0,0,0,0,0,71,0,0,77,0,41,0,100,0,0,0,0,0,1,0,0,0,0,0,0,3,0,0,0,7111,0,2,0,0,0,0,0,0,57,0,0,0,0,0,0,0,0,0,0,0,0,5,49,3,71,2,0,0,0,0,0,161,0,0,0,0,0,0,0,10,0,0,0,0,0,7549,0,258,0,0,0,0,0,0,0,0,0,0,0,0,23,0,0,0,0,0,0,62,0,13,1,1,0,0,0,0,0,0,0,0,0,0,0,0,0,0,1,0,1,0,0,7390
05a2e75b-81bf-4211-b3fb-cb58dc88b04e,SCISSORS,11,0,0,0,0,0,0,0,0,0,0,0,0,0,0,0,0,0,0,0,0,0,52,0,1,65,0,0,0,137,0,0,0,0,0,0,0,0,0,0,0,0,0,0,0,0,7117,0,0,0,0,0,0,0,0,0,0,0,0,0,0,28,0,0,0,0,0,0,17,55,0,5,1,0,0,0,0,0,146,0,0,0,0,0,0,0,0,3,0,0,0,0,7561,0,130,0,0,0,0,0,0,32,0,0,0,0,0,0,2,15,0,0,0,0,58,0,0,0,0,0,0,0,0,0,8,0,0,0,0,9,0,0,0,0,0,0,1,0,7402
282ed01d-b817-477d-b64f-7f3136e69c11,SCISSORS,7,0,0,0,0,0,0,0,0,0,0,0,0,0,0,0,0,0,0,0,0,0,60,0,0,45,1,0,0,47,0,0,0,0,0,0,0,0,0,0,0,0,0,0,0,0,7121,0,0,0,0,0,0,0,0,0,0,0,0,0,0,1,0,0,0,0,0,0,39,1,1,27,2,0,0,0,0,0,64,0,0,0,0,0,0,0,0,18,0,0,0,0,7574,0,93,0,0,0,0,0,0,24,0,0,0,0,0,0,0,15,0,0,0,0,0,0,0,0,0,0,0,0,0,0,20,0,0,0,0,0,0,0,0,0,0,0,1,0,7407
275b47d2-f53a-41a6-97a5-9919573b4cce,SCISSORS,18,0,0,0,0,0,0,0,0,0,0,0,0,0,0,0,0,0,0,0,0,0,84,0,0,46,0,0,0,43,0,0,0,0,0,0,0,0,0,0,0,0,0,0,0,0,7128,0,0,0,0,0,0,0,0,0,0,0,0,0,0,1,0,0,0,0,0,0,57,0,0,30,3,0,0,0,0,0,64,0,0,0,0,0,0,0,0,1,0,17,0,0,7588,0,19,0,0,0,2,0,0,25,0,0,0,0,0,0,1,0,0,0,0,0,0,0,0,0,0,0,0,0,0,0,126,0,0,0,0,0,0,0,0,0,0,0,0,0,7415
391ebe0b-670f-424a-a402-28735c1b3076,SCISSORS,10,0,0,0,0,0,0,0,0,0,0,0,0,0,0,0,0,0,0,0,0,0,78,1,0,50,0,1,0,34,0,0,0,0,0,0,0,0,0,0,0,0,0,0,0,0,7135,0,0,0,0,0,0,0,0,0,0,0,0,0,0,3,0,4,0,0,0,0,38,0,27,26,0,0,0,0,0,0,66,0,0,0,0,0,0,0,0,0,0,0,0,0,7599,0,150,0,0,0,0,0,0,3,0,0,0,0,0,0,1,0,0,0,0,0,0,0,10,0,0,0,0,0,0,0,0,0,0,0,0,0,0,0,0,0,0,0,0,0,7419
518651d7-8d71-43db-89a6-686f5eec101a,ROCK,19,0,0,0,0,0,42,0,0,0,0,0,0,0,0,0,0,0,0,0,0,0,38,0,0,78,0,0,0,77,0,0,0,0,0,0,0,0,0,0,0,0,0,0,0,0,7140,0,0,0,0,0,0,0,0,0,0,0,0,0,0,0,0,0,0,0,0,0,69,0,1,91,0,0,0,0,0,0,74,0,0,0,0,0,0,0,0,0,0,0,0,0,7604,0,142,0,0,0,0,0,0,0,0,0,0,0,0,0,0,0,0,0,0,0,20,0,30,2,0,0,0,0,0,0,0,0,0,0,0,0,0,0,0,40,0,1,0,0,7428
f615eb77-5122-40f8-aa44-0b195f919553,SCISSORS,8,0,0,0,0,0,0,0,0,0,0,0,0,0,0,0,0,0,0,0,0,0,0,0,1,113,0,0,0,101,0,0,0,0,0,0,0,0,0,0,0,0,0,0,0,0,7147,0,0,0,0,0,0,0,0,0,0,0,0,0,0,20,0,0,0,0,0,0,43,1,4,1,0,7,0,0,0,38,92,0,0,0,0,0,0,0,7,1,0,1,0,0,7617,0,93,0,0,0,0,0,0,27,0,0,0,0,0,0,0,7,0,0,0,0,25,0,22,0,1,0,0,0,0,0,0,0,0,0,0,39,0,0,0,0,0,0,1,0,7438
339bd8da-c457-45ba-97ec-a2b7ac563a8b,SCISSORS,16,0,0,0,0,0,0,0,0,0,0,0,0,0,0,0,0,0,0,0,0,0,77,0,1,84,1,11,0,45,0,0,0,0,0,0,0,0,0,0,0,0,0,0,0,0,7160,0,0,0,0,0,0,0,0,0,0,0,0,0,0,1,0,0,0,0,0,0,59,0,35,1,3,6,0,0,0,0,85,0,0,0,0,0,0,0,0,1,0,28,0,0,7633,0,181,0,0,0,0,0,0,37,0,0,0,0,0,0,1,0,0,0,0,0,0,0,0,0,0,0,0,0,0,0,0,0,0,0,0,0,0,0,0,0,0,0,0,0,7442
6cde7f07-e240-4184-9707-886fa025398b,SCISSORS,5,0,0,0,0,0,0,0,0,0,0,0,0,0,0,0,0,0,0,0,0,0,56,61,14,92,0,2,0,111,0,0,0,0,0,0,0,0,0,0,0,0,0,0,0,0,7171,0,11,0,0,0,0,0,0,0,0,0,0,0,0,2,0,24,0,0,0,0,53,32,1,9,0,12,0,0,0,0,50,0,0,0,0,0,0,0,111,30,0,1,0,0,7659,0,157,0,0,0,1,0,0,42,0,0,0,1,0,0,0,11,0,0,0,0,6,0,24,8,2,0,0,0,0,0,84,0,0,0,0,0,0,0,0,0,0,0,0,0,7462
9a39f310-4eb7-4056-8899-671b451eee9c,SCISSORS,19,0,10,0,0,0,0,0,0,0,0,0,0,0,0,0,0,0,0,0,0,0,114,34,1,108,2,0,0,68,0,0,0,0,0,0,0,0,0,0,0,0,0,0,0,0,7189,0,21,0,0,0,0,0,0,0,0,0,0,0,0,56,0,6,0,0,0,0,1,61,1,100,2,4,0,0,0,0,69,0,0,0,0,0,0,0,12,2,0,2,0,0,7684,0,85,0,0,0,1,0,0,69,0,0,0,2,0,0,0,67,0,0,0,0,0,0,23,2,1,0,0,0,0,1,84,0,0,0,0,2,0,0,0,0,0,0,0,0,7483
5d9251be-4492-4b24-ac28-cc764507ac13,PAPER,16,0,0,0,0,0,0,0,0,0,0,0,0,0,0,1,0,0,0,0,0,0,24,0,5,121,1,0,0,63,0,0,0,0,0,0,0,0,0,0,0,35,0,0,0,0,7198,0,0,0,0,1,2,0,0,6,0,0,0,1,0,0,0,11,0,0,0,0,0,24,9,15,0,0,0,0,0,3,136,0,0,0,0,0,0,0,21,0,20,0,1,0,7704,0,0,0,0,0,0,0,0,0,0,0,0,0,0,0,0,177,0,0,0,0,41,0,27,2,3,0,0,0,0,0,0,0,0,0,0,0,0,0,0,0,0,0,0,0,7496
487ff80b-0051-4bde-ba2d-440239cf9166,SCISSORS,12,0,0,0,0,0,0,0,0,0,0,0,0,0,0,0,0,0,0,0,0,0,43,0,4,137,0,0,0,130,0,0,0,0,0,0,0,0,0,0,19,30,0,0,0,0,7211,0,9,0,0,0,0,0,0,0,0,0,0,0,0,0,0,45,0,0,0,0,5,58,20,4,0,0,0,0,0,0,159,0,0,0,0,0,0,0,36,26,0,1,0,0,7735,0,5,0,0,0,0,0,0,29,0,0,0,0,0,0,0,215,0,0,0,0,31,0,48,4,0,0,0,0,0,0,12,0,0,0,0,18,0,0,0,0,0,0,1,0,7514
afb10b71-da2e-4143-adb9-ab73383eab8d,ROCK,11,0,0,0,0,0,0,0,0,56,0,0,0,2,0,0,2,0,0,0,0,0,47,1,0,55,0,0,0,46,0,0,0,0,0,0,0,0,0,0,0,0,0,0,1,0,7225,0,0,0,0,0,0,0,0,0,0,0,0,0,0,0,0,0,0,0,0,0,0,90,11,5,3,0,0,0,0,0,101,0,0,0,0,0,0,0,0,0,0,0,0,0,7744,0,0,0,0,0,0,0,0,0,0,0,0,0,0,34,0,0,0,0,0,0,13,0,9,0,1,0,0,0,0,0,139,0,0,0,0,10,0,0,0,1,0,3,0,0,7527
bf39ebee-ebc7-43bf-bcba-f63ded9e3610,ROCK,8,0,0,0,0,1,1,0,0,47,0,0,0,1,0,0,1,0,0,0,0,0,0,0,0,94,0,0,0,68,0,0,0,0,0,0,0,0,0,0,0,0,0,0,1,0,7237,0,0,0,0,0,0,0,0,0,0,0,0,0,0,0,0,0,0,0,0,0,0,63,24,10,1,0,0,0,0,0,95,0,0,0,0,0,0,0,21,0,0,0,0,0,7753,0,0,0,0,0,0,0,0,0,0,0,0,0,0,0,0,0,0,0,0,0,43,0,25,1,0,0,0,0,0,0,136,0,0,0,0,0,0,0,0,8,0,1,0,0,7535
372f4ac6-84a5-488a-8837-97a6a486ede7,PAPER,15,0,0,0,0,0,0,0,0,0,0,0,0,0,0,0,0,0,0,0,0,0,22,0,2,74,0,0,0,80,0,0,0,0,0,0,0,0,0,0,0,0,0,16,0,0,7244,0,0,0,0,1,0,0,0,0,0,0,0,0,0,0,0,17,0,0,0,0,0,25,45,0,2,23,0,0,0,9,50,0,0,0,0,0,0,0,0,0,21,0,1,0,7767,0,0,0,0,0,0,0,0,0,0,0,0,0,0,0,0,0,0,0,0,0,25,0,70,1,0,0,0,0,0,0,98,0,0,0,0,0,0,0,0,0,0,0,0,0,7539
692ca7ac-a002-4319-8ad2-7542711bb0e2,ROCK,7,0,0,0,0,2,0,0,0,55,0,0,0,2,0,0,0,0,0,0,0,0,30,1,0,49,0,0,0,28,0,0,0,0,0,0,0,0,0,0,0,0,0,0,1,0,7260,0,0,0,0,0,0,0,0,0,0,0,0,0,0,0,0,68,0,0,0,0,0,64,20,0,0,0,0,0,0,0,16,0,0,0,0,0,0,0,0,0,0,0,0,0,7770,0,0,0,0,0,0,0,0,0,0,0,0,0,0,1,0,0,0,0,0,0,18,0,31,0,0,0,0,0,0,0,75,0,0,0,0,0,0,0,0,42,0,1,0,0,7547
bc9ec9d2-8fee-4320-a5c9-942a45fdca6c,ROCK,15,0,0,0,0,0,0,0,0,31,0,0,0,0,0,0,0,0,0,0,0,0,0,0,0,155,0,0,0,60,0,0,0,0,0,0,0,0,0,0,0,0,0,0,0,0,7264,0,0,0,0,0,0,0,0,0,0,0,0,0,0,0,0,46,0,0,0,0,49,16,124,4,7,0,0,0,0,0,0,0,0,0,0,0,0,0,0,0,0,0,0,0,7793,0,1,0,0,0,0,0,0,0,0,0,0,0,0,11,0,0,0,0,0,0,44,0,17,0,0,0,0,0,0,0,172,0,0,0,0,0,0,0,0,0,0,1,0,0,7554
746e3ef4-7ab7-48bb-869c-0f8005461a49,SCISSORS,6,0,0,0,0,0,0,0,0,0,0,0,0,0,0,0,0,0,0,0,0,0,76,0,37,49,0,0,0,91,0,0,0,0,0,0,0,0,0,0,0,0,0,0,0,0,7275,0,0,0,0,0,0,0,0,0,0,0,0,0,0,1,0,33,0,0,0,0,17,20,30,2,1,1,0,0,0,0,98,0,0,0,0,0,0,0,0,1,0,49,0,0,7809,0,6,0,0,1,1,0,0,53,0,0,0,1,0,0,2,0,0,0,0,0,46,5,0,0,0,0,0,0,0,0,138,0,0,0,0,0,0,0,0,0,0,0,0,0,7576
449ea892-553c-42c0-bc68-66d97f2b5f43,ROCK,12,0,0,0,0,0,0,0,0,23,0,0,0,0,0,0,0,0,0,0,0,0,43,0,0,85,0,0,0,78,0,0,0,0,0,0,0,0,0,0,0,0,0,0,0,0,7280,0,0,0,0,0,0,0,0,0,0,0,0,0,0,0,0,53,0,0,0,0,2,98,61,0,1,14,0,0,0,0,0,0,0,0,0,0,0,0,0,0,0,0,0,0,7817,0,0,0,0,0,0,0,0,0,0,0,0,0,0,5,0,0,0,0,0,0,20,0,46,0,3,0,0,0,0,0,153,0,0,0,0,2,0,0,0,0,0,0,0,0,7586
a10ad6dd-e907-49bc-9a4d-edea05ed68bb,SCISSORS,13,0,0,0,0,0,0,0,0,0,0,0,0,0,0,0,0,0,0,0,0,0,23,2,6,244,3,0,0,265,0,0,0,0,0,0,0,0,0,0,19,0,0,0,0,0,7321,0,0,0,0,0,0,0,0,28,0,0,4,0,0,1,0,27,0,0,0,0,56,69,101,21,4,0,0,0,0,0,73,0,0,0,0,0,0,0,152,24,0,2,0,0,7880,0,142,0,0,2,1,0,0,30,0,0,0,0,0,0,0,0,0,0,0,0,58,0,90,3,3,0,0,0,0,0,163,0,0,0,0,69,0,0,0,0,0,0,1,0,7619
35d4e1ed-2ef7-4bfd-89d6-85fad3fea5c0,ROCK,15,0,0,0,0,2,1,0,0,43,0,0,0,2,0,0,1,0,0,0,0,1,0,0,0,107,0,0,0,69,0,0,0,0,0,0,0,0,0,0,0,0,0,0,0,0,7341,0,0,0,0,0,0,0,0,0,0,0,0,0,0,0,0,0,0,0,0,0,70,45,25,1,0,0,0,0,0,0,85,0,0,0,0,0,0,0,0,0,0,0,0,0,7886,0,153,0,0,0,0,0,0,0,0,0,0,0,0,24,0,0,0,0,0,0,29,0,14,1,0,0,0,0,0,0,0,0,0,0,0,1,0,0,0,2,0,2,0,0,7633
827d584d-fa0d-41cc-b640-43f76c5119d5,SCISSORS,8,0,0,0,0,0,0,0,0,0,0,0,0,0,0,0,0,0,0,0,0,0,56,0,3,136,0,0,0,95,0,0,0,0,0,0,0,0,0,0,0,0,0,0,0,0,7353,0,0,0,0,0,0,0,0,0,0,0,0,0,0,1,0,0,0,0,0,0,38,0,3,35,1,0,0,0,0,0,171,0,0,0,0,0,0,0,0,39,0,2,0,0,7904,0,161,0,0,0,0,0,0,44,0,0,0,0,0,0,0,0,0,0,0,0,64,6,14,0,0,0,0,0,0,0,0,0,0,0,0,0,0,0,0,0,0,0,1,0,7652
093abebb-2a13-4e8e-9c5c-d662460ba014,ROCK,7,0,0,0,0,0,0,0,0,38,0,0,23,0,0,0,0,0,0,0,0,0,35,1,0,191,0,0,0,83,0,0,0,0,0,0,0,0,0,0,0,0,0,0,0,0,7364,0,0,0,0,0,0,0,0,0,0,0,0,0,0,0,0,0,0,0,0,0,46,0,131,7,7,0,0,0,0,0,180,0,0,0,0,0,0,0,0,0,0,0,0,0,7923,0,256,0,0,0,0,0,0,0,0,0,0,0,0,1,0,0,0,0,0,0,0,29,27,1,0,0,0,0,0,0,0,0,0,0,0,37,0,0,0,1,0,19,0,0,7665
fa1a678a-8442-4600-8535-2889c68b0787,PAPER,5,0,0,0,0,0,0,0,0,0,0,0,0,0,0,8,0,0,0,0,0,0,24,0,1,199,1,0,0,168,0,0,0,0,0,0,0,0,0,0,0,0,0,0,0,0,7379,0,41,0,0,0,0,0,0,0,0,0,0,0,0,0,0,0,0,0,0,0,0,0,43,92,2,0,0,0,0,0,211,0,0,0,0,0,0,0,3,0,9,0,0,0,7949,0,274,0,0,0,0,0,0,0,0,0,0,0,0,0,0,0,0,0,0,0,53,37,31,1,5,0,0,0,0,0,0,0,0,0,0,0,0,0,0,0,0,0,0,0,7683
c0ca484d-1f6a-43b9-af8e-b67f1144e5d8,ROCK,11,0,5,0,0,1,1,0,0,57,0,0,0,1,0,0,0,0,0,0,0,2,42,0,3,186,2,0,0,104,0,0,0,0,0,0,0,0,0,0,0,0,0,0,1,0,7409,0,60,0,0,0,0,0,0,0,0,0,0,0,0,0,0,12,0,0,0,0,1,76,8,149,9,0,0,0,0,0,90,0,0,0,0,0,0,0,0,0,0,0,0,0,7994,0,210,0,0,0,0,0,0,0,0,0,0,0,0,39,0,0,0,0,0,0,64,0,36,1,0,0,0,0,0,0,0,0,0,0,0,50,0,0,0,3,0,2,0,0,7699
1e9747f5-6a46-4e84-b343-18bf2d937129,SCISSORS,18,0,0,0,0,0,0,0,0,0,0,0,0,0,0,0,0,0,0,0,0,0,118,3,3,150,5,13,0,84,0,0,0,0,0,0,0,0,0,0,0,0,0,0,0,0,7441,0,39,0,0,0,0,0,0,3,0,0,0,0,0,57,0,0,0,0,0,0,46,20,8,131,8,0,0,0,0,0,58,0,0,0,0,0,0,0,0,3,0,3,0,0,8047,0,170,0,0,1,1,0,0,60,0,0,0,3,0,0,3,0,0,0,0,0,74,4,42,1,2,0,0,0,0,0,12,0,0,0,0,0,0,0,0,0,0,0,3,0,7740
c0cf22bb-9569-405b-a5c3-2c81b8dc3299,ROCK,19,0,0,0,0,0,18,0,0,0,0,0,0,0,0,0,1,0,0,0,0,0,49,4,0,59,0,0,0,77,0,0,0,0,0,0,0,0,0,0,0,0,1,0,0,0,7462,0,47,0,0,0,0,0,0,0,0,0,0,0,0,0,0,0,0,0,0,0,29,0,0,46,0,0,0,0,0,0,87,0,0,0,0,0,0,0,0,0,0,0,0,0,8053,0,1,0,0,0,0,0,0,0,0,0,0,0,0,1,0,0,0,0,0,0,21,1,15,1,0,0,0,0,0,0,157,0,0,0,0,0,0,0,0,2,0,10,0,0,7752
70d077e2-7593-4499-8f35-11890c0b03ae,ROCK,12,0,0,0,0,0,0,0,0,28,0,0,0,0,0,0,0,0,0,0,0,0,0,0,0,86,0,0,0,81,0,0,0,0,0,0,0,0,0,0,0,0,0,0,0,0,7466,0,66,0,0,0,0,0,0,0,0,0,0,0,0,0,0,0,0,0,0,0,34,0,2,71,4,0,0,0,0,18,0,0,0,0,0,0,0,0,0,0,0,0,0,0,8065,0,0,0,0,0,0,0,0,0,0,0,0,0,0,0,0,0,0,0,0,0,52,1,37,2,1,0,0,0,0,0,96,0,0,0,0,0,0,0,0,6,0,0,0,0,7762
0e63e6de-86f3-41fa-b554-ec98aa80fc90,PAPER,15,0,0,0,0,0,0,0,0,0,0,0,0,0,0,1,0,0,0,0,0,0,17,0,5,60,0,0,0,133,0,0,0,0,0,0,0,0,0,0,0,0,0,0,0,0,7481,0,38,0,0,0,0,0,0,13,0,0,0,0,0,0,0,0,0,0,0,0,39,0,0,5,0,0,0,0,0,0,116,0,0,0,0,0,0,0,0,0,5,0,0,0,8070,0,13,0,0,0,0,0,0,0,0,0,0,0,0,0,0,0,0,0,0,0,72,1,15,0,0,0,0,0,0,0,81,0,0,0,0,34,0,0,0,0,0,0,0,0,7770
1c721a4f-980a-43d8-a308-2ff73bc5b6bc,PAPER,16,0,0,0,0,0,0,0,0,0,0,0,0,0,0,26,0,0,0,0,0,0,66,1,0,82,0,9,0,88,0,0,0,0,0,0,0,0,0,0,0,1,0,0,0,0,7495,0,0,0,0,0,0,0,0,75,0,0,0,0,0,0,5,17,0,0,0,0,20,3,0,15,0,0,0,0,0,0,104,0,0,0,0,0,0,0,0,0,33,0,1,0,8088,0,0,0,0,0,0,0,0,0,0,0,0,0,0,0,0,0,0,0,0,0,114,1,27,1,0,0,0,0,0,0,130,0,0,0,0,0,0,0,0,0,0,0,0,0,7777
bb03ee09-1a17-4cf3-ab0c-ac3d0667aa13,ROCK,6,0,0,0,0,1,1,0,0,37,0,0,0,0,0,0,0,0,0,0,0,0,85,3,2,116,0,10,0,92,0,0,0,0,0,0,0,0,0,0,0,0,5,0,0,0,7522,0,0,0,0,0,0,0,0,0,0,0,0,0,0,0,0,69,0,0,0,0,0,0,3,109,5,0,0,0,0,0,166,0,0,0,0,0,0,0,0,0,0,0,0,0,8101,0,0,0,0,0,0,0,0,0,0,0,0,0,0,1,0,0,0,0,0,0,65,0,0,5,0,0,0,0,0,0,254,0,0,0,0,0,0,0,0,2,0,25,0,0,7787
04882d70-f4ee-4047-b0d3-86f5bca90aa7,SCISSORS,6,0,0,0,0,0,0,0,0,0,0,0,0,0,0,0,0,0,0,0,0,0,46,2,1,69,3,0,0,91,0,0,0,0,0,0,0,0,0,0,0,0,0,0,0,0,7534,0,0,0,0,0,0,0,0,0,0,0,0,0,0,0,0,0,0,0,0,0,23,0,33,45,1,0,0,0,0,0,104,0,0,0,0,0,0,0,0,0,0,6,0,0,8109,0,86,0,0,0,0,0,0,7,0,0,0,1,0,0,0,0,0,0,0,0,44,0,2,0,0,0,0,0,0,0,72,0,0,0,0,0,0,0,0,0,0,0,0,0,7793
3a54bd45-e7ca-4139-88bd-e7a3e1087e88,SCISSORS,8,0,0,0,0,0,0,0,0,0,0,0,0,0,0,0,0,0,0,0,0,0,93,0,0,143,0,0,0,40,0,0,0,0,0,0,0,0,0,0,19,0,0,0,0,0,7542,0,0,0,0,0,0,0,0,0,0,0,0,0,0,1,0,0,0,0,0,0,75,0,2,97,3,0,0,0,0,0,111,0,0,0,0,0,0,0,0,1,0,5,0,0,8131,0,260,0,0,0,0,0,0,11,0,0,0,0,0,0,0,0,0,0,0,0,0,0,0,0,0,0,0,0,0,0,24,0,0,0,0,0,0,0,0,0,0,0,0,0,7795
71818011-fa37-4755-8202-fea708b2fb5a,ROCK,20,0,0,0,0,1,48,0,0,0,0,0,0,0,0,0,2,0,0,0,0,1,17,0,3,199,1,13,0,129,0,0,0,0,0,0,0,0,0,0,0,0,0,0,2,0,7572,0,50,0,0,0,0,0,0,0,0,0,0,0,0,0,0,0,0,0,0,0,143,5,102,5,2,5,0,0,0,0,104,0,0,0,0,0,0,0,0,0,0,0,0,0,8165,0,70,0,0,0,0,0,0,0,0,0,0,0,0,0,0,38,0,0,0,0,21,0,83,3,2,0,0,0,0,0,103,0,0,0,0,49,0,0,0,46,0,1,0,0,7814
3b0fea1e-aa7a-45b5-83d7-15b04b41e46f,ROCK,12,0,0,0,0,2,0,0,0,1,0,0,0,1,0,0,1,0,0,0,0,74,0,0,0,90,0,0,0,112,0,0,0,0,0,0,0,0,0,0,0,0,4,0,1,0,7593,0,0,0,0,0,0,0,0,0,0,0,0,0,0,0,0,0,0,0,0,0,35,82,1,45,2,0,0,0,0,0,121,0,0,0,0,0,0,0,0,0,0,0,0,0,8174,0,1,0,0,0,0,0,0,0,0,0,0,0,0,56,0,0,0,0,0,0,58,0,4,0,0,0,0,0,0,0,166,0,0,0,0,0,0,0,0,0,0,1,0,0,7821
0239b755-06fe-46f3-aecd-16f0bc65f154,PAPER,7,0,0,0,0,0,0,0,0,0,0,0,0,0,0,0,0,0,0,0,0,41,28,1,0,164,2,32,0,139,0,0,0,0,0,0,0,0,0,0,0,0,0,12,0,0,7609,0,17,0,0,0,1,0,0,0,0,0,0,0,0,0,0,0,0,0,0,0,0,41,83,1,6,34,0,0,0,21,195,0,0,0,0,0,0,0,6,0,14,0,0,0,8203,0,0,0,0,0,0,0,0,0,0,0,0,0,0,0,0,0,0,0,0,0,86,0,63,2,0,0,0,0,0,0,183,0,0,0,0,85,0,0,0,0,0,0,0,0,7836
c2507771-e6e4-4379-a041-54b5fa30f7e9,PAPER,5,0,0,0,0,0,0,0,0,0,0,0,0,0,0,1,0,0,0,0,0,0,50,0,1,69,2,0,0,74,0,0,0,0,0,0,0,0,0,0,0,1,0,10,0,0,7623,0,0,0,0,0,1,0,0,0,0,0,0,1,0,0,1,0,0,0,0,0,40,3,43,3,0,2,0,0,0,81,20,0,0,0,0,0,0,0,0,0,13,0,0,0,8227,0,0,0,0,0,0,0,0,0,0,0,0,0,0,0,0,0,0,0,0,0,67,0,45,4,4,0,0,0,0,0,88,0,0,0,0,0,0,0,0,0,0,0,0,0,7849
62b05302-7483-4421-8af7-d318663bfb03,SCISSORS,5,0,0,0,0,0,0,0,0,0,0,0,0,0,0,0,0,0,0,0,0,0,128,2,0,10,0,0,0,26,0,0,0,0,0,0,0,0,0,0,0,0,0,0,0,0,7630,0,0,0,0,0,0,0,0,0,0,0,0,0,0,0,0,0,0,0,0,0,17,0,57,2,6,5,0,0,0,0,75,0,0,0,0,0,0,0,0,0,0,4,0,0,8245,0,16,0,0,0,0,0,0,9,0,0,0,0,0,0,1,0,0,0,0,0,42,0,0,0,0,0,0,0,0,0,98,0,0,0,0,0,0,0,0,0,0,0,0,0,7854
87564380-1aee-4ecc-9710-cc23dff9c508,PAPER,10,0,0,0,0,0,0,0,0,0,0,0,3,0,0,0,0,0,0,0,0,0,111,4,2,223,3,0,0,116,0,0,0,0,0,0,0,0,0,0,0,15,0,1,0,0,7663,0,0,0,0,0,0,0,0,21,0,0,0,0,0,0,0,0,0,0,0,0,40,0,199,8,10,37,0,0,0,0,143,0,0,0,0,0,0,0,3,0,16,0,1,0,8294,0,110,0,0,0,0,0,0,0,0,0,0,0,0,0,0,0,0,0,0,0,0,0,131,5,5,0,0,0,0,0,128,0,0,0,0,99,0,0,0,0,0,0,0,0,7882
12469b70-2fbf-4016-a59f-21b7164a9ada,ROCK,5,0,0,0,0,0,1,0,0,46,0,0,0,0,0,0,0,0,0,0,0,0,48,0,0,60,0,0,0,47,0,0,0,0,0,0,0,0,0,0,0,0,0,0,2,0,7677,0,0,0,0,0,0,0,0,68,0,0,0,0,0,0,0,0,0,0,0,0,55,0,34,1,0,0,0,0,0,0,46,0,0,0,0,0,0,0,0,0,0,0,0,0,8301,0,0,0,0,0,0,0,0,0,0,0,0,0,0,1,0,0,0,0,0,0,22,0,1,1,0,0,0,0,0,0,107,0,0,0,0,41,0,0,0,3,0,28,0,0,7894
00aa1e7e-cdde-4a4c-bd50-636cd27dcb69,ROCK,20,0,4,0,0,0,0,0,0,28,0,0,0,1,0,0,0,0,0,0,0,0,25,2,1,133,1,0,0,130,0,0,0,0,0,0,0,0,0,0,0,0,3,0,0,0,7699,0,0,0,0,0,0,0,0,28,0,0,0,0,0,0,0,0,0,0,0,0,54,93,118,14,2,1,0,0,0,0,18,0,0,0,0,0,0,0,0,0,0,0,0,0,8335,0,15,0,0,0,0,0,0,0,0,0,0,0,0,0,0,0,0,0,0,0,78,0,67,4,5,0,0,0,0,0,147,0,0,0,0,0,0,0,0,12,0,0,0,0,7918
8b1b569d-8eb6-477a-b2d5-fcc7bdc0fee3,SCISSORS,15,0,0,0,0,0,0,0,0,0,0,0,0,0,0,0,0,0,0,0,0,0,43,1,0,19,0,0,0,32,0,0,0,0,0,0,0,0,0,0,0,0,0,0,0,0,7703,0,2,0,0,0,0,0,0,37,0,0,0,0,0,1,0,0,0,0,0,0,0,21,22,1,0,0,0,0,0,0,0,0,0,0,0,0,0,0,0,0,0,11,0,0,8343,0,0,0,0,0,0,0,0,15,0,0,0,0,0,0,0,16,0,0,0,0,4,0,0,0,0,0,0,0,0,0,60,0,0,0,0,0,0,0,0,0,0,0,0,0,7921
23ca163a-4ce1-4732-962c-3cbf8ca1274d,ROCK,8,0,0,0,0,0,2,0,0,50,0,0,0,1,0,0,0,0,0,0,0,0,80,5,0,186,0,0,0,155,0,0,0,0,0,0,0,0,0,0,0,0,2,0,1,0,7741,0,0,0,0,0,0,0,0,53,0,0,0,0,0,0,0,0,0,0,0,0,1,135,102,6,5,12,0,0,0,0,161,0,0,0,0,0,0,0,0,7,0,0,0,0,8378,0,0,0,0,0,0,0,0,0,0,0,4,0,0,2,0,215,0,0,0,0,26,0,61,4,0,0,0,0,0,0,76,0,0,0,0,53,0,0,0,2,0,39,0,0,7950
b4c70f32-79db-4414-b0b1-4471df8aef82,ROCK,13,0,0,0,0,0,1,0,0,0,0,0,0,2,0,0,0,0,0,0,0,95,0,0,0,78,0,0,0,115,0,0,0,0,0,0,0,0,0,0,0,0,0,0,0,0,7751,0,0,0,0,0,0,0,0,0,0,0,0,0,0,0,0,0,0,0,0,0,0,175,30,6,3,2,0,0,0,0,75,0,0,0,0,0,0,0,0,0,0,0,0,0,8395,0,0,0,0,0,0,0,0,0,0,0,0,0,0,1,0,88,0,0,0,0,92,0,43,0,2,0,0,0,0,0,0,0,0,0,0,0,0,0,0,63,0,2,0,0,7964
847863f5-d9a9-4ee7-b7bb-5fbc5819c8b7,PAPER,16,0,0,0,0,0,0,0,0,0,0,0,0,0,0,0,0,0,0,0,0,0,0,0,1,137,0,0,0,174,0,0,0,0,0,0,0,0,0,0,0,0,0,15,0,0,7762,0,0,0,0,0,0,0,0,0,0,0,0,0,0,0,0,0,0,0,0,0,0,38,2,0,0,0,0,0,0,18,252,0,0,0,0,0,0,0,0,0,17,0,0,0,8400,0,0,0,0,0,0,0,0,0,0,0,0,0,0,0,0,232,0,0,0,0,93,1,0,0,0,0,0,0,0,0,0,0,0,0,0,1,0,0,0,0,0,0,0,0,7969
c28e2ec9-86c8-4efc-bdc4-74ea9a67e15f,PAPER,18,0,0,0,0,0,0,0,0,0,0,0,0,0,0,8,0,0,0,0,0,0,16,0,0,81,0,0,0,76,0,0,0,0,0,0,0,0,0,0,0,2,0,0,0,0,7769,0,0,0,0,0,0,0,0,0,0,0,0,0,0,0,0,14,0,0,0,0,0,0,0,0,0,0,0,0,0,157,0,0,0,0,0,0,0,0,0,0,11,0,1,0,8404,0,0,0,0,0,0,0,0,0,0,0,0,0,0,0,0,84,0,0,0,0,62,0,18,1,0,0,0,0,0,0,0,0,0,0,0,18,0,0,0,0,0,0,0,0,7975
311c32cd-955b-4d02-9424-bd72892e181e,ROCK,10,0,0,0,0,2,0,0,0,63,0,0,0,1,0,0,0,0,0,0,0,0,72,4,0,42,0,0,0,39,0,0,0,0,0,0,0,0,0,0,0,0,0,0,0,0,7786,0,0,0,0,0,0,0,0,0,0,0,0,0,0,0,0,30,0,0,0,0,0,77,47,0,3,0,0,0,0,66,0,0,0,0,0,0,0,0,0,0,0,0,0,0,8413,0,0,0,0,0,0,0,0,0,0,0,0,0,0,40,0,112,0,0,0,0,26,18,14,3,1,4,0,0,0,0,0,0,0,0,0,0,0,0,0,5,0,0,0,0,7997
da026e1d-0524-4bfb-9e28-174aef19762e,ROCK,10,0,0,0,0,5,4,0,0,1,0,0,0,3,0,0,6,0,0,0,0,196,34,1,0,22,0,0,0,86,0,0,0,0,0,0,0,0,0,0,0,0,5,0,1,0,7839,0,0,0,0,0,0,0,0,0,0,0,0,0,0,0,0,0,0,0,0,0,0,44,27,1,1,249,0,0,0,42,0,0,0,0,0,0,0,0,0,0,0,0,0,0,8420,0,0,0,0,0,0,0,0,0,0,0,0,0,0,7,0,70,0,0,0,0,35,49,19,0,0,40,0,0,0,0,0,0,0,0,0,0,0,0,0,6,0,138,0,0,8034
a9290d9e-fcb0-4f61-adae-76597488264d,SCISSORS,17,0,0,0,0,0,0,0,0,0,0,0,0,0,0,0,0,0,0,0,0,0,64,0,0,21,1,0,0,86,0,0,0,0,0,0,0,0,0,0,0,0,0,0,0,0,7843,0,0,0,0,0,0,0,0,0,0,0,0,0,0,2,0,0,0,0,0,0,0,23,13,0,1,35,0,0,0,64,0,0,0,0,0,0,0,0,0,34,0,0,0,0,8430,0,24,0,0,1,1,0,0,35,0,0,17,0,0,0,0,53,0,0,0,0,40,0,0,0,0,0,0,0,0,0,0,0,0,0,0,0,0,0,0,0,0,0,1,0,8046
dd96e8cd-615d-4dce-ac8e-8e711f4e0aef,SCISSORS,16,0,0,0,0,0,0,0,0,0,0,0,0,0,0,0,0,0,0,0,0,0,84,0,0,102,1,0,0,88,0,0,0,0,0,0,0,0,0,0,0,0,0,0,0,0,7852,0,0,0,0,0,0,0,0,0,0,0,0,0,0,30,0,0,0,0,0,0,0,37,24,5,2,0,0,0,0,175,0,0,0,0,0,0,0,0,0,1,0,1,0,0,8441,0,220,0,0,2,1,0,0,38,0,0,0,1,0,0,0,12,0,0,0,0,0,0,0,0,0,0,0,0,0,0,0,0,0,0,0,0,0,0,0,0,0,0,1,0,8057
398f8c30-95b5-4bc4-8a0a-a191e5ac78ce,SCISSORS,8,0,0,0,0,0,0,0,0,0,0,0,0,0,0,0,0,0,0,0,0,0,41,0,0,130,58,0,0,169,0,0,0,0,0,0,0,0,0,0,0,0,0,0,0,0,7865,0,0,0,0,0,0,0,0,0,0,0,0,0,0,1,0,0,0,0,0,0,16,42,1,8,0,3,0,0,0,291,0,0,0,0,0,0,0,0,0,0,0,36,0,0,8451,0,192,0,0,0,1,0,0,38,0,0,0,2,0,0,1,151,0,0,0,0,0,0,13,0,0,0,0,0,0,0,0,0,0,0,0,0,0,0,0,0,0,0,0,0,8068
18afcac6-72f2-4d58-a1f6-694fcc526a42,ROCK,10,0,0,0,0,0,2,0,0,53,0,0,0,0,0,0,2,0,0,0,0,0,0,0,0,71,41,0,0,24,0,0,0,0,0,0,0,0,0,0,0,0,0,0,0,0,7876,0,0,0,0,0,0,0,0,0,0,0,0,0,0,0,0,0,0,0,0,0,109,1,25,0,0,1,0,0,0,57,0,0,0,0,0,0,0,0,0,0,0,0,0,0,8457,0,127,0,0,0,0,0,0,0,0,0,0,0,0,34,0,0,0,0,0,0,15,0,12,0,1,0,0,0,0,0,0,0,0,0,0,0,0,0,0,1,0,3,0,0,8081
6128dd10-0c54-4d1e-afbc-7fe61f4ae4d7,SCISSORS,17,0,0,0,0,0,0,0,0,44,0,0,0,0,0,0,0,0,0,0,0,0,57,0,1,113,0,0,0,104,0,0,0,0,0,0,0,0,0,0,0,0,0,0,0,0,7885,0,0,0,0,0,0,0,0,0,0,0,3,0,0,0,0,0,0,0,0,0,44,17,58,2,3,0,0,0,0,72,83,0,0,0,0,0,0,0,0,35,0,2,0,0,8481,0,225,0,0,0,0,0,0,37,0,0,0,1,0,0,2,0,0,0,0,0,44,0,10,0,0,0,0,0,0,0,0,0,0,0,0,0,0,0,0,0,0,0,0,0,8092
eabf4a18-183e-4d44-8e58-8ca593640a2b,ROCK,16,0,0,0,0,0,0,0,0,48,0,0,0,2,0,0,0,0,0,0,0,1,45,0,0,111,0,0,0,108,0,0,39,0,0,0,0,0,0,0,0,0,0,0,0,0,7902,0,0,0,0,0,0,0,0,0,0,0,1,0,0,0,0,0,0,0,0,0,52,50,17,0,0,0,0,0,0,227,7,0,0,0,0,0,0,0,0,0,0,0,0,0,8491,0,287,0,0,0,0,0,0,0,0,0,0,0,0,3,0,0,0,0,0,0,14,0,15,0,1,0,0,0,0,0,0,0,0,0,0,0,0,0,0,32,0,2,0,0,8109
6d52f025-a7c0-4a12-b3cb-b93f2d21b2a5,PAPER,9,0,0,0,0,0,0,0,0,37,0,0,0,0,0,33,0,3,0,0,0,0,3,0,2,193,2,0,0,227,0,0,0,0,0,0,0,0,0,0,0,20,3,3,0,0,7940,0,17,0,0,0,1,0,0,1,0,0,38,0,0,0,2,0,0,0,0,0,40,21,39,2,3,0,0,0,0,271,56,0,0,0,0,0,0,0,0,0,35,0,0,0,8523,0,380,0,0,0,0,0,0,0,0,0,0,0,0,0,0,0,0,0,0,0,37,0,109,0,0,0,0,0,0,0,0,0,0,0,0,0,0,0,0,0,0,0,0,0,8113
438cf515-70f7-41ca-a47d-d91473687b69,PAPER,14,0,0,0,0,0,0,0,0,0,0,0,0,0,0,1,0,0,0,0,0,0,14,0,4,241,8,0,0,134,0,0,0,0,0,0,0,0,0,0,0,54,0,26,0,0,7980,0,89,0,0,0,1,0,0,0,0,0,24,1,0,0,0,0,0,0,0,0,5,80,112,9,5,0,0,0,0,121,0,0,0,0,0,0,0,0,3,0,31,0,1,0,8573,0,140,0,0,0,0,0,0,0,0,0,0,0,0,0,0,19,0,0,0,0,51,1,113,2,3,0,0,0,0,0,128,0,0,0,0,25,0,0,0,0,0,0,0,0,8134
6efcb8ea-ebe3-4e5a-8336-5d415e2dd863,ROCK,6,0,0,0,0,1,1,0,0,58,0,0,0,1,0,0,0,0,0,0,0,0,14,0,0,71,0,0,0,27,0,0,0,0,0,0,0,0,0,0,0,0,2,0,0,0,7993,0,74,0,0,0,0,0,0,0,0,0,64,0,0,0,0,0,0,0,0,0,0,0,27,1,0,0,0,0,0,9,0,0,0,0,0,0,0,0,0,0,0,0,0,0,8580,0,0,0,0,0,0,0,0,0,0,0,0,0,0,1,0,0,0,0,0,0,26,0,1,0,0,0,0,0,0,0,97,0,0,0,0,0,0,0,0,49,0,1,0,0,8142
a6370077-1c95-406d-9b7f-c371c49dceb8,SCISSORS,9,0,0,0,0,0,0,0,0,22,0,0,0,0,0,0,0,0,0,0,0,0,73,2,2,143,0,0,0,67,0,0,0,0,0,0,0,0,0,0,0,0,0,0,0,0,8010,0,57,0,0,0,0,0,0,0,0,0,20,0,0,9,0,0,0,0,0,0,1,37,119,6,3,0,0,0,0,42,15,0,0,0,0,0,0,0,0,0,0,0,0,0,8610,0,158,0,0,21,0,0,0,0,0,0,0,0,0,0,0,0,0,0,0,0,20,0,35,2,2,0,0,0,0,0,60,0,0,0,0,11,0,0,0,0,0,0,0,0,8158
0194d677-c6b4-4f15-8ce2-a6370348e072,SCISSORS,12,0,0,0,0,0,0,0,0,0,0,0,0,0,0,0,0,0,0,0,0,0,91,0,0,20,0,0,0,24,0,0,0,0,0,0,0,0,0,0,0,0,0,0,0,0,8013,0,44,0,0,0,0,0,0,0,0,0,0,0,0,4,0,0,0,0,0,0,25,44,1,0,0,0,0,0,0,0,0,0,0,0,0,0,0,0,0,1,0,16,0,0,8624,0,111,0,0,0,0,0,0,23,0,0,0,0,0,0,0,0,0,0,0,0,0,0,0,0,0,0,0,0,0,0,0,0,0,0,0,0,0,0,0,0,0,0,1,0,8162
2908e1b8-9bf0-448d-bbce-9b21d0739df7,PAPER,9,0,0,0,0,0,0,0,0,0,0,0,0,0,0,4,0,0,0,0,0,0,67,2,3,163,1,0,0,124,0,0,0,0,0,0,0,0,0,0,0,2,0,17,0,0,8043,0,145,0,0,1,0,0,0,0,0,0,0,1,0,0,1,0,0,0,0,0,99,5,75,3,4,0,0,0,0,4,19,0,0,0,0,0,0,0,0,0,25,0,1,0,8666,0,269,0,0,0,0,0,0,0,0,0,0,0,0,0,0,0,0,0,0,0,8,2,96,3,5,0,0,0,0,0,0,0,0,0,0,0,0,0,0,0,0,0,0,0,8187
d537f237-63d2-4568-a849-9139d83b74c9,SCISSORS,13,0,0,0,0,0,0,0,0,0,0,0,0,0,0,0,0,0,0,0,0,0,82,0,0,78,0,0,0,36,0,0,0,0,0,0,0,0,0,0,0,0,0,0,0,0,8048,0,0,0,0,0,0,0,0,0,0,0,3,0,0,3,0,0,0,0,0,0,22,0,16,2,1,0,0,0,0,0,149,0,0,0,0,0,0,0,0,0,0,0,0,0,8676,0,184,0,0,1,1,0,0,10,0,0,0,0,0,0,0,0,0,0,0,0,0,0,0,0,0,0,0,0,0,0,0,0,0,0,0,0,0,0,0,0,0,0,0,0,8192
8ba7f454-ff8f-4cf5-9f17-d0b11d674ad8,SCISSORS,17,0,0,0,0,0,0,0,0,0,0,0,0,0,0,0,0,0,0,0,0,0,85,1,0,46,0,0,0,53,0,0,0,0,0,0,0,0,0,0,0,0,0,0,0,0,8053,0,0,0,0,0,0,0,0,0,0,0,0,0,0,12,0,0,0,0,0,0,56,0,16,14,2,0,0,0,0,0,84,0,0,0,0,0,0,0,0,0,0,1,0,0,8686,0,171,0,0,0,0,0,0,13,0,0,0,0,0,0,1,0,0,0,0,0,0,0,0,0,0,0,0,0,0,0,0,0,0,0,0,0,0,0,0,0,0,0,0,0,8196
d79f5d08-dac7-4c07-9ee3-81206bded0b8,ROCK,11,0,0,0,0,1,0,0,0,49,0,0,0,1,0,0,0,0,0,0,0,2,31,0,0,145,0,0,0,63,0,0,0,0,0,0,0,0,0,0,0,0,1,0,0,0,8072,0,0,0,0,0,0,0,0,0,0,0,0,0,0,0,0,0,0,0,0,0,60,1,19,29,1,0,0,0,0,0,183,0,0,0,0,0,0,0,0,0,0,0,0,0,8694,0,230,0,0,0,0,0,0,0,0,0,0,0,0,29,0,0,0,0,0,0,20,0,10,0,1,0,0,0,0,0,0,0,0,0,0,0,0,0,0,0,0,3,0,0,8207
a771fa4c-2e3e-4eec-8518-e7535f520924,PAPER,14,0,0,0,0,0,0,0,0,0,0,0,0,0,0,0,0,0,0,0,0,0,42,0,5,146,3,0,0,131,0,0,0,0,0,0,0,0,0,0,0,7,0,0,0,0,8095,0,0,0,0,0,0,0,0,20,0,0,0,0,0,0,0,0,0,0,0,0,59,2,58,5,4,0,0,0,0,113,65,0,0,0,0,0,0,0,0,0,8,0,0,0,8721,0,141,0,0,0,0,0,0,0,0,0,0,0,0,0,0,0,0,0,0,0,69,32,67,6,2,0,0,0,0,0,0,0,0,11,0,6,0,0,0,0,0,0,0,0,8238
dc9b5578-0135-4dc9-8ad3-0d9abaacc639,SCISSORS,12,0,0,0,0,0,0,0,0,0,0,0,0,0,0,0,0,0,0,0,0,0,42,0,0,83,0,0,0,20,0,0,0,0,0,0,0,0,0,0,0,0,0,0,0,0,8097,0,0,0,0,0,0,0,0,60,0,0,0,0,0,1,0,0,0,0,0,0,16,0,1,7,0,0,0,0,0,36,0,0,0,0,0,0,0,0,0,0,0,24,0,0,8728,0,55,0,0,0,0,0,0,32,0,0,0,0,0,0,2,14,0,0,0,0,0,42,0,0,0,0,0,0,0,0,0,0,0,0,0,0,0,0,0,0,0,0,0,0,8244
8782d5f4-1c7e-47ff-83f1-ad804765670f,ROCK,20,0,0,0,0,0,0,0,0,24,0,0,0,0,0,0,1,0,0,0,0,0,0,0,3,316,3,0,0,179,0,0,0,0,0,0,0,0,0,0,0,0,0,0,0,0,8120,0,27,0,0,0,0,0,0,0,0,0,23,0,0,0,0,0,0,0,0,0,72,0,128,6,6,0,0,0,0,157,104,0,0,0,0,0,0,0,3,0,0,0,0,0,8765,0,243,0,0,0,0,0,0,0,0,0,3,0,0,9,0,79,0,0,0,0,0,0,99,4,7,0,0,0,0,0,67,0,0,0,0,14,0,0,0,1,0,0,0,0,8276
2beb8f0b-7f76-48ab-ae8f-db3e8c7fd955,PAPER,12,0,0,0,0,0,0,0,0,0,0,0,0,0,0,34,0,0,0,0,0,0,20,0,0,44,0,0,0,111,0,0,0,0,0,0,0,0,0,0,0,0,0,1,0,0,8127,0,14,0,0,2,1,0,0,0,0,0,0,2,0,0,0,0,0,0,0,0,50,3,0,1,0,0,0,0,0,13,87,0,0,0,0,0,0,0,3,0,34,0,0,0,8787,0,104,0,0,0,0,0,0,0,0,0,0,0,0,0,0,0,0,0,0,0,57,0,46,3,0,0,0,0,0,0,0,0,0,0,0,0,0,0,0,0,0,0,0,0,8285
fd79c1e0-2684-473f-a0f4-133967644915,ROCK,15,0,0,0,0,1,0,0,0,64,0,0,0,1,0,0,0,0,0,0,0,0,42,2,0,71,0,0,0,65,0,0,0,0,0,0,0,0,0,0,0,0,0,0,1,0,8143,0,0,0,0,0,0,0,0,0,0,0,2,0,0,0,0,0,0,0,0,0,82,1,40,1,1,0,0,0,0,0,120,0,0,0,0,0,0,0,0,0,0,0,0,0,8795,0,136,0,0,0,0,0,0,0,0,0,0,0,0,47,0,0,0,0,0,0,26,21,11,0,1,3,0,0,0,0,0,0,0,0,0,0,0,0,0,0,0,2,0,0,8296
6aabe866-9e50-4367-a74e-71a3ca9357a7,SCISSORS,6,0,0,0,0,0,0,0,0,0,0,0,0,0,0,0,0,0,0,0,0,0,0,0,0,82,0,0,0,34,0,0,0,0,0,0,0,0,0,0,0,0,0,0,0,0,8146,0,0,0,0,0,0,0,0,0,0,0,0,0,0,4,0,0,0,0,0,0,27,0,4,0,0,0,0,0,0,0,54,0,0,0,0,0,0,0,0,26,0,1,0,0,8811,0,58,0,0,1,1,0,0,29,0,0,0,0,0,0,1,0,0,0,0,0,0,10,0,0,0,0,0,0,0,0,14,0,0,0,0,0,0,0,0,0,0,0,2,0,8308
3782cf23-d764-4dc2-8da7-df7335f5a55a,ROCK,12,0,0,0,0,1,65,0,0,0,0,0,0,3,0,0,1,0,0,0,0,0,119,7,0,131,3,0,0,103,0,0,0,0,0,0,0,0,0,0,0,0,0,0,2,0,8188,0,0,0,0,0,0,0,0,0,0,0,114,0,0,0,0,0,0,0,0,0,51,1,152,6,7,0,0,0,0,19,85,0,0,0,0,0,0,0,0,0,0,0,0,0,8846,0,44,0,0,0,0,0,0,0,0,0,3,0,0,1,0,0,0,0,0,0,26,0,57,3,1,0,0,0,0,0,222,0,0,0,0,45,0,0,0,0,0,33,0,0,8327
f985a256-2a59-4668-85db-e79a96010aae,SCISSORS,20,0,0,0,0,0,0,0,0,0,0,0,0,0,0,0,0,0,0,0,0,0,85,1,1,220,1,0,0,131,0,0,0,0,0,0,0,0,0,0,0,0,0,0,0,0,8206,0,33,0,0,0,0,0,0,35,0,0,44,0,0,32,0,0,0,0,0,0,32,4,104,4,4,0,0,0,0,15,129,0,0,0,0,0,0,0,0,2,0,1,0,0,8889,0,44,0,0,0,2,0,0,33,0,0,0,1,0,0,1,86,0,0,0,0,15,0,82,4,2,0,0,0,0,0,168,0,0,0,0,0,0,0,0,0,0,0,1,0,8355
d555e5e3-bb72-4bf3-bcbb-f4406fd13df9,SCISSORS,7,0,0,0,0,0,0,0,0,0,0,0,0,0,0,0,0,0,0,0,0,0,14,0,0,176,0,0,0,115,0,0,24,0,0,0,0,0,0,0,0,0,0,0,0,0,8215,0,0,0,0,0,0,0,0,0,0,0,16,0,0,28,0,0,0,0,0,0,2,15,2,0,0,0,0,0,0,81,183,0,0,0,0,0,0,0,0,2,0,0,0,0,8900,0,280,0,0,0,1,0,0,34,0,0,0,0,0,0,0,0,0,0,0,0,0,0,0,0,0,0,0,0,0,0,14,0,0,0,0,0,0,0,0,0,0,0,0,0,8359
3f364b26-7a2f-4cdf-8313-b5970e02dfc6,SCISSORS,6,0,0,0,0,0,0,0,0,0,0,0,0,0,0,0,0,0,0,0,0,0,0,0,2,156,4,0,0,88,0,0,0,0,0,0,0,0,0,0,0,0,0,0,0,0,8232,0,0,0,0,0,0,0,0,0,0,0,18,0,0,2,0,2,0,0,0,0,44,27,19,3,2,0,0,0,0,24,67,0,0,0,0,0,0,0,0,1,0,41,0,0,8928,0,27,0,0,1,2,0,0,46,0,0,0,0,0,0,1,0,0,0,0,0,6,0,44,1,2,0,0,0,0,0,120,0,0,0,0,0,0,0,0,0,0,0,0,0,8379
397711bf-12d8-4654-8d56-3fcfe32acbc7,SCISSORS,14,0,0,0,0,0,0,0,0,0,0,0,0,0,0,0,0,0,0,0,0,0,120,1,5,254,6,0,0,82,0,0,0,0,0,0,0,0,0,0,14,0,0,0,0,0,8269,0,0,0,0,0,0,0,0,0,0,0,21,0,0,0,0,0,0,0,0,0,91,2,127,7,6,0,0,0,0,147,35,0,0,0,0,0,0,0,0,45,0,1,0,0,8973,0,194,0,0,0,3,0,0,42,0,0,3,0,0,0,2,12,0,0,0,0,22,1,83,3,0,0,0,0,0,0,116,0,0,0,0,0,0,0,0,0,0,0,1,0,8409
bd2b250b-e79c-4f63-9e91-c516091a50a8,PAPER,15,0,0,0,0,0,0,0,0,0,0,0,0,0,0,0,0,0,0,0,0,0,44,0,1,71,0,0,0,70,0,0,0,0,0,0,0,0,0,0,0,23,0,0,0,0,8278,0,0,0,0,0,0,0,0,0,0,0,0,0,0,0,0,0,0,0,0,0,44,0,0,12,0,0,0,0,0,101,46,0,0,0,0,0,0,0,0,0,6,0,0,0,8978,0,83,0,0,0,0,0,0,0,0,0,0,0,0,0,0,45,0,0,0,0,36,0,17,1,0,0,0,0,0,0,0,0,0,0,0,0,0,0,0,27,0,0,0,0,8415
432404f9-f42f-474e-aba7-68b10d7844c0,SCISSORS,17,0,0,0,0,0,0,0,0,0,0,0,0,0,0,0,0,0,0,0,0,0,101,4,2,125,4,0,0,113,0,0,0,0,0,0,0,0,0,0,0,32,0,0,0,0,8306,0,0,0,0,0,0,0,0,0,0,0,23,0,0,24,0,0,0,0,0,0,45,0,100,4,4,0,0,0,0,181,0,0,0,0,0,0,0,0,0,0,0,0,0,0,9009,0,112,0,0,1,0,0,0,36,0,0,0,0,0,0,0,38,0,0,0,0,60,2,73,3,3,0,0,0,0,0,26,0,0,0,0,27,0,0,0,0,0,0,0,0,8444
a2d1e2f0-8a79-400c-bc9b-3d88f900b68d,SCISSORS,12,0,0,0,0,0,0,0,0,0,0,0,0,0,0,0,0,0,0,0,0,0,25,0,0,182,1,0,0,80,0,0,0,0,0,0,0,0,0,0,0,0,0,0,0,0,8314,0,0,0,0,0,0,0,0,0,0,0,2,0,0,2,0,0,0,0,0,0,43,1,25,2,0,0,0,0,0,173,0,0,0,0,0,0,0,0,0,2,0,38,0,0,9031,0,15,0,0,1,0,0,0,42,0,0,0,0,0,0,4,0,0,0,0,0,27,3,29,0,4,0,0,0,0,0,157,0,0,0,0,5,0,0,0,0,0,0,1,0,8470
b557fb3f-10fc-4570-b511-ae30f6ce7e64,SCISSORS,7,0,0,0,0,0,0,0,0,0,0,0,0,0,0,0,0,0,0,0,0,0,68,1,2,127,2,0,0,60,0,0,0,0,0,0,0,0,0,0,0,0,0,0,0,0,8328,0,0,0,0,0,0,0,0,0,0,0,37,0,0,38,0,0,0,0,0,0,60,0,45,0,1,0,0,0,0,78,0,0,0,0,0,0,0,0,0,0,0,1,0,0,9043,0,130,0,0,1,1,0,0,41,0,0,0,1,0,0,0,21,0,0,0,0,0,0,42,21,2,0,0,0,0,0,0,0,0,0,0,0,0,0,0,0,0,0,0,0,8485
2047fa8f-47bc-4a7b-9986-1e19f6578e62,SCISSORS,14,0,0,0,0,0,0,0,0,0,0,0,0,0,0,0,0,0,0,0,0,0,84,4,3,226,2,0,0,102,0,0,0,0,0,0,0,0,0,0,0,3,0,0,0,0,8360,0,10,0,0,0,0,0,0,0,0,0,24,0,0,0,0,0,0,0,0,0,56,0,121,9,5,0,0,0,0,171,22,0,0,0,0,0,0,0,0,6,0,0,0,0,9082,0,91,0,0,0,1,0,0,6,0,0,0,0,0,0,1,130,0,0,0,0,29,1,40,2,1,0,0,0,0,0,107,0,0,0,0,15,0,0,0,0,0,0,0,0,8508
c503f46d-1f5e-4888-a8e0-0451536466ce,SCISSORS,19,0,0,0,0,0,0,0,0,0,0,0,0,0,0,0,0,0,0,0,0,0,56,0,0,27,0,0,0,27,0,0,0,0,0,0,0,0,0,0,0,0,0,0,0,0,8365,0,0,0,0,0,0,0,0,0,0,0,0,0,0,0,0,0,0,0,0,0,36,1,11,0,0,0,0,0,0,54,0,0,0,0,0,0,0,0,0,8,0,0,0,0,9088,0,13,0,0,0,0,0,0,10,0,0,0,0,0,0,0,86,0,0,0,0,0,0,0,0,0,0,0,0,0,0,0,0,0,0,0,0,0,0,0,0,0,0,1,0,8512
100a61e9-9bdf-435f-9f0b-0c1f3f4c989e,SCISSORS,6,0,0,0,0,0,0,0,0,0,0,0,0,0,0,0,0,0,0,0,0,0,79,1,1,98,0,0,0,109,0,0,0,0,0,0,0,0,0,0,0,0,0,0,0,0,8374,0,0,0,0,0,0,0,0,0,0,0,4,0,0,1,0,0,0,0,0,0,54,1,21,3,1,0,0,0,0,187,0,0,0,0,0,0,0,0,0,16,0,0,0,0,9106,0,187,0,0,0,1,0,0,22,0,0,0,1,0,0,0,0,0,0,0,0,0,0,18,1,2,0,0,0,0,0,26,0,0,0,0,30,0,0,0,0,0,0,0,0,8527
98bc915b-5967-491b-a29e-fe9489ad4404,SCISSORS,16,0,0,0,0,0,0,0,0,0,0,0,0,0,0,0,0,0,0,0,0,0,124,1,4,156,2,0,0,71,0,0,0,0,0,0,0,0,0,0,0,0,0,0,0,0,8398,0,11,0,0,0,0,0,0,0,0,0,44,0,0,3,0,0,0,0,0,0,87,4,113,3,2,0,0,0,0,44,0,0,0,0,0,0,0,0,0,1,0,46,0,0,9145,0,111,0,0,1,1,0,0,53,0,0,0,1,0,0,0,65,0,0,0,0,0,0,89,2,8,0,0,0,0,0,0,0,0,0,0,27,0,0,0,0,0,0,0,0,8559
48989970-47c9-4174-8d62-dff330225a3f,ROCK,16,0,0,0,0,2,1,0,0,2,0,0,0,1,0,0,1,0,0,0,0,74,55,23,0,121,1,0,0,84,0,0,0,0,0,0,0,0,0,0,0,0,0,0,0,0,8427,0,0,0,0,0,0,0,0,0,0,0,27,0,0,0,0,91,0,0,0,0,133,0,33,0,2,0,0,0,0,37,42,0,0,0,0,0,0,0,0,0,0,0,0,0,9156,0,184,0,0,0,0,0,0,0,0,0,0,0,0,1,0,0,0,0,0,0,14,0,29,0,3,0,0,0,0,0,47,0,0,0,0,21,0,0,0,64,0,2,0,0,8575
69a122ab-4733-4941-bf96-5bc8a3a95421,SCISSORS,20,0,0,0,0,0,0,0,0,0,0,0,0,0,0,0,0,0,0,0,0,54,33,0,0,36,0,0,0,54,0,0,0,0,0,0,0,0,0,0,0,0,0,0,0,0,8432,0,0,0,0,0,0,0,0,0,0,0,0,0,0,0,0,26,0,0,0,0,70,0,17,1,2,0,0,0,0,50,0,0,0,0,0,0,0,0,0,11,0,0,0,0,9167,0,112,0,0,13,0,0,0,1,0,0,0,2,0,0,0,0,0,0,0,0,49,0,0,0,0,0,0,0,0,0,0,0,0,0,0,0,0,0,0,0,0,0,0,0,8583
19e6a471-5421-454e-8c99-55c0544c07a5,SCISSORS,8,0,0,0,0,0,0,0,0,0,0,0,0,0,0,0,0,0,0,0,0,0,74,45,0,105,0,0,0,114,0,0,24,0,0,0,0,0,0,0,0,0,0,0,0,0,8452,0,0,0,0,0,0,0,0,0,0,0,5,0,0,22,0,47,0,0,0,0,55,0,84,4,3,0,0,0,0,103,38,0,0,0,0,0,0,0,0,1,0,0,0,0,9196,0,250,0,0,2,0,0,0,20,0,0,0,1,0,0,1,16,0,0,0,0,0,0,28,2,2,0,0,0,0,0,15,0,0,0,0,24,0,0,0,0,0,0,1,0,8608
3f8fb37c-f992-45cc-8f88-f8131a3f6db5,SCISSORS,17,0,0,0,0,0,0,0,0,0,0,0,0,0,0,0,0,0,0,0,0,0,46,32,3,153,1,0,0,53,0,0,0,0,0,0,0,0,0,0,0,0,0,0,0,0,8467,0,0,0,0,0,0,0,0,2,0,0,21,0,0,0,0,22,0,0,0,0,85,0,73,6,2,0,0,0,0,34,34,0,0,0,0,0,0,0,0,8,0,1,0,0,9227,0,59,0,0,0,0,0,0,11,0,0,0,0,0,0,0,16,0,0,0,0,0,0,44,1,1,0,0,0,0,0,156,0,0,0,0,0,0,0,0,0,0,0,0,0,8616
8da561c1-a4ef-4d3b-b926-2da7f0dab27b,ROCK,18,0,0,0,0,0,1,0,0,64,0,0,0,0,0,0,0,0,0,0,0,0,0,27,0,91,0,0,0,28,0,0,45,0,0,0,0,0,0,0,0,0,0,0,1,0,8477,0,0,0,0,0,0,0,0,0,0,0,5,0,0,0,0,0,0,0,0,0,100,0,43,4,2,0,0,0,0,0,103,0,0,0,0,0,0,0,0,0,0,0,0,0,9243,0,8,0,0,0,0,0,0,0,0,0,0,0,0,4,0,30,0,0,0,0,22,1,10,0,0,0,0,0,0,0,147,0,0,0,0,0,0,0,0,0,0,35,0,0,8631
007d49b7-8ad1-40fb-ae91-29eae2e1ec04,ROCK,5,0,0,0,0,2,1,0,0,50,0,0,0,0,0,0,1,0,0,0,0,0,0,0,0,46,0,0,0,78,0,0,0,0,0,0,0,0,0,0,0,0,0,0,1,0,8491,0,0,0,0,0,0,0,0,0,0,0,58,0,0,0,0,0,0,0,0,0,18,0,0,0,0,0,0,0,0,0,103,0,0,0,0,0,0,0,0,0,0,0,0,0,9245,0,0,0,0,0,0,0,0,0,0,0,0,0,0,32,0,0,0,0,0,0,23,16,4,0,0,0,0,0,0,0,101,0,0,0,0,1,0,0,0,1,0,1,0,0,8641
3062f562-ac2d-4d18-bee8-d7ab9fb12aa4,PAPER,11,0,0,0,0,0,0,0,0,0,0,0,0,0,0,1,0,0,0,0,0,0,2,56,1,63,0,0,0,85,0,0,0,0,0,0,0,0,0,0,0,1,0,8,0,0,8510,0,23,0,0,0,0,0,0,0,0,0,54,0,0,0,0,0,0,0,0,0,8,0,72,4,0,0,0,0,0,6,33,0,0,0,0,0,0,0,0,0,17,0,0,0,9263,0,18,0,0,0,0,0,0,0,0,0,0,0,0,0,0,0,0,0,0,0,46,41,46,1,0,0,0,0,0,0,64,0,0,0,0,1,0,0,0,0,0,0,0,0,8649
03c626d2-b597-43d1-a163-e831e42d4b68,ROCK,13,0,0,0,0,4,7,0,0,5,0,0,0,7,0,0,2,0,0,0,0,319,1,68,0,159,0,0,0,144,0,0,0,0,0,0,0,0,0,0,0,0,10,0,2,0,8601,0,91,0,0,0,0,0,0,0,0,0,37,0,0,0,0,0,0,0,0,0,365,1,75,4,4,0,0,0,0,143,8,0,0,0,0,0,0,0,0,0,0,0,0,0,9292,0,0,0,0,0,0,0,0,0,0,0,0,0,0,14,0,45,0,0,0,0,81,2,54,2,4,0,0,0,0,0,199,0,0,0,0,22,0,0,0,288,0,17,0,0,8725
8af45b51-7638-4fd2-90f8-18c56e61cab8,SCISSORS,13,0,0,0,0,0,0,0,0,0,0,0,0,0,0,0,0,0,0,0,0,0,1,71,0,224,0,0,0,244,0,0,0,0,0,0,0,0,0,0,0,0,0,0,0,0,8613,0,55,0,0,0,0,0,0,0,0,0,10,0,0,1,0,0,0,0,0,0,94,5,96,5,5,9,0,0,0,236,0,0,0,0,0,0,0,0,0,23,0,1,0,0,9340,0,47,0,0,2,0,0,0,22,0,0,3,0,0,0,1,111,0,0,0,0,64,4,76,4,3,0,0,0,0,0,168,0,0,0,0,34,0,0,0,0,0,0,1,0,8772
c5ffaa02-8d27-4d50-8fd1-ad6740c73694,SCISSORS,19,0,0,0,0,0,0,0,0,0,0,0,0,0,0,0,0,0,0,0,0,0,0,98,1,98,6,0,0,120,0,0,0,0,0,0,0,0,0,0,0,0,0,0,0,0,8633,0,0,0,0,0,0,0,0,0,0,0,17,0,0,26,0,0,0,0,0,0,65,0,27,1,1,0,0,0,0,106,76,0,0,0,0,0,0,0,0,2,0,2,0,0,9358,0,83,0,0,1,0,0,0,32,0,0,0,0,0,0,0,19,0,0,0,0,6,0,32,22,2,0,0,0,0,0,126,0,0,0,0,0,0,0,0,0,0,0,0,0,8787
aedc1419-5d9d-40b8-8ee4-9f527ccdb903,PAPER,8,0,0,0,0,0,0,0,0,0,0,0,0,0,0,1,0,0,0,0,0,0,0,46,0,37,0,0,0,59,0,0,0,0,0,0,0,0,0,0,0,3,0,46,0,0,8647,0,0,0,0,2,2,0,0,19,0,0,17,1,0,0,0,0,0,0,0,0,58,1,0,0,0,0,0,0,0,66,0,0,0,0,0,0,0,0,0,0,25,0,1,0,9378,0,2,0,0,0,0,0,0,0,0,0,0,0,0,0,0,49,0,0,0,0,51,0,28,1,0,0,0,0,0,0,61,0,0,0,0,0,0,0,0,0,0,0,0,0,8793
1dd08204-ac8e-4e0c-953b-9797e4828e6c,ROCK,18,0,0,0,0,1,0,0,0,30,0,0,0,0,0,0,0,0,0,0,0,0,1,35,0,14,0,0,0,34,0,0,0,0,0,0,0,0,0,0,0,0,1,36,0,0,8660,0,0,0,0,0,0,0,0,68,0,0,6,0,0,0,0,0,0,0,0,0,41,0,36,0,1,0,0,0,0,0,0,0,0,0,0,0,0,0,0,0,0,0,0,0,9383,0,3,0,0,0,0,0,0,0,0,0,0,0,0,0,0,0,0,0,0,0,61,1,10,0,0,0,0,0,0,0,66,0,0,0,0,0,0,0,0,0,0,11,0,0,8800
559202fc-81ee-43a3-80e8-263de1cb9518,SCISSORS,15,0,0,0,0,0,0,0,0,0,0,0,0,0,0,0,0,0,0,0,0,0,45,23,1,62,2,0,0,127,0,0,0,0,0,0,0,0,0,0,0,0,0,0,0,0,8671,0,0,0,0,0,0,0,0,30,0,0,17,0,0,2,0,0,0,0,0,0,63,0,24,0,1,0,0,0,0,97,0,0,0,0,0,0,0,0,0,1,0,25,0,0,9398,0,13,0,0,1,0,0,0,27,0,0,0,1,0,0,2,17,0,0,0,0,80,4,21,0,2,0,0,0,0,0,80,0,0,0,0,12,0,0,0,0,0,0,0,0,8831
9adf6561-74d9-440b-ae92-9fae5271b914,ROCK,17,0,0,0,0,1,0,0,0,32,0,0,0,0,0,0,0,0,0,0,0,0,22,0,0,69,0,0,0,63,0,0,0,0,0,0,0,0,0,0,0,0,0,0,0,0,8678,0,0,0,0,0,0,0,0,0,0,0,5,0,0,0,0,0,0,0,0,0,74,0,9,0,0,0,0,0,0,99,0,0,0,0,0,0,0,0,0,0,0,0,0,0,9405,0,129,0,0,0,0,0,0,0,0,0,0,0,0,16,0,0,0,0,0,0,22,0,18,0,1,0,0,0,0,0,0,0,0,0,0,1,0,0,0,0,0,0,0,0,8837
3990104e-df62-483e-80b9-75fc90fcff09,SCISSORS,14,0,0,0,0,0,0,0,0,0,0,0,0,0,0,0,0,0,0,0,0,0,0,0,2,149,1,0,0,146,0,0,0,0,0,0,0,0,0,0,0,0,0,0,0,0,8686,0,0,0,0,0,0,0,0,0,0,0,27,0,0,3,0,0,0,0,0,0,60,1,2,0,0,0,0,0,0,100,63,0,0,0,0,0,0,0,0,40,0,2,0,0,9424,0,99,0,0,1,1,0,0,48,0,0,0,1,0,0,1,16,0,0,0,0,31,0,38,0,1,0,0,0,0,0,0,0,0,0,0,61,0,0,0,0,0,0,0,0,8852
030795a8-5d0e-4b6f-8b3d-9b32dec5e014,SCISSORS,7,0,0,0,0,0,0,0,0,0,0,0,0,0,0,0,0,0,0,0,0,0,0,0,0,205,0,0,0,64,0,0,0,0,0,0,0,0,0,0,0,0,0,0,0,0,8690,0,0,0,0,0,0,0,0,0,0,0,3,0,0,25,0,0,0,0,0,0,64,0,32,1,2,0,0,0,0,74,64,0,0,0,0,0,0,0,0,2,0,2,0,0,9441,0,119,0,0,1,3,0,0,29,0,0,0,2,0,0,0,44,0,0,0,0,0,0,22,1,0,0,0,0,0,0,15,0,0,0,0,33,0,0,0,0,0,0,0,0,8870
cb0e7688-85a2-4dcc-8e34-cd84ac77225b,SCISSORS,18,0,0,0,0,0,0,0,0,0,0,0,0,0,0,0,0,0,0,0,0,0,30,30,0,68,0,0,0,27,0,0,0,0,0,0,0,0,0,0,0,0,0,0,0,0,8700,0,0,0,0,0,0,0,0,0,0,0,12,0,0,0,0,0,0,0,0,0,62,0,35,2,2,0,0,0,0,38,0,0,0,0,0,0,0,0,0,0,0,4,0,0,9453,0,130,0,0,0,0,0,0,6,0,0,0,0,0,0,0,0,0,0,0,0,0,0,18,0,1,0,0,0,0,0,0,0,0,0,0,0,0,0,0,0,0,0,0,0,8875
87713fd6-299c-444e-b7c8-64bc59963dd7,ROCK,10,0,66,0,0,1,1,0,0,22,0,0,0,0,0,0,0,0,0,0,0,16,54,0,0,62,0,0,0,76,0,0,0,0,0,0,0,0,0,0,0,0,0,0,0,0,8711,0,0,0,0,0,0,0,0,0,0,0,0,0,0,0,0,0,0,0,0,0,58,0,24,49,0,0,0,0,0,153,14,0,0,0,0,0,0,0,0,0,0,0,0,0,9460,0,211,0,0,0,0,0,0,0,0,0,0,0,0,1,0,0,0,0,0,0,17,0,23,0,1,0,0,0,0,0,0,0,0,0,0,24,0,0,0,2,0,19,0,0,8888
07cf98ec-635f-441f-9dbf-abbd8d9ac5b4,SCISSORS,18,0,21,0,0,0,0,0,0,0,0,0,0,0,0,0,0,0,0,0,0,47,40,0,36,95,2,0,0,152,0,0,0,0,0,0,0,0,0,0,0,0,0,0,0,0,8731,0,0,0,0,0,0,0,0,0,0,0,0,0,0,0,0,0,0,0,0,0,17,0,65,100,3,0,0,0,0,109,86,0,0,0,0,0,0,0,0,0,0,13,0,0,9481,0,73,0,0,0,0,0,0,14,0,0,0,0,0,0,0,31,0,0,0,0,46,0,69,3,5,0,0,0,0,0,90,0,0,0,0,61,0,0,0,0,0,0,1,0,8916
e004b123-784e-42e7-a64a-e85d4e95adba,SCISSORS,17,0,0,0,0,0,0,0,0,0,0,0,0,0,0,0,0,0,0,0,30,0,40,0,0,100,0,0,0,35,0,0,0,0,0,0,0,0,0,0,0,0,0,0,0,0,8734,0,0,0,0,0,0,0,0,0,0,0,0,0,0,13,0,0,0,0,0,0,57,0,1,0,0,0,0,0,0,0,129,0,0,0,0,5,0,0,0,0,0,0,0,0,9486,0,0,0,0,1,1,0,0,18,0,0,0,1,0,0,0,14,0,0,0,0,0,0,0,0,0,0,0,0,0,0,170,0,0,0,0,0,0,0,0,0,0,0,0,0,8924
c65dd6b8-5ba2-4695-8b35-368327877a26,ROCK,5,0,0,0,0,0,0,0,0,51,0,0,0,1,0,0,0,0,0,0,0,1,0,0,0,98,0,0,0,58,0,0,0,0,0,0,0,0,0,0,0,0,0,0,1,0,8746,0,0,0,0,0,0,0,0,0,0,0,0,0,0,0,0,0,0,0,0,0,107,0,21,4,3,0,0,0,0,0,75,0,0,0,0,0,0,0,0,0,0,0,0,0,9500,0,1,0,0,0,0,0,0,0,0,0,0,0,0,30,0,48,0,0,0,0,19,0,10,1,0,0,0,0,0,0,97,0,0,0,0,0,0,0,0,1,0,3,0,0,8937
293380aa-69fa-48bb-ac3c-fe91f27d6801,SCISSORS,5,0,22,0,0,0,0,0,0,23,0,0,0,0,0,0,0,0,0,0,0,0,90,2,8,143,7,0,0,77,0,0,0,0,0,0,0,0,0,0,0,0,0,0,0,0,8786,0,0,0,0,0,0,0,0,21,0,0,0,0,0,2,0,0,0,0,0,0,23,0,92,83,7,0,0,0,0,0,112,0,0,0,0,0,0,0,0,0,0,32,0,0,9533,0,101,0,0,0,2,0,0,33,0,0,0,0,0,0,0,0,0,0,0,0,66,2,64,3,4,0,0,0,0,17,80,0,0,0,0,0,0,0,0,0,0,0,0,0,8969
0d15dcff-476f-4fc6-8957-89672b0e00dc,ROCK,19,0,18,0,0,0,0,0,0,47,0,0,0,1,0,0,0,0,0,0,0,0,33,2,53,1,2,0,0,41,0,0,0,0,0,0,0,0,0,0,0,0,0,0,0,0,8804,0,0,0,0,0,0,0,0,0,0,0,0,0,0,0,0,0,0,0,0,0,0,0,0,130,2,0,0,0,0,0,66,0,0,0,0,0,0,0,0,0,0,0,0,0,9539,0,143,0,0,0,0,0,0,0,0,0,0,0,0,4,0,0,0,0,0,0,21,0,5,1,0,0,0,0,0,0,0,0,0,0,0,0,0,0,0,1,0,23,0,0,8983
31759640-d60e-4683-bc69-13c8053b94df,PAPER,20,0,3,0,0,0,0,0,0,0,0,0,0,0,0,3,0,0,0,0,0,0,15,0,12,69,1,0,0,111,0,0,0,0,0,0,0,0,0,0,0,25,0,1,0,0,8820,0,13,0,0,0,0,0,0,0,0,0,0,0,0,0,0,1,0,0,0,0,14,1,0,61,0,0,0,0,0,0,116,0,0,0,0,0,0,0,0,0,32,0,2,0,9552,0,113,0,0,0,0,0,0,0,0,0,0,0,0,0,0,0,0,0,0,0,106,0,20,0,1,0,0,0,0,0,0,0,0,0,0,0,0,0,0,0,0,0,0,0,8989
3548e18b-e31f-401e-a0d2-3963f202df76,SCISSORS,18,0,0,0,0,0,0,0,0,0,0,0,0,0,0,0,0,3,0,0,0,0,109,1,10,107,0,0,0,179,0,0,24,0,0,0,0,0,0,0,0,0,0,0,0,0,8839,0,68,0,0,0,0,0,0,0,0,0,0,0,0,0,0,0,0,0,0,0,19,0,73,17,2,0,0,0,0,0,223,0,0,0,0,0,0,0,0,30,0,1,0,0,9576,0,158,0,0,33,0,0,0,0,0,0,0,0,0,0,0,171,0,0,0,0,23,0,18,0,1,0,0,0,0,0,0,0,0,0,0,29,0,0,0,0,0,0,0,0,9001
2b3de206-14e2-45b5-8e3e-f4865c217e10,PAPER,5,0,43,0,0,0,0,0,0,0,0,0,0,0,0,25,0,0,0,0,0,0,64,1,0,21,0,0,0,82,0,0,0,0,0,0,0,0,0,0,0,1,0,2,0,0,8854,0,0,0,0,2,1,0,0,16,0,0,0,1,0,0,1,0,0,0,0,0,52,0,35,2,2,0,0,0,0,0,97,0,0,0,0,0,0,0,0,0,30,0,0,0,9599,0,157,0,0,0,0,0,0,0,0,0,0,0,0,0,0,0,0,0,0,0,0,0,25,1,0,0,0,0,0,0,0,0,0,0,0,56,0,0,0,0,0,0,0,0,9007
a5698dfd-6a03-4c88-8aaa-4521791c4f18,SCISSORS,14,0,158,0,0,0,0,0,0,0,0,0,0,0,0,0,0,0,0,0,0,0,194,1,132,247,9,0,0,154,0,0,0,0,0,0,0,0,0,0,0,0,0,0,0,0,8905,0,13,0,0,0,0,0,0,75,0,0,0,0,0,34,0,2,0,0,0,0,106,3,382,102,17,0,0,0,0,29,126,0,0,0,0,0,0,0,3,2,0,1,0,0,9702,0,218,0,0,1,2,0,0,38,0,0,0,0,0,0,0,5,0,0,0,0,72,5,192,21,11,0,0,0,0,0,231,0,0,0,0,98,0,0,0,0,0,0,1,0,9081
5f493f1e-677a-4165-9459-4161a0119e9e,ROCK,19,0,0,0,0,0,0,0,0,41,0,0,0,0,0,0,1,0,0,0,0,0,47,0,0,194,0,0,0,51,0,0,0,0,0,15,0,0,0,0,0,0,0,0,0,0,8917,0,2,0,0,0,0,0,0,0,0,0,0,0,0,0,0,0,0,0,0,0,102,1,5,0,0,0,0,0,0,0,239,0,0,0,0,0,0,0,0,0,0,0,0,0,9709,0,293,0,0,0,0,0,0,0,0,0,0,0,0,1,0,0,0,0,0,0,26,0,9,0,0,0,0,0,0,0,0,0,0,0,0,0,0,0,0,2,0,18,0,0,9091
db507087-8d14-4c39-86c5-c29a18ff50e4,ROCK,20,0,0,0,0,1,0,0,0,41,0,0,0,0,0,0,0,0,0,0,0,0,0,0,14,40,0,0,0,91,0,0,0,0,0,0,0,0,0,0,0,3,0,0,0,0,8930,0,0,0,0,0,0,0,0,0,0,0,0,0,0,0,0,0,0,0,0,0,36,0,27,49,0,0,0,0,0,0,78,0,0,0,0,0,0,0,0,0,0,0,0,0,9717,0,132,0,0,0,0,0,0,0,0,0,0,0,0,18,0,0,0,0,0,0,36,0,1,0,0,0,0,0,0,0,0,0,0,0,0,0,0,0,0,2,0,1,0,0,9100
a240b4cd-1400-4b35-948d-9dddf552f665,SCISSORS,19,0,0,0,0,0,0,0,0,0,0,0,0,0,0,0,0,0,0,0,0,0,74,0,36,182,4,0,0,145,0,0,0,0,0,0,0,0,0,0,0,1,5,0,0,0,8954,0,0,0,0,0,0,0,0,0,0,0,0,0,0,4,0,46,0,0,0,0,18,0,10,88,0,0,0,0,0,0,235,0,0,0,0,1,0,0,0,44,0,1,0,0,9742,0,141,0,0,1,0,0,0,46,0,0,0,2,0,0,2,0,0,0,0,0,33,2,52,3,4,0,0,0,0,0,146,0,0,0,0,15,0,0,0,0,0,0,0,0,9136
388b0794-195c-4ccc-8fcb-70afa81b666d,ROCK,8,0,2,0,0,1,1,0,0,28,0,0,0,1,0,0,1,0,0,0,0,0,21,0,0,118,0,0,0,93,0,0,0,0,0,0,0,0,0,0,0,0,0,0,0,0,8969,0,0,0,0,0,0,0,0,0,0,0,0,0,0,0,0,0,0,0,0,0,63,0,54,3,1,0,0,0,0,0,145,0,0,0,0,0,0,0,0,0,0,0,0,0,9752,0,1,0,0,0,0,0,0,0,0,0,0,0,0,1,0,0,0,0,0,0,18,0,6,0,0,0,0,0,0,0,213,0,0,0,0,0,0,0,0,0,0,27,0,0,9142
46cea612-3e7d-4c4f-8b67-bb3925259f08,SCISSORS,17,0,1,0,0,0,0,0,0,0,0,0,0,0,0,0,0,0,0,0,0,0,83,0,43,127,1,0,0,119,0,0,0,0,0,0,0,0,0,0,0,0,0,0,0,0,8978,0,0,0,0,0,0,0,0,0,0,0,0,0,0,1,0,0,0,0,0,0,82,0,0,8,0,0,0,0,0,0,236,0,0,0,0,0,0,0,0,0,0,47,0,0,9759,0,23,0,0,0,3,0,0,53,0,0,0,1,0,0,0,0,0,0,0,0,52,0,15,1,2,0,0,0,0,0,181,0,0,0,0,41,0,0,0,0,0,0,2,0,9166
e274ae45-88f5-4282-b007-37eda3b16812,ROCK,16,0,27,0,0,1,0,0,0,53,0,0,6,1,0,0,0,0,0,0,0,1,87,4,15,24,0,0,0,144,0,26,0,0,0,0,0,0,0,0,0,0,1,0,1,0,9010,0,0,0,0,0,0,0,0,0,0,0,0,0,0,0,0,0,0,0,0,0,100,8,5,82,1,0,0,0,0,0,195,0,0,0,0,0,0,0,0,0,0,0,0,0,9779,0,303,0,0,0,0,0,0,0,0,0,0,0,0,35,0,0,0,0,0,0,0,20,25,0,2,0,0,0,0,0,0,0,0,0,0,4,0,0,0,0,0,2,0,0,9180
2a365942-c0af-4db4-8443-809fb3cfeb39,PAPER,6,0,0,0,0,0,0,0,0,0,0,0,0,0,0,2,0,0,0,0,0,0,42,4,17,124,1,0,0,118,0,0,0,0,0,0,0,0,0,0,0,43,0,0,0,0,9035,0,0,0,0,1,0,0,0,60,0,0,0,0,0,0,0,0,0,0,0,0,69,0,30,7,1,0,0,0,0,0,133,0,0,0,0,0,0,0,4,0,45,0,1,0,9796,0,172,0,0,0,0,0,0,0,0,0,0,0,0,0,0,0,0,0,0,0,0,44,108,2,3,0,0,0,0,0,0,0,0,0,0,22,0,0,0,0,0,0,0,0,9194
888d3695-9261-42dd-b280-f8bc5da2a00b,SCISSORS,20,0,8,0,0,0,0,0,0,0,0,0,0,0,0,0,0,0,0,0,0,0,101,4,78,209,7,0,0,72,0,0,0,0,0,0,0,0,0,0,0,0,0,0,0,0,9063,0,0,0,0,0,0,0,0,56,0,0,0,0,0,14,0,0,0,0,0,0,0,32,135,64,8,0,0,0,0,3,166,0,0,0,0,0,0,0,0,0,0,1,0,0,9835,0,249,0,0,1,0,0,0,20,0,0,0,1,0,0,1,23,0,0,0,0,0,0,86,5,5,0,0,0,0,0,0,0,0,0,0,87,0,0,0,0,0,0,1,0,9230
6c2304b3-1620-492a-b9b3-f2e8900e23e5,ROCK,15,0,0,0,0,1,0,0,0,67,0,0,0,1,0,0,1,0,0,0,0,1,52,0,0,58,0,0,0,22,0,0,0,0,0,0,0,0,0,0,0,0,0,0,0,0,9079,0,0,0,0,0,0,0,0,0,0,0,0,0,0,0,0,0,0,0,0,0,75,52,17,2,0,0,0,0,0,0,57,0,0,0,0,0,0,0,0,0,0,0,0,0,9842,0,133,0,0,0,0,0,0,0,0,0,0,0,0,4,0,0,0,0,0,0,21,0,1,0,0,0,0,0,0,0,0,0,0,0,0,0,0,0,0,0,0,44,0,0,9240
4ad37b4f-4be4-4526-983c-f25f436c6fcb,PAPER,9,0,0,0,0,0,0,0,0,0,0,0,0,0,0,13,0,0,0,0,0,0,21,0,6,225,0,0,0,229,0,0,0,0,0,10,0,0,0,0,0,0,0,0,0,0,9091,0,20,0,0,0,0,0,0,1,0,0,0,2,0,0,0,0,0,0,0,0,66,2,75,6,2,0,0,0,0,0,319,0,0,0,0,0,0,0,0,0,11,0,0,0,9876,0,211,0,0,0,0,0,0,0,0,0,0,0,0,0,0,0,0,0,0,0,36,0,47,2,0,0,0,0,0,0,185,0,0,0,0,23,0,0,0,0,0,0,0,0,9250
8a1da76b-c151-4e4e-9859-594c5c730a45,ROCK,13,0,6,0,0,0,1,0,0,64,0,0,0,0,0,0,2,0,0,0,3,1,75,2,36,91,2,0,0,89,0,0,0,0,0,0,0,0,0,0,0,0,2,0,1,0,9130,0,62,0,0,0,0,0,0,0,0,0,0,0,0,0,0,0,0,0,0,0,0,78,82,36,6,0,0,0,0,0,111,0,0,0,0,0,0,0,0,0,0,0,0,0,9904,0,232,0,0,0,0,0,0,0,0,0,0,0,0,43,0,0,0,0,0,0,4,45,31,5,2,0,0,0,0,0,0,0,0,0,0,8,0,0,0,2,0,3,0,0,9288
63b4aee3-f523-4408-8072-4eaa3fd995c0,ROCK,8,0,0,0,0,1,1,0,0,54,0,0,0,0,0,0,1,0,0,0,0,0,5,0,0,68,0,0,0,89,0,0,0,0,0,0,0,0,0,0,0,0,0,0,0,0,9140,0,0,0,0,0,0,0,0,0,0,0,0,0,0,0,0,0,0,0,0,0,0,76,41,2,0,0,0,0,0,0,100,0,0,0,0,0,0,0,0,0,0,0,0,0,9911,0,139,0,0,0,0,0,0,0,0,0,0,0,0,2,0,0,0,0,0,0,16,17,5,0,0,0,0,0,0,0,0,0,0,0,0,0,0,0,0,34,0,6,0,0,9306
a8e10f00-7ffa-47b0-80d0-41dfb4347a4d,SCISSORS,5,0,26,0,0,0,0,0,0,0,0,0,0,0,0,0,0,0,0,0,0,0,47,0,18,61,1,0,0,109,0,0,0,0,0,0,0,0,0,0,0,0,0,0,0,0,9151,0,0,0,0,0,0,0,0,0,0,0,0,0,0,18,0,0,0,0,0,0,0,39,78,24,7,0,0,0,0,43,53,0,0,0,0,0,0,0,0,0,0,0,0,0,9934,0,129,0,0,1,0,0,0,18,0,0,0,0,0,0,1,0,0,0,0,0,39,0,18,1,1,0,0,0,0,0,34,0,0,0,0,20,0,0,0,0,0,0,0,0,9318
3bd3c2cb-eb1e-4dc8-9554-83d751f6b356,ROCK,9,0,25,0,0,1,2,0,0,83,0,0,107,0,0,0,1,0,0,0,0,0,74,0,61,155,0,0,0,167,0,0,0,0,0,0,0,0,0,0,0,0,0,0,2,0,9191,0,0,0,0,0,0,0,0,23,0,0,4,0,0,0,0,0,0,0,0,0,182,5,251,100,15,0,0,0,0,0,97,0,0,0,0,0,0,0,0,1,0,0,0,0,10014,0,283,0,0,0,0,0,0,0,0,0,0,0,0,49,0,0,0,0,0,0,0,27,227,11,14,0,0,0,0,0,40,0,0,0,0,22,0,0,0,1,0,4,0,0,9383
5a40f58a-b2d5-4f9b-8dcd-f65e8852647c,SCISSORS,15,0,0,0,0,0,0,0,0,0,0,0,0,0,0,0,0,0,0,0,0,0,39,0,0,24,0,0,0,65,0,0,0,0,0,0,0,0,0,0,0,0,0,0,0,0,9195,0,0,0,0,0,0,0,0,0,0,0,0,0,0,0,0,0,0,0,0,0,48,0,0,15,1,0,0,0,0,0,42,0,0,0,0,0,0,0,0,20,0,2,0,0,10024,0,58,0,0,1,1,0,0,20,0,0,0,1,0,0,0,0,0,0,0,0,0,33,0,0,0,0,0,0,0,0,14,0,0,0,0,0,0,0,0,0,0,0,0,0,9392
bf87fc17-2e69-473d-bf1a-6c5bbdde1e24,SCISSORS,6,0,15,0,0,0,0,0,0,0,0,0,0,0,0,0,0,0,0,0,0,0,103,2,29,163,1,0,0,71,0,0,0,0,0,0,0,0,0,0,0,0,0,0,0,0,9213,0,0,0,0,0,0,0,0,0,0,0,0,0,0,24,0,0,0,0,0,0,26,0,3,100,4,0,0,0,0,0,219,0,0,0,0,0,0,0,3,2,0,3,0,0,10056,0,25,0,0,1,1,0,0,26,0,0,0,1,0,0,2,0,0,0,0,0,0,0,41,3,1,0,0,0,0,0,243,0,0,0,0,40,0,0,0,0,0,0,0,0,9413
d7e2fd1c-98e0-4c74-b379-8414a4786307,ROCK,18,0,0,0,0,5,4,0,0,8,0,0,0,6,0,0,7,0,0,0,0,377,32,0,0,74,0,0,0,42,0,0,0,0,0,0,0,0,0,0,0,0,9,0,4,0,9299,0,0,0,0,0,0,0,0,0,0,0,0,0,0,0,0,0,0,0,0,0,433,1,50,52,1,0,0,0,0,0,31,0,0,0,0,0,0,0,0,0,0,0,0,0,10068,0,184,0,0,0,0,0,0,0,0,0,0,0,0,10,0,0,0,0,0,0,8,111,33,0,0,0,0,0,0,0,0,0,0,0,0,0,0,0,0,10,0,212,0,0,9472
d6bfeeaa-f226-4af5-becd-0f0f7d86252f,SCISSORS,16,0,0,0,0,0,0,0,0,0,0,0,0,0,0,0,0,0,0,0,0,22,60,0,29,0,0,2,0,36,0,0,0,0,0,0,0,0,0,0,0,0,0,0,0,0,9303,0,0,0,0,0,0,0,0,0,0,0,0,0,0,0,0,0,0,0,0,0,34,1,18,0,1,0,0,0,0,0,67,0,0,0,0,0,0,0,0,2,0,26,0,0,10080,0,97,0,0,1,0,0,0,32,0,0,0,1,0,0,0,0,0,0,0,0,0,18,0,0,0,0,0,0,0,0,0,0,0,0,0,0,0,0,0,0,0,0,0,0,9479
0ffcff0c-5223-45d2-ac51-1bfae0d1de1c,ROCK,20,0,0,0,0,0,20,0,0,0,0,0,0,0,0,0,0,0,0,0,0,1,37,0,0,79,0,0,0,52,0,0,0,0,0,0,0,0,0,0,0,0,0,0,1,0,9313,0,0,0,0,0,0,0,0,0,0,0,0,0,0,0,0,0,0,0,0,0,38,48,26,5,0,0,0,0,0,0,73,0,0,0,0,0,0,0,0,0,0,0,0,0,10086,0,145,0,0,0,0,0,0,0,0,0,0,0,0,8,0,0,0,0,0,0,15,1,18,1,2,0,0,0,0,0,0,0,0,0,0,0,0,0,0,0,0,0,0,0,9490
3117379b-458f-40ad-ab03-21aaf74346ae,SCISSORS,11,0,0,0,0,0,0,0,0,0,0,0,0,0,0,0,0,6,0,0,0,0,1,59,32,78,3,0,0,59,0,10,0,0,0,0,0,0,0,0,0,0,0,0,0,0,9327,0,0,0,0,0,0,0,0,0,0,0,0,0,0,55,0,0,0,0,0,0,0,39,1,21,1,0,0,0,0,0,128,0,0,0,0,0,0,0,0,1,0,2,0,0,10103,0,98,0,0,0,2,0,0,38,0,0,0,1,0,0,1,0,0,0,0,0,33,1,33,2,0,0,0,0,0,0,15,0,0,0,0,23,0,0,0,0,0,0,1,0,9510
d581ee72-f6a9-4da8-97b3-3829398b3100,PAPER,10,0,15,0,0,0,0,0,0,0,0,0,0,0,0,1,0,0,0,0,0,0,0,33,4,86,0,0,0,56,0,0,0,0,0,0,0,0,0,0,0,1,0,45,0,0,9337,0,14,0,0,1,0,0,0,0,0,0,0,1,0,33,1,0,0,0,0,0,1,30,3,63,0,0,0,0,0,0,49,0,0,0,0,0,0,0,0,0,45,0,0,0,10123,0,1,0,0,0,0,0,0,0,0,0,0,0,0,0,0,0,0,0,0,0,63,0,55,0,5,0,0,0,0,0,117,0,0,0,0,0,0,0,0,0,0,0,0,0,9523
4544749e-9ca9-44b0-aacc-3d3e7dbeeb8a,SCISSORS,16,0,29,0,0,0,0,0,0,0,0,0,0,0,0,0,0,0,0,0,0,0,96,1,0,57,0,0,0,115,0,0,0,0,0,0,0,0,0,0,0,0,0,0,0,0,9347,0,52,0,0,0,0,0,0,0,0,0,0,0,0,1,0,0,0,0,0,0,0,39,2,66,4,0,0,0,0,59,55,0,0,0,0,0,0,0,3,17,0,0,0,0,10149,0,14,0,0,0,0,0,0,26,0,0,0,1,0,0,0,15,0,0,0,0,29,0,38,0,1,0,0,0,0,0,148,0,0,0,0,26,0,0,0,0,0,0,0,0,9539
b118d6da-7200-400a-994a-147671677957,SCISSORS,16,0,14,0,0,0,0,0,0,0,0,0,0,0,0,0,0,0,0,0,0,0,116,1,0,34,0,0,0,69,0,0,0,0,0,0,0,0,0,0,0,0,0,0,0,0,9358,0,0,0,0,0,0,0,0,0,0,0,0,0,0,2,0,0,0,0,0,0,0,43,2,100,3,3,0,0,0,57,13,0,0,0,0,0,0,0,0,0,0,11,0,0,10172,0,0,0,0,1,0,0,0,16,0,0,0,0,0,0,0,15,0,0,0,0,0,0,42,1,2,0,0,0,0,0,150,0,0,0,0,7,0,0,0,0,0,0,0,0,9554
cc130dec-8ff8-46cd-a2d6-077a1276833d,SCISSORS,12,0,2,0,0,0,0,0,0,0,0,0,0,0,0,0,0,0,0,0,0,0,125,0,27,77,1,0,0,108,0,0,0,0,0,0,0,0,0,0,0,0,0,0,0,0,9368,0,0,0,0,0,0,0,0,0,0,0,0,0,0,3,0,0,0,0,0,0,0,65,0,23,0,0,0,0,0,110,83,0,0,0,0,0,0,0,0,53,0,3,0,0,10190,0,9,0,0,1,1,0,0,62,0,0,0,2,0,0,2,40,0,0,0,0,11,0,0,0,0,0,0,0,0,0,211,0,0,0,0,0,0,0,0,0,0,0,1,0,9572
2dccc38a-88e5-4e21-95f5-ac7dc67ae161,SCISSORS,15,0,0,0,0,0,0,0,0,0,0,0,0,0,0,0,0,0,0,0,0,0,92,0,0,138,0,0,0,176,0,0,48,0,0,0,0,0,0,0,0,0,0,0,0,0,9380,0,0,0,0,0,0,0,0,0,0,0,0,0,0,0,0,0,0,0,0,0,0,71,1,98,1,0,0,0,0,192,81,0,0,0,0,0,0,0,0,1,0,9,0,0,10208,0,12,0,0,0,0,0,0,16,0,0,0,0,0,0,0,114,0,0,0,0,0,0,27,1,3,0,0,0,0,0,280,0,0,0,0,1,0,0,0,0,0,0,0,0,9585
4e520fa9-d99b-4d41-8bc7-20f50223ec70,SCISSORS,19,0,0,0,0,0,0,0,0,0,0,0,0,0,0,0,0,0,0,0,0,0,87,2,23,45,2,0,0,59,0,0,0,0,0,0,0,0,0,0,0,0,4,0,0,0,9399,0,4,0,0,0,0,0,0,0,0,0,0,0,0,0,0,0,0,0,0,0,0,60,1,47,1,0,0,0,0,59,44,0,0,0,0,0,0,0,0,0,0,6,0,0,10221,0,88,0,0,0,0,0,0,10,0,0,2,1,0,0,0,0,0,0,0,0,24,0,19,2,1,0,0,0,0,0,75,0,0,0,0,0,0,0,0,0,0,0,0,0,9601
4226965b-07e6-4c23-9702-ac796e149833,PAPER,6,0,16,0,0,0,0,0,0,0,0,0,0,0,0,28,0,0,0,0,0,0,36,0,8,67,0,0,0,97,0,0,0,0,0,0,0,0,0,0,0,1,0,2,0,0,9415,0,0,0,0,0,0,0,0,15,0,0,0,0,0,0,0,0,0,0,0,0,0,38,0,12,0,0,0,0,0,147,11,0,0,0,0,0,0,0,0,0,32,0,0,0,10227,0,162,0,0,0,0,0,0,0,0,0,0,0,0,0,0,0,0,0,0,0,1,48,31,1,3,0,0,0,0,0,0,0,0,0,0,9,0,0,0,0,0,0,0,0,9615
5dad12f8-2cde-4773-9dca-b9ba34ef94f8,ROCK,12,0,16,0,0,2,2,0,0,72,0,0,0,1,0,0,2,0,0,0,0,0,18,2,9,69,1,0,0,88,0,0,0,0,0,0,0,0,0,0,0,0,0,0,1,0,9446,0,0,0,0,0,0,0,0,49,0,0,0,0,0,0,0,0,0,0,0,0,0,103,3,36,3,0,0,0,0,0,89,0,0,0,0,0,0,0,0,0,0,0,0,0,10241,0,162,0,0,0,0,0,0,0,0,0,0,0,0,3,0,0,0,0,0,0,33,18,3,0,0,0,0,0,0,0,0,0,0,0,0,0,0,0,0,58,0,6,0,0,9638
e470ed18-2aa8-4b61-b094-4f7a6f48ce87,PAPER,13,0,2,0,0,0,0,0,0,0,0,0,0,0,0,1,0,0,0,0,0,0,19,0,2,72,0,0,0,74,0,0,0,0,0,0,0,0,0,0,0,31,0,2,0,0,9455,0,0,0,0,0,1,0,0,37,0,0,0,2,0,0,0,0,0,0,0,0,2,41,18,5,1,0,0,0,0,15,45,0,0,0,0,0,0,0,0,0,35,0,1,0,10266,0,153,0,0,0,0,0,0,0,0,0,0,0,0,0,0,0,0,0,0,0,21,0,27,0,2,0,0,0,0,0,0,0,0,0,0,0,0,0,0,0,0,0,0,0,9645
5ad2cb6e-e914-4b06-87e4-fb44a6de7ba1,SCISSORS,10,0,0,0,0,0,0,0,0,0,0,0,0,0,0,0,0,0,0,0,0,0,14,0,32,122,2,0,0,55,0,0,0,0,0,0,0,0,0,0,0,0,0,0,0,0,9468,0,0,0,0,0,0,0,0,25,0,0,0,0,0,1,0,0,0,0,0,0,12,26,2,4,0,0,0,0,0,115,0,0,0,0,0,0,0,0,0,0,0,40,0,0,10278,0,124,0,0,0,1,0,0,49,0,0,0,2,0,0,0,0,0,0,0,0,31,3,12,1,2,0,0,0,0,0,0,0,0,0,0,0,0,0,0,0,0,0,0,0,9663
64cb060d-bc15-4e31-86f0-5e1ee323015c,PAPER,10,0,0,0,0,0,0,0,0,0,0,0,0,0,0,7,0,0,0,0,0,0,23,0,41,144,2,0,0,67,0,0,0,0,0,0,0,0,0,0,0,0,0,1,0,0,9487,0,0,0,0,0,0,0,0,1,0,0,0,0,0,0,0,0,0,0,0,0,26,50,21,5,1,0,0,0,0,152,21,0,0,0,0,0,0,0,0,0,8,0,0,0,10300,0,163,0,0,0,0,0,0,0,0,0,0,0,0,0,0,0,0,0,0,0,62,6,46,5,3,0,0,0,0,0,0,0,0,0,0,0,0,0,0,0,0,0,0,0,9694
f3e36fb8-08d2-4d42-bd9c-22c6b380fb24,SCISSORS,18,0,0,0,0,0,0,0,0,0,0,0,0,0,0,0,0,0,0,0,0,0,56,0,0,56,0,0,0,33,0,0,0,0,0,0,0,0,0,0,0,0,0,0,0,0,9492,0,0,0,0,0,0,0,0,0,0,0,3,0,0,4,0,0,0,0,0,0,0,16,35,0,3,0,0,0,0,84,0,0,0,0,0,0,0,0,0,0,0,0,0,0,10311,0,97,0,0,0,0,0,0,7,0,0,0,0,0,0,0,0,0,0,0,0,34,0,5,1,1,0,0,0,0,0,0,0,0,0,0,0,0,0,0,0,0,0,0,0,9701
7ce40f0e-6d40-495b-9842-99182c150899,SCISSORS,15,0,0,0,0,0,0,0,0,0,0,0,0,0,0,0,0,0,0,0,0,0,67,0,13,97,0,0,0,98,0,0,0,0,0,0,0,0,0,0,0,0,0,0,0,0,9499,0,0,0,0,0,0,0,0,0,0,0,0,0,0,33,0,0,0,0,0,0,0,16,5,15,0,0,0,0,0,120,83,0,0,0,0,0,0,0,0,2,0,1,0,0,10323,0,148,0,0,1,0,0,0,36,0,0,3,0,0,0,0,12,0,0,0,0,0,0,7,0,1,0,0,0,0,0,66,0,0,0,0,0,0,0,0,0,0,0,1,0,9713
34e9fca6-15d1-449a-95b3-8ccad47d4ece,ROCK,8,0,0,0,0,1,29,0,0,0,0,0,0,0,0,0,0,0,0,0,0,0,15,0,0,93,0,0,0,100,0,0,0,0,0,0,0,0,0,0,0,0,1,0,0,0,9510,0,0,0,0,0,0,0,0,0,0,0,0,0,0,0,0,0,0,0,0,0,0,56,0,17,0,0,0,0,0,166,0,0,0,0,0,0,0,0,0,0,0,0,0,0,10326,0,163,0,0,0,0,0,0,0,0,0,0,0,0,27,0,16,0,0,0,0,19,0,13,0,0,0,0,0,0,0,0,0,0,0,0,0,0,0,0,0,0,1,0,0,9720
b2702057-194c-4de5-8e3d-29dc947c21d2,ROCK,17,0,0,0,0,1,0,0,0,54,0,0,0,2,0,0,1,0,0,0,0,3,39,1,0,25,0,0,0,61,0,0,0,0,0,0,0,0,0,0,0,0,1,0,1,0,9534,0,0,0,0,0,0,0,0,0,0,0,0,0,0,0,0,0,0,0,0,0,0,86,36,6,2,0,0,0,0,59,0,0,0,0,0,0,0,0,0,0,0,0,0,0,10336,0,82,0,0,0,0,0,0,0,0,0,0,0,0,42,0,0,0,0,0,0,39,0,21,1,0,0,0,0,0,0,0,0,0,0,0,0,0,0,0,3,0,1,0,0,9732
07bccbb6-7e56-48e8-b88b-3c62d963d561,ROCK,17,0,0,0,0,0,1,0,0,35,0,0,0,0,0,0,1,0,0,0,0,0,0,0,0,60,0,0,0,57,0,0,0,0,0,0,0,0,0,0,0,0,1,0,1,0,9547,0,0,0,0,0,0,0,0,0,0,0,0,0,0,0,0,0,0,0,0,0,0,58,21,6,0,0,0,0,0,69,2,0,0,0,0,0,0,0,0,0,0,0,0,0,10341,0,91,0,0,0,0,0,0,0,0,0,0,0,0,1,0,0,0,0,0,0,30,1,8,0,0,0,0,0,0,0,0,0,0,0,0,0,0,0,0,24,0,1,0,0,9742
41cd799a-5e32-44cd-bdf7-938df829ee5a,PAPER,13,0,0,0,0,0,0,0,0,27,0,0,0,0,0,4,0,0,0,0,0,0,20,0,15,98,0,0,0,86,0,0,0,0,0,0,0,0,0,0,0,0,0,0,0,0,9554,0,0,0,0,0,0,0,0,18,0,0,0,1,0,0,0,0,0,0,0,0,0,24,0,14,0,0,0,0,0,157,30,0,0,0,0,0,0,0,0,0,6,0,0,0,10347,0,186,0,0,0,0,0,0,0,0,0,0,0,0,0,0,0,0,0,0,0,24,0,13,26,1,0,0,0,0,0,0,0,0,0,0,0,0,0,0,0,0,0,0,0,9750
7633e32f-da85-44bb-ae18-30edf7f74cf4,SCISSORS,20,0,26,0,0,0,0,0,0,0,0,0,0,0,0,0,0,0,0,0,0,0,82,1,40,26,2,0,0,80,0,0,0,0,0,0,0,0,0,0,0,0,0,0,0,0,9574,0,0,0,0,0,0,0,0,68,0,0,0,0,0,0,0,0,0,0,0,0,23,0,53,26,0,0,0,0,0,35,0,0,0,0,0,0,0,0,3,47,0,2,0,0,10363,0,144,0,0,1,1,0,0,26,0,0,0,1,0,0,0,0,0,0,0,0,42,4,32,2,3,0,0,0,0,0,0,0,0,0,0,0,0,0,0,0,0,0,1,0,9780
3b4c89a7-f633-4eae-9ee8-f4da69c15854,ROCK,12,0,13,0,0,0,0,0,0,55,0,0,0,0,0,0,1,0,0,0,0,0,24,0,0,66,0,0,0,33,0,0,0,0,0,0,0,0,0,0,0,0,0,0,0,0,9583,0,0,0,0,0,0,0,0,28,0,0,0,0,0,0,0,0,0,0,0,0,0,0,0,82,0,0,0,0,0,0,62,0,0,0,0,0,0,0,0,20,0,0,0,0,10366,0,136,0,0,0,0,0,0,0,0,0,0,0,0,39,0,0,0,0,0,0,15,0,0,0,0,0,0,0,0,0,0,0,0,0,0,0,0,0,0,1,0,1,0,0,9786
ebb1e7bd-889f-4938-84d5-6b191aea0fef,PAPER,14,0,37,0,0,0,0,0,0,11,0,0,1,0,0,33,0,3,0,0,0,0,86,3,63,264,3,0,0,341,0,0,0,0,0,0,0,84,0,0,0,0,0,0,0,0,9631,0,25,0,0,0,0,0,0,8,0,0,0,2,0,0,0,57,0,0,0,0,113,6,93,71,2,0,0,0,0,340,167,0,0,0,0,0,0,0,0,5,38,0,2,0,10433,0,207,0,0,0,0,0,0,0,0,0,3,0,0,0,0,79,0,0,0,0,117,3,199,5,10,0,0,0,0,0,255,0,0,0,0,51,0,0,0,0,0,0,0,0,9843
d0cbc39f-d87b-4f21-80bc-3e661f8e21eb,PAPER,9,0,0,0,0,0,0,0,0,0,0,0,0,0,0,0,0,0,0,0,0,0,67,0,0,114,0,0,0,89,0,0,0,0,0,0,0,0,0,0,0,0,0,6,0,0,9639,0,0,0,0,0,0,0,0,0,0,0,0,0,0,0,0,0,0,0,0,0,6,0,16,6,0,0,0,0,0,72,168,0,0,0,0,0,0,0,0,0,8,0,0,0,10443,0,0,0,0,0,0,0,0,0,0,0,0,0,0,0,0,0,0,0,0,0,74,0,30,1,1,0,0,0,0,0,155,0,0,0,0,15,0,0,0,0,0,0,0,0,9851
1c8aae8a-4aa1-416b-b488-d4660c62c8ca,SCISSORS,13,0,11,0,0,0,0,0,0,0,0,0,0,0,0,0,0,0,0,0,0,0,97,1,2,310,2,0,0,126,0,0,0,0,0,0,0,0,0,0,0,0,0,0,0,0,9663,0,0,0,0,0,0,0,0,0,0,0,0,0,0,0,0,0,0,0,0,0,48,0,136,24,1,0,0,0,0,326,0,0,0,0,0,0,0,0,0,0,0,14,0,0,10466,0,193,0,0,1,1,0,0,18,0,0,0,2,0,0,0,14,0,0,0,0,46,1,65,6,3,0,0,0,0,0,199,0,0,0,0,0,0,0,0,0,0,0,0,0,9883
9f114120-95a7-468e-b740-3e5db2fa0a5f,ROCK,16,0,0,0,0,2,0,0,0,65,0,0,0,2,0,0,3,0,0,0,0,1,41,0,0,66,0,0,0,44,0,0,0,0,0,0,0,0,0,0,0,0,0,0,0,0,9689,0,0,0,0,0,0,0,0,0,0,0,0,0,0,0,0,0,0,0,0,0,116,0,26,0,1,0,0,0,0,81,0,0,0,0,0,0,0,0,0,0,0,0,0,0,10471,0,0,0,0,0,0,0,0,0,0,0,0,0,0,1,0,43,0,0,0,0,15,0,3,0,0,0,0,0,0,0,105,0,0,0,0,0,0,0,0,56,0,1,0,0,9891
90f3fd14-f280-4407-9098-97140bd5e472,SCISSORS,13,0,7,0,0,0,0,0,0,0,0,0,0,0,0,0,0,0,0,0,0,0,78,0,1,170,0,0,0,239,0,0,0,0,0,0,0,0,0,0,0,0,0,0,0,0,9705,0,0,0,0,0,0,0,0,0,0,0,0,0,0,24,0,0,0,0,0,0,84,2,57,7,3,0,0,0,0,306,0,0,0,0,0,6,0,0,0,4,0,2,0,0,10508,0,18,0,0,1,2,0,0,42,0,0,0,1,0,0,1,0,0,0,0,0,34,0,41,0,2,0,0,0,0,0,318,0,0,13,0,22,0,0,0,0,0,0,0,0,9911
e9ee2226-3651-4e0c-9e8c-9ed0fb0948da,ROCK,16,0,0,0,0,1,36,0,0,0,0,0,0,0,0,0,1,0,0,0,0,3,52,0,0,61,0,0,0,50,0,0,0,0,0,0,0,0,0,0,0,0,0,0,0,0,9719,0,0,0,0,0,0,0,0,0,0,0,0,0,0,0,0,0,0,0,0,0,113,0,36,2,1,0,0,0,0,50,0,0,0,0,0,0,0,0,2,0,0,0,0,0,10518,0,57,0,0,0,0,0,0,0,0,0,0,0,0,1,0,0,0,0,0,0,23,1,10,0,0,0,0,0,0,0,78,0,0,0,0,0,0,0,0,9,0,25,0,0,9923
bab1d21c-179d-4b52-83f4-a7046ff2e356,SCISSORS,9,0,45,0,0,0,0,0,0,0,0,0,0,0,0,0,0,0,0,0,0,0,0,0,1,10,1,0,0,93,0,0,0,0,0,0,0,0,0,0,0,0,0,0,0,0,9724,0,0,0,0,0,0,0,0,0,0,0,0,0,0,0,0,0,0,0,0,0,55,0,1,7,0,0,0,0,0,56,0,0,0,0,0,0,0,0,0,0,0,31,0,0,10523,0,0,0,0,1,0,0,0,34,0,0,0,1,0,0,2,5,0,0,0,0,49,0,0,0,0,0,0,0,0,0,57,0,0,0,0,0,0,0,0,0,0,0,1,0,9935
59b32dbf-d4cb-4bbe-b070-351824b710d4,ROCK,6,0,6,0,0,0,0,0,0,47,0,0,0,1,0,0,1,0,0,0,0,1,0,0,0,89,0,0,0,20,0,0,0,0,0,0,0,0,0,0,0,0,2,0,0,0,9737,0,0,0,0,0,0,0,0,0,0,0,0,0,0,0,0,0,0,0,0,0,6,61,51,24,4,0,0,0,0,21,0,0,0,0,0,0,0,0,0,0,0,0,0,0,10537,0,0,0,0,0,0,0,0,0,0,0,3,0,0,31,0,84,0,0,0,0,25,0,21,1,1,0,0,0,0,0,0,0,0,0,0,0,0,0,0,0,0,1,0,0,9945
18b810f0-0c22-4387-bc1d-30bae206dc51,SCISSORS,20,0,0,0,0,0,0,0,0,0,0,0,0,0,0,0,0,0,0,0,0,0,97,0,0,19,0,0,0,55,0,0,0,0,0,0,0,0,0,0,0,0,0,0,0,0,9741,0,28,0,0,0,0,0,0,0,0,0,0,0,0,50,0,0,0,0,0,0,27,12,13,13,0,0,0,0,0,22,0,0,0,0,0,0,0,0,0,1,0,5,0,0,10553,0,0,0,0,4,1,0,0,62,0,0,0,2,0,0,1,63,0,0,0,0,12,0,0,0,0,0,0,0,0,0,24,0,0,0,0,0,0,0,0,0,0,0,2,0,9968
a3c5b83a-f402-4af9-87a3-c6454af97766,ROCK,14,0,0,0,0,0,0,0,0,57,0,0,46,0,0,0,1,0,0,0,0,0,47,0,0,0,0,0,0,29,0,0,0,0,0,0,0,0,0,0,0,0,0,0,1,0,9750,0,0,0,0,0,0,0,0,0,0,0,0,0,0,0,0,0,0,0,0,0,95,0,0,35,2,0,0,0,0,49,0,0,0,0,0,0,0,0,0,0,0,0,0,0,10560,0,0,0,0,0,0,0,0,0,0,0,0,0,0,1,0,0,0,0,0,0,18,0,7,0,0,0,0,0,0,0,112,0,0,0,0,1,0,0,0,1,0,41,0,0,9976
87ccebc0-fd89-47f5-bb35-e6de2c9840fd,ROCK,10,0,0,0,0,2,1,0,0,92,0,0,0,3,0,0,0,0,0,0,0,1,37,2,0,22,0,0,0,39,0,0,0,0,0,0,0,0,0,0,0,0,1,0,0,0,9772,0,0,0,0,0,0,0,0,0,0,0,0,0,0,0,0,0,0,0,0,0,18,102,45,5,1,0,0,0,0,29,0,0,0,0,0,0,0,0,0,0,0,0,0,0,10574,0,0,0,0,0,0,0,0,0,0,0,0,0,0,3,0,0,0,0,0,0,33,0,4,0,1,0,0,0,0,0,77,0,0,0,0,0,0,0,0,80,0,2,0,0,9992
8b3caa0c-a489-4003-9b4b-72f736d45003,PAPER,9,0,30,0,0,0,0,0,0,8,0,0,0,0,0,0,0,0,0,0,0,0,22,1,30,42,2,0,0,52,0,0,0,0,0,0,0,0,0,0,0,0,0,3,0,0,9789,0,0,0,0,0,0,0,0,0,0,0,0,0,0,0,0,0,0,0,0,0,24,8,1,51,3,0,0,0,0,45,53,0,0,0,0,0,0,0,0,0,5,0,0,0,10589,0,0,0,0,0,0,0,0,0,0,0,3,0,0,0,0,0,0,0,0,0,49,2,44,2,3,0,0,0,0,0,87,0,0,0,0,0,0,0,0,0,0,0,0,0,10010
348b2e2d-9a75-4959-abc8-bec765e4bc0c,SCISSORS,10,0,0,0,0,0,0,0,0,0,0,0,0,0,0,0,0,0,0,0,0,0,13,0,1,76,0,0,0,21,0,0,0,0,0,0,0,0,0,0,0,0,0,0,0,0,9793,0,0,0,0,0,0,0,0,0,0,0,0,0,0,0,0,0,0,0,0,0,13,0,0,1,1,0,0,0,0,75,0,0,0,0,0,0,0,0,0,21,0,0,0,0,10593,0,12,0,0,0,0,0,0,21,0,0,0,0,0,0,0,0,0,0,0,0,13,0,0,0,0,0,0,0,0,0,64,0,0,0,0,0,0,0,0,0,0,0,1,0,10015
d108a1e5-a8da-49c7-8770-b84473f3ba79,ROCK,5,0,38,0,0,1,64,0,0,0,0,0,0,3,0,0,1,0,0,0,0,0,20,0,0,46,0,0,0,86,0,0,0,0,0,0,0,0,0,0,0,0,2,0,0,0,9819,0,0,0,0,0,0,0,0,0,0,0,0,0,0,0,0,0,0,0,0,0,87,0,2,94,5,0,0,0,0,69,4,0,0,0,0,0,0,0,0,0,0,0,0,0,10611,0,157,0,0,0,0,0,0,0,0,0,0,0,0,63,0,0,0,0,0,0,12,0,19,1,3,0,0,0,0,0,1,0,0,0,0,0,0,0,0,4,0,1,0,0,10035
74305efa-abbf-4753-bb9e-b6621a5dc906,SCISSORS,17,0,0,0,0,0,0,0,0,0,0,0,0,0,0,0,0,0,0,0,0,0,79,0,1,40,1,0,0,42,0,0,0,0,0,0,0,0,0,0,0,0,0,0,0,0,9825,0,0,0,0,0,0,0,0,0,0,0,0,0,0,0,0,0,0,0,0,0,11,14,1,22,0,23,0,0,0,65,0,0,0,0,0,0,0,0,0,1,0,26,0,0,10620,0,98,0,0,2,0,0,0,47,0,0,0,1,0,0,3,0,0,0,0,0,11,0,1,0,0,0,0,0,0,0,0,0,0,0,0,0,0,0,0,0,0,0,0,0,10050
ffed51b5-0673-469c-9ca6-c9fdbbfce843,ROCK,15,0,0,0,0,0,0,0,0,43,0,0,0,1,0,0,0,0,0,0,0,1,32,0,0,51,0,0,0,40,0,0,0,0,0,0,0,0,0,0,0,3,0,0,1,0,9836,0,0,0,0,0,0,0,0,0,0,0,0,0,0,0,0,0,0,0,0,0,49,32,0,0,0,0,0,0,0,88,0,0,0,0,0,0,0,0,0,3,0,0,0,0,10623,0,118,0,0,0,0,0,0,0,0,0,0,0,0,1,0,0,0,0,0,0,24,1,10,0,0,0,0,0,0,0,0,0,0,0,0,0,0,0,0,0,0,18,0,0,10058
0321ba8a-bec9-48fb-a7c4-70cc233f7785,ROCK,12,0,0,0,0,1,0,0,0,55,0,0,0,1,0,0,0,0,0,0,0,2,0,0,0,59,0,0,0,35,0,0,0,0,0,0,0,0,0,0,0,0,1,0,0,0,9850,0,0,0,0,0,0,0,0,0,0,0,0,0,0,0,0,0,0,0,0,0,71,2,0,0,0,0,0,0,0,81,0,0,0,0,0,0,0,0,0,0,0,0,0,0,10627,0,82,0,0,0,0,0,0,0,0,0,0,0,0,2,0,0,0,0,0,0,44,0,13,0,0,0,0,0,0,0,0,0,0,0,0,0,0,0,0,1,0,12,0,0,10068
a00ab9d7-98ab-4524-8bde-9854e44291db,SCISSORS,11,0,0,0,0,0,0,0,0,22,0,0,0,0,0,0,0,0,0,0,0,0,0,0,0,97,0,0,0,24,0,0,0,0,0,0,0,0,0,0,0,0,0,0,0,0,9854,0,0,0,0,0,0,0,0,0,0,0,0,0,0,0,0,0,0,0,0,0,22,20,0,26,0,0,0,0,0,52,0,0,0,0,0,0,0,0,0,23,0,0,0,0,10631,0,92,0,0,1,0,0,0,24,0,0,0,0,0,0,2,0,0,0,0,0,22,0,0,0,0,0,0,0,0,0,0,0,0,0,0,0,0,0,0,0,0,0,2,0,10080
b128c219-5b8d-49d7-8543-328e80c4c02c,SCISSORS,6,0,52,0,0,0,0,0,0,0,0,0,0,0,0,0,0,0,0,0,0,0,9,1,0,194,0,0,0,147,0,0,0,0,0,0,0,0,0,0,0,0,0,0,0,0,9867,0,0,0,0,0,0,0,0,0,0,0,0,0,0,26,0,0,0,0,0,0,0,5,4,120,4,0,0,0,0,116,127,0,0,0,0,0,0,0,0,0,0,1,0,0,10659,0,137,0,0,2,1,0,0,22,0,0,0,1,0,0,1,13,0,0,0,0,0,0,21,0,1,0,0,0,0,0,171,0,0,0,0,31,0,0,0,0,0,0,2,0,10101
1bf74321-5b6f-4942-951e-0c4c6816583c,SCISSORS,6,0,0,0,0,0,0,0,0,0,0,0,0,0,0,0,0,0,0,0,0,0,96,1,1,230,0,0,0,121,0,0,0,0,0,0,0,0,0,0,20,1,0,0,0,0,9886,0,0,0,0,0,0,0,0,15,0,0,0,0,0,2,0,0,0,0,0,0,0,0,8,287,6,0,0,0,0,36,40,0,0,0,0,0,0,0,2,1,0,73,0,0,10709,0,90,0,0,2,4,0,0,63,0,0,2,0,0,0,3,55,0,0,0,0,34,1,122,16,7,0,0,0,0,0,60,0,0,0,0,5,0,0,0,0,0,0,6,0,10168
5efd423c-a72d-4776-a1d5-253947964289,SCISSORS,20,0,98,0,0,0,0,0,0,0,0,0,0,0,0,0,0,0,0,0,0,0,111,2,6,78,0,0,0,117,0,0,0,0,0,0,0,0,0,0,0,0,0,0,0,0,9900,0,0,0,0,0,0,0,0,24,0,0,0,0,0,2,0,0,0,0,0,0,0,14,6,147,0,0,0,0,0,94,73,0,0,0,0,0,0,0,6,46,0,0,0,0,10733,0,0,0,0,1,0,0,0,47,0,0,0,2,0,0,0,16,0,0,0,0,0,0,90,3,3,0,0,0,0,0,232,0,0,0,0,18,0,0,0,0,0,0,0,0,10195
16942880-25b0-47e9-80a8-eedaf48f94ea,SCISSORS,19,0,0,0,0,0,0,0,0,0,0,0,0,0,0,0,0,0,0,0,0,0,12,39,0,65,0,0,0,124,0,0,0,0,0,0,0,0,0,0,0,0,3,0,0,0,9909,0,0,0,0,0,0,0,0,0,0,0,0,0,0,26,0,0,0,0,0,0,0,11,3,0,0,0,0,0,0,191,0,0,0,0,0,10,0,0,0,0,0,2,0,0,10740,0,8,0,0,0,2,0,0,23,0,0,0,1,0,0,1,12,0,0,0,0,0,0,0,0,0,0,0,0,0,0,193,0,0,0,0,0,0,0,0,0,0,0,3,0,10209
22f5bb22-9fc4-4a28-91ef-51039d89dc50,ROCK,11,0,0,0,0,2,1,0,0,55,0,0,0,0,0,0,1,0,0,0,0,9,15,18,0,34,0,0,0,22,0,0,0,0,0,0,0,0,0,0,0,0,1,0,0,0,9928,0,0,0,0,0,0,0,0,0,0,0,0,0,0,0,0,0,0,0,0,0,73,0,31,3,2,0,0,0,0,33,0,0,0,0,0,16,0,0,0,0,0,0,0,0,10752,0,19,0,0,0,0,0,0,0,0,0,0,0,0,46,0,0,0,0,0,0,14,0,5,0,0,0,0,0,0,0,65,0,0,0,0,4,0,0,0,4,0,1,0,0,10224
f6c9f3a1-0c4b-4dc6-b3e2-28b1844d6b5e,SCISSORS,18,0,1,0,0,0,0,0,0,0,0,0,0,0,0,0,0,0,0,0,0,24,61,1,12,12,0,0,0,37,0,0,0,0,0,5,0,0,0,0,0,0,0,0,0,0,9943,0,0,0,0,0,0,0,0,0,0,0,0,0,0,26,0,0,0,0,0,0,14,16,15,5,0,0,0,0,0,76,0,0,0,0,0,0,0,0,0,1,0,0,0,0,10758,0,15,0,0,1,0,0,0,31,0,0,0,1,0,0,0,0,0,0,0,0,14,0,0,0,0,0,0,0,0,0,78,0,0,0,0,13,0,0,0,0,0,0,0,0,10232
e2b20616-e1eb-464d-aa32-a42d90cef5cc,SCISSORS,11,0,56,0,0,0,0,0,0,0,0,0,0,0,0,0,0,0,0,0,0,0,65,0,1,109,1,0,0,221,0,0,0,0,0,0,0,20,0,0,0,0,0,0,0,0,9970,0,0,0,0,0,0,0,0,0,0,0,0,0,0,1,0,0,0,0,0,0,0,27,1,17,1,0,0,0,0,245,148,0,0,0,0,0,0,0,0,33,0,0,0,0,10769,0,414,0,0,1,0,0,0,31,0,0,0,0,0,0,1,0,0,0,0,0,6,0,0,0,0,2,0,0,0,0,11,0,0,0,0,5,0,0,0,0,0,0,2,0,10246
be856f6c-11e5-4d61-967c-e7630e46f066,PAPER,17,0,0,0,0,0,0,0,0,0,0,0,0,0,0,0,0,0,0,0,0,0,24,0,1,16,1,0,0,83,0,18,0,0,0,0,0,29,0,0,66,0,0,9,0,0,9986,0,0,0,0,0,0,0,0,17,0,0,0,0,0,0,0,0,0,0,0,0,3,46,1,29,0,0,0,0,0,141,0,0,0,0,0,0,0,0,0,0,10,0,0,0,10782,0,155,0,0,0,0,0,0,0,0,0,0,0,0,0,0,0,0,0,0,0,42,0,43,5,2,0,0,0,0,0,0,0,0,0,0,0,0,0,0,0,0,0,0,0,10264
92285c4b-547f-4071-80e9-44b0061aed91,ROCK,12,0,0,0,0,0,0,0,0,55,0,0,0,0,0,0,0,0,0,0,0,0,0,0,0,49,0,0,0,4,0,0,0,0,0,0,0,14,0,0,0,0,1,0,1,0,9993,0,0,0,0,0,0,0,0,20,0,0,0,0,0,0,0,0,0,0,0,0,0,60,1,29,3,0,0,0,0,0,9,0,0,0,0,0,0,0,0,2,0,0,0,0,10793,0,47,0,0,0,0,0,0,0,0,0,0,0,0,1,0,0,0,0,0,0,24,0,7,0,0,0,0,0,0,0,0,0,0,0,0,0,0,0,0,1,0,44,0,0,10273
98fda8d2-21d6-4ac2-9cb7-a2baa591de49,SCISSORS,11,0,16,0,0,0,0,0,0,24,0,0,0,0,0,0,0,0,0,0,0,0,43,0,11,0,0,0,0,46,0,0,0,0,0,0,0,0,0,0,0,0,0,0,0,0,9999,0,0,0,0,0,0,0,0,0,0,0,0,0,0,0,0,0,0,0,0,0,1,33,1,15,1,0,0,0,0,64,0,0,0,0,0,0,0,0,0,0,0,25,0,0,10802,0,88,0,0,2,0,0,0,29,0,0,0,0,0,0,1,0,0,0,0,0,19,0,0,0,0,0,0,0,0,0,0,0,0,0,0,0,0,0,0,0,0,0,1,0,10283
ab17e1df-11a6-4817-916e-63e627484fcf,ROCK,5,0,0,0,0,0,1,0,0,42,0,0,0,1,0,0,0,0,0,0,0,2,11,0,0,66,0,0,0,33,0,0,0,0,0,0,0,0,0,0,0,0,2,0,1,0,10017,0,0,0,0,0,0,0,0,0,0,0,0,0,0,0,0,0,0,0,0,0,61,14,2,12,2,0,0,0,0,59,0,0,0,0,0,0,0,0,9,0,0,0,0,0,10819,0,92,0,0,0,0,0,0,0,0,0,0,0,0,0,0,0,0,0,0,0,1,5,15,3,0,0,0,0,0,0,0,0,0,0,0,0,0,0,0,42,0,1,0,0,10294
a0526b0c-0f4b-48f8-85d4-344ccd4ed6de,SCISSORS,8,0,0,0,0,0,0,0,0,29,0,0,0,0,0,0,0,0,0,0,0,0,0,0,2,103,2,0,0,46,0,0,0,0,0,0,0,0,0,0,0,0,0,0,0,0,10026,0,0,0,0,0,0,0,0,0,0,0,9,0,0,0,0,0,0,0,0,0,42,4,25,1,1,0,0,0,0,28,43,0,0,0,0,0,0,0,0,27,0,2,0,0,10834,0,28,0,0,0,0,0,0,32,0,0,0,1,0,0,1,0,0,0,0,0,0,20,15,15,1,0,0,0,0,0,21,0,0,0,0,48,0,0,0,0,0,0,0,0,10308
1a5e465b-3492-49af-a682-ec7f46991d4a,ROCK,5,0,18,0,0,0,0,0,0,51,0,0,0,0,0,0,0,0,0,0,0,1,18,2,0,86,0,0,0,81,0,0,0,0,0,0,0,0,0,0,0,0,4,0,0,0,10045,0,0,0,0,0,0,0,0,0,0,0,0,0,0,0,0,0,0,0,0,0,25,73,4,61,2,0,0,0,0,73,23,0,0,0,0,0,0,0,0,0,0,0,0,0,10850,0,3,0,0,0,0,0,0,0,0,0,0,0,0,35,0,1,0,0,0,0,30,0,28,1,1,0,0,0,0,0,158,0,0,0,0,0,0,0,0,3,0,1,0,0,10327
1c109bac-395b-43f3-b2d5-ad0a3677454d,SCISSORS,17,0,8,0,0,0,0,0,0,0,0,0,0,0,0,0,0,0,0,0,24,0,85,1,178,257,10,0,0,168,0,0,0,0,0,0,0,3,0,0,0,1,0,0,0,0,10100,0,0,0,0,0,0,0,0,0,0,0,13,0,0,36,0,36,0,0,0,0,4,117,247,104,18,0,0,0,0,35,113,0,0,0,0,9,0,0,0,1,0,2,0,0,10938,0,22,0,0,35,2,0,0,0,0,0,22,3,0,0,0,177,0,0,0,0,54,2,192,14,2,76,0,0,0,0,82,0,0,0,0,52,0,0,0,0,0,0,0,0,10396
67f33383-de5f-4ca6-9e99-acfcd3da586d,PAPER,14,0,1,0,0,0,0,0,0,0,0,0,0,0,0,12,0,0,0,0,0,0,47,0,1,105,0,0,0,48,0,0,0,0,0,0,0,0,0,0,0,0,0,0,0,0,10113,0,0,0,0,0,1,0,0,2,0,0,34,0,0,0,1,11,0,0,0,0,0,0,0,0,0,0,0,0,0,0,154,0,0,0,0,0,0,0,0,0,11,0,0,0,10948,0,0,0,0,0,0,0,0,0,0,0,0,0,0,0,0,0,0,0,0,0,27,0,0,0,0,1,0,0,0,0,186,0,0,0,0,0,0,0,0,0,0,0,0,0,10398
403f5e55-4abd-454e-8ee8-bebbf11d8c3e,ROCK,13,0,0,0,0,0,0,0,0,33,0,0,0,1,0,0,0,0,0,0,0,17,18,0,0,88,0,0,0,80,0,0,0,0,0,0,0,0,0,0,0,0,1,0,2,0,10128,0,0,0,0,0,0,0,0,0,0,0,0,0,0,0,0,77,0,0,0,0,0,59,3,32,1,0,0,0,0,0,68,0,0,0,0,0,0,0,0,0,0,0,0,0,10959,0,0,0,0,0,0,0,0,0,0,0,0,0,0,0,0,0,0,0,0,0,52,0,12,0,0,0,0,0,0,0,156,0,0,0,0,0,0,0,0,1,0,19,0,0,10404
99074472-0c6f-42ce-88d7-a360b3f2a01b,SCISSORS,19,0,4,0,0,0,0,0,0,0,0,0,0,0,0,0,0,0,0,0,0,49,0,0,0,313,0,0,0,214,0,0,0,0,0,0,0,0,0,0,0,0,0,0,0,0,10142,0,0,0,0,0,0,0,0,0,0,0,1,0,0,39,0,29,0,0,0,0,0,76,3,50,0,0,0,0,0,0,380,0,0,0,0,0,0,0,0,0,0,2,0,0,10982,0,11,0,0,0,1,0,0,44,0,0,0,2,0,0,1,0,0,0,0,0,47,0,17,1,2,0,0,0,0,0,416,0,0,0,0,37,0,0,0,0,0,0,1,0,10422
3d2fe059-95bc-4ea0-9dc8-745b61e58eaf,PAPER,9,0,0,0,0,0,0,0,0,0,0,0,0,0,0,1,0,0,0,0,0,0,14,0,0,69,0,0,0,137,0,0,0,0,0,0,0,0,0,0,0,17,0,2,0,0,10158,0,0,0,0,0,0,0,0,1,0,0,0,2,0,0,0,11,0,0,0,0,0,46,5,3,0,0,0,0,0,0,151,0,0,0,0,0,0,0,0,1,20,0,0,0,10996,0,22,0,0,0,0,0,0,0,0,0,0,0,0,0,0,0,0,0,0,0,35,0,42,0,1,0,0,0,0,0,136,0,0,0,0,4,0,0,0,0,0,0,0,0,10428
4f2b4ca9-3af4-4fbe-ada0-8fe41b8f887e,ROCK,17,0,13,0,0,1,0,0,0,50,0,0,0,0,0,0,0,0,0,0,0,1,126,2,6,211,3,0,0,110,0,0,0,0,0,0,0,0,0,0,0,0,0,0,0,0,10194,0,23,0,0,0,0,0,0,0,0,0,0,0,0,0,0,67,0,0,0,0,5,103,107,31,9,0,0,0,0,0,178,0,0,0,0,0,0,0,0,0,0,0,0,0,11044,0,0,0,0,0,0,0,0,0,0,0,0,0,0,1,0,26,0,0,0,0,44,0,103,24,3,26,0,0,0,0,207,0,0,0,0,47,0,0,0,41,0,1,0,0,10453
baf6c453-fe91-42db-aa0c-4b060e114d48,SCISSORS,7,0,0,0,0,0,0,0,0,14,0,0,0,0,0,0,0,0,0,0,0,0,49,0,3,138,4,0,0,56,0,0,0,0,0,0,0,0,0,0,0,0,0,0,0,0,10213,0,0,0,0,0,0,0,0,0,0,0,0,0,0,1,0,0,0,0,0,0,0,23,3,83,1,0,0,0,0,2,119,0,0,0,0,0,0,0,0,3,0,29,0,0,11064,0,10,0,0,1,0,0,0,30,0,0,0,2,0,0,0,0,0,0,0,0,8,0,36,14,1,0,0,0,0,0,127,0,0,0,0,34,0,0,0,0,0,0,1,0,10473
1c32e1bc-8757-4dc7-b903-e92b4c21389f,ROCK,7,0,0,0,0,0,0,0,0,0,0,0,0,0,0,0,0,0,0,0,0,27,26,0,2,29,3,0,0,120,0,0,0,0,0,0,0,88,0,0,0,0,1,0,0,0,10232,0,4,0,0,0,0,0,0,0,0,0,0,0,0,0,0,0,0,0,0,0,2,81,104,5,3,0,0,0,0,0,97,0,0,0,0,0,0,0,0,0,0,0,0,0,11088,0,0,0,0,0,0,0,0,0,0,0,0,0,0,0,0,0,0,0,0,0,21,0,30,2,2,4,0,0,0,0,232,0,0,0,0,0,0,0,0,0,0,5,0,0,10485
6fa1d552-288c-4d99-b669-66a72ce202c8,ROCK,9,0,0,0,0,11,7,0,0,3,0,0,0,9,0,0,5,0,0,0,0,345,47,2,0,131,0,0,0,97,0,0,0,0,0,0,0,0,0,0,0,3,4,0,8,0,10328,0,1,0,0,0,0,0,0,0,0,0,0,0,0,0,0,0,0,0,0,0,0,449,3,145,1,0,0,0,0,0,73,0,0,0,0,0,0,0,0,0,0,0,0,0,11103,0,47,0,0,0,0,0,0,0,0,0,0,0,0,143,0,0,0,0,0,0,268,9,56,1,4,6,0,0,0,0,127,0,0,0,0,0,0,0,0,8,0,3,0,0,10539
6ed5bd9d-fe8b-4dbb-bf37-6bdf677a1c03,PAPER,8,0,0,0,0,0,0,0,0,0,0,0,0,0,0,0,0,0,0,0,0,0,68,3,6,194,9,0,0,209,0,0,0,0,0,0,0,96,0,0,0,0,0,6,0,0,10379,0,0,0,0,1,0,0,0,22,0,0,0,0,0,0,0,0,0,0,0,0,2,56,148,49,4,0,0,0,0,0,301,0,0,0,0,0,0,0,0,0,8,0,0,0,11146,0,272,0,0,0,0,0,0,0,0,0,0,0,0,0,0,0,0,0,0,0,76,0,58,1,4,19,0,0,0,0,103,0,0,0,0,58,0,0,0,0,0,0,0,0,10557
d2d1367b-7c2a-4a75-b4bc-debcbaa984d3,PAPER,17,0,0,0,0,0,0,0,0,0,0,0,0,0,0,0,0,0,0,0,0,0,33,1,0,7,0,0,0,39,0,0,0,0,0,0,0,1,0,0,0,1,0,11,0,0,10388,0,0,0,0,0,1,0,0,33,0,0,0,0,0,0,0,0,0,0,0,0,0,0,0,0,0,0,0,0,0,16,29,0,0,0,0,0,0,0,0,0,14,0,0,0,11152,0,43,0,0,0,0,0,0,0,0,0,0,0,0,0,0,0,0,0,0,0,50,0,0,0,0,0,0,0,0,0,0,0,0,0,0,0,0,0,0,0,0,0,0,0,10559
0d816ca4-eee4-49d7-9319-c491e96f447e,SCISSORS,10,0,0,0,0,0,0,0,0,0,0,0,0,0,0,0,0,0,0,0,0,0,35,1,1,180,2,0,0,161,0,0,0,0,0,0,0,45,0,0,0,3,0,0,0,0,10411,0,0,0,0,0,0,0,0,0,0,0,0,0,0,1,0,0,0,0,0,0,0,14,73,6,1,0,0,0,0,94,214,0,0,0,0,0,0,0,0,25,0,0,0,0,11176,0,157,0,0,0,0,0,0,25,0,0,0,1,0,0,1,122,0,0,0,0,24,0,31,2,0,27,0,0,0,0,28,0,0,0,0,10,0,0,0,0,0,0,0,0,10575
068eb24e-b14a-419c-845d-734b67120133,PAPER,13,0,0,0,0,0,0,0,0,0,0,0,0,0,0,3,0,0,0,0,0,0,19,0,3,189,3,0,0,194,0,0,0,0,0,0,0,19,0,0,18,1,0,0,0,0,10443,0,0,0,0,0,0,0,0,0,0,0,4,1,0,0,0,0,0,0,0,0,0,19,56,19,1,0,0,0,0,14,327,0,0,0,0,0,0,0,0,0,8,0,0,0,11190,0,1,0,0,0,0,0,0,0,0,0,0,0,0,0,0,391,0,0,0,0,33,1,23,0,0,0,0,0,0,0,0,0,0,0,0,0,0,0,0,0,0,0,0,0,10581
feec93c1-4f16-4cd8-b368-1be935c24f10,SCISSORS,17,0,0,0,0,0,0,0,0,0,0,0,0,0,0,0,0,0,0,0,0,0,31,0,0,119,1,0,0,71,0,0,0,0,0,0,0,0,0,0,0,0,0,0,0,0,10451,0,0,0,0,0,0,0,0,0,0,0,0,0,0,4,0,0,0,0,0,0,0,14,1,0,1,0,0,0,0,52,104,0,0,0,0,0,0,0,0,45,0,1,0,0,11203,0,8,0,0,1,0,0,0,54,0,0,0,0,0,0,0,78,0,0,0,0,38,0,24,1,0,0,0,0,0,0,0,0,0,0,0,17,0,0,0,0,0,0,1,0,10593
218f4b61-aa6e-4b7f-ab6d-7a0e0415d996,SCISSORS,8,0,0,0,0,0,0,0,0,0,0,0,0,0,0,0,0,0,0,0,0,0,52,0,1,151,1,0,0,132,0,0,0,0,0,0,0,1,0,0,0,0,0,0,0,0,10466,0,0,0,0,0,0,0,0,0,0,0,0,0,0,3,0,0,0,0,0,0,0,37,13,0,0,3,0,0,0,0,252,0,0,0,0,0,0,0,0,1,0,29,0,0,11218,0,133,0,0,0,1,0,0,34,0,0,0,0,0,0,1,0,0,0,0,0,0,0,2,0,0,12,0,0,0,0,154,0,0,0,0,0,0,0,0,0,0,0,1,0,10604
ba558242-fcb9-4ad4-b775-2e4e9bc7822e,SCISSORS,20,0,0,0,0,0,0,0,0,0,0,0,0,0,0,0,0,0,0,0,0,0,34,0,0,63,0,0,0,19,0,0,0,0,0,0,0,0,0,0,0,0,0,0,0,0,10469,0,0,0,0,0,0,0,0,0,0,0,0,0,0,3,0,0,0,0,0,0,0,28,39,2,5,0,0,0,0,0,39,0,0,0,0,0,0,0,0,0,0,0,0,0,11233,0,0,0,0,0,0,0,0,7,0,0,0,0,0,0,0,9,0,0,0,0,0,0,0,0,0,0,0,0,0,0,100,0,0,0,0,0,0,0,0,0,0,0,0,0,10606
13ac103d-9d37-4630-b7f5-ef591a752052,PAPER,6,0,0,0,0,0,0,0,0,0,0,0,0,0,0,21,0,0,0,0,0,0,31,0,1,110,0,0,0,65,0,0,0,0,0,0,0,1,0,0,0,1,0,1,0,0,10486,0,0,0,0,0,0,0,0,24,0,0,0,0,0,0,0,0,0,0,0,0,1,38,6,13,1,0,0,0,0,0,124,0,0,0,0,0,0,0,0,0,24,0,0,0,11250,0,2,0,0,0,0,0,0,0,0,0,0,0,0,0,0,18,0,0,0,0,54,0,28,3,2,0,0,0,0,0,124,0,0,0,0,0,0,0,0,0,0,0,0,0,10619
12544eb5-331f-47ce-bc38-870a80595bfc,PAPER,5,0,0,0,0,0,0,0,0,0,0,0,26,0,0,1,0,0,0,0,0,0,46,2,0,124,0,0,0,105,0,0,0,0,0,0,0,0,0,0,0,3,0,2,0,0,10510,0,18,0,0,0,0,0,0,44,0,0,0,0,0,0,0,1,0,0,0,0,2,41,94,33,4,0,0,0,0,5,48,0,0,0,0,0,0,0,0,12,7,0,0,0,11287,0,27,0,0,0,0,0,0,0,0,0,0,0,0,0,0,35,0,0,0,0,41,1,121,9,3,0,0,0,0,0,67,0,0,0,0,5,0,0,0,0,0,0,0,0,10652
e9036750-a35f-4747-a7e6-09ac6e6c1187,PAPER,9,0,0,0,0,0,0,0,0,0,0,0,34,0,0,1,0,0,0,0,0,0,107,5,0,217,1,0,0,129,0,0,0,0,0,0,0,0,0,0,0,8,0,1,0,0,10537,0,8,0,0,0,0,0,0,16,0,0,0,0,0,0,0,0,0,0,0,0,3,54,202,33,11,33,0,0,0,19,111,0,0,0,0,0,0,0,0,0,12,0,1,0,11338,0,129,0,0,0,0,0,0,0,0,0,0,0,0,0,0,0,0,0,0,0,69,1,142,7,12,0,0,0,0,0,135,0,0,0,0,8,0,0,0,0,0,0,0,0,10699
1db6d46a-2651-44df-b5e1-79d2794780cf,ROCK,14,0,0,0,0,2,2,0,0,46,0,0,0,0,0,0,0,0,0,0,0,2,21,0,0,92,0,0,0,18,0,0,0,0,0,0,0,0,0,0,0,0,1,0,0,0,10555,0,0,0,0,0,0,0,0,0,0,0,0,0,0,0,0,0,0,0,0,0,0,3,50,62,1,0,0,0,0,68,0,0,0,0,0,0,0,0,0,0,0,0,0,0,11346,0,1,0,0,0,0,0,0,0,0,0,0,0,0,1,0,0,0,0,0,0,38,1,16,1,0,0,0,0,0,0,92,0,0,0,0,0,0,0,0,0,0,34,0,0,10709
d7f13ed6-ea49-4111-b57b-882063af383f,ROCK,19,0,0,0,0,1,0,0,0,70,0,0,0,0,0,0,0,0,0,0,0,1,35,1,0,32,0,0,0,33,0,0,0,0,0,0,0,0,0,0,0,0,0,0,1,0,10567,0,0,0,0,0,0,0,0,0,0,0,0,0,0,0,0,0,0,0,0,0,0,84,23,10,1,0,0,0,0,56,0,0,0,0,0,0,0,0,0,0,0,0,0,0,11352,0,0,0,0,0,0,0,0,0,0,0,0,0,0,3,0,0,0,0,0,0,26,0,10,2,1,0,0,0,0,0,80,0,0,0,0,0,0,0,0,50,0,2,0,0,10728
dc948edb-ffa0-487e-9435-2ce499b12c57,PAPER,9,0,0,0,0,0,0,0,0,0,0,0,7,0,0,0,0,3,0,0,0,0,0,0,1,138,0,0,0,180,0,0,0,0,0,0,0,0,0,0,0,1,0,16,0,0,10582,0,0,0,0,0,0,0,0,6,0,0,0,0,0,0,0,0,0,0,0,0,0,18,22,9,0,0,0,0,0,140,133,0,0,0,0,0,0,0,0,0,17,0,1,0,11363,0,105,0,0,0,0,0,0,0,0,0,0,0,0,0,0,0,0,0,0,0,19,26,9,0,0,0,0,0,0,0,140,0,0,0,0,47,0,0,0,0,0,0,0,0,10734
7504ec2e-9956-4548-ac66-1e25a8c2697e,SCISSORS,13,0,0,0,0,0,0,0,0,0,0,0,6,0,0,0,0,0,0,0,0,0,148,8,6,231,1,0,0,166,0,0,0,0,0,0,0,0,0,0,0,0,0,0,0,0,10633,0,0,0,0,0,0,0,0,32,0,0,0,0,0,35,0,0,0,0,0,0,0,20,104,88,7,0,0,0,0,0,275,0,0,0,0,0,0,0,3,1,0,1,0,0,11404,0,80,0,0,0,2,0,0,39,0,0,0,1,0,0,1,5,0,0,0,0,0,6,108,7,2,0,0,0,0,0,260,0,0,0,0,55,0,0,0,0,0,0,0,0,10774
f6b13d3b-35d3-45ee-8a23-57f054550617,ROCK,15,0,0,0,0,0,0,0,0,35,0,0,0,2,0,0,0,0,0,0,0,0,32,1,0,116,0,0,0,66,0,0,0,0,0,0,0,3,0,0,0,0,1,0,0,0,10648,0,0,0,0,0,0,0,0,0,0,0,0,0,0,0,0,0,0,0,0,0,0,84,66,27,3,0,0,0,0,4,72,0,0,0,0,0,0,0,0,0,0,0,0,0,11426,0,47,0,0,0,0,0,0,0,0,0,0,0,0,1,0,0,0,0,0,0,17,0,41,3,1,0,0,0,0,0,116,0,0,0,0,1,0,0,0,2,0,27,0,0,10794
d0f3adc1-9912-4dc1-87e0-8be08151dd98,PAPER,19,0,0,0,0,0,0,0,0,0,0,0,0,0,0,2,0,0,0,0,0,0,16,1,0,66,0,0,0,95,0,0,0,0,0,0,0,0,0,0,0,18,0,0,0,0,10661,0,0,0,0,0,0,0,0,1,0,0,0,0,0,0,1,0,0,0,0,0,0,14,0,6,0,0,0,0,0,0,153,0,0,0,0,0,0,0,0,0,22,0,1,0,11436,0,0,0,0,0,0,0,0,0,0,0,0,0,0,0,0,0,0,0,0,0,58,0,22,0,0,0,0,0,0,0,117,0,0,0,0,0,0,0,0,1,0,0,0,0,10798
dc4f9c2f-094e-47cf-bfbd-06730bfb5a90,ROCK,18,0,0,0,0,0,0,0,0,43,0,0,0,0,0,0,1,0,0,0,0,18,16,0,0,96,0,0,0,26,0,0,0,0,0,0,0,0,0,0,0,0,0,0,1,0,10674,0,0,0,0,0,0,0,0,0,0,0,0,0,0,0,0,0,0,0,0,0,0,0,34,67,1,0,0,0,0,0,99,0,0,0,0,0,0,0,0,0,0,0,0,0,11440,0,1,0,0,0,0,0,0,0,0,0,0,0,0,2,0,0,0,0,0,0,31,0,8,1,3,0,0,0,0,0,110,0,0,0,0,0,0,0,0,1,0,44,0,0,10814
f692c629-8953-4755-b4df-cc746b90c2f0,SCISSORS,15,0,0,0,0,0,0,0,0,0,0,0,15,0,0,0,0,0,0,0,0,19,41,0,0,160,0,0,0,122,0,10,0,0,0,0,0,0,0,0,0,0,0,0,0,0,10690,0,0,0,0,0,0,0,0,0,0,0,23,0,0,1,0,0,0,0,0,0,2,25,29,18,1,0,0,0,0,0,249,0,0,0,0,0,0,0,3,0,0,16,0,0,11468,0,95,0,0,0,0,0,0,27,0,0,0,0,0,0,0,13,0,0,0,0,16,0,36,1,1,0,0,0,0,0,155,0,0,0,0,23,0,0,0,0,0,0,0,0,10828
40e7d9db-d232-42a0-bc48-f8478486c519,ROCK,20,0,0,0,0,0,49,0,0,1,0,0,0,1,0,0,0,0,0,0,0,0,37,1,0,95,0,0,0,62,0,0,0,0,0,0,0,0,0,0,0,0,3,0,1,0,10714,0,0,0,0,0,0,0,0,0,0,0,15,0,0,0,0,0,0,0,0,0,0,82,49,3,1,0,0,0,0,0,100,0,0,0,0,0,0,0,0,0,0,0,0,0,11486,0,0,0,0,0,0,0,0,0,0,0,0,0,0,1,0,42,0,0,0,0,13,0,19,0,1,0,0,0,0,0,124,0,0,0,0,0,0,0,0,49,0,1,0,0,10839
6f6320fc-852a-43fa-abed-dd5f335a7514,SCISSORS,17,0,0,0,0,0,0,0,0,0,0,0,0,0,0,0,0,0,0,0,0,0,54,0,0,83,0,0,0,64,0,0,0,0,0,0,0,0,0,0,0,0,0,0,0,0,10720,0,0,0,0,0,0,0,0,0,0,0,2,0,0,14,0,0,0,0,0,0,1,22,21,1,1,0,0,0,0,0,139,0,0,0,0,0,0,0,0,0,0,0,0,0,11496,0,0,0,0,0,0,0,0,20,0,0,0,2,0,0,0,0,0,0,0,0,6,0,0,0,0,0,0,0,0,0,173,0,0,0,0,0,0,0,0,0,0,0,0,0,10846
e26da5d2-bee8-4541-bda4-dbb5fd35494c,SCISSORS,20,0,0,0,0,0,0,0,0,0,0,0,0,0,0,0,0,0,0,0,0,0,81,0,1,154,2,0,0,118,0,0,0,0,0,0,0,0,0,0,0,0,0,0,0,0,10732,0,0,0,0,0,0,0,0,0,0,0,8,0,0,2,0,0,0,0,0,0,0,34,6,0,0,0,0,0,0,0,270,0,0,0,0,0,0,0,0,1,0,35,0,0,11507,0,0,0,0,0,1,0,0,50,0,0,0,0,0,0,0,22,0,0,0,0,0,0,19,1,0,0,0,0,0,0,221,0,0,0,0,40,0,0,0,0,0,0,2,0,10859
a529f826-38ba-46be-8957-f6342daed125,SCISSORS,12,0,0,0,0,0,0,0,0,0,0,0,0,0,0,0,0,0,0,0,0,0,74,0,1,93,1,0,0,63,0,0,0,0,0,0,0,0,0,0,76,0,0,0,0,0,10742,0,0,0,0,0,0,0,0,0,0,0,24,0,0,0,0,0,0,0,0,0,1,30,24,3,1,0,0,0,0,0,184,0,0,0,0,0,0,0,0,40,0,1,0,0,11525,0,0,0,0,0,3,0,0,40,0,0,0,0,0,0,1,31,0,0,0,0,0,0,24,1,0,0,0,0,0,0,148,0,0,0,0,60,0,0,0,0,0,0,0,0,10875
b7ed47b9-54e5-4b3e-8dec-948ce92be6f5,ROCK,15,0,0,0,0,0,1,0,0,23,0,0,0,0,0,0,0,0,0,0,0,1,12,0,0,68,0,0,0,91,0,0,0,0,0,0,0,0,0,0,0,0,0,0,0,0,10750,0,0,0,0,0,0,0,0,0,0,0,9,0,0,0,0,0,0,0,0,0,4,89,9,1,1,0,0,0,0,0,83,0,0,0,0,0,0,0,0,0,0,0,0,0,11541,0,4,0,0,0,0,0,0,0,0,0,0,0,0,2,0,13,0,0,0,0,20,0,60,2,3,0,0,0,0,0,92,0,0,0,0,0,0,0,0,0,0,0,0,0,10890
a23a0944-d1bd-426e-a304-d0136c8c6e6c,ROCK,19,0,0,0,0,0,0,0,0,60,0,0,0,1,0,0,0,0,0,0,0,0,29,2,0,101,0,0,0,80,0,0,0,0,0,0,0,0,0,0,0,0,1,0,0,0,10765,0,0,0,0,0,0,0,0,0,0,0,17,0,0,0,0,0,0,0,0,0,66,19,41,4,1,0,0,0,0,0,126,0,0,0,0,0,0,0,0,0,0,0,0,0,11555,0,0,0,0,0,0,0,0,0,0,0,0,0,0,45,0,48,0,0,0,0,19,0,30,2,0,0,0,0,0,0,81,0,0,0,0,32,0,0,0,15,0,2,0,0,10907
bbf269f5-2682-4dff-92b1-70ca9c231189,SCISSORS,16,0,0,0,0,0,0,0,0,20,0,0,0,0,0,0,0,0,0,0,0,0,44,1,0,70,0,0,0,14,0,0,0,0,0,0,0,0,0,0,0,0,0,0,0,0,10770,0,0,0,0,0,0,0,0,0,0,0,1,0,0,11,0,0,0,0,0,0,29,0,31,1,0,0,0,0,0,0,76,0,0,0,0,0,0,0,0,0,0,0,0,0,11562,0,0,0,0,0,2,0,0,13,0,0,0,1,0,0,0,7,0,0,0,0,0,0,5,0,0,0,0,0,0,0,103,0,0,0,0,0,0,0,0,18,0,0,0,0,10916
d52e6c51-9926-498d-acf2-9df7fcf17e11,ROCK,14,0,0,0,0,2,0,0,0,40,0,0,0,0,0,0,1,0,0,0,0,0,12,0,0,93,0,0,0,39,0,0,0,0,0,0,0,0,0,0,0,0,1,0,1,0,10783,0,0,0,0,0,0,0,0,0,0,0,2,0,0,0,0,0,0,0,0,0,61,0,36,3,2,0,0,0,0,0,85,0,0,0,0,0,0,0,0,0,0,0,0,0,11575,0,0,0,0,0,0,0,0,0,0,0,0,0,0,1,0,15,0,0,0,0,0,0,8,0,0,11,0,0,0,0,121,0,0,0,0,0,0,0,0,2,0,31,0,0,10925
507ffe80-c348-41c8-97ed-580dbc32bdca,ROCK,8,0,0,0,0,0,3,0,0,87,0,0,0,1,0,0,1,0,0,0,0,0,0,0,0,69,0,0,0,21,0,0,0,0,0,0,0,0,0,0,0,0,0,0,0,0,10796,0,0,0,0,0,0,0,0,0,0,0,0,0,0,0,0,0,0,0,0,0,21,0,34,71,1,0,0,0,0,0,55,0,0,0,0,0,0,0,0,0,0,0,0,0,11580,0,7,0,0,0,0,0,0,0,0,0,0,0,0,44,0,0,0,0,0,0,17,0,2,0,0,21,0,0,0,0,89,0,0,0,0,0,0,0,0,0,0,2,0,0,10934
ba233a2a-3fec-4888-925d-1c9a643f5b15,SCISSORS,16,0,0,0,0,0,0,0,0,0,0,0,0,0,0,0,0,0,0,0,0,0,56,0,2,102,5,0,0,105,0,0,0,0,0,0,0,0,0,0,0,0,0,0,0,0,10817,0,0,0,0,0,0,0,0,0,0,0,0,0,0,35,0,0,0,0,0,0,0,18,26,22,0,0,0,0,0,0,168,0,0,0,0,0,0,0,0,1,0,0,0,0,11588,0,0,0,0,0,0,0,0,33,0,0,0,1,0,0,2,89,0,0,0,0,22,0,22,0,1,0,0,0,0,0,99,0,0,0,0,0,0,0,0,0,0,0,1,0,10948
106dd95a-5b1a-4c1c-8850-1896320ae344,ROCK,9,0,28,0,0,0,2,0,0,42,0,0,0,0,0,0,0,0,0,0,0,0,20,0,0,245,0,0,0,187,0,0,0,0,0,0,0,19,0,0,0,0,1,0,1,0,10844,0,0,0,0,0,0,0,0,0,0,0,3,0,0,0,0,2,0,0,0,0,21,13,43,2,4,0,0,0,0,0,457,0,0,0,0,0,0,0,0,0,0,0,0,0,11610,0,74,0,0,0,0,0,0,0,0,0,0,0,0,1,0,68,0,0,0,0,21,0,47,1,2,0,0,0,0,0,283,0,0,0,0,24,0,0,0,23,0,1,0,0,10965
df5656d2-089f-464b-889a-25ebf5139565,SCISSORS,6,0,0,0,0,0,0,0,0,0,0,0,0,0,0,0,0,0,0,0,0,0,89,0,4,242,0,0,0,134,0,0,0,0,0,0,0,0,0,0,0,0,0,0,0,0,10862,0,0,0,0,0,0,0,0,0,0,0,30,0,0,1,0,0,0,0,0,0,15,0,149,52,7,0,0,0,0,0,165,0,0,0,0,0,0,0,0,1,0,49,0,0,11648,0,17,0,0,1,1,0,0,54,0,0,0,0,0,0,1,71,0,0,0,0,29,1,94,8,2,0,0,0,0,0,156,0,0,0,0,33,0,0,0,0,0,0,1,0,10995
3e424308-f8d8-4667-ae91-a9ed17ea473b,PAPER,12,0,0,0,0,0,0,0,0,0,0,0,0,0,0,6,0,0,0,0,0,0,44,2,5,81,3,0,0,74,0,0,0,0,0,0,0,0,0,0,0,0,0,2,0,0,10889,0,0,0,0,0,1,0,0,39,0,0,0,0,0,0,0,0,0,0,0,0,14,0,0,0,0,0,0,0,0,0,163,0,0,0,0,0,0,0,0,0,0,0,0,0,11652,0,0,0,0,0,0,0,0,0,0,0,0,0,0,0,0,15,0,0,0,0,62,2,54,3,1,0,0,0,0,0,80,0,0,0,0,0,0,0,0,0,0,0,0,0,11008
95ad1c69-7448-425f-9d6c-2b8384acbcb4,SCISSORS,16,0,0,0,0,0,0,0,0,0,0,0,0,0,0,0,0,0,0,0,0,0,71,1,60,67,3,0,0,116,0,0,0,0,0,0,0,1,0,0,0,0,0,0,0,0,10916,0,0,0,0,0,0,0,0,45,0,0,23,0,0,3,0,0,0,0,0,0,10,0,29,2,0,0,0,0,0,0,183,0,0,0,0,0,0,0,0,24,0,0,0,0,11672,0,15,0,0,0,2,0,0,25,0,0,0,0,0,0,0,43,0,0,0,0,47,1,43,16,1,14,0,0,0,0,67,0,0,0,0,44,0,0,0,0,0,0,1,0,11032
e7c84fea-a382-4630-9001-2cd8133177ff,SCISSORS,11,0,0,0,0,0,0,0,0,0,0,0,0,0,0,0,0,0,0,0,0,0,33,0,1,78,2,0,0,25,0,0,0,0,0,0,0,0,0,0,0,0,0,0,0,0,10925,0,0,0,0,0,0,0,0,0,0,0,0,0,0,27,0,0,0,0,0,0,43,0,15,2,2,0,0,0,0,0,48,0,0,0,0,0,0,0,0,1,0,1,0,0,11683,0,100,0,0,2,2,0,0,33,0,0,0,1,0,0,1,0,0,0,0,0,0,0,0,0,0,0,0,0,0,0,0,0,0,0,0,0,0,0,0,0,0,0,0,0,11046
2dd7b817-9452-47f8-ac0f-de9af6b4052e,ROCK,15,0,0,0,0,1,1,0,0,39,0,0,0,0,0,0,0,0,0,0,0,0,0,0,2,138,1,0,0,92,0,0,0,0,0,0,0,0,0,0,0,0,1,0,0,0,10943,0,0,0,0,0,0,0,0,0,0,0,73,0,0,0,0,0,0,0,0,0,17,0,27,1,1,0,0,0,0,0,156,0,0,0,0,0,0,0,0,0,0,0,0,0,11691,0,187,0,0,0,0,0,0,0,0,0,0,0,0,1,0,7,0,0,0,0,10,25,30,1,0,0,0,0,0,0,0,0,0,0,0,0,0,0,0,1,0,13,0,0,11058
061cfd44-805f-432f-acd0-8b03d1c10fcf,ROCK,20,0,0,0,0,0,0,0,0,48,0,0,0,1,0,0,0,0,0,0,0,0,0,0,2,288,0,0,0,203,0,0,0,0,0,0,0,0,0,0,0,0,0,0,0,0,10959,0,0,0,0,0,0,0,0,0,0,0,29,0,0,0,0,0,0,0,0,0,19,0,22,82,3,0,0,0,0,0,384,0,0,0,0,0,0,0,3,0,0,0,0,0,11706,0,308,0,0,0,0,0,0,0,0,0,0,0,0,1,0,72,0,0,0,0,17,29,53,3,2,0,0,0,0,0,0,0,0,0,0,26,0,0,0,2,0,29,0,0,11082
19e83bd6-2bc2-424e-a5fb-dbc08cfeeb20,PAPER,10,0,19,0,0,0,0,0,0,0,0,0,0,0,0,0,0,0,0,0,0,0,0,0,0,37,0,0,0,96,0,0,0,0,0,0,0,0,0,0,0,0,0,8,0,0,10966,0,0,0,0,0,0,0,0,17,0,0,0,0,0,0,0,0,0,0,0,0,0,0,0,29,0,0,0,0,0,0,104,0,0,0,0,0,0,0,0,0,10,0,0,0,11709,0,101,0,0,0,0,0,0,0,0,0,0,0,0,0,0,0,0,0,0,0,59,0,0,0,0,0,0,0,0,0,0,0,0,0,0,0,0,0,0,0,0,0,0,0,11084
bf91f5ca-1db9-4f07-b6f7-64bbadba61d5,PAPER,18,0,38,0,0,0,0,0,0,0,0,0,0,0,0,9,0,0,0,0,0,0,11,2,2,58,0,0,0,66,0,0,0,0,0,6,0,1,0,0,0,0,0,0,0,0,10985,0,5,0,0,1,0,0,0,61,0,0,0,0,0,0,1,13,0,0,0,0,0,0,18,42,0,0,0,0,0,0,37,0,0,0,0,0,0,0,0,0,14,0,1,0,11724,0,81,0,0,0,0,0,0,0,0,0,0,0,0,0,0,0,0,0,0,0,71,1,37,2,1,0,0,0,0,0,0,0,0,0,0,0,0,0,0,0,0,0,0,0,11095
f13e73ee-75db-4b6b-b08f-2d955d60c777,SCISSORS,12,0,0,0,0,0,0,0,0,0,0,0,0,0,0,0,0,0,0,0,0,0,62,0,0,66,0,0,0,59,0,0,0,0,0,0,0,0,0,0,0,0,3,0,0,0,10991,0,78,0,0,0,0,0,0,0,0,0,0,0,0,0,0,0,0,0,0,0,15,0,43,9,4,0,0,0,0,0,22,0,0,0,0,0,0,0,0,1,0,18,0,0,11742,0,64,0,0,1,0,0,0,28,0,0,0,1,0,0,0,20,0,0,0,0,24,0,36,2,0,0,0,0,0,0,0,0,0,0,0,14,0,0,0,0,0,0,0,0,11109
76828da6-06a0-420c-8ffe-62dce70cfa43,ROCK,16,0,0,0,0,2,1,0,0,51,0,0,0,0,0,0,1,0,0,0,0,1,12,0,0,244,0,0,0,135,0,0,0,0,0,0,0,6,0,0,0,0,1,0,3,0,11019,0,61,0,0,0,0,0,0,0,0,0,0,0,0,0,0,0,0,0,0,0,73,1,79,4,3,0,0,0,0,11,225,0,0,0,0,0,0,0,0,0,0,0,0,0,11763,0,126,0,0,0,0,0,0,0,0,0,0,0,0,2,0,138,0,0,0,0,9,1,46,0,2,0,0,0,0,0,85,0,0,0,0,0,0,0,0,47,0,1,0,0,11127
1c54f502-26b9-4997-a4ed-d70a34656af9,SCISSORS,19,0,0,0,0,0,0,0,0,15,0,0,0,0,0,0,0,0,0,0,0,0,45,2,3,76,3,0,0,45,0,0,0,0,0,0,0,0,0,0,0,0,0,0,0,0,11044,0,1,0,0,0,0,0,0,0,0,0,0,0,0,0,0,0,0,0,0,0,18,0,59,24,1,0,0,0,0,0,79,0,0,0,0,0,0,0,0,7,0,0,0,0,11777,0,9,0,0,0,1,0,0,6,0,0,0,0,0,0,0,64,0,0,0,0,8,0,36,2,4,0,0,0,0,0,34,0,0,0,0,24,0,0,0,0,0,0,1,0,11146
ccf2e313-4ff8-4ee6-bb74-8f0ef2b07fa6,ROCK,8,0,0,0,0,1,53,0,0,0,0,0,0,0,0,0,1,0,0,0,0,0,26,1,0,70,0,0,0,33,0,0,0,0,0,0,0,0,0,0,0,0,0,0,0,0,11057,0,3,0,0,0,0,0,0,0,0,0,0,0,0,0,0,0,0,0,0,0,74,0,23,1,0,0,0,0,0,0,81,0,0,0,0,0,0,0,3,0,0,0,0,0,11785,0,110,0,0,0,0,0,0,0,0,0,0,0,0,6,0,0,0,0,0,0,10,0,13,0,2,0,0,0,0,0,0,0,0,0,0,0,0,0,0,2,0,42,0,0,11168
0fb97803-9dc1-4be2-a992-88645e373de8,PAPER,7,0,0,0,0,0,0,0,0,0,0,0,0,0,0,0,0,0,0,0,0,0,11,0,0,137,5,0,0,115,0,0,0,0,0,0,0,0,0,0,0,21,0,0,0,0,11073,0,8,0,0,1,1,0,0,0,0,0,0,0,0,0,1,0,0,0,0,0,14,42,71,19,4,0,0,0,0,16,84,0,0,0,0,0,0,0,3,0,24,0,1,0,11824,0,135,0,0,0,0,0,0,0,0,0,0,0,0,0,0,0,0,0,0,0,70,1,73,4,2,4,0,0,0,0,0,0,0,0,0,0,0,0,0,0,0,0,0,0,11187
4ca8b21f-3147-4c83-b0da-13e153bcfffc,PAPER,13,0,0,0,0,0,0,0,0,0,0,0,0,0,0,0,0,0,0,0,15,0,60,2,1,54,1,0,0,44,0,0,0,0,0,0,0,27,0,0,0,0,0,13,0,0,11090,0,63,0,0,0,0,0,0,0,0,0,0,0,0,0,0,0,0,0,0,0,0,0,35,56,2,0,0,0,0,14,32,0,0,0,0,0,0,0,0,0,15,0,0,0,11837,0,136,0,0,0,0,0,0,0,0,0,0,0,0,0,0,0,0,0,0,0,11,0,63,4,3,0,0,0,0,0,0,0,0,0,0,0,0,0,0,0,0,0,0,0,11200
765d468f-3450-4587-b719-366097da0eb4,PAPER,19,0,0,0,0,0,0,0,0,0,0,0,0,0,0,38,0,0,0,0,0,0,23,0,2,129,0,0,0,29,0,0,0,0,0,0,0,0,0,0,0,1,0,2,0,0,11102,0,0,0,0,1,0,0,0,11,0,0,0,0,0,0,0,0,0,0,0,0,0,18,0,2,0,0,0,0,0,146,0,0,0,0,0,4,0,0,0,0,42,0,0,0,11844,0,145,0,0,0,0,0,0,0,0,0,0,0,0,0,0,0,0,0,0,0,0,0,22,0,1,0,0,0,0,0,0,0,0,0,0,56,0,0,0,0,0,0,0,0,11204
0857b7ba-9551-4caa-a690-28bdf27a3360,ROCK,6,0,0,0,0,0,0,0,0,49,0,0,0,2,0,0,1,0,0,0,0,0,60,3,49,62,1,0,0,187,0,0,0,0,0,0,0,37,0,0,6,0,0,0,1,0,11141,0,0,0,0,0,0,0,0,35,0,0,0,0,0,0,0,0,0,0,0,0,1,65,66,16,5,14,0,0,0,0,253,0,0,0,0,0,0,0,3,0,0,0,0,0,11877,0,314,0,0,0,0,0,0,0,0,0,0,0,0,5,0,0,0,0,0,0,14,1,46,1,5,0,0,0,0,0,0,0,0,0,0,39,0,0,0,30,0,3,0,0,11236
79b3cb73-28c5-44a9-97ce-b54c1b74a72a,ROCK,18,0,26,0,0,0,0,0,0,66,0,0,0,0,0,0,0,0,0,0,0,1,25,4,18,71,1,0,0,101,0,0,0,0,0,0,0,19,0,0,0,0,0,0,0,0,11170,0,0,0,0,0,0,0,0,0,0,0,0,0,0,0,0,10,0,0,0,0,2,107,70,32,2,0,0,0,0,0,109,0,0,0,0,0,0,0,0,0,0,0,0,0,11902,0,104,0,0,0,0,0,0,0,0,0,0,0,0,32,0,45,0,0,0,0,26,0,101,13,4,0,0,0,0,0,7,0,0,0,0,0,0,0,0,0,0,0,0,0,11282
db3d7631-3bef-4e1b-8066-25a1d7f791ed,SCISSORS,17,0,0,0,0,0,0,0,0,11,0,0,0,0,0,0,0,3,0,0,0,0,47,0,24,101,0,0,0,84,0,0,0,0,0,0,0,0,0,0,0,0,0,0,0,0,11185,0,0,0,0,0,0,0,0,0,0,0,0,0,0,3,0,0,0,0,0,0,0,30,3,23,0,0,0,0,0,0,182,0,0,0,0,0,0,0,0,29,0,0,0,0,11915,0,133,0,0,1,2,0,0,33,0,0,0,0,0,0,0,15,0,0,0,0,10,0,33,1,0,0,0,0,0,0,0,0,0,0,0,42,0,0,0,0,0,0,0,0,11296
c50a17c0-0560-4a34-9946-2ec7fc7c379b,SCISSORS,18,0,2,0,0,0,0,0,0,0,0,0,0,0,0,0,0,0,0,0,0,0,56,0,36,73,1,0,0,50,0,0,0,0,0,0,0,16,0,0,0,0,0,0,0,0,11200,0,0,0,0,0,0,0,0,0,0,0,0,0,0,0,0,0,0,0,0,0,1,13,35,6,2,0,0,0,0,0,156,0,0,0,0,0,0,0,0,2,0,19,0,0,11934,0,150,0,0,1,2,0,0,24,0,0,0,0,0,0,1,7,0,0,0,0,16,0,24,0,2,0,0,0,0,0,7,0,0,0,0,0,0,0,0,0,0,0,0,0,11314
a511c312-f283-4cb1-a684-09852d8d1f84,ROCK,15,0,0,0,0,1,1,0,0,1,0,0,0,1,0,0,2,0,0,0,0,143,20,1,0,193,0,2,0,128,0,0,0,0,0,0,0,0,0,0,0,3,3,0,0,0,11237,0,0,0,0,0,0,0,0,0,0,0,0,0,0,0,0,0,0,0,0,0,0,165,47,29,3,0,0,0,0,0,255,0,0,0,0,0,0,0,0,0,0,0,0,0,11953,0,18,0,0,0,0,0,0,0,0,0,0,0,0,6,0,52,0,0,0,0,21,2,39,0,2,0,0,0,0,0,222,0,0,0,0,32,0,0,0,102,0,3,0,0,11347
99a8eb78-493a-4f3a-979f-5b127780f9d1,ROCK,9,0,0,0,0,0,0,0,0,46,0,0,0,2,0,0,1,0,0,0,0,15,28,1,0,117,0,0,0,70,0,0,0,0,0,0,0,1,0,0,0,0,2,0,0,0,11255,0,0,0,0,0,0,0,0,0,0,0,0,0,0,0,0,0,0,0,0,0,1,24,64,63,2,0,0,0,0,0,129,0,0,0,0,0,0,0,0,0,0,0,0,0,11976,0,1,0,0,0,0,0,0,0,0,0,0,0,0,1,0,0,0,0,0,0,21,1,27,1,2,0,0,0,0,0,194,0,0,0,0,0,0,0,0,2,0,33,0,0,11368
697acc5a-8468-4fb3-8ab9-186791d5dcd1,SCISSORS,5,0,0,0,0,0,0,0,0,15,0,0,0,0,0,0,0,0,0,0,0,0,36,0,0,48,0,0,0,46,0,0,0,0,0,0,0,0,0,0,0,0,0,0,0,0,11258,0,0,0,0,0,0,0,0,0,0,0,0,0,0,17,0,0,0,0,0,0,0,12,27,11,0,0,0,0,0,0,77,0,0,0,0,0,0,0,0,0,0,1,0,0,11986,0,0,0,0,0,0,0,0,20,0,0,0,0,0,0,1,9,0,0,0,0,9,0,0,0,0,0,0,0,0,0,105,0,0,0,0,0,0,0,0,0,0,0,1,0,11375
46535a46-f540-446a-9b16-fea633332914,SCISSORS,11,0,0,0,0,0,0,0,0,0,0,0,0,0,0,0,0,0,0,0,0,0,78,2,18,43,0,0,0,61,0,0,0,0,0,0,0,76,0,0,0,0,0,0,0,0,11272,0,0,0,0,0,0,0,0,17,0,0,0,0,0,0,0,0,0,0,0,0,1,43,98,69,2,0,0,0,0,0,35,0,0,0,0,0,0,0,0,13,0,0,0,0,12016,0,0,0,0,1,1,0,0,19,0,0,0,1,0,0,1,28,0,0,0,0,0,0,81,9,3,0,0,0,0,0,133,0,0,0,0,0,0,0,0,0,0,0,1,0,11408
8f934238-5759-4b91-8bcc-52b96536cd4a,SCISSORS,9,0,0,0,0,0,0,0,0,0,0,0,0,0,0,0,0,0,0,0,0,0,91,0,14,92,0,0,0,75,0,0,0,0,0,0,0,0,0,0,0,0,0,0,0,0,11283,0,0,0,0,0,0,0,0,0,0,0,0,0,0,2,0,0,0,0,0,0,0,24,18,1,1,0,0,0,0,0,163,0,0,0,0,0,0,0,0,61,0,2,0,0,12033,0,0,0,0,1,1,0,0,60,0,0,0,1,0,0,3,12,0,0,0,0,10,0,9,0,1,0,0,0,0,0,125,0,0,0,0,49,0,0,0,0,0,0,0,0,11427
f2ccda8c-5870-4983-9796-d04f3e4b6fa6,ROCK,12,0,0,0,0,0,19,0,0,2,0,0,0,1,0,0,0,0,0,0,0,1,10,0,0,73,0,0,0,45,0,0,0,0,0,0,0,0,0,0,0,0,0,0,1,0,11298,0,0,0,0,0,0,0,0,0,0,0,0,0,0,0,0,0,0,0,0,0,42,10,19,3,0,0,0,0,0,23,55,0,0,0,0,0,0,0,0,0,0,0,0,0,12040,0,0,0,0,0,0,0,0,0,0,0,0,0,0,13,0,0,0,0,0,0,11,0,23,1,1,8,0,0,0,0,95,0,0,0,0,0,0,0,0,0,0,0,0,0,11434
44e49480-e312-4d19-ae31-bea83f5f7489,PAPER,7,0,0,0,0,0,0,0,0,0,0,0,0,0,0,1,0,0,0,0,0,0,17,0,6,101,0,0,0,57,0,0,0,0,0,0,0,1,0,0,0,0,0,25,0,0,11308,0,0,0,0,0,1,0,0,0,0,0,0,0,0,0,0,14,0,0,0,0,8,0,5,38,0,0,0,0,0,0,113,0,0,0,0,0,0,0,0,0,28,0,1,0,12049,0,45,0,0,0,0,0,0,0,0,0,0,0,0,0,0,0,0,0,0,0,8,0,34,1,2,0,0,0,0,0,118,0,0,0,0,0,0,0,0,0,0,0,0,0,11442
a13eaf5e-44f0-42f6-b3a0-04f147ef3755,ROCK,11,0,0,0,0,0,43,0,0,1,0,0,0,0,0,0,1,0,0,0,0,0,54,2,12,86,0,0,0,88,0,0,0,0,0,0,0,65,0,0,0,0,3,0,0,0,11331,0,0,0,0,0,0,0,0,0,0,0,0,0,0,0,0,21,0,0,0,0,0,87,98,94,8,0,0,0,0,0,47,0,0,0,0,0,0,0,0,0,0,0,0,0,12083,0,106,0,0,0,0,0,0,0,0,0,0,0,0,41,0,63,0,0,0,0,0,0,114,9,2,16,0,0,0,0,0,0,0,0,0,0,0,0,0,1,0,3,0,0,11477
6b9b737e-85bb-4cc1-b348-b6e1c7aab4b5,PAPER,11,0,0,0,0,0,0,0,0,0,0,0,0,0,0,0,0,0,0,0,0,0,11,1,30,72,0,0,0,50,0,0,0,0,0,0,0,0,0,0,0,8,0,0,0,0,11341,0,0,0,0,1,0,0,0,1,0,0,0,0,0,0,0,24,0,0,0,0,1,31,18,2,0,9,0,0,0,0,73,0,0,0,0,0,0,0,0,0,12,0,0,0,12097,0,91,0,0,0,0,0,0,0,0,0,0,0,0,0,0,0,0,0,0,0,33,1,29,0,2,16,0,0,0,0,0,0,0,0,0,0,0,0,0,0,0,0,0,0,11487
6effa9d9-9e13-4197-b6ef-fb5e894629cd,ROCK,20,0,0,0,0,0,0,0,0,43,0,0,0,0,0,0,0,0,0,0,0,1,34,3,0,42,0,0,0,51,0,0,0,0,0,0,0,0,0,0,0,0,0,0,0,0,11356,0,0,0,0,0,0,0,0,0,0,0,0,0,0,0,0,0,0,0,0,0,1,56,40,5,1,0,0,0,0,0,71,0,0,0,0,0,0,0,0,0,0,0,0,0,12109,0,101,0,0,0,0,0,0,0,0,0,0,0,0,1,0,0,0,0,0,0,35,0,8,1,0,0,0,0,0,0,0,0,0,0,0,1,0,0,0,1,0,26,0,0,11498
1038074c-4dae-4de7-97d5-a55e27864a92,PAPER,14,0,0,0,0,0,0,0,0,0,0,0,0,0,0,3,0,0,0,0,0,0,0,0,2,48,0,0,0,90,0,0,0,0,0,0,0,0,0,0,0,26,0,0,0,0,11371,0,0,0,0,1,0,0,0,1,0,0,0,0,0,0,0,0,0,0,0,0,0,15,0,0,0,0,0,0,0,13,125,0,0,0,0,0,0,0,0,0,13,0,1,0,12116,0,124,0,0,0,0,0,0,0,0,0,0,0,0,0,0,0,0,0,0,0,45,0,0,0,0,0,0,0,0,0,0,0,0,0,0,0,0,0,0,0,0,0,0,0,11500
12edbb2b-457f-4e34-93aa-e8eb16d4fd89,SCISSORS,13,0,0,0,0,0,0,0,0,0,0,0,0,0,0,0,0,0,0,0,0,0,62,0,9,10,2,0,0,58,0,0,0,0,0,0,0,0,0,0,0,15,0,0,0,0,11379,0,0,0,0,0,0,0,0,0,0,0,2,0,0,0,0,0,0,0,0,0,1,24,21,0,0,0,0,0,0,92,0,0,0,0,0,0,0,0,0,0,0,16,0,0,12122,0,98,0,0,0,0,0,0,18,0,0,0,2,0,0,2,0,0,0,0,0,15,0,0,0,0,0,0,0,0,0,20,0,0,0,0,0,0,0,0,0,0,0,1,0,11512
e9e88480-b64b-4e71-a7e7-54379ed8d0f4,SCISSORS,13,0,0,0,0,0,0,0,0,0,0,0,0,0,0,0,0,0,0,0,0,0,73,2,31,83,2,0,0,128,0,0,0,0,0,0,0,13,0,0,0,0,0,0,0,0,11401,0,0,0,0,0,0,0,0,33,0,0,0,0,0,5,0,0,0,0,0,0,1,42,59,32,3,0,0,0,0,157,0,0,0,0,0,0,0,0,0,0,0,0,0,0,12139,0,155,0,0,0,0,0,0,7,0,0,0,0,0,0,2,0,0,0,0,0,0,0,30,1,5,0,0,0,0,0,132,0,0,0,0,0,0,0,0,0,0,0,0,0,11532
fd53f896-de71-4e60-8874-7a09709e5013,ROCK,13,0,0,0,0,0,0,0,0,20,0,0,0,1,0,0,0,0,0,0,0,1,25,0,0,37,0,0,0,88,0,0,0,0,0,0,0,0,0,0,0,0,0,0,0,0,11411,0,0,0,0,0,0,0,0,0,0,0,0,0,0,0,0,0,0,0,0,0,27,39,0,32,0,0,0,0,0,71,3,0,0,0,0,0,0,0,0,0,0,0,0,0,12147,0,0,0,0,0,0,0,0,0,0,0,0,0,0,3,0,0,0,0,0,0,2,19,43,2,5,0,0,0,0,0,96,0,0,0,0,0,0,0,0,0,0,2,0,0,11549
415a2165-ac34-47e7-9486-f40fe35e8455,ROCK,9,0,0,0,0,0,2,0,0,45,0,0,0,0,0,0,1,0,0,0,0,0,0,0,0,153,0,0,0,138,0,0,0,0,0,0,0,0,0,0,0,0,1,0,0,0,11429,0,0,0,0,0,0,0,0,0,0,0,0,0,0,0,0,0,0,0,0,0,15,83,51,8,2,0,0,0,0,54,127,0,0,0,0,0,0,0,0,0,0,0,0,0,12168,0,0,0,0,0,0,0,0,0,0,0,0,0,0,0,0,79,0,0,0,0,0,14,41,2,2,0,0,0,0,0,129,0,0,0,0,23,0,0,0,49,0,1,0,0,11564
0380bad0-9e07-40f9-a543-2cbb68dd5e00,ROCK,6,0,0,0,0,0,0,0,0,30,0,0,0,1,0,0,1,0,0,0,0,0,23,3,0,13,0,0,0,69,0,0,0,0,0,0,0,3,0,0,0,0,1,0,0,0,11446,0,0,0,0,0,0,0,0,0,0,0,0,0,0,0,0,0,0,0,0,0,3,89,29,1,1,0,0,0,0,0,21,0,0,0,0,0,0,0,0,0,0,0,0,0,12179,0,1,0,0,0,0,0,0,0,0,0,0,0,0,18,0,0,0,0,0,0,12,1,34,2,1,0,0,0,0,0,50,0,0,0,0,0,0,0,0,24,0,1,0,0,11579
ab7b6f66-f4ef-49cb-b64b-6a34bcb2a5a4,ROCK,16,0,0,0,0,0,1,0,0,90,0,0,0,2,0,0,0,0,0,0,0,1,93,6,53,13,1,0,0,65,0,0,0,0,0,0,0,54,0,0,0,0,1,0,1,0,11487,0,0,0,0,0,0,0,0,0,0,0,0,0,0,0,0,0,0,0,0,0,1,137,100,36,5,0,0,0,0,3,99,0,0,0,0,0,0,0,0,0,0,0,0,0,12205,0,17,0,0,0,0,0,0,0,0,0,0,0,0,1,0,0,0,0,0,0,45,0,105,3,3,0,0,0,0,0,175,0,0,0,0,0,0,0,0,1,0,31,0,0,11601
5fea02c4-0009-49fe-8e0b-d760bc77a320,ROCK,14,0,0,0,0,8,5,0,0,4,0,0,0,3,0,0,3,0,0,0,0,264,16,1,0,89,0,0,0,75,0,0,0,0,0,0,0,2,0,0,0,0,4,0,4,0,11558,0,0,0,0,0,0,0,0,0,0,0,0,0,0,0,0,0,0,0,0,0,0,322,44,9,3,0,0,0,0,0,100,0,0,0,0,0,0,0,0,0,0,0,0,0,12219,0,65,0,0,0,0,0,0,0,0,0,0,0,0,200,0,0,0,0,0,0,34,1,13,2,0,0,0,0,0,0,149,0,0,0,0,0,0,0,0,9,0,5,0,0,11636
d55cb399-07e9-4ea6-9daa-afb381a7655b,SCISSORS,11,0,0,0,0,0,0,0,0,0,0,0,0,0,0,0,0,0,0,0,0,25,38,0,0,39,0,0,0,22,0,0,0,0,0,0,0,0,0,0,0,0,0,0,0,0,11561,0,0,0,0,0,0,0,0,0,0,0,0,0,0,0,0,0,0,0,0,0,0,21,3,22,2,0,0,0,0,0,62,0,0,0,0,0,0,0,0,0,0,14,0,0,12226,0,0,0,0,0,0,0,0,16,0,0,0,0,0,0,0,19,0,0,0,0,21,0,0,0,0,0,0,0,0,0,67,0,0,0,0,0,0,0,0,0,0,0,1,0,11641
3d4ba1f5-00a1-4a53-80e2-973922fe0191,SCISSORS,20,0,0,0,0,0,0,0,0,0,0,0,0,0,0,0,0,0,0,0,0,0,95,0,97,126,6,0,0,150,0,0,0,0,0,0,0,83,0,0,0,0,0,0,0,0,11603,0,0,0,0,0,0,0,0,6,0,0,0,0,0,50,0,0,0,0,0,0,21,19,128,20,5,70,0,0,0,3,228,0,0,0,0,0,0,0,3,4,0,0,0,0,12279,0,20,0,0,2,1,0,0,55,0,0,52,2,0,0,0,180,0,0,0,0,41,3,123,4,4,1,0,0,0,0,67,0,0,0,0,1,0,0,0,0,0,0,1,0,11695
cd88023e-a065-4ccf-8a47-cf5d65898e74,SCISSORS,13,0,0,0,0,0,0,0,0,0,0,0,68,0,0,0,0,0,0,0,0,0,65,0,12,15,1,0,0,93,0,0,0,0,0,0,0,0,0,0,0,0,0,0,0,0,11619,0,0,0,0,0,0,0,0,0,0,0,0,0,0,3,0,0,0,0,0,0,16,11,0,3,1,0,0,0,0,0,187,0,0,0,0,0,0,0,0,1,0,32,0,0,12290,0,0,0,0,1,0,0,0,37,0,0,0,0,0,0,0,200,0,0,0,0,14,2,0,0,0,0,0,0,0,0,0,0,0,0,0,0,0,0,0,0,0,0,0,0,11703
aff471e4-07db-4b05-b99b-ce1caa4dfbf8,SCISSORS,14,0,0,0,0,0,0,0,0,0,0,0,0,0,0,0,0,0,0,0,0,0,76,0,9,15,0,0,0,35,0,0,0,0,0,0,0,0,0,0,0,0,0,0,0,0,11624,0,0,0,0,0,0,0,0,0,0,0,0,0,0,0,0,0,0,0,0,0,31,0,1,36,0,0,0,0,0,0,51,0,0,0,0,0,0,0,0,16,0,0,0,0,12296,0,14,0,0,0,2,0,0,15,0,0,0,1,0,0,0,103,0,0,0,0,0,0,0,0,0,0,0,0,0,0,0,0,0,0,0,0,0,0,0,0,0,0,0,0,11710
78cc881a-ad1f-4e62-aef2-186ce1aaba4d,SCISSORS,9,0,0,0,0,0,0,0,0,0,0,0,0,0,0,0,0,0,0,0,0,0,67,0,21,90,2,0,0,93,0,0,0,0,0,0,0,0,0,0,0,0,0,0,0,0,11636,0,0,0,0,0,0,0,0,0,0,0,0,0,0,20,0,0,0,0,0,0,25,17,4,0,0,3,0,0,0,0,203,0,0,0,0,0,0,0,0,1,0,0,0,0,12308,0,222,0,0,3,0,0,0,30,0,0,0,0,0,0,2,14,0,0,0,0,0,0,0,0,0,0,0,0,0,0,0,0,0,0,0,0,0,0,0,0,0,0,2,0,11724
2f81c6a1-4501-4943-89fb-49aff75c0bfa,SCISSORS,11,0,0,0,0,0,0,0,0,0,0,0,0,0,0,0,0,0,0,0,0,0,75,1,27,11,1,0,0,50,0,0,0,0,0,0,0,0,0,0,0,0,0,0,0,0,11653,0,0,0,0,0,0,0,0,0,0,0,0,0,0,2,0,0,0,0,0,0,22,28,30,0,0,1,0,0,0,0,76,0,0,0,0,0,0,0,0,0,0,6,0,0,12314,0,70,0,0,0,0,0,0,11,0,0,0,0,0,0,0,84,0,0,0,0,0,0,0,0,0,0,0,0,0,0,0,0,0,0,0,0,0,0,0,0,0,0,0,0,11727
7d5ea346-d650-4290-9d1e-9b0b00c7b213,ROCK,9,0,0,0,0,0,0,0,0,51,0,0,0,0,0,0,0,0,0,0,0,1,54,3,30,149,1,0,0,119,0,0,0,0,0,0,0,0,0,0,0,0,0,0,3,0,11682,0,0,0,0,0,0,0,0,0,0,0,0,0,0,0,0,0,0,0,0,0,101,0,48,3,3,13,0,0,0,11,232,0,0,0,0,0,0,0,0,0,0,0,0,0,12335,0,269,0,0,0,0,0,0,0,0,0,0,0,0,0,0,43,0,0,0,0,25,1,33,1,1,0,0,0,0,0,0,0,0,0,0,2,0,0,0,1,0,35,0,0,11741
26e4b780-ad48-4652-be01-eceb8308dda1,SCISSORS,20,0,4,0,0,0,0,0,0,0,0,0,20,0,0,0,0,0,0,0,0,0,74,0,14,127,0,0,0,222,0,0,0,0,0,0,0,0,0,0,0,0,0,0,0,0,11700,0,0,0,0,0,0,0,0,0,0,0,0,0,0,1,0,0,0,0,0,0,48,0,5,89,2,7,0,0,0,0,301,0,0,0,0,0,0,0,0,5,0,3,0,0,12362,0,210,0,0,0,0,0,0,16,0,0,0,0,0,0,0,171,0,0,0,0,32,0,28,0,0,0,0,0,0,0,0,0,0,0,0,3,0,0,0,0,0,0,1,0,11750
2f05d823-c507-450f-bab2-a08bb7526c13,ROCK,20,0,0,0,0,1,1,0,0,43,0,0,0,1,0,0,1,0,0,0,0,0,43,0,0,168,0,0,0,147,0,0,0,0,0,0,0,9,0,0,0,3,0,0,0,0,11725,0,0,0,0,0,0,0,0,0,0,0,0,0,0,0,0,0,0,0,0,0,87,2,49,4,3,0,0,0,0,0,272,0,0,0,0,0,0,0,0,0,0,0,0,0,12379,0,193,0,0,0,0,0,0,0,0,0,0,0,0,1,0,132,0,0,0,0,16,0,33,1,1,0,0,0,0,0,0,0,0,0,0,9,0,0,0,30,0,1,0,0,11763
edfe3fc2-c7f8-4e72-94a4-c9e13f2eb555,ROCK,19,0,0,0,0,1,1,0,0,32,0,0,0,0,0,0,0,0,0,0,0,0,6,0,0,112,0,0,0,112,0,0,0,0,0,0,0,3,0,0,0,0,0,0,2,0,11746,0,0,0,0,0,0,0,0,0,0,0,0,0,0,0,0,0,0,0,0,0,60,2,14,2,2,0,0,0,0,0,186,0,0,0,0,0,0,0,3,0,0,0,0,0,12391,0,198,0,0,0,0,0,0,0,0,0,0,0,0,0,0,0,0,0,0,0,29,0,21,0,2,0,0,0,0,0,0,0,0,0,0,0,0,0,0,2,0,17,0,0,11775
ea47a9f8-ee1f-471f-8995-2f1a9502511b,ROCK,15,0,0,0,0,0,1,0,0,73,0,0,0,0,0,0,0,0,0,0,0,1,0,0,0,130,0,0,0,64,0,0,0,0,0,0,0,0,0,0,0,0,0,0,0,0,11756,0,0,0,0,0,0,0,0,0,0,0,0,0,0,0,0,0,0,0,0,0,76,1,0,0,0,0,0,0,0,0,192,0,0,0,0,0,0,0,0,0,0,0,0,0,12394,0,191,0,0,0,0,0,0,0,0,0,0,0,0,1,0,0,0,0,0,0,27,16,3,0,0,0,0,0,0,0,0,0,0,0,0,0,0,0,0,31,0,0,0,0,11785
2b2c2e67-e775-446b-b6a2-09b450b2c5c7,ROCK,20,0,1,0,0,0,0,0,0,48,0,0,0,0,0,0,1,0,0,0,0,1,0,0,0,66,0,0,0,49,0,0,0,0,0,0,0,0,0,0,0,0,1,0,0,0,11768,0,0,0,0,0,0,0,0,0,0,0,0,0,0,0,0,0,0,0,0,0,55,0,1,20,3,12,0,0,0,0,54,0,0,0,0,0,0,0,22,0,0,0,0,0,12407,0,75,0,0,0,0,0,0,0,0,0,0,0,0,0,0,0,0,0,0,0,18,16,36,1,4,0,0,0,0,0,0,0,0,0,0,0,0,0,0,0,0,17,0,0,11798
e50390a7-6de4-491d-a5d9-e63bb67fd298,ROCK,13,0,0,0,0,0,1,0,0,38,0,0,0,1,0,0,0,0,0,0,0,0,31,2,0,90,0,0,0,125,0,0,0,0,0,0,0,0,0,0,0,0,1,0,1,0,11789,0,0,0,0,0,0,0,0,0,0,0,0,0,0,0,0,0,0,0,0,0,65,0,54,2,1,0,0,0,0,0,111,0,0,0,0,0,0,0,57,0,0,0,0,0,12419,0,209,0,0,0,0,0,0,0,0,0,0,0,0,1,0,0,0,0,0,0,25,0,21,0,2,0,0,0,0,0,0,0,0,0,0,0,0,0,0,30,0,2,0,0,11816
d59605ba-f79c-4c4e-aece-514cc12daa3d,ROCK,20,0,0,0,0,1,39,0,0,20,0,0,0,2,0,0,1,0,0,0,0,0,46,3,34,124,2,0,0,69,0,0,0,0,0,0,0,7,0,0,0,0,1,0,0,0,11827,0,0,0,0,0,0,0,0,0,0,0,0,0,0,0,0,0,0,0,0,0,72,0,6,106,8,0,0,0,0,0,157,0,0,0,0,0,0,0,0,0,0,0,0,0,12452,0,147,0,0,0,0,0,0,0,0,0,0,0,0,0,0,0,0,0,0,0,27,0,23,1,1,0,0,0,0,0,67,0,0,0,0,42,0,0,0,1,0,40,0,0,11836
31d54900-8cd8-4b2e-aead-cb0b40e6e548,SCISSORS,13,0,32,0,0,0,0,0,0,0,0,0,3,0,0,0,0,0,0,0,0,0,71,2,28,103,2,0,0,158,0,0,0,0,0,0,0,0,0,0,0,0,0,0,0,0,11855,0,0,0,0,0,0,0,0,1,0,0,0,0,0,1,0,0,0,0,0,0,37,0,58,11,3,0,0,0,0,6,261,0,0,0,0,0,0,0,0,0,0,21,0,0,12483,0,104,0,0,0,1,0,0,25,0,0,0,0,0,0,0,0,0,0,0,0,19,0,20,1,0,4,0,0,0,0,186,0,0,0,0,39,0,0,0,0,0,0,0,0,11851
bde79571-ce14-401d-944a-46415acb8598,SCISSORS,11,0,2,0,0,0,0,0,0,0,0,0,0,0,0,0,0,0,0,0,0,0,110,4,10,203,0,0,0,174,0,0,0,0,0,0,0,0,0,0,0,0,0,0,0,0,11874,0,53,0,0,0,0,0,0,0,0,0,0,0,0,1,0,16,0,0,0,0,58,1,80,7,2,0,0,0,0,0,121,0,0,0,0,0,0,0,140,23,0,1,0,0,12518,0,0,0,0,0,0,0,0,27,0,0,0,0,0,0,1,204,0,0,0,0,0,0,34,1,3,0,0,0,0,0,208,0,0,0,0,24,0,0,0,0,0,0,1,0,11871
eecf09a6-af5a-4d56-8dd7-2b95aeff1d49,SCISSORS,8,0,0,0,0,0,0,0,0,0,0,0,0,0,0,0,0,0,0,0,0,0,39,2,42,481,58,0,0,247,0,0,0,0,0,0,0,30,0,0,1,4,0,0,0,0,11915,0,68,0,0,0,0,0,0,0,0,0,3,0,0,36,0,4,0,0,0,0,133,8,14,281,7,0,0,0,0,0,331,0,0,0,0,16,0,0,0,1,0,2,0,0,12625,0,240,0,0,1,1,0,0,41,0,0,0,0,0,0,1,98,0,0,0,0,16,0,208,6,10,0,0,0,0,0,217,0,0,0,0,64,0,0,0,0,0,0,1,0,11930
7fe1cdcd-357c-4ca2-994e-7d38646b32f4,SCISSORS,7,0,0,0,0,0,0,0,0,0,0,0,8,0,0,0,0,0,0,0,0,0,58,1,22,42,16,0,0,38,0,0,0,0,0,0,0,0,0,0,0,0,0,0,0,0,11924,0,3,0,0,0,0,0,0,0,0,0,0,0,0,3,0,0,0,0,0,0,30,0,38,1,5,0,0,0,0,0,75,0,0,0,0,0,0,0,0,30,0,0,0,0,12648,0,7,0,0,2,1,0,0,38,0,0,0,0,0,0,1,18,0,0,0,0,20,1,28,2,2,0,0,0,0,0,65,0,0,0,0,0,0,0,0,0,0,0,0,0,11954
39d79a02-55e7-43a3-9b3d-39bd1abee4bd,SCISSORS,15,0,0,0,0,0,0,0,0,0,0,0,1,0,0,0,0,0,0,0,0,0,101,1,10,1,0,0,0,32,0,0,0,0,0,0,0,0,0,0,0,0,0,0,0,0,11932,0,2,0,0,0,0,0,0,0,0,0,0,0,0,0,0,0,0,0,0,0,47,0,19,0,2,0,0,0,0,0,43,0,0,0,0,0,0,0,0,4,0,29,0,0,12663,0,0,0,0,1,3,0,0,46,0,0,0,0,0,0,1,18,0,0,0,0,0,0,0,0,0,0,0,0,0,0,76,0,0,0,0,0,0,0,0,0,0,0,1,0,11968
987a36c5-2b1e-41bf-942a-f040cd46b5e6,ROCK,7,0,0,0,0,1,0,0,0,64,0,0,0,0,0,0,0,0,0,0,0,2,17,0,0,66,0,0,0,21,0,0,0,0,0,0,0,0,0,0,0,0,0,0,0,0,11943,0,3,0,0,0,0,0,0,0,0,0,0,0,0,0,0,0,0,0,0,0,87,0,2,0,0,0,0,0,0,0,79,0,0,0,0,0,0,0,0,0,0,0,0,0,12668,0,80,0,0,0,0,0,0,0,0,0,0,0,0,0,0,18,0,0,0,0,23,2,4,0,0,0,0,0,0,0,0,0,0,0,0,0,0,0,0,42,0,2,0,0,11978
6c7c005d-c9dc-493f-8755-b303d5d73b6f,SCISSORS,18,0,0,0,0,0,0,0,0,0,0,0,0,0,0,0,0,0,0,0,0,0,158,1,166,170,8,0,0,176,0,0,0,0,0,0,0,18,0,0,0,0,0,0,0,0,11997,0,0,0,0,0,0,0,0,0,0,0,0,0,0,91,0,0,0,0,0,0,92,5,161,34,6,0,0,0,0,36,238,0,0,0,0,0,0,0,0,29,0,5,0,0,12755,0,156,0,0,2,4,0,0,104,0,0,0,2,0,0,0,16,0,0,0,0,80,5,117,6,9,0,0,0,0,0,132,0,0,0,0,61,0,0,0,0,0,0,3,0,12057
31dad316-92bc-4b0a-b5f0-a9d48c53cb99,ROCK,14,0,0,0,0,1,1,0,0,57,0,0,0,0,0,0,0,0,0,0,0,0,39,1,0,45,0,0,0,22,0,0,0,0,0,0,0,11,0,0,0,0,2,0,0,0,12013,0,0,0,0,0,0,0,0,0,0,0,0,0,0,0,0,0,0,0,0,0,89,0,3,22,1,0,0,0,0,0,64,0,0,0,0,0,0,0,0,0,0,0,0,0,12763,0,0,0,0,0,0,0,0,0,0,0,0,0,0,0,0,97,0,0,0,0,15,0,18,1,2,0,0,0,0,0,0,0,0,0,0,4,0,0,0,2,0,40,0,0,12071
276dac69-7cf6-44ad-8dc8-1979501d4985,SCISSORS,19,0,0,0,0,0,0,0,0,17,0,0,0,0,0,0,0,0,0,0,0,0,50,0,25,57,2,0,0,60,0,0,0,0,0,0,0,2,0,0,0,0,0,0,0,0,12029,0,0,0,0,0,0,0,0,0,0,0,0,0,0,1,0,26,0,0,0,0,32,3,1,62,1,0,0,0,0,0,55,0,0,0,0,0,0,0,0,1,0,31,0,0,12783,0,9,0,0,34,2,0,0,1,0,0,0,0,0,0,0,80,0,0,0,0,45,2,37,0,3,0,0,0,0,0,0,0,0,0,0,0,0,0,0,0,0,0,0,0,12091
8e9340be-cc98-4afa-93e4-d5a277337453,SCISSORS,14,0,0,0,0,0,0,0,0,0,0,0,0,0,0,0,0,0,0,0,0,0,40,0,19,107,0,0,0,79,0,0,0,0,0,0,0,0,0,0,0,0,0,0,0,0,12040,0,0,0,0,0,0,0,0,0,0,0,0,0,0,0,0,0,0,0,0,0,0,0,13,10,1,0,0,0,0,0,197,0,0,0,0,0,0,0,0,23,0,1,0,0,12792,0,221,0,0,0,0,0,0,7,0,0,0,0,0,0,0,0,0,0,0,0,0,0,0,0,0,0,0,0,0,0,17,0,0,0,0,0,0,0,0,0,0,0,0,0,12093
a47b5139-0fa8-437f-ba88-434ac17cccfe,ROCK,15,0,0,0,0,1,2,0,0,49,0,0,0,1,0,0,0,0,0,0,0,2,24,0,0,153,0,0,0,96,0,0,0,0,0,0,0,0,0,0,0,0,0,0,0,0,12060,0,22,0,0,0,0,0,0,1,0,0,0,0,0,0,0,33,0,0,0,0,58,0,67,12,2,0,0,0,0,11,80,0,0,0,0,0,0,0,18,24,0,0,0,0,12811,0,0,0,0,0,0,0,0,0,0,0,0,0,0,33,0,35,0,0,0,0,20,1,45,1,2,0,0,0,0,0,153,0,0,0,0,36,0,0,0,1,0,1,0,0,12111
3532d2d0-512d-4c0c-b1de-37a8b21b90a1,SCISSORS,10,0,0,0,0,0,0,0,0,0,0,0,0,0,0,0,0,0,0,0,0,0,48,1,14,365,1,0,0,213,0,0,0,0,0,0,0,0,0,0,0,0,0,0,0,0,12091,0,18,0,0,0,0,0,0,40,0,0,0,0,0,1,0,0,0,0,0,0,53,3,5,113,3,0,0,0,0,0,258,0,0,0,0,0,0,0,134,14,0,0,0,0,12865,0,81,0,0,1,0,0,0,19,0,0,0,0,0,0,1,64,0,0,0,0,15,0,84,4,3,0,0,0,0,0,337,0,0,0,0,32,0,0,0,0,0,0,1,0,12145
a48e4c8a-8808-4217-8c1a-46d901b02cf4,SCISSORS,8,0,0,0,0,0,0,0,0,0,0,0,0,0,0,0,0,0,0,0,0,0,8,0,0,78,0,0,0,23,0,0,0,0,0,0,0,0,0,0,0,0,0,0,0,0,12093,0,0,0,0,0,0,0,0,15,0,0,0,0,0,5,0,0,0,0,0,0,17,0,13,0,2,0,0,0,0,0,57,0,0,0,0,0,0,0,0,0,0,0,0,0,12876,0,101,0,0,0,1,0,0,7,0,0,0,0,0,0,0,0,0,0,0,0,0,0,0,0,0,0,0,0,0,0,0,0,0,0,0,0,0,0,0,0,0,0,0,0,12149
d2e0c909-3d79-44b6-ba62-2e02ef401ade,SCISSORS,14,0,0,0,0,0,0,0,0,0,0,0,0,0,0,0,0,0,0,0,0,0,43,4,11,41,1,0,0,27,0,0,0,0,0,0,0,0,0,0,0,0,0,0,0,0,12106,0,0,0,0,0,0,0,0,0,0,0,0,0,0,4,0,0,0,0,0,0,34,0,2,44,2,0,0,0,0,0,39,0,0,0,0,0,0,0,0,1,0,1,0,0,12893,0,55,0,0,0,0,0,0,13,0,0,0,0,0,0,0,37,0,0,0,0,16,0,5,0,0,0,0,0,0,0,0,0,0,0,0,0,0,0,0,0,0,0,1,0,12157
d1e0b7c0-a83f-44bc-89a4-ec6b3050f4ed,SCISSORS,7,0,0,0,0,0,0,0,0,0,0,0,0,0,0,0,0,0,0,0,0,0,46,1,5,180,0,0,0,124,0,0,0,0,0,0,0,0,0,0,0,0,0,0,0,0,12121,0,0,0,0,0,0,0,0,0,0,0,0,0,0,0,0,0,0,0,0,0,44,2,59,11,4,0,0,0,0,0,207,0,0,0,0,0,0,0,0,28,0,1,0,0,12927,0,103,0,0,0,0,0,0,30,0,0,0,3,0,0,0,9,0,0,0,0,1,0,51,11,2,0,0,0,0,0,71,0,0,0,0,74,0,0,0,0,0,0,1,0,12184
f4db82b6-b05c-4e7c-8b5b-f9b7e8a00d94,ROCK,7,0,0,0,0,0,0,0,0,20,0,0,0,0,0,0,0,0,0,0,0,0,32,3,100,120,3,0,0,139,0,0,0,0,0,0,0,0,0,0,0,0,0,0,0,0,12153,0,0,0,0,0,0,0,0,0,0,0,0,0,0,0,0,4,0,0,0,0,75,2,79,10,2,26,0,0,0,69,137,0,0,0,0,0,0,0,13,0,0,0,0,0,12955,0,61,0,0,0,0,0,0,0,0,0,0,0,0,0,0,41,0,0,0,0,12,1,81,4,2,14,0,0,0,0,116,0,0,0,0,79,0,0,0,5,0,1,0,0,12208
f8d60527-652e-445f-ad16-dae022f17ff6,ROCK,20,0,0,0,0,0,0,0,0,52,0,0,0,0,0,0,0,0,0,0,0,0,37,2,0,110,0,0,0,19,0,0,0,0,0,0,0,0,0,0,0,0,0,0,1,0,12164,0,0,0,0,0,0,0,0,0,0,0,0,0,0,0,0,0,0,0,0,0,68,2,3,55,1,0,0,0,0,0,92,0,0,0,0,0,0,0,0,0,0,0,0,0,12970,0,0,0,0,0,0,0,0,0,0,0,0,0,0,0,0,139,0,0,0,0,13,0,25,1,3,17,0,0,0,0,0,0,0,0,0,0,0,0,0,21,0,2,0,0,12224
2d132965-68a0-4291-b18b-f89deee298e3,PAPER,20,0,0,0,0,0,0,0,0,14,0,0,0,0,0,0,0,0,0,0,0,0,12,0,6,72,0,0,0,58,0,0,0,0,0,0,0,0,0,0,0,2,0,12,0,0,12176,0,0,0,0,1,0,0,0,0,0,0,0,0,0,0,0,0,0,0,0,0,12,0,0,0,0,0,0,0,0,11,138,0,0,0,0,0,0,0,0,0,14,0,0,0,12975,0,29,0,0,0,0,0,0,0,0,0,0,0,0,0,0,135,0,0,0,0,12,0,0,0,0,0,0,0,0,0,0,0,0,0,0,0,0,0,0,0,0,0,0,0,12226
88e6de59-354c-4ea5-a4eb-a77ac97807ba,ROCK,12,0,0,0,0,1,0,0,0,46,0,0,0,2,0,0,0,0,0,0,0,1,14,0,0,85,0,0,0,59,0,0,0,0,0,0,0,0,0,0,18,0,1,0,0,0,12194,0,0,0,0,0,0,0,0,0,0,0,0,0,0,0,0,0,0,0,0,0,66,1,36,11,2,0,0,0,0,76,35,0,0,0,0,0,0,0,0,0,0,0,0,0,12993,0,101,0,0,0,0,0,0,0,0,0,0,0,0,2,0,20,0,0,0,0,17,1,42,1,2,0,0,0,0,0,12,0,0,0,0,3,0,0,0,2,0,24,0,0,12250
a8ca7e84-ca83-4cf7-9bb1-ff5c216c9f2c,SCISSORS,20,0,0,0,0,0,0,0,0,14,0,0,0,0,0,0,0,0,0,0,0,0,57,0,92,267,4,0,0,137,0,0,0,0,0,0,0,0,0,0,0,0,0,0,0,0,12221,0,0,0,0,0,0,0,0,0,0,0,0,0,0,3,0,0,0,0,0,0,30,1,58,4,3,0,0,0,0,113,326,0,0,0,0,0,0,0,0,1,0,32,0,0,13021,0,499,0,0,0,1,0,0,37,0,0,0,0,0,0,1,0,0,0,0,0,28,3,0,0,0,0,0,0,0,0,0,0,0,0,0,0,0,0,0,0,0,0,2,0,12267
7e744e09-e535-40f6-86f3-a089d8fc2e4d,SCISSORS,17,0,0,0,0,0,0,0,0,0,0,0,0,0,0,0,0,0,0,0,0,0,13,0,0,63,0,0,0,37,0,0,0,0,0,0,0,0,0,0,0,0,0,0,0,0,12223,0,0,0,0,0,0,0,0,0,0,0,0,0,0,28,0,0,0,0,0,0,25,0,0,4,0,0,0,0,0,0,53,0,0,0,0,0,0,0,0,0,0,3,0,0,13032,0,75,0,0,2,0,0,0,35,0,0,0,0,0,0,1,0,0,0,0,0,0,0,0,0,0,0,0,0,0,0,0,0,0,0,0,0,0,0,0,0,0,0,0,0,12275
2f5a7310-0e69-426c-815c-ec1afac9630f,SCISSORS,5,0,0,0,0,0,0,0,0,0,0,0,3,0,0,0,0,0,0,0,0,0,70,0,38,136,1,0,0,78,0,0,0,0,0,0,0,0,0,0,0,0,0,0,0,0,12240,0,0,0,0,0,0,0,0,0,0,0,0,0,0,5,0,0,0,0,0,0,12,16,14,41,5,0,0,0,0,0,186,0,0,0,0,0,0,0,0,47,0,0,0,0,13061,0,201,0,0,2,1,0,0,48,0,0,0,1,0,0,1,0,0,0,0,0,6,33,32,0,1,0,0,0,0,0,0,0,0,0,0,0,0,0,0,0,0,0,0,0,12303
c7ab7c4d-0325-4755-a0db-739d752e2837,SCISSORS,12,0,0,0,0,0,0,0,0,0,0,0,0,0,0,0,0,0,0,0,0,0,80,0,32,3,2,0,0,49,0,0,0,0,0,0,0,8,0,0,0,0,0,0,0,0,12252,0,0,0,0,0,0,0,0,0,0,0,0,0,0,0,0,0,0,0,0,0,18,20,1,15,0,0,0,0,0,0,83,0,0,0,0,0,0,0,0,3,0,34,0,0,13074,0,72,0,0,0,0,0,0,42,0,0,0,0,0,0,0,0,0,0,0,0,5,40,12,1,0,0,0,0,0,0,0,0,0,0,0,0,0,0,0,0,0,0,2,0,12324
89b849e9-6455-4995-a821-a425209694c8,PAPER,9,0,0,0,0,0,0,0,0,0,0,0,9,0,0,14,0,0,0,0,0,0,51,1,14,81,1,0,0,124,0,0,0,0,0,0,0,0,0,0,0,7,0,1,0,0,12273,0,0,0,0,0,1,0,0,34,0,0,0,0,0,0,0,5,0,0,0,0,73,3,51,2,4,0,0,0,0,61,68,0,0,0,0,0,0,0,0,0,1,0,0,0,13097,0,118,0,0,0,0,0,0,0,0,0,0,0,0,0,0,82,0,0,0,0,0,50,51,1,1,0,0,0,0,0,0,0,0,0,0,0,0,0,0,0,0,0,0,0,12333
83b6f164-4236-4009-9586-0e9c36d1ad2e,SCISSORS,20,0,0,0,0,0,0,0,0,0,0,0,0,0,0,0,0,0,0,0,0,0,57,0,0,29,0,0,0,32,0,0,0,0,0,0,0,0,0,0,0,0,0,0,0,0,12276,0,0,0,0,0,0,0,0,37,0,0,0,0,0,12,0,0,0,0,0,0,26,1,15,1,0,0,0,0,0,0,26,0,0,0,0,0,0,0,0,0,0,0,0,0,13106,0,84,0,0,1,0,0,0,16,0,0,0,0,0,0,0,0,0,0,0,0,0,17,0,0,0,0,0,0,0,0,0,0,0,0,0,0,0,0,0,0,0,0,0,0,12337
bf8dae80-735f-4825-8076-54da923cf89e,ROCK,15,0,0,0,0,1,3,0,0,1,0,0,0,0,0,0,1,0,0,0,0,55,19,0,0,54,0,0,0,51,0,0,0,0,0,0,0,0,0,0,0,0,0,0,2,0,12296,0,0,0,0,0,0,0,0,0,0,0,0,0,0,0,0,0,0,0,0,0,98,1,35,1,1,0,0,0,0,51,0,0,0,0,0,0,0,0,0,0,0,0,0,0,13113,0,126,0,0,0,0,0,0,0,0,0,0,0,0,18,0,0,0,0,0,0,20,0,20,1,0,0,0,0,0,0,0,0,0,0,0,0,0,0,0,1,0,1,0,0,12347
24075c2c-3f16-4992-bdc2-d3bb1159322b,SCISSORS,10,0,0,0,0,0,0,0,0,0,0,0,0,0,0,0,0,0,0,0,0,24,14,0,10,122,0,0,0,60,0,0,0,0,0,0,0,0,0,0,0,0,0,0,0,0,12306,0,0,0,0,0,0,0,0,0,0,0,0,0,0,2,0,0,0,0,0,0,38,0,18,6,1,0,0,0,0,138,0,0,0,0,0,0,0,0,0,26,0,1,0,0,13125,0,97,0,0,0,0,0,0,38,0,0,0,0,0,0,1,14,0,0,0,0,21,14,13,0,0,0,0,0,0,0,4,0,0,0,0,28,0,0,0,0,0,0,0,0,12360
b42b47e3-8760-4a57-bad6-e2fa4fa65cb0,SCISSORS,11,0,0,0,0,0,0,0,0,0,0,0,0,0,0,0,0,0,0,0,0,0,115,0,41,137,2,0,0,87,0,0,0,0,0,0,0,0,0,0,0,0,0,0,0,0,12325,0,3,0,0,0,0,0,0,17,0,0,0,0,0,0,0,0,0,0,0,0,53,1,31,22,3,0,0,0,0,107,71,0,0,0,0,0,0,0,0,2,0,72,0,0,13152,0,9,0,0,1,2,0,0,74,0,0,0,1,0,0,1,202,0,0,0,0,3,37,49,1,2,0,0,0,0,0,0,0,0,0,0,0,0,0,0,0,0,0,0,0,12388
9c58f4ac-a034-415a-b08f-3c4f88ae3ada,SCISSORS,17,0,0,0,0,0,0,0,0,0,0,0,0,0,0,0,0,0,0,0,0,0,71,0,13,6,2,0,0,33,0,0,0,0,0,0,0,0,0,0,0,0,0,0,0,0,12339,0,0,0,0,0,0,0,0,0,0,0,0,0,0,15,0,0,0,0,0,0,38,0,16,3,0,0,0,0,0,52,0,0,0,0,0,0,0,0,0,0,0,1,0,0,13159,0,0,0,0,2,1,0,0,22,0,0,0,0,0,0,0,86,0,0,0,0,0,0,0,0,0,0,0,0,0,0,14,0,0,0,0,0,0,0,0,0,0,0,0,0,12395
9dd38b8b-2858-4cf7-a727-a35c55d906c6,SCISSORS,9,0,0,0,0,0,0,0,0,0,0,0,0,0,0,0,0,0,0,0,0,0,35,2,29,199,0,0,0,181,0,0,0,0,0,5,0,0,0,0,0,0,0,0,0,0,12365,0,6,0,0,0,0,0,0,0,0,0,0,0,0,2,0,0,0,0,0,0,62,3,100,8,3,0,0,0,0,128,103,0,0,0,0,0,0,0,0,35,0,1,0,0,13197,0,233,0,0,0,0,0,0,36,0,0,0,1,0,0,1,16,0,0,0,0,0,0,53,1,3,0,0,0,0,0,106,0,0,0,0,0,0,0,0,0,0,0,1,0,12416
aa9e0229-0ad2-45f1-bd61-772729308bd8,SCISSORS,16,0,0,0,0,0,0,0,0,0,0,0,0,0,0,0,0,3,0,0,0,0,22,0,0,31,0,0,0,52,0,0,0,0,0,0,0,0,0,0,24,0,0,0,0,0,12372,0,0,0,0,0,0,0,0,0,0,0,0,0,0,7,0,0,0,0,0,0,21,0,2,0,0,0,0,0,0,0,101,0,0,0,0,0,0,0,0,1,0,0,0,0,13203,0,111,0,0,0,0,0,0,11,0,0,0,0,0,0,0,0,0,0,0,0,0,0,0,0,0,0,0,0,0,0,9,0,0,0,0,0,0,0,0,0,0,0,1,0,12419
aa7098a6-40b7-45cb-80ac-de2fe7897a8d,PAPER,5,0,0,0,0,0,0,0,0,0,0,0,3,0,0,35,0,0,0,0,0,0,16,1,1,84,0,0,0,84,0,0,0,0,0,0,0,0,0,0,0,0,0,0,0,0,12380,0,0,0,0,0,0,0,0,0,0,0,0,1,0,0,1,0,0,0,0,0,5,0,24,7,2,30,0,0,0,0,129,0,0,0,0,0,0,0,0,0,24,0,1,0,13224,0,0,0,0,0,0,0,0,0,0,0,0,0,0,0,0,0,0,0,0,0,0,0,82,3,5,0,0,0,0,0,134,0,0,0,0,0,0,0,0,0,0,0,0,0,12434
0c5a9221-139a-427c-b5d5-be82f39ed1cf,SCISSORS,17,0,0,0,0,0,0,0,0,0,0,0,0,0,0,12,0,0,0,0,0,0,65,1,0,55,0,0,0,39,0,0,0,0,0,0,0,27,0,0,0,0,0,0,0,0,12387,0,0,0,0,0,0,0,0,0,0,0,0,0,0,8,0,0,0,0,0,0,31,1,25,10,3,0,0,0,0,0,121,0,0,0,0,0,0,0,0,0,0,0,0,0,13236,0,23,0,0,1,1,0,0,23,0,0,0,0,0,0,1,0,0,0,0,0,0,0,12,0,0,0,0,0,0,0,137,0,0,0,0,0,0,0,0,0,0,0,1,0,12445
2ea7bb6c-af17-419b-a599-64bc9f1407da,ROCK,16,0,0,0,0,2,1,0,0,50,0,0,0,0,0,0,0,0,0,0,0,1,20,0,0,55,0,0,0,49,0,0,0,0,0,0,0,0,0,0,0,0,0,0,0,0,12401,0,0,0,0,0,0,0,0,0,0,0,0,0,0,0,0,0,0,0,0,0,78,0,21,1,0,0,0,0,0,0,78,0,0,0,0,0,0,0,0,0,0,0,0,0,13241,0,122,0,0,0,0,0,0,0,0,0,0,0,0,2,0,0,0,0,0,0,1,20,3,0,0,0,0,0,0,0,0,0,0,0,0,0,0,0,0,28,0,2,0,0,12457
f683d05e-94a9-445e-b228-48e913dd2dee,ROCK,14,0,0,0,0,1,2,0,0,2,0,0,0,3,0,0,2,0,0,0,0,124,0,0,0,48,0,0,0,28,0,0,0,0,0,0,0,0,0,0,0,0,3,0,2,0,12432,0,0,0,0,0,0,0,0,0,0,0,0,0,0,0,0,0,0,0,0,0,17,145,19,6,0,0,0,0,0,0,28,0,0,0,0,0,0,0,0,0,0,0,0,0,13247,0,50,0,0,0,0,0,0,0,0,0,0,0,0,3,0,0,0,0,0,0,1,55,10,0,2,0,0,0,0,0,0,0,0,0,0,0,0,0,0,4,0,90,0,0,12482
295e185a-0673-420b-8e15-ddd6e19c7a5d,ROCK,10,0,0,0,0,2,1,0,0,53,0,0,11,0,0,0,0,0,0,0,0,26,75,4,64,388,2,0,0,400,0,2,0,0,0,0,0,0,0,0,0,1,0,0,0,0,12501,0,0,0,0,0,0,0,0,21,0,0,0,0,0,0,0,4,0,0,0,0,24,27,157,146,9,0,0,0,0,106,532,0,0,0,0,0,0,0,3,0,0,0,0,0,13313,0,365,0,0,0,0,0,0,0,0,0,3,0,0,34,0,160,0,0,0,0,0,50,116,3,8,0,0,0,0,4,209,0,0,0,0,76,0,0,0,0,0,1,0,0,12528
17bb7ded-5232-4002-8563-ff61ee5b407d,ROCK,8,0,0,0,0,0,0,0,0,47,0,0,0,1,0,0,1,0,0,0,0,1,0,0,0,146,0,0,0,98,0,0,0,0,0,0,0,0,0,0,0,5,1,0,0,0,12520,0,0,0,0,0,0,0,0,0,0,0,0,0,0,0,0,0,0,0,0,0,59,0,14,30,0,0,0,0,0,0,152,0,0,0,0,0,0,0,45,0,0,0,0,0,13325,0,107,0,0,0,0,0,0,0,0,0,0,0,0,24,0,98,0,0,0,0,1,50,17,0,2,0,0,0,0,0,0,0,0,0,0,0,0,0,0,0,0,1,0,0,12542
438d724e-ded9-471f-bbe1-608ec919269d,SCISSORS,13,0,0,0,0,0,0,0,0,0,0,0,0,0,0,0,0,0,0,0,0,0,53,0,40,0,3,0,0,116,0,0,0,0,0,0,0,0,0,0,0,0,0,0,0,0,12528,0,0,0,0,0,0,0,0,0,0,0,0,0,0,19,0,0,0,0,0,0,46,0,7,8,0,0,0,0,0,0,130,0,0,0,0,0,0,0,0,1,0,1,0,0,13334,0,137,0,0,1,2,0,0,28,0,0,0,0,0,0,0,0,0,0,0,0,0,29,0,0,0,0,0,0,0,0,15,0,0,0,0,0,0,0,0,0,0,0,0,0,12551
6c9f6a32-3a02-4435-82c4-caa73c4f55a0,SCISSORS,18,0,0,0,0,0,0,0,0,0,0,0,0,0,0,0,0,0,0,0,0,0,17,0,0,120,0,0,0,97,0,0,24,0,0,0,0,0,0,0,0,0,0,0,0,0,12534,0,0,0,0,0,0,0,0,0,0,0,0,0,0,2,0,0,0,0,0,0,41,0,0,12,0,0,0,0,0,0,184,0,0,0,0,0,0,0,0,18,0,1,0,0,13343,0,0,0,0,5,0,0,0,18,0,0,0,0,0,0,1,20,0,0,0,0,0,0,0,0,0,0,0,0,0,0,213,0,0,0,0,0,0,0,0,0,0,0,1,0,12566
d48783c9-a28b-4694-bba0-fa74fe8a097d,ROCK,5,0,0,0,0,0,1,0,0,2,0,0,0,0,0,0,3,0,0,0,0,80,0,0,0,72,0,0,0,23,0,0,0,0,0,0,0,0,0,0,0,0,0,0,0,0,12550,0,0,0,0,0,0,0,0,0,0,0,0,0,0,0,0,0,0,0,0,0,18,0,18,89,1,0,0,0,0,0,55,0,0,0,0,0,0,0,0,0,0,0,0,0,13351,0,0,0,0,0,0,0,0,0,0,0,0,0,0,4,0,20,0,0,0,0,25,1,1,0,0,0,0,0,0,0,74,0,0,0,0,0,0,0,0,53,0,3,0,0,12585
63bdfe15-6806-4fa0-9c47-59b3063fa158,SCISSORS,13,0,0,0,0,0,0,0,0,0,0,0,0,0,0,0,0,0,0,0,0,29,156,3,14,33,0,0,0,26,0,0,0,0,0,0,0,0,0,0,0,0,0,0,0,0,12564,0,0,0,0,0,0,0,0,0,0,0,0,0,0,2,0,20,0,0,0,0,47,3,4,112,5,0,0,0,0,0,4,0,0,0,0,0,0,0,0,5,0,59,0,0,13391,0,2,0,0,3,3,0,0,80,0,0,0,2,0,0,4,0,0,0,0,0,24,17,15,1,1,0,0,0,0,0,106,0,0,0,0,0,0,0,0,0,0,0,3,0,12621
d08a4395-8b99-4e43-ad51-8cee067862fc,SCISSORS,13,0,0,0,0,0,0,0,0,0,0,0,0,0,0,0,0,3,0,0,0,0,83,0,24,2,0,0,0,57,0,0,0,0,0,0,0,0,0,0,0,0,0,0,0,0,12573,0,28,0,0,0,0,0,0,0,0,0,0,0,0,39,0,1,0,0,0,0,38,0,3,1,1,0,0,0,0,0,36,0,0,0,0,0,0,0,20,1,0,1,0,0,13405,0,7,0,0,4,1,0,0,40,0,0,0,1,0,0,1,0,0,0,0,0,18,2,0,0,0,0,0,0,0,0,95,0,0,0,0,0,0,0,0,0,0,0,0,0,12642
f1abddb3-9595-4458-8a5c-e899496e6fa4,ROCK,10,0,0,0,0,0,36,0,0,0,0,0,12,0,0,0,0,0,0,0,0,2,84,6,0,90,0,0,0,110,0,2,0,0,0,0,0,0,0,0,0,0,0,0,0,0,12600,0,0,0,0,0,0,0,0,0,0,0,0,0,0,0,0,0,0,0,0,0,74,0,117,15,4,0,0,0,0,0,129,0,0,0,0,0,0,0,3,0,0,0,0,0,13426,0,0,0,0,0,0,0,0,0,0,0,0,0,0,29,0,17,0,0,0,0,1,21,28,3,1,0,0,0,0,0,238,0,0,0,0,0,0,0,0,2,0,2,0,0,12662
d6107779-75b9-48c6-a93c-30586f5c050f,SCISSORS,18,0,0,0,0,0,0,0,0,0,0,0,0,0,0,0,0,0,0,0,0,0,48,1,0,26,0,0,0,78,0,0,0,0,0,0,0,0,0,0,0,0,0,0,0,0,12603,0,0,0,0,0,0,0,0,0,0,0,0,0,0,0,0,0,0,0,0,0,18,20,3,31,2,0,0,0,0,0,71,0,0,0,0,0,0,0,0,8,0,0,0,0,13439,0,0,0,0,0,1,0,0,10,0,0,0,0,0,0,0,17,0,0,0,0,0,18,0,0,0,0,0,0,0,0,107,0,0,0,0,0,0,0,0,0,0,0,0,0,12666
6172625c-721e-414b-ad96-e86c6ff5bfa8,ROCK,11,0,0,0,0,0,1,0,0,35,0,0,0,0,0,0,0,0,0,0,0,0,17,0,0,91,0,0,0,74,0,0,0,0,0,0,0,0,0,0,0,0,0,0,0,0,12612,0,0,0,0,0,0,0,0,0,0,0,0,0,0,0,0,0,0,0,0,0,1,70,0,3,0,0,0,0,0,0,144,0,0,0,0,0,0,0,0,0,0,0,0,0,13444,0,2,0,0,0,0,0,0,0,0,0,0,0,0,13,0,19,0,0,0,0,21,0,17,1,3,0,0,0,0,0,140,0,0,0,0,0,0,0,0,0,0,2,0,0,12682
5ac4bdab-1b20-4341-b24f-b61ca2daefe9,ROCK,13,0,0,0,0,2,2,0,0,1,0,0,0,1,0,0,2,0,0,0,0,138,0,0,0,86,0,0,0,58,0,0,0,0,0,0,0,0,0,0,0,0,0,0,1,0,12634,0,0,0,0,0,0,0,0,3,0,0,0,0,0,0,0,0,0,0,0,0,150,15,50,13,0,0,0,0,0,0,56,0,0,0,0,0,0,0,4,0,0,0,0,0,13460,0,0,0,0,0,0,0,0,0,0,0,0,0,0,54,0,0,0,0,0,0,16,82,16,0,0,0,0,0,0,0,113,0,0,0,0,9,0,0,0,0,0,1,0,0,12691
f577d430-16dd-4d36-85bb-28a554f18c9e,ROCK,11,0,0,0,0,0,2,0,0,49,0,0,45,1,0,0,0,0,0,0,0,19,3,0,0,107,0,0,0,22,0,0,0,0,0,0,0,0,0,0,0,0,0,0,0,0,12647,0,0,0,0,0,0,0,0,0,0,0,0,0,0,0,0,0,0,0,0,0,72,3,2,47,3,0,0,0,0,0,121,0,0,0,0,0,0,0,0,0,0,0,0,0,13474,0,0,0,0,0,0,0,0,0,0,0,0,0,0,2,0,0,0,0,0,0,14,19,7,0,1,0,0,0,0,0,169,0,0,0,0,0,0,0,0,34,0,2,0,0,12705
16b78139-86d6-4e9c-9685-bf94b2dfcb50,ROCK,10,0,0,0,0,0,0,0,0,54,0,0,51,0,0,0,0,0,0,0,0,0,102,4,39,312,0,0,0,482,0,0,0,0,0,0,0,0,0,0,1,0,1,0,0,0,12700,0,42,0,0,0,0,0,0,20,0,0,0,0,0,0,0,0,0,0,0,0,15,102,215,118,9,0,0,0,0,152,239,0,0,0,0,0,0,0,134,0,0,0,0,0,13547,0,107,0,0,0,0,0,0,0,0,0,0,0,0,1,0,166,0,0,0,0,35,0,205,10,8,28,0,0,0,0,361,0,0,45,0,64,0,0,0,0,0,16,0,0,12768
3b0bff69-0435-47a6-8413-8c94f6af92cf,SCISSORS,12,0,0,0,0,0,0,0,0,0,0,0,0,0,0,0,0,0,0,0,0,0,72,0,35,83,0,0,0,122,0,0,0,0,0,0,0,0,0,0,0,0,0,0,0,0,12711,0,0,0,0,0,0,0,0,28,0,0,0,0,0,1,0,0,0,0,0,0,0,54,5,18,0,0,0,0,0,0,168,0,0,0,0,0,0,0,0,35,0,3,0,0,13559,0,12,0,0,3,0,0,0,55,0,0,0,1,0,0,0,0,0,0,0,0,50,2,10,0,0,0,0,0,0,0,178,0,0,0,0,0,0,0,0,0,0,0,1,0,12788
2c68d9b8-753f-4834-96cd-0a409ac3c410,ROCK,13,0,0,0,0,0,2,0,0,46,0,0,1,1,0,0,0,0,0,0,0,0,44,4,23,0,0,0,0,44,0,0,0,0,0,0,0,85,0,0,0,0,0,0,0,0,12726,0,3,0,0,0,0,0,0,0,0,0,0,0,0,0,0,0,0,0,0,0,0,75,5,95,2,0,0,0,0,11,59,0,0,0,0,0,0,0,0,0,0,0,0,0,13581,0,5,0,0,0,0,0,0,0,0,0,0,0,0,0,0,0,0,0,0,0,14,0,12,1,0,0,0,0,0,0,188,0,0,0,0,0,0,0,0,3,0,27,0,0,12800
39babcc9-1182-46d3-a178-ac3a70ed9557,PAPER,20,0,11,0,0,0,0,0,0,25,0,0,96,0,0,1,0,0,0,0,0,0,86,0,44,165,1,0,0,259,0,0,0,0,0,0,0,0,0,0,0,1,0,22,0,0,12764,0,2,0,0,0,2,0,0,13,0,0,0,0,0,0,0,18,0,0,0,0,4,105,201,62,7,0,0,0,0,15,181,0,0,0,0,0,0,0,76,0,25,0,0,0,13657,0,126,0,0,0,0,0,0,0,0,0,3,0,0,0,0,25,0,0,13,0,88,0,146,10,3,0,0,0,0,0,282,0,0,0,0,15,0,0,0,0,0,0,0,0,12842
0758b991-74ee-4dc4-8f1f-b314019581d3,ROCK,18,0,0,0,0,0,1,0,0,28,0,0,21,0,0,0,0,0,0,0,0,0,0,0,0,62,0,0,0,48,0,0,0,0,0,0,0,0,0,0,0,0,0,0,0,0,12771,0,0,0,0,0,0,0,0,0,0,0,0,0,0,0,0,28,0,0,0,0,1,47,10,7,0,0,0,0,0,0,60,0,0,0,0,0,0,0,7,0,0,0,0,0,13663,0,0,0,0,0,0,0,0,0,0,0,0,0,0,2,0,0,0,0,0,0,21,0,29,0,1,0,0,0,0,0,78,0,0,0,0,0,0,0,0,29,0,0,0,0,12851
add66db5-7809-43a4-b6e5-7a12d8c6c7df,SCISSORS,14,0,0,0,0,0,0,0,0,0,0,0,0,0,0,0,0,0,0,0,0,0,91,4,16,91,1,0,0,149,0,0,0,0,0,0,0,0,0,0,0,3,0,0,0,0,12794,0,0,0,0,0,0,0,0,25,0,0,0,0,0,2,0,3,0,0,0,0,0,43,22,2,2,0,0,0,0,0,163,0,0,0,0,0,0,0,49,41,0,3,0,0,13688,0,38,0,0,0,0,0,0,55,0,0,0,2,0,0,1,1,0,0,0,0,22,2,6,1,0,0,0,0,0,0,210,0,0,0,0,0,0,0,0,16,0,0,1,0,12875
bcb58006-319a-4e5c-a231-813bfc3f0f1f,SCISSORS,17,0,0,0,0,0,0,0,0,0,0,0,0,0,0,0,0,0,0,0,0,0,73,1,0,61,0,0,0,91,0,0,0,0,0,0,0,0,0,0,0,0,0,0,0,0,12802,0,0,0,0,0,0,0,0,0,0,0,0,0,0,1,0,0,0,0,0,0,0,38,22,0,1,0,0,0,0,0,144,0,0,0,0,0,0,0,0,2,0,18,0,0,13699,0,10,0,0,1,1,0,0,26,0,0,0,0,0,0,1,0,0,0,0,0,0,0,0,0,0,0,0,0,0,0,186,0,0,0,0,0,0,0,0,0,0,0,1,0,12883
8aa2a2d8-d0eb-4f7d-8fc1-2f81c6033703,SCISSORS,15,0,0,0,0,0,0,0,0,0,0,0,38,0,0,0,0,0,0,0,0,0,73,2,0,0,0,0,0,44,0,0,0,0,0,0,0,0,0,0,0,0,0,0,0,0,12809,0,0,0,0,0,0,0,0,0,0,0,0,0,0,6,0,0,0,0,0,0,0,13,36,19,2,0,0,0,0,0,81,0,0,0,0,0,0,0,0,0,0,0,0,0,13709,0,16,0,0,0,1,0,0,7,0,0,0,0,0,0,0,0,0,0,0,0,0,0,0,0,0,0,0,0,0,0,133,0,0,0,0,0,0,0,0,0,0,0,0,0,12887
8480c00a-30ce-48cb-9c10-f939e7d2c2c5,SCISSORS,8,0,0,0,0,0,0,0,0,0,0,0,0,0,0,0,0,0,0,0,0,0,41,0,0,100,0,0,0,26,0,0,0,0,0,0,0,0,0,0,0,0,0,0,0,0,12814,0,1,0,0,0,0,0,0,0,0,0,0,0,0,7,0,0,0,0,0,0,0,18,39,14,2,0,0,0,0,0,84,0,0,0,0,0,0,0,1,0,0,1,0,0,13724,0,0,0,0,1,0,0,0,14,0,0,0,0,0,0,0,12,0,0,0,0,0,0,0,0,0,0,0,0,0,0,140,0,0,0,0,0,0,0,0,0,0,0,0,0,12891
90103728-4257-4f13-8a1e-c29b791ec0d0,ROCK,20,0,0,0,0,1,2,0,0,41,0,0,0,1,0,0,0,0,0,0,0,1,13,0,0,148,0,0,0,134,0,0,0,0,0,0,0,0,0,0,0,0,1,0,0,0,12835,0,0,0,0,0,0,0,0,0,0,0,0,0,0,0,0,0,0,0,0,0,0,65,55,18,2,0,0,0,0,0,196,0,0,0,0,0,0,0,6,0,0,0,0,0,13742,0,18,0,0,0,0,0,0,0,0,0,0,0,0,0,0,16,0,0,0,0,37,0,15,1,2,0,0,0,0,0,239,0,0,0,0,0,0,0,0,1,0,13,0,0,12904
6c9a3c60-d916-474f-84d5-e892f1aceb26,SCISSORS,11,0,0,0,0,0,0,0,0,0,0,0,0,0,0,0,0,0,0,0,0,0,12,43,0,103,0,0,0,160,0,0,0,0,0,0,0,0,0,0,0,0,0,0,0,0,12846,0,0,0,0,0,0,0,0,24,0,0,0,0,0,20,0,0,0,0,0,0,1,45,25,11,1,0,0,0,0,32,153,0,0,0,0,0,0,0,5,0,0,1,0,0,13761,0,28,0,0,1,0,0,0,28,0,0,0,0,0,0,0,0,0,0,0,0,24,0,13,0,0,0,0,0,0,0,204,0,0,0,0,20,0,0,0,0,0,0,0,0,12912
20d1bd04-0a30-4b71-9214-2276712e9789,ROCK,12,0,0,0,0,0,1,0,0,0,0,0,0,0,0,0,3,0,0,0,0,62,0,21,0,57,0,0,0,51,0,0,0,0,0,0,0,0,0,0,0,0,0,0,1,0,12860,0,0,0,0,0,0,0,0,0,0,0,0,0,0,0,0,0,0,0,0,0,1,104,18,1,0,0,0,0,0,0,72,0,0,0,0,0,0,0,0,0,0,0,0,0,13768,0,12,0,0,0,0,0,0,0,0,0,3,0,0,28,0,0,0,0,0,0,23,1,19,0,0,0,0,0,0,0,110,0,0,0,0,0,0,0,0,0,0,0,0,0,12919
f5739e89-bb45-462a-ac83-cb1ee7132835,PAPER,5,0,0,0,0,0,0,0,0,0,0,0,0,0,0,0,0,0,0,0,0,15,27,0,50,144,1,0,0,175,0,0,0,0,0,0,0,25,0,0,0,9,0,0,0,0,12879,0,57,0,0,0,0,0,0,0,0,0,0,0,0,0,1,14,0,0,0,0,2,45,95,51,4,4,0,0,0,0,109,0,0,0,0,0,0,0,55,0,9,0,0,0,13804,0,210,0,0,0,0,0,0,0,0,0,0,0,0,0,0,0,0,0,0,0,60,1,76,6,3,0,0,0,0,0,90,0,0,0,0,0,0,0,0,0,0,0,0,0,12944
951e0c1b-ecf8-4e93-a565-1c5731e48c1c,ROCK,19,0,0,0,0,40,41,0,0,47,0,0,0,51,0,0,48,0,0,0,0,2549,15,0,111,41,6,0,0,49,0,0,0,0,0,0,0,41,0,0,0,0,53,0,49,0,13522,0,1,0,0,0,0,0,0,0,0,0,0,0,0,0,0,20,0,0,0,0,1,2884,113,7,4,0,0,0,0,0,111,0,0,0,0,0,0,0,0,0,0,0,0,0,13831,0,218,0,0,0,0,0,0,0,0,0,0,0,0,19,0,0,0,0,0,0,2154,131,45,2,2,0,0,0,0,0,0,0,0,0,0,0,0,0,0,25,0,545,0,0,13291
e5c3dee6-a8a6-44a7-847e-b58896e4441d,ROCK,14,0,0,0,0,0,0,0,0,21,0,0,0,0,0,0,0,0,0,0,0,19,0,0,0,87,0,0,0,88,0,0,0,0,0,0,0,0,0,0,0,0,0,0,0,0,13531,0,0,0,0,0,0,0,0,0,0,0,0,0,0,0,0,0,0,0,0,0,0,59,29,1,2,11,0,0,0,3,110,0,0,0,0,0,0,0,0,0,0,0,0,0,13841,0,145,0,0,0,0,0,0,0,0,0,0,0,0,1,0,0,0,0,0,0,35,0,30,3,0,0,0,0,0,0,0,0,0,0,0,0,0,0,0,1,0,0,0,0,13302
ffa50e87-c683-47ff-99d5-b8dc0c98dc11,ROCK,9,0,0,0,0,1,0,0,0,11,0,0,0,0,0,0,0,0,0,0,0,0,0,0,0,122,0,0,0,132,0,0,0,0,0,0,0,0,0,0,0,0,0,0,1,0,13544,0,0,0,0,0,0,0,0,0,0,0,0,0,0,0,0,0,0,0,0,0,0,30,15,1,0,30,0,0,0,0,174,0,0,0,0,0,0,0,17,0,0,0,0,0,13849,0,184,0,0,0,0,0,0,0,0,0,0,0,0,0,0,0,0,0,0,0,40,0,31,1,1,0,0,0,0,0,0,0,0,0,0,0,0,0,0,9,0,1,0,0,13312
380f7469-27d8-4f82-b152-9bc216a8f560,ROCK,5,0,0,0,0,1,1,0,0,53,0,0,0,1,0,0,0,0,0,0,0,1,29,0,38,93,2,0,0,99,0,0,0,0,0,0,0,2,0,0,0,0,1,0,0,0,13572,0,46,0,0,0,0,0,0,0,0,0,0,0,0,0,0,0,0,0,0,0,0,0,60,71,1,23,0,0,0,0,84,0,0,0,0,0,0,0,36,0,0,0,0,0,13861,0,178,0,0,0,0,0,0,0,0,0,0,0,0,38,0,0,0,0,0,0,23,0,32,3,3,0,0,0,0,0,0,0,0,0,0,0,0,0,0,41,0,3,0,0,13334
b0abdda0-ace2-430e-a3d2-36cb56c437a9,ROCK,16,0,0,0,0,0,0,0,0,30,0,0,0,0,0,0,0,0,0,0,0,1,0,0,2,210,0,0,0,89,0,0,0,0,0,0,0,0,0,0,0,0,0,0,0,0,13582,0,0,0,0,0,0,0,0,0,0,0,0,0,0,0,0,2,0,0,0,0,0,65,122,82,3,0,0,0,0,0,54,0,0,0,0,0,0,0,4,0,0,0,0,0,13891,0,149,0,0,0,0,0,0,0,0,0,0,0,0,3,0,0,0,0,0,0,24,0,110,2,2,0,0,0,0,0,34,0,0,0,0,0,0,0,0,7,0,1,0,0,13352
42559933-d2c0-4c70-8c56-8c3f13ab87e4,ROCK,14,0,0,0,0,1,0,0,0,43,0,0,0,0,0,0,1,0,0,0,0,0,0,0,0,69,0,0,0,74,0,0,0,0,0,0,0,0,0,0,0,0,1,0,1,0,13594,0,0,0,0,0,0,0,0,0,0,0,0,0,0,0,0,0,0,0,0,0,1,77,31,0,1,0,0,0,0,0,78,0,0,0,0,0,0,0,2,0,0,0,0,0,13899,0,111,0,0,0,0,0,0,0,0,0,0,0,0,1,0,0,0,0,0,0,29,0,20,0,0,0,0,0,0,0,0,0,0,0,0,0,0,0,0,28,0,1,0,0,13360
8dde4ded-9a90-40bd-8e74-a62c322f3273,SCISSORS,20,0,0,0,0,0,0,0,0,0,0,0,0,0,0,0,0,0,0,0,0,0,0,0,0,84,0,0,0,55,0,0,0,0,0,0,0,0,0,0,0,0,0,0,0,0,13599,0,0,0,0,0,0,0,0,3,0,0,3,0,0,0,0,0,0,0,0,0,0,35,7,0,2,0,0,0,0,0,72,0,0,0,0,0,0,0,0,0,0,17,0,0,13910,0,84,0,0,1,0,0,0,19,0,0,0,0,0,0,2,0,0,0,0,0,18,0,0,0,0,0,0,0,0,0,15,0,0,0,0,0,0,0,0,0,0,0,0,0,13367
9379459b-17b8-485c-b839-e91584e0ec92,PAPER,18,0,0,0,0,0,0,0,0,0,0,0,0,0,0,2,0,0,0,0,0,0,18,0,4,150,0,0,0,82,0,0,0,0,0,0,0,2,0,0,0,0,0,9,0,0,13607,0,12,0,0,1,0,0,0,0,0,0,0,0,0,0,0,0,0,0,0,0,0,14,0,0,0,0,0,0,0,0,222,0,0,0,0,0,0,0,0,0,18,0,0,0,13915,0,2,0,0,0,0,0,0,0,0,0,0,0,0,0,0,0,0,0,0,0,33,0,0,0,0,0,0,0,0,0,232,0,0,0,0,0,0,0,0,0,0,0,0,0,13369
3c25951e-9034-4a4a-91c1-6cdd4c57fc5f,PAPER,15,0,0,0,0,0,0,0,0,0,0,0,0,0,0,0,0,0,0,0,0,0,46,1,22,56,0,1,0,140,0,0,0,0,0,0,0,0,0,0,0,17,4,0,0,0,13627,0,55,0,0,0,1,0,0,19,0,0,0,0,0,0,0,0,0,0,0,0,1,19,37,2,1,7,0,0,0,0,18,0,0,0,0,0,0,0,109,0,18,0,0,0,13937,0,61,0,0,0,0,0,0,0,0,0,0,0,0,0,0,13,0,0,0,0,7,45,26,4,4,0,0,0,0,0,127,0,0,0,0,0,0,0,0,0,0,0,0,0,13395
13fa8e53-989d-438d-b857-43fc9f377f30,ROCK,11,0,0,0,0,1,0,0,0,51,0,0,58,4,0,0,0,0,0,0,0,0,60,1,19,85,2,0,0,170,0,0,0,0,0,0,0,0,0,0,0,0,0,0,0,0,13656,0,0,0,0,0,0,0,0,0,0,0,0,0,0,0,0,24,0,0,0,0,2,88,83,7,6,55,0,0,0,9,154,0,0,0,0,0,0,0,23,0,0,0,0,0,13985,0,99,0,0,0,0,0,0,0,0,0,0,0,0,35,0,0,0,0,0,0,37,27,120,6,4,0,0,0,0,0,103,0,0,0,0,18,0,0,0,0,0,2,0,0,13441
2c0a7f7e-fb57-44b7-a6f8-1750120237c0,SCISSORS,16,0,0,0,0,0,0,0,0,0,0,0,56,0,0,0,0,0,0,0,0,0,0,0,8,8,0,0,0,43,0,0,0,0,0,0,0,0,0,0,0,0,0,0,0,0,13661,0,0,0,0,0,0,0,0,0,0,0,0,0,0,2,0,0,0,0,0,0,0,38,3,0,0,0,0,0,0,0,38,0,0,0,0,0,0,0,0,32,0,2,0,0,13996,0,0,0,0,1,0,0,0,34,0,0,0,1,0,0,1,0,0,0,0,0,20,0,0,0,0,0,0,0,0,0,58,0,0,0,0,0,0,0,0,0,0,0,0,0,13450
69b15cd2-b0a9-4316-9113-dbd44b4c5434,ROCK,10,0,0,0,0,3,0,0,0,52,0,0,18,3,0,0,1,0,0,0,0,0,23,5,0,53,0,0,0,57,0,0,0,0,0,0,0,1,0,0,0,0,0,0,0,0,13690,0,0,0,0,0,0,0,0,0,0,0,0,0,0,0,0,0,0,0,0,0,0,92,37,0,2,0,0,0,0,0,85,0,0,0,0,0,0,0,0,0,0,0,0,0,14003,0,0,0,0,0,0,0,0,0,0,0,0,0,0,0,0,0,0,0,0,0,15,0,24,0,1,0,0,0,0,0,132,0,0,0,0,0,0,0,0,44,0,0,0,0,13455
c88bf2f4-3046-4c3e-8f73-94001fa6f0c6,SCISSORS,14,0,0,0,0,0,0,0,0,13,0,0,0,0,0,0,0,0,0,0,0,0,58,0,48,143,4,0,0,132,0,0,0,0,0,0,0,0,0,0,0,0,0,0,0,0,13709,0,82,0,0,0,0,0,0,0,0,0,0,0,0,39,0,31,0,0,0,0,0,24,69,1,0,30,0,0,0,0,88,0,0,0,0,0,0,0,32,2,0,0,0,0,14022,0,180,0,0,2,1,0,0,43,0,0,0,1,0,0,1,2,0,0,0,0,12,0,42,0,2,0,0,0,0,0,71,0,0,0,0,40,0,0,0,0,0,0,1,0,13476
068c1e94-5719-413d-9a6c-912f99938292,ROCK,6,0,0,0,0,0,1,0,0,60,0,0,0,1,0,0,0,0,0,0,0,0,20,0,0,112,0,0,0,76,0,0,0,0,0,0,0,0,0,0,0,0,0,0,2,0,13725,0,54,0,0,0,0,0,0,0,0,0,0,0,0,0,0,26,0,0,0,0,65,20,55,0,0,6,0,0,0,0,0,0,0,0,0,0,0,0,46,0,0,0,0,0,14034,0,182,0,0,0,0,0,0,0,0,0,0,0,0,42,0,0,0,0,0,0,15,0,24,1,1,0,0,0,0,0,0,0,0,0,0,0,0,0,0,6,0,1,0,0,13492
4148466f-f637-43d6-8b0f-37a79cd8f597,SCISSORS,12,0,0,0,0,0,0,0,0,14,0,0,0,0,0,0,0,0,0,0,0,0,37,0,59,42,1,0,0,64,0,0,0,0,0,0,0,0,0,0,0,0,0,0,0,0,13734,0,52,0,0,0,0,0,0,20,0,0,0,0,0,1,0,4,0,0,0,0,14,18,60,8,2,1,0,0,0,0,0,0,0,0,0,0,0,0,29,0,0,8,0,0,14065,0,94,0,0,0,0,0,0,11,0,0,0,0,0,0,1,25,0,0,0,0,31,2,36,1,0,0,0,0,0,0,0,0,0,0,0,15,0,0,0,0,0,0,1,0,13509
7f042f51-f8fb-4330-8e1b-5825bd6700c2,PAPER,15,0,0,0,0,0,0,0,0,0,0,0,0,0,0,1,0,0,0,0,0,0,16,0,11,78,1,0,0,82,0,0,0,0,0,0,0,0,0,0,37,0,0,13,0,0,13749,0,106,0,0,0,0,0,0,1,0,0,0,0,0,0,0,5,0,0,0,0,2,40,39,1,1,13,0,0,0,0,7,0,0,0,0,0,0,0,10,0,14,0,0,0,14088,0,87,0,0,0,0,0,0,0,0,0,0,0,0,0,0,48,0,0,0,0,40,1,44,2,1,0,0,0,0,0,0,0,0,0,0,16,0,0,0,0,0,0,0,0,13522
8e014c90-c9a6-4fa1-b1b6-0a7a876ac5b7,SCISSORS,19,0,0,0,0,0,0,0,0,0,0,0,0,0,0,0,0,0,0,0,0,0,47,4,4,185,0,0,0,191,0,0,0,0,0,0,0,0,0,0,0,0,3,0,0,0,13772,0,66,0,0,0,0,0,0,0,0,0,0,0,0,3,0,27,0,0,0,0,0,26,42,1,1,5,0,0,0,151,0,0,0,0,0,0,0,0,98,0,0,14,0,0,14112,0,309,0,0,0,0,0,0,21,0,0,0,1,0,0,0,0,0,0,0,0,15,0,32,16,1,0,0,0,0,0,26,0,0,0,0,13,0,0,0,0,0,0,0,0,13538
660efd0b-bdab-4689-bbda-58697619d2f9,ROCK,15,0,0,0,0,1,1,0,0,34,0,0,0,1,0,0,2,0,0,0,0,0,11,0,0,52,0,0,0,41,0,0,0,0,0,0,0,0,0,0,0,0,1,0,0,0,13786,0,0,0,0,0,0,0,0,0,0,0,0,0,0,0,0,0,0,0,0,0,0,69,0,7,0,0,0,0,0,68,0,0,0,0,0,0,0,0,0,0,0,0,0,0,14115,0,78,0,0,0,0,0,0,0,0,0,0,0,0,5,0,0,0,0,0,0,14,1,23,2,1,0,0,0,0,0,0,0,0,0,0,0,0,0,0,20,0,0,0,0,13553
892493af-98c6-4ee3-8fe3-64ed8c799eff,SCISSORS,20,0,0,0,0,0,0,0,0,18,0,0,0,0,0,0,0,0,0,0,0,0,58,1,24,99,2,0,0,62,0,0,0,0,0,0,0,0,0,0,0,0,0,0,0,0,13799,0,0,0,0,0,0,0,0,0,0,0,0,0,0,0,0,0,0,0,0,0,20,56,39,3,2,8,0,0,0,99,0,0,0,0,0,1,0,0,0,2,0,34,0,0,14147,0,131,0,0,37,0,0,0,1,0,0,0,1,0,0,3,15,0,0,0,0,17,0,53,4,2,0,0,0,0,0,0,0,0,0,0,0,0,0,0,0,0,0,0,0,13580
31f8c8c5-9f99-4893-aacf-464e81498a17,PAPER,17,0,0,0,0,0,0,0,0,0,0,0,0,0,0,0,0,0,0,0,0,0,23,0,9,58,0,0,0,74,0,0,0,0,0,0,0,0,0,0,0,13,0,0,0,0,13809,0,0,0,0,0,0,0,0,0,0,0,0,0,0,0,0,6,0,0,0,0,8,15,32,0,1,15,0,0,0,55,15,0,0,0,0,0,0,0,16,0,12,0,2,0,14165,0,104,0,0,0,0,0,0,0,0,0,3,0,0,0,0,8,0,0,0,0,0,30,29,2,1,0,0,0,0,0,0,0,0,0,0,0,0,0,0,0,0,0,0,0,13591
9fe14746-2177-40bd-9e92-58e54bd2ff3d,ROCK,18,0,0,0,0,0,0,0,0,29,0,0,0,0,0,0,0,0,0,0,0,0,25,1,18,183,1,0,0,155,0,0,0,0,0,0,0,0,0,0,0,0,0,0,0,0,13832,0,40,0,0,0,0,0,0,28,0,0,8,0,0,0,0,0,0,0,0,0,0,40,21,1,0,25,0,0,0,0,176,0,0,0,0,0,0,0,73,0,0,0,0,0,14180,0,207,0,0,0,0,0,0,0,0,0,0,0,0,13,0,28,0,0,0,0,17,16,58,4,4,0,0,0,0,0,0,0,0,5,0,59,0,0,0,0,0,1,0,0,13623
57c04beb-3f9a-46b6-bdb6-6cce6d7ceab7,ROCK,7,0,0,0,0,0,0,0,0,50,0,0,0,0,0,0,0,0,0,0,0,0,0,0,0,103,0,0,0,50,0,0,0,0,0,0,0,0,0,0,0,0,1,0,0,0,13838,0,0,0,0,0,0,0,0,0,0,0,0,0,0,0,0,0,0,0,0,0,0,52,19,1,0,19,0,0,0,0,92,0,0,0,0,0,0,0,21,0,0,0,0,0,14189,0,150,0,0,0,0,0,0,0,0,0,0,0,0,13,0,0,0,0,0,0,17,0,20,0,3,0,0,0,0,0,0,0,0,0,0,0,0,0,0,1,0,0,0,0,13632
62f5197d-f0f3-43ef-a771-c4b22c781aa6,SCISSORS,6,0,0,0,0,0,0,0,0,23,0,0,0,0,0,0,0,0,0,0,0,0,116,0,51,151,1,0,0,186,0,0,0,0,0,0,0,0,0,0,0,0,0,0,0,0,13857,0,0,0,0,0,0,0,0,0,0,0,0,0,0,52,0,1,0,0,0,0,0,54,150,9,7,74,0,0,0,0,98,0,0,0,0,0,0,0,76,4,0,3,0,0,14255,0,169,0,0,0,3,0,0,60,0,0,0,0,0,0,0,36,0,0,0,0,27,0,141,6,9,0,0,0,0,0,59,0,0,1,0,17,0,0,0,0,0,0,0,0,13684
709c2e52-c052-4d8a-97fd-5930ece1287c,SCISSORS,19,0,0,0,0,0,0,0,0,0,0,0,0,0,0,0,0,0,0,0,0,0,85,0,0,8,0,0,0,31,0,20,0,0,0,0,0,3,0,0,0,0,0,0,0,0,13863,0,0,0,0,0,0,0,0,0,0,0,0,0,0,1,0,0,0,0,0,0,1,48,10,1,0,0,0,0,0,0,57,0,0,0,0,0,0,0,0,28,0,1,0,0,14266,0,66,0,0,1,1,0,0,39,0,0,0,0,0,0,0,19,0,0,0,0,0,0,0,0,0,0,0,0,0,0,21,0,0,0,0,0,0,0,0,0,0,0,0,0,13691
56662ca6-e6f2-4fb1-a490-561a9f14a4f6,SCISSORS,10,0,0,0,0,0,0,0,0,0,0,0,0,0,0,0,0,0,0,0,0,0,93,2,18,92,1,0,0,163,0,0,0,0,0,0,0,20,0,0,0,0,0,0,0,0,13883,0,0,0,0,0,0,0,0,0,0,0,0,0,0,2,0,0,0,0,0,0,3,53,73,3,1,8,0,0,0,62,74,0,0,0,0,0,0,0,77,4,0,29,0,0,14307,0,0,0,0,1,0,0,0,33,0,0,0,3,0,0,1,131,0,0,0,0,0,0,39,2,2,0,0,0,0,0,148,0,0,0,0,28,0,0,0,0,0,0,1,0,13716
c7259cb0-6c12-4e34-99ee-105d5c005d4c,PAPER,12,0,0,0,0,0,0,0,0,0,0,0,0,0,0,1,0,0,0,0,0,0,33,1,10,70,0,0,0,150,0,0,0,0,0,0,0,0,0,0,0,0,0,10,0,0,13902,0,0,0,0,0,0,0,0,7,0,0,0,1,0,0,2,12,0,0,0,0,0,21,40,4,2,7,0,0,0,104,15,0,0,0,0,0,0,0,49,0,11,0,0,0,14336,0,33,0,0,0,0,0,0,0,0,0,0,0,0,0,0,0,0,0,0,0,0,0,67,2,6,0,0,0,0,0,159,0,0,0,0,8,0,0,0,0,0,0,0,0,13733
435ad06b-6bde-4590-88f4-3a016d64be0d,ROCK,18,0,0,0,0,0,0,0,0,58,0,0,0,1,0,0,0,0,0,0,0,0,53,1,36,35,1,0,0,75,0,0,0,0,0,0,0,0,0,0,0,0,0,0,1,0,13924,0,0,0,0,0,0,0,0,15,0,0,0,0,0,0,0,31,0,0,0,0,0,89,48,2,1,14,0,0,0,0,44,0,0,0,0,0,0,0,1,16,0,0,0,0,14352,0,66,0,0,0,0,0,0,0,0,0,0,0,0,2,0,22,0,0,0,0,9,21,57,1,6,0,0,0,0,0,0,0,0,0,0,43,0,0,0,30,0,4,0,0,13761
b392a6d1-a60c-4a46-b26c-aad6e3a3c922,SCISSORS,17,0,0,0,0,0,0,0,0,0,0,0,0,0,0,0,0,0,0,0,0,0,50,0,0,35,0,0,0,51,0,0,0,0,0,0,0,0,0,0,0,0,0,0,0,0,13928,0,0,0,0,0,0,0,0,0,0,0,0,0,0,14,0,0,0,0,0,0,0,36,19,2,0,1,0,0,0,0,62,0,0,0,0,0,0,0,0,1,0,1,0,0,14364,0,83,0,0,0,0,0,0,16,0,0,0,1,0,0,1,15,0,0,0,0,0,20,0,0,0,0,0,0,0,0,0,0,0,0,0,0,0,0,0,0,0,0,0,0,13768
8186656b-8928-4a4b-b690-8e05d7f62b57,ROCK,10,0,0,0,0,0,1,0,0,41,0,0,0,1,0,0,1,0,0,0,0,2,29,0,0,28,0,0,0,60,0,0,0,0,0,0,0,0,0,0,0,0,0,0,0,0,13946,0,0,0,0,0,0,0,0,0,0,0,4,0,0,0,0,0,0,0,0,0,0,61,17,3,1,7,0,0,0,0,61,0,0,0,0,0,0,0,9,0,0,0,0,0,14377,0,88,0,0,0,0,0,0,0,0,0,0,0,0,44,0,13,0,0,0,0,0,0,15,1,0,0,0,0,0,0,0,0,0,0,0,0,0,0,0,2,0,0,0,0,13777
cb4d63d4-3e56-4de3-85cc-e843fe59934d,ROCK,9,0,0,0,0,0,0,0,0,87,0,0,0,0,0,0,0,0,0,0,0,1,18,2,14,50,1,0,0,90,0,0,0,0,0,0,0,0,0,0,0,0,0,0,1,0,13964,0,0,0,0,0,0,0,0,10,0,0,0,0,0,0,0,0,0,0,0,0,0,87,41,5,0,16,0,0,0,62,37,0,0,0,0,0,0,0,6,0,0,0,0,0,14395,0,96,0,0,0,0,0,0,0,0,0,0,0,0,19,0,0,0,0,11,0,10,0,46,1,1,0,0,0,0,0,0,0,0,0,0,25,0,0,0,53,0,2,0,0,13798
1a2154a3-6276-4bfe-b257-4b4142ad4858,ROCK,15,0,0,0,0,0,4,0,0,17,0,0,0,0,0,0,1,0,0,0,0,1,0,0,0,52,0,0,0,76,0,0,0,0,0,0,0,0,0,0,0,0,1,0,0,0,13973,0,0,0,0,0,0,0,0,0,0,0,0,0,0,0,0,0,0,0,0,0,2,61,24,0,0,2,0,0,0,0,63,0,0,0,0,0,0,0,0,0,0,0,0,0,14404,0,88,0,0,0,0,0,0,0,0,0,0,0,0,5,0,0,0,0,0,0,33,0,24,1,1,0,0,0,0,0,0,0,0,0,0,0,0,0,0,0,0,0,0,0,13807
94ba7d00-7b79-42d3-91b7-a980e16eb1cc,PAPER,12,0,0,0,0,0,0,0,0,0,0,0,0,0,0,31,0,0,0,0,0,0,13,1,12,121,0,0,0,120,0,0,0,0,0,0,0,0,0,0,0,0,0,2,0,0,13990,0,0,0,0,0,0,0,0,0,0,0,0,1,0,0,1,0,0,0,0,0,0,11,11,1,0,30,0,0,0,58,149,0,0,0,0,0,0,0,0,0,38,0,0,0,14416,0,203,0,0,0,0,0,0,0,0,0,0,0,0,0,0,0,0,0,0,0,64,0,29,4,0,0,0,0,0,0,0,0,0,0,0,0,0,0,0,0,0,0,0,0,13817
1848c2fe-f811-44b6-b152-18e80e518237,SCISSORS,11,0,0,0,0,0,0,0,0,0,0,0,0,0,0,0,0,0,0,0,0,0,103,0,75,82,3,0,0,106,0,0,0,0,0,0,0,0,0,0,0,0,0,0,0,0,14016,0,15,0,0,0,0,0,0,0,0,0,0,0,0,1,0,0,0,0,0,0,1,46,81,4,4,42,0,0,0,123,0,0,0,0,0,0,0,0,4,2,0,46,0,0,14449,0,108,0,0,0,0,0,0,54,0,0,3,1,0,0,0,67,0,0,0,0,7,0,83,3,2,0,0,0,0,0,0,0,0,0,0,41,0,0,0,0,0,0,0,0,13843
536b14db-751f-42aa-b614-e340e5e62ac3,PAPER,9,0,0,0,0,0,0,0,0,0,0,0,0,0,0,1,0,0,0,0,0,0,27,25,29,98,1,0,0,90,0,0,0,0,0,0,0,0,0,0,0,0,0,29,0,0,14043,0,34,0,0,0,0,0,0,24,0,0,0,0,0,0,0,0,0,0,0,0,3,60,33,1,3,0,0,0,0,35,0,0,0,0,0,0,0,0,77,0,30,0,0,0,14481,0,181,0,0,0,0,0,0,0,0,0,0,0,0,0,0,0,0,0,0,0,56,1,54,7,1,0,0,0,0,0,0,0,0,0,0,0,0,0,0,0,0,0,0,0,13862
d985af34-3b6b-4982-94cd-a9497970ed6b,SCISSORS,11,0,0,0,0,0,0,0,0,0,0,0,0,0,0,0,0,0,0,0,0,0,63,14,17,101,0,0,0,110,0,0,0,0,0,0,0,0,0,0,0,0,0,0,0,0,14059,0,8,0,0,0,0,0,0,46,0,0,0,0,0,0,0,17,0,0,0,0,0,30,95,4,4,0,0,0,0,27,0,0,0,0,0,0,0,0,69,5,0,0,0,0,14515,0,167,0,0,0,0,0,0,8,0,0,0,0,0,0,1,20,0,0,0,0,40,1,34,0,1,0,0,0,0,0,0,0,0,0,0,23,0,0,0,10,0,0,0,0,13878
1b7415c8-7310-434f-9d31-0e99fca86e3d,ROCK,20,0,0,0,0,0,43,0,0,0,0,0,0,1,0,0,0,0,0,0,0,0,39,1,20,68,1,0,0,83,0,0,0,0,0,5,0,0,0,0,0,0,0,0,2,0,14083,0,0,0,0,0,0,0,0,0,0,0,0,0,0,0,0,0,0,0,0,0,0,90,47,1,1,13,0,0,0,111,0,0,0,0,0,0,0,0,0,0,0,0,0,0,14523,0,163,0,0,0,0,0,0,0,0,0,0,0,0,27,0,24,0,0,0,0,24,0,19,1,0,0,0,0,0,0,0,0,0,0,0,0,0,0,0,1,0,4,0,0,13893
84db195f-f16d-4337-9aeb-56730eed2fc3,SCISSORS,19,0,0,0,0,0,0,0,0,0,0,0,0,0,0,0,0,0,0,0,0,0,46,1,2,21,0,0,0,50,0,0,0,0,0,0,0,0,0,0,0,0,0,0,0,0,14089,0,0,0,0,0,0,0,0,0,0,0,0,0,0,13,0,0,0,0,0,0,0,16,20,1,0,16,0,0,0,54,0,0,0,0,0,0,0,0,0,0,0,0,0,0,14528,0,75,0,0,0,1,0,0,13,0,0,0,0,0,0,0,0,0,0,0,0,16,0,0,0,0,0,0,0,0,0,15,0,0,0,0,0,0,0,0,0,0,0,0,0,13897
29cfffe3-7d10-4e56-929b-7380b1f67965,ROCK,16,0,0,0,0,0,0,0,0,51,0,0,3,0,0,0,1,0,0,0,0,1,30,0,0,186,0,0,0,194,0,1,0,0,0,0,0,0,0,0,0,0,0,0,2,0,14109,0,0,0,0,0,0,0,0,0,0,0,0,0,0,0,0,0,0,0,0,0,2,81,90,37,3,18,0,0,0,77,94,0,0,0,0,0,0,0,67,0,0,0,0,0,14557,0,1,0,0,0,0,0,0,0,0,0,0,0,0,2,0,26,0,0,0,0,19,0,79,17,3,0,0,0,0,0,271,0,0,0,0,18,0,0,0,32,0,1,0,0,13924
219c2323-c1ce-42e8-8aeb-acf8053bb7d5,ROCK,15,0,0,0,0,2,1,0,0,62,0,0,0,0,0,0,0,0,0,0,0,1,43,6,0,105,0,0,0,119,0,0,0,0,0,0,0,0,0,0,0,0,0,0,1,0,14145,0,0,0,0,0,0,0,0,0,0,0,23,0,0,0,0,36,0,0,0,0,1,84,69,1,4,0,0,0,0,0,100,0,0,0,0,0,0,0,22,0,0,0,0,0,14582,0,1,0,0,0,0,0,0,0,0,0,0,0,0,32,0,42,0,0,0,0,33,1,53,2,0,0,0,0,0,0,140,0,0,0,0,34,0,0,0,1,0,1,0,0,13942
7e7ab2a4-e5c7-4512-86be-5215118fceeb,ROCK,14,0,0,0,0,1,0,0,0,45,0,0,0,0,0,0,0,0,0,0,0,1,0,0,10,45,0,0,0,53,0,0,0,0,0,0,0,0,0,0,0,0,1,0,0,0,14158,0,0,0,0,0,0,0,0,0,0,0,2,0,0,0,0,0,0,0,0,0,2,72,36,1,1,0,0,0,0,0,37,0,0,0,0,0,0,0,5,0,0,0,0,0,14597,0,0,0,0,0,0,0,0,0,0,0,0,0,0,1,0,0,0,0,0,0,27,0,16,1,0,0,0,0,0,0,69,0,0,0,0,10,0,0,0,31,0,1,0,0,13954
e3601248-71c0-45f0-93bc-062d64f84783,ROCK,15,0,0,0,0,0,0,0,0,11,0,0,0,0,0,0,0,0,0,0,0,15,0,0,8,88,1,0,0,137,0,0,0,0,0,0,0,0,0,0,31,0,2,0,0,0,14172,0,0,0,0,0,0,0,0,14,0,0,0,0,0,0,0,0,0,0,0,0,0,53,35,2,3,10,0,0,0,40,71,0,0,0,0,0,0,0,65,0,0,0,0,0,14614,0,0,0,0,0,0,0,0,0,0,0,0,0,0,13,0,118,0,0,0,0,38,0,22,2,0,1,0,0,0,0,96,0,0,0,0,2,0,0,0,0,0,1,0,0,13969
2842ec8d-b237-48e3-b15a-7bd1eab9ae69,ROCK,15,0,0,0,0,2,0,0,0,16,0,0,0,0,0,0,0,0,0,0,0,38,0,0,0,61,0,0,0,47,0,0,0,0,0,5,0,0,0,0,0,0,0,0,2,0,14186,0,0,0,0,0,0,0,0,0,0,0,0,0,0,0,0,0,0,0,0,0,36,33,10,0,0,1,0,0,0,0,72,0,0,0,0,0,0,0,19,0,0,0,0,0,14622,0,0,0,0,0,0,0,0,0,0,0,0,0,0,1,0,0,0,0,0,0,37,0,18,1,1,0,0,0,0,0,97,0,0,0,0,0,0,0,0,2,0,14,0,0,13980
0c38cd5f-052e-4831-bfe9-c252b29cca02,PAPER,10,0,0,0,0,0,0,0,0,0,0,0,0,0,0,1,0,0,0,0,0,26,48,2,35,79,3,0,0,120,0,0,0,0,0,0,0,0,0,0,0,3,0,0,0,0,14210,0,0,0,0,0,0,0,0,0,0,0,3,0,0,0,0,12,0,0,0,0,22,0,57,2,3,0,0,0,0,0,143,0,0,0,0,0,0,0,69,0,6,0,0,0,14640,0,21,0,0,0,0,0,0,0,0,0,0,0,0,0,0,0,0,0,0,0,31,19,55,4,0,28,0,0,0,0,159,0,0,0,0,0,0,0,0,0,0,0,0,0,13995
513b0af5-6e62-4c33-b3c6-3de8bcc196f0,ROCK,20,0,0,0,0,0,0,0,0,39,0,0,0,0,0,0,1,0,0,0,0,1,71,0,0,215,0,0,0,71,0,0,0,0,0,0,0,0,0,0,0,0,0,0,1,0,14226,0,0,0,0,0,0,0,0,0,0,0,10,0,0,0,0,23,0,0,0,0,0,54,51,1,3,0,0,0,0,0,257,0,0,0,0,0,0,0,0,0,0,0,0,0,14652,0,0,0,0,0,0,0,0,0,0,0,0,0,0,17,0,0,0,0,0,0,25,17,14,2,1,3,0,0,0,0,318,0,0,0,0,0,0,0,0,0,0,2,0,0,14010
cfb96edd-7b85-4250-9cdd-37dd20a3d9c3,SCISSORS,20,0,0,0,0,0,0,0,0,0,0,0,0,0,0,0,0,0,0,0,0,0,50,0,14,80,0,0,0,78,0,0,0,0,0,0,0,0,0,0,0,0,0,0,0,0,14234,0,0,0,0,0,0,0,0,29,0,0,0,0,0,2,0,0,0,0,0,0,0,24,4,1,0,9,0,0,0,0,112,0,0,0,0,0,0,0,11,30,0,0,0,0,14664,0,11,0,0,0,1,0,0,31,0,0,0,1,0,0,1,11,0,0,0,0,11,0,21,0,2,0,0,0,0,0,110,0,0,0,0,22,0,0,0,0,0,0,0,0,14024
57c8a081-b240-4682-a498-27d4536526a9,ROCK,10,0,0,0,0,1,0,0,0,52,0,0,0,2,0,0,1,0,0,0,0,0,22,0,0,135,0,0,0,109,0,0,0,0,0,0,0,0,0,0,0,0,1,0,1,0,14261,0,0,0,0,0,0,0,0,0,0,0,0,0,0,0,0,0,0,0,0,0,62,22,4,1,0,15,0,0,0,0,212,0,0,0,0,0,0,0,8,0,0,0,0,0,14670,0,0,0,0,0,0,0,0,0,0,0,0,0,0,0,0,24,0,0,0,0,20,0,12,2,5,3,0,0,0,0,221,0,0,0,0,0,0,0,0,4,0,33,0,0,14048
fe02a0cc-38d1-42fd-ad41-1be472eff095,SCISSORS,16,0,0,0,0,0,0,0,0,0,0,0,0,0,0,0,0,0,0,0,0,0,39,3,0,79,0,0,0,37,0,0,0,0,0,0,0,0,0,0,0,0,0,0,0,0,14269,0,0,0,0,0,0,0,0,0,0,0,0,0,0,7,0,0,0,0,0,0,20,0,40,2,0,10,0,0,0,0,78,0,0,0,0,0,0,0,0,1,0,0,0,0,14680,0,8,0,0,0,0,0,0,9,0,0,0,0,0,0,1,0,0,0,0,0,20,0,0,0,0,0,0,0,0,0,120,0,0,0,0,0,0,0,0,0,0,0,0,0,14053
a4968a45-83eb-4ed7-9298-ee4e3c1406e5,SCISSORS,8,0,0,0,0,0,0,0,0,0,0,0,17,0,0,0,0,0,0,0,0,0,71,3,0,69,0,0,0,109,0,0,0,0,0,0,0,0,0,0,0,0,0,0,0,0,14278,0,0,0,0,0,0,0,0,0,0,0,2,0,0,1,0,0,0,0,0,0,1,22,17,1,0,24,0,0,0,0,185,0,0,0,0,0,0,0,0,1,0,15,0,0,14692,0,28,0,0,1,0,0,0,25,0,0,0,1,0,0,1,14,0,0,0,0,0,0,0,0,0,0,0,0,0,0,199,0,0,0,0,0,0,0,0,0,0,0,0,0,14062
ece8b862-e743-4c52-ae71-fcefa20cfaa0,SCISSORS,9,0,0,0,0,0,0,0,0,0,0,0,0,0,0,0,0,0,0,0,0,0,23,32,16,111,0,0,0,84,0,0,0,0,0,1,0,0,0,0,0,0,0,0,0,0,14291,0,0,0,0,0,0,0,0,12,0,0,0,0,0,27,0,0,0,0,0,0,0,16,51,14,0,0,0,0,0,15,109,0,0,0,0,0,0,0,21,2,0,0,0,0,14709,0,23,0,0,0,0,0,0,13,0,0,0,0,0,0,0,6,0,0,0,0,14,0,28,3,0,2,0,0,0,0,178,0,0,0,0,0,0,0,0,0,0,0,0,0,14075
db7048ac-c505-4223-ba6d-5b0b421293ae,PAPER,8,0,0,0,0,0,0,0,0,0,0,0,0,0,0,0,0,0,0,0,0,0,34,18,3,87,1,0,0,60,0,0,0,0,0,0,0,0,0,0,0,14,0,0,0,0,14304,0,10,0,0,1,0,0,0,1,0,0,22,0,0,16,0,0,0,0,0,0,0,29,27,0,2,0,0,0,0,0,87,0,0,0,0,0,0,0,0,0,22,0,0,0,14724,0,0,0,0,0,0,0,0,0,0,0,0,0,0,0,0,0,0,0,0,0,36,0,48,5,1,0,0,0,0,0,127,0,0,0,0,0,0,0,0,0,0,0,0,0,14089
30ca8b35-1741-4e24-bc5c-8e06a8611365,SCISSORS,11,0,0,0,0,0,0,0,0,0,0,0,0,0,0,0,0,0,0,0,0,0,89,1,63,62,1,0,0,129,0,0,0,0,0,0,0,34,0,0,0,0,0,0,0,0,14326,0,52,0,0,0,0,0,0,41,0,0,0,0,0,0,0,4,0,0,0,0,0,18,98,4,7,0,0,0,0,0,62,0,0,0,0,13,0,0,64,16,0,0,0,0,14766,0,91,0,0,1,1,0,0,13,0,0,0,2,0,0,0,16,0,0,0,0,50,1,43,2,2,0,0,0,0,0,127,0,0,0,0,29,0,0,0,0,0,0,1,0,14117
5ca880d0-a275-49c4-936e-29b9ad65fdb0,SCISSORS,9,0,0,0,0,0,0,0,0,0,0,0,0,0,0,0,0,4,0,0,0,0,97,3,99,276,5,0,0,225,0,0,0,0,0,0,0,58,0,0,0,0,0,0,0,0,14368,0,14,0,0,0,0,0,0,12,0,0,0,0,0,1,0,0,0,0,0,0,1,58,201,7,11,0,0,0,0,30,247,0,0,0,0,123,0,0,39,0,0,23,0,0,14823,0,140,0,0,0,0,0,0,43,0,0,0,0,0,0,2,300,0,0,0,0,43,3,149,7,3,0,0,0,0,0,17,0,0,0,0,58,0,0,0,0,0,0,2,0,14162
8aeeeced-a9ce-45b9-a094-fadd7d05d25b,ROCK,13,0,0,0,0,3,28,0,0,0,0,0,0,3,0,0,0,0,0,0,0,1,34,1,7,94,1,0,0,71,0,0,0,0,0,0,0,0,0,0,0,0,1,0,0,0,14395,0,0,0,0,0,0,0,0,0,0,0,0,0,0,0,0,0,0,0,0,0,2,106,62,3,3,0,0,0,0,0,64,0,0,0,0,0,0,0,0,4,0,0,0,0,14842,0,0,0,0,0,0,0,0,0,0,0,0,0,0,29,0,146,0,0,0,0,15,1,47,3,1,0,0,0,0,0,0,0,0,0,0,0,0,0,0,1,0,1,0,0,14179
e641325b-afcf-4fb6-9663-52d0c2d7dec8,SCISSORS,5,0,0,0,0,0,0,0,0,0,0,0,0,0,0,0,0,0,0,0,0,0,42,2,3,87,0,0,0,57,0,0,0,0,0,0,0,0,0,0,0,0,0,0,0,0,14403,0,0,0,0,0,0,0,0,0,0,0,0,0,0,1,0,0,0,0,0,0,0,36,28,1,1,0,0,0,0,24,59,0,0,0,0,28,0,0,0,13,0,0,0,0,14854,0,20,0,0,0,0,0,0,19,0,0,0,0,0,0,1,88,0,0,0,0,17,0,28,2,0,0,0,0,0,0,0,0,0,0,0,16,0,0,0,0,0,0,0,0,14191
49e2ea66-331d-4d1d-9317-95c218fbbc35,SCISSORS,14,0,0,0,0,0,0,0,0,0,0,0,0,0,0,0,0,0,0,0,0,0,41,0,74,266,4,0,0,81,0,0,0,0,0,0,0,0,0,0,0,0,0,0,0,0,14433,0,27,0,0,0,0,0,0,0,0,0,0,0,0,0,0,17,0,0,0,0,0,40,155,8,3,0,0,0,0,0,71,0,0,0,0,110,0,0,12,0,0,23,0,0,14895,0,117,0,0,0,0,0,0,34,0,0,0,3,0,0,0,150,0,0,0,0,26,0,117,6,8,0,0,0,0,0,0,0,0,0,0,2,0,0,0,0,0,0,3,0,14240
ddc1aca8-e472-44c9-b70c-871eb8b2926f,SCISSORS,15,0,0,0,0,0,0,0,0,0,0,0,0,0,0,0,0,0,0,0,0,0,13,0,0,172,0,0,0,74,0,0,0,0,0,0,0,1,0,0,0,0,0,0,0,0,14445,0,0,0,0,0,0,0,0,0,0,0,0,0,0,16,0,0,0,0,0,0,0,35,1,26,2,0,0,0,0,0,176,0,0,0,0,0,0,0,0,4,0,0,0,0,14911,0,132,0,0,0,0,0,0,21,0,0,0,0,0,0,0,12,0,0,0,0,0,0,10,1,0,0,0,0,0,0,57,0,0,0,0,27,0,0,0,0,0,0,0,0,14247
7d7c6245-d025-495b-98ae-24494b37e707,SCISSORS,13,0,0,0,0,0,0,0,0,0,0,0,5,0,0,0,0,0,0,0,0,0,102,2,36,15,0,0,0,89,0,0,0,0,0,0,0,0,0,0,0,0,0,0,0,0,14460,0,0,0,0,0,0,0,0,18,0,0,0,0,0,0,0,0,0,0,0,0,19,15,50,4,3,0,0,0,0,0,69,0,0,0,0,35,0,0,3,31,0,2,0,0,14934,0,114,0,0,1,0,0,0,36,0,0,0,0,0,0,3,14,0,0,0,0,0,0,32,0,5,0,0,0,0,0,26,0,0,0,0,18,0,0,0,0,0,0,0,0,14270
effd593c-9872-4208-8ab5-649e5d3b6b67,ROCK,7,0,0,0,0,3,1,0,0,77,0,0,0,1,0,0,0,0,0,0,0,1,19,0,0,100,0,0,0,36,0,0,0,0,0,0,0,0,0,0,0,0,0,0,0,0,14476,0,2,0,0,0,0,0,0,0,0,0,0,0,0,0,0,0,0,0,0,0,104,1,2,52,3,0,0,0,0,0,70,0,0,0,0,4,0,0,0,0,0,0,0,0,14949,0,0,0,0,0,0,0,0,0,0,0,0,0,0,4,0,0,0,0,0,0,12,0,10,1,1,0,0,0,0,0,143,0,0,0,0,0,0,0,0,65,0,2,0,0,14289
ebb145e8-9c73-4b78-b4b4-038a99b68c83,SCISSORS,12,0,0,0,0,0,0,0,0,19,0,0,26,0,0,0,0,0,0,0,0,0,96,3,39,181,2,0,0,139,0,0,0,0,0,0,0,0,0,0,0,0,0,0,0,0,14512,0,0,0,0,0,0,0,0,2,0,0,19,0,0,36,0,32,0,0,0,0,17,72,142,7,6,0,0,0,0,0,101,0,0,0,0,42,0,0,27,1,0,1,0,0,15008,0,47,0,0,2,1,0,0,37,0,0,0,0,0,0,0,74,0,0,0,0,46,2,132,9,10,0,0,0,0,0,145,0,0,0,0,0,0,0,0,0,0,0,0,0,14351
8a04684d-057d-4073-9cd4-a258f53afa0c,ROCK,12,0,0,0,0,2,1,0,0,51,0,0,0,0,0,0,0,0,0,0,0,1,23,0,0,152,0,0,0,114,0,0,0,0,0,0,0,0,0,0,0,0,0,0,3,0,14534,0,0,0,0,0,0,0,0,0,0,0,0,0,0,0,0,0,0,0,0,0,0,29,4,116,2,0,0,0,0,23,173,0,0,0,0,0,0,0,0,0,0,0,0,0,15024,0,1,0,0,0,0,0,0,0,0,0,0,0,0,0,0,25,0,0,0,0,24,1,21,0,0,0,0,0,0,0,242,0,0,0,0,0,0,0,0,2,0,31,0,0,14366
510e220c-43aa-4c4a-b4fc-3018dba131b5,ROCK,12,0,19,0,0,1,1,0,0,43,0,0,16,1,0,0,0,0,0,0,0,0,62,2,15,12,0,0,0,125,0,0,0,0,0,0,0,0,0,0,22,3,2,0,0,0,14564,0,0,0,0,0,0,0,0,26,0,0,0,0,0,0,0,0,0,0,0,0,4,68,99,24,2,0,0,0,0,0,87,0,0,0,0,12,0,0,2,0,0,0,0,0,15053,0,35,0,0,0,0,0,0,0,0,0,0,0,0,26,0,0,0,0,0,0,37,0,58,2,1,3,0,0,0,0,143,0,0,0,0,18,0,0,0,1,0,0,0,0,14381
d710b206-c9f7-4691-a933-3ec13f87842e,ROCK,13,0,0,0,0,0,7,0,0,19,0,0,43,0,0,0,0,0,0,0,0,0,54,1,32,142,8,0,0,293,0,0,0,0,0,0,0,0,0,0,0,0,0,0,0,0,14598,0,0,0,0,0,0,0,0,38,0,0,1,0,0,0,0,59,0,0,0,0,0,56,6,102,3,0,0,0,0,28,159,0,0,0,0,20,0,0,127,0,0,0,0,0,15090,0,130,0,0,0,0,0,0,0,0,0,0,0,0,2,0,37,0,0,0,0,44,2,90,19,5,0,0,0,0,0,238,0,0,0,0,27,0,0,0,0,0,5,0,0,14423
ea95422d-a809-4f8b-9c4c-52edb0085e39,SCISSORS,6,0,0,0,0,0,0,0,0,0,0,0,5,0,0,0,0,0,0,0,0,0,10,1,0,178,0,0,0,163,0,0,0,0,0,0,0,0,0,0,0,0,0,0,0,0,14611,0,29,0,0,0,0,0,0,0,0,0,0,0,0,0,0,2,0,0,0,0,12,32,55,3,4,0,0,0,0,0,157,0,0,0,0,11,0,0,36,3,0,13,0,0,15128,0,44,0,0,1,1,0,0,17,0,0,0,0,0,0,0,0,0,0,0,0,0,0,50,1,3,0,0,0,0,0,226,0,0,0,0,14,0,0,0,0,0,0,0,0,14443
b005871d-dc34-42b0-8e3c-6165b12c2895,SCISSORS,13,0,0,0,0,0,0,0,0,0,0,0,0,0,0,0,0,0,0,0,0,0,67,2,22,60,2,0,0,53,0,0,0,0,0,0,0,0,0,0,0,0,0,0,0,0,14624,0,0,0,0,0,0,0,0,0,0,0,0,0,0,0,0,0,0,0,0,0,13,18,1,58,6,0,0,0,0,0,97,0,0,0,0,1,0,0,0,0,0,12,0,0,15147,0,17,0,0,0,0,0,0,14,0,0,0,0,0,0,0,0,0,0,0,0,0,0,0,0,0,0,0,0,0,0,175,0,0,0,0,0,0,0,0,0,0,0,0,0,14445
d50cfe82-e789-469e-9334-b0d38cc7f0c8,ROCK,6,0,0,0,0,1,1,0,0,52,0,0,23,1,0,0,0,0,0,0,0,0,25,0,0,53,0,0,0,26,0,0,0,0,0,0,0,0,0,0,0,0,0,0,0,0,14635,0,0,0,0,0,0,0,0,0,0,0,0,0,0,0,0,0,0,0,0,0,1,90,25,6,0,0,0,0,0,0,60,0,0,0,0,0,0,0,0,0,0,0,0,0,15157,0,109,0,0,0,0,0,0,0,0,0,0,0,0,2,0,0,0,0,0,0,15,0,18,0,1,0,0,0,0,0,0,0,0,0,0,0,0,0,0,0,0,37,0,0,14454
de475349-1dc7-4529-8cb7-918fd54b78cd,SCISSORS,16,0,0,0,0,0,0,0,0,17,0,0,59,0,0,0,0,0,0,0,0,0,58,1,48,19,1,0,0,68,0,0,0,0,0,0,0,0,0,0,0,0,0,0,0,0,14653,0,0,0,0,0,0,0,0,6,0,0,0,0,0,8,0,32,0,0,0,0,0,37,72,4,2,0,0,0,0,0,39,0,0,0,0,52,0,0,19,0,0,0,0,0,15181,0,96,0,0,1,0,0,0,11,0,0,0,1,0,0,0,70,0,0,0,0,17,0,55,2,2,0,0,0,0,0,0,0,0,0,0,16,0,0,0,0,0,0,0,0,14470
73607886-2f19-47a7-9252-727bcd667d09,PAPER,17,0,0,0,0,0,0,0,0,0,0,0,0,0,0,2,0,0,0,0,0,0,21,0,3,48,0,0,0,65,0,0,0,0,0,0,0,0,0,0,0,25,0,2,0,0,14663,0,0,0,0,0,1,0,0,47,0,0,0,0,0,0,1,3,0,0,0,0,0,21,0,0,0,0,0,0,0,52,14,0,0,0,0,25,0,0,2,0,0,0,0,0,15193,0,98,0,0,0,0,0,0,0,0,0,0,0,0,0,0,0,0,0,0,0,30,0,24,3,2,0,0,0,0,0,0,0,0,0,0,0,0,0,0,9,0,0,0,0,14483
263da6aa-9968-435d-b748-c0f60e2e0473,SCISSORS,14,0,0,0,0,0,0,0,0,0,0,0,0,0,0,0,0,0,0,0,0,0,0,0,24,47,2,0,0,69,0,0,0,0,0,0,0,76,0,0,0,17,0,0,0,0,14672,0,2,0,0,0,0,0,0,47,0,0,0,0,0,1,0,0,0,0,0,0,1,18,3,19,0,0,0,0,0,0,52,0,0,0,0,4,0,0,58,2,0,28,0,0,15213,0,145,0,0,2,0,0,0,37,0,0,0,0,0,0,1,0,0,0,0,0,18,21,0,0,0,0,0,0,0,0,11,0,0,0,0,0,0,0,0,0,0,0,0,0,14495
67ec6e23-c39c-4425-8983-5a123dd891ea,ROCK,16,0,0,0,0,0,0,0,0,47,0,0,0,0,0,0,0,0,0,0,0,0,0,0,0,95,0,0,0,56,0,0,0,0,0,0,0,11,0,0,0,0,0,0,1,0,14678,0,0,0,0,0,0,0,0,0,0,0,0,0,0,0,0,0,0,0,0,0,3,85,26,0,1,0,0,0,0,0,91,0,0,0,0,0,0,0,4,0,0,0,0,0,15224,0,131,0,0,0,0,0,0,0,0,0,0,0,0,24,0,0,0,0,0,0,0,18,29,0,3,0,0,0,0,0,0,0,0,0,0,0,0,0,0,2,0,3,0,0,14514
c66237e8-83cc-47bc-be60-10b9925070a3,SCISSORS,13,0,1,0,0,0,0,0,0,8,0,0,0,0,0,0,0,0,0,0,0,0,49,3,0,40,0,0,0,36,0,0,0,0,0,0,0,0,0,0,0,0,0,0,0,0,14687,0,0,0,0,0,0,0,0,0,0,0,0,0,0,0,0,0,0,0,0,0,0,23,2,24,2,0,0,0,0,0,77,0,0,0,0,0,0,0,0,8,0,1,0,0,15238,0,105,0,0,0,1,0,0,9,0,0,0,0,0,0,1,0,0,0,0,0,0,8,0,0,0,0,0,0,0,0,13,0,0,0,0,0,0,0,0,0,0,0,0,0,14521
51ef1b84-f1ea-4c39-98b9-6e8b204148ff,SCISSORS,5,0,0,0,0,0,0,0,0,0,0,0,5,0,0,0,0,0,0,0,0,0,89,0,30,53,1,0,0,103,0,0,0,0,0,0,0,0,0,0,0,0,0,0,0,0,14697,0,0,0,0,0,0,0,0,0,0,0,0,0,0,47,0,0,0,0,0,0,15,16,45,4,5,0,0,0,0,0,95,0,0,0,0,2,0,0,46,2,0,4,0,0,15273,0,4,0,0,1,1,0,0,54,0,0,0,1,0,0,0,54,0,0,0,0,1,35,17,1,1,0,0,0,0,0,110,0,0,0,0,0,0,0,0,0,0,0,1,0,14544
76a784c9-5366-471a-8665-1f5d063e68f9,SCISSORS,5,0,0,0,0,0,0,0,0,0,0,0,26,0,0,0,0,0,0,0,0,0,62,1,11,39,0,0,0,29,0,0,0,0,0,0,0,0,0,0,0,0,0,0,0,0,14708,0,0,0,0,0,0,0,0,0,0,0,0,0,0,1,0,0,0,0,0,0,29,0,3,63,4,0,0,0,0,0,54,0,0,0,0,0,0,0,0,14,0,0,0,0,15292,0,0,0,0,0,0,0,0,15,0,0,0,0,0,0,1,29,0,0,0,0,0,0,0,0,0,0,0,0,0,0,123,0,0,0,0,0,0,0,0,0,0,0,0,0,14549
4fc41d22-1106-4ffa-816e-0518ea2bef9c,PAPER,12,0,0,0,0,0,0,0,0,0,0,0,75,0,0,10,0,0,0,0,0,0,172,8,173,125,7,0,0,146,0,0,0,0,0,0,0,0,0,0,0,1,0,0,0,0,14770,0,19,0,0,0,0,0,0,1,0,0,0,0,0,0,0,0,0,0,0,0,14,20,337,6,15,0,0,0,0,44,124,0,0,0,0,118,0,0,5,0,13,0,1,0,15359,0,53,0,0,0,0,0,0,0,0,0,0,0,0,0,0,49,0,0,0,0,0,54,180,8,4,24,0,0,0,0,284,0,0,0,0,61,0,0,0,0,0,0,0,0,14587
f4394835-faff-4a9f-8f23-4fe21d853a10,SCISSORS,17,0,0,0,0,0,0,0,0,0,0,0,43,0,0,0,0,0,0,0,0,0,50,58,23,230,2,0,0,216,0,0,0,0,0,0,0,0,0,0,0,2,0,0,0,0,14803,0,60,0,0,0,0,0,0,0,0,0,0,0,0,0,0,2,0,0,0,0,2,27,96,8,5,0,0,0,0,69,96,0,0,0,0,102,0,0,140,2,0,15,0,0,15419,0,56,0,0,0,0,0,0,32,0,0,0,1,0,0,0,186,0,0,0,0,2,37,110,14,5,0,0,0,0,0,109,0,0,0,0,71,0,0,0,0,0,0,1,0,14628
eef2b16b-9e25-40ad-bd49-0fa6253e863d,ROCK,17,0,0,0,0,1,60,0,0,0,0,0,0,2,0,0,1,0,0,0,0,1,10,24,0,48,0,0,0,31,0,0,0,0,0,5,0,0,0,0,0,0,1,0,0,0,14821,0,3,0,0,0,0,0,0,0,0,0,0,0,0,0,0,0,0,0,0,0,0,105,30,2,0,0,0,0,0,0,44,0,0,0,0,0,0,0,0,0,0,0,0,0,15428,0,4,0,0,0,0,0,0,0,0,0,0,0,0,2,0,85,0,0,0,0,0,17,16,1,2,0,0,0,0,0,0,0,0,0,0,0,0,0,0,56,0,1,0,0,14643
2640f053-1395-4eeb-a2df-5a463d36ffc6,SCISSORS,5,0,0,0,0,0,0,0,0,0,0,0,0,0,0,0,0,0,0,0,0,0,47,1,14,95,0,0,0,95,0,0,0,0,0,0,0,0,0,0,0,0,0,0,0,0,14831,0,0,0,0,0,0,0,0,0,0,0,0,0,0,1,0,0,0,0,0,0,0,17,6,1,0,0,0,0,0,0,185,0,0,0,0,0,0,0,0,41,0,1,0,0,15437,0,0,0,0,0,1,0,0,27,0,0,0,0,0,0,0,192,0,0,0,0,0,17,0,0,0,0,0,0,0,0,15,0,0,0,0,0,0,0,0,0,0,0,0,0,14648
22c02dfc-5308-4af2-aa40-89599aa03384,ROCK,15,0,0,0,0,2,1,0,0,90,0,0,145,0,0,0,1,0,0,0,0,1,149,14,162,117,9,0,0,174,0,0,0,0,0,0,0,0,0,0,0,0,1,0,2,0,14924,0,31,0,0,0,0,0,0,0,0,0,0,0,0,0,0,0,0,0,0,0,4,140,252,17,8,0,0,0,0,16,160,0,0,0,0,162,0,0,58,20,0,0,0,0,15512,0,29,0,0,0,0,0,0,0,0,0,0,0,0,60,0,26,0,0,0,0,0,0,318,6,11,68,0,0,0,0,248,0,0,0,0,95,0,0,0,3,0,4,0,0,14715
06b7771d-6ac1-4cb7-87b4-85d5eecc2590,SCISSORS,18,0,0,0,0,0,0,0,0,10,0,0,0,0,0,0,0,0,0,0,0,0,57,2,0,31,0,0,0,69,0,0,0,0,0,0,0,0,0,0,0,0,0,0,0,0,14932,0,0,0,0,0,0,0,0,0,0,0,0,0,0,1,0,0,0,0,0,0,0,9,21,3,0,0,0,0,0,0,95,0,0,0,0,17,0,0,0,1,0,22,0,0,15525,0,0,0,0,0,0,0,0,24,0,0,0,0,0,0,2,14,0,0,0,0,0,0,0,0,0,9,0,0,0,0,119,0,0,0,0,0,0,0,0,0,0,0,1,0,14721
e3c6624d-0de7-41c1-99a5-df671e0524c3,SCISSORS,6,0,20,0,0,0,0,0,0,0,0,0,68,0,0,0,0,0,0,0,0,0,13,0,22,48,1,0,0,90,0,0,0,0,0,0,0,0,0,0,0,0,0,0,0,0,14942,0,36,0,0,0,0,0,0,1,0,0,0,0,0,39,0,0,0,0,0,0,1,28,28,0,0,0,0,0,0,0,59,0,0,0,0,13,0,0,49,8,0,0,0,0,15550,0,8,0,0,0,2,0,0,38,0,0,0,2,0,0,1,122,0,0,0,0,2,17,25,1,1,0,0,0,0,0,0,0,0,0,0,41,0,0,0,0,0,0,2,0,14749
1579cd54-e608-4a17-8a87-a21578302752,PAPER,12,0,0,0,0,0,0,0,0,0,0,0,20,0,0,1,0,0,0,0,0,0,19,0,50,96,2,0,0,39,0,0,0,0,0,0,0,0,0,0,0,0,0,4,0,0,14958,0,25,0,0,0,0,0,0,0,0,0,1,0,0,0,0,0,0,0,0,0,4,63,58,1,4,0,0,0,0,0,68,0,0,0,0,0,0,0,0,0,6,0,1,0,15574,0,0,0,0,0,0,0,0,0,0,0,0,0,0,0,0,120,0,0,0,0,1,54,29,0,4,23,0,0,0,0,0,0,0,0,0,0,0,0,0,0,0,0,0,0,14762
08805c27-2c04-4f19-8f41-d88b7e8fac54,ROCK,17,0,0,0,0,0,41,0,0,0,0,0,0,1,0,0,2,0,0,0,0,1,15,0,0,99,0,0,0,54,0,0,0,0,0,0,0,0,0,0,0,0,0,0,0,0,14970,0,3,0,0,0,0,0,0,0,0,0,0,0,0,0,0,0,0,0,0,0,64,2,47,1,1,0,0,0,0,7,88,0,0,0,0,0,0,0,0,0,0,0,0,0,15584,0,0,0,0,0,0,0,0,0,0,0,0,0,0,1,0,126,0,0,0,0,0,37,7,2,0,0,0,0,0,0,0,0,0,0,0,2,0,0,0,2,0,36,0,0,14776
1f2bec34-d0c3-4038-8485-95a114606503,SCISSORS,15,0,0,0,0,0,0,0,0,0,0,0,0,0,0,0,0,0,0,0,0,0,73,0,19,2,1,0,0,72,0,0,0,0,0,0,0,0,0,0,0,0,0,0,0,0,14977,0,2,0,0,0,0,0,0,0,0,0,0,0,0,3,0,0,0,0,0,0,20,18,4,0,0,0,0,0,0,0,71,0,0,0,0,0,0,0,0,1,0,48,0,0,15595,0,0,0,0,0,0,0,0,55,0,0,0,0,0,0,1,69,0,0,0,0,13,23,0,0,0,5,0,0,0,0,0,0,0,0,0,0,0,0,0,0,0,0,1,0,14788
65927a3c-0bce-4df2-a421-6386f5f48062,SCISSORS,7,0,0,0,0,0,0,0,0,0,0,0,0,0,0,0,0,0,0,0,1,0,86,1,30,41,1,2,0,76,0,0,0,0,0,0,0,0,0,0,0,0,6,0,0,0,14995,0,0,0,0,0,0,0,0,0,0,0,0,0,0,1,0,0,0,0,0,0,0,35,24,1,0,0,0,0,0,84,60,0,0,0,0,0,0,0,0,38,0,1,0,0,15607,0,0,0,0,0,2,0,0,37,0,0,0,2,0,0,2,108,0,0,0,0,30,1,22,0,3,2,0,0,0,0,23,0,0,0,0,12,0,0,0,0,0,0,0,0,14811
b2df9f61-5a6c-4ee4-9365-9b04007304de,ROCK,19,0,0,0,0,1,1,0,0,65,0,0,0,3,0,0,0,0,0,0,0,0,15,2,85,328,7,0,0,105,0,0,0,0,0,0,0,0,0,0,0,0,2,0,0,0,15040,0,193,0,0,0,0,0,0,9,0,0,0,0,0,0,0,0,0,0,0,0,3,141,161,9,7,0,0,0,0,0,69,0,0,0,0,0,0,0,22,0,0,0,0,0,15658,0,0,0,0,0,0,0,0,0,0,0,0,0,0,63,0,125,0,0,0,0,25,0,133,6,7,2,0,0,0,0,149,0,0,28,0,71,0,0,0,0,0,5,0,0,14856
4291e59b-f712-4438-a3d2-f6615d4a8b6b,ROCK,10,0,0,0,0,0,1,0,0,73,0,0,0,0,0,0,2,0,0,0,32,0,11,1,0,59,0,0,0,54,0,0,0,0,0,0,0,0,0,0,0,0,0,0,2,0,15057,0,34,0,0,0,0,0,0,0,0,0,0,0,0,0,0,0,0,0,0,0,0,17,107,0,1,0,0,0,0,0,34,0,0,0,0,0,0,0,42,0,0,0,0,0,15665,0,0,0,0,0,0,0,0,0,0,0,0,0,0,5,0,130,0,0,0,0,41,0,0,0,1,1,0,0,0,0,0,0,0,0,0,0,0,0,0,0,0,57,0,0,14871
ba8c0140-dd30-43b4-8d18-34b38f3fae51,SCISSORS,9,0,0,0,0,0,0,0,0,0,0,0,0,0,0,0,0,0,0,0,0,0,99,0,71,197,2,0,0,270,0,0,0,0,0,0,0,0,0,0,0,3,0,0,0,0,15087,0,71,0,0,0,0,0,0,0,0,0,0,0,0,60,0,0,0,0,0,0,2,74,156,5,3,0,0,0,0,0,239,0,0,0,0,0,0,0,28,3,0,1,0,0,15708,0,31,0,0,61,1,0,0,0,0,0,0,2,0,0,1,221,0,0,0,0,91,3,96,5,5,1,0,0,0,0,53,0,0,0,0,69,0,0,0,0,0,0,2,0,14919
477bfbd5-3764-4a95-ac4f-d993ce6f95db,SCISSORS,20,0,0,0,0,0,0,0,0,0,0,0,0,0,0,0,0,0,0,0,8,0,59,0,20,144,0,0,0,61,0,0,0,0,0,0,0,0,0,0,0,0,0,0,0,0,15093,0,0,0,0,0,0,0,0,0,0,0,0,0,0,0,0,0,0,0,0,0,0,59,105,2,3,0,0,0,0,0,82,0,0,0,0,0,0,0,3,38,0,0,0,0,15722,0,146,0,0,0,0,0,0,4,0,0,3,0,0,0,0,95,0,0,0,0,0,0,22,0,1,0,0,0,0,0,4,0,0,0,0,17,0,0,0,0,0,0,0,0,14929
8ee38afa-11f1-4322-af7a-8a53ffc334f9,ROCK,16,0,0,0,0,1,33,0,0,0,0,0,0,2,0,0,1,0,0,0,0,1,0,0,0,94,0,0,0,68,0,0,0,0,0,0,0,0,0,0,0,0,0,0,0,0,15106,0,0,0,0,0,0,0,0,0,0,0,0,0,0,0,0,0,0,0,0,0,0,65,6,0,1,0,0,0,0,0,82,0,0,0,0,0,0,0,22,24,0,0,0,0,15730,0,0,0,0,0,0,0,0,0,0,0,0,0,0,1,0,135,0,0,0,0,26,0,2,0,0,0,0,0,0,0,0,0,0,0,0,0,0,0,0,33,0,3,0,0,14939
1bf673c7-a26f-4e3f-b3c9-36747733a447,ROCK,9,0,0,0,0,3,1,0,0,55,0,0,0,2,0,0,1,0,0,0,0,0,0,0,0,139,0,0,0,103,0,0,0,0,0,0,0,0,0,0,0,0,1,0,0,0,15122,0,0,0,0,0,0,0,0,0,0,0,0,0,0,0,0,0,0,0,0,0,0,116,28,0,3,0,0,0,0,0,158,0,0,0,0,0,0,0,0,0,0,0,0,0,15738,0,0,0,0,0,0,0,0,0,0,0,0,0,0,37,0,187,0,0,0,0,74,0,2,1,0,0,0,0,0,0,0,0,0,0,0,0,0,0,0,1,0,3,0,0,14953
f2e4af02-26a6-457f-ad90-6da4048ab883,ROCK,18,0,0,0,0,1,1,0,0,60,0,0,0,0,0,0,0,0,0,0,0,0,0,0,0,62,0,0,0,79,0,0,0,0,0,0,0,0,0,0,0,0,1,0,1,0,15132,0,0,0,0,0,0,0,0,0,0,0,0,0,0,0,0,0,0,0,0,0,65,48,21,2,0,0,0,0,0,0,69,0,0,0,0,0,0,0,0,0,0,0,0,0,15742,0,0,0,0,0,0,0,0,0,0,0,0,0,0,1,0,86,0,0,0,0,67,0,6,0,1,0,0,0,0,0,0,0,0,0,0,0,0,0,0,43,0,1,0,0,14963
ffc8bc62-2767-418c-aff6-ceeb65e9124c,ROCK,18,0,0,0,0,0,1,0,0,89,0,0,11,1,0,0,0,0,0,0,0,0,7,0,0,76,0,0,0,74,0,0,0,0,0,0,0,0,0,0,0,0,1,0,0,0,15145,0,0,0,0,0,0,0,0,0,0,0,0,0,0,0,0,0,0,0,0,0,102,0,43,10,2,0,0,0,0,0,103,0,0,0,0,0,0,0,0,0,0,0,0,0,15751,0,27,0,0,0,0,0,0,0,0,0,0,0,0,33,0,147,0,0,0,0,40,0,11,0,1,0,0,0,0,0,0,0,0,0,0,0,0,0,0,1,0,0,0,0,14970
857cde86-1fd6-4b64-8ae7-879016619edb,PAPER,10,0,0,0,0,0,0,0,0,0,0,0,1,0,0,3,0,0,0,0,0,0,26,0,2,61,0,0,0,163,0,0,0,0,0,0,0,19,0,0,0,1,0,17,0,0,15163,0,23,0,0,0,0,0,0,3,0,0,0,1,0,0,0,0,0,0,0,0,22,0,7,0,0,0,0,0,0,56,158,0,0,0,0,0,0,0,0,0,22,0,1,0,15764,0,216,0,0,0,0,0,0,0,0,0,0,0,0,0,0,0,0,0,0,0,49,0,27,0,1,0,0,0,0,0,0,0,0,0,0,0,0,0,0,0,0,0,0,0,14974
41b2d324-7c53-4c57-80ac-5e862236972d,PAPER,20,0,0,0,0,0,0,0,0,0,0,0,0,0,0,4,0,0,0,0,0,0,70,0,37,83,2,0,0,69,0,0,0,0,0,0,0,0,0,0,0,0,0,0,0,0,15179,0,118,0,0,0,1,0,0,29,0,0,0,0,0,0,0,0,0,0,0,0,2,29,42,13,3,0,0,0,0,0,23,0,0,0,0,0,0,0,0,0,5,0,0,0,15789,0,129,0,0,0,0,0,0,0,0,0,0,0,0,0,0,0,0,0,0,0,75,35,25,1,0,0,0,0,0,0,0,0,0,0,0,0,0,0,0,0,0,0,0,0,14981
e061e7c4-392e-42ed-8c8b-628ec905863a,SCISSORS,15,0,0,0,0,0,0,0,0,0,0,0,0,0,0,0,0,0,0,0,0,0,136,0,6,12,1,0,0,100,0,0,0,0,0,0,0,8,0,0,0,0,0,0,0,0,15188,0,0,0,0,0,0,0,0,116,0,0,0,0,0,4,0,0,0,0,0,0,0,28,1,1,0,0,0,0,0,70,0,0,0,0,0,0,0,0,4,1,0,38,0,0,15804,0,128,0,0,1,0,0,0,42,0,0,0,0,0,0,3,25,0,0,0,0,63,0,0,0,0,0,0,0,0,0,0,0,0,0,0,0,0,0,0,0,0,0,1,0,14994
cae021db-3067-437c-973b-1d69b993e3a8,SCISSORS,17,0,0,0,0,0,0,0,0,0,0,0,0,0,0,0,0,0,0,0,0,0,49,0,14,143,0,0,0,94,0,0,23,0,0,0,0,0,0,0,0,0,0,0,0,0,15202,0,0,0,0,0,0,0,0,0,0,0,0,0,0,29,0,0,0,0,0,0,0,84,33,37,3,0,0,0,0,133,2,0,0,0,0,0,0,0,0,0,0,2,0,0,15822,0,37,0,0,1,1,0,0,34,0,0,0,1,0,0,0,194,0,0,0,0,0,4,36,2,0,0,0,0,0,0,0,0,0,0,0,12,0,0,0,0,0,0,1,0,15011
9d0f8b97-5f89-43b7-98c5-2de22e0cb9cf,SCISSORS,15,0,0,0,0,0,0,0,0,0,0,0,7,0,0,0,0,0,0,0,0,0,69,0,16,120,0,0,0,95,0,0,0,0,0,0,0,22,0,0,0,0,0,0,0,0,15212,0,1,0,0,0,0,0,0,0,0,0,2,0,0,2,0,0,0,0,0,0,0,101,47,3,2,0,0,0,0,128,0,0,0,0,0,0,0,0,0,41,0,2,0,0,15850,0,0,0,0,1,1,0,0,26,0,0,0,0,0,0,0,208,0,0,0,0,0,0,21,1,1,0,0,0,0,0,70,0,0,0,0,0,0,0,0,0,0,0,0,0,15023
28de76a8-05c1-4be7-bf59-a65565aec7bc,ROCK,7,0,0,0,0,1,13,0,0,0,0,0,0,0,0,0,0,0,0,0,0,2,56,0,0,54,0,0,0,117,0,0,0,0,0,0,0,0,0,0,0,0,0,0,0,0,15232,0,0,0,0,0,0,0,0,0,0,0,0,0,0,0,0,0,0,0,0,0,52,59,17,9,1,1,0,0,0,104,0,0,0,0,0,0,0,0,0,0,0,0,0,0,15865,0,16,0,0,0,0,0,0,0,0,0,0,0,0,3,0,158,0,0,0,0,0,28,27,1,1,0,0,0,0,0,0,0,0,0,0,0,0,0,0,1,0,8,0,0,15037
64325e60-2d3d-46c7-84c3-304129ef5506,ROCK,16,0,0,0,0,0,2,0,0,76,0,0,30,1,0,0,0,0,0,0,0,1,5,0,41,153,1,0,0,191,0,0,0,0,0,0,0,0,0,0,0,0,2,0,0,0,15257,0,24,0,0,0,0,0,0,0,0,0,0,0,0,0,0,0,0,0,0,0,162,23,103,9,9,0,0,0,0,145,18,0,0,0,0,10,0,0,0,0,0,0,0,0,15896,0,98,0,0,0,0,0,0,0,0,0,0,0,0,4,0,162,0,0,0,0,2,108,51,3,2,0,0,0,0,0,0,0,0,0,0,5,0,0,0,13,0,55,0,0,15079
578bf130-f914-43a4-a86f-db9314dbdeff,PAPER,8,0,0,0,0,0,0,0,0,0,0,0,2,0,0,10,0,0,0,0,0,0,33,0,46,103,2,0,0,171,0,0,0,0,0,0,0,0,0,0,0,0,0,1,0,0,15277,0,44,0,0,0,0,0,0,0,0,0,0,0,0,0,0,32,0,0,0,0,46,27,43,26,1,0,0,0,0,130,4,0,0,0,0,0,0,0,1,0,13,0,1,0,15917,0,68,0,0,0,0,0,0,0,0,0,0,0,0,0,0,116,0,0,0,0,67,46,40,1,2,0,0,0,0,0,0,0,0,0,0,28,0,0,0,0,0,0,0,0,15094
4c830bcd-b8d9-4fe2-bc08-d87bdd315413,SCISSORS,19,0,0,0,0,0,0,0,0,0,0,0,0,0,0,0,0,0,0,0,0,0,81,0,29,103,0,0,0,153,0,0,0,0,0,0,0,112,0,0,0,2,0,0,0,0,15298,0,0,0,0,0,0,0,0,0,0,0,0,0,0,32,0,119,0,0,0,0,0,31,144,79,4,0,0,0,0,57,9,0,0,0,0,0,0,0,3,2,0,0,0,0,15960,0,89,0,0,0,0,0,0,40,0,0,0,0,0,0,0,98,0,0,0,0,72,1,97,9,3,0,0,0,0,0,32,0,0,0,0,39,0,0,0,0,0,0,0,0,15128
dad9c6da-3c20-45d0-925a-624d63e03683,SCISSORS,16,0,0,0,0,0,0,0,0,0,0,0,0,0,0,0,0,0,0,0,0,0,0,48,0,40,0,0,0,47,0,0,0,0,0,0,0,62,0,0,0,0,0,0,0,0,15301,0,0,0,0,0,0,0,0,0,0,0,0,0,0,0,0,73,0,0,0,0,0,94,4,3,0,0,0,0,0,11,0,0,0,0,0,0,0,0,0,2,0,10,0,0,15970,0,0,0,0,0,2,0,0,18,0,0,0,1,0,0,1,0,0,0,0,0,0,0,0,0,0,0,0,0,0,0,175,0,0,0,0,0,0,0,0,0,0,0,0,0,15137
78942822-4522-4561-bdcf-54aef28b3c22,ROCK,12,0,0,0,0,0,67,0,0,0,0,0,0,0,0,0,2,0,0,0,0,0,21,47,0,139,0,0,0,143,0,0,0,0,0,0,0,0,0,0,0,0,0,0,1,0,15319,0,0,0,0,0,0,0,0,0,0,0,0,0,0,0,0,40,0,0,0,0,1,156,50,23,9,0,0,0,0,141,0,0,0,0,0,0,0,0,0,0,0,0,0,0,15999,0,35,0,0,0,0,0,0,0,0,0,0,0,0,3,0,0,0,0,0,0,35,2,30,16,1,0,0,0,0,0,224,0,0,0,0,13,0,0,0,58,0,3,0,0,15163
5065156e-6201-4206-8a1b-e9191b8adbea,ROCK,10,0,0,0,0,1,0,0,0,38,0,0,0,0,0,0,0,0,0,0,0,0,0,0,0,139,0,0,0,177,0,0,0,0,0,0,0,0,0,0,0,0,1,0,1,0,15330,0,0,0,0,0,0,0,0,0,0,0,0,0,0,0,0,0,0,0,0,0,0,128,33,4,1,0,0,0,0,190,0,0,0,0,0,1,0,0,0,0,0,0,0,0,16014,0,2,0,0,0,0,0,0,0,0,0,0,0,0,22,0,0,0,0,0,0,97,0,7,1,1,0,0,0,0,0,226,0,0,0,0,0,0,0,0,0,0,1,0,0,15174
9850fe3b-26f7-4db9-8283-dedd6a5b7716,PAPER,8,0,0,0,0,0,0,0,0,0,0,0,0,0,0,1,0,0,0,0,0,0,35,0,56,130,0,0,0,252,0,0,0,0,0,0,0,0,0,0,0,1,0,28,0,0,15352,0,29,0,0,0,0,0,0,1,0,0,0,2,0,0,0,30,0,0,0,0,66,69,77,50,2,0,0,0,0,143,1,0,0,0,0,0,0,0,0,0,33,0,0,0,16053,0,52,0,0,0,0,0,0,0,0,0,0,0,0,0,0,33,0,0,0,0,144,0,125,16,3,0,0,0,0,0,108,0,0,0,0,22,0,0,0,0,0,0,0,0,15196
1374a00f-af24-4f1f-a9c5-ab033f573fac,SCISSORS,18,0,0,0,0,0,0,0,0,0,0,0,0,0,0,0,0,0,0,0,0,0,125,3,9,12,0,0,0,66,0,0,0,0,0,0,0,0,0,0,0,23,0,0,0,0,15367,0,98,0,0,0,0,0,0,0,0,0,0,0,0,0,0,0,0,0,0,0,36,0,38,1,1,0,0,0,0,46,0,0,0,0,0,0,0,0,0,17,0,1,0,0,16063,0,0,0,0,1,1,0,0,16,0,0,0,0,0,0,2,34,0,0,0,0,57,0,0,0,0,0,0,0,0,0,127,0,0,0,0,0,0,0,0,0,0,0,0,0,15205
1bef9881-5364-460e-8c79-ed9337d1e2e2,SCISSORS,5,0,0,0,0,0,0,0,0,0,0,0,0,0,0,0,0,0,0,0,0,0,73,0,0,33,0,0,0,30,0,0,0,0,0,0,0,0,0,0,0,0,0,0,0,0,15370,0,59,0,0,0,0,0,0,0,0,0,0,0,0,1,0,0,0,0,0,0,46,0,6,1,1,0,0,0,0,0,0,0,0,0,0,0,0,0,0,1,0,21,0,0,16073,0,16,0,0,1,0,0,0,24,0,0,0,0,0,0,0,95,0,0,0,0,0,0,0,0,0,0,0,0,0,0,0,0,0,0,0,0,0,0,0,0,0,0,0,0,15209
7b919ea1-86dd-4bbe-879c-aa7a87f9d8d1,ROCK,17,0,0,0,0,2,1,0,0,88,0,0,0,0,0,0,1,0,0,0,0,0,85,7,0,85,0,0,0,42,0,0,0,0,0,0,0,0,0,0,0,0,3,0,1,0,15405,0,138,0,0,0,0,0,0,0,0,0,0,0,0,0,0,0,0,0,0,0,25,0,131,7,7,0,0,0,0,7,0,0,0,0,0,0,0,0,0,0,0,0,0,0,16105,0,141,0,0,0,0,0,0,0,0,0,0,0,0,4,0,0,0,0,0,0,22,0,54,5,4,0,0,0,0,0,21,0,0,0,0,0,0,0,0,2,0,62,0,0,15243
9be3a782-ecfd-4662-87e9-dc41e8d26e28,SCISSORS,13,0,0,0,0,0,0,0,0,0,0,0,0,0,0,0,0,0,0,0,0,0,0,0,0,65,0,0,0,55,0,0,0,0,0,0,0,0,0,0,0,0,0,0,0,0,15406,0,39,0,0,0,0,0,0,0,0,0,0,0,0,28,0,0,0,0,0,0,11,0,1,0,0,0,0,0,0,37,0,0,0,0,0,0,0,0,0,3,0,1,0,0,16114,0,62,0,0,1,0,0,0,34,0,0,0,0,0,0,0,8,0,0,0,0,15,0,0,0,0,0,0,0,0,0,0,0,0,0,0,0,0,0,0,0,0,0,0,0,15248
c366f642-4412-4fbf-92f2-3afc6e03a61d,SCISSORS,8,0,0,0,0,0,0,0,0,0,0,0,0,0,0,0,0,0,0,0,0,0,60,0,20,119,1,0,0,105,0,11,0,0,0,0,0,0,0,0,0,0,0,0,0,0,15420,0,49,0,0,0,0,0,0,0,0,0,0,0,0,3,0,0,0,0,0,0,15,16,24,20,1,0,0,0,0,154,0,0,0,0,0,0,0,0,0,33,0,1,0,0,16135,0,0,0,0,1,1,0,0,36,0,0,0,0,0,0,0,102,0,0,0,0,0,0,20,1,0,0,0,0,0,0,135,0,0,0,0,20,0,0,0,0,0,0,0,0,15259
c5c68756-681f-4c8d-824e-6c48b3eed349,SCISSORS,10,0,0,0,0,0,0,0,0,0,0,0,0,0,0,0,0,0,0,0,0,0,104,1,69,476,2,6,0,251,0,0,0,0,0,0,0,0,0,0,0,0,0,0,0,0,15461,0,204,0,0,0,0,0,0,18,0,0,6,0,0,0,0,0,0,0,0,0,80,16,288,12,14,0,0,0,0,180,39,0,0,0,0,0,0,0,33,3,0,16,0,0,16227,0,91,0,0,1,3,0,0,32,0,0,0,0,0,0,0,162,0,0,0,0,3,1,208,16,5,0,0,0,0,0,311,0,0,0,0,75,0,0,0,0,0,0,1,0,15327
d32e2c98-0dac-4562-be84-11855ee3ed4b,ROCK,18,0,0,0,0,0,1,0,0,30,0,0,0,1,0,0,0,0,0,0,0,1,13,0,0,83,0,0,0,64,0,0,0,0,0,0,0,0,0,0,0,0,1,0,1,0,15481,0,0,0,0,0,0,0,0,0,0,0,0,0,0,0,0,0,0,0,0,0,51,0,12,4,0,0,0,0,0,66,0,0,0,0,0,0,0,0,62,0,0,0,0,0,16236,0,1,0,0,0,0,0,0,0,0,0,0,0,0,19,0,16,0,0,0,0,0,17,12,0,0,0,0,0,0,0,130,0,0,0,0,0,0,0,0,0,0,0,0,0,15333
a9e87a55-0830-4982-b7e5-806607bb2192,PAPER,13,0,0,0,0,0,0,0,0,0,0,0,0,0,0,12,0,0,0,0,0,0,15,0,0,1,0,0,0,72,0,0,0,0,0,0,0,0,0,0,0,1,0,0,0,0,15486,0,13,0,0,0,0,0,0,0,0,0,0,0,0,0,1,0,0,0,0,0,15,0,0,0,0,0,0,0,0,57,0,0,0,0,0,0,0,0,0,0,14,0,1,0,16243,0,0,0,0,0,0,0,0,0,0,0,0,0,0,0,0,0,0,0,0,0,0,15,0,0,0,0,0,0,0,0,86,0,0,0,0,0,0,0,0,0,0,0,0,0,15334
e445bb46-2fee-4ca3-ac0f-ea285f9e4036,PAPER,19,0,0,0,0,0,0,0,0,0,0,0,0,0,0,3,0,0,0,0,0,0,48,2,28,200,1,31,0,287,0,0,27,0,0,0,0,0,0,0,0,30,0,1,0,0,15522,0,82,0,0,1,1,0,0,0,0,0,0,0,0,0,0,0,0,0,0,0,26,2,88,4,2,0,0,0,0,350,66,0,0,0,0,0,0,0,3,0,33,0,0,0,16281,0,64,0,0,0,0,0,0,0,0,0,0,0,0,0,0,220,0,0,0,0,77,0,107,1,3,0,0,0,0,0,151,0,0,0,0,35,0,0,0,0,0,0,0,0,15356
08403885-dcae-4775-845c-e95c42f4b928,ROCK,9,0,0,0,0,0,0,0,0,59,0,0,0,0,0,0,0,0,0,0,0,1,59,0,0,65,0,0,0,99,0,0,0,0,0,0,0,0,0,0,0,0,0,0,0,0,15533,0,97,0,0,0,0,0,0,0,0,0,0,0,0,0,0,0,0,0,0,0,73,0,15,2,0,0,0,0,0,96,0,0,0,0,0,0,0,0,0,0,0,0,0,0,16286,0,0,0,0,0,0,0,0,0,0,0,0,0,0,1,0,146,0,0,0,0,83,0,9,0,0,0,0,0,0,0,0,0,0,0,0,0,0,0,0,42,0,2,0,0,15365
28b6ff92-3d63-49f2-ae5b-d5e83c934bbb,SCISSORS,5,0,0,0,0,0,0,0,0,0,0,0,0,0,0,0,0,0,0,0,0,0,86,0,18,47,0,16,0,197,0,0,0,0,0,0,0,0,0,0,0,0,0,0,0,0,15546,0,0,0,0,0,0,0,0,0,0,0,0,0,0,2,0,0,0,0,0,0,77,0,52,5,2,0,0,0,0,197,0,0,0,0,0,0,0,0,0,3,0,26,0,0,16307,0,8,0,0,0,0,0,0,35,0,0,0,1,0,0,0,183,0,0,0,0,43,0,66,1,3,0,0,0,0,0,0,0,0,0,0,24,0,0,0,0,0,0,0,0,15380
4205a80f-720a-46c6-b201-3f36dab645f0,SCISSORS,10,0,0,0,0,0,0,0,0,0,0,0,0,0,0,0,0,0,0,0,0,0,120,1,77,17,5,0,0,62,0,0,0,0,0,0,0,0,0,0,0,0,0,0,0,0,15565,0,89,0,0,0,0,0,0,0,0,0,0,0,0,0,0,0,0,0,0,0,49,46,48,2,4,0,0,0,0,35,0,0,0,0,0,0,0,0,0,9,0,0,0,0,16326,0,135,0,0,1,0,0,0,22,0,0,0,0,0,0,0,93,0,0,0,0,0,0,27,1,2,0,0,0,0,0,0,0,0,0,0,0,0,0,0,0,0,0,1,0,15392
069f0a2a-0a29-4448-b22e-b1bf10e496c8,ROCK,12,0,0,0,0,0,3,0,0,71,0,0,0,0,0,0,1,0,0,0,0,0,67,1,24,31,0,18,0,70,0,0,0,0,0,0,0,0,0,0,0,0,0,0,0,0,15583,0,36,0,0,0,0,0,0,0,0,0,0,0,0,0,0,0,0,0,0,0,0,63,146,4,2,0,0,0,0,35,0,0,0,0,0,0,0,0,0,0,0,0,0,0,16341,0,194,0,0,0,0,0,0,0,0,0,0,0,0,52,0,0,0,0,0,0,35,0,0,0,0,0,0,0,0,0,0,0,0,0,0,0,0,0,0,3,0,2,0,0,15405
1e7cbee0-47c2-4e5f-bb33-416700836720,ROCK,6,0,0,0,0,0,1,0,0,42,0,0,0,2,0,0,2,0,0,0,0,1,0,0,0,53,0,0,0,128,0,0,0,0,0,0,0,0,0,0,0,0,0,0,0,0,15597,0,64,0,0,0,0,0,0,0,0,0,0,0,0,0,0,0,0,0,0,0,75,0,86,2,0,0,0,0,0,2,0,0,0,0,0,0,0,0,0,0,0,0,0,0,16346,0,94,0,0,0,0,0,0,0,0,0,0,0,0,0,0,0,0,0,0,0,91,0,3,0,0,0,0,0,0,0,0,0,0,0,0,0,0,0,0,3,0,38,0,0,15416
97fa0455-060d-4299-bcbb-450fe142ffd7,ROCK,5,0,0,0,0,0,1,0,0,34,0,0,0,1,0,0,0,0,0,0,0,2,22,3,0,59,0,1,0,115,0,0,0,0,0,0,0,0,0,0,0,0,0,0,0,0,15615,0,36,0,0,0,0,0,0,0,0,0,0,0,0,0,0,0,0,0,0,0,38,73,47,3,1,0,0,0,0,40,0,0,0,0,0,0,0,0,0,0,0,0,0,0,16358,0,120,0,0,0,0,0,0,0,0,0,0,0,0,0,0,0,0,0,0,0,36,0,23,2,1,0,0,0,0,0,0,0,0,0,0,0,0,0,0,56,0,0,0,0,15424
8e72c012-da65-4102-b2a2-1d7690b09652,SCISSORS,18,0,0,0,0,0,0,0,0,0,0,0,0,0,0,0,0,0,0,0,0,0,165,6,35,56,1,120,0,148,0,0,0,0,0,0,0,0,0,0,0,0,0,0,0,0,15639,0,40,0,0,0,0,0,0,14,0,0,0,0,0,56,0,0,0,0,0,0,56,57,167,80,8,0,0,0,0,41,0,0,0,0,0,0,0,0,0,9,0,3,0,0,16411,0,202,0,0,2,1,0,0,60,0,0,0,4,0,0,2,27,0,0,0,0,2,18,148,6,1,0,0,0,0,0,0,0,0,0,0,0,0,0,0,56,0,0,2,0,15476
71476c36-a91e-498a-9a21-0e9456da6eae,ROCK,9,0,0,0,0,1,0,0,0,43,0,0,0,2,0,0,1,0,0,0,0,0,94,2,0,23,0,5,0,94,0,0,0,0,0,0,0,0,0,0,0,0,0,0,1,0,15658,0,46,0,0,0,0,0,0,0,0,0,0,0,0,0,0,0,0,0,0,0,139,1,31,3,1,0,0,0,0,45,0,0,0,0,0,0,0,0,0,0,0,0,0,0,16424,0,1,0,0,0,0,0,0,0,0,0,0,0,0,40,0,189,0,0,0,0,0,24,6,0,0,0,0,0,0,0,0,0,0,0,0,0,0,0,0,3,0,3,0,0,15492
abd7a4e5-4162-46c2-9a2c-9d8fbceb6e17,PAPER,20,0,0,0,0,0,0,0,0,0,0,0,0,0,0,2,0,0,0,0,0,0,33,0,18,56,1,1,0,184,0,0,0,0,0,0,0,0,0,0,0,0,0,17,0,0,15672,0,57,0,0,0,1,0,0,51,0,0,0,1,0,0,0,0,0,0,0,0,63,0,16,44,0,0,0,0,0,79,0,0,0,0,0,0,0,0,0,0,0,0,0,0,16440,0,24,0,0,0,0,0,0,0,0,0,0,0,0,0,0,102,0,0,0,0,0,134,45,2,5,0,0,0,0,0,0,0,0,0,0,0,0,0,0,0,0,0,0,0,15511
3ce1c45b-3b25-49a3-acff-f2b85f7b531f,PAPER,20,0,0,0,0,0,0,0,0,0,0,0,0,0,0,24,0,0,0,0,31,0,87,2,12,24,1,5,0,137,0,0,0,0,0,0,0,0,0,0,0,1,0,0,0,0,15708,0,0,0,0,0,1,0,0,121,0,0,0,0,0,0,1,0,0,0,0,0,0,0,21,3,0,0,0,0,0,151,0,0,0,0,0,0,0,0,0,0,26,0,0,0,16454,0,0,0,0,0,0,0,0,0,0,0,0,0,0,0,0,198,0,0,0,0,56,50,18,1,0,0,0,0,0,0,0,0,0,0,0,1,0,0,0,0,0,0,0,0,15517
42fd24cd-7c8f-4aae-9dd9-acd7ae898390,PAPER,16,0,0,0,0,0,0,0,0,0,0,0,0,0,0,1,0,0,0,0,0,0,86,0,17,52,2,0,0,87,0,0,0,0,0,0,0,0,0,0,0,21,0,1,0,0,15725,0,17,0,0,0,0,0,0,110,0,0,0,0,0,0,0,0,0,0,0,0,24,2,4,6,0,0,0,0,0,77,0,0,0,0,0,0,0,0,0,0,27,0,0,0,16466,0,3,0,0,0,0,0,0,0,0,0,0,0,0,0,0,100,0,0,0,0,125,1,35,1,2,0,0,0,0,0,0,0,0,0,0,0,0,0,0,0,0,0,0,0,15529
9f54c38b-589e-4fad-bdfe-3ca29d883409,SCISSORS,20,0,0,0,0,0,0,0,0,0,0,0,1,0,0,0,0,0,0,0,0,0,156,1,24,3,3,0,0,58,0,0,0,0,0,0,0,0,0,0,0,0,0,0,0,0,15738,0,97,0,0,0,0,0,0,0,0,0,0,0,0,2,0,0,0,0,0,0,31,0,26,6,2,0,0,0,0,0,41,0,0,0,0,0,0,0,0,40,0,1,0,0,16482,0,0,0,0,1,2,0,0,45,0,0,0,0,0,0,0,79,0,0,0,0,79,0,0,0,0,9,0,0,0,0,29,0,0,0,0,0,0,0,0,0,0,0,2,0,15546
e156a825-ce33-4711-bb27-ee63a03770e5,SCISSORS,11,0,0,0,0,0,0,0,0,0,0,0,0,0,0,0,0,0,0,0,0,0,109,0,34,61,3,0,0,77,0,0,0,0,0,0,0,0,0,0,0,0,0,0,0,0,15755,0,71,0,0,0,0,0,0,0,0,0,0,0,0,0,0,0,0,0,0,0,59,17,10,31,0,0,0,0,0,69,0,0,0,0,0,0,0,0,0,2,0,25,0,0,16494,0,16,0,0,0,0,0,0,28,0,0,2,0,0,0,2,19,0,0,0,0,18,3,27,2,0,12,0,0,0,0,154,0,0,0,0,0,0,0,0,0,0,0,1,0,15565
715770ee-0cf9-43ea-bdb6-c218c4131685,PAPER,14,0,0,0,0,0,0,0,0,0,0,0,0,0,0,1,0,0,0,0,0,0,88,0,6,167,0,2,0,109,0,0,0,0,0,0,0,0,0,0,0,0,3,12,0,0,15773,0,149,0,0,0,0,0,0,0,0,0,0,1,0,0,0,0,0,0,0,0,10,57,5,1,0,0,0,0,0,57,93,0,0,0,0,0,0,0,0,0,15,0,0,0,16509,0,249,0,0,0,0,0,0,0,0,0,2,0,0,0,0,0,0,0,0,0,49,0,44,6,0,0,0,0,0,0,36,0,0,0,0,2,0,0,0,0,0,0,0,0,15583
e48d2d0b-fa12-4e69-821c-2da534a99444,SCISSORS,9,0,0,0,0,0,0,0,0,0,0,0,0,0,0,0,0,0,0,0,0,0,55,0,8,1,0,70,0,49,0,2,0,0,0,0,0,0,0,0,0,0,0,0,0,0,15778,0,113,0,0,0,0,0,0,0,0,0,0,0,0,2,0,0,0,0,0,0,15,0,3,2,0,0,0,0,0,0,0,0,0,0,0,0,0,0,0,2,0,48,0,0,16519,0,52,0,0,1,1,0,0,49,0,0,0,1,0,0,1,14,0,0,0,0,62,2,0,0,0,0,0,0,0,0,0,0,0,0,0,0,0,0,0,0,0,0,2,0,15602
106ee584-7f09-4631-9715-bcf47ffe5113,ROCK,17,0,0,0,0,3,2,0,0,68,0,0,0,0,0,0,1,0,0,0,0,2,43,3,0,29,0,25,0,52,0,0,0,0,0,0,0,0,0,0,0,0,0,0,0,0,15808,0,45,0,0,0,0,0,0,0,0,0,0,0,0,0,0,0,0,0,0,0,121,2,29,2,3,0,0,0,0,0,26,0,0,0,0,0,0,0,0,0,0,0,0,0,16537,0,1,0,0,0,0,0,0,0,0,0,0,0,0,4,0,115,0,0,0,0,12,0,34,1,2,0,0,0,0,0,0,0,0,0,0,0,0,0,0,2,0,57,0,0,15624
d57b8241-050e-46f7-bba0-ff45acc0e5f4,SCISSORS,17,0,0,0,0,0,0,0,0,17,0,0,0,0,0,0,0,0,0,0,0,0,60,2,8,12,1,12,0,69,0,5,0,0,0,0,0,0,0,0,0,7,0,0,0,0,15823,0,13,0,0,0,0,0,0,0,0,0,0,0,0,39,0,0,0,0,0,0,29,0,15,1,0,0,0,0,0,93,0,0,0,0,0,0,0,0,0,0,0,3,0,0,16551,0,11,0,0,1,0,0,0,43,0,0,0,1,0,0,0,120,0,0,0,0,14,0,0,0,0,0,0,0,0,0,0,0,0,0,0,0,0,0,0,0,0,0,3,0,15637
d4303d54-6d38-4290-8272-d9725a75b0ed,ROCK,8,0,0,0,0,2,1,0,0,71,0,0,0,0,0,0,0,0,0,0,0,0,24,1,0,81,0,0,0,76,0,0,0,0,0,0,0,23,0,0,0,0,0,0,0,0,15841,0,0,0,0,0,0,0,0,0,0,0,0,0,0,0,0,0,0,0,0,0,13,0,18,0,77,0,0,0,0,171,0,0,0,0,0,0,0,0,0,0,0,0,0,0,16556,0,204,0,0,0,0,0,0,0,0,0,0,0,0,53,0,0,0,0,0,0,16,0,0,0,0,2,0,0,0,0,0,0,0,0,0,0,0,0,0,1,0,3,0,0,15648
715de402-dfe3-4b3c-8b5a-d2ffe7154d56,SCISSORS,5,0,0,0,0,0,0,0,0,0,0,0,0,0,0,0,0,0,0,0,0,0,56,1,17,125,3,0,0,86,0,0,0,0,0,0,0,0,0,0,0,0,0,0,0,0,15858,0,2,0,0,0,0,0,0,27,0,0,0,0,0,0,0,0,0,0,0,0,7,78,57,13,8,0,0,0,0,70,0,0,0,0,0,0,0,0,0,25,0,1,0,0,16596,0,63,0,0,1,0,0,0,30,0,0,0,0,0,0,0,28,0,0,0,0,3,0,89,18,5,0,0,0,0,0,29,0,0,0,0,22,0,0,0,0,0,0,0,0,15676
e6ac186c-83e6-4a3e-adae-fb5748564d02,SCISSORS,12,0,0,0,0,0,0,0,0,0,0,0,0,0,0,0,0,0,0,0,0,0,232,11,285,133,14,0,0,219,0,0,0,0,0,0,0,250,0,0,0,0,0,0,0,0,15972,0,17,0,0,0,0,0,0,22,0,0,4,0,0,0,0,0,0,0,0,0,117,22,503,125,17,12,0,0,0,104,174,0,0,0,0,0,0,0,6,21,0,0,0,0,16727,0,414,0,0,0,0,0,0,21,0,0,5,2,0,0,1,104,0,0,0,0,3,56,319,9,14,0,0,0,0,0,149,0,0,0,0,42,0,0,0,5,0,0,0,0,15758
b434b630-266c-48fb-8a97-e84582e6b4ae,SCISSORS,19,0,0,0,0,0,0,0,0,0,0,0,0,0,0,0,0,0,0,0,0,0,72,0,0,168,1,0,0,102,0,0,0,0,0,0,0,0,0,0,0,0,0,0,0,0,15983,0,0,0,0,0,0,0,0,0,0,0,0,0,0,35,0,0,0,0,0,0,23,0,34,19,0,0,0,0,0,157,72,0,0,0,0,0,0,0,0,1,0,2,0,0,16743,0,118,0,0,0,1,0,0,41,0,0,0,1,0,0,1,86,0,0,0,0,0,0,51,2,3,0,0,0,0,0,0,0,0,0,0,38,0,0,0,0,0,0,1,0,15781
6066dae8-3322-4905-86bb-c15dc1a928fb,ROCK,16,0,10,0,0,0,0,0,0,45,0,0,0,1,0,0,1,0,0,0,0,1,16,1,13,182,1,0,0,169,0,0,0,0,0,0,0,0,0,0,13,0,0,0,0,0,16016,0,0,0,0,0,0,0,0,0,0,0,0,0,0,0,0,0,0,0,0,0,56,0,36,29,5,0,0,0,0,252,75,0,0,0,0,0,0,0,0,0,0,0,0,0,16768,0,348,0,0,0,0,0,0,0,0,0,0,0,0,0,0,0,0,0,0,0,1,26,31,3,2,0,0,0,0,0,0,0,0,0,0,15,0,0,0,26,0,1,0,0,15804
d5280242-ef4c-4194-8fcd-dd8d5b6bc766,SCISSORS,11,0,0,0,0,0,0,0,0,14,0,0,0,0,0,0,0,0,0,0,0,0,75,3,0,113,0,0,0,123,0,0,0,0,0,0,0,1,0,0,0,0,0,0,0,0,16033,0,0,0,0,0,0,0,0,0,0,0,0,0,0,0,0,0,0,0,0,0,59,0,42,18,2,0,0,0,0,173,0,0,0,0,0,0,0,0,0,34,0,1,0,0,16793,0,99,0,0,1,2,0,0,41,0,0,0,1,0,0,0,8,0,0,0,0,0,13,57,1,0,0,0,0,0,0,41,0,0,0,0,63,0,0,0,0,0,0,2,0,15825
2616c1c8-ef21-4f7c-8f5a-f03df57fefc5,ROCK,11,0,0,0,0,1,1,0,0,68,0,0,0,0,0,0,1,0,0,0,0,0,59,1,18,2,0,0,0,42,0,0,0,0,0,0,0,18,0,0,0,0,0,0,1,0,16055,0,0,0,0,0,0,0,0,0,0,0,0,0,0,0,0,0,0,0,0,0,86,0,62,1,5,0,0,0,0,58,0,0,0,0,0,0,0,0,0,0,0,0,0,0,16805,0,105,0,0,0,0,0,0,0,0,0,0,0,0,1,0,13,0,0,0,0,1,23,19,2,0,0,0,0,0,0,0,0,0,0,0,0,0,0,0,47,0,1,0,0,15838
b10d48ee-17c7-4924-a922-2d7a2ee31fb3,SCISSORS,19,0,15,0,0,0,0,0,0,0,0,0,0,0,0,0,0,0,0,0,4,0,68,2,26,228,1,0,0,298,0,0,0,0,0,0,0,38,0,0,25,0,0,0,0,0,16087,0,14,0,0,0,0,0,0,8,0,0,0,0,0,2,0,0,0,0,0,0,30,2,190,21,4,0,0,0,0,413,0,0,0,0,0,0,0,0,0,2,0,19,0,0,16853,0,431,0,0,2,1,0,0,31,0,0,0,0,0,0,0,11,0,0,0,0,0,15,56,3,6,0,0,0,0,0,96,0,0,0,0,53,0,0,0,0,0,0,0,0,15868
37517208-d91d-4d0d-8b6f-6c516e495e55,SCISSORS,19,0,0,0,0,0,0,0,0,0,0,0,0,0,0,0,0,0,0,0,0,0,17,0,17,2,1,0,0,58,0,0,0,0,0,0,0,63,0,0,0,0,0,0,0,0,16097,0,0,0,0,0,0,0,0,0,0,0,0,0,0,4,0,0,0,0,0,0,24,0,10,8,0,0,0,0,0,72,0,0,0,0,0,0,0,0,0,2,0,38,0,0,16870,0,84,0,0,1,1,0,0,48,0,0,0,1,0,0,1,19,0,0,0,0,3,0,0,0,0,0,0,0,0,0,0,0,0,0,0,0,0,0,0,0,0,0,0,0,15881
dcf9d958-aed7-4659-8679-96da47708d7b,SCISSORS,10,0,0,0,0,0,0,0,0,0,0,0,2,0,0,0,0,0,0,0,0,0,48,0,0,4,0,0,0,58,0,0,0,0,0,0,0,12,0,0,28,0,0,0,0,0,16105,0,0,0,0,0,0,0,0,0,0,0,0,0,0,19,0,0,0,0,0,0,37,0,0,6,0,0,0,0,0,90,0,0,0,0,0,0,0,0,0,0,0,0,0,0,16875,0,107,0,0,1,0,0,0,24,0,0,0,1,0,0,0,19,0,0,0,0,0,0,0,0,0,0,0,0,0,0,0,0,0,0,0,0,0,0,0,0,0,0,0,0,15886
6affa71a-58a8-472f-99f5-5f55571a3111,ROCK,9,0,0,0,0,0,0,0,0,35,0,0,0,1,0,0,0,0,0,0,0,0,65,0,0,187,0,0,0,228,0,0,0,0,0,5,0,36,0,0,0,3,0,0,0,0,16130,0,0,0,0,0,0,0,0,0,0,0,0,0,0,0,0,0,0,0,0,0,15,52,159,53,5,0,0,0,0,269,0,0,0,0,0,0,0,0,7,0,0,0,0,0,16917,0,160,0,0,0,0,0,0,0,0,0,0,0,0,0,0,95,0,0,0,0,31,0,110,6,7,0,0,0,0,0,129,0,0,0,0,9,0,0,0,1,0,12,0,0,15926
7749b547-80ac-4d43-aa05-5eec3c2547be,ROCK,10,0,0,0,0,0,34,0,0,1,0,0,0,1,0,0,1,0,0,0,0,1,0,0,0,131,0,0,0,123,0,0,0,0,0,0,0,0,0,0,0,0,1,0,1,0,16146,0,0,0,0,0,0,0,0,0,0,0,0,0,0,0,0,0,0,0,0,0,85,51,3,86,5,0,0,0,0,64,0,0,0,0,0,0,0,0,0,0,0,0,0,0,16940,0,16,0,0,0,0,0,0,0,0,0,0,0,0,19,0,0,0,0,0,0,83,0,35,0,2,0,0,0,0,0,137,0,0,0,0,0,0,0,0,2,0,0,0,0,15938
e83895d3-dd01-4340-8505-f3d68a7c5db8,SCISSORS,11,0,12,0,0,0,0,0,0,0,0,0,0,0,0,0,0,0,0,0,0,0,132,3,85,187,5,0,0,341,0,0,0,0,0,0,0,80,0,0,0,0,0,0,0,0,16193,0,32,0,0,0,0,0,0,0,0,0,0,0,0,2,0,26,0,0,0,0,105,4,194,70,12,0,0,0,0,340,24,0,0,0,0,0,0,0,0,36,0,0,0,0,17018,0,2,0,0,2,1,0,0,31,0,0,0,2,0,0,2,157,0,0,0,0,57,54,186,27,9,34,0,0,0,0,247,0,0,0,0,33,0,0,0,0,0,0,1,0,16009
199a0621-6c1d-4a67-b9b0-9f65a51a13a4,SCISSORS,18,0,0,0,0,0,0,0,0,0,0,0,0,0,0,0,0,0,0,0,0,0,76,2,0,143,0,0,0,197,0,0,0,0,0,0,0,85,0,0,24,0,0,0,0,0,16219,0,7,0,0,0,0,0,0,0,0,0,0,0,0,0,0,0,0,0,0,0,53,1,4,110,3,0,0,0,0,341,0,0,0,0,0,0,0,0,4,4,0,0,0,0,17046,0,10,0,0,0,0,0,0,6,0,0,0,0,0,0,0,48,0,0,0,0,0,0,72,2,2,0,0,0,0,0,339,0,0,0,0,48,0,0,0,0,0,0,0,0,16029
0fdf982b-b617-41d3-8f75-8122c85e8795,SCISSORS,15,0,0,0,0,0,0,0,0,0,0,0,0,0,0,0,0,0,0,0,0,0,65,1,16,52,2,0,0,71,0,0,24,0,0,0,0,8,0,0,0,3,0,0,0,0,16233,0,0,0,0,0,0,0,0,0,0,0,0,0,0,21,0,0,0,0,0,0,29,0,23,6,1,0,0,0,0,162,0,0,0,0,0,0,0,0,0,0,0,0,0,0,17055,0,0,0,0,0,2,0,0,25,0,0,0,0,0,0,0,18,0,0,0,0,0,16,0,0,0,1,0,0,0,0,178,0,0,0,0,0,0,0,0,2,0,0,0,0,16039
a150cbf8-cded-45c7-a5bd-f40b88a03307,ROCK,12,0,0,0,0,0,1,0,0,42,0,0,0,0,0,0,1,0,0,0,0,0,19,0,15,129,1,0,0,113,0,0,0,0,0,0,0,0,0,0,0,0,0,0,0,0,16251,0,16,0,0,0,0,0,0,0,0,0,0,0,0,0,0,0,0,0,0,0,69,0,38,10,1,0,0,0,0,147,40,0,0,0,0,0,0,0,0,0,0,0,0,0,17067,0,0,0,0,0,0,0,0,0,0,0,0,0,0,0,0,0,0,0,0,0,0,18,48,4,2,0,0,0,0,0,221,0,0,0,0,0,0,0,0,3,0,25,0,0,16059
35f96f64-8a9a-43e4-857c-78e2cbf64b18,ROCK,13,0,0,0,0,1,1,0,0,32,0,0,0,0,0,0,0,0,0,0,0,0,75,3,13,159,1,0,0,244,0,0,0,0,0,0,0,36,0,0,0,0,3,0,1,0,16291,0,0,0,0,0,0,0,0,8,0,0,0,0,0,0,0,0,0,0,0,0,99,1,135,43,7,0,0,0,0,128,148,0,0,0,0,0,0,0,0,0,0,0,0,0,17106,0,53,0,0,0,0,0,0,0,0,0,0,0,0,15,0,158,0,0,0,0,0,44,67,1,0,29,0,0,0,0,200,0,0,0,0,1,0,0,0,0,0,1,0,0,16077
49575915-fef8-48e2-b9bd-65ca2222a5d7,PAPER,13,0,0,0,0,0,0,0,0,0,0,0,0,0,0,2,0,0,0,0,1,0,13,0,3,110,0,0,0,91,0,0,0,0,0,0,0,1,0,0,0,1,0,16,0,0,16305,0,0,0,0,0,0,0,0,11,0,0,0,2,0,0,0,0,0,0,0,0,32,1,3,64,3,0,0,0,0,98,4,0,0,0,0,0,0,0,0,0,19,0,1,0,17131,0,0,0,0,0,0,0,0,0,0,0,0,0,0,0,0,0,0,0,0,0,0,49,44,0,1,0,0,0,0,0,144,0,0,0,0,0,0,0,0,0,0,0,0,0,16082
71940a09-7936-45b3-918a-8b386b31faff,PAPER,8,0,0,0,0,0,0,0,0,0,0,0,0,0,0,13,0,0,0,0,0,0,17,0,6,142,1,0,0,155,0,0,0,0,0,0,0,16,0,0,0,0,0,0,0,0,16319,0,0,0,0,0,1,0,0,57,0,0,0,0,0,0,0,0,0,0,0,0,17,3,1,73,1,0,0,0,0,65,119,0,0,0,0,0,0,0,0,0,13,0,0,0,17153,0,0,0,0,0,0,0,0,0,0,0,0,0,0,0,0,155,0,0,0,0,36,17,64,3,3,0,0,0,0,0,69,0,0,0,0,3,0,0,0,0,0,0,0,0,16100
b4cc8328-a731-4ba5-99e4-ac302f7e650b,SCISSORS,6,0,0,0,0,0,0,0,0,0,0,0,0,0,0,0,0,0,0,0,0,0,52,0,3,22,0,0,0,30,0,0,0,0,0,0,0,23,0,0,0,0,0,0,0,0,16324,0,0,0,0,0,0,0,0,0,0,0,0,0,0,1,0,5,0,0,0,0,22,0,2,31,0,0,0,0,0,59,0,0,0,0,0,0,0,0,0,10,0,0,0,0,17163,0,14,0,0,1,0,0,0,15,0,0,0,2,0,0,0,74,0,0,0,0,23,0,0,0,0,0,0,0,0,0,0,0,0,0,0,0,0,0,0,0,0,0,1,0,16111
c2d06434-2503-4bf7-b83b-fec5235de0a4,SCISSORS,20,0,0,0,0,0,0,0,0,0,0,0,0,0,0,0,0,0,0,0,0,0,21,47,0,15,0,0,0,28,0,6,0,0,0,0,0,0,0,0,0,0,0,0,0,0,16329,0,0,0,0,0,0,0,0,0,0,0,0,0,0,1,0,0,0,0,0,0,41,0,2,14,0,0,0,0,0,37,0,0,0,0,0,0,0,0,0,5,0,17,0,0,17174,0,74,0,0,1,0,0,0,23,0,0,0,1,0,0,0,17,0,0,0,0,0,0,0,0,0,0,0,0,0,0,0,0,0,0,0,0,0,0,0,0,0,0,1,0,16118
5e1746b0-e459-41ce-81da-5939c4385a8f,PAPER,13,0,0,0,0,0,0,0,0,0,0,0,0,0,0,0,0,0,0,0,0,0,9,25,4,45,1,0,0,74,0,0,0,0,0,0,0,0,0,0,0,28,0,1,0,0,16341,0,8,0,0,0,0,0,0,2,0,0,0,0,0,0,0,0,0,0,0,0,50,5,0,6,0,0,0,0,0,86,0,0,0,0,0,0,0,0,0,0,30,0,0,0,17188,0,1,0,0,0,0,0,0,0,0,0,0,0,0,0,0,109,0,0,0,0,40,0,35,1,1,0,0,0,0,0,0,0,0,0,0,0,0,0,0,0,0,0,0,0,16125
25343c08-1bfc-48d4-97ef-f109af6c0ef5,ROCK,14,0,0,0,0,1,1,0,0,63,0,0,0,0,0,0,1,0,0,0,0,3,19,1,0,35,0,5,0,30,0,0,0,0,0,0,0,10,0,0,0,0,2,0,1,0,16371,0,17,0,0,0,0,0,0,0,0,0,0,0,0,0,0,0,0,0,0,0,82,0,1,19,3,0,0,0,0,50,0,0,0,0,0,0,0,0,0,0,0,0,0,0,17196,0,0,0,0,0,0,0,0,0,0,0,0,0,0,5,0,75,0,0,0,0,11,18,13,0,0,6,0,0,0,0,0,0,0,0,0,0,0,0,0,0,0,44,0,0,16137
f180bb47-7e69-4a2e-bce6-321a119a1c85,PAPER,19,0,0,0,0,0,0,0,0,0,0,0,0,0,0,26,0,0,0,0,0,0,14,1,16,52,1,1,0,62,0,0,0,0,0,0,0,0,0,0,0,2,0,1,0,0,16386,0,0,0,0,0,1,0,0,14,0,0,0,0,0,0,0,0,0,0,0,0,23,0,0,45,0,0,0,0,0,63,0,0,0,0,0,0,0,0,0,0,30,0,0,0,17204,0,0,0,0,0,0,0,0,0,0,0,2,0,0,0,0,63,0,0,0,0,14,70,26,1,0,0,0,0,0,0,0,0,0,0,0,0,0,0,0,0,0,0,0,0,16146
5a5c86b6-ced0-49f9-983a-bce14f049fea,SCISSORS,9,0,0,0,0,0,0,0,0,0,0,0,34,0,0,0,0,0,0,0,0,0,40,0,0,0,0,0,0,10,0,0,0,0,0,0,0,0,0,0,0,0,0,0,0,0,16389,0,0,0,0,0,0,0,0,35,0,0,0,0,0,0,0,0,0,0,0,0,13,0,0,20,1,0,0,0,0,0,2,0,0,0,0,0,0,0,0,12,0,1,0,0,17213,0,11,0,0,0,0,0,0,14,0,0,0,1,0,0,2,45,0,0,0,0,0,10,0,0,0,0,0,0,0,0,0,0,0,0,0,0,0,0,0,0,0,0,1,0,16155
ca6be765-1f60-4751-9774-8c10b704c150,PAPER,14,0,0,0,0,0,0,0,0,0,0,0,0,0,0,0,0,0,0,0,0,0,30,0,3,58,0,1,0,62,0,0,0,0,0,0,0,0,0,0,0,2,0,9,0,0,16401,0,0,0,0,0,0,0,0,64,0,0,0,1,0,0,0,0,0,0,0,0,16,0,1,35,0,0,0,0,0,36,0,0,0,0,0,0,0,0,0,0,12,0,0,0,17224,0,103,0,0,0,0,0,0,0,0,0,0,0,0,0,0,0,0,0,0,0,27,0,26,3,0,0,0,0,0,0,0,0,0,0,0,6,0,0,0,0,0,0,0,0,16162
036a4ddc-99c5-4cf0-b499-495e5ad5e308,ROCK,18,0,0,0,0,1,0,0,0,54,0,0,0,1,0,0,1,0,0,0,0,1,4,0,0,99,0,0,0,86,0,0,0,0,0,0,0,0,0,0,0,0,0,0,2,0,16420,0,0,0,0,0,0,0,0,49,0,0,0,0,0,0,0,0,0,0,0,0,64,0,2,99,6,0,0,0,0,28,0,0,0,0,0,0,0,0,1,0,0,0,0,0,17242,0,77,0,0,0,0,0,0,0,0,0,0,0,0,37,0,0,0,0,0,0,4,22,61,1,5,0,0,0,0,0,33,0,0,0,0,6,0,0,0,0,0,3,0,0,16186
1c24af49-a68b-4507-891f-d202a44d780b,ROCK,9,0,0,0,0,2,2,0,0,23,0,0,0,0,0,0,1,0,0,0,0,0,0,0,0,79,0,0,0,61,0,0,24,0,0,0,0,0,0,0,0,0,1,0,0,0,16434,0,0,0,0,0,0,0,0,21,0,0,0,0,0,0,0,0,0,0,0,0,66,0,1,40,2,0,0,0,0,63,0,0,0,0,0,0,0,0,0,0,0,0,0,0,17252,0,126,0,0,0,0,0,0,0,0,0,0,0,0,0,0,0,0,0,0,0,0,18,19,1,0,0,0,0,0,0,0,0,0,0,0,0,0,0,0,29,0,0,0,0,16191
0b5770c6-5de9-4931-af8f-353caf81d281,SCISSORS,5,0,0,0,0,0,0,0,0,19,0,0,0,0,0,0,0,0,0,0,0,0,62,1,0,97,0,0,0,73,0,0,0,0,0,0,0,0,0,0,0,0,0,0,0,0,16445,0,0,0,0,0,0,0,0,0,0,0,0,0,0,14,0,15,0,0,0,0,14,18,3,50,1,0,0,0,0,137,0,0,0,0,0,0,0,0,0,0,0,0,0,0,17268,0,183,0,0,2,0,0,0,20,0,0,0,1,0,0,0,0,0,0,0,0,0,0,20,0,0,0,0,0,0,0,12,0,0,0,0,0,0,0,0,14,0,0,0,0,16201
7c34c3ed-acb0-49fe-82ef-49736ebf0cee,SCISSORS,9,0,0,0,0,0,0,0,0,0,0,0,0,0,0,0,0,0,0,0,0,0,65,0,0,41,0,0,0,34,0,0,0,0,0,0,0,0,0,0,0,0,0,0,0,0,16450,0,0,0,0,0,0,0,0,0,0,0,0,0,0,11,0,0,0,0,0,0,31,18,0,45,2,0,0,0,0,30,3,0,0,0,0,0,0,0,0,0,0,0,0,0,17279,0,23,0,0,0,1,0,0,20,0,0,0,0,0,0,1,0,0,0,0,0,0,0,11,0,0,0,0,0,0,0,83,0,0,0,0,0,0,0,0,0,0,0,1,0,16210
ad81700a-b341-44e7-bc57-81842852dce6,SCISSORS,18,0,0,0,0,0,0,0,0,0,0,0,0,0,0,0,0,0,0,0,0,0,151,3,47,180,2,9,0,146,0,0,0,0,0,9,0,0,0,0,0,0,0,0,0,0,16470,0,0,0,0,0,0,0,0,0,0,0,0,0,0,3,0,1,0,0,0,0,105,5,9,133,5,0,0,0,0,190,37,0,0,0,0,0,0,0,0,2,0,57,0,0,17341,0,197,0,0,1,4,0,0,61,0,0,3,0,0,0,1,114,0,0,0,0,43,2,104,2,4,7,0,0,0,0,0,0,0,0,0,2,0,0,0,0,0,0,2,0,16252
03f996cc-3113-43b9-89e9-934fbbd22213,ROCK,8,0,0,0,0,1,0,0,0,46,0,0,0,0,0,0,0,0,0,0,12,0,12,0,0,119,0,5,0,82,0,0,0,0,0,0,0,0,0,0,0,0,3,0,1,0,16489,0,0,0,0,0,0,0,0,0,0,0,0,0,0,0,0,0,0,0,0,0,77,0,1,21,1,0,0,0,0,176,0,0,0,0,0,0,0,0,5,0,0,0,0,0,17352,0,54,0,0,0,0,0,0,0,0,0,0,0,0,42,0,15,0,0,0,0,17,1,10,0,1,0,0,0,0,0,138,0,0,0,0,0,0,0,0,1,0,2,0,0,16269
a8962fbb-9f54-433a-b4df-ad2234f20a60,SCISSORS,18,0,0,0,0,0,0,0,0,0,0,0,0,0,0,0,0,0,0,0,0,0,0,0,22,48,1,106,0,151,0,0,0,0,0,0,0,0,0,0,0,1,0,0,0,0,16500,0,0,0,0,0,0,0,0,0,0,0,0,0,0,4,0,0,0,0,0,0,80,2,1,50,5,0,0,0,0,115,0,0,0,0,0,0,0,0,0,69,0,3,0,0,17381,0,18,0,0,1,1,0,0,71,0,0,0,1,0,0,0,23,0,0,0,0,54,0,51,1,1,0,0,0,0,0,93,0,0,0,0,10,0,0,0,0,0,0,4,0,16296
c6a62e74-3bef-4a26-987c-d1421a03fc25,PAPER,9,0,0,0,0,0,0,0,0,0,0,0,0,0,0,0,0,0,0,0,0,0,0,0,3,67,0,40,0,101,0,0,0,0,0,0,0,0,0,0,0,2,0,49,0,0,16509,0,0,0,0,1,0,0,0,1,0,0,0,0,0,0,0,17,0,0,0,0,67,1,0,0,0,0,0,0,0,143,0,0,0,0,0,0,0,0,0,0,31,0,1,0,17392,0,183,0,0,0,0,0,0,0,0,0,0,0,0,0,0,0,0,0,0,0,53,0,24,1,1,0,0,0,0,0,0,0,0,0,0,0,0,0,0,0,0,0,0,0,16302
5ccd90a1-9eb5-41d3-9a4e-d25eb363735e,SCISSORS,9,0,0,0,0,0,0,0,0,0,0,0,0,0,0,0,0,0,0,0,0,0,4,0,41,92,2,104,0,57,0,0,0,0,0,0,0,0,0,0,0,0,0,31,0,0,16524,0,0,0,0,0,0,0,0,0,0,0,0,0,0,66,0,68,0,0,0,0,39,2,3,117,3,0,0,0,0,28,0,0,0,0,0,0,0,0,0,2,0,3,0,0,17423,0,116,0,0,3,1,0,0,68,0,0,0,2,0,0,3,16,0,0,0,0,70,4,45,1,2,0,0,0,0,0,0,0,0,0,0,0,0,0,0,0,0,0,0,0,16336
f18e36ac-0cde-46a1-b542-7618624e5fb5,ROCK,13,0,0,0,0,0,1,0,0,36,0,0,0,0,0,0,1,0,0,0,0,2,0,0,0,61,0,40,0,64,0,0,0,0,0,0,0,0,0,0,0,0,0,0,0,0,16540,0,0,0,0,0,0,0,0,0,0,0,0,0,0,0,0,0,0,0,0,0,82,0,0,1,0,0,0,0,0,122,0,0,0,0,0,0,0,0,0,0,0,0,0,0,17426,0,118,0,0,0,0,0,0,0,0,0,0,0,0,1,0,43,0,0,0,0,14,0,4,0,0,0,0,0,0,0,0,0,0,0,0,0,0,0,0,25,0,0,0,0,16342
f2af8393-7cd5-41c5-a4a9-d6e71fd611c6,SCISSORS,12,0,4,0,0,0,0,0,0,39,0,0,0,0,0,0,0,0,0,0,0,0,81,4,11,45,0,1,0,106,0,0,0,0,0,0,0,24,0,0,0,0,3,0,0,0,16563,0,7,0,0,0,0,0,0,0,0,0,0,0,0,2,0,0,0,0,0,0,60,1,4,59,1,0,0,0,0,154,0,0,0,0,0,0,0,0,0,5,0,25,0,0,17454,0,128,0,0,1,1,0,0,33,0,0,0,0,0,0,0,0,0,0,0,0,36,0,51,2,3,0,0,0,0,0,28,0,0,0,0,35,0,0,0,0,0,0,0,0,16363
581c03f8-1301-4e7a-83ba-4f42a4b83604,SCISSORS,17,0,0,0,0,0,0,0,0,0,0,0,0,0,0,0,0,0,0,0,0,0,51,0,29,139,0,0,0,109,0,0,0,0,0,0,0,68,0,0,0,0,0,0,0,0,16574,0,0,0,0,0,0,0,0,4,0,0,0,0,0,1,0,28,0,0,0,0,61,0,1,57,1,0,0,0,0,203,0,0,0,0,0,17,0,0,0,7,0,16,0,0,17471,0,0,0,0,0,0,0,0,27,0,0,0,0,0,0,2,35,0,0,0,0,0,0,33,1,1,0,0,0,0,0,268,0,0,0,0,28,0,0,0,0,0,0,1,0,16380
a6cc35b6-7c02-403d-aa1e-5d8c55b9638d,SCISSORS,20,0,0,0,0,0,0,0,0,0,0,0,0,0,0,0,0,0,0,0,0,0,0,0,0,152,2,0,0,66,0,0,53,0,0,0,0,27,0,0,0,0,0,0,0,0,16582,0,22,0,0,0,0,0,0,0,0,0,0,0,0,6,0,0,0,0,0,0,55,0,0,28,1,0,0,0,0,188,0,0,0,0,0,0,0,0,0,0,0,0,0,0,17483,0,103,0,0,0,0,0,0,11,0,0,0,0,0,0,0,0,0,0,0,0,17,2,20,4,0,0,0,0,0,0,136,0,0,0,0,7,0,0,0,0,0,0,0,0,16400
cd9535c0-afad-40e9-9c04-5168065c5675,SCISSORS,12,0,0,0,0,0,0,0,0,0,0,0,0,0,0,0,0,0,0,0,19,0,41,0,0,67,0,0,0,59,0,0,0,0,0,0,0,0,0,0,0,0,0,0,0,0,16591,0,0,0,0,0,0,0,0,0,0,0,0,0,0,2,0,0,0,0,0,0,34,0,14,4,0,0,0,0,0,120,0,0,0,0,0,0,0,0,0,0,0,12,0,0,17493,0,0,0,0,0,0,0,0,20,0,0,0,0,0,0,1,0,0,0,0,0,0,0,0,0,0,0,0,0,0,0,165,0,0,0,0,0,0,0,0,0,0,0,0,0,16403
f821395b-10d6-4ad9-8000-343f38d762a7,SCISSORS,18,0,6,0,0,0,0,0,0,0,0,0,0,0,0,0,0,0,0,0,0,0,76,0,0,35,0,0,0,73,0,0,0,0,0,0,0,0,0,0,0,0,0,0,0,0,16596,0,0,0,0,0,0,0,0,0,0,0,0,0,0,0,0,0,0,0,0,0,36,1,9,4,0,0,0,0,0,109,0,0,0,0,0,0,0,0,0,29,0,2,0,0,17506,0,0,0,0,1,0,0,0,39,0,0,0,2,0,0,0,14,0,0,0,0,0,0,0,0,0,0,0,0,0,0,133,0,0,0,0,0,0,0,0,0,0,0,1,0,16412
3f46e099-5e57-4ac7-9ef7-8f71b8d512c2,ROCK,6,0,0,0,0,1,28,0,0,0,0,0,0,0,0,0,1,0,0,0,0,0,5,0,0,38,0,0,0,44,0,0,0,0,0,0,0,0,0,0,0,0,1,0,1,0,16607,0,2,0,0,0,0,0,0,0,0,0,0,0,0,0,0,0,0,0,0,0,53,0,0,0,0,0,0,0,0,64,0,0,0,0,0,0,0,0,0,0,0,0,0,0,17509,0,2,0,0,0,0,0,0,0,0,0,0,0,0,0,0,7,0,0,0,0,14,0,5,0,0,0,0,0,0,0,62,0,0,0,0,0,0,0,0,1,0,28,0,0,16419
cb635e95-e977-44ef-bdde-b623bf429246,SCISSORS,8,0,11,0,0,0,0,0,0,0,0,0,0,0,0,0,0,0,0,0,0,0,68,0,30,80,1,0,0,97,0,0,0,0,0,0,0,0,0,0,0,0,0,0,0,0,16617,0,0,0,0,0,0,0,0,0,0,0,0,0,0,43,0,0,0,0,0,0,58,0,4,60,7,0,0,0,0,40,73,0,0,0,0,1,0,0,0,1,0,0,0,0,17535,0,0,0,0,1,0,0,0,42,0,0,0,0,0,0,2,15,0,0,0,0,41,0,0,0,0,0,0,0,0,0,184,0,0,0,0,0,0,0,0,0,0,0,2,0,16431
46a01541-4b2c-48c9-9a31-6e736f728dc5,ROCK,9,0,0,0,0,0,19,0,0,0,0,0,0,0,0,0,2,0,0,0,0,0,37,0,0,187,0,0,0,51,0,0,0,0,0,0,0,0,0,0,0,0,0,0,1,0,16627,0,84,0,0,0,0,0,0,0,0,0,0,0,0,0,0,0,0,0,0,0,37,0,69,2,2,0,0,0,0,0,103,0,0,0,0,0,0,0,0,0,0,0,0,0,17546,0,0,0,0,0,0,0,0,0,0,0,0,0,0,1,0,40,0,0,0,0,23,0,37,1,3,0,0,0,0,0,172,0,0,0,0,0,0,0,0,20,0,0,0,0,16443
13fd2b89-a914-465e-8d6f-23c1864b0128,PAPER,17,0,0,0,0,0,0,0,0,0,0,0,0,0,0,25,0,0,0,0,0,0,22,0,4,339,1,2,0,198,0,0,0,0,0,0,0,23,0,0,0,0,0,1,0,0,16654,0,110,0,0,1,0,0,0,27,0,0,0,2,0,0,1,19,0,0,0,0,1,3,165,86,9,0,0,0,0,66,115,0,0,0,0,0,0,0,6,3,1,0,0,0,17600,0,50,0,0,0,0,0,0,0,0,0,0,0,0,0,0,61,0,0,39,0,75,1,100,8,2,0,0,0,0,0,226,0,0,34,0,19,0,0,0,0,0,0,0,0,16477
15c968d6-0e6b-408d-922d-c3e6af8b8fcf,SCISSORS,8,0,0,0,0,0,0,0,0,0,0,0,0,0,0,0,0,0,0,0,0,0,98,0,27,53,2,13,0,130,0,0,0,0,0,0,0,0,0,0,0,0,0,0,0,0,16673,0,0,0,0,0,0,0,0,0,0,0,0,0,0,0,0,50,0,0,0,0,2,64,36,3,0,0,0,0,0,0,137,0,0,0,0,0,0,0,0,1,0,30,0,0,17616,0,4,0,0,1,0,0,0,32,0,0,0,1,0,0,0,17,0,0,0,0,29,0,46,0,4,0,0,0,0,0,147,0,0,0,0,42,0,0,0,0,0,0,0,0,16491
658b679c-7d66-4018-b410-b839fd8aeb7b,PAPER,17,0,0,0,0,0,0,0,0,0,0,0,0,0,0,0,0,0,0,0,0,0,68,0,1,101,2,0,0,39,0,0,0,0,0,0,0,5,0,0,0,4,0,0,0,0,16686,0,6,0,0,0,0,0,0,0,0,0,0,0,0,0,0,16,0,0,0,0,0,32,70,1,2,0,0,0,0,0,86,0,0,0,0,0,0,0,0,0,7,0,0,0,17631,0,3,0,0,0,0,0,0,0,0,0,0,0,0,0,0,33,0,0,0,0,55,2,34,1,0,0,0,0,0,0,85,0,0,0,0,7,0,0,0,0,0,0,0,0,16503
2d7bdc1d-4e5a-415c-b854-df7c518134b7,PAPER,12,0,0,0,0,0,0,0,0,0,0,0,0,0,0,2,0,0,0,0,0,0,57,0,20,78,0,0,0,101,0,0,0,0,0,0,0,0,0,0,0,18,0,2,0,0,16706,0,0,0,0,0,0,0,0,13,0,0,0,1,0,0,0,76,0,0,0,0,3,50,0,12,0,0,0,0,0,0,101,0,0,0,0,0,0,0,0,0,20,0,2,0,17650,0,11,0,0,0,0,0,0,0,0,0,0,0,0,0,0,0,0,0,0,0,88,2,42,2,1,0,0,0,0,0,132,0,0,0,0,0,0,0,0,0,0,0,0,0,16515
b3c267f9-42f2-48c9-b0a8-5ab349b5f6b8,ROCK,13,0,21,0,0,2,38,0,0,1,0,0,0,0,0,0,0,0,0,0,0,1,30,0,0,63,0,8,0,112,0,0,0,0,0,0,0,0,0,0,0,0,0,0,1,0,16727,0,0,0,0,0,0,0,0,46,0,0,0,0,0,0,0,0,0,0,0,0,1,49,48,36,1,0,0,0,0,0,96,0,0,0,0,0,0,0,0,0,0,0,0,0,17669,0,0,0,0,0,0,0,0,0,0,0,1,0,0,36,0,103,0,0,0,0,23,0,45,1,6,0,0,0,0,0,58,0,0,0,0,0,0,0,0,2,0,2,0,0,16542
7e7ccdba-2b17-4abe-af7b-74c863e4a299,PAPER,20,0,0,0,0,0,0,0,0,0,0,0,0,0,0,27,0,0,0,0,0,0,19,0,2,25,0,1,0,75,0,0,0,0,0,0,0,0,0,0,0,2,0,1,0,0,16739,0,0,0,0,0,1,0,0,19,0,0,0,0,0,0,1,0,0,0,0,0,1,39,20,17,0,0,0,0,0,18,5,0,0,0,0,0,0,0,1,0,27,0,3,0,17690,0,0,0,0,0,0,0,0,0,0,0,0,0,0,0,0,37,0,0,0,0,71,0,40,2,2,0,0,0,0,0,0,0,0,0,0,0,0,0,0,0,0,0,0,0,16552
18fb8196-4d93-4046-89e1-f65dd9e8a3ce,ROCK,11,0,0,0,0,0,1,0,0,26,0,0,0,0,0,0,0,0,0,0,0,0,19,0,0,51,0,0,0,54,0,0,0,0,0,0,0,0,0,0,0,0,0,0,0,0,16744,0,0,0,0,0,0,0,0,0,0,0,0,0,0,0,0,0,0,0,0,0,2,43,0,14,0,0,0,0,0,92,0,0,0,0,0,0,0,0,0,0,0,0,0,0,17696,0,0,0,0,0,0,0,0,0,0,0,0,0,0,2,0,71,0,0,0,0,32,1,30,2,2,0,0,0,0,0,0,0,0,0,0,0,0,0,0,11,0,0,0,0,16569
d8ddd7ec-20fd-4b04-95dd-3285a818702b,PAPER,7,0,111,0,0,0,0,0,0,35,0,0,0,0,0,0,0,0,0,0,0,0,67,2,47,115,4,7,0,145,0,0,0,0,0,0,0,0,0,0,0,20,0,1,0,0,16785,0,2,0,0,0,1,0,0,0,0,0,0,0,0,0,1,0,0,0,0,0,0,45,106,70,2,0,0,0,0,135,172,0,0,0,0,0,0,0,0,0,20,0,0,0,17721,0,0,0,0,0,0,0,0,0,0,0,33,0,0,0,0,192,0,0,0,0,83,0,91,6,5,0,0,0,0,0,134,0,0,0,0,10,0,0,0,0,0,0,0,0,16602
7ea6fe7f-c90a-4ea8-81df-dd4d29813fa0,ROCK,18,0,0,0,0,0,0,0,0,31,0,0,0,0,0,0,0,0,0,0,0,0,19,0,7,213,5,17,0,170,0,0,0,0,0,0,0,0,0,0,0,0,0,0,0,0,16825,0,0,0,0,0,0,0,0,0,0,0,0,0,0,0,0,0,0,0,0,0,1,40,151,75,7,0,0,0,0,50,138,0,0,0,0,0,0,0,0,0,0,0,0,0,17760,0,196,0,0,0,0,0,0,0,0,0,0,0,0,0,0,55,0,0,0,0,37,0,92,4,3,0,0,0,0,0,35,0,0,0,0,33,0,0,0,0,0,7,0,0,16626
a3d2a240-08d2-45f9-af86-02303e898364,PAPER,20,0,0,0,0,0,0,0,0,0,0,0,0,0,0,0,0,0,0,0,0,0,0,0,0,82,1,17,0,106,0,0,0,0,0,0,0,0,0,0,0,1,0,13,0,0,16836,0,0,0,0,0,0,0,0,0,0,0,0,0,0,0,0,12,0,0,0,0,0,46,16,14,0,0,0,0,0,0,113,0,0,0,0,0,0,0,0,0,17,0,2,0,17772,0,108,0,0,0,0,0,0,0,0,0,0,0,0,0,0,0,0,0,0,0,84,0,25,1,2,0,0,0,0,0,0,0,0,0,0,0,0,0,0,0,0,0,0,0,16635
9070aefe-96d3-4a12-95c8-bd7fb2b2ee58,SCISSORS,17,0,0,0,0,0,0,0,0,0,0,0,0,0,0,0,0,0,0,0,0,0,45,0,0,76,0,38,0,83,0,0,0,0,0,0,0,0,0,0,0,0,0,0,0,0,16843,0,0,0,0,0,0,0,0,0,0,0,0,0,0,0,0,45,0,0,0,0,1,14,12,1,2,0,0,0,0,0,147,0,0,0,0,0,0,0,0,20,0,0,0,0,17782,0,169,0,0,0,0,0,0,24,0,0,0,1,0,0,0,10,0,0,0,0,38,0,0,0,0,0,0,0,0,0,0,0,0,0,0,0,0,0,0,0,0,0,0,0,16640
a0d73bf0-0f83-47da-8cd9-1d456218871f,SCISSORS,19,0,0,0,0,0,0,0,0,0,0,0,0,0,0,0,0,0,0,0,0,0,105,1,0,28,1,0,0,71,0,0,0,0,0,0,0,0,0,0,0,0,0,0,0,0,16850,0,0,0,0,0,0,0,0,0,0,0,0,0,0,1,0,0,0,0,0,0,0,62,23,2,1,0,0,0,0,0,92,0,0,0,0,0,0,0,0,0,0,25,0,0,17793,0,114,0,0,0,0,0,0,34,0,0,0,1,0,0,0,57,0,0,0,0,0,0,0,0,0,0,0,0,0,0,0,0,0,0,0,0,0,0,0,0,0,0,0,0,16645
ebbcba5a-1790-44fd-90f6-5a81a6e49c30,PAPER,19,0,0,0,0,0,0,0,0,0,0,0,0,0,0,0,0,0,0,0,0,0,46,0,2,153,1,0,0,191,0,0,0,0,0,0,0,0,0,0,0,23,0,0,0,0,16864,0,0,0,0,0,0,0,0,15,0,0,0,0,0,0,0,0,0,0,0,0,0,50,38,6,1,0,0,0,0,27,271,0,0,0,0,0,0,0,0,0,8,0,0,0,17809,0,213,0,0,0,0,0,0,0,0,0,0,0,0,0,0,119,0,0,0,0,29,0,39,1,3,0,0,0,0,0,0,0,0,0,0,12,0,0,0,0,0,0,0,0,16656
193006cf-6213-4851-beae-b649a0773d1b,SCISSORS,12,0,0,0,0,0,0,0,0,0,0,0,0,0,0,0,0,0,0,0,0,0,51,1,1,59,1,0,0,68,0,0,0,0,0,0,0,0,0,0,0,25,0,0,0,0,16875,0,11,0,0,0,0,0,0,56,0,0,0,0,0,26,0,0,0,0,0,0,0,0,14,8,0,0,0,0,0,0,89,0,0,0,0,0,0,0,0,1,0,1,0,0,17820,0,53,0,0,0,2,0,0,26,0,0,0,0,0,0,0,22,0,0,0,0,25,0,34,1,3,0,0,0,0,0,10,0,0,0,0,29,0,0,0,0,0,0,1,0,16678
ee9cdf3d-75c7-46b2-aa1f-ea441229ab10,ROCK,14,0,0,0,0,0,0,0,0,59,0,0,0,2,0,0,0,0,0,0,0,2,57,2,6,526,2,31,0,223,0,0,0,0,0,0,0,0,0,0,0,6,1,0,1,0,16933,0,27,0,0,0,0,0,0,0,0,0,0,0,0,0,0,0,0,0,0,0,1,80,222,52,15,0,0,0,0,0,511,0,0,0,0,10,0,0,0,0,0,0,0,0,17885,0,45,0,0,0,0,0,0,0,0,0,0,0,0,4,0,401,0,0,0,0,55,2,129,7,5,0,0,0,0,0,212,0,0,0,0,29,0,0,0,0,0,29,0,0,16728
b8fbc63a-8c96-4c7b-810e-f12d7dfcb232,SCISSORS,10,0,0,0,0,0,0,0,0,42,0,0,0,0,0,0,0,0,0,0,0,0,63,0,1,33,1,0,0,49,0,0,0,0,0,0,0,0,0,0,0,0,0,0,0,0,16940,0,0,0,0,0,0,0,0,0,0,0,0,0,0,1,0,0,0,0,0,0,0,60,4,0,0,0,0,0,0,0,81,0,0,0,0,0,0,0,0,43,0,0,0,0,17891,0,29,0,0,1,2,0,0,42,0,0,0,1,0,0,1,62,0,0,0,0,49,1,0,0,0,0,0,0,0,0,1,0,0,0,0,0,0,0,0,0,0,0,0,0,16746
9cccc0e4-75cf-454e-91b8-36500a25e6e4,ROCK,14,0,0,0,0,2,0,0,0,63,0,0,0,1,0,0,2,0,0,0,0,1,35,1,0,228,0,11,0,150,0,0,0,0,0,0,0,0,0,0,0,0,0,0,0,0,16969,0,0,0,0,0,0,0,0,0,0,0,0,0,0,0,0,0,0,0,0,0,1,108,97,3,5,0,0,0,0,0,280,0,0,0,0,0,0,0,0,0,0,0,0,0,17915,0,157,0,0,0,0,0,0,0,0,0,0,0,0,2,0,138,0,0,0,0,26,1,48,2,3,0,0,0,0,0,23,0,0,0,0,47,0,0,0,44,0,3,0,0,16774
8daa2240-e064-4ad7-b22e-00f9677b8728,PAPER,19,0,0,0,0,0,0,0,0,0,0,0,0,0,0,1,0,0,0,0,0,0,23,1,0,101,0,0,0,124,0,0,0,0,0,0,0,0,0,0,0,1,0,18,0,0,16979,0,0,0,0,1,0,0,0,0,0,0,0,0,0,0,0,0,0,0,0,0,0,39,0,0,0,0,0,0,0,0,202,0,0,0,0,0,0,0,0,0,27,0,0,0,17920,0,0,0,0,0,0,0,0,0,0,0,0,0,0,0,0,155,0,0,0,0,39,0,15,60,0,0,0,0,0,0,0,0,0,0,0,0,0,0,0,0,0,0,0,0,16777
f096a0a5-47a9-404d-9b44-163031373fea,SCISSORS,9,0,0,0,0,0,0,0,0,0,0,0,0,0,0,0,0,0,0,0,0,0,93,1,1,82,7,1,0,81,0,0,0,0,0,0,0,0,0,0,0,0,0,0,0,0,17000,0,0,0,0,0,0,0,0,0,0,0,0,0,0,2,0,0,0,0,0,0,2,41,35,3,0,0,0,0,0,0,169,0,0,0,0,0,0,0,0,0,0,14,0,0,17938,0,60,0,0,0,0,0,0,19,0,0,3,1,0,0,0,87,0,0,0,0,5,0,35,42,0,0,0,0,0,0,14,0,0,0,0,0,0,0,0,0,0,0,0,0,16789
ebeeb4bf-3e8b-493f-85a2-d1d54f17dfde,PAPER,13,0,0,0,0,0,0,0,0,0,0,0,0,0,0,25,0,0,0,0,0,0,151,8,0,86,0,13,0,76,0,0,0,0,0,0,0,0,0,0,0,1,3,0,0,0,17032,0,0,0,0,0,0,0,0,12,0,0,0,1,0,0,0,0,0,0,0,0,0,66,134,14,6,0,0,0,0,0,98,0,0,0,0,0,0,0,0,0,31,0,1,0,17973,0,0,0,0,0,0,0,0,0,0,0,0,0,0,0,0,4,0,0,0,0,46,0,43,1,1,0,0,0,0,0,268,0,0,0,0,0,0,0,0,0,0,0,0,0,16797
5620acb5-4d51-4545-aa9f-f714ab223f15,PAPER,19,0,0,0,0,0,0,0,0,0,0,0,0,0,0,1,0,0,0,0,32,0,35,0,0,2,1,0,0,60,0,0,0,0,0,0,0,0,0,0,0,0,0,12,0,0,17042,0,0,0,0,0,0,0,0,78,0,0,0,0,0,0,1,0,0,0,0,0,0,0,0,0,0,0,0,0,0,0,51,0,0,0,0,0,0,0,0,0,13,0,0,0,17978,0,0,0,0,0,0,0,0,0,0,0,0,0,0,0,0,0,0,0,0,0,50,0,32,0,1,0,0,0,0,0,60,0,0,0,0,0,0,0,0,0,0,0,0,0,16802
8fe5e5b6-5058-423f-a837-5a9b86019efb,PAPER,13,0,0,0,0,0,0,0,0,0,0,0,0,0,0,0,0,0,0,0,0,0,44,0,3,130,0,0,0,129,0,0,0,0,0,0,0,0,0,0,0,3,0,0,0,0,17055,0,0,0,0,0,0,0,0,44,0,0,0,0,0,0,0,0,0,0,0,0,0,0,15,7,3,0,0,0,0,0,236,0,0,0,0,0,0,0,0,0,4,0,0,0,17991,0,39,0,0,0,0,0,0,0,0,0,0,0,0,0,0,0,0,0,0,0,51,0,15,0,0,0,0,0,0,0,192,0,0,0,0,12,0,0,0,0,0,0,0,0,16809
8fc24eb8-a26a-48c1-a4c5-9693db09276c,SCISSORS,20,0,0,0,0,0,0,0,0,0,0,0,0,0,0,0,0,0,0,0,0,0,39,0,0,113,0,0,0,79,0,0,0,0,0,0,0,0,0,0,0,0,0,0,0,0,17061,0,4,0,0,0,0,0,0,0,0,0,0,0,0,11,0,0,0,0,0,0,0,25,29,26,3,0,0,0,0,0,132,0,0,0,0,0,0,0,0,1,0,0,0,0,18009,0,14,0,0,0,0,0,0,12,0,0,0,0,0,0,0,26,0,0,0,0,39,0,31,0,4,0,0,0,0,0,78,0,0,0,0,26,0,0,0,0,0,0,1,0,16825
93be25eb-398b-4a9c-b4fe-a6b487f15445,SCISSORS,12,0,0,0,0,0,0,0,0,0,0,0,0,0,0,0,0,0,0,0,0,0,42,0,0,95,2,0,0,71,0,0,0,0,0,0,0,0,0,0,0,0,0,0,0,0,17069,0,0,0,0,0,0,0,0,0,0,0,0,0,0,0,0,0,0,0,0,0,0,49,8,2,0,0,0,0,0,0,131,0,0,0,0,0,0,0,0,0,0,20,0,0,18014,0,185,0,0,0,0,0,0,25,0,0,0,0,0,0,0,0,0,0,0,0,0,0,0,0,0,0,0,0,0,0,0,0,0,0,0,0,0,0,0,0,0,0,0,0,16827
5c0f55e8-0d3b-4a53-95ed-d04ec99d9936,ROCK,18,0,0,0,0,0,29,0,0,0,0,0,0,2,0,0,0,0,0,0,24,1,19,0,1,122,0,0,0,90,0,0,0,0,0,0,0,0,0,0,0,0,0,0,1,0,17089,0,0,0,0,0,0,0,0,0,0,0,0,0,0,0,0,0,0,0,0,0,0,19,41,57,2,0,0,0,0,0,170,0,0,0,0,0,0,0,0,0,0,0,0,0,18021,0,252,0,0,0,0,0,0,0,0,0,0,0,0,29,0,0,0,0,0,0,0,0,6,0,0,0,0,0,0,0,0,0,0,0,0,0,0,0,0,1,0,1,0,0,16834
63d37c15-ebbc-4584-8a0a-02286f36c275,SCISSORS,14,0,0,0,0,0,0,0,0,0,0,0,0,0,0,0,0,0,0,0,0,0,41,1,0,54,0,0,0,61,0,0,0,0,0,0,0,0,0,0,0,0,0,0,0,0,17093,0,0,0,0,0,0,0,0,0,0,0,0,0,0,18,0,0,0,0,0,0,0,18,17,17,1,1,0,0,0,0,85,0,0,0,0,0,0,0,0,0,0,0,0,0,18031,0,120,0,0,1,1,0,0,18,0,0,0,1,0,0,0,0,0,0,0,0,0,0,0,0,0,0,0,0,0,0,15,0,0,0,0,0,0,0,0,0,0,0,1,0,16843
36b59f9e-b69e-44cc-b12e-5d30d779dc3d,SCISSORS,12,0,0,0,0,0,0,0,0,0,0,0,0,0,0,0,0,0,0,0,0,0,5,86,1,120,2,0,0,69,0,0,0,0,0,0,0,0,0,0,0,0,0,0,0,0,17107,0,0,0,0,0,0,0,0,0,0,0,0,0,0,3,0,0,0,0,0,0,0,24,14,17,0,0,0,0,0,0,166,0,0,0,0,0,0,0,0,1,0,58,0,0,18048,0,0,0,0,1,1,0,0,61,0,0,0,0,0,0,1,18,0,0,0,0,32,0,29,2,4,0,0,0,0,0,116,0,0,0,0,15,0,0,0,0,0,0,3,0,16865
8e5d2ee0-0ed3-458a-8752-23172c71dae9,SCISSORS,19,0,0,0,0,0,0,0,0,0,0,0,0,0,0,0,0,0,0,0,0,0,0,45,0,119,0,0,0,59,0,0,0,0,0,0,0,0,0,0,0,3,0,0,0,0,17112,0,0,0,0,0,0,0,0,0,0,0,0,0,0,4,0,0,0,0,0,0,1,73,9,1,1,0,0,0,0,0,110,0,0,0,0,0,0,0,0,26,0,1,0,0,18065,0,19,0,0,2,1,0,0,37,0,0,0,0,0,0,1,46,0,0,0,0,0,0,0,0,0,0,0,0,0,0,120,0,0,0,0,0,0,0,0,0,0,0,0,0,16876
d302a612-c176-4790-bd2b-39ff13b2168f,SCISSORS,19,0,0,0,0,0,0,0,0,0,0,0,0,0,0,0,0,0,0,0,0,0,49,0,0,134,2,3,0,69,0,0,0,0,0,0,0,0,0,0,0,0,0,0,0,0,17124,0,5,0,0,0,0,0,0,0,0,0,0,0,0,27,0,0,0,0,0,0,0,54,11,1,1,0,0,0,0,0,156,0,0,0,0,0,0,0,0,1,0,1,0,0,18078,0,227,0,0,0,0,0,0,27,0,0,0,2,0,0,0,0,0,0,0,0,0,0,0,0,0,0,0,0,0,0,0,0,0,0,0,0,0,0,0,0,0,0,1,0,16884
3c64ec77-f707-4709-ab38-3c3cc92af925,ROCK,6,0,0,0,0,2,0,0,0,42,0,0,0,0,0,0,0,0,0,0,0,0,51,1,0,79,0,6,0,69,0,0,0,0,0,0,0,0,0,0,0,0,1,0,1,0,17150,0,0,0,0,0,0,0,0,0,0,0,0,0,0,0,0,0,0,0,0,0,47,40,23,6,0,0,0,0,0,0,136,0,0,0,0,0,0,0,0,0,0,0,0,0,18085,0,195,0,0,0,0,0,0,0,0,0,0,0,0,2,0,0,0,0,0,0,17,0,10,0,1,0,0,0,0,0,0,0,0,0,0,0,0,0,0,0,0,27,0,0,16893
4d0f7f29-8e83-4444-b258-4a31a7014000,SCISSORS,12,0,0,0,0,0,0,0,0,53,0,0,0,0,0,0,0,0,0,0,0,0,64,0,0,59,0,0,0,67,0,0,0,0,0,0,0,0,0,0,0,0,0,0,0,0,17157,0,0,0,0,0,0,0,0,0,0,0,0,0,0,2,0,0,0,0,0,0,75,0,43,21,1,0,0,0,0,0,74,0,0,0,0,0,0,0,0,27,0,0,0,0,18103,0,88,0,0,0,0,0,0,30,0,0,0,0,0,0,0,0,0,0,0,0,53,0,24,6,0,0,0,0,0,0,42,0,0,0,0,0,0,0,0,0,0,0,0,0,16899
34eb1e74-6267-43d5-b777-087758b3727e,ROCK,18,0,0,0,0,0,0,0,0,38,0,0,0,0,0,0,0,0,0,0,0,0,54,1,0,264,3,12,0,160,0,0,0,0,0,0,0,30,0,0,0,0,0,0,2,0,17190,0,0,0,0,0,0,0,0,0,0,0,0,0,0,0,0,0,0,0,0,0,37,47,67,29,1,0,0,0,0,15,368,0,0,0,0,0,0,0,0,0,0,0,0,0,18131,0,137,0,0,0,0,0,0,0,0,0,0,0,0,0,0,0,0,0,0,0,21,0,67,4,7,0,0,0,0,0,250,0,0,0,0,27,0,0,0,50,0,1,0,0,16932
75c12c5c-74e5-4e1a-80b1-b0d49da22407,SCISSORS,8,0,0,0,0,0,0,0,0,0,0,0,0,0,0,0,0,0,0,0,0,0,77,1,1,147,0,0,0,156,0,0,0,0,0,0,0,5,0,0,0,0,0,0,0,0,17202,0,0,0,0,0,0,0,0,0,0,0,0,0,0,33,0,0,0,0,0,0,0,58,45,10,0,0,0,0,0,0,238,0,0,0,0,0,0,0,0,0,0,3,0,0,18149,0,37,0,0,1,2,0,0,36,0,0,0,0,0,0,0,174,0,0,0,0,40,0,6,0,0,0,0,0,0,0,89,0,0,0,0,0,0,0,0,0,0,0,2,0,16944
0a94a150-1b5d-4436-b8d9-6a76f989f7b4,ROCK,15,0,0,0,0,0,1,0,0,61,0,0,0,0,0,0,0,0,0,0,0,1,79,5,0,37,0,0,0,49,0,0,0,0,0,0,0,0,0,0,0,0,2,0,1,0,17226,0,0,0,0,0,0,0,0,0,0,0,0,0,0,0,0,0,0,0,0,0,105,13,52,8,4,0,0,0,0,0,54,0,0,0,0,0,0,0,0,0,0,0,0,0,18166,0,0,0,0,0,0,0,0,0,0,0,0,0,0,46,0,115,0,0,0,0,28,0,34,9,1,0,0,0,0,0,0,0,0,0,0,0,0,0,0,2,0,1,0,0,16956
c9908064-a3ed-49d5-b0aa-f05c4a8eb5af,SCISSORS,5,0,0,0,0,0,0,0,0,0,0,0,0,0,0,0,0,0,0,0,0,0,57,0,0,146,0,0,0,77,0,0,0,0,0,0,0,0,0,0,0,0,0,0,0,0,17234,0,0,0,0,0,0,0,0,0,0,0,0,0,0,0,0,0,0,0,0,0,20,13,11,2,3,0,0,0,0,0,199,0,0,0,0,0,0,0,0,31,0,1,0,0,18176,0,0,0,0,1,3,0,0,30,0,0,0,1,0,0,1,223,0,0,0,0,20,0,0,0,0,0,0,0,0,0,0,0,0,0,0,0,0,0,0,0,0,0,1,0,16973
c98083f3-e016-4be6-a068-7364063aed76,PAPER,12,0,0,0,0,0,0,0,0,0,0,0,0,0,0,1,0,0,0,0,0,0,66,0,3,187,2,1,0,76,0,0,0,0,0,0,0,0,0,0,0,12,0,0,0,0,17254,0,0,0,0,1,0,0,0,0,0,0,0,0,0,0,0,0,0,0,0,0,5,77,53,84,3,0,0,0,0,21,89,0,0,0,0,0,0,0,0,0,15,0,0,0,18207,0,32,0,0,0,0,0,0,0,0,0,3,0,0,0,0,104,0,0,0,0,54,1,114,34,6,0,0,0,0,0,0,0,0,0,0,0,0,0,0,0,0,0,0,0,17004
f203da57-efc3-4141-a042-1f887c09f46f,ROCK,5,0,0,0,0,0,2,0,0,34,0,0,0,0,0,0,0,0,0,0,0,11,101,2,0,138,3,4,0,68,0,0,0,0,0,0,0,0,0,0,0,0,0,0,3,0,17287,0,0,0,0,0,0,0,0,0,0,0,0,0,0,0,0,0,0,0,0,0,0,52,69,25,3,0,0,0,0,148,45,0,0,0,0,0,0,0,0,24,0,0,0,0,18228,0,68,0,0,0,0,0,0,0,0,0,0,0,0,0,0,99,0,0,0,0,103,3,48,4,3,0,0,0,0,0,0,0,0,0,0,0,0,0,0,2,0,36,0,0,17033
17757c0e-131c-480c-b545-44b46727e95b,ROCK,11,0,0,0,0,0,0,0,0,30,0,0,0,1,0,0,0,0,0,0,27,21,87,4,6,189,5,10,0,111,0,0,0,0,0,0,0,49,0,0,0,0,0,0,0,0,17344,0,0,0,0,0,0,0,0,0,0,0,0,0,0,0,0,0,0,0,0,0,0,71,182,106,11,0,0,0,0,43,127,0,0,0,0,0,0,0,0,0,0,0,0,0,18277,0,156,0,0,0,0,0,0,0,0,0,0,0,0,0,0,92,0,0,0,0,36,0,122,4,6,0,0,0,0,0,112,0,0,0,0,0,0,0,0,12,0,0,0,0,17060
9756786f-c3a9-4ed9-8e98-bd74f73bd8a9,SCISSORS,9,0,0,0,0,0,0,0,0,0,0,0,0,0,0,0,0,0,0,0,0,0,59,0,1,154,0,0,0,118,0,0,0,0,0,0,0,0,0,0,0,0,0,0,0,0,17356,0,0,0,0,0,0,0,0,0,0,0,0,0,0,1,0,0,0,0,0,0,0,53,54,23,4,0,0,0,0,0,180,0,0,0,0,0,0,0,0,1,0,16,0,0,18305,0,21,0,0,1,1,0,0,34,0,0,0,0,0,0,0,37,0,0,0,0,14,0,45,0,1,0,0,0,0,0,112,0,0,0,0,65,0,0,0,0,0,0,1,0,17078
3dbc59a3-e527-4d39-a387-9f2c7dc7fc87,SCISSORS,20,0,0,0,0,0,0,0,0,0,0,0,0,0,0,0,0,0,0,0,0,0,86,0,1,124,2,0,0,43,0,0,0,0,0,0,0,0,0,0,0,0,0,0,0,0,17369,0,2,0,0,0,0,0,0,2,0,0,0,0,0,23,0,0,0,0,0,0,1,56,22,13,0,0,0,0,0,0,134,0,0,0,0,0,0,0,0,2,0,1,0,0,18324,0,166,0,0,0,0,0,0,32,0,0,0,2,0,0,0,0,0,0,0,0,32,2,18,2,1,0,0,0,0,0,0,0,0,0,0,0,0,0,0,0,0,0,1,0,17097
f0774aca-61a0-48ce-abe9-ea689f4d932c,ROCK,20,0,0,0,0,0,19,0,0,0,0,0,0,1,0,0,0,0,0,0,0,0,37,0,0,58,0,0,0,48,0,0,0,0,0,0,0,0,0,0,0,0,0,0,0,0,17376,0,0,0,0,0,0,0,0,0,0,0,0,0,0,0,0,0,0,0,0,0,0,82,28,2,0,0,0,0,0,0,51,0,0,0,0,0,0,0,0,0,0,0,0,0,18329,0,118,0,0,0,0,0,0,0,0,0,0,0,0,0,0,0,0,0,0,0,0,0,12,1,0,0,0,0,0,0,0,0,0,0,0,0,0,0,0,32,0,0,0,0,17100
8e60d01b-a7c1-44b6-b013-3096382befa6,ROCK,20,0,0,0,0,0,35,0,0,0,0,0,0,1,0,0,0,0,0,0,0,0,22,4,0,165,0,1,0,124,0,0,0,0,0,0,0,0,0,0,0,0,0,0,1,0,17398,0,0,0,0,0,0,0,0,0,0,0,0,0,0,0,0,0,0,0,0,0,49,9,26,6,2,0,0,0,0,0,261,0,0,0,0,0,0,0,0,0,0,0,0,0,18342,0,262,0,0,0,0,0,0,0,0,0,0,0,0,0,0,0,0,0,0,0,11,0,25,0,1,0,0,0,0,0,0,0,0,0,0,10,0,0,0,10,0,34,0,0,17111
3d9f7b17-e8d5-499c-8da5-c704fdf67f59,SCISSORS,5,0,0,0,0,0,0,0,0,0,0,0,0,0,0,0,0,0,0,0,0,0,44,0,1,65,0,0,0,62,0,0,0,0,0,0,0,0,0,0,0,0,0,0,0,0,17406,0,0,0,0,0,0,0,0,0,0,0,0,0,0,0,0,0,0,0,0,0,13,13,24,14,1,0,0,0,0,26,57,0,0,0,0,0,0,0,0,0,0,24,0,0,18355,0,71,0,0,0,0,0,0,28,0,0,0,0,0,0,0,0,0,0,0,0,13,0,15,0,0,0,0,0,0,0,26,0,0,0,0,19,0,0,0,0,0,0,0,0,17117
d9861aaa-94f4-4739-9931-0955c42d3b1d,ROCK,14,0,0,0,0,0,0,0,0,54,0,0,0,2,0,0,1,0,0,0,0,0,17,0,0,95,0,0,0,44,0,0,0,0,0,0,0,0,0,0,0,0,0,0,0,0,17419,0,0,0,0,0,0,0,0,0,0,0,0,0,0,0,0,0,0,0,0,0,1,74,52,12,0,0,0,0,0,0,74,0,0,0,0,0,0,0,0,0,0,0,0,0,18369,0,2,0,0,0,0,0,0,0,0,0,0,0,0,34,0,0,0,0,0,0,23,0,20,1,0,0,0,0,0,0,129,0,0,0,0,0,0,0,0,3,0,1,0,0,17131
41347ad7-2988-4732-978f-8c96133a9dd1,PAPER,16,0,0,0,0,0,0,0,0,0,0,0,0,0,0,17,0,0,0,0,0,0,15,0,1,116,0,7,0,85,0,0,0,0,0,0,0,0,0,0,0,0,0,0,0,0,17432,0,0,0,0,0,0,0,0,0,0,0,0,0,0,0,0,13,0,0,0,0,0,2,33,23,5,0,0,0,0,0,145,0,0,0,0,0,0,0,0,0,20,0,0,0,18387,0,0,0,0,0,0,0,0,0,0,0,0,0,0,0,0,20,0,0,0,0,78,2,36,3,0,0,0,0,0,0,95,0,0,5,0,2,0,0,0,0,0,0,0,0,17150
57c845d9-a7ec-4a41-b519-df43201ff97c,PAPER,15,0,0,0,0,0,0,0,0,0,0,0,0,0,0,1,0,0,0,0,0,0,6,0,1,62,0,0,0,80,0,0,0,0,0,0,0,0,0,0,0,32,0,0,0,0,17441,0,0,0,0,0,1,0,0,0,0,0,0,0,0,0,2,56,0,0,0,0,49,3,0,21,0,0,0,0,0,4,31,0,0,0,0,0,0,0,0,0,15,0,0,0,18405,0,0,0,0,0,0,0,0,0,0,0,0,0,0,0,0,0,0,0,0,0,42,0,62,2,3,0,0,0,0,0,66,0,0,0,0,7,0,0,0,0,0,0,0,0,17163
ad83c676-d398-4594-80d1-f5c04cdfed8a,PAPER,13,0,0,0,0,0,0,0,0,0,0,0,0,0,0,0,0,0,0,0,0,0,14,0,0,91,2,0,0,56,0,0,0,0,0,0,0,1,0,0,0,15,0,18,0,0,17454,0,0,0,0,0,1,0,0,0,0,0,0,1,0,0,0,0,0,0,0,0,0,0,0,25,0,0,0,0,0,8,138,0,0,0,0,0,0,0,0,0,24,0,0,0,18413,0,0,0,0,0,0,0,0,0,0,0,0,0,0,0,0,0,0,0,0,0,67,0,20,2,1,0,0,0,0,0,107,0,0,0,0,0,0,0,0,0,0,0,0,0,17169
5dd318bd-398a-40d0-9e50-9cc22f1496a8,SCISSORS,5,0,0,0,0,0,0,0,0,0,0,0,0,0,0,0,0,0,0,0,0,0,114,1,0,49,2,0,0,48,0,0,0,0,0,0,0,0,0,0,0,0,0,0,0,0,17465,0,0,0,0,0,0,0,0,0,0,0,0,0,0,3,0,0,0,0,0,0,16,1,10,0,0,0,0,0,0,117,0,0,0,0,0,0,0,0,0,67,0,0,0,0,18421,0,4,0,0,2,6,0,0,63,0,0,0,1,0,0,0,14,0,0,0,0,53,0,0,0,0,0,0,0,0,0,70,0,0,0,0,0,0,0,0,0,0,0,1,0,17190
878dfb56-d3d1-4b77-a512-54f4da36fd09,ROCK,6,0,0,0,0,0,0,0,0,45,0,0,0,1,0,0,2,6,0,0,0,0,45,5,0,95,0,25,0,86,0,0,0,0,0,0,0,0,0,0,0,0,1,0,1,0,17500,0,0,0,0,0,0,0,0,0,0,0,0,0,0,0,0,0,0,0,0,0,71,1,126,3,7,0,0,0,0,50,54,0,0,0,0,0,0,0,0,0,0,0,0,0,18451,0,95,0,0,0,0,0,0,0,0,0,0,0,0,0,0,17,0,0,0,0,5,13,51,0,1,0,0,0,0,0,93,0,0,0,0,7,0,0,0,2,0,28,0,0,17208
1239eaf7-2f93-43d4-98c1-5bbe44c9ac31,SCISSORS,9,0,0,0,0,0,0,0,0,12,0,0,0,0,0,0,0,0,0,0,0,0,79,1,4,104,4,10,0,67,0,2,0,0,0,5,0,0,0,0,0,0,0,0,0,0,17528,0,25,0,0,0,0,0,0,0,0,0,0,0,0,33,0,0,0,0,0,0,84,2,58,35,2,0,0,0,0,47,0,0,0,0,0,0,0,0,0,2,0,0,0,0,18476,0,100,0,0,2,3,0,0,49,0,0,0,0,0,0,2,0,0,0,0,0,54,13,58,4,3,0,0,0,0,0,0,0,0,0,0,0,0,0,0,0,0,0,0,0,17245
70c1ad28-c3e0-441b-b589-10f576e47bcd,SCISSORS,8,0,4,0,0,0,0,0,0,0,0,0,0,0,0,0,0,0,0,0,0,0,42,0,1,141,0,0,0,54,0,0,0,0,0,0,0,0,0,0,0,0,3,0,0,0,17538,0,0,0,0,0,0,0,0,0,0,0,0,0,0,0,0,0,0,0,0,0,30,0,61,4,2,0,0,0,0,85,52,0,0,0,0,0,0,0,0,0,0,11,0,0,18498,0,231,0,0,1,0,0,0,12,0,0,0,0,0,0,1,0,0,0,0,0,0,0,0,0,0,0,0,0,0,0,0,0,0,0,0,0,0,0,0,0,0,0,0,0,17250
0d9ecc1e-d4bf-4d89-964e-ba7bce9b3383,SCISSORS,6,0,0,0,0,0,0,0,0,0,0,0,0,0,0,0,0,0,0,0,0,0,70,0,2,195,1,0,0,78,0,0,0,0,0,0,0,0,0,0,0,0,0,0,0,0,17552,0,0,0,0,0,0,0,0,0,0,0,0,0,0,2,0,0,0,0,0,0,27,0,9,3,4,0,0,0,0,121,146,0,0,0,0,0,0,0,0,1,0,33,0,0,18521,0,295,0,0,1,1,0,0,33,0,0,0,2,0,0,1,12,0,0,0,0,0,0,0,0,0,0,0,0,0,0,0,0,0,0,0,0,0,0,0,0,0,0,1,0,17263
79b0135d-9297-434c-964c-2283e00bc4fd,SCISSORS,19,0,0,0,0,0,0,0,0,0,0,0,0,0,0,0,0,0,0,0,0,0,71,2,1,78,1,0,0,126,0,0,0,0,0,0,0,0,0,0,0,0,0,0,0,0,17566,0,0,0,0,0,0,0,0,0,0,0,0,0,0,7,0,0,0,0,0,0,35,0,64,6,2,0,0,0,0,84,80,0,0,0,0,0,0,0,0,0,0,1,0,0,18540,0,86,0,0,0,0,0,0,18,0,0,0,0,0,0,2,90,0,0,0,0,15,1,43,0,2,0,0,0,0,0,0,0,0,0,0,22,0,0,0,0,0,0,0,0,17283
daafdaae-7349-4a1d-87c2-39b75e6a5a25,SCISSORS,20,0,0,0,0,0,0,0,0,0,0,0,0,0,0,0,0,0,0,0,0,0,49,0,0,16,0,0,0,16,0,34,0,0,0,0,0,0,0,0,0,0,0,0,0,0,17570,0,0,0,0,0,0,0,0,0,0,0,0,0,0,19,0,0,0,0,0,0,26,0,3,0,0,0,0,0,0,65,0,0,0,0,0,0,0,0,0,1,0,1,0,0,18548,0,12,0,0,0,0,0,0,24,0,0,0,1,0,0,0,11,0,0,0,0,0,0,0,0,0,0,0,0,0,0,67,0,0,0,0,0,0,0,0,0,0,0,0,0,17288
b7cc408b-a337-421a-bd7a-75b4361956ce,SCISSORS,12,0,0,0,0,0,0,0,0,0,0,0,0,0,0,0,0,0,0,0,0,0,58,0,0,54,0,0,0,73,0,0,0,0,0,0,0,0,0,0,0,0,0,0,0,0,17577,0,0,0,0,0,0,0,0,0,0,0,0,0,0,1,0,0,0,0,0,0,17,0,11,2,0,0,0,0,0,125,0,0,0,0,0,0,0,0,0,2,0,27,0,0,18558,0,143,0,0,0,0,0,0,32,0,0,0,0,0,0,1,9,0,0,0,0,0,0,0,0,0,0,0,0,0,0,0,0,0,0,0,0,0,0,0,0,0,0,0,0,17292
0d6c1f7d-6398-4ead-bf84-992cb1d59579,ROCK,11,0,0,0,0,1,0,0,0,26,0,0,0,2,0,0,0,0,0,0,0,0,14,0,0,63,0,0,0,57,0,0,0,0,0,0,0,0,0,0,0,0,4,0,1,0,17593,0,0,0,0,0,0,0,0,0,0,0,0,0,0,0,0,0,0,0,0,0,70,1,30,1,1,0,0,0,0,65,0,0,0,0,0,0,0,0,0,0,0,0,0,0,18567,0,95,0,0,0,0,0,0,0,0,0,0,0,0,2,0,15,0,0,0,0,13,0,15,0,3,0,0,0,0,0,0,0,0,0,0,0,0,0,0,24,0,1,0,0,17308
cf88f12f-5482-405e-be43-c1508ddf69cb,SCISSORS,18,0,0,0,0,0,0,0,0,0,0,0,0,0,0,0,0,0,0,0,0,0,38,0,2,43,0,0,0,85,0,0,0,0,0,0,0,0,0,0,0,0,0,0,0,0,17601,0,45,0,0,0,0,0,0,0,0,0,0,0,0,20,0,0,0,0,0,0,37,0,14,3,0,0,0,0,0,46,0,0,0,0,0,0,0,0,2,0,0,1,0,0,18577,0,76,0,0,0,1,0,0,24,0,0,0,0,0,0,0,0,0,0,0,0,33,0,23,1,0,0,0,0,0,0,10,0,0,0,0,0,0,0,0,0,0,0,0,0,17320
fcf9ec65-8bec-4de3-9976-01119ddde0c3,ROCK,13,0,0,0,0,0,0,0,0,39,0,0,0,1,0,0,1,0,0,0,0,1,32,1,1,88,0,3,0,108,0,0,0,0,0,0,0,0,0,0,0,0,1,0,0,0,17623,0,0,0,0,0,0,0,0,0,0,0,0,0,0,0,0,0,0,0,0,0,27,63,14,13,2,0,0,0,0,95,59,0,0,0,0,0,0,0,3,0,0,0,0,0,18599,0,126,0,0,0,0,0,0,0,0,0,0,0,0,25,0,28,0,0,0,0,0,0,33,3,1,0,0,0,0,0,0,0,0,0,0,56,0,0,0,1,0,3,0,0,17341
36a693c7-4af5-477c-8667-1601ad2f81f2,ROCK,20,0,0,0,0,0,0,0,0,79,0,0,0,0,0,0,2,0,0,0,0,2,4,0,1,135,0,1,0,104,0,0,0,0,0,0,0,0,0,0,96,0,1,0,1,0,17652,0,0,0,0,0,0,0,0,0,0,0,0,0,0,0,0,0,0,0,0,0,0,23,64,4,5,0,0,0,0,71,259,0,0,0,0,0,0,0,0,0,0,0,0,0,18622,0,194,0,0,0,0,0,0,0,0,0,0,0,0,1,0,141,0,0,0,0,13,0,29,2,1,0,0,0,0,0,0,0,0,0,0,0,0,0,0,2,0,43,0,0,17361
db109378-88d7-41cc-94b6-ac4a841f79d0,SCISSORS,14,0,0,0,0,0,0,0,0,23,0,0,0,0,0,0,0,0,0,0,0,0,61,0,0,85,0,1,0,73,0,0,0,0,0,0,0,0,0,0,0,0,0,0,0,0,17659,0,0,0,0,0,0,0,0,49,0,0,0,0,0,0,0,0,0,0,0,0,1,20,28,6,0,0,0,0,0,0,113,0,0,0,0,0,0,0,1,24,0,1,0,0,18639,0,0,0,0,1,1,0,0,22,0,0,0,2,0,0,1,104,0,0,0,0,20,0,17,0,3,0,0,0,0,0,27,0,0,0,0,45,0,0,0,0,0,0,0,0,17382
18c646f3-d13d-443f-87cb-b7bc55c32364,ROCK,19,0,0,0,0,1,0,0,0,43,0,0,0,0,0,0,0,0,0,0,0,1,38,0,0,199,0,0,0,40,0,0,0,0,0,0,0,0,0,0,0,0,1,0,1,0,17673,0,0,0,0,0,0,0,0,0,0,0,0,0,0,0,0,0,0,0,0,0,56,38,36,5,3,0,0,0,0,0,186,0,0,0,0,0,0,0,0,0,0,0,0,0,18656,0,0,0,0,0,0,0,0,0,0,0,0,0,0,2,0,0,0,0,0,0,17,0,9,0,0,0,0,0,0,0,267,0,0,0,0,0,0,0,0,28,0,1,0,0,17390
e4898f41-2d96-4849-bec4-dee264764cc9,SCISSORS,15,0,0,0,0,0,0,0,0,0,0,0,0,0,0,0,0,0,0,0,0,0,1,36,2,161,2,0,0,150,0,0,0,0,0,0,0,0,0,0,0,0,0,0,0,0,17688,0,39,0,0,0,0,0,0,0,0,0,0,0,0,0,0,0,0,0,0,0,70,0,21,22,1,0,0,0,0,0,176,0,0,0,0,0,0,0,0,2,0,21,0,0,18674,0,14,0,0,1,1,0,0,25,0,0,0,1,0,0,0,79,0,0,0,0,35,0,42,1,0,0,0,0,0,0,118,0,0,0,0,35,0,0,0,0,0,0,0,0,17406
6b63fc01-dc21-496f-b7c7-6d5135bf392b,SCISSORS,8,0,0,0,0,0,0,0,0,0,0,0,0,0,0,0,0,0,0,0,0,0,73,34,1,103,2,0,0,106,0,0,0,0,0,0,0,0,0,0,0,0,0,0,0,0,17699,0,0,0,0,0,0,0,0,0,0,0,0,0,0,55,0,0,0,0,0,0,38,0,16,27,1,0,0,0,0,0,159,0,0,0,0,21,0,0,0,2,0,0,0,0,18688,0,12,0,0,1,3,0,0,52,0,0,0,2,0,0,1,164,0,0,0,0,0,0,34,2,1,0,0,0,0,0,0,0,0,0,0,46,0,0,0,0,0,0,1,0,17430
7cc4b9d3-3fb7-4b61-a602-ebf1121bbd69,SCISSORS,6,0,0,0,0,0,0,0,0,0,0,0,0,0,0,0,0,0,0,0,0,0,58,1,1,48,1,0,0,29,0,0,0,0,0,0,0,0,0,0,0,0,0,0,0,0,17708,0,0,0,0,0,0,0,0,0,0,0,0,0,0,1,0,0,0,0,0,0,18,0,13,15,0,0,0,0,0,0,77,0,0,0,0,0,0,0,0,14,0,0,0,0,18695,0,118,0,0,0,1,0,0,16,0,0,0,1,0,0,2,0,0,0,0,0,0,0,0,0,0,0,0,0,0,0,0,0,0,0,0,0,0,0,0,0,0,0,0,0,17439
ae618b77-3fe1-4d84-86d4-2df58833ef62,SCISSORS,9,0,0,0,0,0,0,0,0,0,0,0,0,0,0,0,0,0,0,0,0,0,10,86,4,35,5,0,0,50,0,0,0,0,0,0,0,0,0,0,0,0,0,0,0,0,17729,0,0,0,0,0,0,0,0,0,0,0,0,0,0,2,0,0,0,0,0,0,25,0,11,2,0,0,0,0,0,0,85,0,0,0,0,0,0,0,0,0,0,65,0,0,18704,0,67,0,0,1,0,0,0,67,0,0,0,1,0,0,0,0,0,0,0,0,37,2,0,0,0,0,0,0,0,0,14,0,0,0,0,0,0,0,0,0,0,0,1,0,17452
26bd7e56-08be-463c-aaae-ff5478250c1e,PAPER,19,0,0,0,0,0,0,0,0,0,0,0,0,0,0,11,0,0,0,0,0,0,11,15,1,163,0,6,0,102,0,0,0,0,0,0,0,0,0,0,0,0,0,0,0,0,17741,0,7,0,0,0,0,0,0,0,0,0,0,1,0,0,0,10,0,0,0,0,57,3,55,25,1,0,0,0,0,0,133,0,0,0,0,0,0,0,0,0,16,0,1,0,18726,0,0,0,0,0,0,0,0,0,0,0,0,0,0,0,0,32,0,0,0,0,32,0,86,1,5,0,0,0,0,0,134,0,0,7,0,12,0,0,0,0,0,0,0,0,17470
3b7b7c5c-a110-47b9-9002-cb0a1077dc71,ROCK,13,0,0,0,0,0,1,0,0,40,0,0,0,1,0,0,1,0,0,0,0,1,25,0,2,66,2,3,0,38,0,0,0,0,0,0,0,0,0,0,0,0,0,0,0,0,17770,0,0,0,0,0,0,0,0,0,0,0,0,0,0,0,0,15,0,0,0,0,46,1,18,0,1,0,0,0,0,0,99,0,0,0,0,0,0,0,0,0,0,0,0,0,18734,0,74,0,0,0,0,0,0,0,0,0,0,0,0,26,0,0,0,0,0,0,22,0,2,0,1,0,0,0,0,0,50,0,0,0,0,0,0,0,0,1,0,4,0,0,17485
9e86fe24-6cb4-4e41-94d0-3419eec159fb,PAPER,14,0,0,0,0,0,0,0,0,19,0,0,0,0,0,0,0,0,0,0,0,0,13,0,1,135,2,0,0,80,0,0,0,0,0,0,0,0,0,0,0,0,0,5,0,0,17783,0,0,0,0,0,0,0,0,37,0,0,0,0,0,0,0,11,0,0,0,0,37,3,30,30,3,0,0,0,0,0,97,0,0,0,0,0,0,0,0,0,6,0,1,0,18761,0,90,0,0,0,0,0,0,0,0,0,0,0,0,0,0,1,0,0,0,0,55,1,59,1,1,0,0,0,0,0,29,0,0,0,0,18,0,0,0,0,0,0,0,0,17500
a10a294b-9f73-4714-a2f2-03786e9c3921,SCISSORS,5,0,0,0,0,0,0,0,0,0,0,0,0,0,0,0,0,0,0,0,0,0,68,0,2,186,4,0,0,60,0,0,0,0,0,0,0,0,0,0,0,0,0,0,0,0,17799,0,0,0,0,0,0,0,0,0,0,0,0,0,0,2,0,31,0,0,0,0,39,3,45,13,3,0,0,0,0,0,153,0,0,0,0,0,0,0,0,31,0,0,0,0,18786,0,163,0,0,0,2,0,0,35,0,0,0,2,0,0,0,13,0,0,0,0,8,0,43,0,0,0,0,0,0,0,2,0,0,0,0,51,0,0,0,0,0,0,1,0,17516
72fb041c-e3b1-4ac1-9c66-25973d9a47ca,PAPER,13,0,0,0,0,0,0,0,0,0,0,0,0,0,0,0,0,0,0,0,0,0,26,0,1,32,3,0,0,35,0,0,0,0,0,0,0,0,0,0,0,0,0,5,0,0,17812,0,0,0,0,0,0,0,0,0,0,0,0,0,0,0,0,18,0,0,0,0,7,0,0,0,0,0,0,0,0,0,71,0,0,0,0,0,0,0,0,0,6,0,0,0,18789,0,48,0,0,0,0,0,0,0,0,0,0,0,0,0,0,10,0,0,0,0,18,26,0,0,0,0,0,0,0,0,0,0,0,0,0,0,0,0,0,0,0,0,0,0,17521
aba78656-454e-4876-807c-ac3c0cec9d5b,SCISSORS,20,0,0,0,0,0,0,0,0,0,0,0,0,0,0,0,0,0,0,0,0,0,71,0,1,82,2,0,0,59,0,0,0,0,0,0,0,0,0,0,0,0,0,0,0,0,17823,0,3,0,0,0,0,0,0,0,0,0,0,0,0,1,0,25,0,0,0,0,16,0,8,3,1,0,0,0,0,120,2,0,0,0,0,2,0,0,0,33,0,1,0,0,18804,0,36,0,0,0,1,0,0,33,0,0,0,0,0,0,2,102,0,0,0,0,0,18,18,1,2,0,0,0,0,0,2,0,0,0,0,0,0,0,0,0,0,0,0,0,17539
931ec2f3-be46-487f-bf9f-aea78ac183b1,ROCK,10,0,0,0,0,0,0,0,0,21,0,0,0,0,0,0,0,0,0,0,0,0,13,0,0,34,0,0,0,54,0,0,0,0,0,0,0,0,0,0,0,0,1,0,0,0,17829,0,0,0,0,0,0,0,0,0,0,0,0,0,0,0,0,0,0,0,0,0,13,0,0,32,0,0,0,0,0,78,0,0,0,0,0,0,0,0,0,0,0,0,0,0,18806,0,0,0,0,0,0,0,0,0,0,0,0,0,0,2,0,77,0,0,0,0,12,1,21,1,2,0,0,0,0,0,0,0,0,0,0,0,0,0,0,7,0,0,0,0,17550
1a4d1069-09e9-4497-8da0-60dd258e057f,ROCK,11,0,0,0,0,0,1,0,0,53,0,0,0,0,0,0,0,0,0,0,0,0,0,0,1,143,2,0,0,71,0,0,4,0,0,0,0,0,0,0,0,0,0,0,1,0,17846,0,0,0,0,0,0,0,0,0,0,0,0,0,0,0,0,0,0,0,0,0,61,0,47,25,3,0,0,0,0,84,56,0,0,0,0,0,0,0,0,0,0,0,0,0,18825,0,0,0,0,0,0,0,0,0,0,0,0,0,0,2,0,116,0,0,0,0,54,2,38,2,0,0,0,0,0,0,44,0,0,0,0,0,0,0,0,1,0,17,0,0,17568
a0c13ecf-1efa-474f-adb1-bc63505434fc,ROCK,9,0,0,0,0,0,45,0,0,15,0,0,0,1,0,0,1,0,0,0,0,0,4,1,0,141,0,0,0,101,0,0,0,0,0,0,0,0,0,0,0,0,0,0,0,0,17863,0,0,0,0,0,0,0,0,0,0,0,0,0,0,0,0,0,0,0,0,0,14,0,60,62,1,0,0,0,0,108,64,0,0,0,0,0,0,0,0,0,0,0,0,0,18835,0,0,0,0,0,0,0,0,0,0,0,0,0,0,1,0,209,0,0,0,0,29,1,26,3,2,0,0,0,0,0,0,0,0,0,0,0,0,0,0,38,0,0,0,0,17585
67e3442b-e805-4296-94b9-94e69806fa2b,SCISSORS,16,0,0,0,0,0,0,0,0,0,0,0,0,0,0,0,0,0,0,0,0,0,49,2,0,198,7,13,0,123,0,0,0,0,0,0,0,0,0,0,0,0,0,0,0,0,17893,0,0,0,0,0,0,0,0,0,0,0,0,0,0,10,0,0,0,0,0,0,0,18,88,72,4,0,0,0,0,122,78,0,0,0,0,0,0,0,0,0,0,0,0,0,18857,0,139,0,0,1,0,0,0,8,0,0,0,0,0,0,2,113,0,0,0,0,60,3,48,0,1,0,0,0,0,0,16,0,0,0,0,0,0,0,0,0,0,0,1,0,17609
2f358286-b251-42cf-a539-166d11b90883,SCISSORS,5,0,0,0,0,0,0,0,0,0,0,0,0,0,0,0,0,3,0,0,0,0,64,1,0,397,1,8,0,354,0,0,0,0,0,0,0,0,0,0,0,0,3,0,0,0,17925,0,5,0,0,0,0,0,0,0,0,0,0,0,0,26,0,0,0,0,0,0,15,5,137,35,4,21,0,0,0,70,493,0,0,0,0,0,0,0,0,18,0,2,0,0,18912,0,186,0,0,1,0,0,0,38,0,0,0,0,0,0,0,133,0,0,0,0,6,0,87,3,4,0,0,0,0,0,299,0,0,0,0,74,0,0,0,0,0,0,0,0,17645
62d7b6a0-f74a-4f86-ac5b-3b0c0e3099d5,ROCK,13,0,0,0,0,1,2,0,0,68,0,0,0,0,0,0,2,0,0,0,0,2,41,2,1,182,2,0,0,27,0,0,0,0,0,0,0,0,0,0,0,0,1,0,1,0,17959,0,0,0,0,0,0,0,0,0,0,0,0,0,0,0,0,0,0,0,0,0,12,102,122,6,4,0,0,0,0,0,86,0,0,0,0,0,0,0,0,0,0,0,0,0,18940,0,76,0,0,0,0,0,0,0,0,0,0,0,0,6,0,88,0,0,0,0,17,0,43,3,5,0,0,0,0,0,0,0,0,0,0,38,0,0,0,4,0,52,0,0,17683
9bd35ee7-dc52-428a-8bdd-164a497dd291,ROCK,5,0,0,0,0,2,0,0,0,10,0,0,0,0,0,0,0,0,0,0,0,15,0,0,0,94,0,0,0,69,0,0,0,0,0,0,0,0,0,0,0,0,0,0,0,0,17968,0,0,0,0,0,0,0,0,0,0,0,0,0,0,0,0,0,0,0,0,0,0,39,50,8,0,0,0,0,0,17,76,0,0,0,0,0,0,0,0,0,0,0,0,0,18947,0,121,0,0,0,0,0,0,0,0,0,0,0,0,10,0,0,0,0,0,0,26,0,32,0,1,0,0,0,0,0,0,0,0,0,0,0,0,0,0,0,0,0,0,0,17690
c298cbbe-9c11-4473-b8b9-5d82e6a1e35a,ROCK,20,0,0,0,0,0,0,0,0,47,0,0,0,0,0,0,1,0,0,0,0,20,16,1,0,161,2,12,0,47,0,0,0,0,0,0,0,0,0,0,0,0,0,0,1,0,17991,0,19,0,0,0,0,0,0,0,0,0,0,0,0,0,0,0,0,0,0,0,54,16,71,39,3,0,0,0,0,3,103,0,0,0,0,0,0,0,0,0,0,0,0,0,18967,0,49,0,0,0,0,0,0,0,0,0,0,0,0,32,0,47,0,0,0,0,31,1,46,1,1,0,0,0,0,0,64,0,0,0,0,35,0,0,0,0,0,1,0,0,17708
545da987-baa2-488f-b0ef-50859a83126f,SCISSORS,8,0,0,0,0,0,0,0,0,10,0,0,0,0,0,0,0,0,0,0,0,0,89,0,1,203,2,0,0,184,0,14,0,0,0,0,0,0,0,0,0,0,0,0,0,0,18013,0,0,0,0,0,0,0,0,3,0,0,0,0,0,52,0,0,0,0,0,0,46,0,35,21,0,0,0,0,0,0,345,0,0,0,0,0,0,0,0,0,0,1,0,0,18992,0,74,0,0,1,2,0,0,59,0,0,0,3,0,0,0,295,0,0,0,0,23,0,26,1,1,0,0,0,0,0,0,0,0,0,0,18,0,0,0,0,0,0,0,0,17734
fd8da37a-1ced-406a-b7b8-4488b5d31aa0,ROCK,5,0,0,0,0,0,0,0,0,52,0,0,0,1,0,0,1,0,0,0,0,0,80,2,0,54,0,4,0,50,0,0,0,0,0,0,0,0,0,0,0,0,0,0,1,0,18030,0,0,0,0,0,0,0,0,0,0,0,0,0,0,0,0,0,0,0,0,0,121,0,41,3,3,0,0,0,0,0,77,0,0,0,0,0,0,0,0,0,0,0,0,0,19006,0,0,0,0,0,0,0,0,0,0,0,0,0,0,2,0,170,0,0,0,0,35,0,3,0,1,0,0,0,0,0,0,0,0,0,0,0,0,0,0,33,0,1,0,0,17744
64be9395-04aa-47be-b7c3-8d8e0ee2f5c5,PAPER,7,0,0,0,0,0,0,0,0,0,0,0,0,0,0,15,0,0,0,0,0,0,37,1,0,121,1,2,0,120,0,0,0,0,0,0,0,0,0,0,0,1,0,0,0,0,18042,0,0,0,0,0,0,0,0,28,0,0,7,2,0,0,0,0,0,0,0,0,66,0,79,28,2,0,0,0,0,0,57,0,0,0,0,3,0,0,0,0,24,0,2,0,19031,0,10,0,0,0,0,0,0,0,0,0,0,0,0,0,0,114,0,0,0,0,143,3,28,0,0,0,0,0,0,0,0,0,0,0,0,0,0,0,0,0,0,0,0,0,17756
c478befc-84ae-43dc-b8b3-c678997a4315,SCISSORS,17,0,0,0,0,0,0,0,0,0,0,0,0,0,0,0,0,0,0,0,0,0,117,0,2,194,1,2,0,92,0,0,0,0,0,0,0,0,0,0,1,0,0,0,0,0,18060,0,0,0,0,0,0,0,0,114,0,0,0,0,0,0,0,19,0,0,0,0,0,0,89,122,6,0,0,0,0,0,49,0,0,0,0,0,0,0,0,0,0,10,0,0,19053,0,68,0,0,0,0,0,0,11,0,0,0,0,0,0,0,96,0,0,0,0,110,1,111,2,3,0,0,0,0,0,7,0,0,0,0,0,0,0,0,0,0,0,0,0,17776
4116ad2e-e989-4663-98d8-3f8899b54331,ROCK,12,0,0,0,0,0,1,0,0,56,0,0,0,1,0,0,0,0,0,0,0,1,105,1,0,177,0,30,0,258,0,0,23,0,0,0,0,0,0,0,0,0,0,0,1,0,18097,0,0,0,0,0,0,0,0,41,0,0,0,0,0,0,0,0,0,0,0,0,71,0,64,87,1,0,0,0,0,0,390,0,0,0,0,0,0,0,0,0,0,0,0,0,19066,0,552,0,0,0,0,0,0,0,0,0,0,0,0,1,0,8,0,0,0,0,22,0,26,1,0,0,0,0,0,0,2,0,0,0,0,0,0,0,0,2,0,40,0,0,17794
ef0bf3a8-6be0-474b-abe1-e0e7505db516,SCISSORS,6,0,0,0,0,0,0,0,0,0,0,0,0,0,0,0,0,0,0,0,0,0,0,0,0,131,2,0,0,141,0,13,0,0,0,0,0,0,0,0,0,0,0,0,0,0,18109,0,0,0,0,0,0,0,0,0,0,0,0,0,0,0,0,0,0,0,0,0,89,0,32,2,2,0,0,0,0,0,148,0,0,0,0,0,0,0,0,14,0,0,0,0,19080,0,184,0,0,1,0,0,0,19,0,0,0,0,0,0,1,0,0,0,0,0,56,0,0,0,0,0,0,0,0,0,24,0,0,0,0,0,0,0,0,0,0,0,2,0,17802
0fecdc1f-d193-404e-ad52-abd3de010e82,PAPER,10,0,0,0,0,0,0,0,0,0,0,0,0,0,0,0,0,0,0,0,0,0,30,0,4,157,2,2,0,102,0,0,0,0,0,0,0,0,0,0,0,1,0,18,0,0,18131,0,0,0,0,0,1,0,0,0,0,0,0,0,0,0,1,9,0,0,0,0,46,4,42,67,1,0,0,0,0,0,123,0,0,0,0,0,0,0,0,0,21,0,1,0,19098,0,21,0,0,0,0,0,0,0,0,0,0,0,0,0,0,0,0,0,0,0,57,0,47,3,2,0,0,0,0,0,186,0,0,0,0,0,0,0,0,0,0,0,0,0,17815
92409eab-393e-42a9-86ed-05b94cf20b04,SCISSORS,20,0,0,0,0,0,0,0,0,0,0,0,0,0,0,0,0,0,0,0,0,0,74,0,0,97,0,0,0,44,0,0,0,0,0,0,0,0,0,0,0,0,0,0,0,0,18133,0,0,0,0,0,0,0,0,0,0,0,0,0,0,1,0,0,0,0,0,0,0,29,27,1,1,0,0,0,0,0,149,0,0,0,0,0,0,0,0,0,0,7,0,0,19107,0,0,0,0,1,0,0,0,9,0,0,0,0,0,0,0,0,0,0,0,0,74,0,0,0,0,0,0,0,0,0,130,0,0,0,0,0,0,0,0,0,0,0,1,0,17822
bd2f6c82-2587-4762-a948-40e24d1a4149,SCISSORS,14,0,0,0,0,0,0,0,0,0,0,0,0,0,0,0,0,0,0,0,0,0,48,1,0,99,0,0,0,77,0,0,0,0,0,0,0,0,0,0,0,0,0,0,0,0,18140,0,0,0,0,0,0,0,0,0,0,0,0,0,0,1,0,0,0,0,0,0,19,46,9,2,0,0,0,0,0,0,128,0,0,0,0,0,0,0,0,1,0,19,0,0,19115,0,17,0,0,0,1,0,0,21,0,0,0,0,0,0,2,0,0,0,0,0,0,0,0,0,0,0,0,0,0,0,183,0,0,0,0,0,0,0,0,0,0,0,1,0,17832
8288c7b3-7b6c-4caa-8885-6ac2e42abea3,SCISSORS,12,0,0,0,0,0,0,0,0,0,0,0,0,0,0,0,0,0,0,0,0,0,158,0,0,53,2,0,0,87,0,0,0,0,0,0,0,0,0,0,0,0,0,0,0,0,18151,0,9,0,0,0,0,0,0,0,0,0,0,0,0,2,0,0,0,0,0,0,82,0,3,0,0,0,0,0,0,0,132,0,0,0,0,0,0,0,0,66,0,6,0,0,19135,0,197,0,0,0,1,0,0,75,0,0,0,2,0,0,0,0,0,0,0,0,7,0,0,0,0,0,0,0,0,0,16,0,0,0,0,0,0,0,0,2,0,0,0,0,17843
5a706eee-a4ae-481e-9878-e2961eb4b10f,ROCK,6,0,0,0,0,0,0,0,0,44,0,0,0,0,0,0,0,0,0,0,0,0,51,0,0,156,0,0,0,107,0,0,0,0,0,0,0,0,0,0,0,0,2,0,1,0,18169,0,0,0,0,0,0,0,0,0,0,0,0,0,0,0,0,0,0,0,0,0,51,0,10,0,1,0,0,0,0,0,299,0,0,0,0,0,0,0,0,0,0,0,0,0,19140,0,4,0,0,0,0,0,0,0,0,0,0,0,0,21,0,0,0,0,0,0,35,0,15,0,2,0,0,0,0,0,284,0,0,0,0,0,0,0,0,0,0,0,0,0,17851
0f66112d-cddf-40c6-b91a-8d95c4887ae2,SCISSORS,13,0,0,0,0,0,0,0,0,0,0,0,0,0,0,0,0,0,0,0,0,0,81,1,8,354,15,0,0,168,0,0,0,0,0,0,0,0,0,0,0,0,0,0,0,0,18220,0,11,0,0,0,0,0,0,7,0,0,0,0,0,2,0,0,0,0,0,0,0,33,195,110,8,0,0,0,0,25,236,0,0,0,0,0,0,0,0,0,0,0,0,0,19190,0,208,0,0,0,0,0,0,4,0,0,0,0,0,0,0,0,0,0,0,0,74,3,116,6,3,0,0,0,0,0,182,0,0,0,0,31,0,0,0,0,0,0,0,0,17886
112877be-f8de-4302-a4af-7f1665aae102,ROCK,10,0,0,0,0,1,0,0,0,50,0,0,0,0,0,0,0,0,0,0,0,0,64,0,1,111,0,7,0,124,0,0,0,0,0,0,0,0,0,0,0,0,1,0,2,0,18241,0,0,0,0,0,0,0,0,0,0,0,0,0,0,0,0,0,0,0,0,0,0,114,29,4,2,0,0,0,0,0,212,0,0,0,0,0,0,0,0,0,0,0,0,0,19206,0,38,0,0,0,0,0,0,0,0,0,0,0,0,1,0,0,0,0,0,0,32,0,1,0,1,0,0,0,0,0,245,0,0,0,0,5,0,0,0,36,0,2,0,0,17898
dfb954ad-b252-4bca-9bcb-d07f73db2528,SCISSORS,19,0,0,0,0,0,0,0,0,0,0,0,0,0,0,0,0,0,0,0,0,0,92,1,3,220,5,0,0,150,0,0,0,0,0,0,0,8,0,0,0,0,0,0,0,0,18273,0,43,0,0,0,0,0,0,0,0,0,0,0,0,18,0,0,0,0,0,0,71,20,66,21,4,0,0,0,0,18,216,0,0,0,0,0,0,0,0,1,0,1,0,0,19236,0,94,0,0,0,0,0,0,31,0,0,0,0,0,0,1,0,0,0,0,0,48,1,60,4,3,0,0,0,0,0,177,0,0,0,0,57,0,0,0,0,0,0,3,0,17932
f8931062-8e76-4cdd-beb5-84572d120743,PAPER,16,0,0,0,0,0,0,0,0,0,0,0,0,0,0,29,0,0,0,0,0,0,71,0,0,63,0,28,0,94,0,0,0,0,0,0,0,0,0,0,0,1,0,1,0,0,18283,0,0,0,0,1,1,0,0,1,0,0,0,1,0,0,0,0,0,0,0,0,93,0,0,14,0,0,0,0,0,0,148,0,0,0,0,0,0,0,0,0,28,0,0,0,19249,0,60,0,0,0,0,0,0,0,0,0,0,0,0,0,0,0,0,0,0,0,0,0,31,3,3,0,0,0,0,0,190,0,0,0,0,0,0,0,0,0,0,0,0,0,17943
956fcd30-ced2-41ac-8c56-df09d83a4211,ROCK,16,0,0,0,0,0,28,0,0,0,0,0,0,0,0,0,0,0,0,0,0,0,24,0,0,38,0,65,0,97,0,0,0,0,0,0,0,0,0,0,0,0,0,0,0,0,18291,0,0,0,0,0,0,0,0,0,0,0,0,0,0,0,0,0,0,0,0,0,71,2,31,8,0,0,0,0,0,2,138,0,0,0,0,0,0,0,0,0,0,0,0,0,19262,0,166,0,0,0,0,0,0,0,0,0,0,0,0,20,0,0,0,0,0,0,31,0,30,0,1,0,0,0,0,0,0,0,0,0,0,4,0,0,0,0,0,0,0,0,17949
9f9530f7-27a2-4aa0-986f-62e1513835f8,SCISSORS,13,0,0,0,0,0,0,0,0,0,0,0,0,0,0,0,0,0,0,0,0,0,0,0,1,121,0,0,0,127,0,0,0,0,0,0,0,0,0,0,0,0,0,0,0,0,18294,0,0,0,0,0,0,0,0,0,0,0,0,0,0,1,0,0,0,0,0,0,88,0,19,6,2,0,0,0,0,0,94,0,0,0,0,0,0,0,0,0,0,39,0,0,19275,0,128,0,0,2,3,0,0,43,0,0,0,2,0,0,0,0,0,0,0,0,71,0,0,0,0,0,0,0,0,0,0,0,0,0,0,0,0,0,0,0,0,0,0,0,17964
85a57de4-b44e-4887-8818-ccd534b46cba,ROCK,20,0,0,0,0,1,0,0,0,66,0,0,0,1,0,0,0,0,0,0,0,0,0,0,2,243,2,0,0,61,0,0,0,0,0,0,0,0,0,0,0,0,0,0,0,0,18313,0,0,0,0,0,0,0,0,0,0,0,7,0,0,0,0,0,0,0,0,0,116,1,55,6,5,0,0,0,0,0,186,0,0,0,0,0,0,0,0,0,0,0,0,0,19298,0,174,0,0,0,0,0,0,0,0,0,0,0,0,4,0,0,0,0,0,0,17,0,46,0,0,0,0,0,0,0,45,0,0,0,0,46,0,0,0,1,0,43,0,0,17981
26d7ead7-9f9f-4c9f-8b63-adf7c6018323,ROCK,19,0,0,0,0,0,0,0,0,53,0,0,0,1,0,0,0,0,0,0,0,0,4,1,0,189,1,1,0,89,0,0,0,0,0,0,0,0,0,0,0,0,1,0,0,0,18332,0,0,0,0,0,0,0,0,0,0,0,0,0,0,0,0,0,0,0,0,0,100,1,28,3,1,0,0,0,0,0,207,0,0,0,0,0,0,0,0,0,0,0,0,0,19310,0,151,0,0,0,0,0,0,0,0,0,0,0,0,22,0,0,0,0,0,0,20,0,55,3,6,0,0,0,0,0,33,0,0,0,0,49,0,0,0,1,0,0,0,0,18007
d6b0a5e2-db14-4725-9e5d-a74d4b775dbb,PAPER,9,0,0,0,0,0,0,0,0,13,0,0,0,0,0,1,0,0,0,0,0,0,24,2,2,166,1,28,0,171,0,0,0,0,0,0,0,0,0,0,0,25,0,0,0,0,18359,0,0,0,0,0,1,0,0,1,0,0,0,0,0,0,0,9,0,0,0,0,9,0,51,43,1,0,0,0,0,0,304,0,0,0,0,0,0,0,0,0,14,0,0,0,19329,0,196,0,0,0,0,0,0,0,0,0,0,0,0,0,0,0,0,0,0,0,28,0,43,1,2,0,0,0,0,0,121,0,0,0,0,42,0,0,0,0,0,0,0,0,18018
d0bf256c-2708-4534-a716-bf08f0da5f86,SCISSORS,5,0,0,0,0,0,0,0,0,0,0,0,0,0,0,0,0,0,0,0,0,0,101,1,5,285,1,4,0,206,0,0,0,0,0,0,0,0,0,0,0,39,0,0,0,0,18394,0,24,0,0,0,0,0,0,0,0,0,9,0,0,25,0,1,0,0,0,0,31,1,106,10,4,0,0,0,0,4,423,0,0,0,0,0,0,0,0,3,0,1,0,0,19374,0,404,0,0,0,0,0,0,39,0,0,0,0,0,0,0,27,0,0,0,0,88,1,66,3,8,0,0,0,0,0,0,0,0,0,0,6,0,0,0,0,0,0,0,0,18051
5803f8ff-a3cf-4b97-9b30-de38c5135f5f,SCISSORS,9,0,0,0,0,0,0,0,0,0,0,0,0,0,0,0,0,0,0,0,0,0,131,1,2,163,3,12,0,59,0,0,0,0,0,6,0,0,0,0,0,0,0,0,0,0,18418,0,12,0,0,0,0,0,0,0,0,0,0,0,0,67,0,0,0,0,0,0,35,0,85,44,4,0,0,0,0,0,125,0,0,0,0,0,0,0,0,1,0,4,0,0,19409,0,188,0,0,8,1,0,0,70,0,0,0,1,0,0,1,18,0,0,0,0,18,2,51,2,2,0,0,0,0,0,15,0,0,0,0,0,0,0,0,0,0,0,0,0,18090
0a6910f6-561b-492c-af45-f45c021e0736,ROCK,8,0,0,0,0,0,0,0,0,13,0,0,0,0,0,0,2,0,0,0,0,0,20,0,0,75,0,0,0,45,0,0,0,0,0,0,0,0,0,0,0,0,0,0,1,0,18428,0,4,0,0,0,0,0,0,0,0,0,0,0,0,0,0,0,0,0,0,0,81,1,24,0,0,0,0,0,0,0,46,0,0,0,0,0,0,0,0,0,0,0,0,0,19415,0,0,0,0,0,0,0,0,0,0,0,0,0,0,0,0,0,0,0,0,0,0,0,33,2,1,0,0,0,0,0,89,0,0,0,0,0,0,0,0,29,0,2,0,0,18101
a7fb2a36-7322-42ea-ba97-083d51e67e55,SCISSORS,8,0,0,0,0,0,0,0,0,0,0,0,0,0,0,0,0,0,0,0,0,0,87,0,1,209,0,0,0,67,0,0,0,0,0,0,0,0,0,0,0,0,0,0,0,0,18434,0,0,0,0,0,0,0,0,0,0,0,0,0,0,2,0,32,0,0,0,0,42,0,62,46,2,0,0,0,0,0,114,0,0,0,0,0,0,0,0,60,0,4,0,0,19441,0,1,0,0,0,2,0,0,60,0,0,0,1,0,0,3,0,0,0,0,0,36,4,58,5,1,0,0,0,0,0,170,0,0,0,0,0,0,0,0,22,0,0,1,0,18138
161ba3b5-0890-4b6f-9c8c-0a289f4d5f86,ROCK,14,0,0,0,0,2,0,0,0,57,0,0,0,4,0,0,1,0,0,0,0,1,30,0,0,228,0,0,0,62,0,0,0,0,0,0,0,0,0,0,0,0,0,0,0,0,18454,0,0,0,0,0,0,0,0,0,0,0,0,0,0,0,0,0,0,0,0,0,31,73,108,23,4,0,0,0,0,0,144,0,0,0,0,0,0,0,2,0,0,0,0,0,19472,0,93,0,0,0,0,0,0,0,0,0,0,0,0,2,0,0,0,0,0,0,22,1,36,1,2,0,0,0,0,0,176,0,0,0,0,17,0,0,0,2,0,33,0,0,18160
554d8d04-366a-4172-948f-db3466bbe87f,PAPER,11,0,0,0,0,0,0,0,0,0,0,0,0,0,0,1,0,0,0,0,0,0,0,0,0,90,0,0,0,89,0,0,0,0,0,0,0,0,0,0,0,1,0,20,0,0,18463,0,0,0,0,1,1,0,0,1,0,0,0,0,0,0,0,0,0,0,0,0,7,18,0,27,0,0,0,0,0,14,112,0,0,0,0,0,0,0,0,0,18,0,2,0,19489,0,0,0,0,0,0,0,0,0,0,0,0,0,0,0,0,0,0,0,0,0,55,1,37,2,0,0,0,0,0,0,99,0,0,0,0,7,0,0,0,0,0,0,0,0,18168
7926cc1a-5556-41b5-9348-60a3c380d1c8,ROCK,19,0,0,0,0,0,10,0,0,0,0,0,0,0,0,0,0,0,0,0,0,0,0,0,0,81,0,0,0,62,0,0,0,0,0,0,0,0,0,0,0,0,0,0,0,0,18468,0,0,0,0,0,0,0,0,0,0,0,3,0,0,0,0,0,0,0,0,0,37,0,0,0,0,0,0,0,0,113,0,0,0,0,0,0,0,0,0,0,0,0,0,0,19491,0,0,0,0,0,0,0,0,0,0,0,0,0,0,24,0,0,0,0,0,0,25,0,17,1,2,0,0,0,0,0,84,0,0,0,0,0,0,0,0,0,0,0,0,0,18176
1de5d6a0-a48d-443c-8979-1322d6d03079,ROCK,18,0,0,0,0,0,30,0,0,1,0,0,0,0,0,0,0,0,0,0,0,0,36,2,0,48,0,0,0,130,0,0,0,0,0,0,0,0,0,0,0,0,0,0,1,0,18483,0,0,0,0,0,0,0,0,0,0,0,0,0,0,0,0,0,0,0,0,0,81,0,34,7,2,0,0,0,0,118,6,0,0,0,0,0,0,0,0,0,0,0,0,0,19507,0,0,0,0,0,0,0,0,0,0,0,0,0,0,36,0,0,0,0,0,0,12,1,12,1,1,0,0,0,0,0,156,0,0,0,0,0,0,0,0,28,0,1,0,0,18188
1b6b09c5-b2d4-4d16-9484-9f808cfe425b,PAPER,13,0,0,0,0,0,0,0,0,0,0,0,0,0,0,1,0,0,0,0,0,0,13,0,0,47,0,0,0,80,0,0,0,0,0,0,0,0,0,0,0,24,0,2,0,0,18493,0,7,0,0,0,1,0,0,36,0,0,0,1,0,0,0,0,0,0,0,0,26,0,0,18,0,0,0,0,0,76,0,0,0,0,0,0,0,0,0,0,2,0,0,0,19519,0,1,0,0,0,0,0,0,0,0,0,0,0,0,0,0,0,0,0,0,0,73,0,17,2,0,0,0,0,0,0,74,0,0,0,0,0,0,0,0,0,0,0,0,0,18196
a228c787-33ce-4c28-bb51-0c1d399c4264,ROCK,16,0,0,0,0,0,0,0,0,36,0,0,0,1,0,0,0,0,0,0,0,0,29,3,0,135,0,1,0,88,0,0,0,0,0,0,0,0,0,0,0,0,2,0,0,0,18514,0,1,0,0,0,0,0,0,43,0,0,0,0,0,0,0,0,0,0,0,0,59,1,47,23,3,0,0,0,0,1,117,0,0,0,0,0,0,0,0,0,0,0,0,0,19540,0,8,0,0,0,0,0,0,0,0,0,0,0,0,2,0,0,0,0,0,0,22,0,47,3,4,0,0,0,0,0,192,0,0,0,0,0,0,0,0,0,0,17,0,0,18221
b91a823a-f2ef-4aeb-8a10-3b24513f22ac,ROCK,17,0,0,0,0,0,0,0,0,64,0,0,0,0,0,0,1,0,0,0,0,1,14,1,0,62,0,0,0,51,0,0,0,0,0,0,0,0,0,0,0,0,0,0,0,0,18526,0,0,0,0,0,0,0,0,0,0,0,0,0,0,0,0,0,0,0,0,0,19,56,37,3,0,0,0,0,0,0,79,0,0,0,0,0,0,0,0,0,0,0,0,0,19544,0,0,0,0,0,0,0,0,0,0,0,8,0,0,23,0,0,0,0,0,0,19,12,12,2,1,0,0,0,0,0,115,0,0,0,0,0,0,0,0,0,0,2,0,0,18236
8fc05da7-541c-4414-b587-29a6dcb8312c,SCISSORS,18,0,0,0,0,0,0,0,0,26,0,0,0,0,0,0,0,0,0,0,0,0,0,0,0,157,0,0,0,85,0,0,0,0,0,0,0,0,0,0,0,0,0,0,0,0,18534,0,0,0,0,0,0,0,0,0,0,0,0,0,0,2,0,0,0,0,0,0,0,35,19,7,2,0,0,0,0,0,166,0,0,0,0,0,0,0,0,4,0,33,0,0,19572,0,0,0,0,0,0,0,0,43,0,0,0,1,0,0,0,0,0,0,0,0,0,24,0,0,0,2,0,0,0,0,198,0,0,0,0,0,0,0,0,0,0,0,0,0,18242
9d40bc73-05ca-4d15-820c-0ab4b3bbf730,PAPER,19,0,0,0,0,0,0,0,0,0,0,0,0,0,0,17,0,0,0,0,0,0,18,0,0,244,0,4,0,142,0,0,0,0,0,0,0,0,0,0,0,2,0,1,0,0,18556,0,11,0,0,2,2,0,0,1,0,0,0,0,0,0,0,0,0,0,0,0,3,47,42,4,3,0,0,0,0,0,287,0,0,0,0,0,0,0,0,0,26,0,0,0,19602,0,75,0,0,0,0,0,0,0,0,0,0,0,0,0,0,0,0,0,0,0,44,1,48,2,3,0,0,0,0,0,221,0,0,0,0,34,0,0,0,0,0,0,0,0,18259
99e3b8ba-45f0-49af-8c4d-d4ebfd6eb9b4,PAPER,8,0,35,0,0,0,0,0,0,0,0,0,0,0,0,0,0,0,0,0,0,0,74,0,0,43,0,19,0,119,0,0,0,0,0,0,0,0,0,0,0,2,0,19,0,0,18578,0,37,0,0,0,1,0,0,0,0,0,0,0,0,0,2,0,0,0,0,0,0,0,41,19,1,22,0,0,0,0,162,0,0,0,0,0,0,0,0,0,25,0,1,0,19624,0,6,0,0,0,0,0,0,0,0,0,0,0,0,0,0,4,0,0,0,0,63,0,71,5,2,0,0,0,0,0,160,0,0,0,0,0,0,0,0,0,0,0,0,0,18280
f3a798f2-17ac-4f46-ab23-eb37f712d75b,SCISSORS,15,0,0,0,0,0,0,0,0,0,0,0,0,0,0,0,0,0,0,0,0,0,112,3,5,69,2,1,0,91,0,0,0,0,0,0,0,0,0,0,0,0,0,0,0,0,18605,0,0,0,0,0,0,0,0,0,0,0,0,0,0,0,0,24,0,0,0,0,0,35,62,30,1,0,0,0,0,2,105,0,0,0,0,0,0,0,0,1,0,23,0,0,19642,0,3,0,0,0,0,0,0,35,0,0,0,0,0,0,2,19,0,0,0,0,62,3,35,2,1,0,0,0,0,0,117,0,0,0,0,4,0,0,0,0,0,0,0,0,18302
b87051ff-e966-4ea9-832c-5059f9cfc3a5,SCISSORS,12,0,0,0,0,0,0,0,0,0,0,0,0,0,0,0,0,0,0,0,0,0,66,35,6,176,4,36,0,214,0,0,0,0,0,0,0,0,0,0,0,0,0,0,0,0,18655,0,7,0,0,0,0,0,0,21,0,0,6,0,0,16,0,0,0,0,0,0,2,48,129,35,5,0,0,0,0,3,258,0,0,0,0,0,0,0,6,1,0,0,0,0,19688,0,102,0,0,0,0,0,0,20,0,0,28,2,0,0,1,116,0,0,0,0,0,0,68,6,2,0,0,0,0,0,168,0,0,0,0,23,0,0,0,0,0,0,1,0,18341
71ec85ea-0b83-449f-a8c0-70c872d6339e,ROCK,10,0,0,0,0,2,0,0,0,56,0,0,0,0,0,0,0,0,0,0,0,1,0,14,0,162,0,0,0,57,0,0,0,0,0,0,0,0,0,0,0,0,1,0,3,0,18673,0,0,0,0,0,0,0,0,0,0,0,0,0,0,0,0,0,0,0,0,0,0,14,34,66,4,0,0,0,0,0,178,0,0,0,0,0,0,0,0,0,0,0,0,0,19704,0,3,0,0,0,0,0,0,0,0,0,0,0,0,3,0,51,0,0,0,0,12,0,3,1,0,0,0,0,0,0,178,0,0,0,0,0,0,0,0,0,0,45,0,0,18355
022977bf-1c4a-46e3-9669-d6748d1a2148,SCISSORS,11,0,0,0,0,0,0,0,0,13,0,0,0,0,0,0,0,0,0,0,0,0,0,0,6,384,4,0,0,163,0,0,0,0,0,0,0,0,0,0,0,0,0,0,0,0,18702,0,0,0,0,0,0,0,0,0,0,0,0,0,0,49,0,0,0,0,0,0,0,32,138,34,8,0,0,0,0,31,268,0,0,0,0,0,0,0,3,3,0,4,0,0,19761,0,80,0,0,3,1,0,0,56,0,0,0,1,0,0,0,4,0,0,0,0,27,3,84,2,4,0,0,0,0,0,192,0,0,0,0,111,0,0,0,0,0,0,2,0,18398
0c7bab5f-2aa1-47b5-9143-24c05276378a,ROCK,20,0,0,0,0,0,53,0,0,0,0,0,0,2,0,0,0,0,0,0,0,1,0,0,1,227,2,2,0,135,0,0,0,0,0,0,0,0,0,0,0,0,0,0,0,0,18726,0,0,0,0,0,0,0,0,0,0,0,0,0,0,0,0,0,0,0,0,0,1,40,74,68,5,0,0,0,0,0,231,0,0,0,0,4,0,0,0,0,0,0,0,0,19787,0,68,0,0,0,0,0,0,0,0,0,0,0,0,2,0,106,0,0,0,0,12,0,61,1,2,0,0,0,0,0,72,0,0,0,0,52,0,0,0,44,0,3,0,0,18424
450a3569-bfa1-4dc6-9717-05a9e45388c8,ROCK,6,0,0,0,0,0,0,0,0,27,0,0,0,0,0,0,0,0,0,0,0,1,0,0,0,80,0,0,0,58,0,0,0,0,0,0,0,0,0,0,0,0,0,0,0,0,18731,0,0,0,0,0,0,0,0,0,0,0,0,0,0,0,0,0,0,0,0,0,0,29,22,16,0,0,0,0,0,24,75,0,0,0,0,0,0,0,0,0,0,0,0,0,19794,0,1,0,0,0,0,0,0,0,0,0,0,0,0,16,0,0,0,0,0,0,22,0,13,1,2,0,0,0,0,0,109,0,0,0,0,0,0,0,0,1,0,1,0,0,18438
a8603d8f-58c8-4495-ac3a-ca78d8bafd5c,ROCK,19,0,0,0,0,0,0,0,0,67,0,0,0,1,0,0,0,0,0,0,0,2,18,1,0,36,0,13,0,23,0,0,0,0,0,0,0,0,0,0,0,0,0,0,0,0,18748,0,0,0,0,0,0,0,0,0,0,0,0,0,0,0,0,0,0,0,0,0,49,17,1,67,2,0,0,0,0,0,25,0,0,0,0,0,0,0,0,0,0,0,0,0,19804,0,13,0,0,0,0,0,0,0,0,0,0,0,0,12,0,0,0,0,0,0,46,0,34,2,0,0,0,0,0,0,53,0,0,0,0,0,0,0,0,0,0,1,0,0,18451
67f8a8fd-0f73-4e82-a538-fc168728bf4b,PAPER,15,0,0,0,0,0,0,0,0,16,0,0,0,0,0,24,0,0,0,0,0,0,14,0,0,75,0,2,0,63,0,0,0,0,0,0,0,0,0,0,0,0,0,0,0,0,18757,0,0,0,0,0,0,0,0,1,0,0,0,0,0,0,0,0,0,0,0,0,15,12,9,8,0,0,0,0,0,6,110,0,0,0,0,0,0,0,0,0,33,0,0,0,19819,0,0,0,0,0,0,0,0,0,0,0,0,0,0,0,0,0,0,0,0,0,15,41,17,0,0,0,0,0,0,0,121,0,0,0,0,0,0,0,0,0,0,0,0,0,18455
5b0f6e44-993d-4285-aa5d-d3a822a4edac,ROCK,20,0,0,0,0,0,2,0,0,49,0,0,0,0,0,0,0,0,0,0,0,0,39,0,0,83,0,0,0,19,0,0,0,0,0,0,0,0,0,0,0,0,2,0,1,0,18768,0,0,0,0,0,0,0,0,0,0,0,0,0,0,0,0,0,0,0,0,0,2,57,13,2,2,0,0,0,0,91,0,0,0,0,0,28,0,0,0,0,0,0,0,0,19830,0,0,0,0,0,0,0,0,0,0,0,0,0,0,0,0,0,0,0,0,0,9,39,30,2,2,0,0,0,0,0,68,0,0,0,0,0,0,0,0,45,0,0,0,0,18466
6854d248-261d-4537-bfa3-bb6b802624cd,SCISSORS,7,0,0,0,0,0,0,0,0,29,0,0,8,0,0,0,0,0,0,0,0,0,60,0,0,46,0,0,0,93,0,0,0,0,0,0,0,0,0,0,0,0,0,0,0,0,18779,0,0,0,0,0,0,0,0,0,0,0,0,0,0,1,0,0,0,0,0,0,0,36,2,0,0,0,0,0,0,151,0,0,0,0,0,0,0,0,0,45,0,1,0,0,19838,0,8,0,0,0,0,0,0,45,0,0,5,2,0,0,1,0,0,0,0,0,24,0,0,0,0,0,0,0,0,0,139,0,0,0,0,9,0,0,0,0,0,0,3,0,18482
039c7438-17f4-4248-8e63-12a5268d1e82,ROCK,5,0,0,0,0,0,0,0,0,20,0,0,0,0,0,0,0,0,0,0,0,1,6,0,0,63,0,0,0,30,0,0,0,0,0,0,0,0,0,0,0,0,1,0,2,0,18788,0,0,0,0,0,0,0,0,0,0,0,0,0,0,0,0,0,0,0,0,0,27,6,50,7,2,0,0,0,0,25,6,0,0,0,0,0,0,0,0,0,0,0,0,0,19853,0,11,0,0,0,0,0,0,0,0,0,0,0,0,0,0,4,0,0,0,0,14,0,9,1,1,2,0,0,0,0,73,0,0,0,0,0,0,0,0,1,0,7,0,0,18494
3f7c611d-1833-4416-9943-672bdf578462,SCISSORS,10,0,0,0,0,0,0,0,0,10,0,0,0,0,0,0,0,0,0,0,0,0,75,2,1,115,1,8,0,62,0,0,0,0,0,0,0,0,0,0,0,0,0,0,0,0,18804,0,0,0,0,0,0,0,0,0,0,0,0,0,0,0,0,0,0,0,0,0,8,15,144,4,6,0,0,0,0,16,67,0,0,0,0,0,0,0,0,13,0,1,0,0,19883,0,0,0,0,0,0,0,0,5,0,0,4,0,0,0,0,38,0,0,0,0,8,0,42,3,0,0,0,0,0,0,123,0,0,0,0,51,0,0,0,0,0,0,0,0,18509
b9eeefea-0c27-4f66-b784-720e886550ce,SCISSORS,12,0,0,0,0,0,0,0,0,0,0,0,0,0,0,0,0,0,0,0,0,0,57,0,0,109,0,0,0,71,0,0,0,0,0,0,0,0,0,0,0,0,0,0,0,0,18813,0,0,0,0,0,0,0,0,0,0,0,0,0,0,0,0,0,0,0,0,0,1,40,3,28,0,1,0,0,0,0,144,0,0,0,0,0,0,0,0,4,0,16,0,0,19906,0,10,0,0,0,0,0,0,25,0,0,0,0,0,0,2,24,0,0,0,0,0,0,25,0,1,0,0,0,0,0,144,0,0,0,0,5,0,0,0,0,0,0,1,0,18522
15df7a0a-c31a-4a4d-ad1a-99ceb8a47fd4,ROCK,16,0,0,0,0,0,0,0,0,38,0,0,0,0,0,0,0,0,0,0,0,3,74,3,0,247,0,13,0,156,0,0,0,0,0,0,0,0,0,0,0,0,0,0,0,0,18842,0,0,0,0,0,0,0,0,0,0,0,0,0,0,0,0,3,0,0,0,0,1,84,3,128,1,0,0,0,0,0,314,0,0,0,0,0,0,0,0,0,0,0,0,0,19929,0,31,0,0,0,0,0,0,0,0,0,3,0,0,17,0,179,0,0,0,0,20,1,62,3,3,0,0,0,0,0,213,0,0,0,0,2,0,0,0,0,0,0,0,0,18547
8bdcc80d-cd07-4187-b1fb-5b1a3defdd18,SCISSORS,5,0,0,0,0,0,0,0,0,19,0,0,0,0,0,0,0,0,0,0,0,0,47,2,0,36,0,0,0,39,0,0,0,0,0,0,0,0,0,0,0,0,0,0,0,0,18849,0,0,0,0,0,0,0,0,0,0,0,0,0,0,0,0,0,0,0,0,0,1,30,13,0,0,0,0,0,0,0,81,0,0,0,0,0,0,0,0,1,0,17,0,0,19937,0,0,0,0,1,0,0,0,20,0,0,0,2,0,0,1,0,0,0,0,0,12,0,0,0,0,0,0,0,0,0,106,0,0,0,0,0,0,0,0,0,0,0,1,0,18559
6ba06d7c-9128-440d-9db2-f3a601980c0f,ROCK,14,0,0,0,0,0,0,0,0,51,0,0,0,0,0,0,1,0,0,0,0,1,111,10,1,123,6,2,0,47,0,0,0,0,0,0,0,83,0,0,0,0,0,0,2,0,18902,0,0,0,0,0,0,0,0,0,0,0,0,0,0,0,0,2,0,0,0,0,1,102,138,20,6,0,0,0,0,0,153,0,0,0,0,16,0,0,0,0,0,0,0,0,19976,0,96,0,0,0,0,0,0,0,0,0,1,0,0,2,0,20,0,0,0,0,26,0,41,3,2,0,0,0,0,0,216,0,0,0,0,1,0,0,0,2,0,28,0,0,18583
7be98181-7cdd-4837-93e5-faa52dba60b0,PAPER,5,0,0,0,0,0,0,0,0,0,0,0,0,0,0,0,0,0,0,0,0,0,1,14,0,56,0,6,0,100,0,11,0,0,0,0,0,0,0,0,0,1,0,17,0,0,18912,0,0,0,0,1,0,0,0,2,0,0,0,1,0,0,0,13,0,0,0,0,0,31,1,24,2,0,0,0,0,0,109,0,0,0,0,0,0,0,0,0,22,0,0,0,19994,0,109,0,0,0,0,0,0,0,0,0,0,0,0,0,0,0,0,0,0,0,71,0,21,1,0,0,0,0,0,0,0,0,0,0,0,4,0,0,0,0,0,0,0,0,18589
e875c335-89ee-454d-ba34-6a94f6b0d210,PAPER,19,0,0,0,0,0,0,0,0,0,0,0,0,0,0,1,0,0,0,0,0,0,23,29,0,22,1,0,0,40,0,0,0,0,0,0,0,0,0,0,0,18,0,1,0,0,18921,0,0,0,0,1,0,0,0,0,0,0,0,2,0,0,0,46,0,0,0,0,0,0,0,0,0,0,0,0,0,0,64,0,0,0,0,0,0,0,0,0,22,0,0,0,20002,0,106,0,0,0,0,0,0,0,0,0,0,0,0,0,0,0,0,0,0,0,29,0,0,0,0,0,0,0,0,0,0,0,0,0,0,0,0,0,0,0,0,0,0,0,18590
3d4771a9-9170-4f62-a425-58a7377cd3db,ROCK,16,0,0,0,0,1,0,0,0,48,0,0,0,0,0,0,0,0,0,0,0,1,29,0,0,230,0,0,0,112,0,1,0,0,0,0,0,0,0,0,54,0,4,0,0,0,18945,0,0,0,0,0,0,0,0,0,0,0,0,0,0,0,0,0,0,0,0,0,0,55,0,2,0,0,0,0,0,0,423,0,0,0,0,0,0,0,0,0,0,0,0,0,20006,0,121,0,0,0,0,0,0,0,0,0,2,0,0,32,0,140,0,0,0,0,0,15,34,0,0,0,0,0,0,0,98,0,0,0,0,36,0,0,0,2,0,0,0,0,18603
efa9a0ed-3f3c-4bae-8b1a-210ba3ee731d,SCISSORS,15,0,0,0,0,0,0,0,0,33,0,0,0,0,0,0,0,0,0,0,0,0,58,0,1,91,1,0,0,97,0,0,0,0,0,0,0,0,0,0,0,0,3,0,0,0,18955,0,5,0,0,0,0,0,0,0,0,0,0,0,0,32,0,0,0,0,0,0,5,43,1,20,1,0,0,0,0,6,160,0,0,0,0,0,0,0,6,3,0,2,0,0,20031,0,33,0,0,0,1,0,0,39,0,0,0,0,0,0,1,113,0,0,0,0,19,29,6,2,1,0,0,0,0,0,0,0,0,0,0,37,0,0,0,0,0,0,3,0,18622
03501965-c32e-4a83-bc1b-6ce8094c0e85,PAPER,14,0,0,0,0,0,0,0,0,0,0,0,0,0,0,9,0,0,0,0,0,0,7,11,2,127,1,1,0,97,0,0,0,0,0,0,0,0,0,0,0,0,0,0,0,0,18968,0,0,0,0,0,1,0,0,0,0,0,0,0,0,0,0,0,0,0,0,0,0,7,0,0,0,0,0,0,0,0,237,0,0,0,0,0,0,0,0,0,10,0,0,0,20036,0,229,0,0,0,0,0,0,0,0,0,0,0,0,0,0,0,0,0,0,0,26,0,0,0,0,0,0,0,0,0,0,0,0,0,0,0,0,0,0,0,0,0,0,0,18623
9f235de3-5b25-4f39-8d12-89aa1961c771,SCISSORS,20,0,0,0,0,0,0,0,0,0,0,0,0,0,0,0,0,0,0,0,0,0,65,9,3,156,0,0,0,56,0,0,0,0,0,0,0,0,0,0,0,0,0,0,0,0,18979,0,0,0,0,0,0,0,0,0,0,0,0,0,0,0,0,35,0,0,0,0,25,0,0,65,2,0,0,0,0,0,132,0,0,0,0,0,0,0,3,3,0,24,0,0,20054,0,179,0,0,1,1,0,0,43,0,0,0,1,0,0,0,0,0,0,0,0,23,0,35,1,5,0,0,0,0,0,0,0,0,0,0,0,0,0,0,0,0,0,0,0,18642
ce0d2d88-7107-4f3a-91d7-bfeed4c39643,PAPER,17,0,0,0,0,0,0,0,0,0,0,0,0,0,0,0,0,0,0,0,0,0,31,0,1,87,1,1,0,74,0,0,0,0,0,0,0,0,0,0,0,0,3,4,0,0,18991,0,0,0,0,0,0,0,0,0,0,0,0,0,0,0,0,0,0,0,0,0,18,0,0,0,0,0,0,0,0,0,178,0,0,0,0,0,0,0,0,0,6,0,0,0,20057,0,116,0,0,0,0,0,0,0,0,0,0,0,0,0,0,43,0,0,0,0,31,2,10,0,0,0,0,0,0,0,0,0,0,0,0,0,0,0,0,0,0,0,0,0,18649
cb090f01-bb6c-405d-aeaf-47a22881f8a9,SCISSORS,14,0,0,0,0,0,0,0,0,0,0,0,0,0,0,0,0,0,0,0,0,0,73,0,1,162,1,0,0,82,0,0,0,0,0,5,0,0,0,0,0,0,0,0,0,0,19003,0,0,0,0,0,0,0,0,0,0,0,0,0,0,6,0,0,0,0,0,0,0,18,0,19,0,0,0,0,0,0,253,0,0,0,0,0,0,0,0,26,0,2,0,0,20071,0,235,0,0,0,1,0,0,30,0,0,0,2,0,0,0,0,0,0,0,0,18,0,22,1,1,0,0,0,0,0,0,0,0,0,0,11,0,0,0,0,0,0,3,0,18670
2cc9f258-8f60-4491-982e-321058577ed8,SCISSORS,13,0,0,0,0,0,0,0,0,0,0,0,0,0,0,0,0,0,0,0,0,0,64,2,0,33,0,10,0,51,0,0,0,0,0,0,0,0,0,0,0,0,0,0,0,0,19010,0,0,0,0,0,0,0,0,0,0,0,0,0,0,11,0,0,0,0,0,0,18,23,4,20,0,0,0,0,0,0,83,0,0,0,0,0,0,0,0,1,0,0,0,0,20085,0,143,0,0,1,1,0,0,13,0,0,0,0,0,0,1,0,0,0,0,0,0,0,0,0,0,0,0,0,0,0,0,0,0,0,0,0,0,0,0,0,0,0,1,0,18679
284ae416-b951-4906-a70f-b8bde034eeb9,SCISSORS,19,0,0,0,0,0,0,0,0,0,0,0,0,0,0,0,0,0,0,0,0,0,87,0,0,46,0,0,0,52,0,0,0,0,0,0,0,0,0,0,0,0,0,0,0,0,19017,0,0,0,0,0,0,0,0,0,0,0,3,0,0,3,0,0,0,0,0,0,45,0,0,8,0,0,0,0,0,0,96,0,0,0,0,0,0,0,0,0,0,30,0,0,20096,0,137,0,0,0,0,0,0,35,0,0,0,1,0,0,1,0,0,0,0,0,0,0,0,0,0,0,0,0,0,0,11,0,0,0,0,0,0,0,0,0,0,0,0,0,18684
9b509085-82d5-458e-9fb3-092a39cac1c8,SCISSORS,10,0,0,0,0,0,0,0,0,0,0,0,0,0,0,0,0,0,0,0,0,0,108,1,2,77,6,3,0,93,0,0,0,0,0,0,0,0,0,0,0,0,3,0,0,0,19044,0,0,0,0,0,0,0,0,0,0,0,0,0,0,2,0,0,0,0,0,0,27,18,0,33,1,0,0,0,0,0,162,0,0,0,0,0,0,0,0,48,0,2,0,0,20114,0,101,0,0,41,0,0,0,3,0,0,0,0,0,0,0,15,0,0,1,0,17,0,34,0,0,0,0,0,0,0,79,0,0,0,0,0,0,0,0,0,0,0,2,0,18703
f4b41d3c-6771-49b9-a335-257f24c715f3,SCISSORS,20,0,0,0,0,0,0,0,0,0,0,0,0,0,0,0,0,0,0,0,0,0,91,2,2,248,4,0,0,138,0,0,0,0,0,0,0,0,0,0,0,0,6,0,0,0,19077,0,1,0,0,0,0,0,0,0,0,0,0,0,0,10,0,7,0,0,0,0,50,27,13,170,8,0,0,0,0,0,204,0,0,0,0,0,0,0,0,0,0,1,0,0,20180,0,233,0,0,0,0,0,0,12,0,0,0,0,0,0,1,40,0,0,0,0,27,2,101,0,3,0,0,0,0,0,37,0,0,0,0,35,0,0,0,0,0,0,0,0,18726
d16ec59a-2a58-4a12-9bfc-6d771c6b9163,SCISSORS,12,0,0,0,0,0,0,0,0,0,0,0,0,0,0,0,0,0,0,0,0,0,79,1,1,105,0,0,0,83,0,0,0,0,0,0,0,0,0,0,0,0,0,0,0,0,19086,0,0,0,0,0,0,0,0,0,0,0,0,0,0,33,0,0,0,0,0,0,57,6,1,36,3,0,0,0,0,0,125,0,0,0,0,0,0,0,0,8,0,0,0,0,20209,0,144,0,0,1,2,0,0,52,0,0,0,0,0,0,0,17,0,0,0,0,0,0,31,2,0,0,0,0,0,0,19,0,0,0,0,0,0,0,0,0,0,0,1,0,18744
041dbba1-99d9-4393-aace-1f84585332ab,ROCK,5,0,0,0,0,0,0,0,0,42,0,0,0,0,0,0,0,0,0,0,0,0,37,0,4,262,4,0,0,103,0,0,0,0,0,0,0,0,0,0,0,0,1,0,0,0,19112,0,31,0,0,0,0,0,0,0,0,0,0,0,0,0,0,3,0,0,0,0,109,1,108,47,2,7,0,0,0,0,142,0,0,0,0,0,0,0,3,0,0,0,0,0,20235,0,235,0,0,0,0,0,0,0,0,0,0,0,0,0,0,0,0,0,0,0,43,2,93,3,0,0,0,0,0,0,28,0,0,0,0,23,0,0,0,2,0,24,0,0,18767
a76ef44a-d0f1-47a4-b6d7-793d0c680a81,SCISSORS,11,0,0,0,0,0,0,0,0,21,0,0,0,0,0,0,0,0,0,0,0,0,111,2,2,116,3,0,0,78,0,0,0,0,0,0,0,0,0,0,0,0,0,0,0,0,19133,0,2,0,0,0,0,0,0,0,0,0,0,0,0,2,0,0,0,0,0,0,41,0,5,177,10,0,0,0,0,14,58,0,0,0,0,0,0,0,0,0,0,24,0,0,20275,0,157,0,0,1,1,0,0,29,0,0,0,0,0,0,0,0,0,0,0,0,57,2,69,3,2,0,0,0,0,0,0,0,0,0,0,10,0,0,0,0,0,0,2,0,18797
a607c77c-a296-4c21-90e2-19d26436ec08,ROCK,20,0,0,0,0,0,0,0,0,20,0,0,0,0,0,0,0,0,0,0,7,0,24,1,1,57,2,4,0,68,0,0,0,0,0,0,0,0,0,0,0,0,0,0,0,0,19149,0,0,0,0,0,0,0,0,0,0,0,0,0,0,0,0,0,0,0,0,0,40,1,28,9,3,0,0,0,0,0,98,0,0,0,0,0,0,0,5,0,0,0,0,0,20296,0,137,0,0,0,0,0,0,0,0,0,0,0,0,6,0,0,0,0,0,0,11,1,24,4,1,0,0,0,0,0,0,0,0,0,0,0,0,0,0,0,0,0,0,0,18808
08dc8792-0061-4cba-b90d-2920835f19c9,PAPER,8,0,0,0,0,0,0,0,0,27,0,0,0,0,0,0,0,3,0,0,2,0,11,0,1,86,0,1,0,124,0,0,0,0,0,0,0,0,0,0,0,3,0,18,0,0,19166,0,0,0,0,0,1,0,0,10,0,0,0,0,0,0,0,0,0,0,0,0,25,0,8,12,0,0,0,0,0,0,165,0,0,0,0,35,0,0,0,0,20,0,0,0,20310,0,147,0,0,0,0,0,0,0,0,0,0,0,0,0,0,0,0,0,0,0,57,1,50,1,3,0,0,0,0,0,0,0,0,0,0,17,0,0,0,0,0,0,0,0,18823
72a1339e-672c-4316-a2fa-65ed6294969c,PAPER,10,0,0,0,0,0,0,0,0,0,0,0,0,0,0,9,0,0,0,0,0,0,53,1,0,64,0,21,0,72,0,0,0,0,0,0,0,0,0,0,0,4,0,2,0,0,19195,0,16,0,0,0,0,0,0,40,0,0,0,0,0,0,0,0,0,0,0,0,1,0,79,35,1,0,0,0,0,3,34,0,0,0,0,0,0,0,0,0,17,0,0,0,20327,0,58,0,0,0,0,0,0,0,0,0,0,0,0,0,0,0,0,0,0,0,50,0,56,3,1,0,0,0,0,0,43,0,0,0,0,15,0,0,0,0,0,0,0,0,18839
3d250f2b-a6c5-4aef-91de-6a3a890b7068,ROCK,5,0,0,0,0,0,0,0,0,35,0,0,0,0,0,0,0,0,0,0,0,1,20,1,2,186,0,39,0,84,0,0,0,0,0,0,0,0,0,0,0,0,3,0,1,0,19218,0,158,0,0,0,0,0,0,0,0,0,0,0,0,0,0,0,0,0,0,0,66,0,56,42,1,0,0,0,0,0,49,0,0,0,0,0,0,0,0,0,0,0,0,0,20342,0,191,0,0,0,0,0,0,0,0,0,0,0,0,0,0,0,0,0,0,0,66,1,64,3,4,0,0,0,0,0,0,0,0,0,0,30,0,0,0,0,0,13,0,0,18862
10fb1e1b-d4e4-4fc7-ac38-e73a70736329,SCISSORS,14,0,9,0,0,0,0,0,0,0,0,0,0,0,0,0,0,0,0,0,0,0,60,1,3,104,2,0,0,64,0,0,0,0,0,0,0,0,0,0,0,0,0,0,0,0,19234,0,22,0,0,0,0,0,0,0,0,0,0,0,0,4,0,0,0,0,0,0,33,0,100,6,4,6,0,0,0,40,27,0,0,0,0,0,0,0,0,0,0,1,0,0,20373,0,203,0,0,0,1,0,0,5,0,0,0,0,0,0,0,0,0,0,0,0,22,0,10,1,1,0,0,0,0,0,0,0,0,0,0,0,0,0,0,0,0,0,0,0,18874
43774fb2-1460-4b23-8526-d33e03eef473,SCISSORS,19,0,0,0,0,0,0,0,0,0,0,0,0,0,0,0,0,0,0,0,0,0,13,0,1,77,0,0,0,49,0,0,0,0,0,0,0,0,0,0,0,0,0,0,0,0,19238,0,0,0,0,0,0,0,0,0,0,0,0,0,0,0,0,0,0,0,0,0,27,0,3,0,0,0,0,0,0,62,0,0,0,0,0,0,0,0,0,46,0,2,0,0,20381,0,78,0,0,2,0,0,0,43,0,0,0,0,0,0,3,13,0,0,0,0,0,0,0,0,0,0,0,0,0,0,0,0,0,0,0,0,0,0,0,0,0,0,1,0,18887
a8eaddbd-e70e-4659-8176-a339efd283bb,ROCK,9,0,0,0,0,0,0,0,0,36,0,0,0,0,0,0,0,0,0,0,0,0,0,0,0,106,0,0,0,94,0,12,0,0,0,7,0,0,0,0,0,0,2,0,0,0,19252,0,0,0,0,0,0,0,0,0,0,0,0,0,0,0,0,0,0,0,0,0,60,0,13,1,0,1,0,0,0,156,26,0,0,0,0,0,0,0,0,0,0,0,0,0,20390,0,0,0,0,0,0,0,0,0,0,0,0,0,0,21,0,198,0,0,0,0,3,13,19,0,2,0,0,0,0,0,0,0,0,0,0,0,0,0,0,0,0,1,0,0,18897
013c7616-79dd-43e3-8c70-74846b6c54f4,ROCK,13,0,0,0,0,0,1,0,0,73,0,0,0,1,0,0,1,0,0,0,0,0,0,0,0,116,0,0,0,87,0,0,0,0,0,0,0,0,0,0,0,0,0,0,0,0,19261,0,0,0,0,0,0,0,0,0,0,0,0,0,0,0,0,0,0,0,0,0,96,3,53,2,3,46,0,0,0,76,0,0,0,0,0,0,0,0,0,0,0,0,0,0,20408,0,0,0,0,0,0,0,0,0,0,0,0,0,0,3,0,88,0,0,0,0,14,18,109,4,3,0,0,0,0,0,0,0,0,0,0,0,0,0,0,38,0,2,0,0,18923
080c3e81-9d6a-4893-ad6d-b5d7f3ac447c,SCISSORS,10,0,0,0,0,0,0,0,0,21,0,0,0,0,0,0,0,0,0,0,0,0,51,3,0,31,0,0,0,16,0,0,0,0,0,0,0,0,0,0,0,0,0,0,0,0,19268,0,0,0,0,0,0,0,0,0,0,0,0,0,0,0,0,0,0,0,0,0,46,0,20,7,1,0,0,0,0,48,0,0,0,0,0,0,0,0,0,0,0,0,0,0,20416,0,19,0,0,0,0,0,0,7,0,0,0,0,0,0,0,65,0,0,0,0,19,0,8,2,2,0,0,0,0,0,0,0,0,0,0,0,0,0,0,0,0,0,0,0,18932
13f30795-29cc-4107-ac4d-4b304052ce37,SCISSORS,16,0,0,0,0,0,0,0,0,0,0,0,0,0,0,0,0,0,0,0,0,0,85,0,4,200,3,0,0,156,0,0,0,0,0,0,0,21,0,0,0,0,0,0,0,0,19296,0,0,0,0,0,0,0,0,0,0,0,0,0,0,33,0,11,0,0,0,0,13,24,64,2,1,6,0,0,0,58,256,0,0,0,0,0,0,0,0,0,0,1,0,0,20445,0,144,0,0,2,1,0,0,42,0,0,0,0,0,0,0,186,0,0,0,0,1,0,43,2,0,0,0,0,0,0,0,0,0,0,0,48,0,0,0,0,0,0,0,0,18952
a208486d-f210-47d6-9a7c-f6e75dcdbd9d,SCISSORS,15,0,0,0,0,0,0,0,0,0,0,0,0,0,0,0,0,0,0,0,0,0,18,38,0,151,1,0,0,67,0,0,0,0,0,0,0,0,0,0,0,0,0,0,0,0,19306,0,0,0,0,0,0,0,0,0,0,0,0,0,0,1,0,0,0,0,0,0,4,29,5,0,0,0,0,0,0,0,216,0,0,0,0,0,0,0,0,2,0,18,0,0,20454,0,248,0,0,2,0,0,0,23,0,0,0,0,0,0,2,0,0,0,0,0,0,0,0,0,0,0,0,0,0,0,0,0,0,0,0,0,0,0,0,0,0,0,0,0,18962
74a5d5da-329f-441f-a8bd-e3ca4880fba1,SCISSORS,18,0,0,0,0,0,0,0,0,0,0,0,0,0,0,0,0,0,0,0,0,0,0,19,4,126,1,0,0,73,0,0,0,0,0,0,0,69,0,0,0,0,0,0,0,0,19325,0,0,0,0,0,0,0,0,0,0,0,0,0,0,1,0,0,0,0,0,0,12,19,18,2,1,0,0,0,0,0,193,0,0,0,0,0,0,0,0,6,0,40,0,0,20477,0,232,0,0,0,2,0,0,45,0,0,0,0,0,0,1,0,0,0,0,0,0,0,0,0,0,0,0,0,0,0,11,0,0,0,0,0,0,0,0,0,0,0,1,0,18972
bf5fc7bb-3900-4b1b-972c-6d65d4e4a2dc,ROCK,6,0,0,0,0,0,0,0,0,45,0,0,0,0,0,0,1,0,0,0,0,10,0,0,0,82,0,0,0,10,0,11,0,0,0,0,0,0,0,0,0,0,1,0,2,0,19338,0,0,0,0,0,0,0,0,0,0,0,0,0,0,0,0,0,0,0,0,0,80,0,30,2,2,0,0,0,0,0,48,0,0,0,0,0,0,0,0,0,0,0,0,0,20485,0,0,0,0,0,0,0,0,0,0,0,0,0,0,6,0,0,0,0,0,0,16,0,7,0,0,0,0,0,0,0,96,0,0,0,0,0,0,0,0,1,0,36,0,0,18987
2abdfc5d-b8d0-4d6c-911f-d33e9dcfefe3,SCISSORS,19,0,0,0,0,0,0,0,0,0,0,0,0,0,0,0,0,0,0,0,0,20,76,0,7,295,5,0,0,87,0,0,0,0,0,0,0,0,0,0,0,0,0,0,0,0,19372,0,0,0,0,0,0,0,0,4,0,0,0,0,0,50,0,4,0,0,0,0,62,3,125,5,0,0,0,0,0,0,175,0,0,0,0,59,0,0,0,3,0,0,0,0,20517,0,146,0,0,3,2,0,0,49,0,0,0,4,0,0,0,0,0,0,0,0,64,2,99,3,5,0,0,0,0,0,100,0,0,0,0,12,0,0,0,0,0,0,1,0,19034
301619c0-ba35-4e4f-bdd1-5d3d3246dc2e,ROCK,13,0,0,0,0,0,0,0,0,56,0,0,0,1,0,0,0,0,0,0,25,0,35,4,0,352,0,0,0,173,0,0,0,0,0,0,0,6,0,0,0,0,1,0,1,0,19405,0,0,0,0,0,0,0,0,0,0,0,0,0,0,0,0,0,0,0,0,0,0,0,43,0,5,0,0,0,0,0,525,0,0,0,0,20,0,0,0,61,0,0,0,0,20533,0,1,0,0,0,0,0,0,0,0,0,0,0,0,37,0,1,0,0,0,0,13,0,23,1,1,2,0,0,0,0,568,0,0,0,0,0,0,0,0,2,0,5,0,0,19060
550896ba-8aa6-4a1a-8016-59111ec97079,SCISSORS,5,0,0,0,0,0,0,0,0,20,0,0,0,0,0,0,0,0,0,0,0,0,71,0,0,89,1,0,0,46,0,0,0,0,0,0,0,0,0,0,0,0,0,0,0,0,19412,0,0,0,0,0,0,0,0,0,0,0,0,0,0,1,0,0,0,0,0,0,17,0,4,0,0,0,0,0,0,0,139,0,0,0,0,2,0,0,0,18,0,46,0,0,20542,0,13,0,0,0,2,0,0,48,0,0,0,1,0,0,1,0,0,0,0,0,32,4,21,13,0,0,0,0,0,0,90,0,0,0,0,0,0,0,0,0,0,0,2,0,19084
cffcec6f-2745-42af-866c-84771d41651f,SCISSORS,16,0,0,0,0,0,0,0,0,0,0,0,0,0,0,0,0,0,0,0,0,0,212,10,1,92,1,0,0,122,0,0,0,0,0,0,0,22,0,0,0,1,0,0,0,0,19449,0,5,0,0,0,0,0,0,0,0,0,0,0,0,79,0,0,0,0,0,0,58,1,146,1,9,0,0,0,0,21,85,0,0,0,0,50,0,0,0,2,0,4,0,0,20590,0,76,0,0,1,1,0,0,83,0,0,0,1,0,0,5,69,0,0,0,0,39,2,113,3,7,0,0,0,0,0,42,0,0,0,0,18,0,0,0,0,0,0,1,0,19136
dc21fe3a-3d15-45cb-931e-519314ebe5d3,PAPER,11,0,0,0,0,0,0,0,0,0,0,0,0,0,0,2,0,3,0,0,0,0,21,0,4,122,0,10,0,89,0,0,0,0,0,0,0,0,0,0,0,33,0,0,0,0,19470,0,0,0,0,1,0,0,0,0,0,0,0,0,0,0,0,0,0,0,0,0,68,2,3,51,3,0,0,0,0,11,117,0,0,0,0,5,0,0,0,0,23,0,0,0,20616,0,67,0,0,0,0,0,0,0,0,0,0,0,0,0,0,65,0,0,0,0,73,3,69,2,3,0,0,0,0,0,0,0,0,0,0,2,0,0,0,0,0,0,0,0,19158
b42c871d-d1d7-403f-88c8-a9de4723d796,SCISSORS,18,0,0,0,0,0,0,0,0,0,0,0,0,0,0,0,0,0,0,0,0,0,27,1,0,46,0,2,0,39,0,0,0,0,0,0,0,0,0,0,0,17,0,0,0,0,19480,0,0,0,0,0,0,0,0,0,0,0,0,0,0,0,0,0,0,0,0,0,15,0,4,19,1,0,0,0,0,82,3,0,0,0,0,2,0,0,0,6,0,0,0,0,20631,0,91,0,0,0,0,0,0,8,0,0,0,0,0,0,0,0,0,0,0,0,17,0,4,0,1,0,0,0,0,0,11,0,0,0,0,0,0,0,0,0,0,0,0,0,19165
9a25d1d8-6b7c-4a44-a326-b212c330cc7a,SCISSORS,14,0,0,0,0,0,0,0,0,0,0,0,0,0,0,0,0,0,0,0,0,0,25,52,0,90,0,0,0,100,0,0,0,0,0,0,0,0,0,0,0,0,0,0,0,0,19487,0,0,0,0,0,0,0,0,0,0,0,0,0,0,0,0,0,0,0,0,0,52,2,1,7,0,0,0,0,0,108,54,0,0,0,0,9,0,0,0,32,0,2,0,0,20649,0,15,0,0,3,0,0,0,31,0,0,0,1,0,0,1,0,0,0,0,0,0,0,28,2,3,0,0,0,0,0,142,0,0,0,0,39,0,0,0,0,0,0,2,0,19189
848d650e-d00d-4fc8-85aa-df1425bec4df,PAPER,15,0,0,0,0,0,0,0,0,0,0,0,0,0,0,23,0,0,0,0,0,0,0,13,0,20,0,15,0,54,0,0,0,0,0,0,0,0,0,0,0,1,0,0,0,0,19495,0,0,0,0,0,1,0,0,0,0,0,0,0,0,0,0,0,0,0,0,0,13,0,0,0,0,0,0,0,0,54,12,0,0,0,0,20,0,0,0,0,25,0,1,0,20657,0,97,0,0,0,0,0,0,0,0,0,0,0,0,0,0,0,0,0,0,0,0,0,28,1,0,0,0,0,0,0,0,0,0,0,0,0,0,0,0,0,0,0,0,0,19193
fd42dbad-257a-446f-9b6b-9e88b81c0e43,SCISSORS,14,0,0,0,0,0,0,0,0,0,0,0,0,0,0,0,0,0,0,0,0,0,57,0,1,26,0,16,0,40,0,0,46,0,0,0,0,0,0,0,0,0,0,0,0,0,19502,0,0,0,0,0,0,0,0,0,0,0,0,0,0,2,0,0,0,0,0,0,21,0,0,3,0,0,0,0,0,0,127,0,0,0,0,3,0,0,0,2,0,28,0,0,20669,0,146,0,0,1,1,0,0,38,0,0,0,0,0,0,0,0,0,0,0,0,0,0,0,0,0,0,0,0,0,0,0,0,0,0,0,0,0,0,0,0,0,0,0,0,19199
dbb4dba9-34e4-4199-9f87-8a599fa0d958,ROCK,16,0,0,0,0,1,37,0,0,1,0,0,0,0,0,0,0,0,0,0,0,0,33,22,0,146,0,1,0,108,0,0,0,0,0,0,0,0,0,0,0,0,0,0,0,0,19518,0,0,0,0,0,0,0,0,0,0,0,0,0,0,0,0,0,0,0,0,0,32,0,1,94,1,0,0,0,0,0,221,0,0,0,0,0,0,0,0,0,0,0,0,0,20675,0,288,0,0,0,0,0,0,0,0,0,0,0,0,2,0,0,0,0,0,0,24,1,2,0,0,0,0,0,0,0,0,0,0,0,0,0,0,0,0,32,0,0,0,0,19208
cb6b4074-b4f1-4099-806d-1fdd4a77206e,ROCK,13,0,0,0,0,1,2,0,0,37,0,0,0,1,0,0,0,0,0,0,0,3,0,15,0,146,0,25,0,162,0,0,0,0,0,0,0,0,0,0,0,0,0,0,0,0,19539,0,0,0,0,0,0,0,0,0,0,0,0,0,0,0,0,0,0,0,0,0,80,1,3,161,3,0,0,0,0,0,135,0,0,0,0,9,0,0,0,0,0,0,0,0,20699,0,83,0,0,0,0,0,0,0,0,0,0,0,0,14,0,0,0,0,0,0,94,0,70,1,3,0,0,0,0,0,87,0,0,0,0,39,0,0,0,1,0,0,0,0,19228
