gameid,teamSize,forts,duration_s,runcount,winner,rock_final,paper_final,scissors_final,rock_conversions,paper_conversions,scissors_conversions,rock_mode_HUNT,rock_mode_DEFEND,rock_mode_REGROUP,rock_mode_SCATTER,paper_mode_HUNT,paper_mode_DEFEND,paper_mode_REGROUP,paper_mode_SCATTER,scissors_mode_HUNT,scissors_mode_DEFEND,scissors_mode_REGROUP,scissors_mode_SCATTER,total_conversions,wipe_risk_total,wipe_risk_rock,wipe_risk_paper,wipe_risk_scissors,winner_had_fear_at_end,winner_prey_left,fort_near_wins,fort_cover_wins,fort_near_losses,fort_cover_losses,overcrowd_events,avg_pack_density,avg_flank_imbalance,endgame_frames,endgame_seconds,endgame_prey_start,endgame_split_events,endgame_simultaneous,VISION_FAR,NEAR_TARGET_AGGRO,CLUSTER_BONUS,FEAR_CLOSE_MULT,SCATTER_COUNT_THRESHOLD,TARGET_LOCK_TTL,HUNT_ADVANTAGE,COHESION_WEIGHT,PACK_HUNT_MULT,FINISH_BONUS,ESCAPE_BONUS_WEIGHT,FEAR_POP_SCALE
b3404b83-a1a7-4dd6-a1e9-b459ad04f3e7,7,6,0.18,58,ROCK,21,0,0,20,6,13,0.667,0.0,0.333,0.0,0.0,0.0,1.0,0.0,0.0,0.0,0.333,0.667,39,0,0,0,0,0,0,16,23,20,23,31,6.23,0.0,38,0.63,15,0,12,30.0,2.4,0.95,2.1,4,45,1.15,0.55,1.9,1.1,0.65,0.55
bcb5fc22-2ecb-4d3a-bce2-0ca4e3dcbbf6,6,3,0.86,308,ROCK,18,0,0,41,29,35,0.625,0.0,0.0,0.375,0.188,0.0,0.25,0.562,0.438,0.0,0.188,0.375,105,1,0,0,1,0,0,46,65,39,65,81,6.27,0.002,32,0.53,8,0,12,30.0,2.4,0.95,2.1,4,45,1.15,0.55,1.9,1.1,0.65,0.55
6d135a40-3fe3-47d1-9764-c8d6dd11ff5b,6,6,0.66,215,ROCK,18,0,0,25,13,19,0.545,0.0,0.182,0.273,0.0,0.0,0.545,0.455,0.364,0.0,0.182,0.455,57,1,0,0,1,0,0,29,32,28,29,47,6.61,0.025,103,1.72,17,0,12,30.0,2.4,0.95,2.1,4,45,1.15,0.55,1.9,1.1,0.65,0.55
109d2df2-cc53-48c4-8592-7992efff2af4,8,3,0.23,64,SCISSORS,0,0,24,1,9,17,0.0,0.0,1.0,0.0,0.0,0.0,0.25,0.75,0.75,0.0,0.25,0.0,27,0,0,0,0,0,0,2,12,6,13,19,7.56,0.047,48,0.8,11,0,4,30.0,2.4,0.95,2.1,4,45,1.15,0.55,1.9,1.1,0.65,0.55
08b519f9-f16b-4cb6-9eae-7e5664a08513,8,4,0.66,189,ROCK,24,0,0,31,15,23,0.3,0.0,0.2,0.5,0.1,0.0,0.6,0.3,0.6,0.0,0.1,0.3,69,1,0,0,1,0,0,20,37,19,42,56,6.86,0.008,53,0.88,20,0,8,30.0,2.4,0.95,2.1,4,45,1.15,0.55,1.9,1.1,0.65,0.55
613c96a0-6773-4eca-98f6-d00339d6ff2b,7,4,0.57,181,ROCK,21,0,0,31,17,24,0.444,0.0,0.111,0.444,0.0,0.0,0.667,0.333,0.333,0.0,0.222,0.444,72,1,0,0,1,0,0,21,38,26,38,58,6.89,0.013,85,1.42,20,0,8,30.0,2.4,0.95,2.1,4,45,1.15,0.55,1.9,1.1,0.65,0.55
f173528c-c255-4cfa-8815-c66f5eda06dd,6,4,0.34,128,SCISSORS,0,0,18,5,11,17,0.0,0.0,0.857,0.143,0.143,0.0,0.286,0.571,0.571,0.0,0.143,0.286,33,1,0,1,0,0,0,5,15,12,12,27,7.06,0.003,68,1.13,15,0,8,30.0,2.4,0.95,2.1,4,45,1.15,0.55,1.9,1.1,0.65,0.55
e45e3a6c-1aa4-4f7b-aaff-962f5fae3a6e,8,4,0.35,117,ROCK,24,0,0,22,6,14,0.333,0.0,0.167,0.5,0.0,0.0,0.667,0.333,0.333,0.0,0.333,0.333,42,1,0,0,1,0,0,16,21,18,22,33,9.02,0.008,37,0.62,11,0,10,30.0,2.4,0.95,2.1,4,45,1.15,0.55,1.9,1.1,0.65,0.55
2ddc7541-c203-4668-9e7d-07457df0e508,6,5,0.35,131,ROCK,18,0,0,17,5,11,0.286,0.0,0.143,0.571,0.0,0.0,0.714,0.286,0.429,0.0,0.286,0.286,33,1,0,0,1,0,0,12,21,15,20,28,6.58,0.0,43,0.72,9,0,10,30.0,2.4,0.95,2.1,4,45,1.15,0.55,1.9,1.1,0.65,0.55
a0cbd18b-0e8e-4ccd-91a1-78698dd5e583,7,3,0.3,92,SCISSORS,0,0,21,12,19,26,0.0,0.0,0.6,0.4,0.0,0.0,0.4,0.6,0.4,0.0,0.6,0.0,57,0,0,0,0,0,0,20,23,16,26,47,6.19,0.005,36,0.6,9,0,10,30.0,2.4,0.95,2.1,4,45,1.15,0.55,1.9,1.1,0.65,0.55
6895ff53-e844-4f54-961a-9fc2a3717733,9,4,0.84,256,ROCK,27,0,0,47,29,38,0.462,0.0,0.154,0.385,0.231,0.0,0.231,0.538,0.769,0.0,0.0,0.231,114,1,0,0,1,0,0,33,86,48,85,89,7.08,0.003,32,0.53,12,0,10,30.0,2.4,0.95,2.1,4,45,1.15,0.55,1.9,1.1,0.65,0.55
ca84863e-99d2-4499-a441-19c2bab4448a,9,3,0.54,154,ROCK,27,0,0,39,21,30,0.5,0.0,0.25,0.25,0.0,0.0,0.5,0.5,0.375,0.0,0.25,0.375,90,1,0,0,1,0,0,20,53,27,49,72,7.71,0.0,62,1.03,24,0,13,30.0,2.4,0.95,2.1,4,45,1.15,0.55,1.9,1.1,0.65,0.55
d0aaef46-5b0b-4776-8eb5-a1dddc8301b0,9,4,0.27,76,ROCK,27,0,0,30,12,21,0.5,0.0,0.5,0.0,0.0,0.0,0.75,0.25,0.0,0.0,0.75,0.25,63,1,0,0,1,0,0,29,43,27,44,55,7.52,0.018,32,0.53,18,0,13,30.0,2.4,0.95,2.1,4,45,1.15,0.55,1.9,1.1,0.65,0.55
13cb3ffb-b099-401f-a8f5-d821c99f5c70,6,4,0.93,334,SCISSORS,0,0,18,25,31,37,0.176,0.0,0.176,0.647,0.353,0.0,0.059,0.588,0.294,0.0,0.118,0.588,93,0,0,0,0,0,0,48,81,43,79,70,6.09,0.019,18,0.3,3,0,3,30.0,2.4,0.95,2.1,4,45,1.15,0.55,1.9,1.1,0.65,0.55
01ea620e-2cae-46f5-9dd9-f495830b084e,6,5,0.5,192,PAPER,0,18,0,16,22,10,0.5,0.0,0.2,0.3,0.3,0.0,0.1,0.6,0.0,0.0,0.5,0.5,48,1,1,0,0,0,0,22,32,24,32,31,4.96,0.0,56,0.93,12,0,3,30.0,2.4,0.95,2.1,4,45,1.15,0.55,1.9,1.1,0.65,0.55
9b55c212-d98b-40d1-9dc9-43ff32f72ab8,9,6,0.37,111,ROCK,27,0,0,31,13,22,0.333,0.0,0.333,0.333,0.0,0.0,0.833,0.167,0.333,0.0,0.333,0.333,66,0,0,0,0,0,0,23,48,29,51,53,6.94,0.01,35,0.58,13,0,10,30.0,2.4,0.95,2.1,4,45,1.15,0.55,1.9,1.1,0.65,0.55
ad32d3a0-4b7d-45e3-94b6-479d6622c4b3,6,5,0.6,219,SCISSORS,0,0,18,19,25,31,0.182,0.0,0.182,0.636,0.455,0.0,0.182,0.364,0.364,0.0,0.091,0.545,75,1,0,1,0,0,0,29,43,35,46,60,5.79,0.003,43,0.72,16,0,10,30.0,2.4,0.95,2.1,4,45,1.15,0.55,1.9,1.1,0.65,0.55
e834b81b-5eb1-4679-922d-2cb9f8d093c8,7,5,0.27,88,PAPER,0,21,0,15,22,8,0.2,0.0,0.4,0.4,0.4,0.0,0.4,0.2,0.0,0.0,1.0,0.0,45,1,1,0,0,0,0,13,21,15,18,38,6.29,0.011,36,0.6,18,0,11,30.0,2.4,0.95,2.1,4,45,1.15,0.55,1.9,1.1,0.65,0.55
162cc0fc-3c6b-4839-b4aa-9832a039d24c,5,6,0.38,142,ROCK,15,0,0,16,6,11,0.375,0.0,0.25,0.375,0.0,0.0,0.5,0.5,0.25,0.0,0.375,0.375,33,1,0,0,1,0,0,14,14,12,14,22,4.21,0.0,50,0.83,11,0,11,30.0,2.4,0.95,2.1,4,45,1.15,0.55,1.9,1.1,0.65,0.55
f6b1f57d-515a-4a7a-a0bd-dcc0ee286cc4,6,4,0.22,79,SCISSORS,0,0,18,3,9,15,0.0,0.0,0.75,0.25,0.0,0.0,0.5,0.5,0.5,0.0,0.5,0.0,27,0,0,0,0,0,0,9,13,7,12,19,4.85,0.0,51,0.85,11,0,11,30.0,2.4,0.95,2.1,4,45,1.15,0.55,1.9,1.1,0.65,0.55
6bd919da-d212-450f-8262-c85027d47422,7,6,0.48,155,SCISSORS,0,0,21,13,20,27,0.375,0.0,0.5,0.125,0.5,0.0,0.25,0.25,0.25,0.0,0.125,0.625,60,1,0,1,0,0,0,15,32,21,29,46,6.65,0.012,35,0.58,19,0,11,30.0,2.4,0.95,2.1,4,45,1.15,0.55,1.9,1.1,0.65,0.55
ed2964c9-f49f-48aa-bbba-74429ce25846,8,5,0.56,161,ROCK,24,0,0,40,24,32,0.5,0.0,0.25,0.25,0.375,0.0,0.25,0.375,0.25,0.0,0.125,0.625,96,1,0,0,1,0,0,30,67,22,69,82,7.14,0.003,29,0.48,9,0,11,30.0,2.4,0.95,2.1,4,45,1.15,0.55,1.9,1.1,0.65,0.55
bc171cb4-1ca1-4105-952c-8ec7556b4343,8,5,0.29,93,ROCK,24,0,0,23,7,15,0.4,0.0,0.2,0.4,0.0,0.0,0.8,0.2,0.2,0.0,0.4,0.4,45,0,0,0,0,0,0,13,17,13,20,34,7.51,0.0,41,0.68,18,0,12,30.0,2.4,0.95,2.1,4,45,1.15,0.55,1.9,1.1,0.65,0.55
8bb852e8-5113-4f14-9bd5-058203a08f1e,6,3,0.68,231,ROCK,18,0,0,27,15,21,0.167,0.0,0.25,0.583,0.083,0.0,0.25,0.667,0.667,0.0,0.167,0.167,63,1,0,0,1,0,0,22,29,23,28,57,6.9,0.028,47,0.78,14,0,6,30.0,2.4,0.95,2.1,4,45,1.15,0.55,1.9,1.1,0.65,0.55
008840bf-e6ee-4c6a-8dfa-3951ecdfdeda,7,4,0.55,176,ROCK,21,0,0,26,12,19,0.222,0.0,0.111,0.667,0.222,0.0,0.444,0.333,0.556,0.0,0.222,0.222,57,1,0,0,1,0,0,12,34,14,31,43,6.82,0.024,52,0.87,17,0,10,30.0,2.4,0.95,2.1,4,45,1.15,0.55,1.9,1.1,0.65,0.55
381f00d3-444b-430f-8ae5-89c275a138f1,6,3,0.36,122,ROCK,18,0,0,20,8,14,0.429,0.0,0.143,0.429,0.0,0.0,0.571,0.429,0.286,0.0,0.286,0.429,42,0,0,0,0,0,0,15,23,17,23,27,4.43,0.0,58,0.97,13,0,10,30.0,2.4,0.95,2.1,4,45,1.15,0.55,1.9,1.1,0.65,0.55
174d5c62-2e37-41bc-9a75-04e1c59b0500,9,6,0.63,175,SCISSORS,0,0,27,26,35,44,0.111,0.0,0.222,0.667,0.667,0.0,0.222,0.111,0.333,0.0,0.111,0.556,105,1,0,1,0,0,0,53,70,55,71,88,7.83,0.011,31,0.52,17,0,13,30.0,2.4,0.95,2.1,4,45,1.15,0.55,1.9,1.1,0.65,0.55
a54c98e8-8924-49a6-95c7-7c3032103db0,7,3,0.73,218,ROCK,21,0,0,32,18,25,0.636,0.0,0.091,0.273,0.091,0.0,0.455,0.455,0.364,0.0,0.091,0.545,75,1,0,0,1,0,0,23,46,22,46,61,5.24,0.008,34,0.57,9,0,13,30.0,2.4,0.95,2.1,4,45,1.15,0.55,1.9,1.1,0.65,0.55
5f0defe8-bc22-4c3b-aa43-5932985a7e37,6,3,0.29,102,ROCK,18,0,0,17,5,11,0.667,0.0,0.333,0.0,0.167,0.0,0.5,0.333,0.0,0.0,0.167,0.833,33,1,0,0,1,0,0,9,19,9,17,27,5.52,0.012,18,0.3,6,0,13,30.0,2.4,0.95,2.1,4,45,1.15,0.55,1.9,1.1,0.65,0.55
8412ff23-09bd-4ce4-a014-7bcfbc686191,7,4,0.75,244,ROCK,21,0,0,28,14,21,0.308,0.0,0.154,0.538,0.308,0.077,0.308,0.308,0.385,0.0,0.154,0.462,63,1,0,0,1,0,0,13,27,17,28,50,6.27,0.0,44,0.73,17,0,13,30.0,2.4,0.95,2.1,4,45,1.15,0.55,1.9,1.1,0.65,0.55
3cd1b482-855f-47fb-a76c-42dcb5763c0a,8,4,0.27,79,SCISSORS,0,0,24,8,16,24,0.0,0.0,0.75,0.25,0.0,0.0,0.75,0.25,0.25,0.0,0.75,0.0,48,1,0,1,0,0,0,20,32,24,32,40,7.21,0.003,31,0.52,15,0,13,30.0,2.4,0.95,2.1,4,45,1.15,0.55,1.9,1.1,0.65,0.55
bd1865ed-8903-489c-90df-275f7098dc6e,6,6,0.42,130,SCISSORS,0,0,18,11,17,23,0.0,0.0,0.714,0.286,0.0,0.0,0.286,0.714,1.0,0.0,0.0,0.0,51,1,0,1,0,0,0,23,35,20,35,35,4.82,0.008,70,1.17,15,0,13,30.0,2.4,0.95,2.1,4,45,1.15,0.55,1.9,1.1,0.65,0.55
31b50039-2823-4365-b674-4349f5901b40,6,6,0.19,71,PAPER,0,18,0,7,13,1,0.0,0.0,0.25,0.75,0.75,0.0,0.25,0.0,0.0,0.0,1.0,0.0,21,1,1,0,0,0,0,8,8,10,8,17,5.67,0.0,59,0.98,12,0,13,30.0,2.4,0.95,2.1,4,45,1.15,0.55,1.9,1.1,0.65,0.55
7005d3a8-17a5-4699-829e-b11024022f45,9,3,0.99,247,ROCK,27,0,0,45,27,36,0.385,0.0,0.154,0.462,0.231,0.308,0.385,0.077,0.692,0.0,0.231,0.077,108,1,0,0,1,0,0,26,70,35,72,91,7.58,0.008,23,0.38,10,0,8,30.0,2.4,0.95,2.1,4,45,1.15,0.55,1.9,1.1,0.65,0.55
23ed6e81-c153-4d2c-aaff-da7a1aa6cf4e,9,4,0.51,142,ROCK,27,0,0,39,21,30,0.25,0.0,0.375,0.375,0.375,0.0,0.5,0.125,0.375,0.0,0.25,0.375,90,1,0,0,1,0,0,26,59,27,60,78,8.11,0.002,26,0.43,13,0,10,30.0,2.4,0.95,2.1,4,45,1.15,0.55,1.9,1.1,0.65,0.55
a2691cbc-c132-4ab1-a854-a3c2f6bf15e1,5,6,0.72,268,PAPER,0,15,0,17,22,12,0.5,0.0,0.071,0.429,0.357,0.0,0.143,0.5,0.071,0.0,0.143,0.786,51,1,1,0,0,0,0,25,34,29,37,32,5.1,0.0,12,0.2,5,0,10,30.0,2.4,0.95,2.1,4,45,1.15,0.55,1.9,1.1,0.65,0.55
3b6c985c-ce3c-4ef4-9ec8-37dbc199e66f,5,6,0.57,232,SCISSORS,0,0,15,6,11,16,0.0,0.0,0.167,0.833,0.0,0.0,0.167,0.833,0.75,0.0,0.25,0.0,33,1,0,1,0,0,0,8,20,10,20,14,3.85,0.0,12,0.2,3,0,10,30.0,2.4,0.95,2.1,4,45,1.15,0.55,1.9,1.1,0.65,0.55
7d06d2a0-8948-42e0-b498-8ee9ad95195c,5,3,0.45,193,SCISSORS,0,0,15,3,8,13,0.0,0.0,0.4,0.6,0.5,0.0,0.2,0.3,0.3,0.0,0.1,0.6,24,1,0,1,0,0,0,10,11,12,10,16,5.08,0.0,45,0.75,9,0,10,30.0,2.4,0.95,2.1,4,45,1.15,0.55,1.9,1.1,0.65,0.55
b1e582f9-55cd-4d5f-bd3b-4b34a9b1572c,6,5,0.24,81,ROCK,18,0,0,19,7,13,0.5,0.0,0.5,0.0,0.0,0.0,0.5,0.5,0.0,0.0,0.25,0.75,39,1,0,0,1,0,0,19,30,20,33,30,5.87,0.01,17,0.28,3,0,10,30.0,2.4,0.95,2.1,4,45,1.15,0.55,1.9,1.1,0.65,0.55
cfd4be19-a66b-49c4-8340-246bdb57a71b,5,5,0.12,43,SCISSORS,0,0,15,2,7,12,0.0,0.0,1.0,0.0,0.0,0.0,0.333,0.667,0.667,0.0,0.333,0.0,21,1,0,1,0,0,0,9,7,10,6,16,5.57,0.0,31,0.52,12,0,10,30.0,2.4,0.95,2.1,4,45,1.15,0.55,1.9,1.1,0.65,0.55
aad2bb70-c7d5-4892-b419-d999e08a4f6c,7,4,0.24,78,PAPER,0,21,0,16,23,9,0.25,0.0,0.5,0.25,0.25,0.0,0.75,0.0,0.0,0.0,0.75,0.25,48,1,1,0,0,0,0,19,28,14,29,35,6.12,0.013,34,0.57,12,0,10,30.0,2.4,0.95,2.1,4,45,1.15,0.55,1.9,1.1,0.65,0.55
ec330664-642b-47ec-9eff-d18024d3e67c,6,3,0.22,72,ROCK,18,0,0,15,3,9,0.5,0.0,0.5,0.0,0.25,0.0,0.75,0.0,0.0,0.0,0.25,0.75,27,1,0,0,1,0,0,8,8,9,9,20,5.0,0.0,36,0.6,10,0,10,30.0,2.4,0.95,2.1,4,45,1.15,0.55,1.9,1.1,0.65,0.55
58f2095c-d1a5-44c6-a779-f9932d7fcad6,6,6,0.5,166,ROCK,18,0,0,23,11,17,0.556,0.0,0.222,0.222,0.0,0.0,0.333,0.667,0.556,0.0,0.222,0.222,51,1,0,0,1,0,0,22,41,23,39,41,5.69,0.0,10,0.17,2,0,10,30.0,2.4,0.95,2.1,4,45,1.15,0.55,1.9,1.1,0.65,0.55
96625463-7442-47a6-827c-ce7826883dfd,9,5,1.2,339,ROCK,27,0,0,56,38,47,0.412,0.0,0.118,0.471,0.235,0.0,0.471,0.294,0.529,0.118,0.118,0.235,141,1,0,0,1,0,0,39,78,44,82,107,6.98,0.006,91,1.52,26,0,10,30.0,2.4,0.95,2.1,4,45,1.15,0.55,1.9,1.1,0.65,0.55
b148879f-66b8-4a40-b6c8-69b30a1fa25e,7,6,0.2,62,PAPER,0,21,0,11,18,4,0.0,0.0,0.5,0.5,0.5,0.0,0.5,0.0,0.0,0.0,1.0,0.0,33,1,1,0,0,0,0,13,16,18,13,28,6.88,0.012,26,0.43,13,0,10,30.0,2.4,0.95,2.1,4,45,1.15,0.55,1.9,1.1,0.65,0.55
2d6bab4b-6a3b-406e-838d-b3632147079e,9,5,0.65,177,SCISSORS,0,0,27,37,46,55,0.0,0.0,0.333,0.667,0.667,0.0,0.111,0.222,0.333,0.0,0.222,0.444,138,1,0,1,0,0,0,55,89,60,87,122,9.83,0.006,53,0.88,13,0,10,30.0,2.4,0.95,2.1,4,45,1.15,0.55,1.9,1.1,0.65,0.55
4cdec3bc-53c1-43f7-ac7c-d2e0c93daaf2,9,3,0.33,85,ROCK,27,0,0,31,13,22,0.4,0.0,0.6,0.0,0.0,0.0,0.8,0.2,0.2,0.0,0.4,0.4,66,1,0,0,1,0,0,20,42,20,41,43,4.95,0.0,29,0.48,15,0,11,30.0,2.4,0.95,2.1,4,45,1.15,0.55,1.9,1.1,0.65,0.55
ee58186d-3fb3-4493-bc0c-023917111833,6,6,0.48,166,SCISSORS,0,0,18,13,19,25,0.111,0.0,0.222,0.667,0.556,0.0,0.222,0.222,0.222,0.0,0.222,0.556,57,1,0,1,0,0,0,33,49,37,50,45,4.98,0.021,2,0.03,1,0,11,30.0,2.4,0.95,2.1,4,45,1.15,0.55,1.9,1.1,0.65,0.55
b5a86e97-4990-4d53-ad48-e12af3221664,6,6,0.94,345,PAPER,0,18,0,29,35,23,0.556,0.0,0.111,0.333,0.167,0.0,0.056,0.778,0.333,0.0,0.278,0.389,87,1,1,0,0,0,0,54,64,52,65,61,5.63,0.0,49,0.82,16,0,11,30.0,2.4,0.95,2.1,4,45,1.15,0.55,1.9,1.1,0.65,0.55
2c29d687-21b6-41d5-9306-152994e310d9,5,6,0.26,98,ROCK,15,0,0,11,1,6,0.4,0.0,0.2,0.4,0.0,0.0,0.6,0.4,0.0,0.0,0.4,0.6,18,1,0,0,1,0,0,5,9,6,9,12,4.44,0.0,34,0.57,8,0,11,30.0,2.4,0.95,2.1,4,45,1.15,0.55,1.9,1.1,0.65,0.55
d229028b-4ac7-4059-b17b-e5fa4262ce99,6,4,0.4,145,SCISSORS,0,0,18,8,14,20,0.0,0.0,0.75,0.25,0.375,0.0,0.25,0.375,0.375,0.0,0.125,0.5,42,1,0,1,0,0,0,20,19,17,21,31,6.0,0.01,61,1.02,15,0,11,30.0,2.4,0.95,2.1,4,45,1.15,0.55,1.9,1.1,0.65,0.55
b3bcf1ac-d627-4d6b-b862-2db6155aa087,6,6,0.22,79,SCISSORS,0,0,18,4,10,16,0.0,0.0,0.75,0.25,0.0,0.0,0.5,0.5,0.5,0.0,0.5,0.0,30,1,0,1,0,0,0,10,14,9,16,19,5.83,0.0,47,0.78,10,0,11,30.0,2.4,0.95,2.1,4,45,1.15,0.55,1.9,1.1,0.65,0.55
9c37b127-d317-4b1b-99fa-ef1fb65fe484,6,6,0.52,181,SCISSORS,0,0,18,13,19,25,0.333,0.0,0.556,0.111,0.222,0.0,0.222,0.556,0.333,0.0,0.111,0.556,57,1,0,1,0,0,0,29,25,28,26,48,6.14,0.017,61,1.02,17,0,11,30.0,2.4,0.95,2.1,4,45,1.15,0.55,1.9,1.1,0.65,0.55
c1a53c7d-dee2-425a-90d6-816b221b5d0a,6,4,0.25,81,ROCK,18,0,0,17,5,11,0.75,0.0,0.25,0.0,0.0,0.0,1.0,0.0,0.0,0.0,0.25,0.75,33,0,0,0,0,0,0,6,12,8,11,22,4.33,0.0,61,1.02,15,0,11,30.0,2.4,0.95,2.1,4,45,1.15,0.55,1.9,1.1,0.65,0.55
a0c2791e-4c3f-4f21-b6c3-7dff92f29673,8,4,0.45,139,PAPER,0,24,0,17,25,9,0.286,0.0,0.286,0.429,0.429,0.0,0.143,0.429,0.0,0.0,0.857,0.143,51,1,1,0,0,0,0,20,22,21,21,40,8.02,0.0,63,1.05,22,0,11,30.0,2.4,0.95,2.1,4,45,1.15,0.55,1.9,1.1,0.65,0.55
211b8cc6-46ed-4992-b3bd-bfc452b8e532,9,4,0.43,124,ROCK,27,0,0,28,10,19,0.571,0.0,0.143,0.286,0.0,0.0,0.429,0.571,0.429,0.0,0.286,0.286,57,1,0,0,1,0,0,14,19,13,16,46,5.33,0.0,28,0.47,9,0,11,30.0,2.4,0.95,2.1,4,45,1.15,0.55,1.9,1.1,0.65,0.55
7fb44228-62a2-4f2c-93e8-2c87e26a8d1b,8,5,0.38,109,ROCK,24,0,0,29,13,21,0.5,0.0,0.5,0.0,0.0,0.0,0.833,0.167,0.333,0.0,0.333,0.333,63,1,0,0,1,0,0,33,53,31,51,47,6.05,0.0,29,0.48,9,0,11,30.0,2.4,0.95,2.1,4,45,1.15,0.55,1.9,1.1,0.65,0.55
c32f97cf-cab7-4c92-83d6-b34cf0907323,8,4,0.8,250,SCISSORS,0,0,24,19,27,35,0.462,0.0,0.462,0.077,0.308,0.0,0.077,0.615,0.308,0.0,0.231,0.462,81,0,0,0,0,0,0,22,33,24,34,65,7.32,0.005,86,1.43,23,0,11,30.0,2.4,0.95,2.1,4,45,1.15,0.55,1.9,1.1,0.65,0.55
8db2ddc8-0ec3-4243-9deb-697087af7cff,5,4,0.6,232,ROCK,15,0,0,15,5,10,0.083,0.0,0.083,0.833,0.167,0.0,0.25,0.583,0.75,0.0,0.167,0.083,30,1,0,0,1,0,0,11,16,12,16,22,5.33,0.005,24,0.4,9,0,11,30.0,2.4,0.95,2.1,4,45,1.15,0.55,1.9,1.1,0.65,0.55
76e34264-3826-4a1d-a4e7-0eca3d6b42af,5,3,0.21,84,SCISSORS,0,0,15,4,9,14,0.0,0.0,0.6,0.4,0.2,0.0,0.4,0.4,0.4,0.0,0.2,0.4,27,1,0,1,0,0,0,9,8,9,9,21,5.3,0.0,40,0.67,12,0,11,30.0,2.4,0.95,2.1,4,45,1.15,0.55,1.9,1.1,0.65,0.55
38cf34d7-3f42-4d8e-bd2c-b8fe080568d8,5,6,0.42,161,SCISSORS,0,0,15,2,7,12,0.0,0.0,0.5,0.5,0.0,0.0,0.125,0.875,0.75,0.0,0.25,0.0,21,1,0,1,0,0,0,14,12,13,13,13,5.76,0.01,45,0.75,4,0,11,30.0,2.4,0.95,2.1,4,45,1.15,0.55,1.9,1.1,0.65,0.55
a34d340d-432e-46c6-a063-02ed30cb1958,8,6,0.41,118,SCISSORS,0,0,24,11,19,27,0.0,0.0,1.0,0.0,0.333,0.0,0.333,0.333,0.5,0.0,0.167,0.333,57,1,0,1,0,0,0,32,45,28,45,50,8.3,0.017,38,0.63,10,0,11,30.0,2.4,0.95,2.1,4,45,1.15,0.55,1.9,1.1,0.65,0.55
6ccdc36d-f209-4672-834a-52267009f701,8,4,0.57,169,SCISSORS,0,0,24,26,34,42,0.333,0.0,0.444,0.222,0.111,0.0,0.222,0.667,0.556,0.0,0.333,0.111,102,1,0,1,0,0,0,41,55,45,58,87,8.65,0.002,33,0.55,15,0,11,30.0,2.4,0.95,2.1,4,45,1.15,0.55,1.9,1.1,0.65,0.55
b56788de-631a-464c-aa68-b96b4e619aa0,5,3,0.51,194,ROCK,15,0,0,15,5,10,0.2,0.0,0.1,0.7,0.0,0.0,0.4,0.6,0.5,0.0,0.2,0.3,30,1,0,0,1,0,0,10,16,15,17,22,4.37,0.007,34,0.57,8,0,11,30.0,2.4,0.95,2.1,4,45,1.15,0.55,1.9,1.1,0.65,0.55
bbdd2e9a-d040-4fb4-895c-9db7d322c863,5,4,0.33,129,PAPER,0,15,0,8,13,3,0.571,0.0,0.0,0.429,0.429,0.0,0.143,0.429,0.0,0.0,0.571,0.429,24,1,1,0,0,0,0,13,10,13,10,18,5.71,0.0,61,1.02,10,0,11,30.0,2.4,0.95,2.1,4,45,1.15,0.55,1.9,1.1,0.65,0.55
f78c6263-63b1-4f28-b7df-6550271e3126,5,4,0.17,69,PAPER,0,15,0,8,13,3,0.0,0.0,0.5,0.5,0.5,0.0,0.25,0.25,0.0,0.0,0.75,0.25,24,1,1,0,0,0,0,10,7,14,9,14,5.0,0.0,41,0.68,12,0,11,30.0,2.4,0.95,2.1,4,45,1.15,0.55,1.9,1.1,0.65,0.55
7e07a448-63dd-4131-8162-b9dc86928d36,8,6,0.79,248,ROCK,24,0,0,34,18,26,0.308,0.0,0.077,0.615,0.385,0.0,0.462,0.154,0.385,0.0,0.308,0.308,78,1,0,0,1,0,0,32,47,39,48,52,6.03,0.016,72,1.2,23,0,11,30.0,2.4,0.95,2.1,4,45,1.15,0.55,1.9,1.1,0.65,0.55
6bfd2e33-a1cb-421f-97e8-9749f85ab9a9,7,3,0.22,72,PAPER,0,21,0,13,20,6,0.0,0.0,0.5,0.5,0.5,0.0,0.5,0.0,0.0,0.0,0.75,0.25,39,1,1,0,0,0,0,12,23,11,22,35,7.0,0.012,36,0.6,13,0,11,30.0,2.4,0.95,2.1,4,45,1.15,0.55,1.9,1.1,0.65,0.55
b9535d63-f042-4124-af2c-206c7dd9132a,7,4,0.7,224,PAPER,0,21,0,30,37,23,0.583,0.0,0.167,0.25,0.25,0.0,0.083,0.667,0.0,0.0,0.417,0.583,90,1,1,0,0,0,0,35,54,35,56,76,6.86,0.0,56,0.93,19,0,11,30.0,2.4,0.95,2.1,4,45,1.15,0.55,1.9,1.1,0.65,0.55
8c902b81-235e-48f2-a946-369601ff96ba,7,3,0.89,294,PAPER,0,21,0,35,42,28,0.6,0.0,0.133,0.267,0.133,0.0,0.2,0.667,0.733,0.0,0.267,0.0,105,0,0,0,0,0,0,35,62,42,61,81,6.32,0.002,38,0.63,18,0,11,30.0,2.4,0.95,2.1,4,45,1.15,0.55,1.9,1.1,0.65,0.55
e95bf59c-3bdf-48c9-baa7-f87351957abb,8,3,0.21,59,PAPER,0,24,0,20,28,12,0.0,0.0,0.667,0.333,0.333,0.0,0.667,0.0,0.0,0.0,1.0,0.0,60,1,1,0,0,0,0,27,37,26,34,56,8.85,0.0,31,0.52,14,0,12,30.0,2.4,0.95,2.1,4,45,1.15,0.55,1.9,1.1,0.65,0.55
59bbb828-ccff-4746-8c98-127a1da40d36,7,6,0.57,175,ROCK,21,0,0,35,21,28,0.222,0.0,0.111,0.667,0.556,0.0,0.444,0.0,0.222,0.0,0.222,0.556,84,0,0,0,0,0,0,44,68,47,69,63,6.45,0.004,39,0.65,9,0,12,30.0,2.4,0.95,2.1,4,45,1.15,0.55,1.9,1.1,0.65,0.55
b2fee4b3-dd29-476e-b3cc-c7f3cb23f2d9,6,5,1.13,402,ROCK,18,0,0,33,21,27,0.476,0.0,0.048,0.476,0.429,0.0,0.19,0.381,0.333,0.0,0.048,0.619,81,1,0,0,1,0,0,49,67,44,69,62,5.32,0.009,30,0.5,5,0,12,30.0,2.4,0.95,2.1,4,45,1.15,0.55,1.9,1.1,0.65,0.55
c4cab74a-2913-44ee-b3ee-a334579fd89e,9,3,0.62,189,ROCK,27,0,0,30,12,21,0.5,0.0,0.1,0.4,0.1,0.0,0.7,0.2,0.3,0.0,0.2,0.5,63,1,0,0,1,0,0,15,22,10,24,41,5.81,0.009,89,1.48,26,0,12,30.0,2.4,0.95,2.1,4,45,1.15,0.55,1.9,1.1,0.65,0.55
dcf0c48c-fc97-4b51-ae1f-3dc184778292,9,4,0.78,210,ROCK,27,0,0,72,54,63,0.455,0.0,0.182,0.364,0.0,0.0,0.727,0.273,0.273,0.0,0.455,0.273,189,1,0,0,1,0,0,59,137,60,132,158,8.32,0.027,58,0.97,24,0,12,30.0,2.4,0.95,2.1,4,45,1.15,0.55,1.9,1.1,0.65,0.55
646a55b4-4091-4622-a462-87c45fe1bca3,5,6,0.27,101,SCISSORS,0,0,15,3,8,13,0.0,0.0,0.4,0.6,0.2,0.0,0.2,0.6,0.2,0.0,0.4,0.4,24,1,0,1,0,0,0,7,12,9,12,22,6.04,0.0,33,0.55,11,0,12,30.0,2.4,0.95,2.1,4,45,1.15,0.55,1.9,1.1,0.65,0.55
9b62e1a4-714e-4736-b572-8a357c7f336d,5,5,0.21,77,SCISSORS,0,0,15,0,5,10,0.0,0.0,0.75,0.25,0.0,0.0,0.25,0.75,0.5,0.0,0.5,0.0,15,1,0,1,0,0,0,7,8,7,8,9,4.73,0.01,17,0.28,6,0,12,30.0,2.4,0.95,2.1,4,45,1.15,0.55,1.9,1.1,0.65,0.55
edfe8ddf-c5f1-4b91-aeaf-957f02790573,5,5,1.25,465,ROCK,15,0,0,34,24,29,0.25,0.0,0.083,0.667,0.167,0.0,0.208,0.625,0.542,0.0,0.083,0.375,87,1,0,0,1,0,0,31,43,40,43,48,4.25,0.009,73,1.22,14,0,12,30.0,2.4,0.95,2.1,4,45,1.15,0.55,1.9,1.1,0.65,0.55
7d400db9-2bb1-47ea-b116-5bd88a04b00c,5,6,0.79,316,SCISSORS,0,0,15,7,12,17,0.312,0.0,0.438,0.25,0.25,0.0,0.125,0.625,0.375,0.0,0.125,0.5,36,1,0,1,0,0,0,15,21,20,22,25,5.58,0.0,104,1.73,14,0,12,30.0,2.4,0.95,2.1,4,45,1.15,0.55,1.9,1.1,0.65,0.55
22b68342-e0d6-4b6e-a1a3-9b5deeb49534,6,3,0.18,67,PAPER,0,18,0,9,15,3,0.0,0.0,0.5,0.5,0.5,0.0,0.5,0.0,0.0,0.0,0.75,0.25,27,1,1,0,0,0,0,10,12,8,12,22,6.81,0.0,43,0.72,12,0,12,30.0,2.4,0.95,2.1,4,45,1.15,0.55,1.9,1.1,0.65,0.55
3dcbb35d-7f92-4560-9878-cfe2f48ad8af,7,6,1.01,331,SCISSORS,0,0,21,26,33,40,0.353,0.0,0.235,0.412,0.529,0.0,0.118,0.353,0.529,0.0,0.118,0.353,99,1,0,1,0,0,0,50,60,54,60,74,6.19,0.013,43,0.72,19,0,12,30.0,2.4,0.95,2.1,4,45,1.15,0.55,1.9,1.1,0.65,0.55
2d376862-174b-4606-9c5f-066fe19d9837,6,3,0.27,98,SCISSORS,0,0,18,6,12,18,0.0,0.0,0.8,0.2,0.0,0.0,0.4,0.6,0.6,0.0,0.2,0.2,36,1,0,1,0,0,0,6,12,7,13,28,5.97,0.028,58,0.97,15,0,12,30.0,2.4,0.95,2.1,4,45,1.15,0.55,1.9,1.1,0.65,0.55
4a2efe90-0a1b-4b5e-ad50-81d0de322214,8,6,1.34,407,ROCK,24,0,0,48,32,40,0.714,0.0,0.095,0.19,0.095,0.0,0.19,0.714,0.714,0.0,0.095,0.19,120,1,0,0,1,0,0,44,75,38,77,94,6.19,0.01,39,0.65,12,0,12,30.0,2.4,0.95,2.1,4,45,1.15,0.55,1.9,1.1,0.65,0.55
454f873e-c2a6-4756-8417-6beeb715df5e,9,4,0.26,74,SCISSORS,0,0,27,9,18,27,0.0,0.0,0.5,0.5,0.25,0.0,0.5,0.25,0.25,0.0,0.75,0.0,54,0,0,0,0,0,0,14,33,14,32,41,5.67,0.004,30,0.5,19,0,8,30.0,2.4,0.95,2.1,4,45,1.15,0.55,1.9,1.1,0.65,0.55
f9b63ba8-066e-46a4-ac5f-adcdab4d5eef,6,5,0.36,132,PAPER,0,18,0,12,18,6,0.143,0.0,0.286,0.571,0.571,0.0,0.286,0.143,0.0,0.0,0.714,0.286,36,0,0,0,0,0,0,14,12,14,12,24,5.42,0.003,72,1.2,17,0,8,30.0,2.4,0.95,2.1,4,45,1.15,0.55,1.9,1.1,0.65,0.55
be0ebbdd-d4ea-436f-8847-eb2834e4f404,8,5,0.33,103,PAPER,0,24,0,19,27,11,0.167,0.0,0.333,0.5,0.5,0.0,0.333,0.167,0.0,0.0,0.833,0.167,57,0,0,0,0,0,0,33,31,28,31,41,6.7,0.004,43,0.72,17,0,12,30.0,2.4,0.95,2.1,4,45,1.15,0.55,1.9,1.1,0.65,0.55
0c8db7ee-450a-4b7c-96ed-e20e5879d8a9,9,3,0.4,113,ROCK,27,0,0,31,13,22,0.5,0.0,0.167,0.333,0.167,0.0,0.667,0.167,0.167,0.0,0.333,0.5,66,1,0,0,1,0,0,15,14,14,16,49,7.64,0.008,57,0.95,17,0,12,30.0,2.4,0.95,2.1,4,45,1.15,0.55,1.9,1.1,0.65,0.55
505ba90a-513a-49fd-be80-127ca8bbd501,6,6,0.23,80,SCISSORS,0,0,18,9,15,21,0.0,0.0,0.5,0.5,0.0,0.0,0.75,0.25,0.25,0.0,0.5,0.25,45,1,0,1,0,0,0,24,30,30,29,39,6.44,0.0,32,0.53,11,0,12,30.0,2.4,0.95,2.1,4,45,1.15,0.55,1.9,1.1,0.65,0.55
5bc75672-8dc9-4ce7-b476-9795429b6491,7,5,0.34,106,ROCK,21,0,0,22,8,15,0.667,0.0,0.333,0.0,0.0,0.0,0.667,0.333,0.0,0.0,0.5,0.5,45,0,0,0,0,0,0,23,27,17,30,32,5.22,0.009,50,0.83,10,0,12,30.0,2.4,0.95,2.1,4,45,1.15,0.55,1.9,1.1,0.65,0.55
ff518788-0b16-4605-a7dc-8f0f281d0cf6,9,5,1.5,448,ROCK,27,0,0,69,51,60,0.826,0.0,0.087,0.087,0.304,0.0,0.13,0.565,0.391,0.0,0.087,0.522,180,0,0,0,0,0,0,61,127,54,130,138,7.26,0.006,36,0.6,7,0,12,30.0,2.4,0.95,2.1,4,45,1.15,0.55,1.9,1.1,0.65,0.55
8a1a7e3b-c58a-41e6-b5d2-8a59fc17f412,7,6,0.53,177,ROCK,21,0,0,24,10,17,0.333,0.0,0.222,0.444,0.0,0.0,0.667,0.333,0.444,0.0,0.222,0.333,51,1,0,0,1,0,0,18,18,23,19,35,5.94,0.001,69,1.15,19,0,12,30.0,2.4,0.95,2.1,4,45,1.15,0.55,1.9,1.1,0.65,0.55
3dcd6feb-67f1-44e7-901b-595561360a42,9,5,0.77,227,SCISSORS,0,0,27,27,36,45,0.083,0.0,0.333,0.583,0.667,0.0,0.167,0.167,0.333,0.0,0.25,0.417,108,1,0,1,0,0,0,42,63,46,62,92,7.57,0.006,43,0.72,20,0,12,30.0,2.4,0.95,2.1,4,45,1.15,0.55,1.9,1.1,0.65,0.55
a58a953a-5c8f-430d-b2f7-30ad640ac7ae,7,3,0.49,167,PAPER,0,21,0,27,34,20,0.333,0.0,0.222,0.444,0.556,0.0,0.222,0.222,0.0,0.0,0.333,0.667,81,1,1,0,0,0,0,42,49,38,50,67,6.81,0.004,27,0.45,16,0,12,30.0,2.4,0.95,2.1,4,45,1.15,0.55,1.9,1.1,0.65,0.55
44ff7934-5536-412d-b318-653537fbe620,9,4,0.73,232,ROCK,27,0,0,34,16,25,0.583,0.0,0.167,0.25,0.0,0.0,0.333,0.667,0.417,0.0,0.25,0.333,75,1,0,0,1,0,0,19,47,24,49,53,7.0,0.006,16,0.27,4,0,12,30.0,2.4,0.95,2.1,4,45,1.15,0.55,1.9,1.1,0.65,0.55
e3b11611-79d9-424f-88b6-365f274921b9,9,3,0.83,265,ROCK,27,0,0,45,27,36,0.429,0.0,0.143,0.429,0.357,0.0,0.214,0.429,0.643,0.0,0.071,0.286,108,1,0,0,1,0,0,17,52,24,57,93,8.41,0.005,21,0.35,8,0,12,30.0,2.4,0.95,2.1,4,45,1.15,0.55,1.9,1.1,0.65,0.55
d21ae982-5fa2-4085-a498-bb822cf18877,8,4,0.22,66,PAPER,0,24,0,15,23,7,0.0,0.0,0.25,0.75,0.75,0.0,0.25,0.0,0.0,0.0,1.0,0.0,45,1,1,0,0,0,0,10,17,11,18,37,8.98,0.017,46,0.77,19,0,12,30.0,2.4,0.95,2.1,4,45,1.15,0.55,1.9,1.1,0.65,0.55
d56e2d33-a6de-4f42-9155-4165210d8856,5,5,0.49,195,ROCK,15,0,0,14,4,9,0.2,0.0,0.1,0.7,0.0,0.0,0.4,0.6,0.6,0.0,0.2,0.2,27,1,0,0,1,0,0,12,7,17,7,11,4.0,0.0,51,0.85,13,0,12,30.0,2.4,0.95,2.1,4,45,1.15,0.55,1.9,1.1,0.65,0.55
8dd76c36-52de-4668-9c94-079f27d1ea4e,8,3,0.87,282,SCISSORS,0,0,24,28,36,44,0.333,0.0,0.333,0.333,0.067,0.0,0.133,0.8,0.8,0.0,0.133,0.067,108,1,0,1,0,0,0,18,33,15,29,93,7.4,0.011,54,0.9,22,0,12,30.0,2.4,0.95,2.1,4,45,1.15,0.55,1.9,1.1,0.65,0.55
1111a682-dd18-42e0-955e-7c92c6a7a211,7,6,0.48,168,SCISSORS,0,0,21,14,21,28,0.0,0.0,0.333,0.667,0.0,0.0,0.444,0.556,0.667,0.0,0.333,0.0,63,1,0,1,0,0,0,28,56,39,56,48,6.08,0.018,16,0.27,5,0,12,30.0,2.4,0.95,2.1,4,45,1.15,0.55,1.9,1.1,0.65,0.55
dee6c750-686e-4600-b601-5038edc0ce6f,7,4,0.71,235,SCISSORS,0,0,21,18,25,32,0.25,0.0,0.5,0.25,0.333,0.0,0.167,0.5,0.25,0.0,0.167,0.583,75,1,0,1,0,0,0,31,35,34,43,58,6.76,0.001,71,1.18,18,0,12,30.0,2.4,0.95,2.1,4,45,1.15,0.55,1.9,1.1,0.65,0.55
05735154-d130-47bb-9718-b0ab03c6a4c8,7,3,0.96,309,PAPER,0,21,0,27,34,20,0.25,0.0,0.062,0.688,0.312,0.125,0.062,0.5,0.5,0.0,0.375,0.125,81,1,1,0,0,0,0,19,50,25,49,65,6.84,0.004,77,1.28,18,0,12,30.0,2.4,0.95,2.1,4,45,1.15,0.55,1.9,1.1,0.65,0.55
9c3597b0-6eae-47bd-beb9-f99d3baab7aa,5,5,0.67,251,SCISSORS,0,0,15,13,18,23,0.538,0.0,0.385,0.077,0.0,0.0,0.077,0.923,0.231,0.0,0.077,0.692,54,1,0,1,0,0,0,18,20,15,20,36,4.43,0.0,59,0.98,14,0,12,30.0,2.4,0.95,2.1,4,45,1.15,0.55,1.9,1.1,0.65,0.55
9fda1e01-cf91-4e88-b67a-d6c1da4fa804,9,3,1.04,331,ROCK,27,0,0,40,22,31,0.353,0.0,0.118,0.529,0.471,0.059,0.294,0.176,0.471,0.0,0.118,0.412,93,1,0,0,1,0,0,21,47,15,49,66,7.22,0.002,35,0.58,17,0,12,30.0,2.4,0.95,2.1,4,45,1.15,0.55,1.9,1.1,0.65,0.55
1abbd616-ce07-45b1-8c43-b92a3c0e79ef,5,4,0.37,136,ROCK,15,0,0,15,5,10,0.714,0.0,0.0,0.286,0.0,0.0,0.286,0.714,0.143,0.0,0.286,0.571,30,0,0,0,0,0,0,5,11,6,10,17,3.87,0.0,16,0.27,9,0,12,30.0,2.4,0.95,2.1,4,45,1.15,0.55,1.9,1.1,0.65,0.55
6c73337e-58a8-4d97-aa12-1da49cdfce41,6,5,0.88,321,SCISSORS,0,0,18,30,36,42,0.062,0.0,0.188,0.75,0.625,0.0,0.125,0.25,0.562,0.0,0.062,0.375,108,1,0,1,0,0,0,65,90,75,90,87,5.67,0.013,29,0.48,12,0,12,30.0,2.4,0.95,2.1,4,45,1.15,0.55,1.9,1.1,0.65,0.55
9b89f1b0-747e-48f5-8a22-a0cd5d30f81e,7,3,0.32,107,ROCK,21,0,0,20,6,13,0.5,0.0,0.333,0.167,0.0,0.0,0.833,0.167,0.167,0.0,0.333,0.5,39,1,0,0,1,0,0,11,14,11,14,26,5.03,0.0,59,0.98,16,0,12,30.0,2.4,0.95,2.1,4,45,1.15,0.55,1.9,1.1,0.65,0.55
c9f8bf50-b637-43bd-823c-512467eb2d34,8,6,0.37,110,PAPER,0,24,0,17,25,9,0.333,0.0,0.167,0.5,0.5,0.0,0.167,0.333,0.0,0.0,0.833,0.167,51,1,1,0,0,0,0,22,18,19,19,44,8.18,0.0,66,1.1,17,0,14,30.0,2.4,0.95,2.1,4,45,1.15,0.55,1.9,1.1,0.65,0.55
ea424a67-e8d4-4493-b815-810209a4bc22,6,3,0.64,244,SCISSORS,0,0,18,10,16,22,0.0,0.0,0.385,0.615,0.692,0.0,0.077,0.231,0.231,0.0,0.077,0.692,48,1,0,1,0,0,0,15,31,15,31,26,4.31,0.007,44,0.73,13,0,14,30.0,2.4,0.95,2.1,4,45,1.15,0.55,1.9,1.1,0.65,0.55
1c4fce68-2f40-4c16-9d73-246436dc356c,5,3,0.14,56,SCISSORS,0,0,15,0,5,10,0.0,0.0,0.667,0.333,0.0,0.0,0.333,0.667,0.333,0.0,0.667,0.0,15,1,0,1,0,0,0,2,3,3,2,9,4.6,0.0,24,0.4,8,0,14,30.0,2.4,0.95,2.1,4,45,1.15,0.55,1.9,1.1,0.65,0.55
8c9b6876-8b2f-48fb-9e07-711d86b072ba,9,5,0.19,55,SCISSORS,0,0,27,9,18,27,0.0,0.0,0.667,0.333,0.0,0.0,0.667,0.333,0.333,0.0,0.333,0.333,54,1,0,1,0,0,0,26,34,25,34,26,4.2,0.007,31,0.52,19,0,14,30.0,2.4,0.95,2.1,4,45,1.15,0.55,1.9,1.1,0.65,0.55
9aa8fcd6-0cbe-42e7-a49b-427643918234,7,6,0.5,168,PAPER,0,21,0,19,26,12,0.333,0.0,0.111,0.556,0.778,0.0,0.222,0.0,0.111,0.0,0.222,0.667,57,1,1,0,0,0,0,15,35,23,37,46,5.79,0.006,24,0.4,3,0,14,30.0,2.4,0.95,2.1,4,45,1.15,0.55,1.9,1.1,0.65,0.55
e1b32e8e-578a-4d2b-8588-2bd38190d80f,9,4,0.36,117,PAPER,0,27,0,17,26,8,0.0,0.0,0.333,0.667,0.667,0.0,0.333,0.0,0.0,0.0,0.333,0.667,51,0,0,0,0,0,0,22,39,20,38,41,8.78,0.001,9,0.15,5,0,14,30.0,2.4,0.95,2.1,4,45,1.15,0.55,1.9,1.1,0.65,0.55
db8897e8-8afb-47ca-9f20-dd69619027a7,9,4,0.76,232,ROCK,27,0,0,46,28,37,0.333,0.0,0.167,0.5,0.333,0.0,0.5,0.167,0.583,0.0,0.167,0.25,111,1,0,0,1,0,0,35,48,28,46,91,7.05,0.013,52,0.87,19,0,14,30.0,2.4,0.95,2.1,4,45,1.15,0.55,1.9,1.1,0.65,0.55
537a0aae-0c10-4d81-b099-0c7a782476e0,9,4,0.93,263,ROCK,27,0,0,51,33,42,0.857,0.0,0.0,0.143,0.071,0.0,0.286,0.643,0.571,0.0,0.071,0.357,126,0,0,0,0,0,0,42,86,38,87,103,7.84,0.009,31,0.52,17,0,14,30.0,2.4,0.95,2.1,4,45,1.15,0.55,1.9,1.1,0.65,0.55
82dd2c16-fd04-4137-82f0-b1a202c06bc5,5,4,0.38,150,SCISSORS,0,0,15,5,10,15,0.125,0.0,0.75,0.125,0.25,0.0,0.375,0.375,0.375,0.0,0.25,0.375,30,1,0,1,0,0,0,12,14,9,11,18,4.63,0.0,54,0.9,13,0,14,30.0,2.4,0.95,2.1,4,45,1.15,0.55,1.9,1.1,0.65,0.55
2548b655-4dff-4763-b649-43497a3b3cda,9,4,0.78,212,ROCK,27,0,0,70,52,61,0.636,0.0,0.364,0.0,0.364,0.0,0.182,0.455,0.455,0.0,0.364,0.182,183,0,0,0,0,0,0,76,121,96,127,159,9.4,0.0,28,0.47,12,0,14,30.0,2.4,0.95,2.1,4,45,1.15,0.55,1.9,1.1,0.65,0.55
5a9841e2-1e7c-486a-9606-b9a8dead823b,6,4,0.49,164,ROCK,18,0,0,25,13,19,0.556,0.0,0.222,0.222,0.0,0.0,0.556,0.444,0.333,0.0,0.222,0.444,57,1,0,0,1,0,0,34,33,33,33,37,5.11,0.016,76,1.27,15,0,14,30.0,2.4,0.95,2.1,4,45,1.15,0.55,1.9,1.1,0.65,0.55
d35a7120-97f9-4eb4-a662-0e7bae40d638,8,4,0.42,126,SCISSORS,0,0,24,16,24,32,0.143,0.0,0.714,0.143,0.143,0.0,0.143,0.714,0.429,0.0,0.286,0.286,72,0,0,0,0,0,0,27,50,29,49,53,7.31,0.006,54,0.9,21,0,14,30.0,2.4,0.95,2.1,4,45,1.15,0.55,1.9,1.1,0.65,0.55
fed7ba39-54a2-403d-80eb-be87ffef762c,9,3,0.2,58,ROCK,27,0,0,23,5,14,0.333,0.0,0.667,0.0,0.0,0.0,0.667,0.333,0.0,0.0,0.667,0.333,42,1,0,0,1,0,0,12,22,10,21,32,6.14,0.003,22,0.37,8,0,14,30.0,2.4,0.95,2.1,4,45,1.15,0.55,1.9,1.1,0.65,0.55
f720dd21-dee3-49bc-a2b0-35ad6b42f0a4,6,6,0.54,196,PAPER,0,18,0,15,21,9,0.3,0.0,0.1,0.6,0.2,0.0,0.1,0.7,0.3,0.0,0.4,0.3,45,0,0,0,0,0,0,22,29,19,28,34,5.8,0.006,44,0.73,12,0,14,30.0,2.4,0.95,2.1,4,45,1.15,0.55,1.9,1.1,0.65,0.55
c356db7c-07b2-4c3e-b88c-13af0c245e76,6,5,0.48,182,ROCK,18,0,0,20,8,14,0.4,0.0,0.1,0.5,0.0,0.0,0.6,0.4,0.4,0.0,0.2,0.4,42,0,0,0,0,0,0,12,25,19,25,19,3.64,0.0,70,1.17,15,0,14,30.0,2.4,0.95,2.1,4,45,1.15,0.55,1.9,1.1,0.65,0.55
dc45ffc6-b1f6-44b5-8659-7e66f72a123e,6,6,0.44,162,ROCK,18,0,0,24,12,18,0.444,0.0,0.111,0.444,0.222,0.0,0.667,0.111,0.222,0.0,0.333,0.444,54,1,0,0,1,0,0,27,33,27,32,34,4.81,0.015,78,1.3,16,0,14,30.0,2.4,0.95,2.1,4,45,1.15,0.55,1.9,1.1,0.65,0.55
a50c51e7-10f2-40fa-9063-aed647605feb,6,4,0.25,93,SCISSORS,0,0,18,4,10,16,0.0,0.0,0.4,0.6,0.2,0.0,0.4,0.4,0.6,0.0,0.4,0.0,30,1,0,1,0,0,0,9,18,11,17,20,4.73,0.007,25,0.42,6,0,14,30.0,2.4,0.95,2.1,4,45,1.15,0.55,1.9,1.1,0.65,0.55
375dab1c-85b1-4dce-bbe2-5cfc4d57dfb0,9,5,1.1,328,SCISSORS,0,0,27,47,56,65,0.353,0.0,0.235,0.412,0.706,0.0,0.176,0.118,0.471,0.0,0.118,0.412,168,1,0,1,0,0,0,62,127,61,129,142,6.82,0.01,28,0.47,16,0,14,30.0,2.4,0.95,2.1,4,45,1.15,0.55,1.9,1.1,0.65,0.55
22ca94ac-5758-4ad0-8202-6e6eb1f0138f,8,3,0.81,267,SCISSORS,0,0,24,26,34,42,0.143,0.0,0.429,0.429,0.5,0.0,0.071,0.429,0.429,0.0,0.0,0.571,102,1,0,1,0,0,0,25,49,28,47,75,6.51,0.014,79,1.32,21,0,14,30.0,2.4,0.95,2.1,4,45,1.15,0.55,1.9,1.1,0.65,0.55
08551367-96f3-4f48-90c0-81e5737a3627,9,5,1.55,465,ROCK,27,0,0,83,65,74,0.583,0.0,0.125,0.292,0.292,0.0,0.208,0.5,0.667,0.0,0.125,0.208,222,1,0,0,1,0,0,100,171,99,177,193,8.16,0.01,25,0.42,9,0,14,30.0,2.4,0.95,2.1,4,45,1.15,0.55,1.9,1.1,0.65,0.55
a3438f7a-840c-4054-8d87-cb044b6c3b7b,8,4,0.19,56,PAPER,0,24,0,17,25,9,0.0,0.0,0.333,0.667,0.667,0.0,0.333,0.0,0.0,0.0,1.0,0.0,51,1,1,0,0,0,0,5,3,5,3,42,7.78,0.013,36,0.6,10,0,14,30.0,2.4,0.95,2.1,4,45,1.15,0.55,1.9,1.1,0.65,0.55
b60aad82-3756-460d-a738-5c5de4cece13,6,5,0.46,166,ROCK,18,0,0,24,12,18,0.778,0.0,0.222,0.0,0.333,0.0,0.333,0.333,0.0,0.0,0.111,0.889,54,1,0,0,1,0,0,38,40,32,39,41,5.07,0.014,46,0.77,12,0,14,30.0,2.4,0.95,2.1,4,45,1.15,0.55,1.9,1.1,0.65,0.55
27829bef-61e6-4e5c-8804-125061047400,9,5,0.32,96,SCISSORS,0,0,27,12,21,30,0.0,0.0,0.8,0.2,0.2,0.0,0.4,0.4,0.4,0.0,0.2,0.4,63,1,0,1,0,0,0,17,34,14,33,42,4.68,0.002,40,0.67,17,0,14,30.0,2.4,0.95,2.1,4,45,1.15,0.55,1.9,1.1,0.65,0.55
86c007c8-351b-458e-9198-3dc14148110f,9,5,0.42,123,ROCK,27,0,0,37,19,28,0.429,0.0,0.571,0.0,0.143,0.0,0.857,0.0,0.0,0.0,0.286,0.714,84,1,0,0,1,0,0,51,66,56,66,69,7.4,0.029,47,0.78,15,0,14,30.0,2.4,0.95,2.1,4,45,1.15,0.55,1.9,1.1,0.65,0.55
9589c1a6-c39a-45d1-853e-8398a8575440,8,3,1.27,436,PAPER,0,24,0,45,53,37,0.455,0.0,0.091,0.455,0.455,0.0,0.045,0.5,0.273,0.045,0.273,0.409,135,1,1,0,0,0,0,33,88,43,88,109,6.93,0.008,84,1.4,23,0,14,30.0,2.4,0.95,2.1,4,45,1.15,0.55,1.9,1.1,0.65,0.55
0162c341-3f44-4074-b0a7-3af0a8f6efbb,8,5,0.85,265,ROCK,24,0,0,54,38,46,0.571,0.0,0.143,0.286,0.0,0.0,0.357,0.643,0.643,0.0,0.143,0.214,138,1,0,0,1,0,0,92,119,95,120,109,6.39,0.01,33,0.55,9,0,14,30.0,2.4,0.95,2.1,4,45,1.15,0.55,1.9,1.1,0.65,0.55
b86d1d79-084f-4ee0-aedc-01293d46c79b,6,3,0.27,94,ROCK,18,0,0,18,6,12,0.6,0.0,0.4,0.0,0.2,0.0,0.8,0.0,0.0,0.0,0.2,0.8,36,0,0,0,0,0,0,12,17,16,16,23,4.78,0.026,42,0.7,13,0,14,30.0,2.4,0.95,2.1,4,45,1.15,0.55,1.9,1.1,0.65,0.55
7b01f4d6-a5f4-44b8-9a2c-15d968ad44a7,5,10,18.75,1125,ROCK,45,0,0,42,12,27,0.507,0.062,0.431,0.0,0.289,0.067,0.56,0.084,0.44,0.0,0.462,0.098,81,1,0,0,1,0,0,12,54,17,57,63,6.44,0.008,275,4.58,17,0,11,30.0,2.4,0.95,2.1,4,45,1.15,0.55,1.9,1.1,0.65,0.55
583e2c17-5c28-405e-8d02-5584374dfd45,20,4,35.42,2125,SCISSORS,0,0,15,11,16,21,0.544,0.0,0.341,0.115,0.348,0.0,0.289,0.362,0.249,0.0,0.273,0.478,48,1,0,1,0,0,0,12,23,16,20,21,3.67,0.0,340,5.67,10,0,11,30.0,2.4,0.95,2.1,4,45,1.15,0.55,1.9,1.1,0.65,0.55
2510194d-1b39-46b4-b040-937755024d8d,15,10,69.13,4148,SCISSORS,0,0,60,225,245,265,0.727,0.116,0.151,0.007,0.546,0.164,0.13,0.16,0.611,0.151,0.122,0.117,735,1,0,1,0,0,0,228,667,264,660,695,11.58,0.008,223,3.72,27,0,14,30.0,2.4,0.95,2.1,4,45,1.15,0.55,1.9,1.1,0.65,0.55
9815d8a2-3cd3-4080-9405-747ad4a622be,5,10,74.9,4494,ROCK,45,0,0,221,191,206,0.722,0.097,0.117,0.065,0.636,0.15,0.149,0.065,0.724,0.065,0.125,0.087,618,1,0,0,1,0,0,229,574,257,569,572,8.97,0.009,269,4.48,27,0,14,30.0,2.4,0.95,2.1,4,45,1.15,0.55,1.9,1.1,0.65,0.55
adfd0a74-a49a-4025-8208-fc52c790e778,7,8,52.23,3134,SCISSORS,0,0,15,22,27,32,0.41,0.0,0.234,0.356,0.257,0.0,0.188,0.555,0.486,0.0,0.177,0.337,81,1,0,1,0,0,0,26,52,32,52,38,3.58,0.007,359,5.98,12,0,14,30.0,2.4,0.95,2.1,4,45,1.15,0.55,1.9,1.1,0.65,0.55
dbe41c48-0549-4b14-9193-2d82dd231b1d,18,4,30.92,1855,PAPER,0,21,0,24,31,17,0.612,0.0,0.299,0.089,0.423,0.0,0.296,0.28,0.42,0.0,0.388,0.191,72,1,1,0,0,0,0,6,51,7,49,58,6.58,0.015,350,5.83,18,0,14,30.0,2.4,0.95,2.1,4,45,1.15,0.55,1.9,1.1,0.65,0.55
b3e7c2b3-5055-4eaa-be39-1c51ab6680dd,18,10,27.08,1625,PAPER,0,54,0,64,82,46,0.428,0.157,0.311,0.105,0.514,0.068,0.289,0.129,0.511,0.009,0.415,0.065,192,1,1,0,0,0,0,49,104,55,105,154,9.6,0.006,310,5.17,49,0,15,30.0,2.4,0.95,2.1,4,45,1.15,0.55,1.9,1.1,0.65,0.55
af2f3bec-3818-49be-b39f-276a0badc701,12,10,27.3,1638,PAPER,0,54,0,45,63,27,0.588,0.0,0.314,0.098,0.405,0.07,0.293,0.232,0.39,0.143,0.412,0.055,135,1,1,0,0,0,0,28,85,35,86,128,10.27,0.005,268,4.47,48,0,20,30.0,2.4,0.95,2.1,4,45,1.15,0.55,1.9,1.1,0.65,0.55
0a3dc341-fe9a-4543-a50f-1d8a9549f39d,19,6,69.68,4181,PAPER,0,36,0,110,122,98,0.728,0.011,0.12,0.141,0.434,0.177,0.111,0.278,0.693,0.063,0.166,0.078,330,1,1,0,0,0,0,81,245,92,252,289,8.67,0.025,306,5.1,27,0,20,30.0,2.4,0.95,2.1,4,45,1.15,0.55,1.9,1.1,0.65,0.55
af18fc5d-b8ef-4912-8f10-b234403bffea,7,4,51.38,3083,PAPER,0,57,0,141,160,122,0.645,0.024,0.144,0.186,0.549,0.152,0.133,0.165,0.496,0.147,0.241,0.115,423,1,1,0,0,0,0,65,280,82,282,395,11.23,0.003,473,7.88,56,0,20,30.0,2.4,0.95,2.1,4,45,1.15,0.55,1.9,1.1,0.65,0.55
717e13ae-681c-472e-b663-790d4b5d1343,11,4,34.72,2083,ROCK,21,0,0,27,13,20,0.609,0.007,0.24,0.144,0.465,0.022,0.388,0.125,0.324,0.0,0.257,0.42,60,1,0,0,1,0,0,7,23,9,23,33,4.87,0.002,488,8.13,20,0,20,30.0,2.4,0.95,2.1,4,45,1.15,0.55,1.9,1.1,0.65,0.55
44a363e9-dd63-4e47-8103-c5bbbdc0d0f2,9,8,26.92,1615,PAPER,0,33,0,43,54,32,0.467,0.037,0.263,0.232,0.44,0.056,0.241,0.263,0.359,0.056,0.334,0.251,129,1,1,0,0,0,0,22,86,32,85,113,8.22,0.007,250,4.17,18,0,20,30.0,2.4,0.95,2.1,4,45,1.15,0.55,1.9,1.1,0.65,0.55
9bb38581-8642-42cd-84fd-ef9bf0fdf5cb,15,4,22.38,1343,PAPER,0,27,0,21,30,12,0.401,0.0,0.413,0.186,0.416,0.0,0.387,0.197,0.394,0.0,0.55,0.056,63,1,1,0,0,0,0,5,22,7,24,46,6.6,0.0,368,6.13,25,0,20,30.0,2.4,0.95,2.1,4,45,1.15,0.55,1.9,1.1,0.65,0.55
e89f94d0-456e-4f57-ab1b-3b19b40ae807,11,6,35.78,2147,ROCK,45,0,0,79,49,64,0.588,0.033,0.191,0.188,0.328,0.27,0.267,0.135,0.672,0.06,0.207,0.06,192,1,0,0,1,0,0,40,132,41,132,178,10.29,0.01,212,3.53,26,0,20,30.0,2.4,0.95,2.1,4,45,1.15,0.55,1.9,1.1,0.65,0.55
5e39af37-b8b6-4876-8e1e-068d85d9b3d0,19,8,44.15,2649,PAPER,0,33,0,69,80,58,0.617,0.068,0.198,0.117,0.357,0.191,0.185,0.268,0.498,0.117,0.245,0.14,207,1,1,0,0,0,0,59,168,74,165,172,8.74,0.013,259,4.32,21,0,20,30.0,2.4,0.95,2.1,4,45,1.15,0.55,1.9,1.1,0.65,0.55
b5beb458-a2a6-4df7-9a03-f55810d0e323,15,5,23.0,1380,ROCK,57,0,0,68,30,49,0.438,0.083,0.301,0.178,0.395,0.058,0.449,0.098,0.551,0.0,0.326,0.123,147,1,0,0,1,0,0,22,111,19,112,133,10.94,0.004,320,5.33,24,0,20,30.0,2.4,0.95,2.1,4,45,1.15,0.55,1.9,1.1,0.65,0.55
b4020622-1570-4d1d-80e5-ed702438c55d,16,4,28.22,1693,SCISSORS,0,0,45,35,50,65,0.617,0.053,0.319,0.012,0.434,0.171,0.26,0.136,0.519,0.071,0.239,0.171,150,1,0,1,0,0,0,14,116,23,116,141,9.85,0.008,238,3.97,28,0,20,30.0,2.4,0.95,2.1,4,45,1.15,0.55,1.9,1.1,0.65,0.55
b4e1b242-891c-4dc7-98b7-ca955e9d989e,12,7,56.0,3360,SCISSORS,0,0,48,117,133,149,0.576,0.131,0.161,0.132,0.488,0.06,0.112,0.341,0.527,0.235,0.101,0.137,399,1,0,1,0,0,0,71,289,74,287,378,11.03,0.007,250,4.17,36,0,20,30.0,2.4,0.95,2.1,4,45,1.15,0.55,1.9,1.1,0.65,0.55
0620e896-e924-4510-970f-8a80feca4466,14,8,32.13,1928,SCISSORS,0,0,36,31,43,55,0.63,0.0,0.363,0.008,0.453,0.098,0.264,0.184,0.604,0.15,0.246,0.0,129,1,0,1,0,0,0,24,105,32,105,109,7.27,0.012,323,5.38,24,0,20,30.0,2.4,0.95,2.1,4,45,1.15,0.55,1.9,1.1,0.65,0.55
dfe1acab-2086-46a6-a42a-f99fa5ac95ea,9,8,30.43,1826,ROCK,42,0,0,53,25,39,0.455,0.033,0.263,0.249,0.403,0.044,0.37,0.184,0.466,0.077,0.282,0.175,117,1,0,0,1,0,0,23,76,31,77,91,7.88,0.005,341,5.68,37,0,23,30.0,2.4,0.95,2.1,4,45,1.15,0.55,1.9,1.1,0.65,0.55
99bc4ea5-d343-48d1-a147-ec194b94e074,12,7,21.88,1313,ROCK,27,0,0,26,8,17,0.46,0.0,0.35,0.19,0.346,0.015,0.608,0.03,0.392,0.0,0.376,0.232,51,1,0,0,1,0,0,12,19,12,19,40,6.73,0.0,523,8.72,25,0,23,30.0,2.4,0.95,2.1,4,45,1.15,0.55,1.9,1.1,0.65,0.55
2fb8e1f6-844e-4496-b6d6-ec008ebe14c4,16,9,54.4,3264,PAPER,0,36,0,81,93,69,0.545,0.041,0.145,0.268,0.519,0.194,0.135,0.152,0.603,0.054,0.19,0.153,243,1,1,0,0,0,0,65,194,81,195,209,8.74,0.015,284,4.73,22,0,23,30.0,2.4,0.95,2.1,4,45,1.15,0.55,1.9,1.1,0.65,0.55
6cf9bee4-9aef-4483-b6ac-69eee465db26,6,8,64.45,3867,ROCK,48,0,0,54,22,38,0.807,0.05,0.11,0.032,0.173,0.026,0.792,0.009,0.208,0.0,0.119,0.673,114,1,0,0,1,0,0,32,76,38,76,103,10.11,0.003,2737,45.62,37,0,23,30.0,2.4,0.95,2.1,4,45,1.15,0.55,1.9,1.1,0.65,0.55
58002e7c-78e5-4b8a-802d-f7636c76e353,7,9,33.77,2026,SCISSORS,0,0,18,15,21,27,0.62,0.0,0.319,0.062,0.479,0.0,0.269,0.252,0.365,0.0,0.252,0.383,63,1,0,1,0,0,0,18,49,27,49,39,4.89,0.022,291,4.85,9,0,23,30.0,2.4,0.95,2.1,4,45,1.15,0.55,1.9,1.1,0.65,0.55
fb8d6439-a5df-49b1-b9c0-a015fd319ecc,5,5,30.93,1856,ROCK,21,0,0,26,12,19,0.377,0.024,0.221,0.377,0.275,0.094,0.305,0.326,0.65,0.0,0.24,0.111,57,1,0,0,1,0,0,13,33,17,33,42,5.77,0.008,321,5.35,12,0,23,30.0,2.4,0.95,2.1,4,45,1.15,0.55,1.9,1.1,0.65,0.55
01015256-bae2-4f27-b615-50c6952e3dd2,17,10,55.33,3320,ROCK,15,0,0,39,29,34,0.523,0.0,0.133,0.345,0.345,0.0,0.267,0.389,0.319,0.0,0.143,0.538,102,1,0,0,1,0,0,40,77,43,76,55,3.75,0.007,630,10.5,13,0,23,30.0,2.4,0.95,2.1,4,45,1.15,0.55,1.9,1.1,0.65,0.55
d9dc5d07-ffc4-460a-8a63-fd7f2761d0e4,16,4,33.43,2006,ROCK,51,0,0,83,49,66,0.554,0.229,0.217,0.0,0.387,0.224,0.329,0.06,0.623,0.047,0.234,0.095,198,1,0,0,1,0,0,51,136,58,137,169,8.43,0.006,321,5.35,41,0,23,30.0,2.4,0.95,2.1,4,45,1.15,0.55,1.9,1.1,0.65,0.55
455b13ce-67a3-4514-9deb-9838dcd9ebb1,9,4,49.7,2982,ROCK,48,0,0,128,96,112,0.802,0.075,0.122,0.0,0.434,0.273,0.186,0.107,0.536,0.183,0.134,0.147,336,1,0,0,1,0,0,68,254,76,260,315,9.73,0.007,282,4.7,35,0,23,30.0,2.4,0.95,2.1,4,45,1.15,0.55,1.9,1.1,0.65,0.55
923fbe83-46b8-492d-ba6c-7b7ea4242763,11,5,38.43,2306,SCISSORS,0,0,27,41,50,59,0.672,0.035,0.267,0.026,0.39,0.05,0.191,0.369,0.501,0.028,0.154,0.317,150,0,0,0,0,0,0,24,92,38,92,125,6.79,0.011,301,5.02,25,0,23,30.0,2.4,0.95,2.1,4,45,1.15,0.55,1.9,1.1,0.65,0.55
5578e5bf-d26d-4f2c-ba7b-0af519c3e5f6,6,4,38.43,2306,PAPER,0,33,0,55,66,44,0.625,0.039,0.152,0.184,0.471,0.141,0.137,0.252,0.61,0.048,0.256,0.087,165,1,1,0,0,0,0,26,101,23,103,144,7.91,0.01,361,6.02,30,0,23,30.0,2.4,0.95,2.1,4,45,1.15,0.55,1.9,1.1,0.65,0.55
8882473a-d424-4254-ab6f-50837f5fe4cb,19,10,46.67,2800,SCISSORS,0,0,18,16,22,28,0.209,0.0,0.611,0.18,0.227,0.0,0.234,0.539,0.686,0.0,0.193,0.121,66,1,0,1,0,0,0,24,48,30,48,43,5.23,0.002,1330,22.17,15,0,23,30.0,2.4,0.95,2.1,4,45,1.15,0.55,1.9,1.1,0.65,0.55
b89b2c28-828f-4ee5-83b6-3aa5239d0575,13,5,45.62,2737,ROCK,57,0,0,132,94,113,0.708,0.038,0.184,0.069,0.462,0.206,0.266,0.066,0.682,0.051,0.197,0.069,339,1,0,0,1,0,0,39,285,65,284,325,11.84,0.007,342,5.7,27,0,23,30.0,2.4,0.95,2.1,4,45,1.15,0.55,1.9,1.1,0.65,0.55
cd4714d2-1ae2-45dd-8abe-334184020a1f,8,6,22.92,1375,SCISSORS,0,0,39,17,30,43,0.436,0.051,0.484,0.029,0.516,0.0,0.353,0.131,0.411,0.047,0.327,0.215,90,1,0,1,0,0,0,7,40,14,42,79,7.23,0.008,365,6.08,34,0,23,30.0,2.4,0.95,2.1,4,45,1.15,0.55,1.9,1.1,0.65,0.55
d185bce5-1039-4376-938d-103e9bb59405,5,6,43.6,2616,ROCK,24,0,0,40,24,32,0.706,0.0,0.208,0.086,0.489,0.048,0.254,0.208,0.482,0.145,0.222,0.151,96,1,0,0,1,0,0,18,72,36,73,70,6.55,0.011,281,4.68,13,0,23,30.0,2.4,0.95,2.1,4,45,1.15,0.55,1.9,1.1,0.65,0.55
c1981f18-4851-4dbd-b83f-cacaba8403b1,6,4,77.22,4633,ROCK,15,0,0,40,30,35,0.657,0.0,0.121,0.222,0.29,0.0,0.191,0.519,0.371,0.0,0.146,0.483,105,1,0,0,1,0,0,24,48,26,48,55,3.9,0.005,508,8.47,14,0,23,30.0,2.4,0.95,2.1,4,45,1.15,0.55,1.9,1.1,0.65,0.55
7c3593a3-828a-4b5d-9aa8-55a4cf91419c,13,5,58.72,3523,ROCK,18,0,0,41,29,35,0.562,0.0,0.159,0.279,0.356,0.0,0.196,0.448,0.382,0.0,0.169,0.45,105,1,0,0,1,0,0,38,76,38,72,69,4.69,0.005,308,5.13,7,0,23,30.0,2.4,0.95,2.1,4,45,1.15,0.55,1.9,1.1,0.65,0.55
836b9d07-8743-4a02-bbb5-a35295094a4b,14,4,20.08,1205,ROCK,39,0,0,37,11,24,0.689,0.0,0.311,0.0,0.39,0.0,0.539,0.071,0.515,0.0,0.34,0.145,72,1,0,0,1,0,0,11,45,11,44,68,9.72,0.016,315,5.25,19,0,23,30.0,2.4,0.95,2.1,4,45,1.15,0.55,1.9,1.1,0.65,0.55
cfd7cabe-2a79-4492-98db-0d1b8ef0ebd3,8,10,55.9,3354,SCISSORS,0,0,42,120,134,148,0.589,0.203,0.191,0.018,0.453,0.168,0.167,0.212,0.51,0.08,0.156,0.253,402,1,0,1,0,0,0,144,337,172,345,373,10.89,0.008,259,4.32,23,0,23,30.0,2.4,0.95,2.1,4,45,1.15,0.55,1.9,1.1,0.65,0.55
b10b72ad-5905-42c6-9b74-71c7f0597f7b,12,7,47.58,2855,PAPER,0,24,0,45,53,37,0.622,0.0,0.175,0.203,0.429,0.049,0.163,0.359,0.438,0.042,0.228,0.292,135,1,1,0,0,0,0,37,105,50,107,104,6.4,0.014,340,5.67,15,0,23,30.0,2.4,0.95,2.1,4,45,1.15,0.55,1.9,1.1,0.65,0.55
43b866a2-1390-4956-8966-848cb3d0f74a,17,9,56.07,3364,ROCK,36,0,0,42,18,30,0.811,0.004,0.152,0.033,0.166,0.091,0.736,0.007,0.264,0.0,0.162,0.574,90,1,0,0,1,0,0,36,71,32,71,84,10.08,0.008,2134,35.57,18,0,23,30.0,2.4,0.95,2.1,4,45,1.15,0.55,1.9,1.1,0.65,0.55
61c6d3da-2cfa-4d64-8bca-cc2400ee168b,13,10,26.72,1603,PAPER,0,51,0,47,64,30,0.623,0.0,0.312,0.065,0.523,0.056,0.29,0.131,0.47,0.059,0.377,0.093,141,1,1,0,0,0,0,27,110,41,111,123,11.06,0.006,278,4.63,27,0,23,30.0,2.4,0.95,2.1,4,45,1.15,0.55,1.9,1.1,0.65,0.55
ad4825ac-57fe-46dc-aaec-a47afaca9dfb,13,5,24.18,1451,PAPER,0,39,0,30,43,17,0.452,0.0,0.355,0.193,0.386,0.079,0.331,0.203,0.369,0.045,0.548,0.038,90,1,1,0,0,0,0,17,32,18,33,82,9.2,0.007,491,8.18,38,0,23,30.0,2.4,0.95,2.1,4,45,1.15,0.55,1.9,1.1,0.65,0.55
23eddc48-d7a7-4d14-9609-f166ee03ae14,18,5,34.82,2089,ROCK,39,0,0,78,52,65,0.684,0.024,0.239,0.053,0.313,0.081,0.347,0.258,0.445,0.127,0.256,0.172,195,1,0,0,1,0,0,47,131,51,134,183,9.6,0.012,349,5.82,28,0,23,30.0,2.4,0.95,2.1,4,45,1.15,0.55,1.9,1.1,0.65,0.55
9b5e38c6-6e40-4333-9ced-dca1d99a89e5,10,9,76.25,4575,PAPER,0,54,0,277,295,259,0.776,0.095,0.105,0.024,0.543,0.264,0.097,0.095,0.607,0.158,0.129,0.106,831,1,1,0,0,0,0,325,773,334,772,785,12.0,0.007,225,3.75,28,0,23,30.0,2.4,0.95,2.1,4,45,1.15,0.55,1.9,1.1,0.65,0.55
fef06501-bca4-4c6d-bb72-2d48c7404162,12,10,24.62,1477,SCISSORS,0,0,30,17,27,37,0.486,0.0,0.483,0.03,0.365,0.03,0.361,0.243,0.557,0.0,0.338,0.105,81,1,0,1,0,0,0,31,54,44,55,62,8.38,0.001,352,5.87,26,0,23,30.0,2.4,0.95,2.1,4,45,1.15,0.55,1.9,1.1,0.65,0.55
817221c8-fbbf-44a2-95c8-fc15008b0702,20,9,39.98,2399,PAPER,0,36,0,63,75,51,0.7,0.0,0.225,0.075,0.427,0.227,0.21,0.135,0.542,0.152,0.3,0.006,189,1,1,0,0,0,0,54,141,57,140,164,8.64,0.008,374,6.23,32,0,23,30.0,2.4,0.95,2.1,4,45,1.15,0.55,1.9,1.1,0.65,0.55
243f3b98-41b3-4d19-9371-570b7ac7cfe1,17,9,59.28,3557,PAPER,0,60,0,227,247,207,0.767,0.077,0.115,0.041,0.52,0.23,0.105,0.145,0.506,0.235,0.156,0.104,681,1,1,0,0,0,0,223,599,223,595,634,11.96,0.006,287,4.78,51,0,23,30.0,2.4,0.95,2.1,4,45,1.15,0.55,1.9,1.1,0.65,0.55
8e7ca788-b56d-4907-9ac3-e4c2a1811d7e,13,9,26.4,1584,ROCK,51,0,0,73,39,56,0.628,0.041,0.331,0.0,0.479,0.057,0.432,0.032,0.568,0.0,0.353,0.079,168,1,0,0,1,0,0,76,128,89,129,151,12.28,0.005,284,4.73,35,0,23,30.0,2.4,0.95,2.1,4,45,1.15,0.55,1.9,1.1,0.65,0.55
88166b55-71a4-4a24-b111-e80f3ead1ff6,6,6,93.58,5615,PAPER,0,39,0,213,226,200,0.801,0.09,0.096,0.013,0.568,0.095,0.09,0.247,0.378,0.207,0.11,0.305,639,1,1,0,0,0,0,92,423,115,415,586,9.83,0.012,260,4.33,15,0,23,30.0,2.4,0.95,2.1,4,45,1.15,0.55,1.9,1.1,0.65,0.55
c9391b97-0a78-4cd1-bfdb-4c3201c2d980,17,9,23.93,1436,PAPER,0,18,0,12,18,6,0.512,0.0,0.394,0.094,0.397,0.0,0.369,0.233,0.321,0.0,0.488,0.192,36,1,1,0,0,0,0,10,22,10,21,27,6.31,0.006,356,5.93,12,0,23,30.0,2.4,0.95,2.1,4,45,1.15,0.55,1.9,1.1,0.65,0.55
a3fe2071-e938-44a5-949f-1e96435a536c,6,4,53.42,3205,ROCK,51,0,0,157,123,140,0.691,0.069,0.162,0.078,0.487,0.168,0.232,0.112,0.548,0.087,0.173,0.192,420,1,0,0,1,0,0,55,198,68,201,391,11.05,0.008,360,6.0,49,0,23,30.0,2.4,0.95,2.1,4,45,1.15,0.55,1.9,1.1,0.65,0.55
7612b591-abe3-4b5c-b867-6ee29b8422b2,19,6,28.18,1691,ROCK,18,0,0,22,10,16,0.488,0.0,0.308,0.204,0.379,0.0,0.506,0.115,0.346,0.0,0.328,0.325,48,1,0,0,1,0,0,10,24,9,26,37,6.12,0.005,381,6.35,17,0,23,30.0,2.4,0.95,2.1,4,45,1.15,0.55,1.9,1.1,0.65,0.55
31b92da5-c705-447a-8466-c4deba0061d1,8,8,73.47,4408,ROCK,57,0,0,277,239,258,0.721,0.049,0.104,0.126,0.457,0.271,0.158,0.115,0.579,0.246,0.112,0.062,774,1,0,0,1,0,0,206,680,225,676,724,11.22,0.007,358,5.97,52,0,23,30.0,2.4,0.95,2.1,4,45,1.15,0.55,1.9,1.1,0.65,0.55
b1587d71-ec3f-4506-a145-16fc92b4b1ce,16,10,24.15,1449,ROCK,24,0,0,20,4,12,0.545,0.01,0.403,0.041,0.283,0.0,0.562,0.155,0.472,0.0,0.428,0.1,36,1,0,0,1,0,0,10,23,15,23,26,5.28,0.013,359,5.98,13,0,23,30.0,2.4,0.95,2.1,4,45,1.15,0.55,1.9,1.1,0.65,0.55
32abd021-484d-4a0d-abc8-6e65856e855b,13,6,19.12,1147,ROCK,48,0,0,55,23,39,0.578,0.0,0.422,0.0,0.317,0.057,0.548,0.078,0.383,0.07,0.452,0.096,117,1,0,0,1,0,0,23,85,23,82,112,11.73,0.007,302,5.03,19,0,23,30.0,2.4,0.95,2.1,4,45,1.15,0.55,1.9,1.1,0.65,0.55
32cedf94-08e5-4d80-829e-b15adfa93d19,8,5,36.02,2161,SCISSORS,0,0,39,35,48,61,0.602,0.0,0.319,0.079,0.417,0.197,0.259,0.127,0.606,0.081,0.243,0.069,144,1,0,1,0,0,0,16,93,29,92,132,8.62,0.012,336,5.6,24,0,23,30.0,2.4,0.95,2.1,4,45,1.15,0.55,1.9,1.1,0.65,0.55
1c0f9a0b-1daa-4e48-b6ad-f56527ac2b40,7,8,38.33,2300,SCISSORS,0,0,24,32,40,48,0.62,0.0,0.32,0.061,0.439,0.009,0.263,0.289,0.4,0.035,0.248,0.317,120,1,0,1,0,0,0,34,61,35,64,95,6.06,0.016,330,5.5,18,0,23,30.0,2.4,0.95,2.1,4,45,1.15,0.55,1.9,1.1,0.65,0.55
1e91ac8b-3e04-47f0-8143-33f7f9c62884,7,4,38.82,2329,ROCK,21,0,0,29,15,22,0.727,0.0,0.227,0.045,0.356,0.043,0.333,0.268,0.453,0.0,0.242,0.305,66,1,0,0,1,0,0,9,25,13,24,52,6.14,0.01,414,6.9,6,0,23,30.0,2.4,0.95,2.1,4,45,1.15,0.55,1.9,1.1,0.65,0.55
7adb91f4-ff74-4cb0-832a-0d2ff336750c,7,4,35.7,2142,SCISSORS,0,0,21,18,25,32,0.58,0.0,0.329,0.091,0.527,0.0,0.266,0.207,0.471,0.0,0.249,0.28,75,0,0,0,0,0,0,15,39,19,38,56,6.23,0.008,347,5.78,16,0,23,30.0,2.4,0.95,2.1,4,45,1.15,0.55,1.9,1.1,0.65,0.55
bdc6eb15-0448-4aad-b1bb-771eeb67bedf,9,10,98.48,5909,PAPER,0,21,0,75,82,68,0.765,0.008,0.108,0.119,0.353,0.0,0.102,0.545,0.291,0.031,0.162,0.516,225,1,1,0,0,0,0,81,185,106,187,153,5.09,0.007,534,8.9,20,0,23,30.0,2.4,0.95,2.1,4,45,1.15,0.55,1.9,1.1,0.65,0.55
b7b5b73a-c7b3-4842-ae66-621bda6f90f2,17,9,29.17,1750,ROCK,27,0,0,39,21,30,0.646,0.054,0.3,0.0,0.534,0.0,0.337,0.129,0.366,0.117,0.32,0.197,90,1,0,0,1,0,0,22,64,21,64,74,7.61,0.004,220,3.67,10,0,23,30.0,2.4,0.95,2.1,4,45,1.15,0.55,1.9,1.1,0.65,0.55
ee693eec-b193-46fc-af1c-6af3d0fa3580,9,7,36.4,2184,PAPER,0,51,0,82,99,65,0.757,0.0,0.199,0.043,0.545,0.105,0.183,0.167,0.421,0.149,0.243,0.188,246,1,1,0,0,0,0,44,166,53,168,235,11.97,0.007,204,3.4,23,0,23,30.0,2.4,0.95,2.1,4,45,1.15,0.55,1.9,1.1,0.65,0.55
0638b843-8e21-4a07-a587-622b79a2a9fa,7,7,75.27,4516,PAPER,0,27,0,110,119,101,0.742,0.017,0.101,0.141,0.446,0.068,0.093,0.393,0.416,0.157,0.122,0.305,330,1,1,0,0,0,0,84,267,105,267,284,7.41,0.011,181,3.02,17,0,23,30.0,2.4,0.95,2.1,4,45,1.15,0.55,1.9,1.1,0.65,0.55
72a122eb-e2c8-4537-b7c6-921746f15d04,17,7,113.07,6784,ROCK,21,0,0,54,40,47,0.721,0.0,0.07,0.209,0.163,0.013,0.641,0.183,0.251,0.008,0.075,0.666,141,1,0,0,1,0,0,32,84,45,80,108,6.18,0.006,4014,66.9,20,0,23,30.0,2.4,0.95,2.1,4,45,1.15,0.55,1.9,1.1,0.65,0.55
dd21bcb0-ec4a-426a-a7ea-365aeebe578c,20,9,29.62,1777,ROCK,51,0,0,95,61,78,0.708,0.028,0.16,0.104,0.601,0.126,0.258,0.014,0.671,0.07,0.18,0.079,234,1,0,0,1,0,0,56,205,68,202,219,10.02,0.008,227,3.78,25,0,23,30.0,2.4,0.95,2.1,4,45,1.15,0.55,1.9,1.1,0.65,0.55
36c4289a-3b01-473c-9574-b620f0057e80,20,5,39.3,2358,SCISSORS,0,0,60,133,153,173,0.521,0.095,0.286,0.097,0.534,0.108,0.222,0.136,0.456,0.278,0.208,0.059,459,1,0,1,0,0,0,47,326,51,330,432,13.2,0.006,328,5.47,45,0,23,30.0,2.4,0.95,2.1,4,45,1.15,0.55,1.9,1.1,0.65,0.55
024e5ffb-26a3-4b4a-8c68-5447fa00fceb,5,9,20.03,1202,PAPER,0,60,0,82,102,62,0.498,0.0,0.411,0.091,0.477,0.141,0.382,0.0,0.336,0.149,0.502,0.012,246,1,1,0,0,0,0,90,218,97,218,236,12.46,0.007,237,3.95,24,0,23,30.0,2.4,0.95,2.1,4,45,1.15,0.55,1.9,1.1,0.65,0.55
d5c1aefc-6e6e-4610-889d-742e9b455932,9,6,0.33,87,SCISSORS,0,0,27,20,29,38,0.0,0.0,0.4,0.6,0.0,0.2,0.4,0.4,0.6,0.0,0.4,0.0,87,0,0,0,0,0,0,57,63,57,60,68,8.34,0.011,11,0.18,5,0,4,30.0,2.4,0.95,2.1,4,45,1.15,0.55,1.9,1.1,0.65,0.55
311b37e2-99c3-4d51-b777-1cff956105aa,6,5,0.64,220,ROCK,18,0,0,24,12,18,0.818,0.0,0.182,0.0,0.0,0.0,0.182,0.818,0.364,0.0,0.182,0.455,54,1,0,0,1,0,0,21,33,23,33,40,6.15,0.0,28,0.47,11,0,9,30.0,2.4,0.95,2.1,4,45,1.15,0.55,1.9,1.1,0.65,0.55
6cad3084-3cb9-468b-9b50-62fc0a5f3b47,5,4,0.51,196,PAPER,0,15,0,14,19,9,0.2,0.0,0.2,0.6,0.2,0.0,0.1,0.7,0.1,0.0,0.3,0.6,42,1,1,0,0,0,0,22,25,28,27,36,5.62,0.005,24,0.4,6,0,9,30.0,2.4,0.95,2.1,4,45,1.15,0.55,1.9,1.1,0.65,0.55
186601af-a99d-4462-b2b0-7443c92c656d,7,5,0.3,98,ROCK,21,0,0,24,10,17,0.2,0.0,0.2,0.6,0.6,0.0,0.2,0.2,0.4,0.0,0.4,0.2,51,1,0,0,1,0,0,28,32,26,37,37,7.94,0.007,26,0.43,6,0,9,30.0,2.4,0.95,2.1,4,45,1.15,0.55,1.9,1.1,0.65,0.55
ff303768-2720-43ce-aa50-0432030be8f0,7,4,0.79,271,PAPER,0,21,0,23,30,16,0.143,0.0,0.071,0.786,0.357,0.0,0.214,0.429,0.5,0.0,0.429,0.071,69,1,1,0,0,0,0,29,26,32,24,59,7.28,0.005,83,1.38,20,0,12,30.0,2.4,0.95,2.1,4,45,1.15,0.55,1.9,1.1,0.65,0.55
902bcaa9-ccbe-40fa-9903-ebf0484a5433,9,6,0.36,97,PAPER,0,27,0,32,41,23,0.2,0.0,0.4,0.4,0.4,0.0,0.4,0.2,0.0,0.0,1.0,0.0,96,1,1,0,0,0,0,56,65,52,65,78,8.11,0.011,37,0.62,23,0,12,30.0,2.4,0.95,2.1,4,45,1.15,0.55,1.9,1.1,0.65,0.55
5cead0b2-79db-470c-991c-da57d9bd8cee,7,5,0.47,157,SCISSORS,0,0,21,12,19,26,0.25,0.0,0.5,0.25,0.375,0.0,0.25,0.375,0.5,0.0,0.25,0.25,57,1,0,1,0,0,0,15,38,23,39,47,6.61,0.011,33,0.55,11,0,12,30.0,2.4,0.95,2.1,4,45,1.15,0.55,1.9,1.1,0.65,0.55
833a131d-0ccd-4716-b402-406ba064f182,5,6,0.37,148,PAPER,0,15,0,11,16,6,0.5,0.0,0.25,0.25,0.25,0.0,0.125,0.625,0.0,0.0,0.375,0.625,33,0,0,0,0,0,0,17,16,20,20,22,5.15,0.0,32,0.53,11,0,12,30.0,2.4,0.95,2.1,4,45,1.15,0.55,1.9,1.1,0.65,0.55
0477e677-e476-4b80-8e1a-86c886de5d10,5,5,0.17,67,PAPER,0,15,0,9,14,4,0.0,0.0,0.5,0.5,0.5,0.0,0.25,0.25,0.0,0.0,1.0,0.0,27,1,1,0,0,0,0,17,14,19,14,18,5.81,0.0,27,0.45,13,0,12,30.0,2.4,0.95,2.1,4,45,1.15,0.55,1.9,1.1,0.65,0.55
fe21e63a-2b49-455a-8358-1eaae857bc34,9,4,0.98,309,PAPER,0,27,0,36,45,27,0.188,0.0,0.188,0.625,0.5,0.0,0.125,0.375,0.188,0.0,0.375,0.438,108,1,1,0,0,0,0,37,61,35,66,91,8.81,0.001,93,1.55,26,0,12,30.0,2.4,0.95,2.1,4,45,1.15,0.55,1.9,1.1,0.65,0.55
8c035306-792f-4a20-a19f-565a5c7142db,7,5,0.74,248,ROCK,21,0,0,35,21,28,0.231,0.0,0.077,0.692,0.077,0.0,0.462,0.462,0.538,0.0,0.154,0.308,84,1,0,0,1,0,0,30,25,30,29,58,5.69,0.005,60,1.0,19,0,12,30.0,2.4,0.95,2.1,4,45,1.15,0.55,1.9,1.1,0.65,0.55
e8559f79-4ed2-4a5b-9b74-0728629f3279,7,3,0.26,96,SCISSORS,0,0,21,2,9,16,0.0,0.0,0.8,0.2,0.0,0.0,0.4,0.6,0.6,0.0,0.4,0.0,27,1,0,1,0,0,0,8,11,9,10,23,6.81,0.019,60,1.0,11,0,12,30.0,2.4,0.95,2.1,4,45,1.15,0.55,1.9,1.1,0.65,0.55
95de11ac-9d41-4f1e-822d-7c33021b1fbf,8,5,0.61,184,PAPER,0,24,0,35,43,27,0.5,0.0,0.2,0.3,0.6,0.0,0.1,0.3,0.0,0.0,0.5,0.5,105,1,1,0,0,0,0,42,65,50,67,82,7.97,0.004,48,0.8,20,0,12,30.0,2.4,0.95,2.1,4,45,1.15,0.55,1.9,1.1,0.65,0.55
a0fcb898-7c0f-49d5-973f-75b21e3688d7,5,5,0.44,167,PAPER,0,15,0,14,19,9,0.222,0.0,0.111,0.667,0.333,0.0,0.333,0.333,0.222,0.0,0.556,0.222,42,0,0,0,0,0,0,17,9,12,10,32,5.14,0.0,59,0.98,14,0,12,30.0,2.4,0.95,2.1,4,45,1.15,0.55,1.9,1.1,0.65,0.55
5e03e63c-5c90-469d-aac5-0d00d660bb93,8,3,0.61,196,PAPER,0,24,0,28,36,20,0.2,0.0,0.2,0.6,0.3,0.0,0.2,0.5,0.1,0.0,0.6,0.3,84,0,0,0,0,0,0,32,41,28,39,72,7.52,0.012,64,1.07,21,0,12,30.0,2.4,0.95,2.1,4,45,1.15,0.55,1.9,1.1,0.65,0.55
0d038a8e-9c85-43b5-b267-19e0c81dc568,9,6,0.66,200,PAPER,0,27,0,28,37,19,0.3,0.0,0.4,0.3,0.4,0.0,0.2,0.4,0.3,0.0,0.5,0.2,84,1,1,0,0,0,0,40,50,43,52,64,7.24,0.011,72,1.2,25,0,12,30.0,2.4,0.95,2.1,4,45,1.15,0.55,1.9,1.1,0.65,0.55
88c36957-4dbe-40a2-b3ef-a10503250053,6,4,0.21,79,SCISSORS,0,0,18,2,8,14,0.0,0.0,0.75,0.25,0.0,0.0,0.5,0.5,0.5,0.0,0.5,0.0,24,0,0,0,0,0,0,9,15,9,14,18,6.58,0.0,51,0.85,9,0,12,30.0,2.4,0.95,2.1,4,45,1.15,0.55,1.9,1.1,0.65,0.55
fc81c975-e959-4f28-8ae8-ae235d63f48b,7,4,0.3,94,ROCK,21,0,0,24,10,17,0.6,0.0,0.4,0.0,0.0,0.0,0.6,0.4,0.0,0.0,0.2,0.8,51,1,0,0,1,0,0,18,23,14,26,41,7.14,0.023,18,0.3,5,0,12,30.0,2.4,0.95,2.1,4,45,1.15,0.55,1.9,1.1,0.65,0.55
cb501474-7d90-49c7-99a3-49712680841c,8,5,0.15,47,PAPER,0,24,0,12,20,4,0.0,0.0,0.667,0.333,0.333,0.0,0.667,0.0,0.0,0.0,0.667,0.333,36,1,1,0,0,0,0,16,19,18,20,27,8.83,0.028,19,0.32,13,0,12,30.0,2.4,0.95,2.1,4,45,1.15,0.55,1.9,1.1,0.65,0.55
3b8157fb-11ad-458f-ac6e-8d4b91d8451e,8,4,0.34,107,ROCK,24,0,0,29,13,21,0.5,0.0,0.167,0.333,0.333,0.0,0.667,0.0,0.167,0.0,0.333,0.5,63,0,0,0,0,0,0,28,25,28,25,45,7.0,0.021,59,0.98,23,0,12,30.0,2.4,0.95,2.1,4,45,1.15,0.55,1.9,1.1,0.65,0.55
37c1cafd-8621-4740-8ecc-1c36f86307fc,7,3,0.26,85,ROCK,21,0,0,20,6,13,0.6,0.0,0.4,0.0,0.2,0.0,0.6,0.2,0.0,0.0,0.2,0.8,39,1,0,0,1,0,0,6,14,6,15,35,7.59,0.01,17,0.28,11,0,12,30.0,2.4,0.95,2.1,4,45,1.15,0.55,1.9,1.1,0.65,0.55
d3843a64-1c48-4186-b732-d41baa2f4323,9,6,0.65,186,ROCK,27,0,0,40,22,31,0.5,0.0,0.2,0.3,0.1,0.0,0.6,0.3,0.4,0.0,0.2,0.4,93,1,0,0,1,0,0,42,50,41,51,73,8.03,0.014,66,1.1,12,0,12,30.0,2.4,0.95,2.1,4,45,1.15,0.55,1.9,1.1,0.65,0.55
af93c031-ff43-495a-b9ac-1e3a45b6e288,8,6,0.23,68,ROCK,24,0,0,23,7,15,0.75,0.0,0.25,0.0,0.0,0.0,1.0,0.0,0.0,0.0,0.5,0.5,45,1,0,0,1,0,0,11,24,8,25,38,8.44,0.029,40,0.67,13,0,12,30.0,2.4,0.95,2.1,4,45,1.15,0.55,1.9,1.1,0.65,0.55
142fa8c1-2c1a-4069-81f4-1c9dc2c416b7,7,4,0.45,138,PAPER,0,21,0,30,37,23,0.429,0.0,0.286,0.286,0.571,0.0,0.286,0.143,0.0,0.0,0.714,0.286,90,1,1,0,0,0,0,41,43,40,46,76,6.79,0.014,38,0.63,17,0,12,30.0,2.4,0.95,2.1,4,45,1.15,0.55,1.9,1.1,0.65,0.55
ac7d26cf-203c-41c5-8d12-8578e6ac8429,9,3,0.47,141,SCISSORS,0,0,27,21,30,39,0.0,0.0,0.143,0.857,0.143,0.0,0.286,0.571,0.714,0.0,0.286,0.0,90,0,0,0,0,0,0,22,65,26,62,61,7.44,0.003,9,0.15,5,0,12,30.0,2.4,0.95,2.1,4,45,1.15,0.55,1.9,1.1,0.65,0.55
97f76bdb-ad93-4f75-8058-df0caea89968,6,4,0.42,159,SCISSORS,0,0,18,4,10,16,0.0,0.0,0.5,0.5,0.375,0.0,0.25,0.375,0.375,0.0,0.125,0.5,30,1,0,1,0,0,0,15,13,16,13,23,6.5,0.0,67,1.12,14,0,12,30.0,2.4,0.95,2.1,4,45,1.15,0.55,1.9,1.1,0.65,0.55
251833b1-c13c-4cb9-b978-9c94dd3d2f90,5,6,0.33,133,PAPER,0,15,0,11,16,6,0.286,0.0,0.143,0.571,0.429,0.0,0.286,0.286,0.0,0.0,0.571,0.429,33,0,0,0,0,0,0,17,21,16,20,20,5.24,0.018,37,0.62,12,0,12,30.0,2.4,0.95,2.1,4,45,1.15,0.55,1.9,1.1,0.65,0.55
d4bafabd-dfbb-4f80-b5df-91efb305731d,6,4,0.83,290,SCISSORS,0,0,18,15,21,27,0.133,0.0,0.267,0.6,0.4,0.0,0.133,0.467,0.467,0.0,0.067,0.467,63,1,0,1,0,0,0,18,28,15,27,47,5.68,0.009,58,0.97,14,0,12,30.0,2.4,0.95,2.1,4,45,1.15,0.55,1.9,1.1,0.65,0.55
a687b5bc-c3e6-4839-b0a7-7d449077368b,6,3,0.57,194,PAPER,0,18,0,22,28,16,0.1,0.0,0.2,0.7,0.4,0.0,0.2,0.4,0.4,0.0,0.3,0.3,66,1,1,0,0,0,0,18,25,22,27,56,6.14,0.012,50,0.83,16,0,12,30.0,2.4,0.95,2.1,4,45,1.15,0.55,1.9,1.1,0.65,0.55
13f93279-6f95-4554-9d58-eb70b68b7752,8,6,0.62,192,PAPER,0,24,0,22,30,14,0.3,0.0,0.1,0.6,0.3,0.0,0.2,0.5,0.4,0.0,0.5,0.1,66,1,1,0,0,0,0,30,20,25,21,58,7.15,0.001,64,1.07,23,0,12,30.0,2.4,0.95,2.1,4,45,1.15,0.55,1.9,1.1,0.65,0.55
adf93836-3d07-4373-aff2-371dce14a6d7,6,6,0.31,98,PAPER,0,18,0,11,17,5,0.2,0.0,0.4,0.4,0.4,0.0,0.2,0.4,0.0,0.0,0.8,0.2,33,1,1,0,0,0,0,25,17,20,19,28,6.94,0.01,42,0.7,7,0,12,30.0,2.4,0.95,2.1,4,45,1.15,0.55,1.9,1.1,0.65,0.55
3ac4fa96-db70-481d-9fa9-f6a6e80054d7,7,5,0.67,226,SCISSORS,0,0,21,15,22,29,0.333,0.0,0.5,0.167,0.5,0.0,0.0,0.5,0.667,0.0,0.25,0.083,66,1,0,1,0,0,0,38,48,37,47,55,6.89,0.007,74,1.23,18,0,12,30.0,2.4,0.95,2.1,4,45,1.15,0.55,1.9,1.1,0.65,0.55
a378a2cd-7b7e-46cb-859c-651c1cfb7687,7,4,0.54,184,ROCK,21,0,0,24,10,17,0.3,0.0,0.1,0.6,0.2,0.0,0.4,0.4,0.5,0.0,0.1,0.4,51,1,0,0,1,0,0,23,31,22,30,42,6.86,0.011,32,0.53,10,0,12,30.0,2.4,0.95,2.1,4,45,1.15,0.55,1.9,1.1,0.65,0.55
508497c5-fb09-4c10-a3dc-e037748fb192,7,6,0.63,190,SCISSORS,0,0,21,20,27,34,0.4,0.0,0.5,0.1,0.2,0.0,0.1,0.7,0.4,0.0,0.3,0.3,81,1,0,1,0,0,0,36,48,36,52,57,6.3,0.01,66,1.1,18,0,12,30.0,2.4,0.95,2.1,4,45,1.15,0.55,1.9,1.1,0.65,0.55
9d49f8dd-f471-40a3-a362-1fb5d6236f25,5,3,0.55,206,PAPER,0,15,0,10,15,5,0.636,0.0,0.182,0.182,0.182,0.0,0.091,0.727,0.0,0.0,0.273,0.727,30,1,1,0,0,0,0,6,19,10,18,21,4.9,0.0,34,0.57,8,0,12,30.0,2.4,0.95,2.1,4,45,1.15,0.55,1.9,1.1,0.65,0.55
88f4ad66-1dbc-42e3-a8c3-976357bea643,6,5,0.78,288,SCISSORS,0,0,18,17,23,29,0.133,0.0,0.2,0.667,0.4,0.0,0.133,0.467,0.667,0.0,0.133,0.2,69,1,0,1,0,0,0,30,55,35,56,54,6.1,0.019,36,0.6,7,0,12,30.0,2.4,0.95,2.1,4,45,1.15,0.55,1.9,1.1,0.65,0.55
4b8047ce-e266-4230-8ba2-a7e46c6db2ca,8,3,0.21,66,ROCK,24,0,0,24,8,16,0.75,0.0,0.25,0.0,0.0,0.0,1.0,0.0,0.0,0.0,0.25,0.75,48,1,0,0,1,0,0,15,20,15,19,41,7.04,0.011,50,0.83,19,0,16,30.0,2.4,0.95,2.1,4,45,1.15,0.55,1.9,1.1,0.65,0.55
4c4c6dc2-825a-4b76-bc0a-53b52dba2831,5,4,0.19,73,PAPER,0,15,0,10,15,5,0.25,0.0,0.25,0.5,0.25,0.0,0.25,0.5,0.0,0.0,0.75,0.25,30,1,1,0,0,0,0,10,15,12,16,21,5.2,0.013,17,0.28,10,0,16,30.0,2.4,0.95,2.1,4,45,1.15,0.55,1.9,1.1,0.65,0.55
274bdc25-701c-4279-a4cf-417bf2928365,5,5,0.13,52,PAPER,0,15,0,5,10,0,0.0,0.0,0.333,0.667,0.333,0.0,0.667,0.0,0.0,0.0,0.667,0.333,15,1,1,0,0,0,0,5,9,6,9,13,6.47,0.027,20,0.33,6,0,16,30.0,2.4,0.95,2.1,4,45,1.15,0.55,1.9,1.1,0.65,0.55
be39e3c4-131e-4de2-a94d-0afceb30c4c3,7,6,0.74,245,SCISSORS,0,0,21,19,26,33,0.077,0.0,0.615,0.308,0.231,0.0,0.154,0.615,0.769,0.0,0.154,0.077,78,0,0,0,0,0,0,31,29,37,31,61,7.63,0.007,105,1.75,20,0,16,30.0,2.4,0.95,2.1,4,45,1.15,0.55,1.9,1.1,0.65,0.55
2d7240c2-5c09-4af6-a6c6-187a963744c0,8,5,0.22,67,ROCK,24,0,0,24,8,16,0.25,0.0,0.75,0.0,0.25,0.0,0.75,0.0,0.0,0.0,0.5,0.5,48,1,0,0,1,0,0,23,35,20,35,37,6.85,0.003,11,0.18,3,0,16,30.0,2.4,0.95,2.1,4,45,1.15,0.55,1.9,1.1,0.65,0.55
ce5bd3f2-0bd5-4dc1-be8e-0b076088e060,8,4,1.18,354,SCISSORS,0,0,24,33,41,49,0.222,0.056,0.278,0.444,0.611,0.0,0.111,0.278,0.389,0.0,0.111,0.5,123,1,0,1,0,0,0,50,72,48,78,96,7.65,0.009,50,0.83,11,0,16,30.0,2.4,0.95,2.1,4,45,1.15,0.55,1.9,1.1,0.65,0.55
df1b08b9-f72e-420d-b218-bf8eedea4460,6,6,0.58,210,PAPER,0,18,0,19,25,13,0.182,0.0,0.091,0.727,0.182,0.0,0.091,0.727,0.545,0.0,0.364,0.091,57,1,1,0,0,0,0,26,30,27,30,46,6.12,0.005,42,0.7,15,0,16,30.0,2.4,0.95,2.1,4,45,1.15,0.55,1.9,1.1,0.65,0.55
48cff3da-86e8-4589-a64c-60a8e6823bf9,8,5,0.28,91,SCISSORS,0,0,24,9,17,25,0.0,0.0,1.0,0.0,0.0,0.0,0.4,0.6,0.6,0.0,0.2,0.2,51,1,0,1,0,0,0,28,30,26,30,36,6.37,0.015,59,0.98,19,0,16,30.0,2.4,0.95,2.1,4,45,1.15,0.55,1.9,1.1,0.65,0.55
2bfe7abc-463e-44f0-859d-2a2c1e5c8e75,6,6,0.43,160,SCISSORS,0,0,18,12,18,24,0.0,0.0,0.625,0.375,0.375,0.0,0.25,0.375,0.375,0.0,0.125,0.5,54,1,0,1,0,0,0,34,36,34,38,42,5.52,0.006,76,1.27,15,0,16,30.0,2.4,0.95,2.1,4,45,1.15,0.55,1.9,1.1,0.65,0.55
3e411100-bed9-4033-8a73-61be472e6f73,8,5,1.35,418,PAPER,0,24,0,62,70,54,0.19,0.0,0.095,0.714,0.381,0.0,0.048,0.571,0.571,0.0,0.19,0.238,186,1,1,0,0,0,0,96,123,101,117,163,7.75,0.004,38,0.63,16,0,16,30.0,2.4,0.95,2.1,4,45,1.15,0.55,1.9,1.1,0.65,0.55
0711c867-10c7-44d5-96f4-b86da9ec8680,5,6,0.44,168,SCISSORS,0,0,15,4,9,14,0.0,0.0,0.222,0.778,0.667,0.0,0.111,0.222,0.222,0.0,0.222,0.556,27,1,0,1,0,0,0,7,20,10,19,18,4.04,0.008,24,0.4,3,0,16,30.0,2.4,0.95,2.1,4,45,1.15,0.55,1.9,1.1,0.65,0.55
70629f4f-0c94-41be-8844-9f8442f4186a,7,3,0.55,183,PAPER,0,21,0,28,35,21,0.3,0.0,0.2,0.5,0.5,0.0,0.3,0.2,0.0,0.0,0.5,0.5,84,1,1,0,0,0,0,38,49,38,51,80,7.15,0.01,51,0.85,17,0,16,30.0,2.4,0.95,2.1,4,45,1.15,0.55,1.9,1.1,0.65,0.55
734597ab-505f-4e84-a43d-1b84b8c4ee97,5,5,0.98,364,PAPER,0,15,0,29,34,24,0.211,0.0,0.105,0.684,0.158,0.0,0.105,0.737,0.421,0.0,0.158,0.421,87,1,1,0,0,0,0,52,59,45,60,62,5.11,0.0,16,0.27,8,0,16,30.0,2.4,0.95,2.1,4,45,1.15,0.55,1.9,1.1,0.65,0.55
3d00a86a-7fd5-47f1-9bd4-fce189359511,5,5,0.54,219,SCISSORS,0,0,15,6,11,16,0.0,0.0,0.182,0.818,0.455,0.0,0.182,0.364,0.364,0.0,0.182,0.455,33,1,0,1,0,0,0,16,23,17,23,23,5.27,0.006,31,0.52,7,0,16,30.0,2.4,0.95,2.1,4,45,1.15,0.55,1.9,1.1,0.65,0.55
8d1863de-65c4-4dba-a908-b845c89dcfd0,7,4,0.47,28,PAPER,0,21,0,14,21,7,0.0,0.0,1.0,0.0,0.0,0.0,1.0,0.0,0.0,0.0,1.0,0.0,42,1,1,0,0,0,0,8,26,13,25,37,7.26,0.063,4,0.07,4,0,4,30.0,2.4,0.95,2.1,4,45,1.15,0.55,1.9,1.1,0.65,0.55
c6333639-44dd-447a-9902-bd1deb485057,9,4,2.65,159,SCISSORS,0,0,27,37,46,55,0.5,0.0,0.375,0.125,0.5,0.0,0.125,0.375,0.125,0.0,0.625,0.25,138,1,0,1,0,0,0,68,105,70,103,126,8.72,0.002,35,0.58,21,0,11,30.0,2.4,0.95,2.1,4,45,1.15,0.55,1.9,1.1,0.65,0.55
6deda69a-16a1-4b6e-8a9d-0cb438b001b7,8,4,0.5,30,ROCK,24,0,0,16,0,8,0.5,0.0,0.5,0.0,0.0,0.0,1.0,0.0,0.0,0.0,0.5,0.5,24,0,0,0,0,0,0,14,14,12,14,20,8.75,0.02,14,0.23,8,0,11,30.0,2.4,0.95,2.1,4,45,1.15,0.55,1.9,1.1,0.65,0.55
60ea5763-60a3-4d82-ad52-93aba073bb2c,6,4,1.62,97,PAPER,0,18,0,11,17,5,0.6,0.0,0.2,0.2,0.4,0.0,0.2,0.4,0.0,0.0,0.6,0.4,33,1,1,0,0,0,0,12,13,10,14,24,5.79,0.01,29,0.48,5,0,11,30.0,2.4,0.95,2.1,4,45,1.15,0.55,1.9,1.1,0.65,0.55
79c205a2-06e5-4743-9057-ec48a0333cb8,6,4,3.42,205,PAPER,0,18,0,24,30,18,0.091,0.0,0.091,0.818,0.455,0.0,0.182,0.364,0.182,0.0,0.545,0.273,72,1,1,0,0,0,0,27,26,32,24,57,6.35,0.006,53,0.88,14,0,11,30.0,2.4,0.95,2.1,4,45,1.15,0.55,1.9,1.1,0.65,0.55
be0c5459-b821-493a-9160-4e5fbd35460a,6,5,1.95,117,PAPER,0,18,0,13,19,7,0.0,0.0,0.333,0.667,0.667,0.0,0.167,0.167,0.0,0.0,0.833,0.167,39,1,1,0,0,0,0,16,20,16,20,29,6.31,0.004,81,1.35,17,0,11,30.0,2.4,0.95,2.1,4,45,1.15,0.55,1.9,1.1,0.65,0.55
6b83f2a3-5697-4d09-a602-12a4db405c16,5,3,1.82,109,PAPER,0,15,0,10,15,5,0.5,0.0,0.333,0.167,0.333,0.0,0.167,0.5,0.0,0.0,0.333,0.667,30,1,1,0,0,0,0,10,13,11,12,21,5.4,0.005,25,0.42,11,0,11,30.0,2.4,0.95,2.1,4,45,1.15,0.55,1.9,1.1,0.65,0.55
66f5bbfe-4cca-4543-91e9-b72f411371c2,7,6,1.0,60,ROCK,21,0,0,16,2,9,0.333,0.0,0.667,0.0,0.0,0.0,0.667,0.333,0.0,0.0,0.667,0.333,27,1,0,0,1,0,0,11,11,10,11,20,7.15,0.008,36,0.6,9,0,11,30.0,2.4,0.95,2.1,4,45,1.15,0.55,1.9,1.1,0.65,0.55
77ad7df7-08b9-4823-807e-43c0690e2ed2,6,4,0.68,41,ROCK,18,0,0,13,1,7,1.0,0.0,0.0,0.0,0.0,0.0,1.0,0.0,0.0,0.0,0.5,0.5,21,1,0,0,1,0,0,5,8,7,9,17,7.62,0.027,21,0.35,8,0,11,30.0,2.4,0.95,2.1,4,45,1.15,0.55,1.9,1.1,0.65,0.55
0314ab3f-9d87-4ae7-baeb-1a469e140110,8,6,1.87,112,PAPER,0,24,0,23,31,15,0.0,0.0,0.167,0.833,0.333,0.0,0.333,0.333,0.167,0.0,0.667,0.167,69,1,1,0,0,0,0,35,23,33,23,58,8.55,0.0,40,0.67,18,0,11,30.0,2.4,0.95,2.1,4,45,1.15,0.55,1.9,1.1,0.65,0.55
7fe28173-b098-4f53-8b45-99efc59d5ca1,9,6,3.37,202,PAPER,0,27,0,36,45,27,0.273,0.0,0.273,0.455,0.455,0.0,0.182,0.364,0.273,0.0,0.545,0.182,108,1,1,0,0,0,0,54,83,50,84,93,8.38,0.005,58,0.97,19,0,11,30.0,2.4,0.95,2.1,4,45,1.15,0.55,1.9,1.1,0.65,0.55
70b30d31-2a99-4ed4-8891-d1dcca0d5225,5,4,2.1,126,ROCK,15,0,0,14,4,9,0.429,0.0,0.143,0.429,0.0,0.0,0.857,0.143,0.286,0.0,0.286,0.429,27,1,0,0,1,0,0,10,11,13,12,18,4.89,0.015,58,0.97,11,0,11,30.0,2.4,0.95,2.1,4,45,1.15,0.55,1.9,1.1,0.65,0.55
fd316f0a-6030-44ba-ae96-e43f41c2d7eb,6,4,4.0,240,SCISSORS,0,0,18,19,25,31,0.083,0.0,0.167,0.75,0.5,0.0,0.167,0.333,0.5,0.0,0.083,0.417,75,1,0,1,0,0,0,33,51,39,52,63,6.32,0.005,16,0.27,6,0,11,30.0,2.4,0.95,2.1,4,45,1.15,0.55,1.9,1.1,0.65,0.55
bfb66909-9dcd-4a7c-9bfb-885811de08b4,5,5,0.82,49,ROCK,15,0,0,12,2,7,0.333,0.0,0.667,0.0,0.0,0.0,1.0,0.0,0.0,0.0,0.333,0.667,21,0,0,0,0,0,0,2,9,5,9,9,5.05,0.0,9,0.15,3,0,11,30.0,2.4,0.95,2.1,4,45,1.15,0.55,1.9,1.1,0.65,0.55
c51391db-4c2d-4ffe-becb-8fc943f55783,8,4,1.73,104,SCISSORS,0,0,24,11,19,27,0.0,0.0,0.667,0.333,0.167,0.0,0.333,0.5,0.667,0.0,0.333,0.0,57,1,0,1,0,0,0,19,40,21,40,52,7.93,0.0,56,0.93,16,0,11,30.0,2.4,0.95,2.1,4,45,1.15,0.55,1.9,1.1,0.65,0.55
b6facda7-427b-47b4-b43d-1c3eab2b1654,8,5,0.98,59,ROCK,24,0,0,20,4,12,0.333,0.0,0.667,0.0,0.0,0.0,0.667,0.333,0.0,0.0,1.0,0.0,36,1,0,0,1,0,0,12,24,14,27,28,7.53,0.006,15,0.25,7,0,11,30.0,2.4,0.95,2.1,4,45,1.15,0.55,1.9,1.1,0.65,0.55
06db7726-25fc-40b3-a707-0101e52957e0,7,3,1.77,106,PAPER,0,21,0,16,23,9,0.167,0.0,0.167,0.667,0.333,0.0,0.333,0.333,0.333,0.0,0.667,0.0,48,1,1,0,0,0,0,19,28,15,27,42,6.35,0.002,34,0.57,17,0,11,30.0,2.4,0.95,2.1,4,45,1.15,0.55,1.9,1.1,0.65,0.55
6c698acc-ae1d-44ba-bdea-ca0dc7856680,7,4,0.6,36,ROCK,21,0,0,17,3,10,0.5,0.0,0.5,0.0,0.0,0.0,1.0,0.0,0.0,0.0,0.5,0.5,30,0,0,0,0,0,0,24,16,22,15,27,8.07,0.007,16,0.27,11,0,11,30.0,2.4,0.95,2.1,4,45,1.15,0.55,1.9,1.1,0.65,0.55
56a5242a-27ce-4e9d-aa46-1d3edc8aea37,6,6,5.12,307,SCISSORS,0,0,18,23,29,35,0.25,0.0,0.188,0.562,0.312,0.0,0.125,0.562,0.688,0.0,0.125,0.188,87,1,0,1,0,0,0,45,67,46,67,60,5.05,0.002,55,0.92,13,0,11,30.0,2.4,0.95,2.1,4,45,1.15,0.55,1.9,1.1,0.65,0.55
dce6e4dc-dcf2-46af-bb2a-49e7bdc53764,7,3,1.93,116,SCISSORS,0,0,21,9,16,23,0.0,0.0,0.833,0.167,0.0,0.0,0.5,0.5,0.5,0.0,0.167,0.333,48,1,0,1,0,0,0,7,15,11,14,38,8.29,0.01,64,1.07,15,0,11,30.0,2.4,0.95,2.1,4,45,1.15,0.55,1.9,1.1,0.65,0.55
e07973de-a67c-4c4c-9a15-a1c87a91dcf1,5,5,1.78,107,ROCK,15,0,0,14,4,9,0.667,0.0,0.333,0.0,0.0,0.0,0.333,0.667,0.0,0.0,0.167,0.833,27,1,0,0,1,0,0,7,14,11,14,16,4.52,0.0,19,0.32,6,0,11,30.0,2.4,0.95,2.1,4,45,1.15,0.55,1.9,1.1,0.65,0.55
19e2b6ee-0ec0-4cd6-92d5-3f4005721337,8,5,1.8,108,SCISSORS,0,0,24,15,23,31,0.333,0.0,0.667,0.0,0.333,0.0,0.333,0.333,0.333,0.0,0.667,0.0,69,0,0,0,0,0,0,21,47,21,50,60,7.52,0.018,32,0.53,11,0,11,30.0,2.4,0.95,2.1,4,45,1.15,0.55,1.9,1.1,0.65,0.55
284d5363-1ddf-42f3-9950-8969d019527b,7,4,1.9,114,ROCK,21,0,0,26,12,19,0.333,0.0,0.667,0.0,0.0,0.0,0.667,0.333,0.167,0.0,0.167,0.667,57,1,0,0,1,0,0,23,27,22,23,49,6.54,0.034,50,0.83,14,0,11,30.0,2.4,0.95,2.1,4,45,1.15,0.55,1.9,1.1,0.65,0.55
67bffedd-a403-4d41-a6a5-09824e3a6163,7,3,1.5,90,ROCK,21,0,0,28,14,21,0.8,0.0,0.2,0.0,0.0,0.0,0.4,0.6,0.0,0.0,0.4,0.6,63,1,0,0,1,0,0,11,26,11,26,52,6.78,0.01,22,0.37,12,0,11,30.0,2.4,0.95,2.1,4,45,1.15,0.55,1.9,1.1,0.65,0.55
ab9c9947-93e0-4554-98b6-d7313071bb42,5,4,2.02,121,PAPER,0,15,0,12,17,7,0.167,0.0,0.167,0.667,0.167,0.0,0.333,0.5,0.333,0.0,0.5,0.167,36,1,1,0,0,0,0,12,20,13,20,21,5.19,0.004,29,0.48,12,0,11,30.0,2.4,0.95,2.1,4,45,1.15,0.55,1.9,1.1,0.65,0.55
999a585a-e734-49b6-8c9e-3b5368a90cf1,9,5,5.87,352,PAPER,0,27,0,53,62,44,0.278,0.0,0.278,0.444,0.333,0.0,0.111,0.556,0.556,0.0,0.167,0.278,159,1,1,0,0,0,0,74,97,85,98,140,9.72,0.011,28,0.47,18,0,11,30.0,2.4,0.95,2.1,4,45,1.15,0.55,1.9,1.1,0.65,0.55
ce93bb9c-f830-4cc9-96ab-f8fb7e6e5aec,5,6,3.37,202,SCISSORS,0,0,15,9,14,19,0.0,0.0,0.273,0.727,0.545,0.0,0.273,0.182,0.182,0.0,0.364,0.455,42,1,0,1,0,0,0,15,23,17,24,27,5.0,0.0,34,0.57,9,0,11,30.0,2.4,0.95,2.1,4,45,1.15,0.55,1.9,1.1,0.65,0.55
bf600e44-ab26-401d-bbfc-c824fbbe2bbc,6,4,1.15,69,SCISSORS,0,0,18,4,10,16,0.0,0.0,0.75,0.25,0.0,0.0,0.5,0.5,0.75,0.0,0.25,0.0,30,0,0,0,0,0,0,13,13,14,12,23,6.17,0.0,29,0.48,13,0,11,30.0,2.4,0.95,2.1,4,45,1.15,0.55,1.9,1.1,0.65,0.55
a4e4aba5-feb7-48c1-a068-5298b0c67c42,8,3,2.02,121,SCISSORS,0,0,24,21,29,37,0.333,0.0,0.5,0.167,0.0,0.0,0.333,0.667,0.5,0.0,0.5,0.0,87,3,0,3,0,0,0,51,57,53,58,72,8.64,0.037,33,0.55,11,0,11,30.0,2.4,0.95,2.1,4,45,1.15,0.55,1.9,1.1,0.65,0.55
cde0b5af-0ced-400b-9ce1-3bfe27b51b23,5,5,3.2,192,SCISSORS,0,0,15,7,12,17,0.1,0.0,0.4,0.5,0.3,0.0,0.1,0.6,0.3,0.0,0.2,0.5,36,1,0,1,0,0,0,17,13,16,12,27,5.5,0.006,64,1.07,13,0,11,30.0,2.4,0.95,2.1,4,45,1.15,0.55,1.9,1.1,0.65,0.55
298451e3-5368-4363-b36b-2f755aab7f63,5,4,2.12,127,PAPER,0,15,0,10,15,5,0.286,0.0,0.286,0.429,0.429,0.0,0.286,0.286,0.0,0.0,0.571,0.429,30,0,0,0,0,0,0,15,15,10,13,20,5.0,0.0,59,0.98,12,0,11,30.0,2.4,0.95,2.1,4,45,1.15,0.55,1.9,1.1,0.65,0.55
e6d849d0-93e0-4c74-b371-790fa9b907e9,6,6,3.38,203,SCISSORS,0,0,18,14,20,26,0.455,0.0,0.364,0.182,0.364,0.0,0.091,0.545,0.273,0.0,0.182,0.545,60,1,0,1,0,0,0,37,42,37,43,46,6.25,0.013,39,0.65,13,0,11,30.0,2.4,0.95,2.1,4,45,1.15,0.55,1.9,1.1,0.65,0.55
3d187442-b699-433c-a8c3-ef02a7d3c97f,6,4,3.03,182,PAPER,0,18,0,22,28,16,0.1,0.0,0.2,0.7,0.5,0.0,0.2,0.3,0.3,0.0,0.2,0.5,66,1,1,0,0,0,0,50,53,51,53,55,7.06,0.01,14,0.23,6,0,11,30.0,2.4,0.95,2.1,4,45,1.15,0.55,1.9,1.1,0.65,0.55
2bc2143c-4bf5-4010-8411-530dde9cf66c,5,5,2.0,120,PAPER,0,15,0,10,15,5,0.0,0.0,0.333,0.667,0.333,0.0,0.167,0.5,0.167,0.0,0.667,0.167,30,1,1,0,0,0,0,15,15,11,14,22,5.27,0.007,52,0.87,13,0,11,30.0,2.4,0.95,2.1,4,45,1.15,0.55,1.9,1.1,0.65,0.55
66124c48-c328-4436-a327-f6bc75eea48d,7,5,3.45,207,PAPER,0,21,0,19,26,12,0.455,0.0,0.364,0.182,0.182,0.0,0.091,0.727,0.182,0.0,0.364,0.455,57,1,1,0,0,0,0,24,39,24,41,45,7.11,0.005,31,0.52,12,0,11,30.0,2.4,0.95,2.1,4,45,1.15,0.55,1.9,1.1,0.65,0.55
41f0229b-d7a8-4417-be07-ec1f0b4050fd,5,3,3.93,236,SCISSORS,0,0,15,6,11,16,0.0,0.0,0.25,0.75,0.833,0.0,0.0,0.167,0.25,0.0,0.167,0.583,33,1,0,1,0,0,0,6,11,9,10,23,4.76,0.0,48,0.8,11,0,11,30.0,2.4,0.95,2.1,4,45,1.15,0.55,1.9,1.1,0.65,0.55
61dc5bf4-449a-47cf-9076-d3064c418b55,8,6,3.02,181,PAPER,0,24,0,34,42,26,0.667,0.0,0.222,0.111,0.222,0.0,0.222,0.556,0.0,0.0,0.667,0.333,102,1,1,0,0,0,0,59,79,67,79,89,7.59,0.011,29,0.48,9,0,11,30.0,2.4,0.95,2.1,4,45,1.15,0.55,1.9,1.1,0.65,0.55
7e92471e-e699-4b22-84f5-5c6325938b5a,7,4,5.17,310,SCISSORS,0,0,21,20,27,34,0.188,0.0,0.312,0.5,0.5,0.0,0.125,0.375,0.438,0.0,0.062,0.5,81,1,0,1,0,0,0,50,61,50,62,68,7.26,0.013,66,1.1,13,0,11,30.0,2.4,0.95,2.1,4,45,1.15,0.55,1.9,1.1,0.65,0.55
8e857eee-0717-49ad-ab23-3d0b8d0312ce,6,5,1.37,82,ROCK,18,0,0,16,4,10,0.6,0.0,0.4,0.0,0.0,0.0,0.8,0.2,0.0,0.0,0.2,0.8,30,1,0,0,1,0,0,13,21,15,20,17,4.27,0.033,22,0.37,8,0,11,30.0,2.4,0.95,2.1,4,45,1.15,0.55,1.9,1.1,0.65,0.55
67c74bce-1ee5-4d19-8691-311e8efca778,7,5,1.75,105,PAPER,0,21,0,18,25,11,0.167,0.0,0.5,0.333,0.5,0.0,0.333,0.167,0.167,0.0,0.667,0.167,54,1,1,0,0,0,0,30,31,28,31,47,7.13,0.009,33,0.55,19,0,11,30.0,2.4,0.95,2.1,4,45,1.15,0.55,1.9,1.1,0.65,0.55
92b6f89c-2716-4199-89f2-17e066a07cf4,6,4,1.05,63,PAPER,0,18,0,11,17,5,0.0,0.0,0.25,0.75,0.5,0.0,0.5,0.0,0.0,0.0,0.75,0.25,33,0,0,0,0,0,0,10,11,9,12,27,5.61,0.0,35,0.58,12,0,11,30.0,2.4,0.95,2.1,4,45,1.15,0.55,1.9,1.1,0.65,0.55
e0c8d73d-881c-4744-9e29-b345256d3fd5,6,3,0.9,54,SCISSORS,0,0,18,3,9,15,0.0,0.0,1.0,0.0,0.0,0.0,0.333,0.667,0.667,0.0,0.333,0.0,27,1,0,1,0,0,0,4,10,5,10,22,5.96,0.0,34,0.57,11,0,11,30.0,2.4,0.95,2.1,4,45,1.15,0.55,1.9,1.1,0.65,0.55
ac7d1ce2-20a7-4b10-9bea-ff3bdc6aac6b,7,6,2.82,169,PAPER,0,21,0,26,33,19,0.444,0.0,0.333,0.222,0.222,0.0,0.111,0.667,0.333,0.0,0.222,0.444,78,1,1,0,0,0,0,38,42,43,47,65,7.14,0.015,45,0.75,13,0,11,30.0,2.4,0.95,2.1,4,45,1.15,0.55,1.9,1.1,0.65,0.55
d80b4bbd-d3b1-4756-9a15-e8514e79f8cc,5,3,7.52,451,SCISSORS,0,0,15,10,15,20,0.043,0.0,0.261,0.696,0.348,0.0,0.087,0.565,0.522,0.0,0.043,0.435,45,1,0,1,0,0,0,11,14,11,15,30,4.56,0.003,91,1.52,14,0,11,30.0,2.4,0.95,2.1,4,45,1.15,0.55,1.9,1.1,0.65,0.55
44c3da3c-866e-4ff8-a317-629de4ea4f8f,6,6,3.6,216,SCISSORS,0,0,18,17,23,29,0.091,0.0,0.455,0.455,0.273,0.0,0.273,0.455,0.455,0.0,0.182,0.364,69,1,0,1,0,0,0,41,45,38,44,54,5.38,0.004,56,0.93,17,0,11,30.0,2.4,0.95,2.1,4,45,1.15,0.55,1.9,1.1,0.65,0.55
5643f856-5ee6-4218-948f-80b3b85cf72d,7,6,3.55,213,ROCK,21,0,0,45,31,38,0.818,0.0,0.182,0.0,0.273,0.0,0.364,0.364,0.091,0.0,0.091,0.818,114,1,0,0,1,0,0,73,95,71,89,100,6.62,0.021,41,0.68,14,0,12,30.0,2.4,0.95,2.1,4,45,1.15,0.55,1.9,1.1,0.65,0.55
56ea108a-a82f-414a-a152-b9c8e29d52bb,9,3,1.43,86,ROCK,27,0,0,28,10,19,0.6,0.0,0.2,0.2,0.0,0.0,1.0,0.0,0.0,0.0,0.4,0.6,57,0,0,0,0,0,0,27,23,25,23,47,8.72,0.005,46,0.77,23,0,13,30.0,2.4,0.95,2.1,4,45,1.15,0.55,1.9,1.1,0.65,0.55
b8eeb1cd-19ee-458b-b8e5-06fbf38a2c74,7,4,1.22,73,ROCK,21,0,0,23,9,16,0.25,0.0,0.25,0.5,0.0,0.0,0.5,0.5,0.25,0.0,0.5,0.25,48,1,0,0,1,0,0,13,31,12,31,41,7.52,0.013,29,0.48,8,0,13,30.0,2.4,0.95,2.1,4,45,1.15,0.55,1.9,1.1,0.65,0.55
d4d7d019-ab60-4f25-9ef2-9c6331a76a8b,5,5,1.0,60,SCISSORS,0,0,15,2,7,12,0.0,0.0,1.0,0.0,0.0,0.0,0.333,0.667,0.333,0.0,0.667,0.0,21,1,0,1,0,0,0,10,6,10,5,17,6.0,0.0,24,0.4,7,0,13,30.0,2.4,0.95,2.1,4,45,1.15,0.55,1.9,1.1,0.65,0.55
a76a4cd5-4fb4-4ba5-b559-069d09600a90,5,6,2.13,128,PAPER,0,15,0,11,16,6,0.143,0.0,0.286,0.571,0.143,0.0,0.286,0.571,0.143,0.0,0.286,0.571,33,1,1,0,0,0,0,12,16,10,15,27,4.94,0.018,20,0.33,10,0,13,30.0,2.4,0.95,2.1,4,45,1.15,0.55,1.9,1.1,0.65,0.55
90d46595-6f15-433f-84b2-3c952e3f75f3,9,5,14.75,885,PAPER,0,27,0,48,57,39,0.4,0.0,0.044,0.556,0.378,0.089,0.044,0.489,0.578,0.0,0.133,0.289,144,1,1,0,0,0,0,55,86,58,90,126,9.42,0.013,65,1.08,9,0,8,30.0,2.4,0.95,2.1,4,45,1.15,0.55,1.9,1.1,0.65,0.55
fb62ad89-d839-451a-86d4-2f2dbc70555b,5,6,7.35,441,SCISSORS,0,0,15,8,13,18,0.409,0.0,0.318,0.273,0.545,0.0,0.091,0.364,0.273,0.0,0.091,0.636,39,1,0,1,0,0,0,18,28,20,28,29,5.41,0.01,101,1.68,10,0,8,30.0,2.4,0.95,2.1,4,45,1.15,0.55,1.9,1.1,0.65,0.55
c771fef4-4cca-47c0-a417-113ea93f9c15,7,5,17.52,1051,ROCK,21,0,0,38,24,31,0.528,0.0,0.038,0.434,0.377,0.0,0.208,0.415,0.415,0.113,0.057,0.415,93,1,0,0,1,0,0,28,58,33,54,80,6.97,0.012,191,3.18,19,0,9,30.0,2.4,0.95,2.1,4,45,1.15,0.55,1.9,1.1,0.65,0.55
c60c3260-a747-4f79-92bb-a5b7f1a0f3c6,9,3,9.32,559,ROCK,27,0,0,28,10,19,0.393,0.0,0.179,0.429,0.393,0.071,0.429,0.107,0.571,0.0,0.071,0.357,57,1,0,0,1,0,0,12,31,11,30,49,9.02,0.004,199,3.32,23,0,14,30.0,2.4,0.95,2.1,4,45,1.15,0.55,1.9,1.1,0.65,0.55
85056418-d17a-4523-bd0b-b9d8328beca3,5,6,3.73,224,PAPER,0,15,0,7,12,2,0.25,0.0,0.167,0.583,0.5,0.0,0.083,0.417,0.0,0.0,0.583,0.417,21,1,1,0,0,0,0,7,14,8,14,17,6.43,0.019,89,1.48,7,0,14,30.0,2.4,0.95,2.1,4,45,1.15,0.55,1.9,1.1,0.65,0.55
1885ef76-74e8-4b65-bb6a-621bf3fec3a5,5,5,14.4,864,SCISSORS,0,0,15,11,16,21,0.205,0.0,0.318,0.477,0.182,0.0,0.045,0.773,0.636,0.0,0.023,0.341,48,0,0,0,0,0,0,21,24,17,23,34,5.29,0.009,229,3.82,14,0,14,30.0,2.4,0.95,2.1,4,45,1.15,0.55,1.9,1.1,0.65,0.55
a73a4d63-23c2-437e-9737-120dab334902,7,4,10.9,654,PAPER,0,21,0,17,24,10,0.758,0.0,0.061,0.182,0.485,0.0,0.061,0.455,0.424,0.0,0.152,0.424,51,1,1,0,0,0,0,10,36,17,37,48,8.14,0.024,54,0.9,9,0,14,30.0,2.4,0.95,2.1,4,45,1.15,0.55,1.9,1.1,0.65,0.55
015d93fb-8374-49a5-9423-caec6fd59c62,8,6,6.63,398,SCISSORS,0,0,24,9,17,25,0.4,0.05,0.5,0.05,0.45,0.0,0.15,0.4,0.4,0.0,0.15,0.45,51,1,0,1,0,0,0,20,23,20,23,45,8.82,0.017,163,2.72,22,0,14,30.0,2.4,0.95,2.1,4,45,1.15,0.55,1.9,1.1,0.65,0.55
99318068-2c29-4aac-8a26-342ceba20b33,7,3,3.18,191,SCISSORS,0,0,21,3,10,17,0.0,0.0,0.5,0.5,0.5,0.0,0.2,0.3,0.6,0.0,0.1,0.3,30,1,0,1,0,0,0,3,15,4,13,24,6.93,0.01,56,0.93,14,0,14,30.0,2.4,0.95,2.1,4,45,1.15,0.55,1.9,1.1,0.65,0.55
d9aec531-f1ad-445f-9206-1a1b028f4037,9,3,10.83,650,ROCK,27,0,0,28,10,19,0.697,0.0,0.061,0.242,0.394,0.0,0.545,0.061,0.455,0.0,0.061,0.485,57,1,0,0,1,0,0,11,20,14,22,54,10.16,0.006,310,5.17,25,0,14,30.0,2.4,0.95,2.1,4,45,1.15,0.55,1.9,1.1,0.65,0.55
6647307b-2728-4557-b3ba-3ce6ceced666,5,4,11.58,695,PAPER,0,15,0,15,20,10,0.143,0.0,0.057,0.8,0.343,0.0,0.057,0.6,0.629,0.0,0.257,0.114,45,1,1,0,0,0,0,8,24,7,26,34,5.82,0.01,135,2.25,12,0,14,30.0,2.4,0.95,2.1,4,45,1.15,0.55,1.9,1.1,0.65,0.55
5fcec3b1-6082-444f-bb5a-f1de9211bdae,5,6,9.88,593,SCISSORS,0,0,15,6,11,16,0.267,0.0,0.367,0.367,0.333,0.0,0.033,0.633,0.433,0.0,0.067,0.5,33,1,0,1,0,0,0,12,9,12,10,20,4.27,0.0,183,3.05,13,0,14,30.0,2.4,0.95,2.1,4,45,1.15,0.55,1.9,1.1,0.65,0.55
08eaa4ed-7244-40e0-8358-32e828adef35,9,5,9.02,541,PAPER,0,27,0,25,34,16,0.296,0.0,0.074,0.63,0.444,0.0,0.074,0.481,0.593,0.0,0.259,0.148,75,1,1,0,0,0,0,14,50,18,47,60,8.12,0.01,101,1.68,14,0,14,30.0,2.4,0.95,2.1,4,45,1.15,0.55,1.9,1.1,0.65,0.55
3c15486d-dd6d-4842-badd-159485a1ba79,7,4,28.05,1683,SCISSORS,0,0,21,40,47,54,0.424,0.0,0.071,0.506,0.447,0.0,0.012,0.541,0.694,0.0,0.024,0.282,141,1,0,1,0,0,0,23,103,29,107,120,6.97,0.008,63,1.05,12,0,14,30.0,2.4,0.95,2.1,4,45,1.15,0.55,1.9,1.1,0.65,0.55
54792082-9bca-4bed-85c3-2cc2adc9d38c,9,4,11.37,682,SCISSORS,0,0,27,21,30,39,0.486,0.086,0.2,0.229,0.486,0.0,0.057,0.457,0.657,0.0,0.057,0.286,90,1,0,1,0,0,0,13,62,23,62,78,8.88,0.002,97,1.62,22,0,14,30.0,2.4,0.95,2.1,4,45,1.15,0.55,1.9,1.1,0.65,0.55
3f77cb6e-dd17-42d1-9da3-b011d74ecc7d,5,3,7.97,478,ROCK,15,0,0,14,4,9,0.167,0.0,0.042,0.792,0.292,0.0,0.292,0.417,0.833,0.0,0.042,0.125,27,1,0,0,1,0,0,5,11,4,11,19,5.37,0.012,68,1.13,7,0,14,30.0,2.4,0.95,2.1,4,45,1.15,0.55,1.9,1.1,0.65,0.55
8ef19844-ce84-4b7b-aefc-959c76964ae4,8,3,7.57,454,ROCK,24,0,0,24,8,16,0.478,0.0,0.087,0.435,0.087,0.087,0.565,0.261,0.435,0.0,0.087,0.478,48,1,0,0,1,0,0,7,21,7,19,36,8.69,0.007,224,3.73,23,0,14,30.0,2.4,0.95,2.1,4,45,1.15,0.55,1.9,1.1,0.65,0.55
575f07dc-bec1-4304-b8a9-79e5ba351ba2,9,6,3.75,225,PAPER,0,27,0,19,28,10,0.417,0.0,0.167,0.417,0.417,0.0,0.417,0.167,0.333,0.0,0.583,0.083,57,1,1,0,0,0,0,16,33,22,33,51,10.26,0.003,95,1.58,23,0,14,30.0,2.4,0.95,2.1,4,45,1.15,0.55,1.9,1.1,0.65,0.55
73a10dd4-8303-4c29-a46b-d60f02e34008,9,4,4.73,284,SCISSORS,0,0,27,8,17,26,0.467,0.0,0.333,0.2,0.667,0.0,0.133,0.2,0.467,0.0,0.2,0.333,51,1,0,1,0,0,0,8,30,5,31,46,7.33,0.012,59,0.98,9,0,14,30.0,2.4,0.95,2.1,4,45,1.15,0.55,1.9,1.1,0.65,0.55
5619b86a-01c4-4251-b485-d74baad03f1c,5,5,6.67,400,SCISSORS,0,0,15,4,9,14,0.2,0.0,0.15,0.65,0.4,0.0,0.1,0.5,0.65,0.0,0.1,0.25,27,1,0,1,0,0,0,7,20,5,19,16,4.59,0.007,35,0.58,7,0,14,30.0,2.4,0.95,2.1,4,45,1.15,0.55,1.9,1.1,0.65,0.55
ed42aa8a-6d19-4b88-8231-161a76c38b1b,6,3,24.58,1475,ROCK,18,0,0,27,15,21,0.473,0.0,0.027,0.5,0.324,0.0,0.176,0.5,0.568,0.0,0.068,0.365,63,1,0,0,1,0,0,5,24,6,25,49,5.68,0.019,225,3.75,16,0,14,30.0,2.4,0.95,2.1,4,45,1.15,0.55,1.9,1.1,0.65,0.55
95da3582-e6cf-425f-ba83-3015c9939747,6,5,5.72,343,PAPER,0,18,0,13,19,7,0.278,0.0,0.056,0.667,0.5,0.0,0.111,0.389,0.278,0.0,0.556,0.167,39,1,1,0,0,0,0,8,18,11,18,29,6.05,0.004,148,2.47,16,0,14,30.0,2.4,0.95,2.1,4,45,1.15,0.55,1.9,1.1,0.65,0.55
9d5f0c5a-a6cc-4c83-85c8-af8d2d2f5e83,9,3,4.37,262,SCISSORS,0,0,27,8,17,26,0.5,0.0,0.357,0.143,0.643,0.0,0.143,0.214,0.571,0.286,0.143,0.0,51,1,0,1,0,0,0,8,29,11,27,47,11.14,0.009,47,0.78,17,0,14,30.0,2.4,0.95,2.1,4,45,1.15,0.55,1.9,1.1,0.65,0.55
b45cc319-cabd-4cdd-818f-5160aeed02e4,5,4,15.25,915,ROCK,15,0,0,24,14,19,0.413,0.0,0.022,0.565,0.348,0.0,0.261,0.391,0.304,0.0,0.043,0.652,57,1,0,0,1,0,0,17,27,17,25,42,5.25,0.02,210,3.5,12,0,14,30.0,2.4,0.95,2.1,4,45,1.15,0.55,1.9,1.1,0.65,0.55
480ae40f-54dd-4480-9338-68504b295b4d,5,6,3.03,182,SCISSORS,0,0,15,2,7,12,0.0,0.0,0.5,0.5,0.4,0.0,0.2,0.4,0.5,0.0,0.1,0.4,21,1,0,1,0,0,0,6,9,6,9,13,5.1,0.0,72,1.2,8,0,14,30.0,2.4,0.95,2.1,4,45,1.15,0.55,1.9,1.1,0.65,0.55
4d05f2c4-89d7-4749-a2ab-ff15d6f42420,8,4,15.17,910,PAPER,0,24,0,34,42,26,0.478,0.0,0.043,0.478,0.435,0.0,0.043,0.522,0.283,0.087,0.196,0.435,102,1,1,0,0,0,0,29,66,37,65,84,8.25,0.013,140,2.33,23,0,14,30.0,2.4,0.95,2.1,4,45,1.15,0.55,1.9,1.1,0.65,0.55
1f17a630-edca-480a-ac54-e1b870462070,6,5,11.87,712,PAPER,0,18,0,19,25,13,0.389,0.0,0.056,0.556,0.417,0.0,0.028,0.556,0.417,0.0,0.194,0.389,57,1,1,0,0,0,0,10,27,12,25,37,5.91,0.005,107,1.78,12,0,14,30.0,2.4,0.95,2.1,4,45,1.15,0.55,1.9,1.1,0.65,0.55
cd9b6b7e-67d6-42d3-9d9d-2d75b38f1e67,8,6,8.63,518,PAPER,0,24,0,24,32,16,0.308,0.077,0.115,0.5,0.538,0.0,0.077,0.385,0.538,0.0,0.154,0.308,72,1,1,0,0,0,0,26,52,32,51,62,9.15,0.005,43,0.72,8,0,14,30.0,2.4,0.95,2.1,4,45,1.15,0.55,1.9,1.1,0.65,0.55
761f09f5-f60a-4cbd-806d-17ddb137d0ce,7,5,12.17,730,SCISSORS,0,0,21,16,23,30,0.216,0.0,0.189,0.595,0.514,0.081,0.054,0.351,0.622,0.0,0.054,0.324,69,1,0,1,0,0,0,23,32,27,31,58,6.84,0.009,90,1.5,18,0,14,30.0,2.4,0.95,2.1,4,45,1.15,0.55,1.9,1.1,0.65,0.55
495c1b9d-3f20-457e-8be6-f5e5eb0797dc,7,4,6.85,411,SCISSORS,0,0,21,6,13,20,0.571,0.0,0.286,0.143,0.714,0.0,0.095,0.19,0.286,0.0,0.095,0.619,39,1,0,1,0,0,0,10,15,10,18,33,7.56,0.024,86,1.43,14,0,14,30.0,2.4,0.95,2.1,4,45,1.15,0.55,1.9,1.1,0.65,0.55
e067c0cc-be9e-4499-a305-662913f04d84,9,4,13.98,839,SCISSORS,0,0,27,30,39,48,0.333,0.0,0.19,0.476,0.429,0.0,0.048,0.524,0.667,0.0,0.048,0.286,117,1,0,1,0,0,0,22,61,28,60,98,8.76,0.007,74,1.23,17,0,14,30.0,2.4,0.95,2.1,4,45,1.15,0.55,1.9,1.1,0.65,0.55
aae12c30-57f0-44b8-a76d-cd3d5c2b46ca,9,3,7.88,473,ROCK,27,0,0,28,10,19,0.5,0.0,0.167,0.333,0.333,0.167,0.417,0.083,0.625,0.0,0.042,0.333,57,1,0,0,1,0,0,4,16,3,16,50,11.04,0.002,163,2.72,21,0,14,30.0,2.4,0.95,2.1,4,45,1.15,0.55,1.9,1.1,0.65,0.55
2902bf33-41ee-4522-9cbe-12c453b1a746,6,4,10.8,648,SCISSORS,0,0,18,12,18,24,0.818,0.0,0.121,0.061,0.424,0.0,0.03,0.545,0.424,0.0,0.061,0.515,54,1,0,1,0,0,0,14,40,16,38,48,5.65,0.014,48,0.8,12,0,14,30.0,2.4,0.95,2.1,4,45,1.15,0.55,1.9,1.1,0.65,0.55
9b41202c-81c4-4438-b884-f1fe0a34f8d1,5,3,8.33,500,SCISSORS,0,0,15,4,9,14,0.56,0.0,0.32,0.12,0.36,0.0,0.04,0.6,0.24,0.0,0.04,0.72,27,1,0,1,0,0,0,2,13,2,13,23,6.33,0.007,135,2.25,12,0,14,30.0,2.4,0.95,2.1,4,45,1.15,0.55,1.9,1.1,0.65,0.55
404a9df6-a107-4e88-89aa-985d782b6f4f,7,4,9.22,553,PAPER,0,21,0,18,25,11,0.536,0.0,0.071,0.393,0.643,0.0,0.071,0.286,0.321,0.0,0.179,0.5,54,1,1,0,0,0,0,15,43,19,41,49,7.69,0.016,83,1.38,9,0,14,30.0,2.4,0.95,2.1,4,45,1.15,0.55,1.9,1.1,0.65,0.55
6066282a-ea3e-4afc-8420-6ad16aa64372,6,3,17.43,1046,SCISSORS,0,0,18,15,21,27,0.415,0.0,0.245,0.34,0.415,0.0,0.038,0.547,0.604,0.0,0.038,0.358,63,1,0,1,0,0,0,10,31,8,34,49,5.87,0.019,191,3.18,17,0,14,30.0,2.4,0.95,2.1,4,45,1.15,0.55,1.9,1.1,0.65,0.55
9cceefbb-11ff-42d0-88a2-f49adaa1dda7,6,5,5.83,350,SCISSORS,0,0,18,3,9,15,0.111,0.0,0.333,0.556,0.667,0.0,0.111,0.222,0.278,0.0,0.056,0.667,27,1,0,1,0,0,0,5,18,9,14,25,7.63,0.014,70,1.17,7,0,14,30.0,2.4,0.95,2.1,4,45,1.15,0.55,1.9,1.1,0.65,0.55
2f0ac528-3155-48cd-ae3a-646a2bcffcf7,7,5,13.58,815,PAPER,0,21,0,23,30,16,0.39,0.0,0.049,0.561,0.488,0.0,0.049,0.463,0.39,0.0,0.244,0.366,69,1,1,0,0,0,0,20,45,25,48,60,7.75,0.019,105,1.75,14,0,14,30.0,2.4,0.95,2.1,4,45,1.15,0.55,1.9,1.1,0.65,0.55
74477e35-fa84-4d69-9c08-14e21e7489c5,9,3,15.13,908,SCISSORS,0,0,27,26,35,44,0.261,0.087,0.13,0.522,0.63,0.043,0.043,0.283,0.565,0.0,0.022,0.413,105,1,0,1,0,0,0,13,62,12,58,89,9.46,0.016,58,0.97,5,0,14,30.0,2.4,0.95,2.1,4,45,1.15,0.55,1.9,1.1,0.65,0.55
c2183b93-ca7c-42e2-97ae-5d8c065fd8be,6,6,9.22,553,ROCK,18,0,0,21,9,15,0.571,0.0,0.071,0.357,0.214,0.0,0.429,0.357,0.429,0.0,0.071,0.5,45,1,0,0,1,0,0,18,26,18,25,35,5.93,0.002,203,3.38,14,0,14,30.0,2.4,0.95,2.1,4,45,1.15,0.55,1.9,1.1,0.65,0.55
a9127c69-0087-4396-8e27-3815787d93d2,7,4,9.03,542,ROCK,21,0,0,22,8,15,0.5,0.0,0.071,0.429,0.25,0.0,0.5,0.25,0.429,0.0,0.143,0.429,45,1,0,0,1,0,0,14,14,15,14,39,7.71,0.009,222,3.7,20,0,14,30.0,2.4,0.95,2.1,4,45,1.15,0.55,1.9,1.1,0.65,0.55
65dd5790-3877-4f93-960a-85a96ac4dc5e,6,4,8.43,506,SCISSORS,0,0,18,8,14,20,0.423,0.0,0.269,0.308,0.385,0.0,0.115,0.5,0.308,0.0,0.077,0.615,42,1,0,1,0,0,0,11,17,9,18,36,7.02,0.011,116,1.93,15,0,14,30.0,2.4,0.95,2.1,4,45,1.15,0.55,1.9,1.1,0.65,0.55
2188f97b-6ea4-4119-b160-dc92c0a4ec12,6,5,5.35,321,SCISSORS,0,0,18,2,8,14,0.0,0.0,0.438,0.562,0.625,0.0,0.125,0.25,0.688,0.0,0.125,0.188,24,1,0,1,0,0,0,8,14,9,14,19,7.04,0.008,96,1.6,7,0,14,30.0,2.4,0.95,2.1,4,45,1.15,0.55,1.9,1.1,0.65,0.55
4fa1f734-423d-4858-9681-74f83ddd9302,5,5,16.52,991,ROCK,15,0,0,22,12,17,0.68,0.0,0.04,0.28,0.14,0.0,0.32,0.54,0.36,0.0,0.02,0.62,51,0,0,0,0,0,0,13,30,12,29,34,5.0,0.01,306,5.1,14,0,14,30.0,2.4,0.95,2.1,4,45,1.15,0.55,1.9,1.1,0.65,0.55
6fb5fa9f-8d21-4b86-b5c7-7b7d0a0498c5,6,5,8.52,511,SCISSORS,0,0,18,18,24,30,0.346,0.0,0.231,0.423,0.269,0.0,0.077,0.654,0.577,0.0,0.077,0.346,72,1,0,1,0,0,0,24,49,27,49,57,5.88,0.006,71,1.18,15,0,14,30.0,2.4,0.95,2.1,4,45,1.15,0.55,1.9,1.1,0.65,0.55
76711cbe-08db-451a-88e1-2ab425e9136a,6,4,22.83,1370,SCISSORS,0,0,18,24,30,36,0.29,0.0,0.159,0.551,0.478,0.0,0.029,0.493,0.551,0.0,0.029,0.42,90,1,0,1,0,0,0,30,44,29,47,62,5.47,0.002,195,3.25,17,0,14,30.0,2.4,0.95,2.1,4,45,1.15,0.55,1.9,1.1,0.65,0.55
bbef4161-9651-4877-9d74-2faee9c2a6ea,7,3,16.85,1011,ROCK,21,0,0,44,30,37,0.196,0.0,0.039,0.765,0.275,0.0,0.118,0.608,0.765,0.0,0.039,0.196,111,1,0,0,1,0,0,28,57,30,55,90,7.74,0.005,71,1.18,4,0,14,30.0,2.4,0.95,2.1,4,45,1.15,0.55,1.9,1.1,0.65,0.55
e79f4367-057c-4d85-a92e-671ff23827d6,7,6,21.13,1268,ROCK,21,0,0,46,32,39,0.406,0.062,0.031,0.5,0.547,0.0,0.203,0.25,0.469,0.0,0.031,0.5,117,1,0,0,1,0,0,40,74,52,77,88,6.42,0.005,218,3.63,18,0,14,30.0,2.4,0.95,2.1,4,45,1.15,0.55,1.9,1.1,0.65,0.55
3731698d-d36c-4e31-82ec-5da5f3f5b1e0,7,3,6.02,361,SCISSORS,0,0,21,2,9,16,0.5,0.0,0.278,0.222,0.222,0.0,0.111,0.667,0.889,0.0,0.111,0.0,27,0,0,0,0,0,0,6,16,6,16,25,9.26,0.005,71,1.18,10,0,14,30.0,2.4,0.95,2.1,4,45,1.15,0.55,1.9,1.1,0.65,0.55
fdc2b55b-38c2-4dfb-b2ed-72754288e2b6,9,4,4.83,290,SCISSORS,0,0,27,8,17,26,0.333,0.0,0.533,0.133,0.6,0.0,0.133,0.267,0.867,0.0,0.133,0.0,51,1,0,1,0,0,0,13,30,16,30,36,7.53,0.01,75,1.25,6,0,14,30.0,2.4,0.95,2.1,4,45,1.15,0.55,1.9,1.1,0.65,0.55
0644d8c7-5676-4213-97f6-c8a2d947bbdf,7,6,8.65,519,SCISSORS,0,0,21,6,13,20,0.231,0.0,0.5,0.269,0.5,0.0,0.077,0.423,0.423,0.0,0.077,0.5,39,1,0,1,0,0,0,13,14,15,15,34,6.72,0.011,219,3.65,20,0,9,30.0,2.4,0.95,2.1,4,45,1.15,0.55,1.9,1.1,0.65,0.55
1895b3d2-8457-40be-a527-063b967129bd,5,3,8.77,526,SCISSORS,0,0,15,6,11,16,0.407,0.0,0.296,0.296,0.37,0.0,0.037,0.593,0.259,0.0,0.074,0.667,33,1,0,1,0,0,0,3,12,5,13,22,5.55,0.006,111,1.85,6,0,9,30.0,2.4,0.95,2.1,4,45,1.15,0.55,1.9,1.1,0.65,0.55
42a93060-a6d0-45d1-8492-e9cbb4fe6652,9,5,13.07,784,SCISSORS,0,0,27,25,34,43,0.55,0.0,0.15,0.3,0.65,0.0,0.05,0.3,0.5,0.0,0.075,0.425,102,1,0,1,0,0,0,36,80,35,80,95,8.51,0.01,74,1.23,16,0,9,30.0,2.4,0.95,2.1,4,45,1.15,0.55,1.9,1.1,0.65,0.55
3a07d844-660c-446d-9538-257e37a1c696,7,3,6.87,412,SCISSORS,0,0,21,9,16,23,0.524,0.0,0.333,0.143,0.333,0.0,0.048,0.619,0.286,0.0,0.095,0.619,48,1,0,1,0,0,0,2,23,4,22,42,8.25,0.004,102,1.7,13,0,9,30.0,2.4,0.95,2.1,4,45,1.15,0.55,1.9,1.1,0.65,0.55
e5198379-1467-449a-8fe0-37463571f7f7,7,6,5.18,311,SCISSORS,0,0,21,3,10,17,0.125,0.0,0.625,0.25,0.5,0.0,0.125,0.375,0.812,0.0,0.062,0.125,30,1,0,1,0,0,0,9,15,11,16,24,5.9,0.01,126,2.1,14,0,10,30.0,2.4,0.95,2.1,4,45,1.15,0.55,1.9,1.1,0.65,0.55
b3d87765-8500-496c-8a8a-3509ea233dc7,8,3,26.02,1561,SCISSORS,0,0,24,35,43,51,0.577,0.0,0.141,0.282,0.577,0.0,0.026,0.397,0.551,0.0,0.026,0.423,129,1,0,1,0,0,0,18,61,17,62,109,7.84,0.002,161,2.68,17,0,10,30.0,2.4,0.95,2.1,4,45,1.15,0.55,1.9,1.1,0.65,0.55
d88ab8a9-8cac-40ba-919d-5ab31a3d234d,9,3,12.05,723,PAPER,0,27,0,27,36,18,0.297,0.0,0.054,0.649,0.405,0.0,0.108,0.486,0.676,0.0,0.216,0.108,81,0,0,0,0,0,0,12,33,10,34,72,9.38,0.0,113,1.88,23,0,15,30.0,2.4,0.95,2.1,4,45,1.15,0.55,1.9,1.1,0.65,0.55
67740472-327a-424b-b707-e6f6535c57ea,9,4,14.18,851,SCISSORS,0,0,27,25,34,43,0.512,0.0,0.302,0.186,0.465,0.0,0.047,0.488,0.395,0.0,0.07,0.535,102,1,0,1,0,0,0,30,61,42,65,86,9.15,0.002,221,3.68,20,0,15,30.0,2.4,0.95,2.1,4,45,1.15,0.55,1.9,1.1,0.65,0.55
d6ea87e0-2941-4114-851d-b6ae1231345d,9,3,19.53,1172,PAPER,0,27,0,44,53,35,0.525,0.0,0.034,0.441,0.525,0.0,0.034,0.441,0.678,0.051,0.153,0.119,132,1,1,0,0,0,0,22,87,21,87,114,8.46,0.0,122,2.03,23,0,17,30.0,2.4,0.95,2.1,4,45,1.15,0.55,1.9,1.1,0.65,0.55
f84a3621-e824-41eb-b995-f4cacf2edb36,8,4,10.47,628,ROCK,24,0,0,27,11,19,0.438,0.0,0.062,0.5,0.344,0.0,0.219,0.438,0.781,0.0,0.062,0.156,57,1,0,0,1,0,0,11,25,14,24,54,8.63,0.008,103,1.72,12,0,17,30.0,2.4,0.95,2.1,4,45,1.15,0.55,1.9,1.1,0.65,0.55
8daf2cbd-cc5d-42eb-b714-8f1ab1e1a1b7,8,3,5.02,301,ROCK,24,0,0,19,3,11,0.867,0.0,0.133,0.0,0.267,0.0,0.4,0.333,0.6,0.0,0.133,0.267,33,1,0,0,1,0,0,9,21,7,21,27,8.33,0.011,81,1.35,12,0,17,30.0,2.4,0.95,2.1,4,45,1.15,0.55,1.9,1.1,0.65,0.55
a8f9e7a1-d39f-43d6-9e54-8a106ace9cd0,9,4,11.53,692,ROCK,27,0,0,46,28,37,0.543,0.0,0.057,0.4,0.457,0.086,0.314,0.143,0.571,0.057,0.057,0.314,111,1,0,0,1,0,0,30,71,34,75,95,7.56,0.002,132,2.2,16,0,17,30.0,2.4,0.95,2.1,4,45,1.15,0.55,1.9,1.1,0.65,0.55
39639586-4874-44f4-b428-f6d0ab192a53,8,3,21.1,1266,SCISSORS,0,0,24,46,54,62,0.812,0.0,0.078,0.109,0.406,0.0,0.031,0.562,0.719,0.031,0.031,0.219,162,1,0,1,0,0,0,28,74,28,74,136,7.28,0.016,91,1.52,18,0,17,30.0,2.4,0.95,2.1,4,45,1.15,0.55,1.9,1.1,0.65,0.55
5a1f0642-c0e0-4afa-802f-eb8c6e1f63bb,9,4,18.02,1081,PAPER,0,27,0,39,48,30,0.815,0.0,0.074,0.111,0.426,0.074,0.037,0.463,0.741,0.019,0.167,0.074,117,1,1,0,0,0,0,22,79,40,80,100,8.2,0.014,136,2.27,20,0,17,30.0,2.4,0.95,2.1,4,45,1.15,0.55,1.9,1.1,0.65,0.55
a8a03004-33e0-4bde-b613-db8ed76bcc76,6,3,17.05,1023,SCISSORS,0,0,18,16,22,28,0.327,0.0,0.25,0.423,0.288,0.0,0.038,0.673,0.712,0.0,0.038,0.25,66,1,0,1,0,0,0,16,28,23,27,51,5.58,0.009,208,3.47,17,0,17,30.0,2.4,0.95,2.1,4,45,1.15,0.55,1.9,1.1,0.65,0.55
fe823d1f-678f-4147-b92b-56e3efe5d7a9,9,5,11.73,704,PAPER,0,27,0,24,33,15,0.778,0.0,0.056,0.167,0.472,0.0,0.111,0.417,0.222,0.222,0.222,0.333,72,1,1,0,0,0,0,14,54,16,53,65,9.19,0.01,109,1.82,11,0,17,30.0,2.4,0.95,2.1,4,45,1.15,0.55,1.9,1.1,0.65,0.55
0e1825b0-8ac0-4e84-b687-4f6c71a30a92,7,3,2.7,162,SCISSORS,0,0,21,0,7,14,0.0,0.0,0.556,0.444,0.333,0.0,0.222,0.444,0.778,0.0,0.222,0.0,21,1,0,1,0,0,0,6,6,9,6,17,8.81,0.0,77,1.28,9,0,17,30.0,2.4,0.95,2.1,4,45,1.15,0.55,1.9,1.1,0.65,0.55
e58d960e-b3a1-4230-b70d-4a1d0d028c3a,5,6,11.33,680,ROCK,15,0,0,18,8,13,0.265,0.0,0.059,0.676,0.5,0.0,0.265,0.235,0.176,0.0,0.029,0.794,39,1,0,0,1,0,0,22,19,22,18,26,5.23,0.0,140,2.33,13,0,17,30.0,2.4,0.95,2.1,4,45,1.15,0.55,1.9,1.1,0.65,0.55
d7fa7c0d-96e4-424f-8501-2dd3763eda7e,8,6,5.17,310,ROCK,24,0,0,24,8,16,0.312,0.0,0.125,0.562,0.375,0.0,0.375,0.25,0.625,0.0,0.125,0.25,48,1,0,0,1,0,0,16,28,14,29,42,9.21,0.001,85,1.42,13,0,17,30.0,2.4,0.95,2.1,4,45,1.15,0.55,1.9,1.1,0.65,0.55
ec9bcc8a-08ee-4239-984e-10a70b51439d,6,6,6.62,397,SCISSORS,0,0,18,3,9,15,0.1,0.0,0.15,0.75,0.8,0.0,0.1,0.1,0.7,0.0,0.1,0.2,27,1,0,1,0,0,0,10,16,9,17,20,6.81,0.0,47,0.78,8,0,17,30.0,2.4,0.95,2.1,4,45,1.15,0.55,1.9,1.1,0.65,0.55
398456c9-2218-4f76-b22f-c4453cb45735,6,3,6.12,367,SCISSORS,0,0,18,4,10,16,0.158,0.0,0.421,0.421,0.579,0.0,0.105,0.316,0.316,0.0,0.053,0.632,30,1,0,1,0,0,0,4,7,4,6,22,6.83,0.0,122,2.03,15,0,17,30.0,2.4,0.95,2.1,4,45,1.15,0.55,1.9,1.1,0.65,0.55
e56e3749-5d7c-4bbf-a6fe-42b28eac1baa,5,5,12.35,741,ROCK,15,0,0,20,10,15,0.703,0.0,0.054,0.243,0.297,0.0,0.486,0.216,0.216,0.0,0.027,0.757,45,1,0,0,1,0,0,18,23,17,23,26,4.82,0.013,336,5.6,14,0,17,30.0,2.4,0.95,2.1,4,45,1.15,0.55,1.9,1.1,0.65,0.55
96588810-2f01-4875-b9be-af69831cea81,9,5,8.52,511,ROCK,27,0,0,34,16,25,0.692,0.0,0.077,0.231,0.5,0.0,0.462,0.038,0.462,0.0,0.154,0.385,75,1,0,0,1,0,0,35,41,43,42,70,9.37,0.001,196,3.27,25,0,17,30.0,2.4,0.95,2.1,4,45,1.15,0.55,1.9,1.1,0.65,0.55
ab6ec2db-b042-4522-b466-e22a4b32b50a,6,4,2.53,152,SCISSORS,0,0,18,2,8,14,0.25,0.0,0.75,0.0,0.25,0.0,0.25,0.5,0.5,0.0,0.125,0.375,24,0,0,0,0,0,0,4,14,4,13,20,7.42,0.0,77,1.28,10,0,17,30.0,2.4,0.95,2.1,4,45,1.15,0.55,1.9,1.1,0.65,0.55
239b48a7-10ee-4c66-8ee6-8ff12fc0b53d,7,6,8.57,514,ROCK,21,0,0,21,7,14,0.846,0.0,0.154,0.0,0.538,0.0,0.154,0.308,0.385,0.077,0.038,0.5,42,1,0,0,1,0,0,14,28,15,26,38,7.38,0.0,44,0.73,7,0,17,30.0,2.4,0.95,2.1,4,45,1.15,0.55,1.9,1.1,0.65,0.55
e0a2485d-bc2d-4b26-8e87-a2e5b339d1d7,5,6,23.17,1390,SCISSORS,0,0,15,18,23,28,0.329,0.0,0.157,0.514,0.186,0.0,0.014,0.8,0.657,0.0,0.029,0.314,69,1,0,1,0,0,0,23,37,23,39,45,4.72,0.015,185,3.08,14,0,17,30.0,2.4,0.95,2.1,4,45,1.15,0.55,1.9,1.1,0.65,0.55
0a2f1358-cc3e-4c0b-ac35-5ea9fc3c63c0,5,4,4.93,296,SCISSORS,0,0,15,5,10,15,0.333,0.0,0.467,0.2,0.4,0.0,0.067,0.533,0.333,0.0,0.067,0.6,30,1,0,1,0,0,0,5,16,7,16,20,5.2,0.0,96,1.6,13,0,17,30.0,2.4,0.95,2.1,4,45,1.15,0.55,1.9,1.1,0.65,0.55
45e7539b-b290-4da5-8f73-cb5e632f8fc0,7,5,9.15,549,ROCK,21,0,0,22,8,15,0.643,0.0,0.071,0.286,0.143,0.0,0.786,0.071,0.321,0.0,0.071,0.607,45,1,0,0,1,0,0,6,20,9,19,35,8.11,0.003,344,5.73,19,0,17,30.0,2.4,0.95,2.1,4,45,1.15,0.55,1.9,1.1,0.65,0.55
94385cf3-4a57-47b2-b465-a386acadeb0e,6,5,7.53,452,ROCK,18,0,0,17,5,11,0.696,0.0,0.043,0.261,0.087,0.0,0.826,0.087,0.217,0.0,0.087,0.696,33,1,0,0,1,0,0,6,12,8,13,24,6.39,0.01,327,5.45,17,0,17,30.0,2.4,0.95,2.1,4,45,1.15,0.55,1.9,1.1,0.65,0.55
39e3559e-6c71-4494-825e-5da342474ea9,6,4,6.12,367,PAPER,0,18,0,8,14,2,0.474,0.0,0.105,0.421,0.684,0.0,0.158,0.158,0.368,0.0,0.263,0.368,24,1,1,0,0,0,0,8,18,11,18,18,6.92,0.0,52,0.87,5,0,17,30.0,2.4,0.95,2.1,4,45,1.15,0.55,1.9,1.1,0.65,0.55
23e99fcd-1788-4b79-811f-d954cfec76e7,7,3,14.02,841,ROCK,21,0,0,23,9,16,0.262,0.0,0.048,0.69,0.524,0.048,0.262,0.167,0.738,0.0,0.048,0.214,48,1,0,0,1,0,0,10,1,10,2,40,7.85,0.003,191,3.18,18,0,17,30.0,2.4,0.95,2.1,4,45,1.15,0.55,1.9,1.1,0.65,0.55
71d28641-d41f-4fb3-9ac8-c55ab4843b2c,6,4,8.3,498,SCISSORS,0,0,18,6,12,18,0.32,0.0,0.16,0.52,0.72,0.0,0.08,0.2,0.36,0.0,0.08,0.56,36,1,0,1,0,0,0,9,21,10,21,28,5.25,0.0,43,0.72,7,0,17,30.0,2.4,0.95,2.1,4,45,1.15,0.55,1.9,1.1,0.65,0.55
4436ba9c-0afd-406f-85b1-4f1152e554df,5,4,19.53,1172,ROCK,15,0,0,24,14,19,0.508,0.0,0.017,0.475,0.322,0.0,0.085,0.593,0.339,0.0,0.034,0.627,57,1,0,0,1,0,0,25,29,22,32,42,5.49,0.009,77,1.28,7,0,17,30.0,2.4,0.95,2.1,4,45,1.15,0.55,1.9,1.1,0.65,0.55
d91cc4c4-b5d1-40d7-928e-593e03da67f3,9,5,10.22,613,PAPER,0,27,0,31,40,22,0.516,0.0,0.065,0.419,0.645,0.032,0.065,0.258,0.71,0.0,0.29,0.0,93,1,1,0,0,0,0,39,53,37,53,86,8.95,0.006,133,2.22,19,0,17,30.0,2.4,0.95,2.1,4,45,1.15,0.55,1.9,1.1,0.65,0.55
40ff10ec-aa7f-4f4b-9e77-c3a2156b973a,6,3,19.43,1166,PAPER,0,18,0,26,32,20,0.288,0.0,0.068,0.644,0.559,0.0,0.051,0.39,0.542,0.0,0.153,0.305,78,1,1,0,0,0,0,10,41,17,42,61,6.32,0.009,126,2.1,11,0,17,30.0,2.4,0.95,2.1,4,45,1.15,0.55,1.9,1.1,0.65,0.55
c55d4562-e80a-41dd-8769-64e00084cac5,5,6,17.73,1064,PAPER,0,15,0,15,20,10,0.574,0.0,0.019,0.407,0.222,0.0,0.037,0.741,0.241,0.0,0.074,0.685,45,1,1,0,0,0,0,15,26,17,26,28,4.73,0.013,24,0.4,4,0,17,30.0,2.4,0.95,2.1,4,45,1.15,0.55,1.9,1.1,0.65,0.55
fd17dca4-3f36-4fa3-8be7-2f2c13891808,6,5,7.4,444,SCISSORS,0,0,18,6,12,18,0.174,0.0,0.348,0.478,0.609,0.0,0.087,0.304,0.435,0.0,0.087,0.478,36,1,0,1,0,0,0,15,5,13,8,31,8.22,0.0,134,2.23,16,0,17,30.0,2.4,0.95,2.1,4,45,1.15,0.55,1.9,1.1,0.65,0.55
ef2c2951-9fae-43bc-bd98-55b172a072a2,7,4,6.08,365,ROCK,21,0,0,21,7,14,0.579,0.0,0.105,0.316,0.316,0.0,0.579,0.105,0.368,0.0,0.158,0.474,42,1,0,0,1,0,0,17,13,11,11,36,7.38,0.002,180,3.0,18,0,17,30.0,2.4,0.95,2.1,4,45,1.15,0.55,1.9,1.1,0.65,0.55
93565673-a7ae-471c-88d0-4c5593d9d457,7,3,4.0,240,SCISSORS,0,0,21,4,11,18,0.167,0.0,0.333,0.5,0.667,0.0,0.167,0.167,0.25,0.0,0.083,0.667,33,1,0,1,0,0,0,3,17,6,16,28,6.88,0.0,50,0.83,9,0,17,30.0,2.4,0.95,2.1,4,45,1.15,0.55,1.9,1.1,0.65,0.55
a4ddfde6-07a5-4373-8ed3-14e32941d00e,9,3,8.98,539,SCISSORS,0,0,27,17,26,35,0.815,0.0,0.185,0.0,0.444,0.0,0.037,0.519,0.556,0.0,0.074,0.37,78,1,0,1,0,0,0,19,57,19,58,67,9.47,0.006,59,0.98,14,0,17,30.0,2.4,0.95,2.1,4,45,1.15,0.55,1.9,1.1,0.65,0.55
93f13628-81ab-41a9-a307-c5eb38de2a56,8,3,6.45,387,SCISSORS,0,0,24,10,18,26,0.45,0.0,0.4,0.15,0.45,0.0,0.1,0.45,0.4,0.2,0.1,0.3,54,1,0,1,0,0,0,6,31,5,26,47,7.37,0.003,107,1.78,19,0,17,30.0,2.4,0.95,2.1,4,45,1.15,0.55,1.9,1.1,0.65,0.55
78123621-c9bc-4fde-a740-d80a8ff79f23,9,5,7.73,464,PAPER,0,27,0,26,35,17,0.25,0.042,0.125,0.583,0.375,0.0,0.083,0.542,0.667,0.0,0.208,0.125,78,1,1,0,0,0,0,14,54,16,51,65,8.03,0.003,49,0.82,6,0,17,30.0,2.4,0.95,2.1,4,45,1.15,0.55,1.9,1.1,0.65,0.55
81af4f84-ae38-46eb-9d88-905bea922ab9,9,3,9.53,572,SCISSORS,0,0,27,17,26,35,0.621,0.0,0.345,0.034,0.414,0.0,0.0,0.586,0.69,0.0,0.069,0.241,78,1,0,1,0,0,0,12,35,13,35,72,9.15,0.001,167,2.78,26,0,17,30.0,2.4,0.95,2.1,4,45,1.15,0.55,1.9,1.1,0.65,0.55
ef21cc87-2d21-4052-a36c-29d027f55178,7,3,13.45,807,SCISSORS,0,0,21,19,26,33,0.585,0.0,0.244,0.171,0.268,0.0,0.049,0.683,0.756,0.0,0.073,0.171,78,1,0,1,0,0,0,12,38,17,40,65,7.14,0.019,152,2.53,20,0,17,30.0,2.4,0.95,2.1,4,45,1.15,0.55,1.9,1.1,0.65,0.55
e4cfb07f-5a03-4c36-b1d2-6de45130071f,6,5,8.5,510,SCISSORS,0,0,18,8,14,20,0.231,0.0,0.538,0.231,0.385,0.0,0.038,0.577,0.462,0.0,0.077,0.462,42,1,0,1,0,0,0,21,21,17,21,30,5.05,0.009,235,3.92,15,0,17,30.0,2.4,0.95,2.1,4,45,1.15,0.55,1.9,1.1,0.65,0.55
744cae0e-f3cf-4f9f-8c36-b45c405177c8,6,4,13.1,786,SCISSORS,0,0,18,9,15,21,0.325,0.0,0.225,0.45,0.45,0.0,0.025,0.525,0.45,0.0,0.05,0.5,45,1,0,1,0,0,0,8,15,15,13,36,6.56,0.009,136,2.27,10,0,17,30.0,2.4,0.95,2.1,4,45,1.15,0.55,1.9,1.1,0.65,0.55
1923e8b1-2dfa-4cc7-ac0a-90d5c9a713d6,6,5,5.87,352,PAPER,0,18,0,11,17,5,0.389,0.0,0.111,0.5,0.5,0.0,0.111,0.389,0.0,0.0,0.556,0.444,33,1,1,0,0,0,0,12,12,8,12,24,6.18,0.01,177,2.95,16,0,17,30.0,2.4,0.95,2.1,4,45,1.15,0.55,1.9,1.1,0.65,0.55
6822fbd2-fdc2-49d0-8f83-b3a79df74005,7,3,4.25,255,SCISSORS,0,0,21,2,9,16,0.0,0.0,0.231,0.769,0.462,0.0,0.154,0.385,0.769,0.0,0.077,0.154,27,1,0,1,0,0,0,4,16,1,16,21,8.0,0.0,20,0.33,7,0,17,30.0,2.4,0.95,2.1,4,45,1.15,0.55,1.9,1.1,0.65,0.55
fb9d253d-f65f-4d15-b746-10cd112e9b29,5,4,16.2,972,PAPER,0,15,0,15,20,10,0.143,0.0,0.02,0.837,0.51,0.0,0.041,0.449,0.612,0.0,0.143,0.245,45,1,1,0,0,0,0,8,26,11,22,34,5.82,0.003,117,1.95,12,0,17,30.0,2.4,0.95,2.1,4,45,1.15,0.55,1.9,1.1,0.65,0.55
63c282e1-4b98-4f43-bea3-52ad63629c21,6,4,7.23,434,PAPER,0,18,0,10,16,4,0.682,0.0,0.091,0.227,0.773,0.0,0.091,0.136,0.0,0.0,0.136,0.864,30,1,1,0,0,0,0,5,22,7,23,20,5.6,0.005,44,0.73,6,0,17,30.0,2.4,0.95,2.1,4,45,1.15,0.55,1.9,1.1,0.65,0.55
f7d1c539-694d-4aa9-bee6-7400c72146a6,8,5,11.52,691,SCISSORS,0,0,24,17,25,33,0.486,0.0,0.2,0.314,0.514,0.0,0.057,0.429,0.4,0.029,0.057,0.514,75,1,0,1,0,0,0,17,42,22,41,63,7.44,0.016,126,2.1,20,0,8,30.0,2.4,0.95,2.1,4,45,1.15,0.55,1.9,1.1,0.65,0.55
fdda364f-a693-4d09-87ed-d0d665eb035f,8,5,16.35,981,SCISSORS,0,0,24,30,38,46,0.388,0.0,0.163,0.449,0.408,0.0,0.041,0.551,0.551,0.0,0.02,0.429,114,1,0,1,0,0,0,28,53,30,54,97,8.3,0.011,66,1.1,19,0,12,30.0,2.4,0.95,2.1,4,45,1.15,0.55,1.9,1.1,0.65,0.55
e955597a-4cd6-477e-a4e6-76dcfb134d0d,9,6,27.03,1622,SCISSORS,0,0,27,69,78,87,0.427,0.012,0.195,0.366,0.427,0.049,0.024,0.5,0.683,0.012,0.024,0.28,234,1,0,1,0,0,0,105,152,116,147,207,8.05,0.005,197,3.28,26,0,12,30.0,2.4,0.95,2.1,4,45,1.15,0.55,1.9,1.1,0.65,0.55
3675285d-0321-48e9-b817-2eb8a8639e82,9,4,8.22,493,PAPER,0,27,0,22,31,13,0.76,0.0,0.16,0.08,0.48,0.16,0.08,0.28,0.8,0.0,0.16,0.04,66,1,1,0,0,0,0,12,33,8,31,56,8.36,0.006,43,0.72,18,0,14,30.0,2.4,0.95,2.1,4,45,1.15,0.55,1.9,1.1,0.65,0.55
79fca749-c1e5-4139-8dfd-cdf85d5eeda6,5,6,7.95,477,PAPER,0,15,0,12,17,7,0.042,0.0,0.042,0.917,0.667,0.0,0.0,0.333,0.542,0.0,0.25,0.208,36,1,1,0,0,0,0,13,16,8,17,29,6.22,0.0,77,1.28,12,0,14,30.0,2.4,0.95,2.1,4,45,1.15,0.55,1.9,1.1,0.65,0.55
ba1de898-2c32-4e7a-bcbd-923e9937ce48,8,3,6.28,377,PAPER,0,24,0,14,22,6,0.632,0.0,0.105,0.263,0.316,0.0,0.053,0.632,0.316,0.211,0.368,0.105,42,1,1,0,0,0,0,7,13,5,13,38,8.74,0.0,112,1.87,21,0,14,30.0,2.4,0.95,2.1,4,45,1.15,0.55,1.9,1.1,0.65,0.55
51b01865-a37a-4bcc-8e11-7abe78cee2ce,7,5,10.68,641,SCISSORS,0,0,21,18,25,32,0.406,0.0,0.25,0.344,0.344,0.0,0.062,0.594,0.625,0.0,0.125,0.25,75,0,0,0,0,0,0,19,38,29,42,64,8.13,0.001,121,2.02,18,0,15,30.0,2.4,0.95,2.1,4,45,1.15,0.55,1.9,1.1,0.65,0.55
9ab740a8-1444-4bbf-adca-f8a4775a2c00,9,3,7.3,438,PAPER,0,27,0,25,34,16,0.545,0.0,0.091,0.364,0.545,0.091,0.091,0.273,0.409,0.0,0.455,0.136,75,1,1,0,0,0,0,26,33,22,32,70,9.81,0.0,168,2.8,26,0,15,30.0,2.4,0.95,2.1,4,45,1.15,0.55,1.9,1.1,0.65,0.55
0f6f7e63-a5d6-4e59-9340-fa5658802c7d,6,5,5.95,357,SCISSORS,0,0,18,5,11,17,0.278,0.0,0.278,0.444,0.611,0.0,0.056,0.333,0.333,0.0,0.111,0.556,33,1,0,1,0,0,0,14,18,16,18,28,8.12,0.0,72,1.2,12,0,15,30.0,2.4,0.95,2.1,4,45,1.15,0.55,1.9,1.1,0.65,0.55
6e673b8d-5c05-4cc8-9007-e358f8802d36,8,6,7.12,427,ROCK,24,0,0,26,10,18,0.636,0.0,0.091,0.273,0.455,0.0,0.545,0.0,0.545,0.0,0.091,0.364,54,1,0,0,1,0,0,20,30,19,30,46,8.15,0.002,147,2.45,21,0,15,30.0,2.4,0.95,2.1,4,45,1.15,0.55,1.9,1.1,0.65,0.55
62091782-e106-4276-86e7-aa98bfcdcd68,9,3,24.58,1475,ROCK,27,0,0,61,43,52,0.486,0.0,0.027,0.486,0.338,0.095,0.149,0.419,0.622,0.068,0.041,0.27,156,1,0,0,1,0,0,30,91,33,89,137,8.31,0.002,145,2.42,24,0,15,30.0,2.4,0.95,2.1,4,45,1.15,0.55,1.9,1.1,0.65,0.55
1699ba93-06d1-4653-be3a-cdfc196d3811,6,4,18.18,1091,SCISSORS,0,0,18,25,31,37,0.4,0.0,0.164,0.436,0.364,0.0,0.036,0.6,0.545,0.0,0.036,0.418,93,1,0,1,0,0,0,17,29,20,28,74,5.92,0.006,111,1.85,16,0,15,30.0,2.4,0.95,2.1,4,45,1.15,0.55,1.9,1.1,0.65,0.55
faf71840-1c56-4ce6-aa25-dff0c7ae6ab3,5,6,17.47,1048,SCISSORS,0,0,15,16,21,26,0.226,0.0,0.245,0.528,0.491,0.0,0.075,0.434,0.566,0.0,0.038,0.396,63,1,0,1,0,0,0,23,40,29,41,46,5.02,0.004,243,4.05,13,0,15,30.0,2.4,0.95,2.1,4,45,1.15,0.55,1.9,1.1,0.65,0.55
38ac9415-ac17-4a67-b681-40b1a3e3b89a,5,4,14.25,855,ROCK,15,0,0,18,8,13,0.884,0.0,0.047,0.07,0.186,0.0,0.093,0.721,0.07,0.0,0.023,0.907,39,1,0,0,1,0,0,9,25,14,24,24,5.0,0.0,65,1.08,7,0,15,30.0,2.4,0.95,2.1,4,45,1.15,0.55,1.9,1.1,0.65,0.55
38b3b8bf-7fb9-448c-94a9-8382416d4b49,7,5,11.85,711,SCISSORS,0,0,21,17,24,31,0.389,0.0,0.167,0.444,0.389,0.0,0.056,0.556,0.611,0.0,0.056,0.333,72,1,0,1,0,0,0,23,48,24,49,58,6.25,0.011,96,1.6,15,0,15,30.0,2.4,0.95,2.1,4,45,1.15,0.55,1.9,1.1,0.65,0.55
44bd580c-9ea4-40e9-ace7-735d632db2d8,9,6,7.2,432,ROCK,27,0,0,30,12,21,0.545,0.0,0.091,0.364,0.318,0.045,0.545,0.091,0.5,0.0,0.091,0.409,63,1,0,0,1,0,0,21,32,24,32,53,8.1,0.006,177,2.95,25,0,15,30.0,2.4,0.95,2.1,4,45,1.15,0.55,1.9,1.1,0.65,0.55
4f58b61d-396b-4bcf-9025-9f658b7ef627,8,3,23.72,1423,SCISSORS,0,0,24,33,41,49,0.472,0.056,0.139,0.333,0.361,0.0,0.014,0.625,0.472,0.0,0.056,0.472,123,1,0,1,0,0,0,20,50,23,50,103,7.84,0.007,143,2.38,19,0,15,30.0,2.4,0.95,2.1,4,45,1.15,0.55,1.9,1.1,0.65,0.55
d72f6df5-3f72-45f8-87e8-131ff687f416,8,4,19.77,1186,SCISSORS,0,0,24,44,52,60,0.633,0.017,0.167,0.183,0.45,0.0,0.033,0.517,0.483,0.0,0.033,0.483,156,1,0,1,0,0,0,59,91,61,87,137,8.35,0.001,156,2.6,22,0,15,30.0,2.4,0.95,2.1,4,45,1.15,0.55,1.9,1.1,0.65,0.55
d46e5be8-d308-41b9-b160-ccbb95121dfe,11,5,29.37,1762,PAPER,0,39,0,53,66,40,0.535,0.062,0.275,0.127,0.518,0.085,0.255,0.142,0.436,0.034,0.34,0.19,159,1,1,0,0,0,0,19,103,24,104,142,9.03,0.0,322,5.37,21,0,10,30.0,2.4,0.95,2.1,4,45,1.15,0.55,1.9,1.1,0.65,0.55
119c1297-1112-4125-9cc6-5a4a6c69dc97,8,6,57.15,3429,SCISSORS,0,0,33,67,78,89,0.611,0.083,0.203,0.103,0.48,0.09,0.136,0.294,0.643,0.044,0.125,0.188,234,1,0,1,0,0,0,45,151,58,153,204,8.09,0.008,359,5.98,24,0,10,30.0,2.4,0.95,2.1,4,45,1.15,0.55,1.9,1.1,0.65,0.55
c84fe7d9-cacb-4796-95e0-d8807f456962,15,10,49.2,2952,PAPER,0,24,0,48,56,40,0.621,0.0,0.135,0.244,0.521,0.008,0.124,0.347,0.677,0.054,0.19,0.08,144,1,1,0,0,0,0,67,122,70,122,107,6.54,0.011,332,5.53,18,0,10,30.0,2.4,0.95,2.1,4,45,1.15,0.55,1.9,1.1,0.65,0.55
f4f29baa-28f0-466d-9747-4afbac91d3eb,17,7,34.27,2056,SCISSORS,0,0,45,43,58,73,0.543,0.095,0.338,0.024,0.477,0.107,0.251,0.165,0.645,0.0,0.234,0.122,174,1,0,1,0,0,0,41,149,46,146,154,9.83,0.007,311,5.18,19,0,10,30.0,2.4,0.95,2.1,4,45,1.15,0.55,1.9,1.1,0.65,0.55
e6dc3013-fff5-4335-9b7c-681cadfc9246,8,7,24.6,1476,PAPER,0,51,0,51,68,34,0.607,0.0,0.315,0.078,0.444,0.108,0.292,0.156,0.464,0.081,0.393,0.061,153,1,1,0,0,0,0,38,111,37,113,147,12.58,0.0,251,4.18,37,0,13,30.0,2.4,0.95,2.1,4,45,1.15,0.55,1.9,1.1,0.65,0.55
e9ce9d1f-5590-4712-92ba-cbc83be98544,9,6,108.03,6482,PAPER,0,24,0,127,135,119,0.685,0.006,0.069,0.239,0.509,0.015,0.064,0.412,0.423,0.042,0.122,0.414,381,1,1,0,0,0,0,102,261,126,263,293,6.34,0.003,532,8.87,23,0,13,30.0,2.4,0.95,2.1,4,45,1.15,0.55,1.9,1.1,0.65,0.55
969f689c-2889-40ff-b4dc-d8d928b71bd1,7,9,32.62,1957,ROCK,27,0,0,43,25,34,0.429,0.097,0.184,0.291,0.469,0.122,0.349,0.059,0.477,0.0,0.202,0.321,102,1,0,0,1,0,0,35,54,42,56,86,8.38,0.001,497,8.28,25,0,13,30.0,2.4,0.95,2.1,4,45,1.15,0.55,1.9,1.1,0.65,0.55
b9471785-72ce-41b4-9794-3e21cf240e71,17,5,179.82,10789,SCISSORS,0,0,21,142,149,156,0.586,0.014,0.087,0.313,0.464,0.012,0.056,0.468,0.576,0.02,0.052,0.351,447,1,0,1,0,0,0,82,256,99,264,293,4.92,0.013,544,9.07,17,0,13,30.0,2.4,0.95,2.1,4,45,1.15,0.55,1.9,1.1,0.65,0.55
f48af7f6-cba2-401f-8f70-0b1282517310,8,8,29.37,1762,SCISSORS,0,0,51,43,60,77,0.496,0.025,0.467,0.011,0.34,0.082,0.334,0.244,0.569,0.042,0.314,0.074,180,1,0,1,0,0,0,62,137,58,136,170,11.71,0.006,422,7.03,35,0,21,30.0,2.4,0.95,2.1,4,45,1.15,0.55,1.9,1.1,0.65,0.55
9a10ac25-d6a0-44c8-8aab-89e68d270489,14,5,102.63,6158,PAPER,0,24,0,89,97,81,0.666,0.005,0.092,0.237,0.487,0.044,0.086,0.383,0.468,0.037,0.144,0.351,267,1,1,0,0,0,0,64,155,64,155,199,6.0,0.012,468,7.8,15,0,21,30.0,2.4,0.95,2.1,4,45,1.15,0.55,1.9,1.1,0.65,0.55
5af42926-13ca-4d77-8960-176bf304c91c,11,6,122.05,7323,SCISSORS,0,0,42,213,227,241,0.771,0.065,0.145,0.018,0.562,0.163,0.071,0.203,0.466,0.185,0.066,0.283,681,1,0,1,0,0,0,158,382,158,386,615,9.49,0.007,743,12.38,41,0,21,30.0,2.4,0.95,2.1,4,45,1.15,0.55,1.9,1.1,0.65,0.55
e55758da-2d98-4a5d-b850-407591c1c699,7,6,68.17,4090,PAPER,0,33,0,91,102,80,0.685,0.039,0.138,0.138,0.548,0.119,0.13,0.204,0.509,0.147,0.203,0.142,273,1,1,0,0,0,0,76,214,86,217,232,7.39,0.009,480,8.0,28,0,21,30.0,2.4,0.95,2.1,4,45,1.15,0.55,1.9,1.1,0.65,0.55
3b90f7a8-0f5b-401c-9b62-979f96ea77bb,9,5,53.62,3217,PAPER,0,21,0,41,48,34,0.464,0.0,0.175,0.36,0.53,0.02,0.165,0.286,0.537,0.0,0.269,0.194,123,1,1,0,0,0,0,30,67,35,71,94,5.51,0.003,507,8.45,19,0,21,30.0,2.4,0.95,2.1,4,45,1.15,0.55,1.9,1.1,0.65,0.55
483bee68-f046-419e-947c-c4bd74e72ae1,19,8,113.22,6793,SCISSORS,0,0,27,130,139,148,0.584,0.01,0.096,0.31,0.45,0.036,0.079,0.435,0.539,0.137,0.074,0.251,417,1,0,1,0,0,0,134,292,143,290,332,6.99,0.01,268,4.47,19,0,21,30.0,2.4,0.95,2.1,4,45,1.15,0.55,1.9,1.1,0.65,0.55
058f72a6-286e-4b06-b655-1a83b571b323,12,4,44.8,2688,ROCK,57,0,0,151,113,132,0.626,0.099,0.178,0.097,0.39,0.11,0.284,0.216,0.537,0.08,0.191,0.191,396,1,0,0,1,0,0,57,261,67,256,380,12.53,0.005,423,7.05,53,0,27,30.0,2.4,0.95,2.1,4,45,1.15,0.55,1.9,1.1,0.65,0.55
8caaf4f6-e49d-45c3-80ba-0806de861661,9,6,39.12,2347,PAPER,0,36,0,44,56,32,0.485,0.047,0.223,0.245,0.366,0.111,0.209,0.315,0.626,0.06,0.3,0.015,132,0,0,0,0,0,0,33,67,41,63,116,8.17,0.014,362,6.03,25,0,27,30.0,2.4,0.95,2.1,4,45,1.15,0.55,1.9,1.1,0.65,0.55
94ce7afa-09cd-4972-abb1-bb8064c658cb,16,10,136.43,8186,ROCK,27,0,0,196,178,187,0.741,0.016,0.054,0.188,0.65,0.037,0.089,0.224,0.643,0.06,0.059,0.238,561,1,0,0,1,0,0,211,507,266,509,452,6.27,0.015,461,7.68,17,0,27,30.0,2.4,0.95,2.1,4,45,1.15,0.55,1.9,1.1,0.65,0.55
1bec123b-992d-4619-9c51-18c0add90871,8,8,39.57,2374,PAPER,0,48,0,80,96,64,0.539,0.063,0.227,0.171,0.463,0.095,0.213,0.229,0.52,0.137,0.295,0.048,240,1,1,0,0,0,0,56,171,61,169,217,9.69,0.004,339,5.65,41,0,27,30.0,2.4,0.95,2.1,4,45,1.15,0.55,1.9,1.1,0.65,0.55
af1bd286-48ca-41e4-bd1c-872487b8b0e8,15,4,66.25,3975,PAPER,0,24,0,58,66,50,0.533,0.006,0.143,0.317,0.562,0.018,0.153,0.267,0.517,0.0,0.209,0.274,174,1,1,0,0,0,0,22,90,28,86,129,6.14,0.011,470,7.83,22,0,27,30.0,2.4,0.95,2.1,4,45,1.15,0.55,1.9,1.1,0.65,0.55
33f74ffa-c5f6-434d-8637-f66aca22bafb,17,10,34.7,2082,ROCK,45,0,0,76,46,61,0.724,0.022,0.187,0.067,0.523,0.05,0.257,0.17,0.664,0.079,0.204,0.053,183,1,0,0,1,0,0,40,150,47,151,171,10.44,0.008,277,4.62,9,0,27,30.0,2.4,0.95,2.1,4,45,1.15,0.55,1.9,1.1,0.65,0.55
26199e45-e57b-45a2-8785-77b9e20e8287,9,9,45.07,2704,SCISSORS,0,0,51,99,116,133,0.477,0.139,0.237,0.148,0.564,0.139,0.205,0.092,0.59,0.089,0.192,0.129,348,1,0,1,0,0,0,114,261,126,262,329,12.09,0.007,229,3.82,14,0,27,30.0,2.4,0.95,2.1,4,45,1.15,0.55,1.9,1.1,0.65,0.55
ecb87391-d563-495b-90db-76dc1885f5a0,7,8,68.17,4090,SCISSORS,0,0,27,70,79,88,0.438,0.007,0.203,0.352,0.533,0.031,0.15,0.286,0.548,0.015,0.142,0.296,237,1,0,1,0,0,0,57,182,58,177,200,7.77,0.009,430,7.17,18,0,27,30.0,2.4,0.95,2.1,4,45,1.15,0.55,1.9,1.1,0.65,0.55
eb03fd15-0525-4e27-bbd5-11a9491ffda6,15,10,25.4,1524,PAPER,0,21,0,18,25,11,0.367,0.01,0.37,0.252,0.525,0.0,0.348,0.128,0.459,0.0,0.413,0.128,54,1,1,0,0,0,0,26,42,22,43,38,5.56,0.015,254,4.23,5,0,27,30.0,2.4,0.95,2.1,4,45,1.15,0.55,1.9,1.1,0.65,0.55
a01541ea-4a38-4c25-886d-5a190f0c1d84,20,8,17.68,1061,SCISSORS,0,0,45,1,16,31,0.302,0.038,0.561,0.099,0.434,0.005,0.439,0.123,0.594,0.0,0.406,0.0,48,1,0,1,0,0,0,10,31,10,31,47,10.65,0.0,256,4.27,11,0,27,30.0,2.4,0.95,2.1,4,45,1.15,0.55,1.9,1.1,0.65,0.55
755e4451-8de4-47e7-97a2-aa27637d459d,11,5,62.43,3746,SCISSORS,0,0,60,189,209,229,0.594,0.029,0.191,0.186,0.541,0.112,0.121,0.226,0.668,0.203,0.112,0.017,627,1,0,1,0,0,0,83,445,96,448,603,13.93,0.005,351,5.85,31,0,27,30.0,2.4,0.95,2.1,4,45,1.15,0.55,1.9,1.1,0.65,0.55
0462653e-30a8-4323-bcaa-a99fa76612bb,19,4,74.53,4472,ROCK,33,0,0,97,75,86,0.663,0.03,0.096,0.211,0.411,0.083,0.14,0.366,0.793,0.067,0.104,0.036,258,1,0,0,1,0,0,42,182,41,180,220,7.84,0.014,297,4.95,21,0,27,30.0,2.4,0.95,2.1,4,45,1.15,0.55,1.9,1.1,0.65,0.55
b93dd2f9-91ed-4f61-b597-bc45db118908,14,7,65.08,3905,SCISSORS,0,0,57,153,172,191,0.616,0.092,0.223,0.069,0.524,0.049,0.133,0.294,0.458,0.207,0.124,0.21,516,1,0,1,0,0,0,156,403,162,402,481,12.52,0.007,515,8.58,52,0,27,30.0,2.4,0.95,2.1,4,45,1.15,0.55,1.9,1.1,0.65,0.55
9e987856-b3c8-4ea5-829b-c019ca0d8564,11,4,97.62,5857,SCISSORS,0,0,42,160,174,188,0.806,0.046,0.1,0.048,0.626,0.185,0.08,0.108,0.753,0.104,0.074,0.068,522,1,0,1,0,0,0,64,381,87,378,481,9.72,0.011,202,3.37,16,0,27,30.0,2.4,0.95,2.1,4,45,1.15,0.55,1.9,1.1,0.65,0.55
2bc397aa-786c-4a78-8b9a-e01fe767abfb,5,6,45.8,2748,ROCK,33,0,0,75,53,64,0.789,0.075,0.136,0.0,0.544,0.013,0.235,0.209,0.442,0.075,0.149,0.335,192,1,0,0,1,0,0,60,165,66,164,170,8.47,0.017,408,6.8,17,0,27,30.0,2.4,0.95,2.1,4,45,1.15,0.55,1.9,1.1,0.65,0.55
ab754ebc-9a33-4a57-8c76-095628fe7faf,8,8,23.4,1404,SCISSORS,0,0,15,9,14,19,0.409,0.0,0.416,0.174,0.402,0.0,0.345,0.253,0.356,0.0,0.32,0.324,42,1,0,1,0,0,0,14,27,15,25,28,5.0,0.012,304,5.07,9,0,27,30.0,2.4,0.95,2.1,4,45,1.15,0.55,1.9,1.1,0.65,0.55
7282b482-cc0e-4317-bb36-18b95b2fc1b8,10,8,37.47,2248,SCISSORS,0,0,24,28,36,44,0.496,0.0,0.287,0.218,0.436,0.0,0.24,0.324,0.556,0.038,0.224,0.182,108,1,0,1,0,0,0,25,71,31,74,92,7.79,0.009,253,4.22,17,0,27,30.0,2.4,0.95,2.1,4,45,1.15,0.55,1.9,1.1,0.65,0.55
95fc6f17-75a3-46f7-b68e-ff3d2cfadd72,5,9,27.3,1638,SCISSORS,0,0,30,19,29,39,0.39,0.058,0.335,0.216,0.488,0.034,0.308,0.171,0.466,0.046,0.287,0.201,87,1,0,1,0,0,0,33,61,29,61,71,7.69,0.01,238,3.97,8,0,27,30.0,2.4,0.95,2.1,4,45,1.15,0.55,1.9,1.1,0.65,0.55
1d478e4b-06df-482f-afc0-e940f64834eb,15,8,22.92,1375,ROCK,15,0,0,13,3,8,0.396,0.0,0.382,0.222,0.207,0.0,0.607,0.185,0.393,0.0,0.407,0.2,24,1,0,0,1,0,0,11,8,11,6,12,4.21,0.017,495,8.25,13,0,27,30.0,2.4,0.95,2.1,4,45,1.15,0.55,1.9,1.1,0.65,0.55
6a09749c-1d6d-4ca2-a005-668d3a01544c,17,4,24.78,1487,ROCK,45,0,0,45,15,30,0.604,0.034,0.255,0.107,0.339,0.04,0.523,0.097,0.477,0.0,0.279,0.245,90,1,0,0,1,0,0,18,35,16,32,87,10.64,0.01,517,8.62,30,0,27,30.0,2.4,0.95,2.1,4,45,1.15,0.55,1.9,1.1,0.65,0.55
920dbcb8-55e7-40ed-9849-d44f35264ce3,17,4,33.1,1986,PAPER,0,51,0,57,74,40,0.463,0.068,0.224,0.244,0.521,0.076,0.207,0.196,0.602,0.038,0.353,0.008,171,0,0,0,0,0,0,20,102,25,97,162,10.95,0.009,426,7.1,38,0,27,30.0,2.4,0.95,2.1,4,45,1.15,0.55,1.9,1.1,0.65,0.55
0a5881b1-58d3-4265-a94f-d8cefc3fa5ed,16,10,22.35,1341,SCISSORS,0,0,51,37,54,71,0.44,0.026,0.425,0.108,0.511,0.063,0.336,0.09,0.5,0.011,0.31,0.179,162,1,0,1,0,0,0,51,120,53,123,153,12.48,0.007,251,4.18,28,0,27,30.0,2.4,0.95,2.1,4,45,1.15,0.55,1.9,1.1,0.65,0.55
6ab30cda-44c0-4d39-957e-c601c08e9712,10,7,64.93,3896,PAPER,0,48,0,151,167,135,0.761,0.083,0.107,0.049,0.565,0.248,0.098,0.09,0.475,0.213,0.155,0.157,453,1,1,0,0,0,0,101,378,111,377,421,10.51,0.01,286,4.77,30,0,27,30.0,2.4,0.95,2.1,4,45,1.15,0.55,1.9,1.1,0.65,0.55
3e4f5f02-4f0a-4d97-919a-41318f91a412,11,6,118.08,7085,PAPER,0,30,0,172,182,162,0.625,0.076,0.058,0.241,0.523,0.076,0.053,0.348,0.711,0.068,0.085,0.135,516,1,1,0,0,0,0,146,332,158,333,446,8.01,0.013,330,5.5,23,0,27,30.0,2.4,0.95,2.1,4,45,1.15,0.55,1.9,1.1,0.65,0.55
84510f28-c8fe-4b93-8d7a-01b1d69e80e6,14,5,27.25,1635,SCISSORS,0,0,33,33,44,55,0.56,0.0,0.41,0.031,0.511,0.08,0.315,0.095,0.471,0.064,0.294,0.171,132,1,0,1,0,0,0,22,71,29,69,116,10.01,0.005,365,6.08,24,0,27,30.0,2.4,0.95,2.1,4,45,1.15,0.55,1.9,1.1,0.65,0.55
53f4308b-8da2-4416-86d3-30a4dc2869a6,13,10,100.63,6038,SCISSORS,0,0,42,205,219,233,0.803,0.056,0.121,0.02,0.654,0.136,0.088,0.123,0.721,0.156,0.082,0.041,657,1,0,1,0,0,0,231,608,266,606,599,9.0,0.012,328,5.47,23,0,27,30.0,2.4,0.95,2.1,4,45,1.15,0.55,1.9,1.1,0.65,0.55
3fb771e8-ab2d-47a1-80ad-b832aea7c370,8,6,47.43,2846,ROCK,39,0,0,150,124,137,0.641,0.056,0.146,0.156,0.624,0.028,0.232,0.116,0.633,0.062,0.158,0.148,411,1,0,0,1,0,0,146,324,159,320,397,10.34,0.002,406,6.77,34,0,27,30.0,2.4,0.95,2.1,4,45,1.15,0.55,1.9,1.1,0.65,0.55
ff841b77-4c8e-4427-a38b-5b23c4a938b6,7,7,30.95,1857,SCISSORS,0,0,24,18,26,34,0.535,0.0,0.438,0.027,0.446,0.0,0.285,0.269,0.618,0.0,0.266,0.116,78,1,0,1,0,0,0,20,39,25,40,61,5.85,0.008,477,7.95,17,0,27,30.0,2.4,0.95,2.1,4,45,1.15,0.55,1.9,1.1,0.65,0.55
c399d6dd-e33e-4198-a16c-ee968ee391bf,11,9,37.88,2273,PAPER,0,21,0,24,31,17,0.343,0.0,0.244,0.413,0.431,0.0,0.248,0.321,0.514,0.009,0.398,0.079,72,1,1,0,0,0,0,20,33,28,39,49,5.51,0.002,513,8.55,20,0,27,30.0,2.4,0.95,2.1,4,45,1.15,0.55,1.9,1.1,0.65,0.55
32259d2a-cb17-4708-ac0f-ea9671593f07,5,7,134.15,8049,SCISSORS,0,0,33,287,298,309,0.498,0.057,0.119,0.327,0.636,0.134,0.066,0.164,0.711,0.101,0.062,0.126,894,1,0,1,0,0,0,324,735,367,737,808,8.93,0.003,619,10.32,31,0,27,30.0,2.4,0.95,2.1,4,45,1.15,0.55,1.9,1.1,0.65,0.55
5c8ab99b-8124-4593-9ffe-7a8633d4f7b5,5,10,57.98,3479,SCISSORS,0,0,15,24,29,34,0.205,0.0,0.26,0.534,0.609,0.0,0.158,0.233,0.361,0.0,0.148,0.491,87,1,0,1,0,0,0,24,56,32,55,41,3.95,0.001,504,8.4,13,0,27,30.0,2.4,0.95,2.1,4,45,1.15,0.55,1.9,1.1,0.65,0.55
1df6fa14-08b0-4ba4-a9fc-618d53c930ca,17,4,27.63,1658,SCISSORS,0,0,15,7,12,17,0.211,0.0,0.401,0.389,0.599,0.0,0.274,0.127,0.569,0.0,0.253,0.178,36,1,0,1,0,0,0,8,5,6,5,29,5.33,0.0,428,7.13,12,0,27,30.0,2.4,0.95,2.1,4,45,1.15,0.55,1.9,1.1,0.65,0.55
730d9305-6b8a-4861-a953-2d3a1d6fa9fa,18,6,30.68,1841,PAPER,0,51,0,58,75,41,0.511,0.062,0.283,0.144,0.543,0.125,0.264,0.068,0.359,0.065,0.427,0.149,174,1,1,0,0,0,0,37,113,46,112,164,12.1,0.001,436,7.27,44,0,27,30.0,2.4,0.95,2.1,4,45,1.15,0.55,1.9,1.1,0.65,0.55
299dd522-2fc7-4669-a9d5-1855cd7142e2,8,9,28.62,1717,SCISSORS,0,0,54,51,69,87,0.529,0.026,0.427,0.017,0.573,0.0,0.265,0.163,0.573,0.064,0.244,0.119,207,1,0,1,0,0,0,64,128,62,129,202,12.02,0.004,447,7.45,52,0,27,30.0,2.4,0.95,2.1,4,45,1.15,0.55,1.9,1.1,0.65,0.55
d9f48f3c-a04d-4ff7-953a-265fa702f407,5,5,66.18,3971,PAPER,0,24,0,76,84,68,0.635,0.069,0.14,0.156,0.631,0.0,0.131,0.238,0.486,0.0,0.203,0.311,228,1,1,0,0,0,0,35,133,38,134,180,6.4,0.009,476,7.93,22,0,27,30.0,2.4,0.95,2.1,4,45,1.15,0.55,1.9,1.1,0.65,0.55
1f718610-d8a9-444d-b4c5-5ae354b312f8,20,4,25.58,1535,SCISSORS,0,0,15,4,9,14,0.423,0.0,0.414,0.163,0.492,0.0,0.332,0.176,0.368,0.0,0.309,0.322,27,1,0,1,0,0,0,2,11,4,11,17,4.74,0.0,310,5.17,9,0,27,30.0,2.4,0.95,2.1,4,45,1.15,0.55,1.9,1.1,0.65,0.55
0f45b1de-0d02-451b-8bbf-858c4215a919,5,9,31.68,1901,PAPER,0,60,0,89,109,69,0.547,0.034,0.261,0.158,0.492,0.187,0.242,0.079,0.432,0.137,0.418,0.013,267,1,1,0,0,0,0,83,193,102,191,262,12.45,0.001,456,7.6,56,0,27,30.0,2.4,0.95,2.1,4,45,1.15,0.55,1.9,1.1,0.65,0.55
82ff917e-67c9-4c8a-96d5-dfa8c48a3a4b,12,8,62.85,3771,SCISSORS,0,0,15,36,41,46,0.247,0.0,0.243,0.511,0.411,0.0,0.163,0.426,0.459,0.0,0.154,0.387,123,1,0,1,0,0,0,41,78,43,81,74,4.69,0.002,516,8.6,14,0,27,30.0,2.4,0.95,2.1,4,45,1.15,0.55,1.9,1.1,0.65,0.55
27582b88-79c5-45c3-9193-6fcab7f78ecd,12,5,148.07,8884,SCISSORS,0,0,36,338,350,362,0.661,0.108,0.075,0.156,0.74,0.104,0.059,0.097,0.639,0.115,0.055,0.19,1050,1,0,1,0,0,0,177,605,203,609,979,9.81,0.005,289,4.82,25,0,27,30.0,2.4,0.95,2.1,4,45,1.15,0.55,1.9,1.1,0.65,0.55
c056b685-03b5-41b8-b55d-593559658eac,13,5,86.13,5168,ROCK,36,0,0,198,174,186,0.591,0.076,0.109,0.223,0.658,0.06,0.185,0.098,0.611,0.064,0.116,0.209,558,1,0,0,1,0,0,138,297,151,295,513,10.11,0.003,563,9.38,33,0,27,30.0,2.4,0.95,2.1,4,45,1.15,0.55,1.9,1.1,0.65,0.55
20d30654-9e74-4fb2-9238-c521363a5776,7,10,462.93,27776,ROCK,39,0,0,1299,1273,1286,0.672,0.111,0.02,0.197,0.563,0.18,0.025,0.232,0.74,0.122,0.021,0.117,3858,1,0,0,1,0,0,2210,3487,2344,3495,3535,9.68,0.003,296,4.93,12,0,27,30.0,2.4,0.95,2.1,4,45,1.15,0.55,1.9,1.1,0.65,0.55
f6b5f225-5af7-455a-9dff-492de5c82e7b,15,7,46.93,2816,PAPER,0,21,0,32,39,25,0.409,0.0,0.215,0.377,0.488,0.0,0.202,0.309,0.544,0.0,0.327,0.13,96,1,1,0,0,0,0,21,59,24,55,65,5.31,0.012,531,8.85,19,0,27,30.0,2.4,0.95,2.1,4,45,1.15,0.55,1.9,1.1,0.65,0.55
cc874f71-61bd-4c1a-9ca4-79121109b095,12,8,29.7,1782,PAPER,0,45,0,44,59,29,0.429,0.036,0.297,0.238,0.468,0.09,0.277,0.165,0.569,0.02,0.406,0.006,132,1,1,0,0,0,0,23,88,25,89,122,11.42,0.0,362,6.03,27,0,27,30.0,2.4,0.95,2.1,4,45,1.15,0.55,1.9,1.1,0.65,0.55
cae780b4-9c19-4064-a83f-7b1ba6a38c4e,13,4,41.77,2506,SCISSORS,0,0,36,38,50,62,0.591,0.034,0.349,0.026,0.593,0.058,0.18,0.17,0.499,0.18,0.166,0.156,150,1,0,1,0,0,0,34,80,42,83,139,8.98,0.001,641,10.68,34,0,27,30.0,2.4,0.95,2.1,4,45,1.15,0.55,1.9,1.1,0.65,0.55
5cf674cf-31a5-4256-8696-d126cfa15aa7,6,7,103.07,6184,ROCK,39,0,0,206,180,193,0.651,0.104,0.068,0.177,0.456,0.145,0.128,0.272,0.627,0.084,0.074,0.215,579,1,0,0,1,0,0,121,409,156,406,536,9.94,0.009,419,6.98,36,0,27,30.0,2.4,0.95,2.1,4,45,1.15,0.55,1.9,1.1,0.65,0.55
86977e47-42b8-40b4-a8b7-861bf0ba9319,11,6,33.5,2010,PAPER,0,18,0,25,31,19,0.294,0.0,0.246,0.46,0.336,0.0,0.229,0.435,0.587,0.0,0.333,0.08,75,1,1,0,0,0,0,17,50,17,47,55,5.19,0.003,345,5.75,10,0,27,30.0,2.4,0.95,2.1,4,45,1.15,0.55,1.9,1.1,0.65,0.55
42cc1810-e36a-453f-b8ee-56fe9174fd6d,15,7,54.5,3270,ROCK,33,0,0,80,58,69,0.696,0.066,0.148,0.09,0.498,0.055,0.254,0.193,0.5,0.106,0.159,0.235,207,1,0,0,1,0,0,58,150,63,149,180,7.61,0.006,515,8.58,26,0,27,30.0,2.4,0.95,2.1,4,45,1.15,0.55,1.9,1.1,0.65,0.55
1d6c21b2-1458-47a2-bb89-3d877c188999,12,6,40.93,2456,PAPER,0,45,0,73,88,58,0.595,0.043,0.171,0.191,0.591,0.116,0.157,0.136,0.678,0.065,0.234,0.022,219,1,1,0,0,0,0,48,158,61,160,204,9.7,0.01,341,5.68,20,0,27,30.0,2.4,0.95,2.1,4,45,1.15,0.55,1.9,1.1,0.65,0.55
edc27cc5-87dc-4ba5-b4eb-60089e2e236d,13,5,69.45,4167,ROCK,36,0,0,130,106,118,0.689,0.073,0.108,0.129,0.56,0.056,0.2,0.183,0.699,0.049,0.116,0.135,354,1,0,0,1,0,0,62,297,71,296,330,8.77,0.01,447,7.45,28,0,27,30.0,2.4,0.95,2.1,4,45,1.15,0.55,1.9,1.1,0.65,0.55
65ecc847-354f-4110-b7a2-26db1f6d11a3,5,4,160.48,9629,PAPER,0,39,0,296,309,283,0.654,0.047,0.054,0.245,0.506,0.137,0.05,0.307,0.7,0.105,0.061,0.133,888,1,1,0,0,0,0,110,636,163,632,795,9.09,0.011,259,4.32,19,0,27,30.0,2.4,0.95,2.1,4,45,1.15,0.55,1.9,1.1,0.65,0.55
a47a5cd5-776e-4705-b866-84eaba0583f5,10,6,25.43,1526,PAPER,0,15,0,13,18,8,0.364,0.0,0.387,0.249,0.308,0.0,0.364,0.328,0.393,0.0,0.423,0.184,39,1,1,0,0,0,0,14,29,15,29,24,5.1,0.004,256,4.27,4,0,27,30.0,2.4,0.95,2.1,4,45,1.15,0.55,1.9,1.1,0.65,0.55
2fcc65b0-4807-4ec5-8ab5-1f0959105ede,20,8,31.52,1891,ROCK,30,0,0,50,30,40,0.54,0.0,0.238,0.222,0.471,0.024,0.434,0.071,0.458,0.0,0.257,0.286,120,1,0,0,1,0,0,19,65,24,61,104,8.07,0.008,511,8.52,25,0,27,30.0,2.4,0.95,2.1,4,45,1.15,0.55,1.9,1.1,0.65,0.55
f22e66bc-247c-4575-8b78-ea8b2b949eea,15,6,42.25,2535,SCISSORS,0,0,60,98,118,138,0.556,0.158,0.282,0.004,0.414,0.077,0.183,0.325,0.525,0.114,0.17,0.191,354,1,0,1,0,0,0,49,231,60,229,337,12.6,0.011,330,5.5,51,0,27,30.0,2.4,0.95,2.1,4,45,1.15,0.55,1.9,1.1,0.65,0.55
c48ee111-b36e-4c4f-81ab-c040d17811d9,13,10,43.38,2603,ROCK,45,0,0,93,63,78,0.722,0.006,0.203,0.069,0.491,0.132,0.311,0.065,0.66,0.029,0.217,0.094,234,1,0,0,1,0,0,87,200,91,199,220,11.16,0.008,398,6.63,33,0,27,30.0,2.4,0.95,2.1,4,45,1.15,0.55,1.9,1.1,0.65,0.55
1f29696b-f021-42ed-be73-ead7d5a4d362,6,5,36.67,2200,ROCK,39,0,0,56,30,43,0.536,0.014,0.236,0.214,0.493,0.02,0.391,0.095,0.452,0.066,0.252,0.23,129,0,0,0,0,0,0,20,65,27,63,122,10.27,0.016,500,8.33,25,0,27,30.0,2.4,0.95,2.1,4,45,1.15,0.55,1.9,1.1,0.65,0.55
cdd6574d-8d83-42be-95c2-c91c9bc8a0e0,11,8,38.83,2330,PAPER,0,18,0,23,29,17,0.567,0.0,0.225,0.208,0.642,0.0,0.21,0.148,0.345,0.0,0.277,0.378,69,1,1,0,0,0,0,23,52,24,52,52,5.42,0.019,300,5.0,9,0,27,30.0,2.4,0.95,2.1,4,45,1.15,0.55,1.9,1.1,0.65,0.55
815b9239-bba9-43b4-8de8-32406bb20550,11,6,75.12,4507,ROCK,33,0,0,145,123,134,0.835,0.014,0.109,0.042,0.674,0.025,0.174,0.126,0.496,0.15,0.116,0.238,402,1,0,0,1,0,0,83,308,103,309,360,8.25,0.008,482,8.03,26,0,27,30.0,2.4,0.95,2.1,4,45,1.15,0.55,1.9,1.1,0.65,0.55
02d8b3a6-86b0-44e9-af82-75ee8ef0629d,7,10,36.15,2169,PAPER,0,33,0,40,51,29,0.493,0.0,0.219,0.288,0.484,0.053,0.203,0.26,0.541,0.037,0.348,0.074,120,1,1,0,0,0,0,29,78,29,78,98,8.23,0.016,449,7.48,21,0,27,30.0,2.4,0.95,2.1,4,45,1.15,0.55,1.9,1.1,0.65,0.55
acc9d8a3-4331-412b-b391-5b79625b235e,12,10,141.7,8502,ROCK,21,0,0,132,118,125,0.593,0.0,0.059,0.347,0.516,0.015,0.088,0.38,0.536,0.009,0.063,0.391,375,1,0,0,1,0,0,124,276,143,276,247,4.97,0.015,372,6.2,16,0,27,30.0,2.4,0.95,2.1,4,45,1.15,0.55,1.9,1.1,0.65,0.55
d36edca7-cc09-4ab7-a7cf-a8d7b903df25,17,6,67.15,4029,ROCK,36,0,0,109,85,97,0.743,0.042,0.13,0.084,0.516,0.073,0.187,0.223,0.618,0.103,0.139,0.14,291,1,0,0,1,0,0,52,211,57,209,257,8.59,0.015,409,6.82,23,0,27,30.0,2.4,0.95,2.1,4,45,1.15,0.55,1.9,1.1,0.65,0.55
85553a74-bc5b-4415-823a-387fb200a651,5,10,68.68,4121,ROCK,51,0,0,212,178,195,0.675,0.164,0.091,0.07,0.613,0.108,0.118,0.161,0.562,0.233,0.1,0.106,585,1,0,0,1,0,0,171,527,184,521,548,11.22,0.015,211,3.52,8,0,27,30.0,2.4,0.95,2.1,4,45,1.15,0.55,1.9,1.1,0.65,0.55
319803e9-04d8-40d2-b8d7-21a62eecd271,13,7,65.65,3939,SCISSORS,0,0,15,24,29,34,0.192,0.0,0.157,0.651,0.433,0.0,0.126,0.442,0.699,0.0,0.117,0.184,87,1,0,1,0,0,0,22,70,32,71,41,3.74,0.012,354,5.9,7,0,27,30.0,2.4,0.95,2.1,4,45,1.15,0.55,1.9,1.1,0.65,0.55
1b833bd2-9d83-4b41-ba5b-c13141423afe,19,10,51.52,3091,PAPER,0,39,0,88,101,75,0.665,0.058,0.184,0.092,0.544,0.099,0.173,0.184,0.513,0.089,0.277,0.121,264,1,1,0,0,0,0,100,222,110,221,245,8.98,0.012,456,7.6,37,0,27,30.0,2.4,0.95,2.1,4,45,1.15,0.55,1.9,1.1,0.65,0.55
598592f3-426e-42e3-9b30-3ef8472ec55d,7,10,85.83,5150,PAPER,0,57,0,273,292,254,0.713,0.117,0.111,0.059,0.642,0.103,0.104,0.151,0.523,0.179,0.148,0.15,819,1,1,0,0,0,0,282,686,326,682,785,11.08,0.009,350,5.83,29,0,27,30.0,2.4,0.95,2.1,4,45,1.15,0.55,1.9,1.1,0.65,0.55
d2261421-02c1-4b53-85d9-461f414464a1,15,6,58.98,3539,SCISSORS,0,0,21,43,50,57,0.607,0.0,0.21,0.182,0.407,0.0,0.171,0.422,0.569,0.0,0.161,0.27,150,1,0,1,0,0,0,34,129,53,124,106,5.24,0.015,354,5.9,7,0,27,30.0,2.4,0.95,2.1,4,45,1.15,0.55,1.9,1.1,0.65,0.55
a4a4a0be-37db-40aa-a15e-377bad18bd90,16,10,32.63,1958,PAPER,0,45,0,61,76,46,0.503,0.048,0.281,0.168,0.508,0.059,0.263,0.171,0.37,0.069,0.449,0.112,183,1,1,0,0,0,0,43,109,47,109,168,10.46,0.007,513,8.55,43,0,27,30.0,2.4,0.95,2.1,4,45,1.15,0.55,1.9,1.1,0.65,0.55
8000f68d-d793-4b84-a782-e827f89a6b3a,8,5,18.87,1132,ROCK,48,0,0,44,12,28,0.652,0.0,0.348,0.0,0.379,0.07,0.449,0.101,0.524,0.026,0.379,0.07,84,1,0,0,1,0,0,4,63,6,63,81,11.29,0.001,172,2.87,12,0,27,30.0,2.4,0.95,2.1,4,45,1.15,0.55,1.9,1.1,0.65,0.55
14c2cf5b-ee56-4987-9ed2-a0e86e6a5d7b,10,5,61.4,3684,SCISSORS,0,0,24,56,64,72,0.7,0.0,0.204,0.096,0.459,0.0,0.119,0.422,0.446,0.087,0.11,0.357,192,1,0,1,0,0,0,40,83,42,84,151,6.06,0.007,509,8.48,22,0,27,30.0,2.4,0.95,2.1,4,45,1.15,0.55,1.9,1.1,0.65,0.55
4edd5047-af30-4ee9-9eba-3edf9f99c7d5,7,8,34.42,2065,PAPER,0,30,0,42,52,32,0.676,0.0,0.22,0.104,0.654,0.029,0.203,0.114,0.429,0.015,0.324,0.232,126,1,1,0,0,0,0,48,101,49,98,107,7.6,0.004,380,6.33,22,0,27,30.0,2.4,0.95,2.1,4,45,1.15,0.55,1.9,1.1,0.65,0.55
92460436-c743-477a-9308-50d072bc8f9e,16,5,33.65,2019,PAPER,0,21,0,34,41,27,0.525,0.0,0.223,0.252,0.394,0.0,0.223,0.384,0.577,0.0,0.287,0.136,102,1,1,0,0,0,0,26,63,28,65,79,6.48,0.016,299,4.98,12,0,27,30.0,2.4,0.95,2.1,4,45,1.15,0.55,1.9,1.1,0.65,0.55
9b562922-77ef-4149-a05b-741d08859b29,14,5,35.2,2112,ROCK,48,0,0,111,79,95,0.688,0.04,0.225,0.047,0.461,0.059,0.338,0.142,0.409,0.078,0.241,0.272,285,1,0,0,1,0,0,61,186,82,190,270,12.73,0.002,352,5.87,26,0,27,30.0,2.4,0.95,2.1,4,45,1.15,0.55,1.9,1.1,0.65,0.55
8d5d0f25-2114-4b6e-9946-5e5522410d1e,9,6,23.85,1431,PAPER,0,42,0,30,44,16,0.486,0.0,0.35,0.164,0.531,0.017,0.325,0.126,0.28,0.206,0.514,0.0,90,0,0,0,0,0,0,9,42,11,43,79,9.21,0.0,431,7.18,35,0,27,30.0,2.4,0.95,2.1,4,45,1.15,0.55,1.9,1.1,0.65,0.55
d7913155-a094-448b-830b-9bb43b70b1f5,5,5,117.5,7050,ROCK,27,0,0,166,148,157,0.596,0.007,0.04,0.357,0.394,0.069,0.087,0.451,0.713,0.017,0.045,0.224,471,1,0,0,1,0,0,98,315,118,309,389,7.5,0.002,425,7.08,23,0,27,30.0,2.4,0.95,2.1,4,45,1.15,0.55,1.9,1.1,0.65,0.55
e695faed-bfd9-431a-b9cb-bad031997187,16,6,78.25,4695,PAPER,0,15,0,37,42,32,0.273,0.0,0.114,0.613,0.272,0.0,0.106,0.622,0.64,0.0,0.136,0.224,111,1,1,0,0,0,0,22,73,24,75,65,4.17,0.011,290,4.83,10,0,27,30.0,2.4,0.95,2.1,4,45,1.15,0.55,1.9,1.1,0.65,0.55
ec1462af-12cb-4c42-9d50-640f43be8326,11,6,36.28,2177,PAPER,0,48,0,83,99,67,0.697,0.0,0.216,0.087,0.768,0.0,0.2,0.032,0.378,0.268,0.303,0.05,249,1,1,0,0,0,0,41,188,59,189,227,9.64,0.002,277,4.62,35,0,27,30.0,2.4,0.95,2.1,4,45,1.15,0.55,1.9,1.1,0.65,0.55
e9b80513-6f4e-4025-b752-c5e8009fb869,5,9,18.18,1091,PAPER,0,33,0,27,38,16,0.61,0.0,0.317,0.073,0.491,0.06,0.284,0.165,0.445,0.023,0.39,0.142,81,1,1,0,0,0,0,24,51,25,55,67,8.72,0.003,241,4.02,14,0,27,30.0,2.4,0.95,2.1,4,45,1.15,0.55,1.9,1.1,0.65,0.55
2f990a6a-9354-498f-9ff1-180ac05665f4,20,4,38.62,2317,PAPER,0,15,0,15,20,10,0.403,0.0,0.198,0.399,0.481,0.0,0.183,0.336,0.401,0.0,0.224,0.375,45,1,1,0,0,0,0,7,23,10,22,28,4.47,0.004,167,2.78,8,0,27,30.0,2.4,0.95,2.1,4,45,1.15,0.55,1.9,1.1,0.65,0.55
56b26adf-7db8-4cd1-8575-7fd5657f3cd7,6,10,35.03,2102,PAPER,0,60,0,150,170,130,0.743,0.0,0.14,0.116,0.713,0.076,0.124,0.088,0.447,0.219,0.257,0.078,450,1,1,0,0,0,0,160,389,159,393,421,11.69,0.002,322,5.37,37,0,27,30.0,2.4,0.95,2.1,4,45,1.15,0.55,1.9,1.1,0.65,0.55
0e783a3a-b933-4310-abf7-48aca6f25d99,11,7,81.23,4874,SCISSORS,0,0,18,69,75,81,0.55,0.0,0.111,0.339,0.448,0.0,0.093,0.458,0.496,0.0,0.086,0.417,225,1,0,1,0,0,0,73,163,85,158,160,5.04,0.017,294,4.9,7,0,27,30.0,2.4,0.95,2.1,4,45,1.15,0.55,1.9,1.1,0.65,0.55
f6eb6615-9698-4a67-9797-4da57ea7d805,13,5,53.38,3203,ROCK,33,0,0,98,76,87,0.75,0.031,0.151,0.067,0.593,0.064,0.267,0.076,0.499,0.133,0.162,0.206,261,1,0,0,1,0,0,45,187,60,186,236,8.78,0.01,488,8.13,32,0,27,30.0,2.4,0.95,2.1,4,45,1.15,0.55,1.9,1.1,0.65,0.55
ee4aff4f-e069-45af-ad27-e01e54708c0a,9,8,40.58,2435,PAPER,0,39,0,64,77,51,0.587,0.088,0.218,0.107,0.546,0.01,0.203,0.24,0.444,0.107,0.257,0.193,192,1,1,0,0,0,0,67,162,71,160,173,9.69,0.008,250,4.17,9,0,27,30.0,2.4,0.95,2.1,4,45,1.15,0.55,1.9,1.1,0.65,0.55
570080f4-656e-4482-8633-a33f3c131caa,10,10,93.22,5593,SCISSORS,0,0,27,120,129,138,0.568,0.134,0.139,0.158,0.679,0.035,0.096,0.19,0.541,0.01,0.089,0.36,387,1,0,1,0,0,0,182,335,203,331,306,6.35,0.007,458,7.63,22,0,27,30.0,2.4,0.95,2.1,4,45,1.15,0.55,1.9,1.1,0.65,0.55
91b27687-5298-41d7-9772-19e59d03f9c2,19,6,41.92,2515,SCISSORS,0,0,30,47,57,67,0.459,0.064,0.268,0.209,0.537,0.141,0.201,0.121,0.497,0.012,0.187,0.304,171,1,0,1,0,0,0,63,140,66,140,146,8.92,0.009,320,5.33,16,0,27,30.0,2.4,0.95,2.1,4,45,1.15,0.55,1.9,1.1,0.65,0.55
5c05c1ce-1544-460c-9edb-e8cc9ead8437,8,10,23.75,1425,ROCK,57,0,0,74,36,55,0.604,0.056,0.281,0.06,0.453,0.014,0.519,0.014,0.481,0.0,0.305,0.214,165,1,0,0,1,0,0,41,105,54,104,158,11.8,0.003,455,7.58,52,0,27,30.0,2.4,0.95,2.1,4,45,1.15,0.55,1.9,1.1,0.65,0.55
45533771-4cfa-4258-a5ac-140cd2fc91d0,10,4,30.45,1827,SCISSORS,0,0,24,16,24,32,0.536,0.0,0.451,0.014,0.352,0.0,0.273,0.374,0.607,0.0,0.216,0.178,72,1,0,1,0,0,0,5,39,7,38,48,5.06,0.017,547,9.12,22,0,27,30.0,2.4,0.95,2.1,4,45,1.15,0.55,1.9,1.1,0.65,0.55
b571cd70-e840-4c9b-b783-d5693bf1a7d1,5,5,31.32,1879,ROCK,30,0,0,48,28,38,0.734,0.013,0.144,0.109,0.364,0.032,0.449,0.154,0.33,0.024,0.162,0.484,114,1,0,0,1,0,0,20,64,22,64,102,8.72,0.01,734,12.23,29,0,27,30.0,2.4,0.95,2.1,4,45,1.15,0.55,1.9,1.1,0.65,0.55
eaa89daa-8692-4510-876e-055de980052c,6,5,27.9,1674,SCISSORS,0,0,15,7,12,17,0.403,0.0,0.513,0.084,0.284,0.0,0.316,0.4,0.397,0.0,0.296,0.307,36,1,0,1,0,0,0,5,14,11,13,23,4.53,0.003,509,8.48,12,0,27,30.0,2.4,0.95,2.1,4,45,1.15,0.55,1.9,1.1,0.65,0.55
4401840a-80d0-473f-81da-2b490208490e,16,10,36.2,2172,SCISSORS,0,0,18,12,18,24,0.317,0.0,0.395,0.287,0.494,0.0,0.276,0.23,0.522,0.0,0.26,0.218,54,1,0,1,0,0,0,22,34,25,38,32,4.35,0.0,472,7.87,12,0,27,30.0,2.4,0.95,2.1,4,45,1.15,0.55,1.9,1.1,0.65,0.55
29938289-de21-4c02-bfe0-0601189c8938,14,7,19.52,1171,SCISSORS,0,0,48,10,26,42,0.376,0.026,0.547,0.051,0.453,0.0,0.427,0.12,0.603,0.0,0.397,0.0,78,1,0,1,0,0,0,17,51,18,51,72,11.47,0.002,261,4.35,17,0,27,30.0,2.4,0.95,2.1,4,45,1.15,0.55,1.9,1.1,0.65,0.55
9b108d57-a307-47b5-ab2e-ec51d00f2c9c,9,5,40.7,2442,PAPER,0,42,0,79,93,65,0.626,0.039,0.211,0.125,0.634,0.063,0.196,0.106,0.413,0.137,0.28,0.17,237,1,1,0,0,0,0,46,187,49,185,217,9.82,0.007,347,5.78,30,0,27,30.0,2.4,0.95,2.1,4,45,1.15,0.55,1.9,1.1,0.65,0.55
196ac7a8-e738-473c-b017-b13bfa7f089a,11,10,38.12,2287,SCISSORS,0,0,27,24,33,42,0.631,0.0,0.317,0.052,0.598,0.0,0.227,0.175,0.618,0.074,0.212,0.096,99,1,0,1,0,0,0,30,78,34,78,80,6.78,0.01,327,5.45,17,0,27,30.0,2.4,0.95,2.1,4,45,1.15,0.55,1.9,1.1,0.65,0.55
def11c01-cf64-42e5-b724-e72137b4df76,9,4,37.65,2259,PAPER,0,33,0,39,50,28,0.449,0.029,0.221,0.301,0.392,0.027,0.206,0.376,0.597,0.058,0.237,0.108,117,1,1,0,0,0,0,11,67,11,64,94,7.76,0.01,224,3.73,3,0,27,30.0,2.4,0.95,2.1,4,45,1.15,0.55,1.9,1.1,0.65,0.55
8cd51b2b-4b42-44cf-b232-bec76e38257d,16,8,41.93,2516,PAPER,0,27,0,40,49,31,0.475,0.0,0.237,0.288,0.6,0.036,0.223,0.141,0.471,0.02,0.368,0.141,120,1,1,0,0,0,0,40,88,48,88,101,6.52,0.004,541,9.02,17,0,27,30.0,2.4,0.95,2.1,4,45,1.15,0.55,1.9,1.1,0.65,0.55
3328d864-f485-4cac-a382-042e71a40813,5,10,41.72,2503,ROCK,48,0,0,109,77,93,0.549,0.102,0.164,0.186,0.499,0.104,0.327,0.07,0.613,0.06,0.178,0.15,279,1,0,0,1,0,0,94,223,117,221,267,11.15,0.006,478,7.97,44,0,27,30.0,2.4,0.95,2.1,4,45,1.15,0.55,1.9,1.1,0.65,0.55
959cb9e3-b021-4090-aa8e-4577bd2f1538,18,7,24.07,1444,SCISSORS,0,0,15,4,9,14,0.204,0.0,0.578,0.218,0.422,0.0,0.391,0.187,0.412,0.0,0.367,0.221,27,1,0,1,0,0,0,2,10,4,10,18,4.96,0.004,474,7.9,11,0,27,30.0,2.4,0.95,2.1,4,45,1.15,0.55,1.9,1.1,0.65,0.55
7fa74c7f-a4ef-4bf6-8daa-76505ef2d695,13,6,19.83,1190,PAPER,0,54,0,64,82,46,0.538,0.143,0.206,0.113,0.601,0.13,0.176,0.092,0.63,0.113,0.227,0.029,192,1,1,0,0,0,0,44,156,48,157,184,13.01,0.005,100,1.67,10,0,27,30.0,2.4,0.95,2.1,4,45,1.15,0.55,1.9,1.1,0.65,0.55
c9a48423-3366-4021-86a7-8d0f37a1b41c,18,5,58.18,3491,PAPER,0,39,0,126,139,113,0.715,0.122,0.102,0.062,0.702,0.0,0.092,0.206,0.577,0.113,0.163,0.146,378,1,1,0,0,0,0,82,284,79,293,351,9.65,0.009,366,6.1,24,0,27,30.0,2.4,0.95,2.1,4,45,1.15,0.55,1.9,1.1,0.65,0.55
05fa1401-ba6c-4c04-b432-0c9e2242ae45,15,4,33.05,1983,PAPER,0,54,0,88,106,70,0.511,0.063,0.254,0.171,0.665,0.025,0.237,0.073,0.544,0.116,0.31,0.03,264,0,0,0,0,0,0,29,216,39,219,245,11.16,0.002,268,4.47,27,0,27,30.0,2.4,0.95,2.1,4,45,1.15,0.55,1.9,1.1,0.65,0.55
03ac5ae6-d1bf-4a66-9674-2920464a3aa3,13,4,100.13,6008,ROCK,45,0,0,246,216,231,0.68,0.138,0.084,0.098,0.663,0.111,0.154,0.072,0.557,0.122,0.09,0.231,693,1,0,0,1,0,0,106,394,133,398,651,10.35,0.004,588,9.8,42,0,27,30.0,2.4,0.95,2.1,4,45,1.15,0.55,1.9,1.1,0.65,0.55
c3b97a15-5723-418e-9aa6-cf84cdf5b64e,16,10,46.22,2773,ROCK,39,0,0,96,70,83,0.528,0.052,0.187,0.232,0.445,0.135,0.297,0.123,0.598,0.063,0.2,0.139,249,1,0,0,1,0,0,90,215,113,217,227,10.01,0.01,453,7.55,28,0,27,30.0,2.4,0.95,2.1,4,45,1.15,0.55,1.9,1.1,0.65,0.55
cd108f12-4d07-4392-b401-4ec4eb701bd9,16,5,47.98,2879,ROCK,48,0,0,133,101,117,0.602,0.073,0.151,0.174,0.42,0.05,0.288,0.241,0.495,0.019,0.163,0.323,351,1,0,0,1,0,0,49,170,62,173,329,11.95,0.008,524,8.73,36,0,27,30.0,2.4,0.95,2.1,4,45,1.15,0.55,1.9,1.1,0.65,0.55
0e731f89-acb3-48f8-877a-007d39d10152,16,9,33.32,1999,PAPER,0,48,0,58,74,42,0.56,0.065,0.253,0.122,0.49,0.072,0.235,0.203,0.588,0.015,0.325,0.072,174,1,1,0,0,0,0,40,135,36,136,161,10.1,0.008,319,5.32,19,0,27,30.0,2.4,0.95,2.1,4,45,1.15,0.55,1.9,1.1,0.65,0.55
6dec6023-493c-4d55-bbe4-b5c623cff2b9,17,7,34.28,2057,PAPER,0,48,0,64,80,48,0.444,0.032,0.267,0.257,0.519,0.073,0.25,0.158,0.456,0.051,0.337,0.155,192,1,1,0,0,0,0,45,118,41,118,175,11.04,0.007,317,5.28,25,0,27,30.0,2.4,0.95,2.1,4,45,1.15,0.55,1.9,1.1,0.65,0.55
76d8d65b-963a-4d2f-b681-d50a5cfa4485,10,4,47.33,2840,SCISSORS,0,0,51,99,116,133,0.579,0.093,0.28,0.048,0.576,0.048,0.188,0.188,0.687,0.12,0.176,0.018,348,1,0,1,0,0,0,36,273,47,268,333,13.02,0.007,445,7.42,31,0,27,30.0,2.4,0.95,2.1,4,45,1.15,0.55,1.9,1.1,0.65,0.55
36945f36-2392-44b2-9163-ae3bbf029509,10,9,55.57,3334,SCISSORS,0,0,30,60,70,80,0.649,0.03,0.208,0.112,0.55,0.022,0.136,0.291,0.567,0.079,0.126,0.228,210,1,0,1,0,0,0,78,149,93,151,179,7.25,0.003,394,6.57,21,0,27,30.0,2.4,0.95,2.1,4,45,1.15,0.55,1.9,1.1,0.65,0.55
9c54c11a-aae7-4eb4-90e6-eb32bf735fdf,13,10,31.43,1886,PAPER,0,30,0,31,41,21,0.586,0.0,0.271,0.143,0.538,0.0,0.252,0.21,0.247,0.13,0.414,0.21,93,1,1,0,0,0,0,26,60,29,58,79,7.47,0.01,416,6.93,28,0,27,30.0,2.4,0.95,2.1,4,45,1.15,0.55,1.9,1.1,0.65,0.55
db74d8e0-95ef-487e-9283-9f562061dc73,10,9,29.28,1757,SCISSORS,0,0,39,26,39,52,0.364,0.0,0.489,0.148,0.477,0.034,0.312,0.176,0.48,0.011,0.293,0.216,117,1,0,1,0,0,0,19,71,28,68,110,11.13,0.001,492,8.2,30,0,27,30.0,2.4,0.95,2.1,4,45,1.15,0.55,1.9,1.1,0.65,0.55
cf2b701d-e4d9-4969-9af6-e9bb12065dcd,18,9,46.22,2773,ROCK,30,0,0,74,54,64,0.404,0.054,0.175,0.368,0.454,0.025,0.335,0.186,0.474,0.031,0.187,0.308,192,1,0,0,1,0,0,45,120,57,120,168,9.27,0.003,588,9.8,28,0,27,30.0,2.4,0.95,2.1,4,45,1.15,0.55,1.9,1.1,0.65,0.55
455cb77d-2c6f-4b5e-b191-8ab56d800686,12,5,35.68,2141,SCISSORS,0,0,54,77,95,113,0.509,0.019,0.343,0.129,0.519,0.028,0.227,0.227,0.624,0.068,0.21,0.098,285,1,0,1,0,0,0,57,185,50,187,266,12.56,0.002,401,6.68,38,0,27,30.0,2.4,0.95,2.1,4,45,1.15,0.55,1.9,1.1,0.65,0.55
2a4ca76a-35e0-4615-9918-14eb9b22af28,15,9,37.57,2254,PAPER,0,36,0,61,73,49,0.643,0.027,0.246,0.084,0.426,0.153,0.231,0.191,0.667,0.02,0.299,0.013,183,1,1,0,0,0,0,67,110,73,112,170,9.28,0.002,304,5.07,29,0,27,30.0,2.4,0.95,2.1,4,45,1.15,0.55,1.9,1.1,0.65,0.55
eb4546ab-4ab9-4e56-9e9e-f8e4261ded42,15,8,42.4,2544,ROCK,45,0,0,107,77,92,0.75,0.006,0.159,0.084,0.591,0.043,0.328,0.037,0.672,0.0,0.173,0.155,276,1,0,0,1,0,0,70,234,77,233,267,9.79,0.009,534,8.9,32,0,27,30.0,2.4,0.95,2.1,4,45,1.15,0.55,1.9,1.1,0.65,0.55
914632cb-a7bf-42ec-8649-966fc291d6f1,7,5,28.68,1721,ROCK,45,0,0,73,43,58,0.648,0.0,0.253,0.099,0.387,0.047,0.532,0.035,0.427,0.041,0.273,0.259,174,1,0,0,1,0,0,37,85,36,88,169,12.8,0.016,621,10.35,42,0,27,30.0,2.4,0.95,2.1,4,45,1.15,0.55,1.9,1.1,0.65,0.55
c91cc843-7b9e-4bd0-9000-6f6944e2382b,15,6,35.87,2152,ROCK,21,0,0,32,18,25,0.448,0.0,0.244,0.309,0.348,0.0,0.362,0.29,0.601,0.007,0.26,0.132,75,1,0,0,1,0,0,25,38,28,37,59,6.49,0.007,442,7.37,8,0,27,30.0,2.4,0.95,2.1,4,45,1.15,0.55,1.9,1.1,0.65,0.55
e9bdbff3-2d54-4b14-8a83-330e697400b0,14,6,61.33,3680,ROCK,45,0,0,155,125,140,0.668,0.076,0.125,0.13,0.435,0.155,0.216,0.194,0.784,0.0,0.135,0.082,420,1,0,0,1,0,0,126,343,137,342,389,9.88,0.012,495,8.25,27,0,27,30.0,2.4,0.95,2.1,4,45,1.15,0.55,1.9,1.1,0.65,0.55
5a603848-0285-4c18-8819-deb752f3605d,17,9,26.35,1581,ROCK,42,0,0,51,23,37,0.566,0.013,0.285,0.136,0.342,0.108,0.465,0.085,0.535,0.0,0.307,0.158,111,1,0,0,1,0,0,31,66,39,68,105,11.58,0.004,416,6.93,25,0,27,30.0,2.4,0.95,2.1,4,45,1.15,0.55,1.9,1.1,0.65,0.55
01b6cf2e-4d55-4b33-8f33-36796e658869,20,8,26.38,1583,ROCK,51,0,0,82,48,65,0.609,0.013,0.221,0.158,0.401,0.035,0.502,0.063,0.445,0.054,0.243,0.259,195,1,0,0,1,0,0,48,110,48,109,185,11.56,0.006,588,9.8,49,0,27,30.0,2.4,0.95,2.1,4,45,1.15,0.55,1.9,1.1,0.65,0.55
cd71f096-f5ad-4c25-b783-721755f4d18e,8,5,128.12,7687,PAPER,0,60,0,402,422,382,0.793,0.093,0.06,0.055,0.324,0.308,0.055,0.313,0.862,0.042,0.084,0.012,1206,1,1,0,0,0,0,258,974,274,980,1147,11.98,0.01,297,4.95,36,0,27,30.0,2.4,0.95,2.1,4,45,1.15,0.55,1.9,1.1,0.65,0.55
6dc64a4c-a413-4498-a7d4-96d98493eac4,20,7,48.55,2913,ROCK,24,0,0,56,40,48,0.477,0.021,0.144,0.358,0.429,0.07,0.314,0.187,0.566,0.0,0.156,0.278,144,1,0,0,1,0,0,38,93,44,93,108,6.6,0.007,608,10.13,23,0,27,30.0,2.4,0.95,2.1,4,45,1.15,0.55,1.9,1.1,0.65,0.55
ddadb088-8486-4e9b-8e1b-90215f64e6c9,12,9,25.67,1540,PAPER,0,60,0,77,97,57,0.455,0.0,0.344,0.201,0.549,0.0,0.321,0.13,0.37,0.062,0.545,0.023,231,1,1,0,0,0,0,55,174,64,173,222,14.33,0.001,450,7.5,56,0,27,30.0,2.4,0.95,2.1,4,45,1.15,0.55,1.9,1.1,0.65,0.55
391426ac-e9fe-447b-bc31-3bf76cb739bb,18,8,61.88,3713,ROCK,36,0,0,124,100,112,0.848,0.0,0.116,0.036,0.471,0.058,0.178,0.293,0.595,0.187,0.125,0.093,336,1,0,0,1,0,0,102,276,101,275,303,8.89,0.013,363,6.05,18,0,27,30.0,2.4,0.95,2.1,4,45,1.15,0.55,1.9,1.1,0.65,0.55
8bf1c417-0a87-4a75-8381-9e99d93e8c6c,15,8,39.18,2351,SCISSORS,0,0,54,119,137,155,0.489,0.143,0.268,0.1,0.545,0.134,0.228,0.094,0.747,0.04,0.213,0.0,411,1,0,1,0,0,0,123,331,147,330,394,13.44,0.005,256,4.27,22,0,27,30.0,2.4,0.95,2.1,4,45,1.15,0.55,1.9,1.1,0.65,0.55
c8088a0d-1b74-4dd4-926f-6a75eb5873a4,12,10,31.55,1893,PAPER,0,45,0,64,79,49,0.425,0.034,0.282,0.259,0.517,0.037,0.264,0.182,0.501,0.029,0.412,0.058,192,1,1,0,0,0,0,55,138,62,136,173,10.17,0.007,383,6.38,38,0,27,30.0,2.4,0.95,2.1,4,45,1.15,0.55,1.9,1.1,0.65,0.55
50ce9a37-a00c-4b00-8fd1-3ee10b33ef1d,11,10,26.37,1582,PAPER,0,36,0,34,46,22,0.306,0.041,0.363,0.29,0.511,0.0,0.341,0.148,0.41,0.047,0.505,0.038,102,1,1,0,0,0,0,31,59,38,56,96,10.5,0.001,387,6.45,25,0,27,30.0,2.4,0.95,2.1,4,45,1.15,0.55,1.9,1.1,0.65,0.55
641203a6-bb83-4643-a994-6d8bc5577d86,8,9,31.38,1883,PAPER,0,33,0,39,50,28,0.629,0.0,0.249,0.122,0.626,0.0,0.231,0.143,0.281,0.111,0.371,0.236,117,0,0,0,0,0,0,27,82,25,80,98,6.85,0.011,353,5.88,29,0,27,30.0,2.4,0.95,2.1,4,45,1.15,0.55,1.9,1.1,0.65,0.55
91d9e8ef-52d7-48e2-a516-feac0dff4d10,18,7,54.43,3266,SCISSORS,0,0,24,51,59,67,0.387,0.0,0.224,0.389,0.654,0.032,0.126,0.188,0.49,0.021,0.115,0.374,177,1,0,1,0,0,0,44,119,59,116,134,6.78,0.01,491,8.18,23,0,27,30.0,2.4,0.95,2.1,4,45,1.15,0.55,1.9,1.1,0.65,0.55
0d51c8d2-9d7b-4642-9c5e-e003073fe8c9,12,8,46.0,2760,PAPER,0,54,0,118,136,100,0.46,0.101,0.181,0.257,0.6,0.129,0.168,0.103,0.524,0.134,0.304,0.038,354,1,1,0,0,0,0,94,229,97,233,342,12.78,0.006,500,8.33,40,0,27,30.0,2.4,0.95,2.1,4,45,1.15,0.55,1.9,1.1,0.65,0.55
0c0e07ec-ccd0-401a-adca-94163b14231d,12,6,30.98,1859,ROCK,36,0,0,62,38,50,0.492,0.0,0.258,0.25,0.495,0.056,0.312,0.137,0.688,0.0,0.277,0.035,150,1,0,0,1,0,0,26,106,39,106,138,10.27,0.004,209,3.48,9,0,27,30.0,2.4,0.95,2.1,4,45,1.15,0.55,1.9,1.1,0.65,0.55
0a48669b-fb9a-4e24-8208-ef4be690665b,9,10,27.6,1656,SCISSORS,0,0,36,26,38,50,0.384,0.057,0.335,0.224,0.559,0.106,0.278,0.057,0.622,0.015,0.257,0.106,114,1,0,1,0,0,0,39,89,41,90,107,9.26,0.005,221,3.68,8,0,27,30.0,2.4,0.95,2.1,4,45,1.15,0.55,1.9,1.1,0.65,0.55
0b8a9d6b-482d-4a37-a546-0d215c7443b0,12,9,40.22,2413,SCISSORS,0,0,27,27,36,45,0.393,0.033,0.352,0.222,0.437,0.108,0.217,0.238,0.642,0.0,0.203,0.155,108,1,0,1,0,0,0,40,73,48,68,89,7.0,0.005,518,8.63,26,0,27,30.0,2.4,0.95,2.1,4,45,1.15,0.55,1.9,1.1,0.65,0.55
d5bf4dea-b0ad-4a2d-8d47-ad8fe692ef3e,20,10,38.08,2285,SCISSORS,0,0,36,48,60,72,0.661,0.033,0.144,0.162,0.532,0.105,0.098,0.265,0.707,0.107,0.083,0.103,180,1,0,1,0,0,0,66,139,68,138,161,9.29,0.009,230,3.83,17,0,27,30.0,2.4,0.95,2.1,4,45,1.15,0.55,1.9,1.1,0.65,0.55
43e26996-49d9-4839-85ff-fcb61dcd7f23,8,4,25.02,1501,PAPER,0,60,0,53,73,33,0.53,0.03,0.34,0.1,0.363,0.157,0.317,0.163,0.383,0.123,0.44,0.053,159,1,1,0,0,0,0,10,108,13,106,150,12.58,0.005,291,4.85,37,0,27,30.0,2.4,0.95,2.1,4,45,1.15,0.55,1.9,1.1,0.65,0.55
4330136d-c28b-4cb4-876d-e9ba3fcbd251,7,7,39.72,2383,ROCK,24,0,0,40,24,32,0.528,0.0,0.191,0.281,0.497,0.0,0.392,0.111,0.509,0.019,0.205,0.266,96,1,0,0,1,0,0,22,56,22,57,80,6.55,0.003,613,10.22,22,0,27,30.0,2.4,0.95,2.1,4,45,1.15,0.55,1.9,1.1,0.65,0.55
5355c76e-b889-467f-bc22-2105fc5a3e3a,20,4,61.13,3668,ROCK,21,0,0,51,37,44,0.388,0.015,0.131,0.466,0.458,0.012,0.259,0.271,0.655,0.0,0.14,0.204,132,1,0,0,1,0,0,27,83,38,80,100,6.03,0.003,638,10.63,19,0,27,30.0,2.4,0.95,2.1,4,45,1.15,0.55,1.9,1.1,0.65,0.55
92ce2a0f-c80b-4f4b-a358-f4928afa8824,14,4,54.68,3281,PAPER,0,60,0,150,170,130,0.688,0.107,0.162,0.044,0.434,0.276,0.151,0.139,0.695,0.062,0.206,0.037,450,1,1,0,0,0,0,70,346,90,344,421,11.76,0.003,326,5.43,24,0,27,30.0,2.4,0.95,2.1,4,45,1.15,0.55,1.9,1.1,0.65,0.55
9e22ff86-d657-4610-9638-f3410ac70c7e,6,4,35.52,2131,PAPER,0,42,0,58,72,44,0.538,0.068,0.249,0.146,0.587,0.08,0.232,0.101,0.474,0.019,0.394,0.113,174,1,1,0,0,0,0,21,91,24,89,163,12.06,0.002,496,8.27,37,0,27,30.0,2.4,0.95,2.1,4,45,1.15,0.55,1.9,1.1,0.65,0.55
40321215-45ec-4d32-98b2-c87d2ac913c2,16,5,102.45,6147,ROCK,18,0,0,76,64,70,0.412,0.0,0.064,0.524,0.476,0.0,0.115,0.408,0.599,0.0,0.07,0.331,210,1,0,0,1,0,0,36,121,40,123,131,4.57,0.013,492,8.2,13,0,27,30.0,2.4,0.95,2.1,4,45,1.15,0.55,1.9,1.1,0.65,0.55
4c2620eb-2c7f-4f52-89ae-a10ec027b13b,20,10,32.52,1951,SCISSORS,0,0,48,56,72,88,0.564,0.0,0.344,0.092,0.521,0.026,0.236,0.218,0.674,0.082,0.218,0.026,216,1,0,1,0,0,0,51,160,47,159,207,10.37,0.008,301,5.02,27,0,27,30.0,2.4,0.95,2.1,4,45,1.15,0.55,1.9,1.1,0.65,0.55
efab6d35-2f14-4568-9b0e-f193013b1db2,18,6,30.72,1843,SCISSORS,0,0,60,94,114,134,0.393,0.122,0.26,0.225,0.642,0.098,0.201,0.06,0.751,0.0,0.182,0.068,342,1,0,1,0,0,0,74,296,86,292,322,14.94,0.003,248,4.13,12,0,27,30.0,2.4,0.95,2.1,4,45,1.15,0.55,1.9,1.1,0.65,0.55
f845b807-f319-4452-a8a9-3be7441e7f91,16,9,47.0,2820,SCISSORS,0,0,54,114,132,150,0.466,0.085,0.191,0.257,0.45,0.176,0.163,0.211,0.564,0.133,0.151,0.152,396,1,0,1,0,0,0,164,295,179,306,379,13.45,0.001,215,3.58,33,0,27,30.0,2.4,0.95,2.1,4,45,1.15,0.55,1.9,1.1,0.65,0.55
c0f6a3c9-6af4-47d7-99e2-1e694c42bf66,8,7,23.8,1428,ROCK,48,0,0,69,37,53,0.738,0.0,0.213,0.049,0.566,0.021,0.402,0.01,0.598,0.0,0.238,0.164,159,1,0,0,1,0,0,42,117,41,117,152,10.66,0.007,318,5.3,36,0,27,30.0,2.4,0.95,2.1,4,45,1.15,0.55,1.9,1.1,0.65,0.55
6f52af48-27af-4bf4-8303-93d1183ec5ba,15,9,78.45,4707,SCISSORS,0,0,24,91,99,107,0.606,0.005,0.148,0.241,0.555,0.0,0.117,0.328,0.536,0.045,0.109,0.31,297,1,0,1,0,0,0,137,257,142,254,240,6.74,0.014,312,5.2,13,0,27,30.0,2.4,0.95,2.1,4,45,1.15,0.55,1.9,1.1,0.65,0.55
b8709ecb-a42f-41ef-876b-e5c31250bf28,18,5,70.32,4219,SCISSORS,0,0,45,201,216,231,0.653,0.137,0.113,0.097,0.595,0.09,0.071,0.244,0.701,0.136,0.063,0.1,648,1,0,1,0,0,0,89,504,103,503,610,11.67,0.007,304,5.07,24,0,27,30.0,2.4,0.95,2.1,4,45,1.15,0.55,1.9,1.1,0.65,0.55
e29f2b14-7cb1-4dfa-8755-ec2b82b2da26,12,8,58.27,3496,ROCK,54,0,0,208,172,190,0.629,0.093,0.119,0.159,0.535,0.173,0.207,0.084,0.622,0.099,0.129,0.15,570,1,0,0,1,0,0,253,530,248,527,530,12.24,0.008,421,7.02,20,0,27,30.0,2.4,0.95,2.1,4,45,1.15,0.55,1.9,1.1,0.65,0.55
adbeb1da-aad4-4e81-b7af-e24975b29448,9,8,19.95,1197,PAPER,0,36,0,20,32,8,0.358,0.079,0.463,0.1,0.521,0.046,0.433,0.0,0.412,0.0,0.562,0.025,60,1,1,0,0,0,0,17,36,15,35,57,12.95,0.012,297,4.95,20,0,27,30.0,2.4,0.95,2.1,4,45,1.15,0.55,1.9,1.1,0.65,0.55
7868ebb1-cd2f-4d1c-aade-8daa317ed424,19,9,32.92,1975,SCISSORS,0,0,27,17,26,35,0.506,0.01,0.413,0.071,0.542,0.0,0.263,0.195,0.524,0.048,0.246,0.182,78,1,0,1,0,0,0,14,44,16,45,65,6.96,0.01,495,8.25,18,0,27,30.0,2.4,0.95,2.1,4,45,1.15,0.55,1.9,1.1,0.65,0.55
e745cae9-8d9a-48bb-864a-548104285f88,12,4,45.37,2722,SCISSORS,0,0,57,91,110,129,0.578,0.024,0.288,0.11,0.483,0.061,0.187,0.27,0.593,0.123,0.174,0.11,330,1,0,1,0,0,0,36,173,38,175,304,12.42,0.009,462,7.7,49,0,27,30.0,2.4,0.95,2.1,4,45,1.15,0.55,1.9,1.1,0.65,0.55
5998c42d-8b4e-4088-a4f3-78a8da4a5d3b,18,9,62.05,3723,SCISSORS,0,0,36,90,102,114,0.588,0.119,0.207,0.086,0.6,0.027,0.146,0.227,0.626,0.134,0.137,0.103,306,0,0,0,0,0,0,94,259,102,257,268,8.81,0.01,378,6.3,17,0,27,30.0,2.4,0.95,2.1,4,45,1.15,0.55,1.9,1.1,0.65,0.55
671d7032-3de3-4a3d-a93a-87324f12221c,18,6,28.88,1733,SCISSORS,0,0,54,47,65,83,0.524,0.035,0.406,0.035,0.467,0.023,0.239,0.271,0.585,0.02,0.219,0.176,195,1,0,1,0,0,0,43,116,37,120,185,13.32,0.001,458,7.63,52,0,27,30.0,2.4,0.95,2.1,4,45,1.15,0.55,1.9,1.1,0.65,0.55
fb4e72e6-5326-429f-be36-75e941eceaa0,8,4,49.18,2951,ROCK,54,0,0,153,117,135,0.595,0.046,0.159,0.2,0.537,0.039,0.227,0.197,0.653,0.044,0.171,0.132,405,1,0,0,1,0,0,48,286,60,289,377,12.96,0.006,321,5.35,21,0,27,30.0,2.4,0.95,2.1,4,45,1.15,0.55,1.9,1.1,0.65,0.55
41de982b-bf22-4723-ab56-9fade33477ad,6,5,34.28,2057,SCISSORS,0,0,24,10,18,26,0.291,0.0,0.354,0.354,0.619,0.027,0.291,0.063,0.68,0.0,0.274,0.046,54,1,0,1,0,0,0,6,40,10,39,47,6.78,0.002,357,5.95,11,0,27,30.0,2.4,0.95,2.1,4,45,1.15,0.55,1.9,1.1,0.65,0.55
7f55937b-762b-49e8-a2f5-1690fddc4b77,6,10,47.15,2829,ROCK,18,0,0,37,25,31,0.521,0.0,0.203,0.276,0.38,0.0,0.325,0.295,0.475,0.0,0.216,0.309,93,1,0,0,1,0,0,28,65,26,63,59,5.11,0.009,514,8.57,17,0,27,30.0,2.4,0.95,2.1,4,45,1.15,0.55,1.9,1.1,0.65,0.55
7bf4065c-f4db-401f-8413-67b5658bf8cf,5,6,54.65,3279,SCISSORS,0,0,18,30,36,42,0.509,0.0,0.206,0.285,0.463,0.006,0.181,0.349,0.465,0.0,0.171,0.364,108,1,0,1,0,0,0,16,82,23,82,71,4.72,0.006,294,4.9,5,0,27,30.0,2.4,0.95,2.1,4,45,1.15,0.55,1.9,1.1,0.65,0.55
c9ad24b5-221c-46da-8b0d-8a88bc66365c,8,5,27.48,1649,SCISSORS,0,0,15,3,8,13,0.2,0.0,0.588,0.212,0.412,0.0,0.367,0.221,0.452,0.0,0.345,0.203,24,1,0,1,0,0,0,3,9,4,9,10,4.21,0.0,574,9.57,13,0,27,30.0,2.4,0.95,2.1,4,45,1.15,0.55,1.9,1.1,0.65,0.55
80ee7dd8-6e75-418c-9c10-5e4b7f50aec9,8,9,32.77,1966,SCISSORS,0,0,24,23,31,39,0.369,0.023,0.42,0.188,0.532,0.0,0.321,0.148,0.527,0.0,0.303,0.17,93,1,0,1,0,0,0,42,68,50,70,70,6.23,0.009,416,6.93,17,0,27,30.0,2.4,0.95,2.1,4,45,1.15,0.55,1.9,1.1,0.65,0.55
3f9d3a55-177c-4895-8224-898b98f8e56a,17,4,48.38,2903,SCISSORS,0,0,24,32,40,48,0.666,0.0,0.263,0.071,0.597,0.015,0.182,0.205,0.68,0.014,0.17,0.136,120,1,0,1,0,0,0,30,79,36,80,96,5.55,0.008,448,7.47,21,0,27,30.0,2.4,0.95,2.1,4,45,1.15,0.55,1.9,1.1,0.65,0.55
affbbf37-849f-4698-885a-3b0e4f76d4e2,8,5,89.1,5346,SCISSORS,0,0,51,239,256,273,0.597,0.079,0.133,0.192,0.626,0.126,0.101,0.147,0.666,0.117,0.094,0.123,768,1,0,1,0,0,0,149,610,164,613,730,12.02,0.006,346,5.77,25,0,27,30.0,2.4,0.95,2.1,4,45,1.15,0.55,1.9,1.1,0.65,0.55
20f0aff7-ccf0-4666-a21b-10c37464a7cb,15,10,59.45,3567,PAPER,0,24,0,55,63,47,0.536,0.031,0.175,0.258,0.525,0.045,0.165,0.265,0.539,0.018,0.185,0.258,165,1,1,0,0,0,0,51,138,64,128,124,6.44,0.011,247,4.12,4,0,27,30.0,2.4,0.95,2.1,4,45,1.15,0.55,1.9,1.1,0.65,0.55
40b95953-7896-42b2-a0c2-34c9a2d727b4,8,6,82.02,4921,PAPER,0,45,0,276,291,261,0.529,0.092,0.113,0.265,0.577,0.055,0.106,0.262,0.645,0.096,0.127,0.132,828,1,1,0,0,0,0,172,571,194,568,782,12.3,0.003,256,4.27,8,0,27,30.0,2.4,0.95,2.1,4,45,1.15,0.55,1.9,1.1,0.65,0.55
842e3e81-c647-4380-885e-0bff9112e627,16,9,85.97,5158,SCISSORS,0,0,24,92,100,108,0.593,0.089,0.181,0.137,0.537,0.013,0.121,0.329,0.445,0.024,0.114,0.417,300,1,0,1,0,0,0,101,251,114,254,250,6.88,0.011,528,8.8,19,0,27,30.0,2.4,0.95,2.1,4,45,1.15,0.55,1.9,1.1,0.65,0.55
f8f9553a-7be0-4367-921f-c558a974eda2,18,9,43.72,2623,PAPER,0,48,0,128,144,112,0.55,0.131,0.2,0.118,0.642,0.057,0.187,0.114,0.507,0.116,0.25,0.128,384,1,1,0,0,0,0,117,355,130,353,362,13.16,0.006,293,4.88,18,0,27,30.0,2.4,0.95,2.1,4,45,1.15,0.55,1.9,1.1,0.65,0.55
1d05b7b2-0c85-46ca-a4e8-8b61cddc9293,14,6,43.25,2595,PAPER,0,54,0,117,135,99,0.584,0.118,0.177,0.121,0.644,0.094,0.164,0.098,0.495,0.185,0.197,0.123,351,1,1,0,0,0,0,51,257,57,264,332,12.15,0.003,215,3.58,8,0,27,30.0,2.4,0.95,2.1,4,45,1.15,0.55,1.9,1.1,0.65,0.55
9d2b9163-0082-417b-849f-50e192fbd83b,14,10,39.8,2388,SCISSORS,0,0,42,63,77,91,0.41,0.019,0.366,0.205,0.431,0.203,0.251,0.115,0.621,0.059,0.236,0.084,231,1,0,1,0,0,0,95,165,106,170,219,11.82,0.004,463,7.72,22,0,27,30.0,2.4,0.95,2.1,4,45,1.15,0.55,1.9,1.1,0.65,0.55
d6515877-1db1-4b60-aef2-27995cccc332,19,8,60.77,3646,SCISSORS,0,0,42,101,115,129,0.665,0.005,0.177,0.152,0.531,0.112,0.155,0.202,0.722,0.1,0.145,0.033,345,1,0,1,0,0,0,74,306,81,309,319,10.21,0.009,246,4.1,11,0,27,30.0,2.4,0.95,2.1,4,45,1.15,0.55,1.9,1.1,0.65,0.55
6296f60a-5a6a-4383-aec9-6ced359ddc88,20,7,29.82,1789,SCISSORS,0,0,57,51,70,89,0.503,0.028,0.441,0.028,0.444,0.115,0.265,0.176,0.561,0.02,0.246,0.173,210,1,0,1,0,0,0,49,132,49,130,198,11.47,0.009,484,8.07,51,0,27,30.0,2.4,0.95,2.1,4,45,1.15,0.55,1.9,1.1,0.65,0.55
233b1951-8ee9-4a4a-ad0b-a20d21c1c53a,7,6,36.9,2214,ROCK,60,0,0,112,72,92,0.682,0.09,0.228,0.0,0.54,0.077,0.359,0.025,0.533,0.108,0.244,0.115,276,1,0,0,1,0,0,49,205,46,204,263,12.3,0.007,429,7.15,40,0,27,30.0,2.4,0.95,2.1,4,45,1.15,0.55,1.9,1.1,0.65,0.55
f81403b6-e451-4704-8fb2-2b5199c69394,11,8,50.07,3004,SCISSORS,0,0,21,32,39,46,0.328,0.0,0.236,0.436,0.584,0.0,0.191,0.225,0.587,0.0,0.18,0.233,117,1,0,1,0,0,0,24,76,36,77,86,5.98,0.011,344,5.73,10,0,27,30.0,2.4,0.95,2.1,4,45,1.15,0.55,1.9,1.1,0.65,0.55
97ee1159-8bf2-4a38-a45d-764f395199fb,16,8,24.22,1453,SCISSORS,0,0,33,18,29,40,0.416,0.0,0.502,0.082,0.498,0.0,0.385,0.117,0.567,0.0,0.361,0.072,87,1,0,1,0,0,0,20,59,36,60,81,10.8,0.005,368,6.13,17,0,27,30.0,2.4,0.95,2.1,4,45,1.15,0.55,1.9,1.1,0.65,0.55
624e5baa-b26d-421a-8664-ad35644351e2,16,10,46.47,2788,SCISSORS,0,0,48,111,127,143,0.358,0.109,0.287,0.246,0.516,0.14,0.197,0.147,0.622,0.095,0.185,0.099,381,1,0,1,0,0,0,124,288,138,293,359,12.01,0.005,393,6.55,34,0,27,30.0,2.4,0.95,2.1,4,45,1.15,0.55,1.9,1.1,0.65,0.55
d63c30e4-d46d-42f9-8400-8f26a539304b,13,8,32.6,1956,PAPER,0,48,0,84,100,68,0.463,0.13,0.143,0.263,0.639,0.069,0.125,0.166,0.55,0.008,0.294,0.148,252,1,1,0,0,0,0,61,161,69,164,234,13.23,0.006,436,7.27,41,0,27,30.0,2.4,0.95,2.1,4,45,1.15,0.55,1.9,1.1,0.65,0.55
bd7b42f5-12f4-4a4a-89f3-e4b71ffb03d0,19,9,38.37,2302,SCISSORS,0,0,39,78,91,104,0.577,0.02,0.269,0.134,0.503,0.182,0.193,0.121,0.601,0.054,0.178,0.167,273,0,0,0,0,0,0,90,224,96,223,254,10.84,0.003,342,5.7,34,0,27,30.0,2.4,0.95,2.1,4,45,1.15,0.55,1.9,1.1,0.65,0.55
e74aa0ed-2918-4e2e-b3b4-5ebf3f9eed0a,10,5,31.05,1863,ROCK,57,0,0,107,69,88,0.617,0.059,0.158,0.166,0.389,0.177,0.319,0.115,0.56,0.013,0.177,0.249,264,1,0,0,1,0,0,60,147,79,152,244,13.77,0.002,358,5.97,39,0,27,30.0,2.4,0.95,2.1,4,45,1.15,0.55,1.9,1.1,0.65,0.55
edc491f0-1748-4862-be62-240c07477a6c,12,6,53.67,3220,ROCK,30,0,0,62,42,52,0.478,0.0,0.154,0.368,0.309,0.012,0.284,0.394,0.632,0.054,0.165,0.149,156,1,0,0,1,0,0,36,115,48,114,135,8.22,0.007,605,10.08,21,0,27,30.0,2.4,0.95,2.1,4,45,1.15,0.55,1.9,1.1,0.65,0.55
3c363fde-5041-4667-ab0c-0f5fad2284db,17,4,62.33,3740,ROCK,36,0,0,132,108,120,0.487,0.004,0.134,0.376,0.537,0.144,0.239,0.079,0.572,0.033,0.143,0.251,360,1,0,0,1,0,0,57,223,57,226,327,9.79,0.002,530,8.83,25,0,27,30.0,2.4,0.95,2.1,4,45,1.15,0.55,1.9,1.1,0.65,0.55
c869d515-a73d-4038-bd6c-ba4904f3e967,7,6,37.22,2233,SCISSORS,0,0,51,70,87,104,0.64,0.018,0.315,0.027,0.503,0.051,0.217,0.228,0.624,0.045,0.201,0.13,261,1,0,1,0,0,0,51,196,64,195,247,10.81,0.004,373,6.22,33,0,27,30.0,2.4,0.95,2.1,4,45,1.15,0.55,1.9,1.1,0.65,0.55
490dc617-709d-446c-b370-2935546a6a37,18,10,76.22,4573,SCISSORS,0,0,21,68,75,82,0.339,0.007,0.178,0.477,0.54,0.009,0.115,0.337,0.644,0.013,0.107,0.236,225,1,0,1,0,0,0,58,176,82,175,169,5.78,0.005,478,7.97,15,0,27,30.0,2.4,0.95,2.1,4,45,1.15,0.55,1.9,1.1,0.65,0.55
9e6ff2f9-acc9-4290-9c95-2683452851b2,9,9,33.5,2010,SCISSORS,0,0,54,108,126,144,0.47,0.09,0.361,0.08,0.495,0.082,0.219,0.204,0.667,0.045,0.201,0.087,378,1,0,1,0,0,0,149,299,145,299,359,13.72,0.001,415,6.92,50,0,27,30.0,2.4,0.95,2.1,4,45,1.15,0.55,1.9,1.1,0.65,0.55
445f4080-268b-488a-8137-5d799e3729fa,6,10,54.95,3297,SCISSORS,0,0,27,85,94,103,0.529,0.024,0.189,0.258,0.618,0.012,0.153,0.217,0.758,0.011,0.142,0.089,282,1,0,1,0,0,0,96,244,111,239,256,7.37,0.006,322,5.37,11,0,27,30.0,2.4,0.95,2.1,4,45,1.15,0.55,1.9,1.1,0.65,0.55
b3480cd7-2e9b-44d8-a225-3abd3e17a892,15,4,110.72,6643,SCISSORS,0,0,18,77,83,89,0.414,0.0,0.117,0.47,0.439,0.0,0.072,0.488,0.682,0.0,0.067,0.251,249,1,0,1,0,0,0,46,145,60,149,166,4.82,0.005,498,8.3,15,0,27,30.0,2.4,0.95,2.1,4,45,1.15,0.55,1.9,1.1,0.65,0.55
33c2a744-ec23-474e-8ba0-4ed80baf1d2c,15,5,76.83,4610,ROCK,45,0,0,265,235,250,0.59,0.029,0.1,0.281,0.49,0.113,0.148,0.249,0.636,0.164,0.107,0.093,750,1,0,0,1,0,0,154,552,203,554,706,13.76,0.002,360,6.0,22,0,27,30.0,2.4,0.95,2.1,4,45,1.15,0.55,1.9,1.1,0.65,0.55
a2d4187a-2112-4a23-845f-8841f6981264,18,4,32.15,1929,PAPER,0,45,0,56,71,41,0.531,0.093,0.272,0.104,0.552,0.065,0.254,0.13,0.453,0.034,0.376,0.137,168,1,1,0,0,0,0,20,76,20,75,159,12.81,0.005,384,6.4,31,0,27,30.0,2.4,0.95,2.1,4,45,1.15,0.55,1.9,1.1,0.65,0.55
a33c4d60-a2a5-49ad-9e7f-14889fbdc4cb,7,10,21.0,1260,SCISSORS,0,0,54,29,47,65,0.433,0.0,0.472,0.095,0.504,0.024,0.341,0.131,0.687,0.0,0.313,0.0,141,1,0,1,0,0,0,48,110,47,109,133,11.17,0.0,295,4.92,13,0,27,30.0,2.4,0.95,2.1,4,45,1.15,0.55,1.9,1.1,0.65,0.55
257ba7c4-b099-4d04-958e-3d921cf615c7,19,7,33.05,1983,SCISSORS,0,0,21,14,21,28,0.305,0.0,0.471,0.224,0.446,0.0,0.315,0.239,0.516,0.0,0.27,0.214,63,1,0,1,0,0,0,3,29,8,29,46,5.3,0.001,578,9.63,20,0,27,30.0,2.4,0.95,2.1,4,45,1.15,0.55,1.9,1.1,0.65,0.55
9471a4fd-2024-460d-a057-1f1f8b429cae,9,9,52.32,3139,ROCK,57,0,0,178,140,159,0.583,0.0,0.156,0.261,0.331,0.1,0.309,0.26,0.533,0.134,0.167,0.166,477,1,0,0,1,0,0,141,352,153,361,445,12.74,0.001,589,9.82,53,0,27,30.0,2.4,0.95,2.1,4,45,1.15,0.55,1.9,1.1,0.65,0.55
18431970-1317-4e91-9d19-a3f94e22e567,5,5,65.1,3906,PAPER,0,27,0,86,95,77,0.483,0.06,0.146,0.311,0.489,0.056,0.137,0.318,0.569,0.079,0.241,0.111,258,1,1,0,0,0,0,54,183,67,179,217,7.48,0.004,571,9.52,23,0,27,30.0,2.4,0.95,2.1,4,45,1.15,0.55,1.9,1.1,0.65,0.55
83f4d06a-a4d3-4d11-9c15-6c10218f1cc3,14,10,35.63,2138,SCISSORS,0,0,15,13,18,23,0.292,0.0,0.395,0.313,0.409,0.0,0.276,0.315,0.444,0.0,0.259,0.297,54,1,0,1,0,0,0,18,35,19,33,32,5.15,0.009,468,7.8,12,0,27,30.0,2.4,0.95,2.1,4,45,1.15,0.55,1.9,1.1,0.65,0.55
f2eeb993-b350-469e-b2a5-419141ad3eec,11,8,59.35,3561,SCISSORS,0,0,42,105,119,133,0.656,0.027,0.199,0.118,0.68,0.105,0.138,0.077,0.579,0.153,0.128,0.14,357,1,0,1,0,0,0,87,290,103,293,327,10.15,0.007,396,6.6,28,0,27,30.0,2.4,0.95,2.1,4,45,1.15,0.55,1.9,1.1,0.65,0.55
ccad1733-c461-4f2a-8719-30ff56e10bc0,17,8,79.47,4768,SCISSORS,0,0,33,111,122,133,0.67,0.041,0.172,0.117,0.592,0.075,0.116,0.216,0.569,0.062,0.109,0.26,366,1,0,1,0,0,0,154,316,159,317,327,8.55,0.012,463,7.72,20,0,27,30.0,2.4,0.95,2.1,4,45,1.15,0.55,1.9,1.1,0.65,0.55
ab4cda55-2a0f-4feb-9750-260d0ce9f288,11,8,39.53,2372,PAPER,0,51,0,124,141,107,0.688,0.021,0.2,0.091,0.722,0.093,0.185,0.0,0.562,0.112,0.221,0.105,372,1,1,0,0,0,0,78,311,89,312,345,12.38,0.009,177,2.95,13,0,27,30.0,2.4,0.95,2.1,4,45,1.15,0.55,1.9,1.1,0.65,0.55
27431912-8fee-4ba9-ab61-7211018b17dc,17,4,28.73,1724,SCISSORS,0,0,33,41,52,63,0.51,0.043,0.33,0.116,0.586,0.0,0.29,0.125,0.658,0.041,0.27,0.032,156,1,0,1,0,0,0,32,73,33,74,145,10.3,0.003,249,4.15,20,0,27,30.0,2.4,0.95,2.1,4,45,1.15,0.55,1.9,1.1,0.65,0.55
3549a430-2699-4b57-8e72-3b07c7cdbccf,7,6,29.47,1768,PAPER,0,51,0,73,90,56,0.52,0.023,0.24,0.218,0.706,0.073,0.22,0.0,0.571,0.096,0.311,0.023,219,1,1,0,0,0,0,47,170,57,165,210,13.29,0.001,253,4.22,30,0,27,30.0,2.4,0.95,2.1,4,45,1.15,0.55,1.9,1.1,0.65,0.55
5ec4b9a4-4e71-4b58-8655-0a4afb5fde5d,5,8,33.87,2032,SCISSORS,0,0,21,25,32,39,0.587,0.0,0.292,0.12,0.526,0.0,0.231,0.243,0.391,0.0,0.214,0.396,96,1,0,1,0,0,0,22,65,29,65,70,6.16,0.006,277,4.62,16,0,27,30.0,2.4,0.95,2.1,4,45,1.15,0.55,1.9,1.1,0.65,0.55
23badf43-d119-4365-80a7-cf2e9e30c6de,12,10,24.62,1477,SCISSORS,0,0,15,5,10,15,0.341,0.0,0.486,0.172,0.334,0.0,0.368,0.297,0.409,0.0,0.345,0.247,30,1,0,1,0,0,0,9,18,17,18,19,4.93,0.007,352,5.87,9,0,27,30.0,2.4,0.95,2.1,4,45,1.15,0.55,1.9,1.1,0.65,0.55
2d3c9ca2-60e4-4b59-928b-7b3f47c6a1aa,13,5,38.02,2281,ROCK,36,0,0,71,47,59,0.621,0.039,0.184,0.156,0.463,0.127,0.254,0.156,0.746,0.0,0.2,0.055,177,1,0,0,1,0,0,37,142,57,141,158,8.29,0.008,276,4.6,23,0,27,30.0,2.4,0.95,2.1,4,45,1.15,0.55,1.9,1.1,0.65,0.55
a9790104-4542-4375-a4b7-e08b412030e1,12,7,29.1,1746,ROCK,39,0,0,57,31,44,0.702,0.095,0.203,0.0,0.479,0.049,0.378,0.095,0.57,0.052,0.223,0.155,132,1,0,0,1,0,0,34,110,36,109,121,11.05,0.016,406,6.77,17,0,27,30.0,2.4,0.95,2.1,4,45,1.15,0.55,1.9,1.1,0.65,0.55
8b7009e7-afe3-4605-8f98-9e9248f290c2,5,10,47.55,2853,SCISSORS,0,0,36,97,109,121,0.562,0.039,0.249,0.151,0.559,0.154,0.147,0.14,0.769,0.0,0.135,0.096,327,1,0,1,0,0,0,167,277,170,279,309,10.54,0.011,373,6.22,22,0,27,30.0,2.4,0.95,2.1,4,45,1.15,0.55,1.9,1.1,0.65,0.55
d460b163-ccd5-47b9-b5be-5d9b00de5add,17,6,28.73,1724,SCISSORS,0,0,15,8,13,18,0.435,0.0,0.394,0.171,0.484,0.0,0.258,0.258,0.33,0.0,0.238,0.432,39,1,0,1,0,0,0,9,21,10,22,19,3.79,0.0,449,7.48,11,0,27,30.0,2.4,0.95,2.1,4,45,1.15,0.55,1.9,1.1,0.65,0.55
f6ec392b-2e8f-4ec3-b7b6-e28c7fe3f487,18,7,54.58,3275,SCISSORS,0,0,51,115,132,149,0.617,0.05,0.234,0.099,0.597,0.055,0.156,0.192,0.742,0.095,0.145,0.018,396,1,0,1,0,0,0,91,347,97,346,380,12.33,0.009,380,6.33,35,0,27,30.0,2.4,0.95,2.1,4,45,1.15,0.55,1.9,1.1,0.65,0.55
db9adfef-ddb6-4be0-9d25-92e7fe395e1d,13,10,32.9,1974,SCISSORS,0,0,54,96,114,132,0.58,0.124,0.266,0.03,0.562,0.172,0.208,0.058,0.496,0.119,0.19,0.195,342,1,0,1,0,0,0,100,307,114,307,314,12.73,0.003,189,3.15,28,0,27,30.0,2.4,0.95,2.1,4,45,1.15,0.55,1.9,1.1,0.65,0.55
45114851-f139-4d8e-91a5-62d5233c321a,8,4,77.07,4624,SCISSORS,0,0,39,163,176,189,0.488,0.075,0.154,0.284,0.569,0.204,0.086,0.141,0.714,0.059,0.079,0.148,528,1,0,1,0,0,0,85,377,101,385,478,11.12,0.004,434,7.23,34,0,27,30.0,2.4,0.95,2.1,4,45,1.15,0.55,1.9,1.1,0.65,0.55
26e26095-2c4f-467b-8a6e-8438a7c8fe15,18,10,42.65,2559,SCISSORS,0,0,24,39,47,55,0.449,0.006,0.312,0.232,0.596,0.031,0.229,0.145,0.641,0.0,0.215,0.145,141,1,0,1,0,0,0,43,113,43,115,110,6.33,0.004,419,6.98,12,0,27,30.0,2.4,0.95,2.1,4,45,1.15,0.55,1.9,1.1,0.65,0.55
268f4cff-e5d3-4900-81ca-026d16836089,17,10,55.77,3346,PAPER,0,54,0,205,223,187,0.541,0.069,0.155,0.235,0.595,0.105,0.145,0.155,0.586,0.045,0.232,0.138,615,1,1,0,0,0,0,163,443,194,453,573,10.87,0.001,371,6.18,51,0,27,30.0,2.4,0.95,2.1,4,45,1.15,0.55,1.9,1.1,0.65,0.55
7b32eebe-d51d-4d92-89d1-63c080c70e78,11,9,27.02,1621,ROCK,51,0,0,100,66,83,0.59,0.009,0.281,0.12,0.349,0.145,0.478,0.028,0.522,0.0,0.302,0.176,249,1,0,0,1,0,0,75,200,83,200,230,11.95,0.002,441,7.35,40,0,27,30.0,2.4,0.95,2.1,4,45,1.15,0.55,1.9,1.1,0.65,0.55
13aea170-2e8d-4701-9fc8-3f4001929141,7,4,30.83,1850,PAPER,0,33,0,53,64,42,0.543,0.0,0.214,0.243,0.678,0.043,0.195,0.084,0.638,0.0,0.351,0.011,159,0,0,0,0,0,0,17,89,19,90,146,10.06,0.003,455,7.58,28,0,27,30.0,2.4,0.95,2.1,4,45,1.15,0.55,1.9,1.1,0.65,0.55
b7eb3957-ec32-4d5e-b7e7-0ddf6fd8a670,14,4,69.03,4142,SCISSORS,0,0,21,43,50,57,0.281,0.0,0.158,0.561,0.411,0.075,0.109,0.405,0.715,0.0,0.1,0.185,150,1,0,1,0,0,0,23,88,27,88,102,5.31,0.011,407,6.78,15,0,27,30.0,2.4,0.95,2.1,4,45,1.15,0.55,1.9,1.1,0.65,0.55
f5bbcf48-e650-48da-9033-aeb529fc8322,20,8,26.8,1608,ROCK,42,0,0,47,19,33,0.575,0.0,0.298,0.127,0.379,0.012,0.407,0.202,0.54,0.053,0.32,0.087,99,1,0,0,1,0,0,23,78,21,78,91,12.26,0.002,298,4.97,11,0,27,30.0,2.4,0.95,2.1,4,45,1.15,0.55,1.9,1.1,0.65,0.55
d8197d33-4ea1-4831-8131-fcbd6d8b4981,17,5,34.38,2063,PAPER,0,60,0,141,161,121,0.501,0.102,0.177,0.22,0.654,0.155,0.16,0.031,0.562,0.099,0.249,0.09,423,1,1,0,0,0,0,72,326,84,323,414,14.32,0.002,253,4.22,19,0,27,30.0,2.4,0.95,2.1,4,45,1.15,0.55,1.9,1.1,0.65,0.55
f6328897-90fd-4d04-8394-b8a448cf242c,18,10,51.88,3113,SCISSORS,0,0,51,161,178,195,0.597,0.116,0.21,0.077,0.613,0.047,0.161,0.18,0.535,0.119,0.149,0.197,534,1,0,1,0,0,0,143,503,151,501,518,13.4,0.004,318,5.3,14,0,27,30.0,2.4,0.95,2.1,4,45,1.15,0.55,1.9,1.1,0.65,0.55
cd6c013c-8eda-40ed-a117-ca5fb99d4302,6,5,47.95,2877,SCISSORS,0,0,54,118,136,154,0.477,0.108,0.208,0.207,0.595,0.09,0.151,0.163,0.655,0.148,0.139,0.059,408,1,0,1,0,0,0,81,316,88,322,385,11.56,0.007,307,5.12,30,0,27,30.0,2.4,0.95,2.1,4,45,1.15,0.55,1.9,1.1,0.65,0.55
94840c4f-1941-4319-9118-0fe187c07aa6,18,9,54.17,3250,SCISSORS,0,0,18,20,26,32,0.18,0.0,0.269,0.551,0.405,0.0,0.175,0.42,0.669,0.0,0.165,0.166,78,1,0,1,0,0,0,24,55,30,52,51,4.94,0.003,490,8.17,11,0,27,30.0,2.4,0.95,2.1,4,45,1.15,0.55,1.9,1.1,0.65,0.55
980be234-1649-4441-8060-91bd3865b238,17,6,52.08,3125,SCISSORS,0,0,54,131,149,167,0.546,0.106,0.267,0.082,0.618,0.027,0.165,0.19,0.736,0.018,0.154,0.093,447,1,0,1,0,0,0,64,310,76,311,419,10.53,0.006,495,8.25,38,0,27,30.0,2.4,0.95,2.1,4,45,1.15,0.55,1.9,1.1,0.65,0.55
d5ccea24-a0c9-4646-937d-00a13fb63734,7,4,70.4,4224,SCISSORS,0,0,51,186,203,220,0.685,0.12,0.157,0.038,0.753,0.09,0.092,0.065,0.76,0.143,0.084,0.013,609,1,0,1,0,0,0,93,472,106,471,572,10.51,0.004,469,7.82,47,0,27,30.0,2.4,0.95,2.1,4,45,1.15,0.55,1.9,1.1,0.65,0.55
76d666b7-e83f-45c8-89d7-9dff442510f1,7,8,48.87,2932,PAPER,0,21,0,43,50,36,0.494,0.0,0.167,0.339,0.613,0.007,0.155,0.225,0.569,0.0,0.213,0.218,129,1,1,0,0,0,0,35,104,42,106,96,6.1,0.02,347,5.78,13,0,27,30.0,2.4,0.95,2.1,4,45,1.15,0.55,1.9,1.1,0.65,0.55
953cf813-4d14-426a-a05c-f15645cba2db,18,8,25.5,1530,ROCK,21,0,0,26,12,19,0.608,0.0,0.343,0.049,0.343,0.029,0.48,0.147,0.425,0.0,0.366,0.209,57,1,0,0,1,0,0,17,44,21,44,48,6.79,0.008,380,6.33,11,0,27,30.0,2.4,0.95,2.1,4,45,1.15,0.55,1.9,1.1,0.65,0.55
b10095b6-596b-4970-81d1-8029a029a57b,19,5,82.12,4927,SCISSORS,0,0,54,320,338,356,0.591,0.163,0.138,0.108,0.561,0.122,0.1,0.217,0.548,0.128,0.093,0.231,1014,1,0,1,0,0,0,224,828,246,833,961,14.82,0.004,367,6.12,52,0,27,30.0,2.4,0.95,2.1,4,45,1.15,0.55,1.9,1.1,0.65,0.55
f054059f-4bbb-4485-9e91-7491a425fbed,6,4,26.3,1578,SCISSORS,0,0,57,63,82,101,0.443,0.057,0.38,0.12,0.532,0.089,0.313,0.066,0.614,0.095,0.291,0.0,246,1,0,1,0,0,0,14,147,21,141,236,13.28,0.001,278,4.63,29,0,27,30.0,2.4,0.95,2.1,4,45,1.15,0.55,1.9,1.1,0.65,0.55
91568276-f857-41d0-bd1f-65522bc9c39c,8,7,29.9,1794,SCISSORS,0,0,18,9,15,21,0.142,0.0,0.526,0.331,0.474,0.0,0.329,0.198,0.379,0.0,0.309,0.312,45,1,0,1,0,0,0,13,22,18,22,29,5.47,0.0,559,9.32,15,0,27,30.0,2.4,0.95,2.1,4,45,1.15,0.55,1.9,1.1,0.65,0.55
57f18d96-f6e4-4b3a-889a-a9b7765ac102,20,9,34.52,2071,SCISSORS,0,0,24,15,23,31,0.225,0.007,0.365,0.403,0.536,0.099,0.295,0.07,0.621,0.0,0.278,0.101,69,1,0,1,0,0,0,31,49,31,48,59,7.72,0.003,376,6.27,14,0,27,30.0,2.4,0.95,2.1,4,45,1.15,0.55,1.9,1.1,0.65,0.55
4d82cac0-ddc5-4cda-9abf-d4548fea1dc7,16,6,40.68,2441,SCISSORS,0,0,60,133,153,173,0.549,0.094,0.234,0.123,0.627,0.061,0.166,0.145,0.656,0.053,0.152,0.139,459,1,0,1,0,0,0,103,332,101,330,439,15.2,0.001,281,4.68,28,0,27,30.0,2.4,0.95,2.1,4,45,1.15,0.55,1.9,1.1,0.65,0.55
7e9c6def-0a50-4ee3-911d-04fe0e1483c4,10,6,44.92,2695,SCISSORS,0,0,48,84,100,116,0.553,0.041,0.304,0.102,0.545,0.1,0.171,0.184,0.59,0.124,0.158,0.128,300,1,0,1,0,0,0,46,219,59,213,279,10.05,0.006,525,8.75,45,0,27,30.0,2.4,0.95,2.1,4,45,1.15,0.55,1.9,1.1,0.65,0.55
674a6821-bd8d-4dfe-9b83-ec42ede67cf1,15,10,85.63,5138,ROCK,30,0,0,168,148,158,0.568,0.036,0.097,0.299,0.526,0.138,0.142,0.194,0.771,0.031,0.104,0.093,474,1,0,0,1,0,0,224,417,250,415,429,8.56,0.004,358,5.97,26,0,27,30.0,2.4,0.95,2.1,4,45,1.15,0.55,1.9,1.1,0.65,0.55
ef1fdd90-9223-4124-ad31-421df6a71484,18,5,55.13,3308,SCISSORS,0,0,45,87,102,117,0.387,0.015,0.192,0.406,0.421,0.225,0.145,0.208,0.73,0.113,0.134,0.023,306,1,0,1,0,0,0,46,182,55,181,279,10.59,0.001,318,5.3,16,0,27,30.0,2.4,0.95,2.1,4,45,1.15,0.55,1.9,1.1,0.65,0.55
305cff94-26b3-4cad-8136-bf24038566f2,14,6,23.4,1404,SCISSORS,0,0,54,35,53,71,0.552,0.0,0.381,0.068,0.552,0.068,0.21,0.171,0.719,0.096,0.185,0.0,159,1,0,1,0,0,0,26,103,31,101,149,11.51,0.0,404,6.73,37,0,27,30.0,2.4,0.95,2.1,4,45,1.15,0.55,1.9,1.1,0.65,0.55
e5f60611-6ccc-4ded-884a-0683d4e36c9c,8,5,22.58,1355,ROCK,42,0,0,44,16,30,0.579,0.0,0.336,0.085,0.417,0.0,0.572,0.011,0.428,0.0,0.362,0.21,90,1,0,0,1,0,0,12,48,15,48,79,9.67,0.005,465,7.75,34,0,27,30.0,2.4,0.95,2.1,4,45,1.15,0.55,1.9,1.1,0.65,0.55
ff07d9a4-c112-4f8d-abd6-319ea2d35a88,13,9,128.25,7695,ROCK,24,0,0,158,142,150,0.565,0.022,0.043,0.37,0.522,0.017,0.088,0.374,0.77,0.006,0.047,0.177,450,1,0,0,1,0,0,128,396,180,395,335,5.86,0.007,495,8.25,15,0,27,30.0,2.4,0.95,2.1,4,45,1.15,0.55,1.9,1.1,0.65,0.55
41654a6b-a2b5-4d85-896b-5f647bd92f0a,19,6,23.67,1420,SCISSORS,0,0,39,17,30,43,0.437,0.0,0.423,0.141,0.577,0.0,0.32,0.102,0.704,0.0,0.296,0.0,90,1,0,1,0,0,0,17,53,17,52,79,9.79,0.003,340,5.67,25,0,27,30.0,2.4,0.95,2.1,4,45,1.15,0.55,1.9,1.1,0.65,0.55
bd2888f9-3a0e-4e3b-a80f-8004272c4066,19,4,36.07,2164,SCISSORS,0,0,57,131,150,169,0.503,0.104,0.293,0.099,0.605,0.102,0.231,0.062,0.573,0.058,0.215,0.155,450,1,0,1,0,0,0,35,298,46,301,423,17.52,0.003,309,5.15,27,0,27,30.0,2.4,0.95,2.1,4,45,1.15,0.55,1.9,1.1,0.65,0.55
cce578a3-4887-4219-9242-6bc4faa27310,15,7,39.98,2399,SCISSORS,0,0,57,122,141,160,0.504,0.188,0.256,0.052,0.525,0.119,0.194,0.163,0.771,0.05,0.179,0.0,423,1,0,1,0,0,0,107,370,125,371,399,11.7,0.002,254,4.23,38,0,27,30.0,2.4,0.95,2.1,4,45,1.15,0.55,1.9,1.1,0.65,0.55
85119c07-d557-460a-9a8d-1089cde27532,10,4,60.22,3613,PAPER,0,45,0,204,219,189,0.598,0.05,0.126,0.227,0.613,0.108,0.116,0.163,0.633,0.112,0.202,0.053,612,1,1,0,0,0,0,58,388,67,386,573,12.06,0.002,443,7.38,44,0,27,30.0,2.4,0.95,2.1,4,45,1.15,0.55,1.9,1.1,0.65,0.55
7dd4e892-f77b-4ce3-ab3b-f77c76dc10df,18,8,25.23,1514,PAPER,0,30,0,32,42,22,0.475,0.089,0.307,0.129,0.67,0.046,0.284,0.0,0.531,0.0,0.35,0.119,96,0,0,0,0,0,0,13,68,14,67,85,9.9,0.005,239,3.98,22,0,27,30.0,2.4,0.95,2.1,4,45,1.15,0.55,1.9,1.1,0.65,0.55
33479cdd-5caf-4f86-b259-943a5b8f5685,16,4,41.82,2509,PAPER,0,54,0,132,150,114,0.518,0.169,0.173,0.139,0.655,0.036,0.159,0.149,0.452,0.108,0.289,0.151,396,1,1,0,0,0,0,71,194,83,192,364,11.93,0.002,454,7.57,40,0,27,30.0,2.4,0.95,2.1,4,45,1.15,0.55,1.9,1.1,0.65,0.55
015be7d3-a2b0-4602-a4ea-d3324aef7820,18,7,21.6,1296,SCISSORS,0,0,48,14,30,46,0.297,0.0,0.591,0.112,0.409,0.0,0.417,0.174,0.61,0.0,0.39,0.0,90,1,0,1,0,0,0,15,59,19,56,82,10.17,0.008,401,6.68,26,0,27,30.0,2.4,0.95,2.1,4,45,1.15,0.55,1.9,1.1,0.65,0.55
0507d99e-eeec-4def-b97d-80204713a0fa,17,4,64.67,3880,PAPER,0,54,0,238,256,220,0.568,0.142,0.102,0.188,0.624,0.156,0.093,0.128,0.598,0.134,0.116,0.152,714,1,1,0,0,0,0,104,387,116,396,667,11.89,0.002,170,2.83,15,0,27,30.0,2.4,0.95,2.1,4,45,1.15,0.55,1.9,1.1,0.65,0.55
7c2f257f-471f-4a64-82b6-3017cbc60a42,7,7,22.87,1372,SCISSORS,0,0,51,58,75,92,0.564,0.065,0.364,0.007,0.564,0.073,0.182,0.182,0.669,0.062,0.156,0.113,225,1,0,1,0,0,0,93,175,93,178,217,12.94,0.002,332,5.53,43,0,27,30.0,2.4,0.95,2.1,4,45,1.15,0.55,1.9,1.1,0.65,0.55
b13ffc63-5450-4b59-bd5a-8cbb28cf5d14,18,8,48.38,2903,SCISSORS,0,0,21,39,46,53,0.491,0.0,0.16,0.349,0.504,0.0,0.124,0.372,0.652,0.0,0.112,0.236,138,1,0,1,0,0,0,30,105,43,104,103,5.54,0.021,223,3.72,10,0,27,30.0,2.4,0.95,2.1,4,45,1.15,0.55,1.9,1.1,0.65,0.55
a516b3f7-8348-431b-87ea-75ce234787a9,5,4,34.42,2065,ROCK,54,0,0,89,53,71,0.535,0.073,0.215,0.177,0.494,0.077,0.387,0.041,0.47,0.119,0.232,0.179,213,1,0,0,1,0,0,22,83,23,83,198,12.36,0.003,515,8.58,51,0,27,30.0,2.4,0.95,2.1,4,45,1.15,0.55,1.9,1.1,0.65,0.55
25e88f3c-e19c-4dc1-84d2-da67dcf76b6f,6,6,108.72,6523,SCISSORS,0,0,15,49,54,59,0.36,0.0,0.092,0.548,0.359,0.0,0.075,0.566,0.61,0.0,0.07,0.32,162,1,0,1,0,0,0,37,111,34,112,81,3.77,0.008,278,4.63,7,0,27,30.0,2.4,0.95,2.1,4,45,1.15,0.55,1.9,1.1,0.65,0.55
2193b72b-4063-4790-86e4-97a32421f0c3,19,5,33.05,1983,SCISSORS,0,0,18,13,19,25,0.144,0.0,0.358,0.499,0.642,0.0,0.272,0.086,0.433,0.0,0.254,0.312,57,1,0,1,0,0,0,9,30,11,30,40,5.28,0.0,353,5.88,13,0,27,30.0,2.4,0.95,2.1,4,45,1.15,0.55,1.9,1.1,0.65,0.55
6e8bd3a9-ffbd-4bb8-8702-2b9c092f8cdc,13,5,52.78,3167,SCISSORS,0,0,57,143,162,181,0.467,0.044,0.256,0.233,0.636,0.109,0.177,0.079,0.629,0.06,0.166,0.145,486,1,0,1,0,0,0,98,286,106,298,469,13.82,0.007,437,7.28,38,0,27,30.0,2.4,0.95,2.1,4,45,1.15,0.55,1.9,1.1,0.65,0.55
ddcced59-b5cb-4deb-a684-e6c6b5702cba,16,9,26.48,1589,SCISSORS,0,0,39,32,45,58,0.45,0.047,0.497,0.006,0.503,0.0,0.333,0.164,0.491,0.044,0.311,0.154,135,1,0,1,0,0,0,28,77,28,76,121,9.13,0.005,459,7.65,36,0,27,30.0,2.4,0.95,2.1,4,45,1.15,0.55,1.9,1.1,0.65,0.55
a00f2e97-1218-4552-bc70-71fdfe83ce1f,7,8,32.37,1942,SCISSORS,0,0,48,45,61,77,0.535,0.062,0.378,0.026,0.499,0.123,0.221,0.157,0.612,0.023,0.203,0.162,183,1,0,1,0,0,0,31,113,29,115,168,9.12,0.009,432,7.2,45,0,27,30.0,2.4,0.95,2.1,4,45,1.15,0.55,1.9,1.1,0.65,0.55
fa04f43d-06bc-4ec1-9387-cf5166ef9bc7,19,5,64.57,3874,ROCK,21,0,0,51,37,44,0.408,0.0,0.106,0.486,0.437,0.0,0.165,0.397,0.764,0.0,0.115,0.121,132,1,0,0,1,0,0,16,79,21,82,92,5.64,0.012,379,6.32,14,0,27,30.0,2.4,0.95,2.1,4,45,1.15,0.55,1.9,1.1,0.65,0.55
96a3f98e-160a-46d0-b557-eea38b8b9892,8,9,45.02,2701,SCISSORS,0,0,57,103,122,141,0.506,0.063,0.324,0.107,0.407,0.12,0.198,0.274,0.598,0.154,0.185,0.063,366,1,0,1,0,0,0,107,260,122,264,344,10.57,0.006,486,8.1,54,0,27,30.0,2.4,0.95,2.1,4,45,1.15,0.55,1.9,1.1,0.65,0.55
7e94e80b-d66f-4a59-8a1e-597e25219094,11,5,31.88,1913,ROCK,24,0,0,28,12,20,0.601,0.0,0.253,0.146,0.454,0.0,0.507,0.039,0.381,0.0,0.272,0.347,60,1,0,0,1,0,0,6,28,10,28,48,6.22,0.007,598,9.97,22,0,27,30.0,2.4,0.95,2.1,4,45,1.15,0.55,1.9,1.1,0.65,0.55
5c019c0a-7b03-4d2b-95c5-37d588de6c01,11,5,50.13,3008,ROCK,33,0,0,77,55,66,0.45,0.047,0.168,0.336,0.405,0.101,0.262,0.231,0.598,0.0,0.179,0.223,198,1,0,0,1,0,0,35,111,36,116,174,8.82,0.01,448,7.47,15,0,27,30.0,2.4,0.95,2.1,4,45,1.15,0.55,1.9,1.1,0.65,0.55
ccdb8d7a-1128-4267-a853-da9ac78ad103,17,8,52.48,3149,SCISSORS,0,0,33,69,80,91,0.554,0.029,0.278,0.14,0.559,0.089,0.186,0.167,0.703,0.024,0.175,0.098,240,1,0,1,0,0,0,85,203,87,199,200,7.52,0.007,474,7.9,27,0,27,30.0,2.4,0.95,2.1,4,45,1.15,0.55,1.9,1.1,0.65,0.55
fb05a281-1f12-433c-9819-84b3835cd127,14,9,35.25,2115,SCISSORS,0,0,51,74,91,108,0.626,0.083,0.225,0.066,0.551,0.078,0.184,0.187,0.619,0.102,0.168,0.111,273,1,0,1,0,0,0,71,212,80,217,250,10.26,0.009,255,4.25,18,0,27,30.0,2.4,0.95,2.1,4,45,1.15,0.55,1.9,1.1,0.65,0.55
11aeceb5-06d6-4c8d-9e7e-8f6f8c9bf1bd,14,9,74.07,4444,PAPER,0,42,0,164,178,150,0.625,0.033,0.118,0.224,0.631,0.072,0.11,0.187,0.664,0.063,0.196,0.078,492,1,1,0,0,0,0,111,366,126,372,456,10.71,0.011,504,8.4,35,0,27,30.0,2.4,0.95,2.1,4,45,1.15,0.55,1.9,1.1,0.65,0.55
0afa2384-c49d-4e17-98bb-9b0d59d3619c,6,8,45.75,2745,SCISSORS,0,0,42,63,77,91,0.546,0.053,0.29,0.111,0.464,0.084,0.173,0.279,0.608,0.082,0.16,0.149,231,1,0,1,0,0,0,54,154,65,150,204,9.53,0.01,415,6.92,31,0,27,30.0,2.4,0.95,2.1,4,45,1.15,0.55,1.9,1.1,0.65,0.55
f544ff5c-b159-4e5c-95d1-05990e67dccf,5,9,36.45,2187,ROCK,18,0,0,30,18,24,0.422,0.0,0.208,0.37,0.363,0.0,0.358,0.279,0.482,0.0,0.224,0.295,72,1,0,0,1,0,0,20,37,24,40,50,5.28,0.009,472,7.87,16,0,27,30.0,2.4,0.95,2.1,4,45,1.15,0.55,1.9,1.1,0.65,0.55
ea255feb-47af-468d-8433-40bb989be88d,12,5,164.15,9849,PAPER,0,15,0,80,85,75,0.28,0.0,0.039,0.682,0.407,0.0,0.035,0.558,0.563,0.0,0.06,0.377,240,1,1,0,0,0,0,46,123,55,134,119,3.9,0.009,324,5.4,11,0,27,30.0,2.4,0.95,2.1,4,45,1.15,0.55,1.9,1.1,0.65,0.55
e10de065-2716-4aa1-84e6-4a9455c0def2,16,10,32.52,1951,SCISSORS,0,0,36,32,44,56,0.392,0.01,0.454,0.144,0.29,0.033,0.254,0.423,0.549,0.021,0.236,0.195,132,1,0,1,0,0,0,37,63,48,63,112,7.84,0.003,511,8.52,35,0,27,30.0,2.4,0.95,2.1,4,45,1.15,0.55,1.9,1.1,0.65,0.55
8ff38ef0-7662-47f4-8693-375c5cae8ee6,8,9,49.3,2958,SCISSORS,0,0,48,124,140,156,0.622,0.115,0.236,0.027,0.644,0.12,0.118,0.118,0.777,0.041,0.106,0.076,420,0,0,0,0,0,0,97,353,101,353,393,9.14,0.004,443,7.38,43,0,27,30.0,2.4,0.95,2.1,4,45,1.15,0.55,1.9,1.1,0.65,0.55
06cb1a8d-42f2-4787-9e2e-4a0a89ee390b,17,6,43.35,2601,SCISSORS,0,0,24,38,46,54,0.519,0.102,0.181,0.198,0.498,0.0,0.15,0.352,0.523,0.013,0.137,0.327,138,1,0,1,0,0,0,38,118,49,115,106,6.12,0.003,276,4.6,9,0,27,30.0,2.4,0.95,2.1,4,45,1.15,0.55,1.9,1.1,0.65,0.55
85028678-bab1-4bef-9929-2dffb2344792,13,5,57.75,3465,PAPER,0,51,0,162,179,145,0.683,0.079,0.128,0.11,0.674,0.088,0.118,0.12,0.642,0.1,0.192,0.066,486,1,1,0,0,0,0,80,317,84,323,466,11.52,0.002,395,6.58,23,0,27,30.0,2.4,0.95,2.1,4,45,1.15,0.55,1.9,1.1,0.65,0.55
1a05522d-ed28-4488-a4bb-8edf1da0d8bf,15,8,55.5,3330,SCISSORS,0,0,39,78,91,104,0.536,0.068,0.221,0.176,0.5,0.053,0.167,0.281,0.661,0.099,0.156,0.084,273,1,0,1,0,0,0,71,232,91,232,237,8.89,0.012,340,5.67,17,0,27,30.0,2.4,0.95,2.1,4,45,1.15,0.55,1.9,1.1,0.65,0.55
e2ab40b8-97de-4b3b-be1d-8de9d79f65c3,6,7,33.92,2035,SCISSORS,0,0,45,43,58,73,0.555,0.101,0.297,0.047,0.506,0.115,0.251,0.128,0.737,0.052,0.211,0.0,174,1,0,1,0,0,0,30,125,38,131,159,8.84,0.012,290,4.83,25,0,27,30.0,2.4,0.95,2.1,4,45,1.15,0.55,1.9,1.1,0.65,0.55
5463077c-0948-43d4-b323-bee4e2f713b6,6,6,66.58,3995,SCISSORS,0,0,18,33,39,45,0.25,0.0,0.176,0.573,0.473,0.0,0.121,0.406,0.597,0.0,0.113,0.29,117,1,0,1,0,0,0,34,80,31,82,75,4.79,0.011,430,7.17,14,0,27,30.0,2.4,0.95,2.1,4,45,1.15,0.55,1.9,1.1,0.65,0.55
c3042a71-0778-44fa-8832-7d186aa2b060,6,8,29.93,1796,SCISSORS,0,0,18,12,18,24,0.348,0.0,0.368,0.284,0.379,0.0,0.284,0.337,0.602,0.0,0.265,0.134,54,1,0,1,0,0,0,9,34,14,35,30,3.94,0.01,331,5.52,11,0,27,30.0,2.4,0.95,2.1,4,45,1.15,0.55,1.9,1.1,0.65,0.55
aefc21af-6b14-4779-87fd-995969bc9768,10,7,83.73,5024,SCISSORS,0,0,18,55,61,67,0.308,0.0,0.146,0.545,0.624,0.0,0.102,0.274,0.556,0.0,0.096,0.348,183,1,0,1,0,0,0,54,150,70,154,118,4.7,0.011,434,7.23,10,0,27,30.0,2.4,0.95,2.1,4,45,1.15,0.55,1.9,1.1,0.65,0.55
d0f86745-81d4-46aa-b38b-85d882f51dc3,13,7,35.72,2143,SCISSORS,0,0,30,21,31,41,0.564,0.014,0.399,0.023,0.424,0.035,0.249,0.291,0.571,0.072,0.233,0.124,93,1,0,1,0,0,0,9,44,16,43,74,6.29,0.013,478,7.97,28,0,27,30.0,2.4,0.95,2.1,4,45,1.15,0.55,1.9,1.1,0.65,0.55
3f1df713-75e2-4d29-91db-c9a37a9cef4d,10,9,26.65,1599,PAPER,0,39,0,45,58,32,0.597,0.0,0.219,0.184,0.684,0.041,0.197,0.078,0.575,0.0,0.403,0.022,135,1,1,0,0,0,0,34,92,41,95,130,9.82,0.004,399,6.65,31,0,27,30.0,2.4,0.95,2.1,4,45,1.15,0.55,1.9,1.1,0.65,0.55
7ed19909-b9e0-4bd2-90fc-f0d03e73dc88,10,9,21.95,1317,SCISSORS,0,0,30,18,28,38,0.258,0.034,0.64,0.068,0.314,0.0,0.386,0.299,0.458,0.0,0.36,0.182,84,1,0,1,0,0,0,23,48,27,48,72,8.57,0.006,542,9.03,27,0,27,30.0,2.4,0.95,2.1,4,45,1.15,0.55,1.9,1.1,0.65,0.55
97726c51-9761-493e-9577-4d9b239967e5,8,4,81.63,4898,SCISSORS,0,0,30,90,100,110,0.488,0.019,0.189,0.304,0.598,0.019,0.113,0.269,0.767,0.056,0.106,0.07,300,1,0,1,0,0,0,35,123,36,121,233,6.79,0.004,578,9.63,29,0,27,30.0,2.4,0.95,2.1,4,45,1.15,0.55,1.9,1.1,0.65,0.55
7f263a5d-8d86-4f03-962a-8df11dc1c749,8,7,39.48,2369,SCISSORS,0,0,24,25,33,41,0.494,0.0,0.369,0.137,0.439,0.036,0.247,0.278,0.466,0.013,0.232,0.289,99,1,0,1,0,0,0,16,66,19,65,78,6.15,0.005,494,8.23,17,0,27,30.0,2.4,0.95,2.1,4,45,1.15,0.55,1.9,1.1,0.65,0.55
e954532e-1540-4f4b-b476-2b9c734dfd2f,20,5,24.05,1443,SCISSORS,0,0,24,7,15,23,0.356,0.0,0.519,0.125,0.481,0.0,0.415,0.104,0.45,0.028,0.391,0.131,45,1,0,1,0,0,0,7,24,6,21,37,7.62,0.0,358,5.97,14,0,27,30.0,2.4,0.95,2.1,4,45,1.15,0.55,1.9,1.1,0.65,0.55
2cc88b5e-45d1-4856-b466-74c9ee7494ae,15,6,41.52,2491,SCISSORS,0,0,60,138,158,178,0.468,0.112,0.251,0.169,0.594,0.155,0.189,0.062,0.592,0.026,0.175,0.207,474,1,0,1,0,0,0,98,348,87,349,453,15.56,0.005,266,4.43,20,0,27,30.0,2.4,0.95,2.1,4,45,1.15,0.55,1.9,1.1,0.65,0.55
f96c4831-a69c-4689-afe2-ebab08993532,9,10,37.03,2222,PAPER,0,45,0,91,106,76,0.562,0.038,0.231,0.169,0.515,0.137,0.216,0.133,0.661,0.022,0.285,0.031,273,1,1,0,0,0,0,96,235,117,231,254,10.06,0.003,252,4.2,25,0,27,30.0,2.4,0.95,2.1,4,45,1.15,0.55,1.9,1.1,0.65,0.55
17da66e1-6201-48b0-bbb3-fb5018719dc8,20,10,126.08,7565,ROCK,27,0,0,151,133,142,0.855,0.0,0.07,0.075,0.476,0.02,0.091,0.413,0.369,0.061,0.075,0.495,426,1,0,0,1,0,0,146,353,188,356,327,6.52,0.006,290,4.83,11,0,27,30.0,2.4,0.95,2.1,4,45,1.15,0.55,1.9,1.1,0.65,0.55
f23c2249-7db6-4eff-bb2d-a2f0b800c243,11,10,24.0,1440,ROCK,60,0,0,83,43,63,0.594,0.0,0.306,0.101,0.392,0.007,0.594,0.007,0.406,0.0,0.33,0.264,189,1,0,0,1,0,0,58,124,61,124,186,13.29,0.002,485,8.08,56,0,27,30.0,2.4,0.95,2.1,4,45,1.15,0.55,1.9,1.1,0.65,0.55
1f9a7cf4-f710-4bba-a017-94b70e4cf685,8,5,58.18,3491,PAPER,0,33,0,97,108,86,0.639,0.043,0.132,0.186,0.55,0.102,0.122,0.226,0.741,0.0,0.139,0.12,291,1,1,0,0,0,0,68,247,86,245,253,8.3,0.001,221,3.68,3,0,27,30.0,2.4,0.95,2.1,4,45,1.15,0.55,1.9,1.1,0.65,0.55
a4f5e88b-51aa-4b86-ad0b-d6cdd2019465,15,4,49.98,2999,PAPER,0,24,0,46,54,38,0.495,0.0,0.16,0.345,0.462,0.072,0.17,0.297,0.472,0.06,0.295,0.173,138,1,1,0,0,0,0,20,64,27,61,103,6.27,0.006,614,10.23,23,0,27,30.0,2.4,0.95,2.1,4,45,1.15,0.55,1.9,1.1,0.65,0.55
e3cc47a1-328d-41b0-8864-7672a4393834,15,8,42.52,2551,ROCK,45,0,0,95,65,80,0.545,0.047,0.169,0.239,0.402,0.057,0.353,0.188,0.545,0.035,0.182,0.237,240,1,0,0,1,0,0,65,184,75,183,220,11.69,0.004,591,9.85,40,0,27,30.0,2.4,0.95,2.1,4,45,1.15,0.55,1.9,1.1,0.65,0.55
beb0047a-063e-461b-a83d-fb8f85783b99,11,4,81.62,4897,SCISSORS,0,0,45,170,185,200,0.684,0.056,0.155,0.105,0.576,0.117,0.123,0.184,0.614,0.167,0.116,0.102,555,1,0,1,0,0,0,113,494,145,493,507,10.68,0.004,372,6.2,21,0,27,30.0,2.4,0.95,2.1,4,45,1.15,0.55,1.9,1.1,0.65,0.55
222ae9a3-ab14-444d-83e8-2581581d283e,15,5,32.32,1939,SCISSORS,0,0,33,32,43,54,0.361,0.07,0.41,0.16,0.526,0.064,0.286,0.124,0.613,0.0,0.268,0.119,129,1,0,1,0,0,0,25,82,38,81,115,9.16,0.009,414,6.9,26,0,27,30.0,2.4,0.95,2.1,4,45,1.15,0.55,1.9,1.1,0.65,0.55
ca65ec58-ab04-4934-9655-2d541614a3ba,13,6,26.87,1612,SCISSORS,0,0,45,39,54,69,0.498,0.028,0.458,0.015,0.542,0.0,0.362,0.096,0.449,0.17,0.341,0.04,162,1,0,1,0,0,0,53,124,60,125,152,11.42,0.002,347,5.78,35,0,27,30.0,2.4,0.95,2.1,4,45,1.15,0.55,1.9,1.1,0.65,0.55
6a450181-5d30-4b6d-a2e1-358ed71cd425,17,5,37.8,2268,SCISSORS,0,0,39,67,80,93,0.637,0.073,0.278,0.013,0.485,0.077,0.214,0.225,0.5,0.099,0.198,0.203,240,1,0,1,0,0,0,39,169,48,170,212,10.12,0.006,308,5.13,25,0,27,30.0,2.4,0.95,2.1,4,45,1.15,0.55,1.9,1.1,0.65,0.55
fd5d8b6b-fa71-4062-8fb0-855c232295db,13,9,41.92,2515,SCISSORS,0,0,51,98,115,132,0.509,0.177,0.258,0.056,0.555,0.101,0.199,0.145,0.59,0.137,0.185,0.087,345,1,0,1,0,0,0,116,298,109,294,318,11.62,0.006,310,5.17,28,0,27,30.0,2.4,0.95,2.1,4,45,1.15,0.55,1.9,1.1,0.65,0.55
edd2be2a-f577-475b-915e-4ed2011f342f,11,6,52.7,3162,PAPER,0,39,0,98,111,85,0.624,0.084,0.142,0.15,0.705,0.024,0.131,0.141,0.585,0.062,0.182,0.172,294,1,1,0,0,0,0,67,200,84,206,263,8.76,0.006,297,4.95,33,0,27,30.0,2.4,0.95,2.1,4,45,1.15,0.55,1.9,1.1,0.65,0.55
18f19516-9b31-478f-a09a-6e9d8f598f4f,11,4,43.82,2629,SCISSORS,0,0,33,39,50,61,0.648,0.0,0.274,0.078,0.494,0.116,0.211,0.179,0.582,0.139,0.198,0.082,150,1,0,1,0,0,0,28,112,29,114,135,9.05,0.003,334,5.57,18,0,27,30.0,2.4,0.95,2.1,4,45,1.15,0.55,1.9,1.1,0.65,0.55
64e07d00-9744-496f-9fff-17b34012def0,12,6,39.2,2352,PAPER,0,33,0,79,90,68,0.484,0.045,0.195,0.276,0.607,0.0,0.18,0.212,0.586,0.0,0.248,0.166,237,1,1,0,0,0,0,54,173,66,169,210,8.58,0.004,322,5.37,18,0,27,30.0,2.4,0.95,2.1,4,45,1.15,0.55,1.9,1.1,0.65,0.55
b0a2a8ee-c01d-43bb-9000-3ee2dac2d618,16,8,36.12,2167,SCISSORS,0,0,36,43,55,67,0.442,0.177,0.306,0.074,0.574,0.014,0.235,0.177,0.553,0.113,0.219,0.115,165,1,0,1,0,0,0,53,131,56,131,150,10.39,0.011,352,5.87,16,0,27,30.0,2.4,0.95,2.1,4,45,1.15,0.55,1.9,1.1,0.65,0.55
739f20ad-4df6-4eec-8fca-5eae810f5c51,14,9,36.65,2199,SCISSORS,0,0,48,67,83,99,0.689,0.041,0.243,0.027,0.616,0.045,0.218,0.12,0.566,0.084,0.202,0.148,249,1,0,1,0,0,0,95,201,106,204,236,11.91,0.004,219,3.65,15,0,27,30.0,2.4,0.95,2.1,4,45,1.15,0.55,1.9,1.1,0.65,0.55
c871c58a-3b7f-4b0a-bf2d-6daaac58a3ec,15,9,43.3,2598,SCISSORS,0,0,42,70,84,98,0.458,0.029,0.329,0.185,0.467,0.058,0.225,0.25,0.585,0.087,0.212,0.117,252,1,0,1,0,0,0,86,193,104,192,225,10.77,0.002,458,7.63,25,0,27,30.0,2.4,0.95,2.1,4,45,1.15,0.55,1.9,1.1,0.65,0.55
2cad3e22-c6f1-4364-8c22-9aea308abca1,18,5,49.58,2975,SCISSORS,0,0,45,95,110,125,0.524,0.123,0.291,0.062,0.669,0.007,0.161,0.163,0.57,0.096,0.15,0.185,330,1,0,1,0,0,0,106,234,103,235,304,9.32,0.004,570,9.5,44,0,27,30.0,2.4,0.95,2.1,4,45,1.15,0.55,1.9,1.1,0.65,0.55
eb530924-3718-48fe-8398-02c36b05551c,6,5,37.65,2259,ROCK,54,0,0,96,60,78,0.622,0.007,0.239,0.133,0.473,0.066,0.407,0.053,0.593,0.0,0.254,0.153,234,1,0,0,1,0,0,46,133,47,131,214,10.76,0.002,539,8.98,45,0,27,30.0,2.4,0.95,2.1,4,45,1.15,0.55,1.9,1.1,0.65,0.55
68b0bcd1-e246-4d7b-8499-7e161cd7de22,14,8,89.95,5397,ROCK,18,0,0,82,70,76,0.397,0.0,0.091,0.512,0.44,0.006,0.155,0.4,0.624,0.0,0.097,0.279,228,1,0,0,1,0,0,92,189,95,192,147,4.87,0.005,472,7.87,8,0,27,30.0,2.4,0.95,2.1,4,45,1.15,0.55,1.9,1.1,0.65,0.55
497a71b6-6188-4a91-b087-5c9bdb69e555,8,8,40.4,2424,SCISSORS,0,0,42,75,89,103,0.563,0.014,0.346,0.076,0.458,0.012,0.2,0.33,0.612,0.052,0.186,0.151,267,1,0,1,0,0,0,73,191,84,188,245,10.33,0.007,454,7.57,41,0,27,30.0,2.4,0.95,2.1,4,45,1.15,0.55,1.9,1.1,0.65,0.55
51b849e5-99eb-4184-88a8-7eb8a8c869d1,11,7,55.83,3350,SCISSORS,0,0,24,46,54,62,0.246,0.0,0.131,0.622,0.7,0.006,0.101,0.193,0.637,0.0,0.091,0.272,162,1,0,1,0,0,0,60,113,71,117,120,7.01,0.006,290,4.83,13,0,27,30.0,2.4,0.95,2.1,4,45,1.15,0.55,1.9,1.1,0.65,0.55
cd02899f-af31-4a2b-8dc2-354aaacd3872,12,4,74.48,4469,SCISSORS,0,0,33,112,123,134,0.661,0.01,0.116,0.213,0.591,0.043,0.089,0.277,0.583,0.049,0.082,0.286,369,1,0,1,0,0,0,83,273,103,268,318,8.28,0.002,219,3.65,22,0,27,30.0,2.4,0.95,2.1,4,45,1.15,0.55,1.9,1.1,0.65,0.55
4a5d763d-d5ce-4c56-a218-6d01a4fb85b9,9,9,54.3,3258,PAPER,0,36,0,130,142,118,0.413,0.055,0.169,0.363,0.613,0.137,0.158,0.092,0.621,0.052,0.239,0.087,390,1,1,0,0,0,0,175,327,191,325,355,10.22,0.002,413,6.88,27,0,27,30.0,2.4,0.95,2.1,4,45,1.15,0.55,1.9,1.1,0.65,0.55
897cc33c-8290-4abb-96bd-b507a825626c,14,5,27.92,1675,SCISSORS,0,0,27,24,33,42,0.567,0.0,0.34,0.093,0.546,0.054,0.266,0.134,0.606,0.09,0.245,0.06,99,1,0,1,0,0,0,18,66,19,66,92,7.38,0.007,335,5.58,19,0,27,30.0,2.4,0.95,2.1,4,45,1.15,0.55,1.9,1.1,0.65,0.55
91c5af05-f082-4288-baca-4a61e64ce2a3,9,6,21.62,1297,SCISSORS,0,0,42,12,26,40,0.45,0.023,0.512,0.015,0.488,0.0,0.465,0.046,0.562,0.0,0.438,0.0,78,1,0,1,0,0,0,8,52,9,51,73,10.71,0.004,272,4.53,18,0,27,30.0,2.4,0.95,2.1,4,45,1.15,0.55,1.9,1.1,0.65,0.55
cbc68c84-c99f-4baf-af47-66f3ede94a5b,20,4,68.9,4134,ROCK,27,0,0,107,89,98,0.464,0.057,0.079,0.4,0.525,0.045,0.16,0.271,0.682,0.011,0.087,0.22,294,1,0,0,1,0,0,51,138,48,139,237,7.02,0.003,414,6.9,18,0,27,30.0,2.4,0.95,2.1,4,45,1.15,0.55,1.9,1.1,0.65,0.55
ba677b94-d71b-482b-b8eb-5c125d559757,12,8,54.38,3263,PAPER,0,60,0,262,282,242,0.616,0.119,0.135,0.13,0.663,0.179,0.124,0.034,0.602,0.152,0.199,0.047,786,1,1,0,0,0,0,222,670,243,678,757,14.03,0.004,328,5.47,37,0,27,30.0,2.4,0.95,2.1,4,45,1.15,0.55,1.9,1.1,0.65,0.55
a157c479-90e9-4ce3-8fa9-77a8c555a61c,7,8,29.17,1750,ROCK,36,0,0,53,29,41,0.526,0.0,0.22,0.254,0.52,0.029,0.357,0.094,0.56,0.083,0.24,0.117,123,1,0,0,1,0,0,32,70,41,69,112,10.37,0.003,330,5.5,31,0,27,30.0,2.4,0.95,2.1,4,45,1.15,0.55,1.9,1.1,0.65,0.55
78a1032a-101f-4016-955f-f75d6b1f0de8,11,5,22.23,1334,PAPER,0,21,0,14,21,7,0.438,0.0,0.348,0.213,0.569,0.0,0.322,0.109,0.449,0.0,0.483,0.067,42,1,1,0,0,0,0,9,18,11,19,34,6.52,0.01,389,6.48,18,0,27,30.0,2.4,0.95,2.1,4,45,1.15,0.55,1.9,1.1,0.65,0.55
83ff00f6-1b53-406c-a64f-32c988b99fb4,14,5,38.4,2304,SCISSORS,0,0,33,34,45,56,0.568,0.024,0.271,0.137,0.67,0.024,0.174,0.132,0.759,0.0,0.158,0.082,135,1,0,1,0,0,0,22,105,20,105,122,8.76,0.015,424,7.07,20,0,27,30.0,2.4,0.95,2.1,4,45,1.15,0.55,1.9,1.1,0.65,0.55
a589eaca-2485-4531-843e-7b4754010cda,6,9,99.03,5942,PAPER,0,42,0,303,317,289,0.629,0.119,0.094,0.158,0.765,0.123,0.088,0.024,0.695,0.087,0.141,0.077,909,1,1,0,0,0,0,332,757,357,768,856,10.56,0.003,462,7.7,36,0,27,30.0,2.4,0.95,2.1,4,45,1.15,0.55,1.9,1.1,0.65,0.55
883127c4-d705-46e2-a1cb-2ad1db61aeb5,6,10,26.93,1616,SCISSORS,0,0,18,11,17,23,0.288,0.0,0.467,0.245,0.347,0.0,0.3,0.353,0.508,0.0,0.279,0.214,51,1,0,1,0,0,0,11,38,18,36,36,4.86,0.003,476,7.93,13,0,27,30.0,2.4,0.95,2.1,4,45,1.15,0.55,1.9,1.1,0.65,0.55
2f7add0b-865e-4da4-a1f1-504277b63c23,13,9,325.1,19506,SCISSORS,0,0,18,265,271,277,0.515,0.0,0.042,0.443,0.471,0.007,0.029,0.493,0.565,0.0,0.027,0.408,813,1,0,1,0,0,0,340,698,401,692,518,4.53,0.011,431,7.18,15,0,27,30.0,2.4,0.95,2.1,4,45,1.15,0.55,1.9,1.1,0.65,0.55
e6e774ab-f70a-4170-815b-e4ee9e5d3065,10,4,31.48,1889,ROCK,39,0,0,58,32,45,0.582,0.048,0.272,0.098,0.474,0.0,0.444,0.082,0.556,0.0,0.291,0.153,135,1,0,0,1,0,0,14,87,28,89,126,10.12,0.008,489,8.15,22,0,27,30.0,2.4,0.95,2.1,4,45,1.15,0.55,1.9,1.1,0.65,0.55
6fdc4e43-31ed-41ff-b4c8-9ddfbbf8a532,6,5,132.6,7956,SCISSORS,0,0,30,220,230,240,0.646,0.045,0.114,0.195,0.721,0.077,0.062,0.14,0.818,0.031,0.058,0.093,690,1,0,1,0,0,0,199,540,222,541,604,7.29,0.011,621,10.35,28,0,27,30.0,2.4,0.95,2.1,4,45,1.15,0.55,1.9,1.1,0.65,0.55
75b6137b-c3a1-4ad8-81fb-2546eb3ab9a3,16,5,41.27,2476,ROCK,18,0,0,28,16,22,0.408,0.0,0.21,0.382,0.339,0.0,0.305,0.356,0.616,0.0,0.224,0.16,66,1,0,0,1,0,0,26,43,25,41,42,5.36,0.011,301,5.02,10,0,27,30.0,2.4,0.95,2.1,4,45,1.15,0.55,1.9,1.1,0.65,0.55
a438de58-bae2-4f91-92d5-b3a15d6e11cd,17,4,76.47,4588,ROCK,48,0,0,204,172,188,0.587,0.097,0.101,0.215,0.422,0.095,0.181,0.303,0.615,0.075,0.109,0.2,564,1,0,0,1,0,0,77,346,94,340,517,11.07,0.01,513,8.55,44,0,27,30.0,2.4,0.95,2.1,4,45,1.15,0.55,1.9,1.1,0.65,0.55
90b22c16-e03f-4289-9218-bd35d37e758d,11,9,24.88,1493,SCISSORS,0,0,51,47,64,81,0.331,0.08,0.381,0.207,0.475,0.057,0.328,0.14,0.465,0.013,0.304,0.217,192,1,0,1,0,0,0,47,126,48,129,184,12.11,0.006,238,3.97,24,0,27,30.0,2.4,0.95,2.1,4,45,1.15,0.55,1.9,1.1,0.65,0.55
839451a1-604f-47ef-a817-be1e148128dc,6,4,52.02,3121,SCISSORS,0,0,33,62,73,84,0.662,0.03,0.215,0.093,0.595,0.066,0.173,0.167,0.649,0.04,0.162,0.149,219,1,0,1,0,0,0,60,120,62,123,196,8.95,0.014,301,5.02,20,0,27,30.0,2.4,0.95,2.1,4,45,1.15,0.55,1.9,1.1,0.65,0.55
e64a3190-c9ee-4403-8f90-b60935266b0d,17,9,30.53,1832,PAPER,0,18,0,19,25,13,0.493,0.0,0.262,0.245,0.417,0.0,0.243,0.341,0.319,0.0,0.365,0.316,57,1,1,0,0,0,0,34,35,35,34,44,5.63,0.008,377,6.28,15,0,27,30.0,2.4,0.95,2.1,4,45,1.15,0.55,1.9,1.1,0.65,0.55
d7694722-f3aa-40cc-a91e-4f259b5b3579,18,9,99.75,5985,PAPER,0,51,0,380,397,363,0.534,0.165,0.066,0.235,0.83,0.073,0.06,0.037,0.755,0.066,0.104,0.075,1140,1,1,0,0,0,0,600,1038,630,1041,1084,12.18,0.007,380,6.33,33,0,27,30.0,2.4,0.95,2.1,4,45,1.15,0.55,1.9,1.1,0.65,0.55
d008ea46-09fd-4a7b-b131-9640c3b61949,6,7,31.12,1867,PAPER,0,54,0,75,93,57,0.452,0.029,0.299,0.219,0.567,0.008,0.281,0.144,0.487,0.029,0.433,0.051,225,1,1,0,0,0,0,48,144,47,140,214,13.88,0.0,437,7.28,50,0,27,30.0,2.4,0.95,2.1,4,45,1.15,0.55,1.9,1.1,0.65,0.55
4c0ad001-93b7-4d2f-84b5-b4e5e308744a,16,5,53.53,3212,SCISSORS,0,0,18,27,33,39,0.425,0.0,0.274,0.302,0.622,0.0,0.179,0.199,0.328,0.0,0.168,0.504,99,1,0,1,0,0,0,18,50,19,48,59,4.61,0.006,527,8.78,16,0,27,30.0,2.4,0.95,2.1,4,45,1.15,0.55,1.9,1.1,0.65,0.55
1d783bc3-ff6b-46c1-9fed-6920c332d4b5,20,4,44.07,2644,SCISSORS,0,0,48,91,107,123,0.535,0.132,0.284,0.049,0.514,0.102,0.219,0.164,0.518,0.034,0.206,0.242,321,1,0,1,0,0,0,45,192,58,184,307,11.19,0.002,384,6.4,38,0,27,30.0,2.4,0.95,2.1,4,45,1.15,0.55,1.9,1.1,0.65,0.55
a7c2e6fa-431b-4695-bcc2-6aac59c2a73a,13,7,53.17,3190,PAPER,0,60,0,213,233,193,0.638,0.113,0.143,0.107,0.589,0.091,0.132,0.188,0.682,0.085,0.166,0.067,639,1,1,0,0,0,0,156,584,181,584,611,14.23,0.009,220,3.67,10,0,27,30.0,2.4,0.95,2.1,4,45,1.15,0.55,1.9,1.1,0.65,0.55
d5084525-49e1-4de4-a932-dbdb6b0dc4f7,20,10,27.33,1640,SCISSORS,0,0,39,16,29,42,0.43,0.07,0.439,0.061,0.561,0.0,0.363,0.076,0.552,0.107,0.341,0.0,87,1,0,1,0,0,0,19,63,21,63,82,11.28,0.01,320,5.33,18,0,27,30.0,2.4,0.95,2.1,4,45,1.15,0.55,1.9,1.1,0.65,0.55
484d40c0-8c00-4215-981c-9f01fb343639,13,10,45.68,2741,PAPER,0,60,0,142,162,122,0.604,0.026,0.206,0.164,0.637,0.009,0.193,0.161,0.622,0.053,0.321,0.004,426,1,1,0,0,0,0,128,337,148,342,401,12.65,0.005,456,7.6,57,0,27,30.0,2.4,0.95,2.1,4,45,1.15,0.55,1.9,1.1,0.65,0.55
4d6a4e77-9ed5-458f-8414-1414db8175b3,10,4,131.77,7906,ROCK,39,0,0,248,222,235,0.74,0.093,0.07,0.097,0.691,0.133,0.128,0.048,0.621,0.099,0.074,0.206,705,1,0,0,1,0,0,80,478,87,474,642,9.41,0.003,636,10.6,38,0,27,30.0,2.4,0.95,2.1,4,45,1.15,0.55,1.9,1.1,0.65,0.55
d7e6d3dc-9726-4f82-97ca-1ec3091085ac,5,9,49.58,2975,SCISSORS,0,0,30,58,68,78,0.36,0.057,0.281,0.303,0.629,0.091,0.198,0.082,0.585,0.008,0.187,0.22,204,1,0,1,0,0,0,56,168,57,167,169,8.1,0.005,460,7.67,16,0,27,30.0,2.4,0.95,2.1,4,45,1.15,0.55,1.9,1.1,0.65,0.55
5527105f-444f-4feb-affe-d60772c13a3a,9,7,25.13,1508,SCISSORS,0,0,15,4,9,14,0.295,0.0,0.48,0.225,0.444,0.0,0.394,0.162,0.493,0.0,0.371,0.136,27,1,0,1,0,0,0,4,15,11,15,20,4.3,0.0,343,5.72,7,0,27,30.0,2.4,0.95,2.1,4,45,1.15,0.55,1.9,1.1,0.65,0.55
d4c65b17-152a-4735-a338-6f06bedd3550,17,7,60.45,3627,SCISSORS,0,0,27,59,68,77,0.64,0.043,0.182,0.135,0.66,0.026,0.143,0.171,0.606,0.014,0.134,0.247,204,1,0,1,0,0,0,60,159,53,161,168,7.17,0.005,357,5.95,13,0,27,30.0,2.4,0.95,2.1,4,45,1.15,0.55,1.9,1.1,0.65,0.55
2d0d2c0d-25ce-4086-80a5-6fe5e9d036f4,16,10,48.6,2916,SCISSORS,0,0,51,125,142,159,0.554,0.07,0.298,0.077,0.544,0.105,0.197,0.154,0.569,0.041,0.185,0.204,426,1,0,1,0,0,0,122,331,128,334,399,12.16,0.004,461,7.68,43,0,27,30.0,2.4,0.95,2.1,4,45,1.15,0.55,1.9,1.1,0.65,0.55
929a2e5d-ef6b-4c8d-8f47-93bea383f43f,17,7,78.98,4739,SCISSORS,0,0,48,237,253,269,0.65,0.112,0.156,0.082,0.562,0.141,0.122,0.174,0.741,0.065,0.115,0.079,759,1,0,1,0,0,0,166,621,181,623,724,11.72,0.008,339,5.65,16,0,27,30.0,2.4,0.95,2.1,4,45,1.15,0.55,1.9,1.1,0.65,0.55
eafea3cc-d5db-488f-976a-32c2991801f9,5,7,27.97,1678,PAPER,0,51,0,63,80,46,0.58,0.042,0.342,0.036,0.592,0.086,0.321,0.0,0.56,0.0,0.378,0.062,189,1,1,0,0,0,0,53,161,52,161,186,12.11,0.004,238,3.97,7,0,27,30.0,2.4,0.95,2.1,4,45,1.15,0.55,1.9,1.1,0.65,0.55
1dd2836d-6fd8-4be9-a6f5-d71e30a456a5,11,5,64.93,3896,SCISSORS,0,0,15,27,32,37,0.151,0.0,0.142,0.706,0.348,0.0,0.126,0.526,0.655,0.0,0.117,0.228,96,1,0,1,0,0,0,23,56,32,50,55,4.53,0.008,296,4.93,7,0,27,30.0,2.4,0.95,2.1,4,45,1.15,0.55,1.9,1.1,0.65,0.55
e3e3ba39-f7e8-4327-9d49-1462801f844a,18,7,110.83,6650,SCISSORS,0,0,33,172,183,194,0.585,0.038,0.121,0.256,0.45,0.098,0.073,0.379,0.803,0.055,0.068,0.074,549,1,0,1,0,0,0,131,410,145,419,460,7.91,0.004,525,8.75,25,0,27,30.0,2.4,0.95,2.1,4,45,1.15,0.55,1.9,1.1,0.65,0.55
ce4d481a-6775-42ae-aa9b-67151245a28c,8,8,67.1,4026,ROCK,54,0,0,233,197,215,0.673,0.111,0.135,0.081,0.569,0.13,0.154,0.147,0.643,0.19,0.144,0.022,645,1,0,0,1,0,0,233,557,232,555,613,12.47,0.004,226,3.77,5,0,27,30.0,2.4,0.95,2.1,4,45,1.15,0.55,1.9,1.1,0.65,0.55
49aad6af-3b74-4b5b-9d9d-84d49beda1c7,15,6,32.35,1941,SCISSORS,0,0,24,15,23,31,0.466,0.062,0.392,0.08,0.536,0.0,0.307,0.157,0.552,0.0,0.289,0.16,69,1,0,1,0,0,0,15,39,20,38,59,6.81,0.003,371,6.18,12,0,27,30.0,2.4,0.95,2.1,4,45,1.15,0.55,1.9,1.1,0.65,0.55
b73a6c52-2c5b-4e3c-80da-f51729c1712e,17,9,29.95,1797,SCISSORS,0,0,45,37,52,67,0.4,0.2,0.361,0.039,0.536,0.067,0.311,0.086,0.497,0.089,0.292,0.122,156,1,0,1,0,0,0,38,130,41,128,144,10.11,0.005,277,4.62,15,0,27,30.0,2.4,0.95,2.1,4,45,1.15,0.55,1.9,1.1,0.65,0.55
a1372064-119b-470b-afb2-6e209c18d438,12,6,32.6,1956,ROCK,51,0,0,111,77,94,0.673,0.074,0.228,0.026,0.634,0.033,0.325,0.008,0.593,0.082,0.246,0.079,282,1,0,0,1,0,0,65,231,86,229,272,12.76,0.002,346,5.77,35,0,27,30.0,2.4,0.95,2.1,4,45,1.15,0.55,1.9,1.1,0.65,0.55
b36467ba-cf0f-4363-a8af-28c96c1b8060,16,10,96.32,5779,SCISSORS,0,0,36,160,172,184,0.525,0.086,0.114,0.275,0.644,0.069,0.081,0.205,0.575,0.112,0.075,0.237,516,1,0,1,0,0,0,168,408,212,417,450,9.11,0.006,379,6.32,20,0,27,30.0,2.4,0.95,2.1,4,45,1.15,0.55,1.9,1.1,0.65,0.55
6e7c86f7-28d1-43dc-acd2-b9f56f89316a,6,5,48.98,2939,PAPER,0,48,0,116,132,100,0.58,0.126,0.196,0.099,0.582,0.119,0.184,0.116,0.469,0.17,0.265,0.095,348,1,1,0,0,0,0,78,259,86,259,335,11.76,0.004,409,6.82,40,0,27,30.0,2.4,0.95,2.1,4,45,1.15,0.55,1.9,1.1,0.65,0.55
0770efe3-4e90-40c4-8efa-3499c2de8a52,8,9,92.2,5532,PAPER,0,18,0,75,81,69,0.386,0.0,0.109,0.505,0.533,0.0,0.103,0.364,0.569,0.0,0.142,0.289,225,1,1,0,0,0,0,107,178,105,170,158,4.97,0.01,402,6.7,16,0,27,30.0,2.4,0.95,2.1,4,45,1.15,0.55,1.9,1.1,0.65,0.55
95f8b229-dc89-4ffd-ad9a-3d04986cf70e,13,10,62.1,3726,SCISSORS,0,0,24,48,56,64,0.677,0.013,0.196,0.114,0.471,0.02,0.166,0.342,0.475,0.028,0.157,0.34,168,1,0,1,0,0,0,66,140,68,141,114,5.83,0.01,326,5.43,13,0,27,30.0,2.4,0.95,2.1,4,45,1.15,0.55,1.9,1.1,0.65,0.55
c6eee5b3-a3d1-43cf-83fd-1c6ad964da34,13,10,47.38,2843,PAPER,0,39,0,90,103,77,0.513,0.095,0.207,0.185,0.58,0.014,0.195,0.211,0.469,0.011,0.288,0.232,270,1,1,0,0,0,0,84,202,80,200,246,10.41,0.002,413,6.88,28,0,27,30.0,2.4,0.95,2.1,4,45,1.15,0.55,1.9,1.1,0.65,0.55
77485bad-e94f-48b9-9361-89671372f6a5,17,9,30.53,1832,PAPER,0,39,0,39,52,26,0.493,0.079,0.302,0.125,0.589,0.082,0.283,0.046,0.447,0.0,0.428,0.125,117,1,1,0,0,0,0,35,91,31,91,105,8.98,0.012,397,6.62,22,0,27,30.0,2.4,0.95,2.1,4,45,1.15,0.55,1.9,1.1,0.65,0.55
d756927e-955e-45ac-83e3-f6c2bd7c3a65,20,10,39.75,2385,PAPER,0,51,0,103,120,86,0.451,0.203,0.22,0.126,0.551,0.038,0.205,0.205,0.449,0.101,0.247,0.203,309,1,1,0,0,0,0,86,238,84,242,294,13.42,0.008,205,3.42,8,0,27,30.0,2.4,0.95,2.1,4,45,1.15,0.55,1.9,1.1,0.65,0.55
dad91655-a2b0-4953-a27e-61395d38561c,12,5,42.03,2522,SCISSORS,0,0,60,107,127,147,0.416,0.168,0.305,0.111,0.499,0.168,0.216,0.117,0.659,0.006,0.202,0.133,381,1,0,1,0,0,0,88,217,94,228,367,13.67,0.002,377,6.28,42,0,27,30.0,2.4,0.95,2.1,4,45,1.15,0.55,1.9,1.1,0.65,0.55
4e29bdbd-28ea-4a18-a63c-b23f87f0d43a,19,4,32.3,1938,PAPER,0,36,0,44,56,32,0.603,0.0,0.291,0.106,0.461,0.057,0.273,0.209,0.402,0.018,0.397,0.183,132,1,1,0,0,0,0,32,85,40,82,123,10.53,0.004,423,7.05,20,0,27,30.0,2.4,0.95,2.1,4,45,1.15,0.55,1.9,1.1,0.65,0.55
92fb1948-275a-44ca-82c5-63f477b5e95b,15,5,28.65,1719,ROCK,57,0,0,95,57,76,0.558,0.058,0.305,0.078,0.43,0.09,0.453,0.026,0.459,0.087,0.326,0.128,228,1,0,0,1,0,0,43,120,42,122,221,13.44,0.001,409,6.82,34,0,27,30.0,2.4,0.95,2.1,4,45,1.15,0.55,1.9,1.1,0.65,0.55
b980c184-bd50-4c4b-8919-e23a03c2f867,13,8,68.2,4092,SCISSORS,0,0,45,155,170,185,0.724,0.066,0.197,0.013,0.69,0.068,0.144,0.098,0.603,0.168,0.136,0.093,510,1,0,1,0,0,0,131,447,170,449,476,10.0,0.003,397,6.62,34,0,27,30.0,2.4,0.95,2.1,4,45,1.15,0.55,1.9,1.1,0.65,0.55
75981aa5-19eb-4715-8f78-5aa9138e5bb7,12,8,33.58,2015,SCISSORS,0,0,39,46,59,72,0.462,0.099,0.397,0.042,0.439,0.04,0.295,0.226,0.556,0.027,0.278,0.139,177,1,0,1,0,0,0,55,134,60,131,158,10.18,0.017,410,6.83,25,0,27,30.0,2.4,0.95,2.1,4,45,1.15,0.55,1.9,1.1,0.65,0.55
54a27b4b-c137-459e-a6ac-fd6eb6eb39c7,5,7,56.03,3362,SCISSORS,0,0,36,71,83,95,0.507,0.042,0.236,0.215,0.443,0.089,0.163,0.305,0.496,0.071,0.153,0.279,249,1,0,1,0,0,0,48,156,60,153,216,8.44,0.005,417,6.95,23,0,27,30.0,2.4,0.95,2.1,4,45,1.15,0.55,1.9,1.1,0.65,0.55
507f89e4-f7ec-4b28-8ee3-a2278efc46df,17,5,34.15,2049,SCISSORS,0,0,15,9,14,19,0.422,0.0,0.388,0.19,0.424,0.0,0.288,0.288,0.39,0.0,0.271,0.339,42,1,0,1,0,0,0,5,24,12,25,29,4.9,0.005,404,6.73,8,0,27,30.0,2.4,0.95,2.1,4,45,1.15,0.55,1.9,1.1,0.65,0.55
d77528b8-af29-4844-ab7a-d38ffb037c53,15,10,25.2,1512,SCISSORS,0,0,51,42,59,76,0.462,0.0,0.531,0.007,0.469,0.0,0.373,0.158,0.65,0.0,0.35,0.0,177,0,0,0,0,0,0,56,139,69,138,171,12.24,0.002,417,6.95,38,0,27,30.0,2.4,0.95,2.1,4,45,1.15,0.55,1.9,1.1,0.65,0.55
c4ad388c-1ed1-419a-bd27-bd1923f2ddb0,14,5,36.08,2165,SCISSORS,0,0,45,53,68,83,0.545,0.035,0.312,0.109,0.561,0.127,0.233,0.079,0.725,0.039,0.217,0.018,204,1,0,1,0,0,0,44,172,42,175,196,11.01,0.003,380,6.33,17,0,27,30.0,2.4,0.95,2.1,4,45,1.15,0.55,1.9,1.1,0.65,0.55
da4fecfe-c1da-4f7c-a9a1-185ac1e47c0d,16,8,40.27,2416,SCISSORS,0,0,42,59,73,87,0.557,0.01,0.346,0.087,0.468,0.025,0.205,0.302,0.607,0.029,0.19,0.174,219,1,0,1,0,0,0,66,150,74,153,199,10.26,0.003,536,8.93,39,0,27,30.0,2.4,0.95,2.1,4,45,1.15,0.55,1.9,1.1,0.65,0.55
212dd22b-cd3f-474d-b069-303080494c91,14,4,72.4,4344,SCISSORS,0,0,48,176,192,208,0.67,0.068,0.183,0.079,0.558,0.102,0.132,0.207,0.673,0.102,0.124,0.1,576,1,0,1,0,0,0,96,444,109,447,537,11.13,0.011,399,6.65,29,0,27,30.0,2.4,0.95,2.1,4,45,1.15,0.55,1.9,1.1,0.65,0.55
9096819a-afee-4fa1-8838-7445b016e209,10,8,36.07,2164,SCISSORS,0,0,42,53,67,81,0.478,0.088,0.409,0.025,0.515,0.076,0.273,0.136,0.524,0.097,0.256,0.122,201,1,0,1,0,0,0,61,153,87,149,186,10.45,0.004,489,8.15,38,0,27,30.0,2.4,0.95,2.1,4,45,1.15,0.55,1.9,1.1,0.65,0.55
b900c7fc-ff07-4458-a31c-ae5c1cd0e11c,6,7,73.67,4420,SCISSORS,0,0,30,98,108,118,0.535,0.023,0.178,0.265,0.55,0.048,0.122,0.281,0.495,0.041,0.114,0.35,324,1,0,1,0,0,0,98,247,111,243,270,7.79,0.007,455,7.58,23,0,27,30.0,2.4,0.95,2.1,4,45,1.15,0.55,1.9,1.1,0.65,0.55
dc2d6f2e-483f-49af-932f-8c0db4619ab0,9,8,129.0,7740,SCISSORS,0,0,18,120,126,132,0.536,0.0,0.101,0.363,0.497,0.0,0.075,0.428,0.434,0.0,0.07,0.495,378,1,0,1,0,0,0,149,264,160,267,254,4.69,0.007,400,6.67,13,0,27,30.0,2.4,0.95,2.1,4,45,1.15,0.55,1.9,1.1,0.65,0.55
fb4c407e-a607-40a7-b3b0-cbce15617f6c,7,4,21.42,1285,SCISSORS,0,0,27,7,16,25,0.292,0.078,0.521,0.109,0.479,0.0,0.436,0.086,0.591,0.0,0.409,0.0,48,1,0,1,0,0,0,2,6,6,6,44,9.38,0.004,315,5.25,14,0,27,30.0,2.4,0.95,2.1,4,45,1.15,0.55,1.9,1.1,0.65,0.55
9d85c354-27c3-48ea-b4e8-090fd7f0d7c3,12,7,28.82,1729,SCISSORS,0,0,21,11,18,25,0.488,0.0,0.457,0.055,0.41,0.0,0.286,0.303,0.581,0.0,0.266,0.153,54,1,0,1,0,0,0,9,21,8,20,46,6.06,0.003,499,8.32,16,0,27,30.0,2.4,0.95,2.1,4,45,1.15,0.55,1.9,1.1,0.65,0.55
8769de66-1715-4cd4-a78f-0280c06c9ff2,17,10,113.95,6837,PAPER,0,36,0,240,252,228,0.582,0.12,0.088,0.21,0.628,0.075,0.083,0.213,0.63,0.052,0.14,0.178,720,1,1,0,0,0,0,251,632,288,634,636,9.38,0.003,557,9.28,33,0,27,30.0,2.4,0.95,2.1,4,45,1.15,0.55,1.9,1.1,0.65,0.55
a1e0c690-089e-4f08-983f-3a4fcaae7032,12,4,42.17,2530,SCISSORS,0,0,51,87,104,121,0.427,0.047,0.409,0.117,0.458,0.036,0.223,0.283,0.587,0.04,0.209,0.164,312,1,0,1,0,0,0,71,197,73,202,296,12.12,0.005,655,10.92,50,0,27,30.0,2.4,0.95,2.1,4,45,1.15,0.55,1.9,1.1,0.65,0.55
34fcd514-eafe-4e08-b870-31f86f3b4e0f,11,10,34.32,2059,SCISSORS,0,0,36,34,46,58,0.403,0.063,0.381,0.153,0.369,0.027,0.286,0.318,0.546,0.012,0.269,0.172,138,1,0,1,0,0,0,33,75,37,70,115,8.44,0.002,399,6.65,30,0,27,30.0,2.4,0.95,2.1,4,45,1.15,0.55,1.9,1.1,0.65,0.55
5415864e-eb2e-4fb4-9679-aeb73bdf762a,5,8,44.78,2687,SCISSORS,0,0,33,48,59,70,0.364,0.046,0.414,0.175,0.439,0.026,0.232,0.303,0.569,0.022,0.219,0.19,177,1,0,1,0,0,0,37,136,59,138,147,7.64,0.008,707,11.78,32,0,27,30.0,2.4,0.95,2.1,4,45,1.15,0.55,1.9,1.1,0.65,0.55
41d046b8-9d42-418e-9842-5fe08164fc90,8,7,38.1,2286,SCISSORS,0,0,15,13,18,23,0.431,0.0,0.344,0.225,0.337,0.0,0.26,0.403,0.293,0.0,0.245,0.462,54,1,0,1,0,0,0,19,34,18,33,27,3.93,0.014,411,6.85,9,0,27,30.0,2.4,0.95,2.1,4,45,1.15,0.55,1.9,1.1,0.65,0.55
d9b6ca2d-ddac-44fa-9fe6-91fad6b4e6d0,7,6,29.13,1748,SCISSORS,0,0,24,13,21,29,0.286,0.031,0.434,0.249,0.566,0.0,0.343,0.091,0.594,0.0,0.323,0.083,63,1,0,1,0,0,0,15,35,18,34,53,6.79,0.001,383,6.38,14,0,27,30.0,2.4,0.95,2.1,4,45,1.15,0.55,1.9,1.1,0.65,0.55
20774470-507b-465f-b46a-50c827913dcb,18,9,32.35,1941,SCISSORS,0,0,21,11,18,25,0.402,0.026,0.418,0.155,0.508,0.0,0.271,0.222,0.371,0.039,0.253,0.338,54,1,0,1,0,0,0,17,29,15,27,43,5.48,0.006,506,8.43,17,0,27,30.0,2.4,0.95,2.1,4,45,1.15,0.55,1.9,1.1,0.65,0.55
3b64d5a8-d881-40cc-a07c-4d23972264ef,13,8,30.05,1803,SCISSORS,0,0,54,71,89,107,0.56,0.008,0.416,0.017,0.562,0.022,0.31,0.105,0.54,0.108,0.291,0.061,267,1,0,1,0,0,0,41,199,51,200,256,11.34,0.003,373,6.22,43,0,27,30.0,2.4,0.95,2.1,4,45,1.15,0.55,1.9,1.1,0.65,0.55
8cd7de3f-a5fd-40d1-a9f5-153867775d9f,19,6,88.85,5331,PAPER,0,39,0,171,184,158,0.743,0.008,0.092,0.158,0.765,0.049,0.085,0.101,0.715,0.083,0.136,0.067,513,1,1,0,0,0,0,118,400,119,401,475,9.18,0.008,436,7.27,33,0,27,30.0,2.4,0.95,2.1,4,45,1.15,0.55,1.9,1.1,0.65,0.55
0781f347-7fce-4274-bcec-2aa472b6ecdd,20,7,33.57,2014,ROCK,57,0,0,99,61,80,0.571,0.01,0.278,0.141,0.419,0.055,0.437,0.089,0.521,0.042,0.295,0.141,240,1,0,0,1,0,0,44,150,44,148,215,12.05,0.003,469,7.82,41,0,27,30.0,2.4,0.95,2.1,4,45,1.15,0.55,1.9,1.1,0.65,0.55
1f4c0d7e-d712-4ee8-9794-62411a96a9f3,5,5,41.58,2495,PAPER,0,60,0,139,159,119,0.629,0.066,0.22,0.084,0.679,0.016,0.206,0.098,0.563,0.096,0.305,0.036,417,1,1,0,0,0,0,91,355,106,357,407,14.81,0.003,375,6.25,33,0,27,30.0,2.4,0.95,2.1,4,45,1.15,0.55,1.9,1.1,0.65,0.55
711e31d8-1e4e-4748-aeab-3ef0917b6484,15,8,38.62,2317,SCISSORS,0,0,15,15,20,25,0.453,0.0,0.388,0.159,0.317,0.0,0.261,0.422,0.332,0.0,0.246,0.422,60,1,0,1,0,0,0,13,39,14,40,20,3.32,0.013,497,8.28,12,0,27,30.0,2.4,0.95,2.1,4,45,1.15,0.55,1.9,1.1,0.65,0.55
4e06e1f7-f377-465a-9ac1-83f4be5a619c,11,6,118.02,7081,ROCK,45,0,0,324,294,309,0.555,0.06,0.076,0.309,0.499,0.113,0.114,0.273,0.708,0.067,0.081,0.144,927,1,0,0,1,0,0,206,712,223,704,848,10.86,0.003,421,7.02,34,0,27,30.0,2.4,0.95,2.1,4,45,1.15,0.55,1.9,1.1,0.65,0.55
b0dbc668-2bbc-446b-832f-030e3dbc78a1,17,7,42.02,2521,SCISSORS,0,0,33,34,45,56,0.637,0.03,0.308,0.026,0.472,0.103,0.246,0.179,0.619,0.063,0.232,0.085,135,1,0,1,0,0,0,29,100,37,99,118,7.54,0.006,376,6.27,21,0,27,30.0,2.4,0.95,2.1,4,45,1.15,0.55,1.9,1.1,0.65,0.55
812b1881-d8ff-4aea-ac6c-cc19b8cf2694,14,5,71.85,4311,SCISSORS,0,0,51,187,204,221,0.586,0.09,0.158,0.166,0.58,0.039,0.102,0.278,0.783,0.055,0.094,0.068,612,1,0,1,0,0,0,93,430,105,426,560,10.88,0.002,406,6.77,30,0,27,30.0,2.4,0.95,2.1,4,45,1.15,0.55,1.9,1.1,0.65,0.55
a778cbb5-3ac8-4892-b64e-a00013f2e31e,13,6,55.45,3327,ROCK,42,0,0,195,167,181,0.553,0.036,0.161,0.251,0.452,0.111,0.273,0.164,0.682,0.045,0.171,0.102,543,1,0,0,1,0,0,101,424,108,427,520,11.31,0.001,537,8.95,39,0,27,30.0,2.4,0.95,2.1,4,45,1.15,0.55,1.9,1.1,0.65,0.55
25585499-25ad-4c66-bfde-3d153ab01c1b,13,5,109.3,6558,SCISSORS,0,0,39,237,250,263,0.682,0.108,0.099,0.111,0.571,0.082,0.085,0.262,0.768,0.116,0.08,0.036,750,1,0,1,0,0,0,208,617,265,616,682,10.21,0.004,268,4.47,27,0,27,30.0,2.4,0.95,2.1,4,45,1.15,0.55,1.9,1.1,0.65,0.55
055991ad-869e-410b-a2ce-9a2b59987f7a,19,6,65.47,3928,ROCK,39,0,0,148,122,135,0.628,0.059,0.121,0.192,0.607,0.066,0.191,0.136,0.566,0.13,0.13,0.174,405,1,0,0,1,0,0,81,282,104,283,370,10.25,0.003,428,7.13,31,0,27,30.0,2.4,0.95,2.1,4,45,1.15,0.55,1.9,1.1,0.65,0.55
a2ba1b77-cfc6-47b6-a788-47f263476da5,9,5,39.07,2344,SCISSORS,0,0,57,98,117,136,0.458,0.102,0.431,0.009,0.362,0.126,0.243,0.269,0.672,0.017,0.228,0.083,351,1,0,1,0,0,0,61,220,67,219,337,12.25,0.002,639,10.65,56,0,27,30.0,2.4,0.95,2.1,4,45,1.15,0.55,1.9,1.1,0.65,0.55
35c41fd3-e93a-4913-9b2d-3243a2100c0c,16,5,71.2,4272,SCISSORS,0,0,27,72,81,90,0.598,0.025,0.2,0.178,0.474,0.025,0.138,0.364,0.556,0.061,0.13,0.254,243,1,0,1,0,0,0,48,180,64,177,203,7.07,0.004,457,7.62,22,0,27,30.0,2.4,0.95,2.1,4,45,1.15,0.55,1.9,1.1,0.65,0.55
b48f1df7-2aaf-42f6-a957-f846da816512,14,4,40.48,2429,SCISSORS,0,0,48,84,100,116,0.525,0.062,0.333,0.08,0.486,0.068,0.233,0.214,0.63,0.152,0.218,0.0,300,1,0,1,0,0,0,53,226,75,233,284,12.17,0.004,439,7.32,28,0,27,30.0,2.4,0.95,2.1,4,45,1.15,0.55,1.9,1.1,0.65,0.55
2044fbfd-8b9f-4bab-90e9-7b72e943d375,6,10,55.0,3300,SCISSORS,0,0,42,123,137,151,0.492,0.194,0.256,0.058,0.495,0.012,0.18,0.312,0.544,0.079,0.17,0.208,411,1,0,1,0,0,0,126,316,139,314,375,11.34,0.003,430,7.17,22,0,27,30.0,2.4,0.95,2.1,4,45,1.15,0.55,1.9,1.1,0.65,0.55
d5e6f2fc-b7a3-41a5-a5d5-75a200edb8b6,6,7,86.75,5205,ROCK,18,0,0,56,44,50,0.439,0.0,0.109,0.452,0.479,0.0,0.166,0.354,0.538,0.0,0.115,0.347,150,1,0,0,1,0,0,44,104,55,104,92,4.23,0.012,465,7.75,16,0,27,30.0,2.4,0.95,2.1,4,45,1.15,0.55,1.9,1.1,0.65,0.55
2337fbd6-2529-4f59-8789-e92969433756,10,5,44.13,2648,ROCK,18,0,0,28,16,22,0.394,0.0,0.179,0.426,0.394,0.0,0.357,0.249,0.496,0.0,0.192,0.311,66,1,0,0,1,0,0,11,36,10,34,42,4.45,0.006,663,11.05,16,0,27,30.0,2.4,0.95,2.1,4,45,1.15,0.55,1.9,1.1,0.65,0.55
4d10f609-3e56-4256-8544-563b2e214389,5,5,26.8,1608,SCISSORS,0,0,30,21,31,41,0.273,0.012,0.472,0.242,0.435,0.093,0.366,0.106,0.581,0.0,0.345,0.075,93,1,0,1,0,0,0,19,56,16,50,87,9.98,0.002,363,6.05,11,0,27,30.0,2.4,0.95,2.1,4,45,1.15,0.55,1.9,1.1,0.65,0.55
211e943d-d898-44af-8c37-1c54ecb792c6,9,5,163.42,9805,SCISSORS,0,0,15,73,78,83,0.298,0.0,0.075,0.627,0.362,0.0,0.059,0.579,0.627,0.0,0.056,0.318,234,1,0,1,0,0,0,55,147,67,149,126,3.88,0.009,385,6.42,10,0,27,30.0,2.4,0.95,2.1,4,45,1.15,0.55,1.9,1.1,0.65,0.55
9840052b-6af4-46f7-a514-6072027d50ec,6,10,110.53,6632,SCISSORS,0,0,27,160,169,178,0.598,0.026,0.121,0.255,0.594,0.126,0.096,0.185,0.65,0.054,0.09,0.206,507,1,0,1,0,0,0,273,454,302,454,420,6.96,0.013,392,6.53,13,0,27,30.0,2.4,0.95,2.1,4,45,1.15,0.55,1.9,1.1,0.65,0.55
43812f50-7f3c-4a93-968d-d01c447f26bb,18,10,54.97,3298,ROCK,18,0,0,38,26,32,0.473,0.0,0.174,0.353,0.398,0.0,0.303,0.298,0.477,0.0,0.185,0.338,96,1,0,0,1,0,0,39,71,53,73,65,4.57,0.015,603,10.05,13,0,27,30.0,2.4,0.95,2.1,4,45,1.15,0.55,1.9,1.1,0.65,0.55
e0f031bf-c24b-4589-967e-cb096d13cef1,9,10,40.55,2433,ROCK,54,0,0,126,90,108,0.678,0.016,0.228,0.078,0.478,0.076,0.298,0.148,0.435,0.162,0.242,0.16,324,1,0,0,1,0,0,113,274,123,279,311,11.75,0.008,298,4.97,8,0,27,30.0,2.4,0.95,2.1,4,45,1.15,0.55,1.9,1.1,0.65,0.55
17be2d76-6458-4ca3-9ec9-fff370253d33,7,10,111.97,6718,SCISSORS,0,0,27,147,156,165,0.58,0.05,0.121,0.25,0.6,0.025,0.089,0.286,0.614,0.051,0.084,0.251,468,1,0,1,0,0,0,169,366,183,365,378,7.1,0.011,388,6.47,23,0,27,30.0,2.4,0.95,2.1,4,45,1.15,0.55,1.9,1.1,0.65,0.55
cec96dab-9bf8-4bc7-a4ba-53c9901a5fde,8,5,59.37,3562,SCISSORS,0,0,21,47,54,61,0.433,0.008,0.209,0.349,0.592,0.018,0.156,0.234,0.638,0.0,0.146,0.216,162,1,0,1,0,0,0,42,118,49,116,122,5.56,0.012,402,6.7,11,0,27,30.0,2.4,0.95,2.1,4,45,1.15,0.55,1.9,1.1,0.65,0.55
3b87c2b1-091b-49b1-aa71-d411e9cae448,6,8,43.18,2591,SCISSORS,0,0,24,39,47,55,0.641,0.0,0.268,0.091,0.573,0.0,0.23,0.197,0.533,0.008,0.216,0.243,141,1,0,1,0,0,0,47,117,47,118,106,5.78,0.012,306,5.1,11,0,27,30.0,2.4,0.95,2.1,4,45,1.15,0.55,1.9,1.1,0.65,0.55
1ba48bf0-7f50-4e7f-a655-b807aca1c91c,13,4,39.27,2356,SCISSORS,0,0,18,12,18,24,0.255,0.0,0.359,0.386,0.527,0.0,0.246,0.227,0.493,0.0,0.231,0.276,54,1,0,1,0,0,0,4,19,7,20,40,6.13,0.0,471,7.85,13,0,27,30.0,2.4,0.95,2.1,4,45,1.15,0.55,1.9,1.1,0.65,0.55
5dc7b7ab-cedc-4f4e-a215-1b7e5cc31e40,11,9,30.37,1822,SCISSORS,0,0,39,36,49,62,0.488,0.019,0.386,0.107,0.427,0.058,0.34,0.175,0.556,0.082,0.321,0.041,147,1,0,1,0,0,0,36,111,43,114,125,9.18,0.013,292,4.87,5,0,27,30.0,2.4,0.95,2.1,4,45,1.15,0.55,1.9,1.1,0.65,0.55
864141fd-4cc1-404f-9a52-70194ccb38b0,12,7,153.5,9210,SCISSORS,0,0,33,257,268,279,0.719,0.042,0.094,0.144,0.672,0.065,0.063,0.201,0.634,0.123,0.059,0.183,804,1,0,1,0,0,0,261,687,289,683,685,7.73,0.011,495,8.25,25,0,27,30.0,2.4,0.95,2.1,4,45,1.15,0.55,1.9,1.1,0.65,0.55
b2a28ba1-26c3-4ba7-b9f5-d763b934abd7,6,10,37.93,2276,ROCK,36,0,0,73,49,61,0.578,0.062,0.257,0.103,0.426,0.018,0.468,0.088,0.457,0.031,0.273,0.24,183,1,0,0,1,0,0,66,120,76,123,160,8.46,0.012,651,10.85,33,0,27,30.0,2.4,0.95,2.1,4,45,1.15,0.55,1.9,1.1,0.65,0.55
6eb5beab-a847-4119-a277-e32b26f27dcc,20,5,187.02,11221,SCISSORS,0,0,18,130,136,142,0.313,0.002,0.084,0.601,0.632,0.0,0.057,0.311,0.541,0.0,0.05,0.409,408,1,0,1,0,0,0,134,284,145,272,264,4.78,0.017,566,9.43,14,0,27,30.0,2.4,0.95,2.1,4,45,1.15,0.55,1.9,1.1,0.65,0.55
faa3a302-4656-4b11-9482-06578e2f5677,13,9,42.4,2544,SCISSORS,0,0,60,136,156,176,0.53,0.136,0.33,0.004,0.558,0.037,0.226,0.179,0.619,0.116,0.212,0.053,468,1,0,1,0,0,0,165,391,176,390,452,12.56,0.006,429,7.15,51,0,29,30.0,2.4,0.95,2.1,4,45,1.15,0.55,1.9,1.1,0.65,0.55
aa2fbad6-ae77-48f3-80e8-5d69effc8aab,9,10,66.47,3988,SCISSORS,0,0,39,115,128,141,0.622,0.009,0.228,0.142,0.584,0.1,0.133,0.183,0.638,0.14,0.124,0.098,384,1,0,1,0,0,0,112,288,122,284,337,8.55,0.015,588,9.8,37,0,29,30.0,2.4,0.95,2.1,4,45,1.15,0.55,1.9,1.1,0.65,0.55
191e9db6-be76-469f-9258-0e46e50c2e0a,10,4,36.78,2207,SCISSORS,0,0,27,36,45,54,0.36,0.027,0.326,0.287,0.586,0.088,0.269,0.057,0.622,0.0,0.253,0.124,135,1,0,1,0,0,0,32,81,39,77,117,7.99,0.004,327,5.45,19,0,29,30.0,2.4,0.95,2.1,4,45,1.15,0.55,1.9,1.1,0.65,0.55
94b8a1b9-d786-4b50-9230-9af4e006d88a,19,8,53.68,3221,ROCK,30,0,0,74,54,64,0.722,0.0,0.177,0.101,0.649,0.022,0.286,0.043,0.539,0.143,0.188,0.13,192,1,0,0,1,0,0,74,157,67,153,174,7.66,0.004,536,8.93,25,0,29,30.0,2.4,0.95,2.1,4,45,1.15,0.55,1.9,1.1,0.65,0.55
18840a6c-69af-4dc1-9191-a6ca1c8bcc18,12,7,286.1,17166,SCISSORS,0,0,57,1060,1079,1098,0.681,0.157,0.042,0.12,0.743,0.165,0.033,0.059,0.648,0.191,0.031,0.13,3237,1,0,1,0,0,0,1067,2843,1206,2823,3084,12.88,0.004,331,5.52,21,0,29,30.0,2.4,0.95,2.1,4,45,1.15,0.55,1.9,1.1,0.65,0.55
1c63241c-e29e-4c32-ab9d-cee201908f7d,13,6,93.42,5605,ROCK,36,0,0,173,149,161,0.736,0.045,0.101,0.119,0.545,0.037,0.198,0.219,0.566,0.16,0.107,0.168,483,1,0,0,1,0,0,94,393,116,397,432,9.02,0.011,705,11.75,34,0,29,30.0,2.4,0.95,2.1,4,45,1.15,0.55,1.9,1.1,0.65,0.55
33970a63-0df4-43d2-b70a-6bd9761bef41,6,7,47.0,2820,SCISSORS,0,0,39,76,89,102,0.488,0.089,0.243,0.181,0.667,0.073,0.179,0.082,0.645,0.066,0.167,0.122,267,1,0,1,0,0,0,86,208,99,202,253,10.24,0.009,365,6.08,20,0,29,30.0,2.4,0.95,2.1,4,45,1.15,0.55,1.9,1.1,0.65,0.55
f7974d18-2506-4b3a-9cc7-2ad9899deab0,8,7,65.58,3935,ROCK,18,0,0,47,35,41,0.428,0.0,0.14,0.432,0.365,0.0,0.219,0.417,0.625,0.0,0.149,0.226,123,1,0,0,1,0,0,20,80,28,75,74,4.57,0.012,495,8.25,10,0,29,30.0,2.4,0.95,2.1,4,45,1.15,0.55,1.9,1.1,0.65,0.55
022ccf94-f4c8-4c4f-9020-a125bf147ea1,20,9,62.23,3734,SCISSORS,0,0,24,57,65,73,0.545,0.023,0.221,0.212,0.499,0.016,0.159,0.325,0.66,0.004,0.15,0.186,195,1,0,1,0,0,0,55,161,61,160,156,5.95,0.016,434,7.23,21,0,29,30.0,2.4,0.95,2.1,4,45,1.15,0.55,1.9,1.1,0.65,0.55
12b7db60-74f5-4f2e-a09c-ae170761385e,16,4,56.32,3379,PAPER,0,60,0,201,221,181,0.617,0.129,0.167,0.087,0.669,0.175,0.157,0.0,0.586,0.158,0.232,0.024,603,1,1,0,0,0,0,85,505,106,503,583,12.97,0.007,394,6.57,35,0,29,30.0,2.4,0.95,2.1,4,45,1.15,0.55,1.9,1.1,0.65,0.55
11033816-68ee-4bb0-ad4f-35020fd12f10,20,5,34.38,2063,SCISSORS,0,0,48,42,58,74,0.467,0.029,0.436,0.068,0.467,0.097,0.278,0.157,0.542,0.063,0.262,0.133,174,1,0,1,0,0,0,16,98,17,96,154,10.12,0.01,533,8.88,43,0,29,30.0,2.4,0.95,2.1,4,45,1.15,0.55,1.9,1.1,0.65,0.55
61dcd317-5dbe-4aaa-aea5-dd2c9557aaa8,19,5,41.82,2509,PAPER,0,60,0,137,157,117,0.606,0.098,0.205,0.092,0.574,0.106,0.191,0.129,0.6,0.116,0.257,0.028,411,1,1,0,0,0,0,68,330,80,329,395,12.29,0.006,284,4.73,28,0,29,30.0,2.4,0.95,2.1,4,45,1.15,0.55,1.9,1.1,0.65,0.55
31ceb68b-c61e-49e4-9a80-cb8910d356ff,6,9,28.87,1732,ROCK,57,0,0,106,68,87,0.539,0.112,0.239,0.11,0.386,0.222,0.297,0.095,0.553,0.055,0.259,0.133,261,1,0,0,1,0,0,89,199,80,197,252,14.09,0.002,217,3.62,21,0,29,30.0,2.4,0.95,2.1,4,45,1.15,0.55,1.9,1.1,0.65,0.55
48bc93eb-ab37-4ca7-965f-e1442a2ab565,5,7,151.2,9072,ROCK,18,0,0,140,128,134,0.33,0.0,0.062,0.608,0.547,0.009,0.087,0.357,0.594,0.0,0.066,0.34,402,0,0,0,0,0,0,123,328,161,315,267,4.64,0.003,407,6.78,7,0,29,30.0,2.4,0.95,2.1,4,45,1.15,0.55,1.9,1.1,0.65,0.55
f26c05f1-f828-472e-9e3b-33d43ad23e74,18,6,51.88,3113,SCISSORS,0,0,15,17,22,27,0.21,0.0,0.226,0.563,0.217,0.0,0.193,0.591,0.758,0.0,0.181,0.061,66,1,0,1,0,0,0,15,43,21,41,34,4.24,0.009,318,5.3,6,0,29,30.0,2.4,0.95,2.1,4,45,1.15,0.55,1.9,1.1,0.65,0.55
d1f4b910-c426-4b7b-8bac-3d8b77e45319,20,4,45.33,2720,ROCK,54,0,0,212,176,194,0.531,0.079,0.193,0.197,0.574,0.136,0.213,0.077,0.581,0.074,0.206,0.14,582,0,0,0,0,0,0,115,351,103,359,571,15.98,0.003,195,3.25,8,0,29,30.0,2.4,0.95,2.1,4,45,1.15,0.55,1.9,1.1,0.65,0.55
b6e5e2fe-a4bf-4e84-92f8-f475287ebf2a,8,10,26.47,1588,SCISSORS,0,0,60,56,76,96,0.365,0.16,0.447,0.028,0.462,0.091,0.289,0.157,0.591,0.028,0.267,0.113,228,1,0,1,0,0,0,77,148,80,146,221,15.37,0.002,408,6.8,34,0,29,30.0,2.4,0.95,2.1,4,45,1.15,0.55,1.9,1.1,0.65,0.55
1e1d90a9-804f-4b07-b5b2-2092d2a138df,15,6,26.42,1585,SCISSORS,0,0,24,17,25,33,0.315,0.0,0.511,0.174,0.489,0.0,0.388,0.123,0.571,0.0,0.366,0.063,75,1,0,1,0,0,0,24,50,25,48,64,7.03,0.007,415,6.92,13,0,29,30.0,2.4,0.95,2.1,4,45,1.15,0.55,1.9,1.1,0.65,0.55
21fb9c15-fb97-4d4f-946b-8ca99734cea7,7,8,26.67,1600,SCISSORS,0,0,45,36,51,66,0.491,0.022,0.444,0.044,0.525,0.031,0.334,0.109,0.628,0.059,0.312,0.0,153,1,0,1,0,0,0,67,132,67,134,147,10.48,0.005,350,5.83,15,0,29,30.0,2.4,0.95,2.1,4,45,1.15,0.55,1.9,1.1,0.65,0.55
44798268-3d77-493e-b5b9-fc985670bb3a,15,6,45.82,2749,ROCK,21,0,0,40,26,33,0.369,0.0,0.176,0.455,0.544,0.042,0.262,0.153,0.562,0.0,0.189,0.249,99,1,0,0,1,0,0,18,60,24,59,67,5.75,0.006,419,6.98,10,0,29,30.0,2.4,0.95,2.1,4,45,1.15,0.55,1.9,1.1,0.65,0.55
d60c6423-da12-456b-a804-bd30ba930417,5,6,40.03,2402,PAPER,0,45,0,85,100,70,0.595,0.023,0.247,0.135,0.464,0.033,0.233,0.27,0.526,0.048,0.343,0.083,255,1,1,0,0,0,0,56,169,63,173,233,10.26,0.001,427,7.12,39,0,29,30.0,2.4,0.95,2.1,4,45,1.15,0.55,1.9,1.1,0.65,0.55
8ee296b7-dda2-43cc-a1a0-5639f3d4cfe2,14,5,27.35,1641,ROCK,15,0,0,13,3,8,0.5,0.0,0.351,0.149,0.195,0.0,0.662,0.143,0.338,0.0,0.372,0.29,24,1,0,0,1,0,0,6,7,10,7,14,5.46,0.01,691,11.52,13,0,29,30.0,2.4,0.95,2.1,4,45,1.15,0.55,1.9,1.1,0.65,0.55
8338eeff-66b4-48a2-9541-248fd5a4208b,10,6,23.32,1399,SCISSORS,0,0,42,21,35,49,0.361,0.0,0.593,0.046,0.407,0.0,0.411,0.182,0.561,0.0,0.386,0.054,105,1,0,1,0,0,0,21,51,25,52,94,11.55,0.002,444,7.4,34,0,29,30.0,2.4,0.95,2.1,4,45,1.15,0.55,1.9,1.1,0.65,0.55
85007351-4bea-4571-90d2-33442aa90c9e,8,10,51.33,3080,SCISSORS,0,0,30,58,68,78,0.404,0.125,0.226,0.245,0.615,0.01,0.185,0.19,0.555,0.0,0.174,0.271,204,1,0,1,0,0,0,75,167,80,170,174,6.66,0.009,290,4.83,8,0,29,30.0,2.4,0.95,2.1,4,45,1.15,0.55,1.9,1.1,0.65,0.55
4d6bbef1-0044-41a1-8d1f-8e352ae543da,10,7,40.75,2445,SCISSORS,0,0,24,22,30,38,0.229,0.059,0.411,0.301,0.564,0.0,0.26,0.176,0.589,0.0,0.221,0.19,90,1,0,1,0,0,0,26,46,28,45,73,7.16,0.0,620,10.33,23,0,29,30.0,2.4,0.95,2.1,4,45,1.15,0.55,1.9,1.1,0.65,0.55
ba8cbb68-3800-4e63-aa90-43c2d19562fa,12,10,37.28,2237,SCISSORS,0,0,30,34,44,54,0.406,0.042,0.384,0.167,0.462,0.013,0.286,0.239,0.504,0.0,0.27,0.225,132,1,0,1,0,0,0,35,99,31,97,112,7.97,0.002,432,7.2,14,0,29,30.0,2.4,0.95,2.1,4,45,1.15,0.55,1.9,1.1,0.65,0.55
b5fbca17-c4b4-4f03-be45-a42f58c6e775,13,5,38.78,2327,ROCK,36,0,0,78,54,66,0.579,0.0,0.242,0.178,0.453,0.097,0.305,0.146,0.627,0.069,0.258,0.047,198,1,0,0,1,0,0,31,153,45,156,185,9.18,0.002,327,5.45,24,0,29,30.0,2.4,0.95,2.1,4,45,1.15,0.55,1.9,1.1,0.65,0.55
18698b94-d174-46a9-8d9c-357aaa59d819,16,10,36.87,2212,ROCK,39,0,0,73,47,60,0.573,0.0,0.201,0.226,0.454,0.027,0.278,0.242,0.569,0.036,0.217,0.178,180,1,0,0,1,0,0,53,122,60,122,162,10.43,0.003,332,5.53,10,0,29,30.0,2.4,0.95,2.1,4,45,1.15,0.55,1.9,1.1,0.65,0.55
a02eea2c-d620-4692-a812-73f8b2fc389c,11,8,32.67,1960,ROCK,48,0,0,95,63,79,0.643,0.008,0.265,0.084,0.505,0.033,0.462,0.0,0.538,0.0,0.283,0.179,237,1,0,0,1,0,0,93,178,100,181,214,9.18,0.002,520,8.67,46,0,29,30.0,2.4,0.95,2.1,4,45,1.15,0.55,1.9,1.1,0.65,0.55
b69e1a1a-aa53-42b3-a593-94c179b43dbc,8,5,27.52,1651,ROCK,33,0,0,61,39,50,0.639,0.0,0.309,0.052,0.348,0.052,0.455,0.145,0.464,0.082,0.33,0.124,150,1,0,0,1,0,0,38,77,45,80,137,8.81,0.011,401,6.68,17,0,29,30.0,2.4,0.95,2.1,4,45,1.15,0.55,1.9,1.1,0.65,0.55
33658dd9-e5f1-463a-abba-22b72a02e85b,18,7,151.87,9112,ROCK,24,0,0,187,171,179,0.36,0.018,0.058,0.564,0.622,0.015,0.105,0.258,0.67,0.016,0.061,0.253,537,1,0,0,1,0,0,79,326,104,329,429,7.02,0.005,602,10.03,22,0,29,30.0,2.4,0.95,2.1,4,45,1.15,0.55,1.9,1.1,0.65,0.55
e89c40ff-1e03-48ef-821a-dad819d47013,5,8,60.85,3651,ROCK,54,0,0,227,191,209,0.767,0.081,0.127,0.025,0.603,0.055,0.242,0.1,0.697,0.06,0.137,0.105,627,1,0,0,1,0,0,147,522,150,522,605,11.94,0.002,521,8.68,42,0,29,30.0,2.4,0.95,2.1,4,45,1.15,0.55,1.9,1.1,0.65,0.55
bfea2ee7-b119-4621-8a25-c043ffd968ad,11,5,25.32,1519,SCISSORS,0,0,15,6,11,16,0.382,0.0,0.368,0.25,0.632,0.0,0.309,0.059,0.411,0.0,0.286,0.303,33,1,0,1,0,0,0,10,18,10,19,22,5.36,0.006,304,5.07,12,0,29,30.0,2.4,0.95,2.1,4,45,1.15,0.55,1.9,1.1,0.65,0.55
e54fc931-cd8d-4010-b14f-42cba003a68f,9,4,30.72,1843,ROCK,33,0,0,48,26,37,0.642,0.0,0.23,0.127,0.379,0.07,0.36,0.19,0.612,0.027,0.249,0.111,111,1,0,0,1,0,0,10,51,13,52,99,9.2,0.003,408,6.8,17,0,29,30.0,2.4,0.95,2.1,4,45,1.15,0.55,1.9,1.1,0.65,0.55
2a7af178-632d-4100-bb39-90bf7d088408,10,7,58.5,3510,SCISSORS,0,0,27,69,78,87,0.588,0.019,0.221,0.172,0.39,0.013,0.15,0.447,0.553,0.027,0.14,0.281,234,1,0,1,0,0,0,59,179,59,184,178,6.3,0.004,435,7.25,19,0,29,30.0,2.4,0.95,2.1,4,45,1.15,0.55,1.9,1.1,0.65,0.55
64f90c37-af97-4fb2-adc9-6b65c9119e62,11,9,75.2,4512,PAPER,0,30,0,132,142,122,0.54,0.02,0.123,0.317,0.488,0.038,0.115,0.359,0.539,0.033,0.198,0.229,396,1,1,0,0,0,0,125,289,134,290,335,7.18,0.006,532,8.87,23,0,29,30.0,2.4,0.95,2.1,4,45,1.15,0.55,1.9,1.1,0.65,0.55
5562044a-54c1-4973-85fc-3cf78275d0d4,5,4,81.73,4904,ROCK,33,0,0,181,159,170,0.774,0.02,0.112,0.094,0.443,0.058,0.197,0.302,0.501,0.024,0.119,0.356,510,1,0,0,1,0,0,80,339,95,341,442,8.75,0.004,589,9.82,30,0,29,30.0,2.4,0.95,2.1,4,45,1.15,0.55,1.9,1.1,0.65,0.55
4ebe3640-6ac6-40ba-80b1-b5ab19762119,5,10,52.93,3176,SCISSORS,0,0,15,21,26,31,0.257,0.0,0.254,0.49,0.458,0.0,0.181,0.361,0.405,0.0,0.17,0.425,78,1,0,1,0,0,0,34,51,30,51,37,4.0,0.012,436,7.27,10,0,29,30.0,2.4,0.95,2.1,4,45,1.15,0.55,1.9,1.1,0.65,0.55
aeeeafb3-16df-4e9f-9ee1-3cf11501a72a,8,9,111.57,6694,SCISSORS,0,0,15,64,69,74,0.221,0.0,0.114,0.665,0.332,0.0,0.082,0.586,0.659,0.0,0.077,0.264,207,1,0,1,0,0,0,90,151,103,150,108,3.94,0.008,419,6.98,14,0,29,30.0,2.4,0.95,2.1,4,45,1.15,0.55,1.9,1.1,0.65,0.55
a025d26f-c64a-4b82-a9ec-82567e79484b,15,6,37.6,2256,ROCK,24,0,0,38,22,30,0.574,0.029,0.237,0.16,0.483,0.007,0.313,0.197,0.687,0.0,0.253,0.06,90,1,0,0,1,0,0,21,64,27,63,75,7.34,0.006,346,5.77,13,0,29,30.0,2.4,0.95,2.1,4,45,1.15,0.55,1.9,1.1,0.65,0.55
e1fcc845-4b78-45b6-bea1-c4126d0e7bd5,20,10,32.87,1972,SCISSORS,0,0,45,55,70,85,0.587,0.061,0.327,0.025,0.514,0.068,0.271,0.147,0.582,0.066,0.253,0.099,210,1,0,1,0,0,0,60,180,67,182,187,8.96,0.003,272,4.53,23,0,29,30.0,2.4,0.95,2.1,4,45,1.15,0.55,1.9,1.1,0.65,0.55
6cc9606e-cbe0-4eb0-b7f4-e7a67229e0c7,20,9,60.42,3625,SCISSORS,0,0,60,356,376,396,0.622,0.051,0.207,0.12,0.541,0.098,0.141,0.221,0.745,0.034,0.131,0.09,1128,1,0,1,0,0,0,223,845,256,844,1106,15.11,0.006,375,6.25,36,0,29,30.0,2.4,0.95,2.1,4,45,1.15,0.55,1.9,1.1,0.65,0.55
9830738d-82b2-44fb-9540-8aa3e9123c8a,12,6,30.67,1840,PAPER,0,60,0,115,135,95,0.533,0.049,0.264,0.155,0.562,0.019,0.245,0.174,0.538,0.008,0.418,0.035,345,1,1,0,0,0,0,52,243,56,244,338,13.13,0.003,420,7.0,59,0,29,30.0,2.4,0.95,2.1,4,45,1.15,0.55,1.9,1.1,0.65,0.55
d40791ea-ae12-47bb-80ee-2017c1a4e6b9,19,4,33.82,2029,SCISSORS,0,0,36,43,55,67,0.559,0.025,0.345,0.071,0.51,0.0,0.271,0.219,0.631,0.017,0.254,0.099,165,1,0,1,0,0,0,30,115,40,121,146,9.15,0.003,364,6.07,26,0,29,30.0,2.4,0.95,2.1,4,45,1.15,0.55,1.9,1.1,0.65,0.55
fbe9145a-b9d8-41db-9bb1-0574069e1c02,10,5,79.8,4788,ROCK,57,0,0,310,272,291,0.531,0.099,0.103,0.266,0.447,0.172,0.16,0.221,0.592,0.114,0.111,0.184,873,1,0,0,1,0,0,201,582,197,584,836,14.65,0.002,408,6.8,29,0,29,30.0,2.4,0.95,2.1,4,45,1.15,0.55,1.9,1.1,0.65,0.55
bd53d6b2-a7ac-464d-b78e-bca3b3310f84,20,9,33.47,2008,PAPER,0,30,0,39,49,29,0.572,0.067,0.261,0.1,0.547,0.02,0.244,0.189,0.545,0.042,0.361,0.052,117,0,0,0,0,0,0,35,79,41,79,106,7.91,0.004,358,5.97,19,0,29,30.0,2.4,0.95,2.1,4,45,1.15,0.55,1.9,1.1,0.65,0.55
f19e3ea0-4f9c-4960-afed-24f0ace66b8b,20,8,68.02,4081,SCISSORS,0,0,60,265,285,305,0.527,0.097,0.15,0.227,0.471,0.169,0.119,0.241,0.775,0.064,0.11,0.051,855,1,0,1,0,0,0,238,720,279,719,822,14.28,0.001,251,4.18,18,0,29,30.0,2.4,0.95,2.1,4,45,1.15,0.55,1.9,1.1,0.65,0.55
600e8022-a203-401b-840e-9ca5fae241ea,17,6,27.82,1669,ROCK,60,0,0,126,86,106,0.614,0.024,0.246,0.117,0.527,0.063,0.383,0.027,0.617,0.0,0.266,0.117,318,1,0,0,1,0,0,72,230,90,229,304,15.67,0.002,319,5.32,32,0,29,30.0,2.4,0.95,2.1,4,45,1.15,0.55,1.9,1.1,0.65,0.55
13c38264-96c0-42a6-85f8-034e9e6076a9,15,5,68.55,4113,SCISSORS,0,0,51,216,233,250,0.623,0.126,0.175,0.075,0.701,0.05,0.118,0.131,0.742,0.074,0.109,0.074,699,1,0,1,0,0,0,181,533,217,532,671,11.77,0.003,403,6.72,45,0,29,30.0,2.4,0.95,2.1,4,45,1.15,0.55,1.9,1.1,0.65,0.55
e09c2019-c3dd-4df0-958c-0ea6562d74bc,18,8,42.43,2546,PAPER,0,45,0,83,98,68,0.489,0.1,0.2,0.21,0.599,0.047,0.187,0.167,0.619,0.014,0.332,0.035,249,1,1,0,0,0,0,56,167,70,165,226,9.43,0.002,501,8.35,44,0,29,30.0,2.4,0.95,2.1,4,45,1.15,0.55,1.9,1.1,0.65,0.55
c823a461-169e-48ff-85a3-49ae3eda1d52,6,6,48.13,2888,ROCK,54,0,0,159,123,141,0.583,0.09,0.18,0.147,0.621,0.042,0.284,0.054,0.524,0.107,0.192,0.176,423,1,0,0,1,0,0,71,363,84,361,404,13.0,0.003,448,7.47,30,0,29,30.0,2.4,0.95,2.1,4,45,1.15,0.55,1.9,1.1,0.65,0.55
5b3db91f-898d-4e00-8ab4-cf1b2646501e,13,8,178.73,10724,PAPER,0,18,0,142,148,136,0.369,0.0,0.046,0.585,0.513,0.002,0.042,0.443,0.594,0.0,0.056,0.35,426,1,1,0,0,0,0,102,288,131,291,251,4.27,0.01,304,5.07,15,0,29,30.0,2.4,0.95,2.1,4,45,1.15,0.55,1.9,1.1,0.65,0.55
86ecffaf-6047-4bac-b95e-2c31c7432627,6,10,33.55,2013,PAPER,0,39,0,44,57,31,0.586,0.0,0.275,0.139,0.538,0.01,0.258,0.194,0.434,0.017,0.414,0.134,132,1,1,0,0,0,0,47,80,52,80,115,8.95,0.002,448,7.47,35,0,29,30.0,2.4,0.95,2.1,4,45,1.15,0.55,1.9,1.1,0.65,0.55
4b1f96ae-4d60-4982-bf0b-df19fb124b66,19,5,36.2,2172,SCISSORS,0,0,18,11,17,23,0.292,0.0,0.31,0.398,0.517,0.0,0.274,0.209,0.462,0.0,0.257,0.28,51,1,0,1,0,0,0,2,23,6,23,38,6.37,0.018,287,4.78,5,0,29,30.0,2.4,0.95,2.1,4,45,1.15,0.55,1.9,1.1,0.65,0.55
7849c9a8-f878-4e3d-b912-da253000bd09,7,10,63.92,3835,SCISSORS,0,0,57,252,271,290,0.502,0.087,0.214,0.197,0.553,0.186,0.15,0.111,0.609,0.16,0.141,0.09,813,1,0,1,0,0,0,193,713,204,712,754,12.03,0.011,405,6.75,47,0,29,30.0,2.4,0.95,2.1,4,45,1.15,0.55,1.9,1.1,0.65,0.55
8ff54c6b-f184-4c46-a0a1-609a8e16da5c,10,4,26.9,1614,SCISSORS,0,0,21,12,19,26,0.313,0.0,0.474,0.214,0.526,0.0,0.307,0.167,0.536,0.0,0.285,0.18,57,1,0,1,0,0,0,6,20,10,20,49,7.05,0.004,499,8.32,19,0,29,30.0,2.4,0.95,2.1,4,45,1.15,0.55,1.9,1.1,0.65,0.55
b2a48f87-ed35-40f2-9fec-38dbd3adec80,8,10,101.08,6065,ROCK,30,0,0,163,143,153,0.66,0.027,0.081,0.232,0.541,0.024,0.143,0.293,0.513,0.086,0.087,0.315,459,1,0,0,1,0,0,179,383,194,384,409,8.13,0.015,555,9.25,29,0,29,30.0,2.4,0.95,2.1,4,45,1.15,0.55,1.9,1.1,0.65,0.55
39e054a2-c331-4a03-8a00-c65e3c6285dc,17,10,33.93,2036,PAPER,0,24,0,34,42,26,0.459,0.034,0.322,0.184,0.531,0.022,0.305,0.143,0.396,0.0,0.418,0.187,102,1,1,0,0,0,0,36,63,37,66,86,7.07,0.013,421,7.02,21,0,29,30.0,2.4,0.95,2.1,4,45,1.15,0.55,1.9,1.1,0.65,0.55
671ba66c-28ab-498a-941b-b851ea6f5173,14,4,22.67,1360,SCISSORS,0,0,51,16,33,50,0.419,0.022,0.504,0.055,0.496,0.0,0.404,0.099,0.621,0.0,0.379,0.0,99,1,0,1,0,0,0,13,63,14,65,92,11.35,0.002,345,5.75,22,0,29,30.0,2.4,0.95,2.1,4,45,1.15,0.55,1.9,1.1,0.65,0.55
bb29d5fc-bec9-44f4-98c6-1e9b76ca65ea,14,9,44.05,2643,SCISSORS,0,0,42,121,135,149,0.588,0.055,0.276,0.081,0.56,0.015,0.206,0.219,0.595,0.078,0.193,0.134,405,1,0,1,0,0,0,155,335,151,334,381,12.03,0.003,333,5.55,23,0,29,30.0,2.4,0.95,2.1,4,45,1.15,0.55,1.9,1.1,0.65,0.55
eb6ebb99-1fb8-448a-9512-7f25a2eccab2,7,6,30.37,1822,SCISSORS,0,0,42,33,47,61,0.51,0.019,0.43,0.041,0.496,0.074,0.321,0.11,0.597,0.101,0.301,0.0,141,1,0,1,0,0,0,33,109,43,107,129,10.04,0.003,397,6.62,31,0,29,30.0,2.4,0.95,2.1,4,45,1.15,0.55,1.9,1.1,0.65,0.55
4faf0942-846b-4e91-80d6-70a07daa60a1,6,9,29.32,1759,SCISSORS,0,0,21,16,23,30,0.548,0.0,0.392,0.06,0.364,0.0,0.295,0.341,0.577,0.0,0.276,0.148,69,1,0,1,0,0,0,35,51,34,50,49,5.46,0.009,379,6.32,15,0,29,30.0,2.4,0.95,2.1,4,45,1.15,0.55,1.9,1.1,0.65,0.55
ae36de44-e4c9-4236-97a1-35895ddf08da,16,5,47.3,2838,PAPER,0,18,0,38,44,32,0.394,0.0,0.164,0.442,0.53,0.0,0.151,0.319,0.428,0.0,0.239,0.333,114,1,1,0,0,0,0,15,68,23,66,79,5.41,0.006,403,6.72,11,0,29,30.0,2.4,0.95,2.1,4,45,1.15,0.55,1.9,1.1,0.65,0.55
f28fc669-9d32-4db9-a9e3-8ba02522300f,14,7,55.28,3317,SCISSORS,0,0,48,116,132,148,0.541,0.012,0.258,0.19,0.518,0.038,0.169,0.276,0.568,0.03,0.158,0.244,396,1,0,1,0,0,0,116,254,115,260,363,10.27,0.003,467,7.78,40,0,29,30.0,2.4,0.95,2.1,4,45,1.15,0.55,1.9,1.1,0.65,0.55
55367176-61f7-47b7-a883-e06091b69ba3,9,7,41.23,2474,SCISSORS,0,0,42,56,70,84,0.507,0.071,0.287,0.135,0.479,0.113,0.234,0.174,0.618,0.162,0.22,0.0,210,1,0,1,0,0,0,37,147,46,147,192,10.69,0.001,304,5.07,27,0,29,30.0,2.4,0.95,2.1,4,45,1.15,0.55,1.9,1.1,0.65,0.55
e554487b-db51-4080-b1b1-a743ccbfeed8,5,7,30.3,1818,SCISSORS,0,0,27,18,27,36,0.39,0.022,0.514,0.074,0.376,0.0,0.288,0.335,0.56,0.0,0.269,0.17,81,1,0,1,0,0,0,9,38,12,37,62,7.69,0.006,633,10.55,26,0,29,30.0,2.4,0.95,2.1,4,45,1.15,0.55,1.9,1.1,0.65,0.55
98663d15-40f8-49eb-b492-696320ce28fb,5,5,68.83,4130,SCISSORS,0,0,15,33,38,43,0.242,0.0,0.172,0.586,0.448,0.0,0.137,0.415,0.54,0.0,0.128,0.332,114,1,0,1,0,0,0,26,76,30,75,62,4.08,0.011,315,5.25,10,0,29,30.0,2.4,0.95,2.1,4,45,1.15,0.55,1.9,1.1,0.65,0.55
74ca50fa-1e10-4536-9e95-c731b7623159,14,4,42.93,2576,ROCK,15,0,0,27,17,22,0.542,0.0,0.21,0.249,0.367,0.0,0.291,0.342,0.332,0.0,0.223,0.445,66,1,0,0,1,0,0,14,30,17,31,36,3.92,0.01,366,6.1,6,0,29,30.0,2.4,0.95,2.1,4,45,1.15,0.55,1.9,1.1,0.65,0.55
de73ef8f-af8d-4d1d-a617-0815253f28f1,10,7,36.95,2217,PAPER,0,42,0,56,70,42,0.486,0.068,0.245,0.2,0.581,0.0,0.23,0.189,0.509,0.117,0.354,0.02,168,1,1,0,0,0,0,31,113,32,113,156,9.36,0.011,417,6.95,34,0,29,30.0,2.4,0.95,2.1,4,45,1.15,0.55,1.9,1.1,0.65,0.55
7d2cea00-1b5d-4dee-aa3c-42c37c610130,14,10,32.5,1950,SCISSORS,0,0,30,17,27,37,0.377,0.172,0.423,0.028,0.556,0.021,0.303,0.121,0.562,0.0,0.285,0.154,81,1,0,1,0,0,0,23,62,28,63,69,7.48,0.016,435,7.25,17,0,29,30.0,2.4,0.95,2.1,4,45,1.15,0.55,1.9,1.1,0.65,0.55
0c614cc0-c099-4fe3-b324-9801a9c0cf9b,14,10,41.45,2487,SCISSORS,0,0,42,62,76,90,0.637,0.026,0.275,0.062,0.653,0.046,0.233,0.068,0.564,0.116,0.219,0.1,228,1,0,1,0,0,0,74,196,76,193,206,10.19,0.006,302,5.03,11,0,29,30.0,2.4,0.95,2.1,4,45,1.15,0.55,1.9,1.1,0.65,0.55
1bdd3f9b-bbca-49d7-b7d4-491b79b8c153,9,9,42.07,2524,ROCK,42,0,0,110,82,96,0.55,0.036,0.174,0.24,0.448,0.081,0.281,0.19,0.507,0.109,0.188,0.196,288,1,0,0,1,0,0,77,219,87,215,268,10.38,0.009,424,7.07,39,0,29,30.0,2.4,0.95,2.1,4,45,1.15,0.55,1.9,1.1,0.65,0.55
c94cd81b-13c8-411c-b36a-fe3eafee9f4d,16,5,46.75,2805,SCISSORS,0,0,27,41,50,59,0.544,0.034,0.353,0.07,0.358,0.0,0.225,0.417,0.558,0.02,0.212,0.21,150,1,0,1,0,0,0,31,77,26,76,121,6.93,0.007,590,9.83,23,0,29,30.0,2.4,0.95,2.1,4,45,1.15,0.55,1.9,1.1,0.65,0.55
604e2e04-87d3-48d2-8537-2444d548af64,11,4,28.35,1701,ROCK,48,0,0,75,43,59,0.579,0.068,0.265,0.088,0.465,0.012,0.438,0.085,0.562,0.0,0.285,0.153,177,1,0,0,1,0,0,18,128,18,127,170,12.33,0.001,466,7.77,24,0,29,30.0,2.4,0.95,2.1,4,45,1.15,0.55,1.9,1.1,0.65,0.55
63b41bda-b80c-44fe-88d1-b5b76ee01711,14,5,39.07,2344,ROCK,33,0,0,50,28,39,0.67,0.047,0.252,0.032,0.367,0.017,0.39,0.226,0.548,0.062,0.267,0.124,117,1,0,0,1,0,0,21,83,25,82,109,8.98,0.01,519,8.65,23,0,29,30.0,2.4,0.95,2.1,4,45,1.15,0.55,1.9,1.1,0.65,0.55
eca3fb52-0e18-4587-bf57-7c29744f03a4,17,9,46.13,2768,ROCK,42,0,0,127,99,113,0.697,0.063,0.171,0.069,0.513,0.079,0.312,0.096,0.614,0.0,0.184,0.202,339,1,0,0,1,0,0,125,279,137,278,316,10.83,0.003,558,9.3,40,0,29,30.0,2.4,0.95,2.1,4,45,1.15,0.55,1.9,1.1,0.65,0.55
3d546dab-5281-49fb-822b-1a50fb8a8bfc,11,10,29.72,1783,ROCK,51,0,0,94,60,77,0.605,0.028,0.241,0.126,0.44,0.0,0.381,0.179,0.543,0.076,0.261,0.12,231,1,0,0,1,0,0,61,151,63,152,224,13.73,0.008,373,6.22,19,0,29,30.0,2.4,0.95,2.1,4,45,1.15,0.55,1.9,1.1,0.65,0.55
bc28988b-5773-422c-9f6b-7807f0dd0bb4,13,5,39.57,2374,SCISSORS,0,0,33,34,45,56,0.425,0.0,0.392,0.183,0.455,0.036,0.257,0.253,0.611,0.04,0.242,0.107,135,1,0,1,0,0,0,21,84,29,86,113,7.92,0.005,544,9.07,29,0,29,30.0,2.4,0.95,2.1,4,45,1.15,0.55,1.9,1.1,0.65,0.55
b94d7839-f8d7-43ee-9927-426019a347fd,18,6,31.13,1868,ROCK,39,0,0,46,20,33,0.412,0.094,0.27,0.225,0.372,0.072,0.479,0.078,0.521,0.0,0.289,0.19,99,1,0,0,1,0,0,18,53,23,55,88,9.43,0.004,538,8.97,32,0,29,30.0,2.4,0.95,2.1,4,45,1.15,0.55,1.9,1.1,0.65,0.55
ed176325-556f-42ad-b93b-b54c23b77f7c,12,4,29.45,1767,ROCK,54,0,0,86,50,68,0.65,0.034,0.316,0.0,0.463,0.02,0.508,0.008,0.492,0.0,0.336,0.172,204,1,0,0,1,0,0,30,141,43,141,193,11.69,0.002,512,8.53,45,0,29,30.0,2.4,0.95,2.1,4,45,1.15,0.55,1.9,1.1,0.65,0.55
cd9b626f-1871-4824-aba9-efa5bc608b7a,17,10,31.28,1877,PAPER,0,36,0,40,52,28,0.551,0.0,0.309,0.141,0.521,0.024,0.29,0.165,0.447,0.069,0.449,0.035,120,1,1,0,0,0,0,28,88,34,88,107,8.04,0.008,442,7.37,30,0,29,30.0,2.4,0.95,2.1,4,45,1.15,0.55,1.9,1.1,0.65,0.55
3a1a1033-13ca-4913-be6f-8b779c8ea4c9,10,7,20.12,1207,SCISSORS,0,0,51,15,32,49,0.31,0.05,0.607,0.033,0.393,0.0,0.492,0.116,0.496,0.041,0.463,0.0,96,1,0,1,0,0,0,21,60,20,60,88,13.85,0.004,342,5.7,36,0,29,30.0,2.4,0.95,2.1,4,45,1.15,0.55,1.9,1.1,0.65,0.55
73f1fa00-0bea-4828-b406-0bf53535bc69,19,8,87.5,5250,PAPER,0,30,0,169,179,159,0.685,0.048,0.101,0.167,0.553,0.015,0.094,0.337,0.617,0.066,0.142,0.175,507,1,1,0,0,0,0,207,438,221,438,445,7.5,0.007,440,7.33,17,0,29,30.0,2.4,0.95,2.1,4,45,1.15,0.55,1.9,1.1,0.65,0.55
6f3d8218-8686-4ce2-a581-9f1ce9bdfe9c,18,5,55.22,3313,SCISSORS,0,0,57,172,191,210,0.576,0.13,0.231,0.063,0.481,0.078,0.166,0.275,0.531,0.094,0.155,0.22,573,1,0,1,0,0,0,114,353,136,361,541,12.35,0.004,393,6.55,52,0,29,30.0,2.4,0.95,2.1,4,45,1.15,0.55,1.9,1.1,0.65,0.55
930cbfbf-3243-43b3-8f9a-a66925c488d0,18,5,31.68,1901,SCISSORS,0,0,54,48,66,84,0.453,0.079,0.418,0.05,0.382,0.0,0.295,0.324,0.526,0.097,0.276,0.1,198,1,0,1,0,0,0,19,124,29,125,185,13.91,0.004,421,7.02,22,0,29,30.0,2.4,0.95,2.1,4,45,1.15,0.55,1.9,1.1,0.65,0.55
992930a2-e88a-4287-9a15-6fef97f58e12,8,6,24.62,1477,PAPER,0,54,0,54,72,36,0.578,0.0,0.361,0.061,0.497,0.0,0.338,0.166,0.402,0.02,0.422,0.155,162,1,1,0,0,0,0,18,98,26,98,149,10.47,0.004,257,4.28,17,0,29,30.0,2.4,0.95,2.1,4,45,1.15,0.55,1.9,1.1,0.65,0.55
2a981552-1fc6-4f51-8342-c7d2455ec432,9,8,37.93,2276,SCISSORS,0,0,24,24,32,40,0.578,0.018,0.38,0.024,0.486,0.037,0.264,0.213,0.49,0.015,0.248,0.246,96,1,0,1,0,0,0,25,61,27,60,78,5.85,0.018,486,8.1,19,0,29,30.0,2.4,0.95,2.1,4,45,1.15,0.55,1.9,1.1,0.65,0.55
5c64b08f-73ee-4963-ba3e-49e982fc5a51,5,5,56.28,3377,ROCK,27,0,0,67,49,58,0.577,0.021,0.163,0.24,0.43,0.016,0.287,0.266,0.596,0.0,0.173,0.231,174,1,0,0,1,0,0,43,116,46,122,148,6.7,0.023,572,9.53,24,0,29,30.0,2.4,0.95,2.1,4,45,1.15,0.55,1.9,1.1,0.65,0.55
2f6cac1f-e000-4fe8-9bec-08739c3ec758,5,10,67.57,4054,SCISSORS,0,0,15,35,40,45,0.292,0.0,0.184,0.524,0.317,0.0,0.141,0.543,0.619,0.0,0.132,0.249,120,1,0,1,0,0,0,56,91,65,91,59,3.68,0.006,369,6.15,8,0,29,30.0,2.4,0.95,2.1,4,45,1.15,0.55,1.9,1.1,0.65,0.55
1d5519e5-1d2d-4885-9775-89775e8113f4,13,6,34.13,2048,SCISSORS,0,0,15,9,14,19,0.266,0.0,0.405,0.329,0.505,0.0,0.288,0.207,0.422,0.0,0.271,0.307,42,1,0,1,0,0,0,13,20,10,21,24,4.24,0.005,443,7.38,12,0,29,30.0,2.4,0.95,2.1,4,45,1.15,0.55,1.9,1.1,0.65,0.55
56b99b73-6704-49b1-979d-f38a94449524,7,4,23.33,1400,ROCK,39,0,0,39,13,26,0.55,0.0,0.375,0.075,0.275,0.046,0.675,0.004,0.325,0.0,0.4,0.275,78,1,0,0,1,0,0,2,29,1,29,60,7.41,0.003,595,9.92,36,0,29,30.0,2.4,0.95,2.1,4,45,1.15,0.55,1.9,1.1,0.65,0.55
817c1202-80c7-40c8-804f-6f7954db6ff7,17,8,54.6,3276,ROCK,21,0,0,64,50,57,0.554,0.005,0.148,0.293,0.389,0.0,0.217,0.394,0.461,0.0,0.159,0.38,171,1,0,0,1,0,0,52,139,65,140,134,6.13,0.013,391,6.52,5,0,29,30.0,2.4,0.95,2.1,4,45,1.15,0.55,1.9,1.1,0.65,0.55
e44a8872-9ff8-4667-ad0f-6655ddaa7a00,17,7,34.27,2056,SCISSORS,0,0,51,58,75,92,0.44,0.085,0.338,0.136,0.564,0.097,0.268,0.071,0.545,0.117,0.251,0.088,225,1,0,1,0,0,0,56,177,68,176,216,12.99,0.007,296,4.93,23,0,29,30.0,2.4,0.95,2.1,4,45,1.15,0.55,1.9,1.1,0.65,0.55
8fb74a21-70bb-497c-96d9-62f19c505d03,9,9,26.25,1575,PAPER,0,51,0,49,66,32,0.54,0.0,0.368,0.092,0.521,0.019,0.346,0.114,0.387,0.019,0.46,0.133,147,1,1,0,0,0,0,49,101,52,105,138,11.18,0.015,330,5.5,19,0,29,30.0,2.4,0.95,2.1,4,45,1.15,0.55,1.9,1.1,0.65,0.55
702365e8-13ea-49f6-82e6-e38047e472e5,12,6,31.4,1884,SCISSORS,0,0,27,25,34,43,0.395,0.0,0.371,0.233,0.485,0.0,0.31,0.204,0.538,0.0,0.292,0.17,102,1,0,1,0,0,0,23,56,24,56,90,8.31,0.007,329,5.48,10,0,29,30.0,2.4,0.95,2.1,4,45,1.15,0.55,1.9,1.1,0.65,0.55
3f29a7bf-fbaa-4490-bf44-1457f5e88e80,20,8,34.43,2066,ROCK,36,0,0,61,37,49,0.525,0.039,0.281,0.155,0.385,0.015,0.455,0.145,0.545,0.0,0.298,0.157,147,1,0,0,1,0,0,52,103,48,103,129,8.63,0.004,546,9.1,29,0,29,30.0,2.4,0.95,2.1,4,45,1.15,0.55,1.9,1.1,0.65,0.55
0198eb93-9f95-44d6-a4bb-2489b3a19856,7,6,49.43,2966,SCISSORS,0,0,60,191,211,231,0.506,0.148,0.245,0.101,0.437,0.17,0.187,0.206,0.658,0.126,0.175,0.04,633,1,0,1,0,0,0,98,400,126,401,605,15.91,0.003,331,5.52,28,0,29,30.0,2.4,0.95,2.1,4,45,1.15,0.55,1.9,1.1,0.65,0.55
fbd9b331-b809-4f34-8b7d-77a8583e6529,14,6,28.97,1738,ROCK,21,0,0,23,9,16,0.526,0.0,0.279,0.195,0.25,0.014,0.572,0.164,0.428,0.0,0.299,0.273,48,1,0,0,1,0,0,6,16,10,16,35,5.71,0.003,673,11.22,20,0,29,30.0,2.4,0.95,2.1,4,45,1.15,0.55,1.9,1.1,0.65,0.55
7d1a0793-9373-4091-a3b7-25195ad198e4,11,10,59.75,3585,SCISSORS,0,0,42,132,146,160,0.664,0.031,0.219,0.086,0.593,0.022,0.137,0.248,0.738,0.033,0.127,0.102,438,1,0,1,0,0,0,151,385,181,385,395,8.73,0.004,415,6.92,33,0,29,30.0,2.4,0.95,2.1,4,45,1.15,0.55,1.9,1.1,0.65,0.55
ddc9b4f5-b189-443b-856b-87211c0afff9,6,9,40.4,2424,ROCK,33,0,0,69,47,58,0.54,0.082,0.219,0.159,0.468,0.027,0.351,0.155,0.482,0.072,0.233,0.212,174,1,0,0,1,0,0,61,136,63,138,150,9.07,0.004,489,8.15,26,0,29,30.0,2.4,0.95,2.1,4,45,1.15,0.55,1.9,1.1,0.65,0.55
4e027b88-8054-4765-873c-6fdddad5f598,6,9,79.07,4744,ROCK,18,0,0,51,39,45,0.295,0.0,0.12,0.585,0.336,0.0,0.163,0.501,0.707,0.019,0.128,0.146,135,1,0,0,1,0,0,46,109,47,106,67,3.8,0.013,374,6.23,7,0,29,30.0,2.4,0.95,2.1,4,45,1.15,0.55,1.9,1.1,0.65,0.55
cdbfae16-ccb2-42c9-bef3-17fd44c1739b,5,8,45.73,2744,PAPER,0,18,0,33,39,27,0.295,0.0,0.226,0.479,0.41,0.0,0.213,0.377,0.505,0.0,0.319,0.177,99,1,1,0,0,0,0,21,63,27,64,72,5.23,0.003,464,7.73,16,0,29,30.0,2.4,0.95,2.1,4,45,1.15,0.55,1.9,1.1,0.65,0.55
ca132ab7-f6a6-463b-8bd8-209c41193d85,15,4,77.98,4679,ROCK,15,0,0,46,36,41,0.26,0.0,0.124,0.616,0.276,0.0,0.156,0.568,0.668,0.0,0.131,0.201,123,1,0,0,1,0,0,14,67,18,70,67,4.29,0.012,334,5.57,13,0,29,30.0,2.4,0.95,2.1,4,45,1.15,0.55,1.9,1.1,0.65,0.55
76ff58f7-88c1-4e33-9d21-e683eac36afb,8,6,34.55,2073,ROCK,45,0,0,85,55,70,0.549,0.046,0.277,0.128,0.383,0.027,0.427,0.164,0.504,0.07,0.294,0.133,210,1,0,0,1,0,0,57,139,62,139,200,12.61,0.002,488,8.13,37,0,29,30.0,2.4,0.95,2.1,4,45,1.15,0.55,1.9,1.1,0.65,0.55
783cfc19-ff65-4153-9280-30c98764a933,14,6,40.83,2450,SCISSORS,0,0,24,26,34,42,0.437,0.051,0.398,0.114,0.314,0.022,0.243,0.42,0.543,0.041,0.229,0.188,102,1,0,1,0,0,0,18,49,26,52,80,6.89,0.003,610,10.17,22,0,29,30.0,2.4,0.95,2.1,4,45,1.15,0.55,1.9,1.1,0.65,0.55
5e3906e2-007d-40a5-a805-8e3481a3bdd7,15,7,35.95,2157,ROCK,42,0,0,72,44,58,0.514,0.0,0.252,0.234,0.319,0.088,0.463,0.13,0.472,0.0,0.269,0.259,174,1,0,0,1,0,0,34,109,45,106,162,11.18,0.001,602,10.03,39,0,29,30.0,2.4,0.95,2.1,4,45,1.15,0.55,1.9,1.1,0.65,0.55
27d5f110-2747-42c1-aedb-148a32458ba2,9,8,42.08,2525,ROCK,45,0,0,112,82,97,0.602,0.055,0.212,0.131,0.374,0.093,0.39,0.143,0.523,0.026,0.226,0.226,291,1,0,0,1,0,0,75,213,81,213,267,10.43,0.005,585,9.75,43,0,29,30.0,2.4,0.95,2.1,4,45,1.15,0.55,1.9,1.1,0.65,0.55
5805e068-544a-456a-bb7d-4e472da36138,20,6,77.22,4633,SCISSORS,0,0,27,103,112,121,0.466,0.0,0.209,0.325,0.491,0.039,0.127,0.343,0.773,0.006,0.12,0.1,336,1,0,1,0,0,0,84,237,107,246,273,6.76,0.003,573,9.55,26,0,29,30.0,2.4,0.95,2.1,4,45,1.15,0.55,1.9,1.1,0.65,0.55
4cbb8e73-c096-4243-ac4f-7c817734b960,16,4,38.8,2328,SCISSORS,0,0,60,90,110,130,0.461,0.077,0.388,0.073,0.444,0.054,0.236,0.266,0.582,0.075,0.221,0.122,330,1,0,1,0,0,0,36,222,46,214,312,13.69,0.001,543,9.05,58,0,29,30.0,2.4,0.95,2.1,4,45,1.15,0.55,1.9,1.1,0.65,0.55
6a4894b2-3727-4f3e-b257-6718516c08b8,11,6,50.15,3009,SCISSORS,0,0,48,145,161,177,0.699,0.038,0.256,0.007,0.475,0.13,0.146,0.249,0.709,0.118,0.135,0.038,483,0,0,0,0,0,0,143,344,148,340,463,11.96,0.008,489,8.15,46,0,29,30.0,2.4,0.95,2.1,4,45,1.15,0.55,1.9,1.1,0.65,0.55
8e9846f9-bb4e-403d-992e-47aa96cc2549,7,6,47.75,2865,SCISSORS,0,0,33,87,98,109,0.499,0.009,0.169,0.323,0.518,0.113,0.131,0.237,0.649,0.094,0.119,0.138,294,1,0,1,0,0,0,68,231,81,226,256,8.83,0.001,330,5.5,20,0,29,30.0,2.4,0.95,2.1,4,45,1.15,0.55,1.9,1.1,0.65,0.55
ea79d23c-1694-4a8d-a9a7-04771349ba29,7,6,44.05,2643,ROCK,21,0,0,41,27,34,0.541,0.0,0.18,0.28,0.44,0.011,0.335,0.214,0.563,0.0,0.193,0.244,102,1,0,0,1,0,0,23,61,23,63,63,4.55,0.005,593,9.88,18,0,29,30.0,2.4,0.95,2.1,4,45,1.15,0.55,1.9,1.1,0.65,0.55
f7ae9308-a1e0-444e-b633-3a157db7ca4d,16,6,148.62,8917,SCISSORS,0,0,21,143,150,157,0.397,0.0,0.095,0.508,0.349,0.02,0.064,0.567,0.74,0.0,0.06,0.2,450,0,0,0,0,0,0,45,256,74,255,344,5.81,0.009,457,7.62,18,0,29,30.0,2.4,0.95,2.1,4,45,1.15,0.55,1.9,1.1,0.65,0.55
b53107f7-7de4-4067-b683-daa7642ea4c2,10,10,32.38,1943,SCISSORS,0,0,48,65,81,97,0.442,0.039,0.391,0.129,0.506,0.103,0.29,0.1,0.64,0.087,0.272,0.0,243,1,0,1,0,0,0,94,213,109,215,228,11.6,0.004,368,6.13,21,0,29,30.0,2.4,0.95,2.1,4,45,1.15,0.55,1.9,1.1,0.65,0.55
728b61fd-91da-40bd-bfaf-74a91edd58cb,6,5,41.92,2515,SCISSORS,0,0,30,54,64,74,0.441,0.034,0.346,0.179,0.435,0.022,0.245,0.298,0.708,0.0,0.231,0.062,192,1,0,1,0,0,0,30,116,40,121,168,8.76,0.003,475,7.92,26,0,29,30.0,2.4,0.95,2.1,4,45,1.15,0.55,1.9,1.1,0.65,0.55
e5e860dd-8c84-40d1-abdc-d410f4d22836,16,7,40.55,2433,ROCK,18,0,0,33,21,27,0.394,0.0,0.242,0.363,0.308,0.0,0.326,0.366,0.544,0.0,0.257,0.199,81,1,0,0,1,0,0,19,62,37,58,46,4.84,0.003,393,6.55,12,0,29,30.0,2.4,0.95,2.1,4,45,1.15,0.55,1.9,1.1,0.65,0.55
41542155-7310-4faa-ba4b-395819299046,8,8,29.95,1797,ROCK,48,0,0,81,49,65,0.533,0.058,0.294,0.114,0.425,0.086,0.467,0.022,0.456,0.078,0.314,0.153,195,1,0,0,1,0,0,52,134,48,136,185,13.38,0.003,447,7.45,43,0,29,30.0,2.4,0.95,2.1,4,45,1.15,0.55,1.9,1.1,0.65,0.55
f3eec9f1-d498-4eb7-91d1-03ccc6690471,17,4,27.22,1633,SCISSORS,0,0,24,15,23,31,0.202,0.0,0.459,0.339,0.465,0.076,0.343,0.116,0.511,0.0,0.321,0.168,69,1,0,1,0,0,0,6,27,6,29,53,6.68,0.005,393,6.55,18,0,29,30.0,2.4,0.95,2.1,4,45,1.15,0.55,1.9,1.1,0.65,0.55
ed95c6a9-4d5e-498f-bcec-fc815eed7048,7,5,40.6,2436,PAPER,0,51,0,117,134,100,0.676,0.029,0.226,0.07,0.706,0.082,0.211,0.0,0.511,0.107,0.296,0.086,351,1,1,0,0,0,0,33,252,50,247,336,12.7,0.005,351,5.85,26,0,29,30.0,2.4,0.95,2.1,4,45,1.15,0.55,1.9,1.1,0.65,0.55
a0d492a8-bae2-4c8b-97db-6ee84c1d93d1,12,6,248.85,14931,SCISSORS,0,0,21,238,245,252,0.47,0.0,0.051,0.479,0.494,0.022,0.04,0.444,0.759,0.015,0.038,0.189,735,1,0,1,0,0,0,297,577,369,570,539,5.4,0.007,361,6.02,7,0,29,30.0,2.4,0.95,2.1,4,45,1.15,0.55,1.9,1.1,0.65,0.55
da171872-d66b-4174-b297-437feeaf0fb3,11,10,30.08,1805,ROCK,36,0,0,59,35,47,0.568,0.039,0.296,0.097,0.471,0.033,0.443,0.053,0.557,0.0,0.316,0.127,141,1,0,0,1,0,0,57,96,53,97,124,8.48,0.002,415,6.92,28,0,29,30.0,2.4,0.95,2.1,4,45,1.15,0.55,1.9,1.1,0.65,0.55
68b3eadd-86cb-44bb-ae18-11a134050677,15,10,159.07,9544,SCISSORS,0,0,33,333,344,355,0.597,0.045,0.09,0.269,0.619,0.138,0.061,0.182,0.747,0.03,0.057,0.166,1032,1,0,1,0,0,0,483,898,542,896,926,8.74,0.003,454,7.57,23,0,29,30.0,2.4,0.95,2.1,4,45,1.15,0.55,1.9,1.1,0.65,0.55
b6aca3d2-ea81-484f-b225-c452bb24b4d0,9,9,83.78,5027,SCISSORS,0,0,45,213,228,243,0.489,0.22,0.163,0.128,0.572,0.083,0.112,0.233,0.525,0.106,0.105,0.263,684,1,0,1,0,0,0,293,589,310,588,645,11.44,0.002,437,7.28,27,0,29,30.0,2.4,0.95,2.1,4,45,1.15,0.55,1.9,1.1,0.65,0.55
6fc6fd42-1f0f-4f7a-959c-93394e71af8f,17,7,141.15,8469,ROCK,27,0,0,235,217,226,0.558,0.013,0.056,0.373,0.483,0.058,0.092,0.367,0.783,0.025,0.06,0.132,678,1,0,0,1,0,0,302,548,355,552,563,7.38,0.004,484,8.07,22,0,29,30.0,2.4,0.95,2.1,4,45,1.15,0.55,1.9,1.1,0.65,0.55
6f37b2ee-7f6c-4217-bbb3-964e00ae0088,5,5,65.2,3912,SCISSORS,0,0,51,179,196,213,0.402,0.095,0.226,0.277,0.461,0.139,0.149,0.25,0.58,0.07,0.14,0.209,588,1,0,1,0,0,0,127,368,132,377,558,12.62,0.002,497,8.28,42,0,29,30.0,2.4,0.95,2.1,4,45,1.15,0.55,1.9,1.1,0.65,0.55
d17c96d8-d3bc-45a6-bf9d-9f27b1eeaa8c,20,4,26.58,1595,ROCK,15,0,0,13,3,8,0.348,0.0,0.357,0.295,0.229,0.0,0.536,0.235,0.464,0.0,0.379,0.157,24,1,0,0,1,0,0,5,8,4,8,12,3.71,0.005,470,7.83,11,0,29,30.0,2.4,0.95,2.1,4,45,1.15,0.55,1.9,1.1,0.65,0.55
254f84ec-2749-4274-8a79-b64822f38bf6,5,4,30.6,1836,ROCK,60,0,0,121,81,101,0.678,0.074,0.248,0.0,0.548,0.044,0.357,0.052,0.613,0.03,0.267,0.09,303,1,0,0,1,0,0,37,247,54,243,294,13.46,0.007,356,5.93,20,0,29,30.0,2.4,0.95,2.1,4,45,1.15,0.55,1.9,1.1,0.65,0.55
9892f374-6b3c-4ab4-bea6-441961d48e10,14,8,154.83,9290,SCISSORS,0,0,15,73,78,83,0.207,0.0,0.085,0.708,0.361,0.0,0.067,0.572,0.677,0.0,0.063,0.26,234,1,0,1,0,0,0,88,181,103,172,115,3.72,0.01,390,6.5,9,0,29,30.0,2.4,0.95,2.1,4,45,1.15,0.55,1.9,1.1,0.65,0.55
d9201e61-6177-49f8-8cf8-d0beb99a6b19,15,8,67.78,4067,SCISSORS,0,0,42,138,152,166,0.436,0.134,0.219,0.211,0.553,0.117,0.143,0.188,0.565,0.069,0.134,0.232,456,1,0,1,0,0,0,140,360,156,357,419,10.75,0.002,512,8.53,38,0,29,30.0,2.4,0.95,2.1,4,45,1.15,0.55,1.9,1.1,0.65,0.55
d7489d94-f2b2-40fb-811b-27553fb006d4,14,5,31.08,1865,SCISSORS,0,0,45,43,58,73,0.381,0.046,0.362,0.212,0.63,0.008,0.3,0.062,0.606,0.048,0.282,0.064,174,1,0,1,0,0,0,55,138,72,134,168,12.02,0.004,325,5.42,15,0,29,30.0,2.4,0.95,2.1,4,45,1.15,0.55,1.9,1.1,0.65,0.55
e2aabcf3-033f-46b4-92aa-b2d9c55b54bf,19,5,155.38,9323,PAPER,0,42,0,409,423,395,0.591,0.085,0.062,0.261,0.534,0.162,0.058,0.246,0.743,0.071,0.084,0.102,1227,1,1,0,0,0,0,382,859,424,861,1157,11.06,0.003,398,6.63,33,0,29,30.0,2.4,0.95,2.1,4,45,1.15,0.55,1.9,1.1,0.65,0.55
bb27052a-e50d-426b-97ae-3312c533064c,14,5,49.17,2950,PAPER,0,57,0,164,183,145,0.524,0.164,0.192,0.12,0.683,0.071,0.18,0.066,0.564,0.122,0.312,0.002,492,1,1,0,0,0,0,116,378,118,376,480,13.62,0.006,545,9.08,55,0,29,30.0,2.4,0.95,2.1,4,45,1.15,0.55,1.9,1.1,0.65,0.55
8351fc6b-71b5-42f0-880c-be91d5e99751,19,5,32.07,1924,SCISSORS,0,0,42,35,49,63,0.395,0.122,0.384,0.099,0.595,0.021,0.301,0.083,0.681,0.036,0.283,0.0,147,1,0,1,0,0,0,35,104,38,99,139,10.63,0.006,359,5.98,27,0,29,30.0,2.4,0.95,2.1,4,45,1.15,0.55,1.9,1.1,0.65,0.55
841f3bc0-45a1-43d9-8dee-5a5606102529,16,7,93.15,5589,SCISSORS,0,0,57,334,353,372,0.675,0.106,0.12,0.099,0.569,0.135,0.074,0.222,0.682,0.15,0.068,0.099,1059,1,0,1,0,0,0,255,883,295,883,1016,12.54,0.009,399,6.65,36,0,29,30.0,2.4,0.95,2.1,4,45,1.15,0.55,1.9,1.1,0.65,0.55
644893ee-d3f5-49d7-939d-bf317a9c1e81,16,10,63.02,3781,SCISSORS,0,0,48,170,186,202,0.517,0.108,0.213,0.161,0.569,0.089,0.144,0.198,0.558,0.139,0.135,0.168,558,1,0,1,0,0,0,205,480,233,480,536,12.15,0.003,431,7.18,26,0,29,30.0,2.4,0.95,2.1,4,45,1.15,0.55,1.9,1.1,0.65,0.55
41315658-37cc-4f22-9e04-89f480db097d,8,7,57.47,3448,SCISSORS,0,0,48,116,132,148,0.574,0.067,0.214,0.145,0.658,0.113,0.17,0.059,0.625,0.132,0.159,0.084,396,1,0,1,0,0,0,114,321,125,322,363,10.14,0.004,353,5.88,14,0,29,30.0,2.4,0.95,2.1,4,45,1.15,0.55,1.9,1.1,0.65,0.55
737cdee6-6c8e-4af9-bec7-a9ddfd049d7b,9,7,179.93,10796,SCISSORS,0,0,24,222,230,238,0.476,0.013,0.062,0.449,0.662,0.044,0.054,0.24,0.808,0.027,0.051,0.113,690,1,0,1,0,0,0,197,554,254,567,553,6.2,0.011,276,4.6,7,0,29,30.0,2.4,0.95,2.1,4,45,1.15,0.55,1.9,1.1,0.65,0.55
db88ad6b-fdf3-406e-aa5d-131aecafebe7,15,4,190.13,11408,PAPER,0,27,0,228,237,219,0.603,0.044,0.044,0.309,0.68,0.046,0.041,0.233,0.66,0.023,0.06,0.257,684,1,1,0,0,0,0,106,440,141,433,542,6.76,0.014,393,6.55,19,0,29,30.0,2.4,0.95,2.1,4,45,1.15,0.55,1.9,1.1,0.65,0.55
00ae4aee-71f2-44d6-b235-59d330e19dc7,17,10,32.32,1939,SCISSORS,0,0,45,66,81,96,0.309,0.108,0.42,0.162,0.536,0.044,0.296,0.124,0.634,0.0,0.278,0.088,243,1,0,1,0,0,0,84,142,92,141,229,12.68,0.004,429,7.15,27,0,29,30.0,2.4,0.95,2.1,4,45,1.15,0.55,1.9,1.1,0.65,0.55
3c6370b4-485d-4899-ad20-260ea60454cc,13,7,65.18,3911,SCISSORS,0,0,51,190,207,224,0.661,0.046,0.207,0.086,0.44,0.231,0.151,0.178,0.744,0.041,0.142,0.073,621,1,0,1,0,0,0,127,427,147,427,588,11.63,0.003,421,7.02,33,0,29,30.0,2.4,0.95,2.1,4,45,1.15,0.55,1.9,1.1,0.65,0.55
2468bacf-01d9-424f-8765-9f7242109dba,6,9,474.45,28467,SCISSORS,0,0,39,1182,1195,1208,0.667,0.113,0.032,0.188,0.693,0.148,0.022,0.137,0.807,0.119,0.02,0.054,3585,1,0,1,0,0,0,1751,3185,1882,3168,3320,9.87,0.004,482,8.03,24,0,29,30.0,2.4,0.95,2.1,4,45,1.15,0.55,1.9,1.1,0.65,0.55
0bf48d2c-0425-41b1-bd46-5a79d6b765ac,8,6,92.87,5572,SCISSORS,0,0,18,52,58,64,0.283,0.0,0.12,0.596,0.301,0.0,0.105,0.594,0.67,0.01,0.099,0.222,174,1,0,1,0,0,0,55,136,64,139,102,4.52,0.007,272,4.53,6,0,29,30.0,2.4,0.95,2.1,4,45,1.15,0.55,1.9,1.1,0.65,0.55
813cc122-cbf8-4d35-84e7-0bf7df628434,7,5,29.22,1753,SCISSORS,0,0,24,16,24,32,0.348,0.051,0.476,0.125,0.442,0.009,0.35,0.199,0.507,0.0,0.33,0.162,72,1,0,1,0,0,0,27,36,25,37,61,7.72,0.007,448,7.47,17,0,29,30.0,2.4,0.95,2.1,4,45,1.15,0.55,1.9,1.1,0.65,0.55
fae77e7a-8a4c-418b-b608-32126b271b4b,17,10,59.8,3588,SCISSORS,0,0,21,44,51,58,0.415,0.0,0.283,0.302,0.443,0.006,0.182,0.369,0.582,0.0,0.173,0.245,153,1,0,1,0,0,0,64,96,74,90,111,5.33,0.005,583,9.72,19,0,29,30.0,2.4,0.95,2.1,4,45,1.15,0.55,1.9,1.1,0.65,0.55
b8b1042a-84ec-4a0e-883c-cfe24bf7b0a5,11,5,66.6,3996,SCISSORS,0,0,51,165,182,199,0.641,0.086,0.178,0.095,0.517,0.189,0.14,0.154,0.631,0.155,0.131,0.083,546,1,0,1,0,0,0,105,421,139,419,512,11.1,0.001,331,5.52,17,0,29,30.0,2.4,0.95,2.1,4,45,1.15,0.55,1.9,1.1,0.65,0.55
efdcfde1-24e2-4f8c-81a6-bf053dde9f2f,14,6,142.53,8552,SCISSORS,0,0,33,267,278,289,0.54,0.039,0.088,0.333,0.761,0.077,0.069,0.093,0.657,0.084,0.065,0.194,834,1,0,1,0,0,0,256,604,282,613,762,9.12,0.008,352,5.87,11,0,29,30.0,2.4,0.95,2.1,4,45,1.15,0.55,1.9,1.1,0.65,0.55
be52ac91-149f-4794-b513-9691f46f59e0,12,5,47.6,2856,SCISSORS,0,0,42,95,109,123,0.448,0.028,0.261,0.263,0.447,0.152,0.2,0.201,0.641,0.112,0.187,0.06,327,1,0,1,0,0,0,72,206,79,207,306,12.26,0.002,366,6.1,36,0,29,30.0,2.4,0.95,2.1,4,45,1.15,0.55,1.9,1.1,0.65,0.55
eee05601-0774-4151-ba2d-aa0a2b20c9d9,5,5,69.12,4147,SCISSORS,0,0,36,114,126,138,0.523,0.094,0.172,0.211,0.67,0.158,0.143,0.029,0.613,0.075,0.135,0.177,378,1,0,1,0,0,0,121,249,136,243,355,10.28,0.004,337,5.62,15,0,29,30.0,2.4,0.95,2.1,4,45,1.15,0.55,1.9,1.1,0.65,0.55
fccf0602-b109-4ffd-9a82-2cec12881a30,15,4,45.02,2701,PAPER,0,15,0,23,28,18,0.18,0.0,0.206,0.615,0.48,0.0,0.193,0.328,0.515,0.0,0.287,0.198,69,1,1,0,0,0,0,7,29,8,27,39,4.07,0.008,436,7.27,13,0,29,30.0,2.4,0.95,2.1,4,45,1.15,0.55,1.9,1.1,0.65,0.55
c43f0c8f-8d93-4acf-b86f-a2c9c1fe7463,9,8,27.98,1679,PAPER,0,45,0,43,58,28,0.562,0.03,0.339,0.068,0.5,0.0,0.318,0.182,0.438,0.009,0.408,0.146,129,1,1,0,0,0,0,19,78,24,79,103,8.51,0.001,294,4.9,13,0,29,30.0,2.4,0.95,2.1,4,45,1.15,0.55,1.9,1.1,0.65,0.55
e569e18d-013f-4384-a672-9fdb9f493913,11,9,78.38,4703,SCISSORS,0,0,27,93,102,111,0.506,0.019,0.143,0.332,0.658,0.035,0.104,0.203,0.578,0.022,0.097,0.303,306,1,0,1,0,0,0,128,239,138,236,239,6.61,0.006,368,6.13,19,0,29,30.0,2.4,0.95,2.1,4,45,1.15,0.55,1.9,1.1,0.65,0.55
56e195ff-d00a-4c82-a9bd-eb047f02f941,15,10,75.83,4550,SCISSORS,0,0,33,111,122,133,0.69,0.042,0.223,0.045,0.648,0.023,0.141,0.188,0.553,0.101,0.133,0.213,366,1,0,1,0,0,0,123,290,142,287,319,7.54,0.004,580,9.67,30,0,29,30.0,2.4,0.95,2.1,4,45,1.15,0.55,1.9,1.1,0.65,0.55
51bd9063-491c-45a9-9e2e-6618fdc5c1af,17,10,64.7,3882,SCISSORS,0,0,45,149,164,179,0.445,0.026,0.221,0.308,0.519,0.04,0.161,0.281,0.587,0.073,0.152,0.188,492,1,0,1,0,0,0,90,315,118,317,440,11.5,0.008,437,7.28,23,0,29,30.0,2.4,0.95,2.1,4,45,1.15,0.55,1.9,1.1,0.65,0.55
5e5e6ce0-9555-4746-b261-b329334b4037,8,10,41.33,2480,SCISSORS,0,0,51,112,129,146,0.587,0.069,0.266,0.079,0.597,0.077,0.236,0.091,0.609,0.081,0.222,0.089,387,1,0,1,0,0,0,147,353,157,349,371,12.3,0.007,240,4.0,15,0,29,30.0,2.4,0.95,2.1,4,45,1.15,0.55,1.9,1.1,0.65,0.55
bddb0dbf-2316-4635-946e-5ef30acacf3d,11,9,62.07,3724,ROCK,24,0,0,78,62,70,0.541,0.008,0.165,0.286,0.446,0.026,0.294,0.235,0.483,0.007,0.174,0.336,210,1,0,0,1,0,0,71,159,79,162,166,6.07,0.011,669,11.15,23,0,29,30.0,2.4,0.95,2.1,4,45,1.15,0.55,1.9,1.1,0.65,0.55
92d81aa6-a352-43d3-aac3-51c1fd805573,18,6,72.33,4340,ROCK,33,0,0,140,118,129,0.662,0.076,0.128,0.134,0.627,0.05,0.2,0.123,0.675,0.047,0.136,0.142,387,1,0,0,1,0,0,73,308,87,306,344,7.99,0.01,475,7.92,27,0,29,30.0,2.4,0.95,2.1,4,45,1.15,0.55,1.9,1.1,0.65,0.55
6dac512c-bbe4-4154-9308-fb67358b3ed1,11,10,119.68,7181,SCISSORS,0,0,54,496,514,532,0.724,0.148,0.109,0.019,0.847,0.044,0.082,0.027,0.779,0.126,0.077,0.017,1542,1,0,1,0,0,0,578,1475,662,1477,1470,11.31,0.005,371,6.18,25,0,29,30.0,2.4,0.95,2.1,4,45,1.15,0.55,1.9,1.1,0.65,0.55
3cb9dc7b-7b69-4463-88c1-02cf36b5eec9,10,9,35.82,2149,SCISSORS,0,0,33,42,53,64,0.493,0.065,0.367,0.074,0.558,0.0,0.272,0.17,0.516,0.049,0.256,0.179,159,1,0,1,0,0,0,76,127,68,126,144,8.1,0.013,389,6.48,16,0,29,30.0,2.4,0.95,2.1,4,45,1.15,0.55,1.9,1.1,0.65,0.55
3fee281d-6d34-4857-98f1-b4d17f4ef7c7,5,5,192.33,11540,ROCK,30,0,0,298,278,288,0.716,0.083,0.048,0.153,0.712,0.053,0.063,0.172,0.757,0.064,0.051,0.129,864,1,0,0,1,0,0,157,692,171,689,710,6.97,0.012,365,6.08,14,0,29,30.0,2.4,0.95,2.1,4,45,1.15,0.55,1.9,1.1,0.65,0.55
9705e9be-06ae-4111-a15c-aa2b6c1284a5,9,4,187.42,11245,SCISSORS,0,0,15,93,98,103,0.225,0.0,0.081,0.694,0.441,0.0,0.052,0.507,0.555,0.0,0.049,0.396,294,1,0,1,0,0,0,54,160,61,167,164,3.94,0.01,525,8.75,12,0,29,30.0,2.4,0.95,2.1,4,45,1.15,0.55,1.9,1.1,0.65,0.55
5148ff7b-769a-4164-b32b-402ca7a42135,14,6,49.52,2971,SCISSORS,0,0,27,39,48,57,0.5,0.013,0.217,0.269,0.53,0.03,0.2,0.239,0.613,0.0,0.189,0.199,144,1,0,1,0,0,0,22,106,32,107,105,6.19,0.024,266,4.43,7,0,29,30.0,2.4,0.95,2.1,4,45,1.15,0.55,1.9,1.1,0.65,0.55
c97335c7-fe03-4059-a9c5-929e99c75ca6,10,8,50.35,3021,SCISSORS,0,0,42,86,100,114,0.49,0.126,0.338,0.046,0.518,0.076,0.194,0.212,0.591,0.161,0.182,0.066,300,1,0,1,0,0,0,97,220,116,228,278,10.56,0.013,621,10.35,41,0,29,30.0,2.4,0.95,2.1,4,45,1.15,0.55,1.9,1.1,0.65,0.55
fd1e8c8c-9000-4f6f-9271-957f2c47e794,9,5,34.3,2058,SCISSORS,0,0,30,31,41,51,0.573,0.022,0.335,0.07,0.665,0.0,0.282,0.053,0.735,0.0,0.265,0.0,123,1,0,1,0,0,0,21,68,29,66,108,7.47,0.007,313,5.22,6,0,29,30.0,2.4,0.95,2.1,4,45,1.15,0.55,1.9,1.1,0.65,0.55
849fecc5-5777-403a-9218-25f6188a3eb0,16,9,31.27,1876,SCISSORS,0,0,27,17,26,35,0.376,0.019,0.499,0.107,0.432,0.0,0.317,0.251,0.483,0.037,0.299,0.181,78,1,0,1,0,0,0,25,50,28,50,59,6.62,0.009,551,9.18,23,0,29,30.0,2.4,0.95,2.1,4,45,1.15,0.55,1.9,1.1,0.65,0.55
45036d9f-5234-4093-b606-d66137874123,5,4,50.52,3031,SCISSORS,0,0,48,85,101,117,0.517,0.038,0.241,0.205,0.525,0.106,0.193,0.177,0.554,0.16,0.182,0.104,303,1,0,1,0,0,0,41,220,51,226,281,11.21,0.006,341,5.68,18,0,29,30.0,2.4,0.95,2.1,4,45,1.15,0.55,1.9,1.1,0.65,0.55
ed3567ca-14f3-4daa-bbd4-3d7e1ffedd80,11,4,53.47,3208,SCISSORS,0,0,15,12,17,22,0.494,0.0,0.215,0.291,0.34,0.0,0.173,0.488,0.364,0.0,0.162,0.474,51,1,0,1,0,0,0,8,11,8,12,27,4.0,0.009,318,5.3,6,0,29,30.0,2.4,0.95,2.1,4,45,1.15,0.55,1.9,1.1,0.65,0.55
ac3f225c-b358-4d3c-af9c-6969810ed370,6,8,144.62,8677,ROCK,33,0,0,269,247,258,0.713,0.035,0.069,0.184,0.672,0.057,0.099,0.173,0.596,0.094,0.073,0.237,774,1,0,0,1,0,0,265,658,310,652,665,8.36,0.012,442,7.37,27,0,29,30.0,2.4,0.95,2.1,4,45,1.15,0.55,1.9,1.1,0.65,0.55
77653673-9c32-4930-86a3-22a11f6464a1,19,8,146.28,8777,PAPER,0,18,0,106,112,100,0.479,0.0,0.073,0.448,0.481,0.005,0.069,0.445,0.585,0.0,0.095,0.321,318,1,1,0,0,0,0,93,237,118,237,208,4.62,0.011,407,6.78,13,0,29,30.0,2.4,0.95,2.1,4,45,1.15,0.55,1.9,1.1,0.65,0.55
7337bda7-6960-42da-9137-91ae07dbac45,17,10,36.02,2161,PAPER,0,57,0,150,169,131,0.512,0.051,0.248,0.19,0.641,0.012,0.231,0.116,0.588,0.014,0.382,0.016,450,1,1,0,0,0,0,158,364,155,368,437,13.28,0.001,451,7.52,54,0,29,30.0,2.4,0.95,2.1,4,45,1.15,0.55,1.9,1.1,0.65,0.55
9fb07541-ae5f-426c-b057-88e7148e0044,9,9,25.92,1555,ROCK,51,0,0,62,28,45,0.45,0.039,0.357,0.154,0.431,0.061,0.457,0.051,0.543,0.0,0.379,0.077,135,1,0,0,1,0,0,37,103,55,103,125,12.6,0.009,300,5.0,16,0,29,30.0,2.4,0.95,2.1,4,45,1.15,0.55,1.9,1.1,0.65,0.55
06d9d063-24f8-4379-abfb-e0176c7e15c4,16,7,60.85,3651,SCISSORS,0,0,27,71,80,89,0.514,0.0,0.252,0.234,0.473,0.019,0.171,0.337,0.637,0.038,0.162,0.163,240,1,0,1,0,0,0,84,188,88,185,215,7.96,0.01,516,8.6,22,0,29,30.0,2.4,0.95,2.1,4,45,1.15,0.55,1.9,1.1,0.65,0.55
3a29d0e4-55aa-481c-a414-576e4f2b5be4,16,4,30.92,1855,ROCK,48,0,0,87,55,71,0.571,0.065,0.24,0.124,0.509,0.0,0.423,0.067,0.539,0.038,0.259,0.164,213,1,0,0,1,0,0,33,128,36,127,199,11.0,0.007,515,8.58,38,0,29,30.0,2.4,0.95,2.1,4,45,1.15,0.55,1.9,1.1,0.65,0.55
65e7a2e1-9cd3-48cc-b10b-4a1fc8c79d8e,9,5,144.67,8680,ROCK,48,0,0,487,455,471,0.657,0.132,0.063,0.148,0.596,0.173,0.118,0.113,0.707,0.139,0.067,0.088,1413,1,0,0,1,0,0,333,1171,406,1161,1357,12.74,0.009,635,10.58,45,0,29,30.0,2.4,0.95,2.1,4,45,1.15,0.55,1.9,1.1,0.65,0.55
4439aa92-1c2c-4988-88e0-344ea27ee79d,8,6,80.63,4838,SCISSORS,0,0,27,99,108,117,0.444,0.004,0.159,0.393,0.537,0.099,0.128,0.236,0.728,0.015,0.121,0.135,324,1,0,1,0,0,0,91,265,115,261,274,7.71,0.014,373,6.22,10,0,29,30.0,2.4,0.95,2.1,4,45,1.15,0.55,1.9,1.1,0.65,0.55
efe18f81-b5d6-457f-8dd3-0bf46e85d876,14,4,23.17,1390,SCISSORS,0,0,24,12,20,28,0.471,0.0,0.525,0.004,0.324,0.0,0.435,0.241,0.457,0.032,0.41,0.101,60,0,0,0,0,0,0,7,38,15,38,55,8.45,0.016,350,5.83,17,0,29,30.0,2.4,0.95,2.1,4,45,1.15,0.55,1.9,1.1,0.65,0.55
48d10b7e-a7e9-408c-a223-2479f51c0e1e,5,8,41.43,2486,SCISSORS,0,0,42,85,99,113,0.535,0.129,0.284,0.052,0.616,0.101,0.193,0.091,0.728,0.0,0.179,0.093,297,1,0,1,0,0,0,104,223,120,226,289,10.91,0.011,431,7.18,26,0,29,30.0,2.4,0.95,2.1,4,45,1.15,0.55,1.9,1.1,0.65,0.55
16e8d852-2efb-4817-98b7-5e12a15b937e,15,5,25.23,1514,ROCK,15,0,0,14,4,9,0.389,0.0,0.383,0.228,0.297,0.0,0.574,0.129,0.36,0.0,0.406,0.234,27,1,0,0,1,0,0,6,15,7,14,18,4.63,0.0,479,7.98,11,0,29,30.0,2.4,0.95,2.1,4,45,1.15,0.55,1.9,1.1,0.65,0.55
85ed1cf3-f8b6-4cee-aafd-e436da44cc6b,5,9,32.92,1975,ROCK,45,0,0,86,56,71,0.532,0.076,0.284,0.109,0.385,0.02,0.499,0.096,0.433,0.068,0.301,0.197,213,0,0,0,0,0,0,84,143,83,141,198,11.55,0.006,595,9.92,43,0,29,30.0,2.4,0.95,2.1,4,45,1.15,0.55,1.9,1.1,0.65,0.55
36c434f1-87b5-4408-877f-d7dec71e6460,11,10,19.98,1199,ROCK,15,0,0,11,1,6,0.487,0.0,0.454,0.058,0.425,0.0,0.558,0.017,0.367,0.0,0.483,0.15,18,1,0,0,1,0,0,8,7,9,6,15,6.78,0.011,299,4.98,8,0,29,30.0,2.4,0.95,2.1,4,45,1.15,0.55,1.9,1.1,0.65,0.55
fc6b74fc-e26f-43fd-83f0-7e8ac6597e02,16,8,55.3,3318,SCISSORS,0,0,33,90,101,112,0.527,0.0,0.245,0.227,0.622,0.069,0.184,0.125,0.806,0.021,0.173,0.0,303,0,0,0,0,0,0,80,220,96,226,277,9.92,0.01,413,6.88,12,0,29,30.0,2.4,0.95,2.1,4,45,1.15,0.55,1.9,1.1,0.65,0.55
5ff1a6ef-6d8d-42a1-b74a-e1673284927c,10,6,45.65,2739,ROCK,48,0,0,92,60,76,0.642,0.042,0.17,0.146,0.359,0.033,0.325,0.283,0.611,0.064,0.182,0.142,228,1,0,0,1,0,0,71,145,72,142,213,12.15,0.006,594,9.9,44,0,29,30.0,2.4,0.95,2.1,4,45,1.15,0.55,1.9,1.1,0.65,0.55
c7f09065-d20b-4683-9109-85b621ef3aa8,13,8,52.63,3158,SCISSORS,0,0,30,58,68,78,0.532,0.062,0.225,0.182,0.489,0.065,0.19,0.256,0.6,0.032,0.179,0.19,204,1,0,1,0,0,0,35,131,42,132,180,8.57,0.015,313,5.22,12,0,29,30.0,2.4,0.95,2.1,4,45,1.15,0.55,1.9,1.1,0.65,0.55
8cc489d0-d992-4e4d-92d1-6fd91708cd08,11,10,30.35,1821,ROCK,39,0,0,52,26,39,0.602,0.014,0.25,0.135,0.415,0.091,0.398,0.096,0.602,0.0,0.269,0.129,117,1,0,0,1,0,0,52,82,52,87,113,11.23,0.012,416,6.93,20,0,29,30.0,2.4,0.95,2.1,4,45,1.15,0.55,1.9,1.1,0.65,0.55
ae13f60a-0300-4e35-a51c-6338c1bf3b5c,14,9,61.0,3660,ROCK,33,0,0,119,97,108,0.609,0.019,0.133,0.239,0.538,0.077,0.223,0.163,0.637,0.049,0.142,0.172,324,1,0,0,1,0,0,144,268,157,271,287,8.44,0.008,500,8.33,23,0,29,30.0,2.4,0.95,2.1,4,45,1.15,0.55,1.9,1.1,0.65,0.55
a40cde3c-216b-4423-a7a1-6c0fec6340fa,6,6,60.78,3647,ROCK,42,0,0,138,110,124,0.696,0.049,0.153,0.101,0.477,0.122,0.201,0.2,0.7,0.081,0.163,0.056,372,0,0,0,0,0,0,83,275,101,273,348,11.36,0.012,352,5.87,20,0,29,30.0,2.4,0.95,2.1,4,45,1.15,0.55,1.9,1.1,0.65,0.55
acadae64-96d1-46e6-9b7f-89dab5222f13,15,6,53.18,3191,ROCK,18,0,0,39,27,33,0.285,0.0,0.146,0.569,0.542,0.0,0.273,0.185,0.592,0.0,0.157,0.251,99,1,0,0,1,0,0,24,65,29,62,55,4.21,0.002,586,9.77,17,0,29,30.0,2.4,0.95,2.1,4,45,1.15,0.55,1.9,1.1,0.65,0.55
6b10c6ce-2867-4707-b24d-fb0adc2f5d85,12,7,28.23,1694,SCISSORS,0,0,45,50,65,80,0.528,0.0,0.46,0.012,0.54,0.0,0.36,0.1,0.634,0.027,0.339,0.0,195,1,0,1,0,0,0,43,148,56,148,192,11.82,0.012,364,6.07,28,0,29,30.0,2.4,0.95,2.1,4,45,1.15,0.55,1.9,1.1,0.65,0.55
8b22a8ef-3ce3-4f78-ae86-4a29240c6ba3,20,9,21.23,1274,SCISSORS,0,0,36,15,27,39,0.49,0.0,0.467,0.043,0.533,0.0,0.408,0.059,0.62,0.0,0.38,0.0,81,1,0,1,0,0,0,45,64,41,64,76,11.3,0.006,279,4.65,10,0,29,30.0,2.4,0.95,2.1,4,45,1.15,0.55,1.9,1.1,0.65,0.55
5ef0aa66-f11e-447a-b9f7-936cf1bd165f,5,8,90.83,5450,SCISSORS,0,0,60,429,449,469,0.58,0.155,0.117,0.148,0.654,0.172,0.096,0.077,0.729,0.142,0.09,0.039,1347,1,0,1,0,0,0,376,1163,442,1169,1289,14.62,0.008,285,4.75,33,0,29,30.0,2.4,0.95,2.1,4,45,1.15,0.55,1.9,1.1,0.65,0.55
ab4bcf42-b1de-4b8b-86c3-4ec5d1c06b83,17,6,44.8,2688,SCISSORS,0,0,15,14,19,24,0.325,0.0,0.296,0.379,0.388,0.0,0.216,0.396,0.519,0.0,0.203,0.279,57,1,0,1,0,0,0,12,34,15,34,31,4.16,0.0,398,6.63,10,0,29,30.0,2.4,0.95,2.1,4,45,1.15,0.55,1.9,1.1,0.65,0.55
91100d6b-6614-45de-b190-7884865a8e21,15,4,65.32,3919,SCISSORS,0,0,51,168,185,202,0.543,0.221,0.168,0.068,0.772,0.06,0.138,0.031,0.798,0.073,0.129,0.0,555,1,0,1,0,0,0,65,442,92,438,532,11.68,0.008,289,4.82,25,0,29,30.0,2.4,0.95,2.1,4,45,1.15,0.55,1.9,1.1,0.65,0.55
9d9dc8f5-a982-437b-b12c-7c1e88fe2b9b,6,8,27.87,1672,ROCK,45,0,0,56,26,41,0.51,0.039,0.331,0.119,0.427,0.0,0.472,0.101,0.528,0.0,0.352,0.119,123,1,0,0,1,0,0,27,95,32,90,117,10.01,0.011,387,6.45,24,0,29,30.0,2.4,0.95,2.1,4,45,1.15,0.55,1.9,1.1,0.65,0.55
a5311e4b-ece3-4a41-8f9c-81ee2b43bd59,6,10,37.5,2250,SCISSORS,0,0,18,20,26,32,0.233,0.0,0.413,0.353,0.478,0.0,0.26,0.262,0.589,0.0,0.244,0.167,78,1,0,1,0,0,0,24,50,23,49,54,4.72,0.008,540,9.0,16,0,29,30.0,2.4,0.95,2.1,4,45,1.15,0.55,1.9,1.1,0.65,0.55
a47e64a2-3355-46bd-9833-506e76d91931,13,10,32.5,1950,PAPER,0,18,0,21,27,15,0.269,0.0,0.269,0.462,0.541,0.0,0.251,0.208,0.438,0.0,0.446,0.115,63,1,1,0,0,0,0,21,39,23,39,41,4.87,0.011,555,9.25,17,0,29,30.0,2.4,0.95,2.1,4,45,1.15,0.55,1.9,1.1,0.65,0.55
6f32cbea-01d4-4fe1-8b0d-797f610647bd,12,8,84.27,5056,PAPER,0,39,0,187,200,174,0.617,0.059,0.115,0.209,0.54,0.068,0.108,0.284,0.619,0.084,0.187,0.11,561,1,1,0,0,0,0,175,412,195,408,523,10.58,0.007,561,9.35,38,0,29,30.0,2.4,0.95,2.1,4,45,1.15,0.55,1.9,1.1,0.65,0.55
9b3fa432-32be-4344-ac04-79180a76e330,16,9,74.87,4492,SCISSORS,0,0,36,146,158,170,0.462,0.031,0.18,0.327,0.627,0.112,0.119,0.141,0.712,0.07,0.111,0.107,474,1,0,1,0,0,0,258,426,274,428,425,9.7,0.014,437,7.28,27,0,29,30.0,2.4,0.95,2.1,4,45,1.15,0.55,1.9,1.1,0.65,0.55
bbb0afde-f55b-4c70-8b51-32f53b4b0391,20,4,36.53,2192,SCISSORS,0,0,48,42,58,74,0.54,0.034,0.408,0.018,0.428,0.068,0.244,0.26,0.569,0.0,0.228,0.203,174,1,0,1,0,0,0,16,99,21,104,164,10.14,0.006,542,9.03,41,0,29,30.0,2.4,0.95,2.1,4,45,1.15,0.55,1.9,1.1,0.65,0.55
a92aa9e1-774d-4697-9360-b5f5b62a44cb,19,4,108.05,6483,SCISSORS,0,0,60,394,414,434,0.694,0.141,0.106,0.059,0.645,0.192,0.08,0.082,0.641,0.151,0.075,0.133,1242,1,0,1,0,0,0,159,881,164,869,1196,14.15,0.003,313,5.22,37,0,29,30.0,2.4,0.95,2.1,4,45,1.15,0.55,1.9,1.1,0.65,0.55
e6e86be2-4bd0-4255-9c19-2bd33f6faa79,13,4,46.95,2817,ROCK,57,0,0,147,109,128,0.746,0.005,0.163,0.085,0.582,0.145,0.27,0.004,0.73,0.0,0.176,0.094,384,1,0,0,1,0,0,50,287,57,285,364,12.55,0.009,427,7.12,27,0,29,30.0,2.4,0.95,2.1,4,45,1.15,0.55,1.9,1.1,0.65,0.55
ff29688e-b8ee-4186-8a7f-5f22e4ee5d22,5,5,40.0,2400,SCISSORS,0,0,39,42,55,68,0.521,0.085,0.358,0.035,0.519,0.044,0.198,0.24,0.64,0.077,0.183,0.1,165,1,0,1,0,0,0,29,99,33,100,152,8.87,0.006,580,9.67,32,0,29,30.0,2.4,0.95,2.1,4,45,1.15,0.55,1.9,1.1,0.65,0.55
d8ae46aa-d0f4-4080-9137-7fb0568b96fe,7,6,43.65,2619,SCISSORS,0,0,15,15,20,25,0.435,0.0,0.351,0.214,0.326,0.0,0.216,0.458,0.527,0.0,0.202,0.271,60,1,0,1,0,0,0,11,26,11,26,30,3.5,0.0,564,9.4,12,0,29,30.0,2.4,0.95,2.1,4,45,1.15,0.55,1.9,1.1,0.65,0.55
00ca7c9b-8412-43d4-9c12-e8ed5e8c627e,12,6,53.23,3194,SCISSORS,0,0,21,28,35,42,0.404,0.005,0.28,0.311,0.52,0.0,0.183,0.297,0.624,0.0,0.172,0.203,105,1,0,1,0,0,0,28,58,34,55,78,5.77,0.012,509,8.48,10,0,29,30.0,2.4,0.95,2.1,4,45,1.15,0.55,1.9,1.1,0.65,0.55
37354fe7-69ee-482f-a025-744c6d81a711,6,8,28.87,1732,PAPER,0,36,0,33,45,21,0.582,0.0,0.331,0.086,0.504,0.061,0.311,0.124,0.392,0.135,0.418,0.055,99,1,1,0,0,0,0,27,62,21,63,92,10.12,0.005,342,5.7,24,0,29,30.0,2.4,0.95,2.1,4,45,1.15,0.55,1.9,1.1,0.65,0.55
a7e2e630-8805-4463-bcc6-314d2fcb8a13,15,7,48.0,2880,SCISSORS,0,0,18,31,37,43,0.476,0.0,0.257,0.267,0.465,0.028,0.174,0.333,0.444,0.0,0.161,0.394,111,1,0,1,0,0,0,22,65,23,65,88,5.54,0.009,465,7.75,11,0,29,30.0,2.4,0.95,2.1,4,45,1.15,0.55,1.9,1.1,0.65,0.55
e6ac14ad-af0a-4faa-936d-104266bf90cc,9,5,49.2,2952,PAPER,0,45,0,141,156,126,0.487,0.157,0.191,0.164,0.655,0.042,0.179,0.124,0.596,0.08,0.235,0.09,423,1,1,0,0,0,0,88,309,92,314,402,12.15,0.002,327,5.45,35,0,29,30.0,2.4,0.95,2.1,4,45,1.15,0.55,1.9,1.1,0.65,0.55
2daa93e7-8167-45b8-8214-982a4638194a,15,10,35.07,2104,SCISSORS,0,0,27,24,33,42,0.508,0.026,0.354,0.112,0.475,0.0,0.238,0.287,0.451,0.064,0.221,0.264,99,1,0,1,0,0,0,36,74,37,73,76,5.97,0.013,444,7.4,17,0,29,30.0,2.4,0.95,2.1,4,45,1.15,0.55,1.9,1.1,0.65,0.55
ad11e1b0-1acf-40b4-bd73-9cef9508b1d4,13,9,53.43,3206,SCISSORS,0,0,45,116,131,146,0.632,0.059,0.203,0.106,0.599,0.137,0.159,0.105,0.627,0.137,0.148,0.087,393,1,0,1,0,0,0,106,311,122,313,351,10.08,0.008,331,5.52,24,0,29,30.0,2.4,0.95,2.1,4,45,1.15,0.55,1.9,1.1,0.65,0.55
63f8f65b-3b2d-45b2-b0ac-cae47a17cd29,18,7,27.27,1636,ROCK,39,0,0,53,27,40,0.422,0.101,0.327,0.15,0.477,0.034,0.474,0.015,0.44,0.024,0.349,0.187,120,1,0,0,1,0,0,31,73,37,76,109,11.17,0.003,391,6.52,35,0,29,30.0,2.4,0.95,2.1,4,45,1.15,0.55,1.9,1.1,0.65,0.55
3cd95330-2625-4e40-9368-c382a0724e5c,20,10,31.02,1861,SCISSORS,0,0,54,51,69,87,0.36,0.043,0.384,0.212,0.452,0.164,0.29,0.094,0.535,0.032,0.272,0.161,207,1,0,1,0,0,0,66,100,68,106,197,11.47,0.008,346,5.77,26,0,29,30.0,2.4,0.95,2.1,4,45,1.15,0.55,1.9,1.1,0.65,0.55
06d02811-6269-46c5-aa58-184ff924c07a,12,4,27.83,1670,SCISSORS,0,0,60,76,96,116,0.428,0.135,0.431,0.006,0.569,0.0,0.296,0.135,0.725,0.0,0.275,0.0,288,1,0,1,0,0,0,49,235,51,231,285,15.36,0.003,415,6.92,46,0,29,30.0,2.4,0.95,2.1,4,45,1.15,0.55,1.9,1.1,0.65,0.55
8cfaf068-fa5a-4bc6-9c49-b2972248d77d,20,4,38.42,2305,SCISSORS,0,0,36,51,63,75,0.499,0.119,0.328,0.054,0.51,0.137,0.215,0.139,0.549,0.015,0.2,0.236,189,1,0,1,0,0,0,30,120,42,120,174,9.2,0.007,470,7.83,27,0,29,30.0,2.4,0.95,2.1,4,45,1.15,0.55,1.9,1.1,0.65,0.55
796809e9-dc45-4a08-a24e-afdb5f0755f6,7,9,26.53,1592,SCISSORS,0,0,60,58,78,98,0.439,0.038,0.483,0.041,0.517,0.0,0.354,0.129,0.602,0.0,0.332,0.066,234,1,0,1,0,0,0,47,177,56,176,226,11.99,0.007,372,6.2,42,0,29,30.0,2.4,0.95,2.1,4,45,1.15,0.55,1.9,1.1,0.65,0.55
1a07298e-3092-4ca2-beda-387cffa9a84b,10,7,61.23,3674,SCISSORS,0,0,21,42,49,56,0.286,0.0,0.218,0.497,0.697,0.0,0.169,0.135,0.63,0.0,0.159,0.211,147,1,0,1,0,0,0,44,122,57,120,102,5.19,0.009,404,6.73,13,0,29,30.0,2.4,0.95,2.1,4,45,1.15,0.55,1.9,1.1,0.65,0.55
0b5c855e-c9ca-45bd-a403-ae8b33da5733,13,10,29.6,1776,ROCK,30,0,0,40,20,30,0.623,0.0,0.332,0.045,0.439,0.0,0.544,0.017,0.414,0.042,0.352,0.192,90,1,0,0,1,0,0,47,67,47,66,79,7.73,0.002,561,9.35,22,0,29,30.0,2.4,0.95,2.1,4,45,1.15,0.55,1.9,1.1,0.65,0.55
9eaf6214-d846-4cec-abaa-fa7a03e4a252,6,4,154.15,9249,PAPER,0,39,0,330,343,317,0.706,0.131,0.05,0.112,0.731,0.112,0.046,0.111,0.564,0.186,0.083,0.166,990,1,1,0,0,0,0,107,753,138,750,906,9.53,0.007,504,8.4,38,0,29,30.0,2.4,0.95,2.1,4,45,1.15,0.55,1.9,1.1,0.65,0.55
6e1183fc-3f6c-4321-b354-f790dbd074ba,18,9,114.35,6861,ROCK,18,0,0,94,82,88,0.675,0.0,0.086,0.239,0.305,0.0,0.195,0.5,0.415,0.0,0.091,0.494,264,1,0,0,1,0,0,72,183,81,180,162,4.66,0.014,931,15.52,17,0,29,30.0,2.4,0.95,2.1,4,45,1.15,0.55,1.9,1.1,0.65,0.55
64c069c2-6b0e-4f54-b359-67b70694531b,5,8,54.75,3285,ROCK,54,0,0,198,162,180,0.621,0.055,0.177,0.148,0.539,0.046,0.289,0.126,0.501,0.052,0.187,0.26,540,1,0,0,1,0,0,112,388,131,394,509,11.9,0.003,535,8.92,43,0,29,30.0,2.4,0.95,2.1,4,45,1.15,0.55,1.9,1.1,0.65,0.55
2351c4a4-a817-424c-824e-ef332b1ae4f5,13,9,44.67,2680,SCISSORS,0,0,15,20,25,30,0.368,0.0,0.282,0.351,0.274,0.0,0.229,0.496,0.481,0.0,0.216,0.302,75,1,0,1,0,0,0,17,50,19,48,50,4.89,0.006,350,5.83,13,0,29,30.0,2.4,0.95,2.1,4,45,1.15,0.55,1.9,1.1,0.65,0.55
d0edc86d-31b6-4c1b-b797-df2865c8ae12,10,9,42.12,2527,ROCK,39,0,0,91,65,78,0.514,0.081,0.219,0.186,0.46,0.111,0.338,0.091,0.526,0.087,0.233,0.154,234,1,0,0,1,0,0,75,167,95,169,222,11.03,0.002,467,7.78,32,0,29,30.0,2.4,0.95,2.1,4,45,1.15,0.55,1.9,1.1,0.65,0.55
2f02da2a-8a57-41fb-82e7-af9f9f5075d0,9,4,36.6,2196,ROCK,30,0,0,45,25,35,0.638,0.018,0.244,0.1,0.376,0.027,0.39,0.207,0.435,0.057,0.26,0.248,105,1,0,0,1,0,0,7,44,14,44,88,8.23,0.001,481,8.02,24,0,29,30.0,2.4,0.95,2.1,4,45,1.15,0.55,1.9,1.1,0.65,0.55
ffbffa45-f8e7-4d36-92fa-06cc4be1bae5,19,10,82.67,4960,ROCK,27,0,0,104,86,95,0.585,0.01,0.113,0.292,0.634,0.062,0.226,0.078,0.596,0.015,0.12,0.269,285,1,0,0,1,0,0,96,238,119,243,232,5.97,0.008,740,12.33,25,0,29,30.0,2.4,0.95,2.1,4,45,1.15,0.55,1.9,1.1,0.65,0.55
55384218-305d-4f75-bf2a-9d0c5af07886,10,5,36.25,2175,ROCK,57,0,0,111,73,92,0.699,0.048,0.253,0.0,0.476,0.071,0.4,0.053,0.575,0.025,0.269,0.131,276,1,0,0,1,0,0,47,200,69,201,264,12.01,0.003,485,8.08,45,0,29,30.0,2.4,0.95,2.1,4,45,1.15,0.55,1.9,1.1,0.65,0.55
8d50f0e6-5277-43ea-bdeb-158a1aea4ad8,12,5,21.32,1279,ROCK,30,0,0,30,10,20,0.562,0.035,0.359,0.043,0.414,0.023,0.461,0.102,0.539,0.0,0.387,0.074,60,1,0,0,1,0,0,6,38,12,40,51,8.13,0.008,319,5.32,13,0,29,30.0,2.4,0.95,2.1,4,45,1.15,0.55,1.9,1.1,0.65,0.55
63681c75-a111-47b2-8459-66e52b2f35e3,8,7,128.27,7696,SCISSORS,0,0,36,205,217,229,0.654,0.091,0.117,0.138,0.702,0.066,0.078,0.155,0.675,0.094,0.073,0.158,651,1,0,1,0,0,0,174,512,200,512,581,7.99,0.005,501,8.35,18,0,29,30.0,2.4,0.95,2.1,4,45,1.15,0.55,1.9,1.1,0.65,0.55
f3060c8c-6ce0-4efc-98f7-33236249df55,15,9,32.35,1941,SCISSORS,0,0,24,19,27,35,0.461,0.0,0.477,0.062,0.399,0.0,0.33,0.271,0.466,0.01,0.312,0.211,81,1,0,1,0,0,0,23,58,30,59,68,6.0,0.009,511,8.52,18,0,29,30.0,2.4,0.95,2.1,4,45,1.15,0.55,1.9,1.1,0.65,0.55
a2c11d04-232a-40ee-9922-5b6a6c956c18,7,6,82.58,4955,ROCK,45,0,0,239,209,224,0.825,0.072,0.092,0.011,0.676,0.125,0.139,0.06,0.554,0.219,0.099,0.128,672,1,0,0,1,0,0,175,589,190,581,636,11.73,0.007,415,6.92,20,0,29,30.0,2.4,0.95,2.1,4,45,1.15,0.55,1.9,1.1,0.65,0.55
e38dae3d-c5e4-4367-a321-57254e35614f,10,10,43.43,2606,ROCK,21,0,0,52,38,45,0.386,0.0,0.194,0.42,0.689,0.0,0.248,0.063,0.608,0.0,0.207,0.184,135,1,0,0,1,0,0,53,103,66,104,110,5.55,0.004,326,5.43,14,0,29,30.0,2.4,0.95,2.1,4,45,1.15,0.55,1.9,1.1,0.65,0.55
44469a54-a0bb-4f1e-be6c-84f4915c5ed6,20,8,57.12,3427,SCISSORS,0,0,30,59,69,79,0.708,0.06,0.198,0.034,0.66,0.0,0.153,0.187,0.446,0.12,0.143,0.292,207,1,0,1,0,0,0,70,142,78,140,184,8.47,0.008,372,6.2,16,0,29,30.0,2.4,0.95,2.1,4,45,1.15,0.55,1.9,1.1,0.65,0.55
00bb9d0f-7025-49af-b5b2-0159286519ce,10,5,40.17,2410,SCISSORS,0,0,60,90,110,130,0.546,0.064,0.332,0.058,0.512,0.015,0.212,0.261,0.62,0.006,0.197,0.176,330,1,0,1,0,0,0,45,229,63,232,316,12.85,0.003,475,7.92,52,0,29,30.0,2.4,0.95,2.1,4,45,1.15,0.55,1.9,1.1,0.65,0.55
32c8cd65-747a-49bb-b143-b5b34163c299,5,10,36.87,2212,SCISSORS,0,0,30,31,41,51,0.451,0.02,0.375,0.153,0.418,0.0,0.235,0.348,0.567,0.02,0.219,0.194,123,1,0,1,0,0,0,45,81,52,86,104,7.51,0.004,497,8.28,24,0,29,30.0,2.4,0.95,2.1,4,45,1.15,0.55,1.9,1.1,0.65,0.55
ab4a3f82-2383-4810-a5f0-b964704f2d69,12,5,95.48,5729,SCISSORS,0,0,15,51,56,61,0.298,0.0,0.137,0.565,0.406,0.0,0.106,0.488,0.49,0.0,0.1,0.41,168,1,0,1,0,0,0,23,85,37,88,96,4.11,0.003,394,6.57,8,0,29,30.0,2.4,0.95,2.1,4,45,1.15,0.55,1.9,1.1,0.65,0.55
0cef1337-45e7-46d9-9c17-32152d2a0af9,7,8,22.45,1347,SCISSORS,0,0,36,15,27,39,0.456,0.0,0.519,0.026,0.481,0.0,0.359,0.159,0.489,0.067,0.333,0.111,81,1,0,1,0,0,0,13,52,22,49,72,7.93,0.007,407,6.78,26,0,29,30.0,2.4,0.95,2.1,4,45,1.15,0.55,1.9,1.1,0.65,0.55
f7df64a9-cb54-424a-aabd-b7a0cfe02632,17,4,73.18,4391,SCISSORS,0,0,21,53,60,67,0.689,0.0,0.14,0.171,0.509,0.0,0.115,0.376,0.503,0.0,0.107,0.39,180,1,0,1,0,0,0,31,118,46,120,133,4.83,0.005,331,5.52,5,0,29,30.0,2.4,0.95,2.1,4,45,1.15,0.55,1.9,1.1,0.65,0.55
bdb7fecd-c55b-426c-919d-73a626bf0a86,15,4,34.03,2042,SCISSORS,0,0,51,41,58,75,0.472,0.056,0.406,0.066,0.531,0.064,0.284,0.122,0.572,0.051,0.267,0.11,174,1,0,1,0,0,0,17,143,20,140,160,10.02,0.002,442,7.37,24,0,29,30.0,2.4,0.95,2.1,4,45,1.15,0.55,1.9,1.1,0.65,0.55
bb3550e0-858a-4fc9-a1ec-903b676a3758,10,9,70.82,4249,SCISSORS,0,0,45,136,151,166,0.708,0.056,0.171,0.065,0.644,0.174,0.139,0.044,0.549,0.152,0.131,0.168,453,1,0,1,0,0,0,135,395,151,391,428,9.47,0.003,329,5.48,21,0,29,30.0,2.4,0.95,2.1,4,45,1.15,0.55,1.9,1.1,0.65,0.55
f1ab3d57-c182-4711-8555-0f9fbb4fc6de,13,8,128.57,7714,PAPER,0,30,0,193,203,183,0.706,0.076,0.058,0.159,0.642,0.05,0.053,0.255,0.48,0.069,0.107,0.344,579,1,1,0,0,0,0,157,406,187,400,494,7.54,0.01,529,8.82,29,0,29,30.0,2.4,0.95,2.1,4,45,1.15,0.55,1.9,1.1,0.65,0.55
aa35dcfd-4fad-4827-a0e2-b5482d03630d,10,5,30.62,1837,SCISSORS,0,0,39,25,38,51,0.41,0.016,0.535,0.038,0.421,0.043,0.318,0.217,0.587,0.022,0.299,0.092,114,1,0,1,0,0,0,15,64,14,59,105,9.65,0.005,597,9.95,30,0,29,30.0,2.4,0.95,2.1,4,45,1.15,0.55,1.9,1.1,0.65,0.55
0e6e37ab-b057-492f-a31d-68b254eca447,7,5,52.48,3149,ROCK,30,0,0,76,56,66,0.676,0.04,0.183,0.102,0.475,0.03,0.246,0.249,0.454,0.025,0.194,0.327,198,1,0,0,1,0,0,44,133,48,138,171,7.91,0.004,379,6.32,13,0,29,30.0,2.4,0.95,2.1,4,45,1.15,0.55,1.9,1.1,0.65,0.55
a37e045e-1e9e-4005-bc26-7cdb139639ba,10,10,86.27,5176,SCISSORS,0,0,21,91,98,105,0.59,0.0,0.182,0.228,0.494,0.0,0.114,0.392,0.507,0.004,0.107,0.382,294,1,0,1,0,0,0,125,252,146,252,231,5.39,0.007,561,9.35,17,0,29,30.0,2.4,0.95,2.1,4,45,1.15,0.55,1.9,1.1,0.65,0.55
b994a3f8-31c4-4ed2-9317-c70b8d61dcf2,7,8,61.13,3668,SCISSORS,0,0,30,55,65,75,0.534,0.064,0.208,0.193,0.676,0.064,0.166,0.094,0.646,0.025,0.157,0.173,195,1,0,1,0,0,0,90,153,89,152,165,7.72,0.006,358,5.97,10,0,29,30.0,2.4,0.95,2.1,4,45,1.15,0.55,1.9,1.1,0.65,0.55
7f3cd990-b53b-4ab8-b019-9ac9abbf1f8c,5,9,60.25,3615,SCISSORS,0,0,21,50,57,64,0.4,0.0,0.216,0.385,0.535,0.018,0.155,0.292,0.581,0.0,0.145,0.274,171,1,0,1,0,0,0,76,127,87,124,132,5.5,0.002,390,6.5,16,0,29,30.0,2.4,0.95,2.1,4,45,1.15,0.55,1.9,1.1,0.65,0.55
4fb0acde-569a-454e-bae3-00bdb946f4ba,15,5,45.83,2750,SCISSORS,0,0,15,18,23,28,0.273,0.0,0.293,0.435,0.558,0.0,0.209,0.233,0.56,0.0,0.196,0.244,69,1,0,1,0,0,0,22,38,20,41,44,4.46,0.006,435,7.25,9,0,29,30.0,2.4,0.95,2.1,4,45,1.15,0.55,1.9,1.1,0.65,0.55
97d07358-cafe-4b4c-b16f-763e1abc4009,18,4,127.57,7654,SCISSORS,0,0,45,361,376,391,0.645,0.133,0.102,0.12,0.659,0.133,0.072,0.137,0.647,0.107,0.067,0.178,1128,1,0,1,0,0,0,203,774,216,775,1064,11.87,0.004,419,6.98,28,0,29,30.0,2.4,0.95,2.1,4,45,1.15,0.55,1.9,1.1,0.65,0.55
a0b5bc7e-e782-4e95-ba97-54f90aa67b18,15,7,100.07,6004,PAPER,0,54,0,366,384,348,0.64,0.138,0.097,0.125,0.666,0.206,0.091,0.037,0.535,0.234,0.147,0.084,1098,1,1,0,0,0,0,342,887,343,892,1053,12.4,0.004,484,8.07,42,0,29,30.0,2.4,0.95,2.1,4,45,1.15,0.55,1.9,1.1,0.65,0.55
730142b4-33b4-4069-ac63-5aec520535c4,15,4,37.95,2277,PAPER,0,45,0,56,71,41,0.658,0.0,0.224,0.118,0.579,0.039,0.208,0.173,0.351,0.066,0.342,0.241,168,1,1,0,0,0,0,29,67,30,68,151,9.26,0.004,492,8.2,43,0,29,30.0,2.4,0.95,2.1,4,45,1.15,0.55,1.9,1.1,0.65,0.55
8d4ed029-abdb-4542-896a-ed8574d2069b,18,7,31.47,1888,ROCK,45,0,0,108,78,93,0.63,0.079,0.214,0.077,0.622,0.021,0.333,0.024,0.595,0.008,0.233,0.164,279,1,0,0,1,0,0,71,214,71,215,262,10.94,0.004,338,5.63,33,0,29,30.0,2.4,0.95,2.1,4,45,1.15,0.55,1.9,1.1,0.65,0.55
ce886199-a737-44a7-9b28-f2d911271783,15,8,39.27,2356,SCISSORS,0,0,54,79,97,115,0.546,0.008,0.397,0.049,0.499,0.008,0.242,0.251,0.539,0.079,0.227,0.155,291,1,0,1,0,0,0,91,200,90,200,278,12.43,0.005,536,8.93,47,0,29,30.0,2.4,0.95,2.1,4,45,1.15,0.55,1.9,1.1,0.65,0.55
f945ff0b-9b9e-4b8c-b933-6c55d083b28b,5,4,44.13,2648,ROCK,45,0,0,114,84,99,0.574,0.006,0.219,0.202,0.56,0.045,0.306,0.089,0.596,0.081,0.232,0.091,297,1,0,0,1,0,0,38,141,55,147,282,11.77,0.003,408,6.8,27,0,29,30.0,2.4,0.95,2.1,4,45,1.15,0.55,1.9,1.1,0.65,0.55
009524c2-508f-49e6-8c61-32dbeb5ad081,16,7,63.38,3803,ROCK,15,0,0,38,28,33,0.534,0.0,0.142,0.325,0.25,0.0,0.179,0.572,0.405,0.0,0.151,0.444,99,1,0,0,1,0,0,33,69,39,66,55,4.07,0.008,338,5.63,10,0,29,30.0,2.4,0.95,2.1,4,45,1.15,0.55,1.9,1.1,0.65,0.55
41e1f959-03e7-4342-af06-bb47eb5e4167,13,4,43.45,2607,PAPER,0,48,0,81,97,65,0.613,0.052,0.228,0.107,0.584,0.126,0.215,0.075,0.45,0.197,0.335,0.017,243,1,1,0,0,0,0,38,167,43,166,237,11.97,0.005,472,7.87,35,0,29,30.0,2.4,0.95,2.1,4,45,1.15,0.55,1.9,1.1,0.65,0.55
050dcb66-5c40-42dd-9171-e1c05fd04763,6,4,42.52,2551,SCISSORS,0,0,39,56,69,82,0.439,0.106,0.359,0.096,0.471,0.02,0.237,0.273,0.504,0.01,0.224,0.263,207,1,0,1,0,0,0,42,93,47,88,196,12.65,0.002,516,8.6,31,0,29,30.0,2.4,0.95,2.1,4,45,1.15,0.55,1.9,1.1,0.65,0.55
58b428ce-7b6f-4693-aa18-2568e6ea6e78,14,7,31.18,1871,SCISSORS,0,0,18,11,17,23,0.262,0.0,0.441,0.297,0.497,0.0,0.324,0.179,0.412,0.0,0.305,0.283,51,1,0,1,0,0,0,14,26,15,27,37,5.18,0.003,436,7.27,16,0,29,30.0,2.4,0.95,2.1,4,45,1.15,0.55,1.9,1.1,0.65,0.55
181dcf31-72ab-4b31-828e-e8616d9c844f,8,9,39.8,2388,SCISSORS,0,0,42,82,96,110,0.49,0.096,0.37,0.044,0.519,0.086,0.218,0.178,0.546,0.059,0.203,0.192,288,1,0,1,0,0,0,68,228,69,230,263,11.54,0.003,573,9.55,34,0,29,30.0,2.4,0.95,2.1,4,45,1.15,0.55,1.9,1.1,0.65,0.55
64390d91-0512-434d-860e-367ceb82c281,16,5,43.28,2597,SCISSORS,0,0,24,30,38,46,0.433,0.035,0.263,0.269,0.475,0.0,0.188,0.337,0.587,0.0,0.175,0.238,114,1,0,1,0,0,0,22,56,22,61,91,7.18,0.006,382,6.37,14,0,29,30.0,2.4,0.95,2.1,4,45,1.15,0.55,1.9,1.1,0.65,0.55
7a4a8808-2a1d-4b10-8da3-8e557ad3c398,13,8,45.57,2734,PAPER,0,48,0,106,122,90,0.528,0.049,0.214,0.208,0.682,0.035,0.201,0.082,0.455,0.031,0.293,0.221,318,1,1,0,0,0,0,78,208,77,207,297,11.61,0.004,384,6.4,36,0,29,30.0,2.4,0.95,2.1,4,45,1.15,0.55,1.9,1.1,0.65,0.55
7439541d-0510-48b1-9b88-2b39e2124494,16,4,32.37,1942,ROCK,39,0,0,54,28,41,0.537,0.062,0.28,0.121,0.404,0.015,0.499,0.082,0.501,0.0,0.298,0.201,123,1,0,0,1,0,0,25,90,31,89,113,10.77,0.002,592,9.87,25,0,29,30.0,2.4,0.95,2.1,4,45,1.15,0.55,1.9,1.1,0.65,0.55
4bde906a-78d4-4771-94d4-520a13a4ca7a,11,5,57.5,3450,PAPER,0,48,0,207,223,191,0.675,0.071,0.141,0.113,0.612,0.067,0.13,0.191,0.652,0.12,0.184,0.043,621,1,1,0,0,0,0,128,439,154,436,607,13.39,0.006,330,5.5,35,0,29,30.0,2.4,0.95,2.1,4,45,1.15,0.55,1.9,1.1,0.65,0.55
3f9a6b8f-54ba-4fab-b508-4c8485ded360,5,8,24.27,1456,ROCK,33,0,0,35,13,24,0.636,0.0,0.364,0.0,0.436,0.0,0.522,0.041,0.478,0.0,0.388,0.134,72,1,0,0,1,0,0,28,48,32,49,68,10.08,0.022,386,6.43,18,0,29,30.0,2.4,0.95,2.1,4,45,1.15,0.55,1.9,1.1,0.65,0.55
04673a33-046c-4d39-8daa-8f24d74392c2,7,7,56.9,3414,ROCK,15,0,0,35,25,30,0.324,0.0,0.167,0.51,0.385,0.0,0.22,0.395,0.48,0.0,0.177,0.343,90,1,0,0,1,0,0,30,55,30,60,56,4.59,0.005,364,6.07,10,0,29,30.0,2.4,0.95,2.1,4,45,1.15,0.55,1.9,1.1,0.65,0.55
d8075b5d-2ce1-4ab2-ae8e-e245715a08fb,12,7,45.4,2724,SCISSORS,0,0,21,34,41,48,0.189,0.0,0.277,0.534,0.723,0.0,0.22,0.057,0.637,0.0,0.207,0.156,123,1,0,1,0,0,0,45,85,51,82,93,5.75,0.002,354,5.9,15,0,29,30.0,2.4,0.95,2.1,4,45,1.15,0.55,1.9,1.1,0.65,0.55
7db2b8e4-01c5-4061-b791-4a125e29271a,8,7,146.6,8796,SCISSORS,0,0,36,278,290,302,0.702,0.073,0.109,0.117,0.506,0.083,0.069,0.342,0.598,0.144,0.065,0.192,870,1,0,1,0,0,0,244,702,299,699,780,9.41,0.013,541,9.02,28,0,29,30.0,2.4,0.95,2.1,4,45,1.15,0.55,1.9,1.1,0.65,0.55
0c3ef225-605d-49fe-a8c7-148c6d3caa54,9,4,49.67,2980,ROCK,24,0,0,56,40,48,0.56,0.042,0.18,0.218,0.576,0.015,0.287,0.122,0.591,0.0,0.191,0.218,144,1,0,0,1,0,0,29,93,31,93,117,6.81,0.01,495,8.25,21,0,29,30.0,2.4,0.95,2.1,4,45,1.15,0.55,1.9,1.1,0.65,0.55
e7be3e76-2e5b-4049-ba22-3b5bec824b89,20,5,43.0,2580,SCISSORS,0,0,27,29,38,47,0.579,0.0,0.26,0.161,0.516,0.01,0.188,0.287,0.506,0.118,0.174,0.202,114,1,0,1,0,0,0,20,75,25,75,94,8.04,0.01,400,6.67,15,0,29,30.0,2.4,0.95,2.1,4,45,1.15,0.55,1.9,1.1,0.65,0.55
57c9c3f5-0d72-4105-9700-eede76d286d1,19,9,34.33,2060,ROCK,60,0,0,175,135,155,0.653,0.085,0.262,0.0,0.546,0.046,0.33,0.078,0.495,0.175,0.279,0.051,465,1,0,0,1,0,0,216,441,224,440,455,14.57,0.008,265,4.42,14,0,29,30.0,2.4,0.95,2.1,4,45,1.15,0.55,1.9,1.1,0.65,0.55
1bc92dfd-4438-4921-971c-e2f961bc417e,15,7,56.62,3397,ROCK,57,0,0,197,159,178,0.572,0.134,0.157,0.137,0.466,0.099,0.274,0.162,0.541,0.134,0.168,0.157,534,1,0,0,1,0,0,119,352,137,351,507,13.1,0.01,542,9.03,36,0,29,30.0,2.4,0.95,2.1,4,45,1.15,0.55,1.9,1.1,0.65,0.55
ff2d1b72-34cc-4ffa-b183-f471497a4437,17,5,87.68,5261,SCISSORS,0,0,45,200,215,230,0.658,0.066,0.178,0.099,0.535,0.084,0.111,0.27,0.71,0.141,0.105,0.045,645,1,0,1,0,0,0,95,482,118,475,600,10.36,0.012,541,9.02,42,0,29,30.0,2.4,0.95,2.1,4,45,1.15,0.55,1.9,1.1,0.65,0.55
6214ef2c-2da3-4996-910d-cd68d3497f65,7,7,27.07,1624,SCISSORS,0,0,51,45,62,79,0.468,0.04,0.462,0.031,0.471,0.068,0.32,0.142,0.554,0.022,0.298,0.126,186,1,0,1,0,0,0,64,130,61,131,173,10.35,0.006,429,7.15,40,0,29,30.0,2.4,0.95,2.1,4,45,1.15,0.55,1.9,1.1,0.65,0.55
af22f29f-4173-43c6-a931-6f7b70ec9b88,19,6,67.4,4044,ROCK,21,0,0,75,61,68,0.649,0.0,0.146,0.205,0.443,0.0,0.216,0.341,0.497,0.0,0.155,0.349,204,1,0,0,1,0,0,39,117,50,116,157,5.9,0.015,439,7.32,13,0,29,30.0,2.4,0.95,2.1,4,45,1.15,0.55,1.9,1.1,0.65,0.55
4247c75f-39bc-4521-880a-4909263fa307,11,6,32.88,1973,SCISSORS,0,0,57,69,88,107,0.397,0.104,0.43,0.068,0.506,0.063,0.251,0.18,0.552,0.066,0.233,0.149,264,1,0,1,0,0,0,66,182,92,181,255,14.69,0.008,523,8.72,49,0,29,30.0,2.4,0.95,2.1,4,45,1.15,0.55,1.9,1.1,0.65,0.55
d389e7fb-c183-40f7-b04f-40080b5cbd83,16,6,172.4,10344,SCISSORS,0,0,33,294,305,316,0.656,0.06,0.076,0.207,0.575,0.098,0.061,0.266,0.59,0.12,0.058,0.232,915,1,0,1,0,0,0,264,759,303,760,792,8.38,0.01,374,6.23,17,0,29,30.0,2.4,0.95,2.1,4,45,1.15,0.55,1.9,1.1,0.65,0.55
fceb2aeb-ef99-413d-ad34-1ac37206207c,9,4,166.73,10004,SCISSORS,0,0,48,517,533,549,0.507,0.165,0.093,0.234,0.708,0.184,0.055,0.053,0.729,0.109,0.051,0.11,1599,1,0,1,0,0,0,212,1056,245,1051,1529,12.25,0.007,579,9.65,47,0,29,30.0,2.4,0.95,2.1,4,45,1.15,0.55,1.9,1.1,0.65,0.55
98ece50e-6134-44b1-8f11-eec146ecac89,7,6,38.12,2287,SCISSORS,0,0,27,12,21,30,0.43,0.0,0.365,0.205,0.635,0.0,0.275,0.09,0.522,0.066,0.26,0.153,63,1,0,1,0,0,0,14,41,13,40,49,6.87,0.004,432,7.2,14,0,29,30.0,2.4,0.95,2.1,4,45,1.15,0.55,1.9,1.1,0.65,0.55
b11af239-fbf6-4c1d-a071-b2d46cc1db46,8,10,53.82,3229,ROCK,21,0,0,49,35,42,0.548,0.0,0.184,0.268,0.347,0.008,0.288,0.358,0.653,0.0,0.195,0.152,126,1,0,0,1,0,0,43,82,47,82,100,6.21,0.014,514,8.57,15,0,29,30.0,2.4,0.95,2.1,4,45,1.15,0.55,1.9,1.1,0.65,0.55
8054d61a-4826-41ed-8049-52b21f2c6793,15,9,47.58,2855,SCISSORS,0,0,24,43,51,59,0.377,0.028,0.359,0.236,0.513,0.0,0.208,0.278,0.587,0.033,0.196,0.184,153,1,0,1,0,0,0,44,109,46,105,117,6.42,0.007,635,10.58,20,0,29,30.0,2.4,0.95,2.1,4,45,1.15,0.55,1.9,1.1,0.65,0.55
be675a21-a3a9-4703-9536-489a5c5607f3,13,5,41.83,2510,SCISSORS,0,0,45,103,118,133,0.496,0.05,0.323,0.131,0.544,0.062,0.223,0.171,0.631,0.112,0.209,0.048,354,1,0,1,0,0,0,67,250,83,249,336,12.18,0.007,425,7.08,25,0,29,30.0,2.4,0.95,2.1,4,45,1.15,0.55,1.9,1.1,0.65,0.55
d6a1bc23-718f-4853-9394-631f56946360,10,10,52.12,3127,SCISSORS,0,0,39,78,91,104,0.629,0.035,0.24,0.096,0.728,0.032,0.206,0.034,0.673,0.056,0.195,0.077,273,1,0,1,0,0,0,87,253,94,253,242,8.58,0.007,312,5.2,12,0,29,30.0,2.4,0.95,2.1,4,45,1.15,0.55,1.9,1.1,0.65,0.55
3f7b1aa7-c437-4021-85ad-c6126532393a,14,4,78.33,4700,SCISSORS,0,0,30,85,95,105,0.545,0.097,0.178,0.181,0.72,0.093,0.119,0.068,0.614,0.069,0.112,0.205,285,1,0,1,0,0,0,69,212,66,209,248,8.22,0.009,450,7.5,21,0,29,30.0,2.4,0.95,2.1,4,45,1.15,0.55,1.9,1.1,0.65,0.55
61cb10ba-977a-47b5-9e6c-002501f2cc93,6,8,90.18,5411,SCISSORS,0,0,42,214,228,242,0.528,0.14,0.153,0.178,0.535,0.066,0.111,0.288,0.594,0.105,0.104,0.196,684,1,0,1,0,0,0,257,604,271,600,635,10.02,0.009,426,7.1,25,0,29,30.0,2.4,0.95,2.1,4,45,1.15,0.55,1.9,1.1,0.65,0.55
cbb88522-f25e-4841-8f66-85952b9f2439,13,8,43.47,2608,ROCK,18,0,0,34,22,28,0.274,0.0,0.232,0.494,0.538,0.011,0.368,0.082,0.45,0.0,0.245,0.305,84,1,0,0,1,0,0,31,45,30,41,56,5.2,0.0,553,9.22,16,0,29,30.0,2.4,0.95,2.1,4,45,1.15,0.55,1.9,1.1,0.65,0.55
0bfaf26b-7423-40df-886a-215ca9e197f8,5,6,128.72,7723,ROCK,39,0,0,365,339,352,0.631,0.129,0.068,0.172,0.606,0.12,0.114,0.16,0.797,0.035,0.072,0.096,1056,1,0,0,1,0,0,308,777,344,790,993,10.31,0.013,503,8.38,15,0,29,30.0,2.4,0.95,2.1,4,45,1.15,0.55,1.9,1.1,0.65,0.55
30f0420b-be40-4679-b9a5-470d1f55fabc,19,6,22.62,1357,SCISSORS,0,0,15,4,9,14,0.232,0.0,0.625,0.143,0.305,0.0,0.434,0.261,0.533,0.0,0.408,0.059,27,1,0,1,0,0,0,1,14,4,13,16,4.85,0.0,487,8.12,10,0,29,30.0,2.4,0.95,2.1,4,45,1.15,0.55,1.9,1.1,0.65,0.55
63a51620-099b-4eec-a9c2-6f8a089d4c5c,15,8,27.8,1668,ROCK,57,0,0,87,49,68,0.521,0.054,0.302,0.123,0.44,0.144,0.398,0.018,0.5,0.051,0.323,0.126,204,0,0,0,0,0,0,60,163,70,161,195,14.49,0.003,278,4.63,21,0,29,30.0,2.4,0.95,2.1,4,45,1.15,0.55,1.9,1.1,0.65,0.55
d5c3dfd3-ec64-4c17-8f2e-dc4b6b51108a,10,5,31.67,1900,ROCK,45,0,0,66,36,51,0.547,0.037,0.234,0.182,0.474,0.011,0.447,0.068,0.513,0.039,0.253,0.195,153,1,0,0,1,0,0,36,100,40,101,140,10.71,0.004,565,9.42,41,0,29,30.0,2.4,0.95,2.1,4,45,1.15,0.55,1.9,1.1,0.65,0.55
fbc1d026-9f1e-47e6-be00-b507fb8e0372,6,4,42.55,2553,ROCK,30,0,0,61,41,51,0.632,0.0,0.209,0.159,0.297,0.08,0.348,0.274,0.589,0.063,0.223,0.125,153,1,0,0,1,0,0,24,67,34,66,137,9.13,0.014,508,8.47,21,0,29,30.0,2.4,0.95,2.1,4,45,1.15,0.55,1.9,1.1,0.65,0.55
7d1f3667-a7f4-4746-af87-f41465ff3f7a,10,5,26.03,1562,SCISSORS,0,0,18,6,12,18,0.313,0.0,0.444,0.243,0.502,0.0,0.342,0.157,0.342,0.0,0.319,0.339,36,1,0,1,0,0,0,5,12,5,11,28,5.78,0.003,327,5.45,15,0,29,30.0,2.4,0.95,2.1,4,45,1.15,0.55,1.9,1.1,0.65,0.55
24e567fd-09e7-40a5-86b7-6c8e09bd4cb4,17,9,43.62,2617,ROCK,30,0,0,61,41,51,0.477,0.078,0.221,0.223,0.41,0.05,0.408,0.132,0.395,0.027,0.235,0.344,153,1,0,0,1,0,0,59,98,66,102,134,8.44,0.006,677,11.28,29,0,29,30.0,2.4,0.95,2.1,4,45,1.15,0.55,1.9,1.1,0.65,0.55
bd1e4be0-37e3-4963-a1d3-14eacd22680a,12,6,131.95,7917,ROCK,51,0,0,504,470,487,0.616,0.136,0.072,0.176,0.592,0.193,0.136,0.079,0.719,0.123,0.076,0.081,1461,1,0,0,1,0,0,458,1179,474,1185,1395,12.27,0.01,682,11.37,47,0,29,30.0,2.4,0.95,2.1,4,45,1.15,0.55,1.9,1.1,0.65,0.55
c027d948-7d5a-4eaa-9c07-1821402315ab,18,7,34.28,2057,ROCK,36,0,0,61,37,49,0.519,0.015,0.238,0.228,0.476,0.066,0.43,0.029,0.471,0.007,0.255,0.267,147,1,0,0,1,0,0,47,103,42,106,135,9.78,0.002,582,9.7,27,0,29,30.0,2.4,0.95,2.1,4,45,1.15,0.55,1.9,1.1,0.65,0.55
215d6185-fce6-419c-b6fc-11c356612992,12,7,39.58,2375,ROCK,54,0,0,149,113,131,0.657,0.008,0.2,0.135,0.566,0.156,0.255,0.023,0.615,0.131,0.215,0.04,393,1,0,0,1,0,0,78,326,93,326,364,10.82,0.01,250,4.17,13,0,29,30.0,2.4,0.95,2.1,4,45,1.15,0.55,1.9,1.1,0.65,0.55
3f78437f-2d83-4294-bc7f-6f93ce643466,15,9,29.55,1773,ROCK,36,0,0,40,16,28,0.521,0.025,0.332,0.121,0.33,0.087,0.476,0.107,0.524,0.0,0.352,0.124,84,1,0,0,1,0,0,29,60,29,57,75,10.95,0.006,438,7.3,19,0,29,30.0,2.4,0.95,2.1,4,45,1.15,0.55,1.9,1.1,0.65,0.55
7417398a-0cd7-4003-8c92-2d7cc5337026,13,5,37.3,2238,SCISSORS,0,0,45,56,71,86,0.4,0.02,0.435,0.145,0.391,0.038,0.272,0.299,0.565,0.0,0.257,0.179,213,1,0,1,0,0,0,36,95,38,101,191,9.08,0.006,578,9.63,43,0,29,30.0,2.4,0.95,2.1,4,45,1.15,0.55,1.9,1.1,0.65,0.55
8f9c87e6-4847-4b91-bfc2-a92968916d95,18,7,32.75,1965,SCISSORS,0,0,39,50,63,76,0.537,0.023,0.397,0.043,0.438,0.079,0.295,0.188,0.588,0.02,0.277,0.115,189,1,0,1,0,0,0,51,145,61,143,176,10.75,0.011,380,6.33,30,0,29,30.0,2.4,0.95,2.1,4,45,1.15,0.55,1.9,1.1,0.65,0.55
6856c902-1084-470a-846e-e61555d0ae75,6,5,26.9,1614,ROCK,54,0,0,89,53,71,0.545,0.115,0.341,0.0,0.368,0.102,0.48,0.05,0.52,0.0,0.362,0.118,213,1,0,0,1,0,0,72,148,78,144,198,12.06,0.005,394,6.57,34,0,29,30.0,2.4,0.95,2.1,4,45,1.15,0.55,1.9,1.1,0.65,0.55
69eaa7a1-e69b-4c22-8914-4610511f71ee,19,8,58.98,3539,SCISSORS,0,0,18,28,34,40,0.499,0.0,0.234,0.267,0.301,0.0,0.155,0.544,0.681,0.006,0.145,0.168,102,1,0,1,0,0,0,29,73,31,76,70,4.8,0.003,509,8.48,14,0,29,30.0,2.4,0.95,2.1,4,45,1.15,0.55,1.9,1.1,0.65,0.55
e75d2452-9638-4fa9-a779-0e74d520e4d4,20,6,25.97,1558,PAPER,0,57,0,53,72,34,0.471,0.115,0.34,0.074,0.683,0.0,0.317,0.0,0.5,0.0,0.413,0.087,159,1,1,0,0,0,0,28,135,33,139,157,11.86,0.009,268,4.47,14,0,29,30.0,2.4,0.95,2.1,4,45,1.15,0.55,1.9,1.1,0.65,0.55
5c9e0460-9a57-4df0-9f88-69a06eaf09bc,17,8,39.4,2364,ROCK,60,0,0,213,173,193,0.624,0.04,0.22,0.116,0.522,0.11,0.355,0.013,0.488,0.135,0.235,0.142,579,1,0,0,1,0,0,143,476,171,482,550,13.9,0.007,434,7.23,48,0,29,30.0,2.4,0.95,2.1,4,45,1.15,0.55,1.9,1.1,0.65,0.55
2965104b-6637-4c34-8aed-c19eb409f517,9,5,68.37,4102,ROCK,51,0,0,236,202,219,0.717,0.108,0.113,0.061,0.525,0.085,0.241,0.149,0.618,0.141,0.122,0.119,657,1,0,0,1,0,0,129,459,137,464,601,11.3,0.007,672,11.2,50,0,29,30.0,2.4,0.95,2.1,4,45,1.15,0.55,1.9,1.1,0.65,0.55
ea643f2b-441c-4e6a-9dcd-5bc226794ed5,5,7,34.67,2080,SCISSORS,0,0,27,23,32,41,0.317,0.0,0.469,0.214,0.433,0.099,0.288,0.18,0.663,0.0,0.272,0.065,96,1,0,1,0,0,0,29,53,27,53,79,8.14,0.01,590,9.83,26,0,29,30.0,2.4,0.95,2.1,4,45,1.15,0.55,1.9,1.1,0.65,0.55
49949449-eb8f-4f0d-a19f-fdd5a47b0c13,13,4,49.65,2979,SCISSORS,0,0,15,15,20,25,0.361,0.0,0.275,0.364,0.468,0.0,0.191,0.341,0.513,0.0,0.18,0.307,60,1,0,1,0,0,0,14,24,7,20,38,4.47,0.005,444,7.4,9,0,29,30.0,2.4,0.95,2.1,4,45,1.15,0.55,1.9,1.1,0.65,0.55
67b4b250-7495-42d8-b8f1-f12bd392788a,9,7,28.97,1738,ROCK,39,0,0,64,38,51,0.526,0.063,0.293,0.118,0.491,0.011,0.408,0.089,0.56,0.032,0.313,0.095,153,1,0,0,1,0,0,40,90,41,90,135,9.02,0.008,338,5.63,37,0,29,30.0,2.4,0.95,2.1,4,45,1.15,0.55,1.9,1.1,0.65,0.55
dae267a7-1f99-4253-8af5-3dcc0a03e53f,12,5,27.12,1627,ROCK,27,0,0,36,18,27,0.583,0.0,0.34,0.077,0.42,0.0,0.54,0.04,0.46,0.0,0.362,0.178,81,1,0,0,1,0,0,29,46,28,43,78,9.67,0.02,507,8.45,24,0,29,30.0,2.4,0.95,2.1,4,45,1.15,0.55,1.9,1.1,0.65,0.55
0aecc628-69d0-42ee-a470-e5974f2e0fce,5,8,43.37,2602,SCISSORS,0,0,36,67,79,91,0.468,0.083,0.28,0.169,0.514,0.083,0.23,0.173,0.691,0.054,0.217,0.038,237,1,0,1,0,0,0,45,159,54,158,218,10.91,0.01,327,5.45,23,0,29,30.0,2.4,0.95,2.1,4,45,1.15,0.55,1.9,1.1,0.65,0.55
2ef3c452-bd6c-457b-92b4-99258acef725,18,5,80.5,4830,ROCK,15,0,0,47,37,42,0.418,0.0,0.112,0.47,0.358,0.0,0.206,0.436,0.5,0.0,0.119,0.381,126,1,0,0,1,0,0,34,75,33,74,81,4.47,0.01,630,10.5,13,0,29,30.0,2.4,0.95,2.1,4,45,1.15,0.55,1.9,1.1,0.65,0.55
8306c701-877e-476b-aac5-aa7beba2a2df,10,8,41.55,2493,ROCK,54,0,0,122,86,104,0.533,0.134,0.204,0.128,0.505,0.118,0.367,0.01,0.567,0.03,0.218,0.184,312,1,0,0,1,0,0,111,211,108,208,298,12.83,0.006,523,8.72,52,0,29,30.0,2.4,0.95,2.1,4,45,1.15,0.55,1.9,1.1,0.65,0.55
33da89c3-bc3b-48ed-a3a0-19cdf104eb0d,12,8,29.02,1741,ROCK,30,0,0,39,19,29,0.586,0.0,0.282,0.132,0.477,0.009,0.48,0.034,0.489,0.0,0.302,0.21,87,1,0,0,1,0,0,15,62,21,61,72,7.46,0.007,516,8.6,19,0,29,30.0,2.4,0.95,2.1,4,45,1.15,0.55,1.9,1.1,0.65,0.55
a34a8606-1962-4f3d-9822-32ec256691b7,9,6,42.75,2565,SCISSORS,0,0,36,53,65,77,0.556,0.076,0.236,0.133,0.456,0.09,0.22,0.234,0.612,0.058,0.207,0.123,195,1,0,1,0,0,0,66,150,73,146,185,10.32,0.011,225,3.75,8,0,29,30.0,2.4,0.95,2.1,4,45,1.15,0.55,1.9,1.1,0.65,0.55
4eefac8a-f3d1-4444-aa7e-7f749cfc3623,8,6,78.28,4697,ROCK,27,0,0,97,79,88,0.545,0.024,0.105,0.326,0.443,0.044,0.174,0.339,0.728,0.018,0.113,0.141,264,1,0,0,1,0,0,58,179,75,179,216,7.14,0.015,492,8.2,24,0,29,30.0,2.4,0.95,2.1,4,45,1.15,0.55,1.9,1.1,0.65,0.55
b2462ebe-1af8-4afa-a175-cac66e508cb4,9,8,27.92,1675,SCISSORS,0,0,24,14,22,30,0.26,0.0,0.478,0.263,0.493,0.03,0.376,0.101,0.543,0.0,0.355,0.101,66,1,0,1,0,0,0,19,47,18,42,61,8.35,0.01,400,6.67,11,0,29,30.0,2.4,0.95,2.1,4,45,1.15,0.55,1.9,1.1,0.65,0.55
08a1f8bb-7587-4a7f-865a-c5811b623bd9,5,5,36.77,2206,ROCK,27,0,0,42,24,33,0.626,0.029,0.24,0.104,0.249,0.0,0.374,0.376,0.608,0.0,0.256,0.136,99,1,0,0,1,0,0,21,63,20,58,76,7.21,0.02,461,7.68,18,0,29,30.0,2.4,0.95,2.1,4,45,1.15,0.55,1.9,1.1,0.65,0.55
97c50136-0f6c-481c-a419-54625b44a159,6,10,71.58,4295,ROCK,15,0,0,43,33,38,0.367,0.0,0.13,0.503,0.434,0.0,0.192,0.374,0.495,0.0,0.139,0.367,114,1,0,0,1,0,0,29,76,32,75,68,4.46,0.003,430,7.17,12,0,29,30.0,2.4,0.95,2.1,4,45,1.15,0.55,1.9,1.1,0.65,0.55
f9314b8d-8dc9-495a-831e-8772d52aea2d,18,4,39.8,2388,SCISSORS,0,0,18,15,21,27,0.236,0.0,0.383,0.381,0.561,0.0,0.257,0.182,0.504,0.0,0.243,0.253,63,1,0,1,0,0,0,14,33,15,32,51,5.86,0.005,528,8.8,16,0,29,30.0,2.4,0.95,2.1,4,45,1.15,0.55,1.9,1.1,0.65,0.55
0e5944bf-5043-4191-a9fa-01cf4a3e3151,11,7,53.68,3221,SCISSORS,0,0,54,143,161,179,0.483,0.188,0.236,0.093,0.534,0.14,0.174,0.152,0.581,0.14,0.163,0.116,483,1,0,1,0,0,0,101,405,111,398,458,12.07,0.008,371,6.18,37,0,29,30.0,2.4,0.95,2.1,4,45,1.15,0.55,1.9,1.1,0.65,0.55
b86fc2b6-2766-45f2-a662-7f48e5471736,17,4,41.87,2512,SCISSORS,0,0,33,59,70,81,0.583,0.0,0.312,0.105,0.571,0.07,0.193,0.167,0.722,0.056,0.179,0.044,210,1,0,1,0,0,0,29,155,39,158,188,8.88,0.02,497,8.28,27,0,29,30.0,2.4,0.95,2.1,4,45,1.15,0.55,1.9,1.1,0.65,0.55
29d20d9b-2d71-4fb0-b57d-8c2afab9daad,18,7,55.12,3307,ROCK,51,0,0,198,164,181,0.583,0.091,0.144,0.183,0.603,0.042,0.225,0.13,0.637,0.015,0.154,0.193,543,1,0,0,1,0,0,127,445,136,437,521,12.67,0.006,427,7.12,36,0,29,30.0,2.4,0.95,2.1,4,45,1.15,0.55,1.9,1.1,0.65,0.55
e0d8355b-1c7b-4fff-9de1-0f1af6eaf8b9,11,6,42.1,2526,ROCK,54,0,0,135,99,117,0.65,0.085,0.208,0.057,0.499,0.087,0.362,0.051,0.499,0.081,0.222,0.198,351,1,0,0,1,0,0,80,254,94,254,343,13.29,0.009,526,8.77,50,0,29,30.0,2.4,0.95,2.1,4,45,1.15,0.55,1.9,1.1,0.65,0.55
2347d4ac-ed4c-428b-b114-e220e0793502,12,8,24.2,1452,ROCK,33,0,0,42,20,31,0.619,0.014,0.306,0.062,0.443,0.045,0.471,0.041,0.529,0.0,0.33,0.141,93,1,0,0,1,0,0,49,70,42,71,87,8.78,0.016,392,6.53,19,0,29,30.0,2.4,0.95,2.1,4,45,1.15,0.55,1.9,1.1,0.65,0.55
7d7c3d41-9fbc-4439-9828-3c5dcf7e760e,13,6,43.02,2581,ROCK,36,0,0,77,53,65,0.576,0.0,0.178,0.246,0.539,0.07,0.266,0.126,0.674,0.06,0.192,0.074,195,1,0,0,1,0,0,49,151,59,154,178,8.72,0.013,381,6.35,15,0,29,30.0,2.4,0.95,2.1,4,45,1.15,0.55,1.9,1.1,0.65,0.55
7d726b84-201b-4f9e-87ca-33771aca562a,12,9,42.23,2534,ROCK,39,0,0,111,85,98,0.609,0.103,0.223,0.065,0.517,0.069,0.347,0.067,0.57,0.083,0.237,0.11,294,1,0,0,1,0,0,105,231,104,236,274,10.34,0.009,479,7.98,18,0,29,30.0,2.4,0.95,2.1,4,45,1.15,0.55,1.9,1.1,0.65,0.55
eb8363bc-1452-4cf0-a299-0e9ac838e7a9,10,4,31.77,1906,ROCK,36,0,0,62,38,50,0.693,0.042,0.265,0.0,0.268,0.05,0.386,0.297,0.459,0.05,0.283,0.207,150,1,0,0,1,0,0,25,84,26,82,138,10.31,0.01,401,6.68,24,0,29,30.0,2.4,0.95,2.1,4,45,1.15,0.55,1.9,1.1,0.65,0.55
ba041b81-544d-4071-a453-fe36bdde4933,9,5,26.78,1607,ROCK,30,0,0,42,22,32,0.599,0.0,0.286,0.115,0.432,0.0,0.481,0.087,0.519,0.0,0.307,0.174,96,1,0,0,1,0,0,31,52,31,54,84,8.22,0.004,482,8.03,19,0,29,30.0,2.4,0.95,2.1,4,45,1.15,0.55,1.9,1.1,0.65,0.55
f27f7afb-da25-43a9-8a8e-1a52da8efbdf,5,6,38.63,2318,ROCK,27,0,0,43,25,34,0.784,0.0,0.216,0.0,0.405,0.015,0.287,0.293,0.698,0.015,0.231,0.056,102,1,0,0,1,0,0,33,75,37,76,88,7.43,0.021,348,5.8,8,0,29,30.0,2.4,0.95,2.1,4,45,1.15,0.55,1.9,1.1,0.65,0.55
4d528d96-5945-484d-a667-8ee04dea9365,14,4,70.67,4240,SCISSORS,0,0,15,29,34,39,0.374,0.0,0.199,0.427,0.255,0.0,0.147,0.598,0.682,0.0,0.139,0.179,102,1,0,1,0,0,0,16,60,20,56,60,4.34,0.011,450,7.5,12,0,29,30.0,2.4,0.95,2.1,4,45,1.15,0.55,1.9,1.1,0.65,0.55
fdc40408-2fdb-4a4e-b262-7b75b370abb0,13,7,23.07,1384,SCISSORS,0,0,42,25,39,53,0.379,0.072,0.538,0.011,0.462,0.0,0.444,0.094,0.581,0.0,0.419,0.0,117,1,0,1,0,0,0,41,82,38,83,113,11.13,0.014,334,5.57,23,0,29,30.0,2.4,0.95,2.1,4,45,1.15,0.55,1.9,1.1,0.65,0.55
56223ed7-6f4b-4b5c-830a-f9671cdc76d9,12,5,44.27,2656,SCISSORS,0,0,39,62,75,88,0.659,0.008,0.226,0.107,0.561,0.117,0.177,0.145,0.734,0.038,0.164,0.064,225,1,0,1,0,0,0,26,148,35,141,211,10.88,0.008,316,5.27,10,0,29,30.0,2.4,0.95,2.1,4,45,1.15,0.55,1.9,1.1,0.65,0.55
3378e5c7-23ff-4fcb-8f25-70f34e502a33,17,5,42.82,2569,SCISSORS,0,0,36,67,79,91,0.535,0.099,0.226,0.14,0.588,0.062,0.193,0.158,0.619,0.029,0.179,0.173,237,1,0,1,0,0,0,55,176,65,178,222,10.25,0.015,294,4.9,12,0,29,30.0,2.4,0.95,2.1,4,45,1.15,0.55,1.9,1.1,0.65,0.55
8444d467-f795-4dc3-a64d-3b695614507c,13,7,42.67,2560,SCISSORS,0,0,51,98,115,132,0.453,0.184,0.252,0.111,0.584,0.131,0.225,0.061,0.711,0.078,0.211,0.0,345,1,0,1,0,0,0,100,308,123,306,327,12.81,0.008,245,4.08,11,0,29,30.0,2.4,0.95,2.1,4,45,1.15,0.55,1.9,1.1,0.65,0.55
e6bc2bee-9e85-4be8-9928-e6100e212af0,12,5,29.53,1772,SCISSORS,0,0,39,31,44,57,0.459,0.118,0.403,0.02,0.535,0.062,0.33,0.073,0.69,0.0,0.31,0.0,132,1,0,1,0,0,0,32,64,26,67,128,10.95,0.019,342,5.7,24,0,29,30.0,2.4,0.95,2.1,4,45,1.15,0.55,1.9,1.1,0.65,0.55
e69388fc-7fe7-489d-b292-54bf384ee73a,17,8,62.2,3732,PAPER,0,36,0,139,151,127,0.593,0.032,0.161,0.214,0.513,0.027,0.151,0.309,0.73,0.05,0.206,0.015,417,1,1,0,0,0,0,169,347,178,346,387,9.71,0.012,382,6.37,29,0,29,30.0,2.4,0.95,2.1,4,45,1.15,0.55,1.9,1.1,0.65,0.55
7ba12b67-4b66-4392-8300-1f882db5f1e2,9,10,78.95,4737,ROCK,51,0,0,291,257,274,0.618,0.075,0.096,0.211,0.536,0.213,0.178,0.073,0.745,0.025,0.103,0.127,822,1,0,0,1,0,0,335,740,364,743,795,13.13,0.007,482,8.03,27,0,29,30.0,2.4,0.95,2.1,4,45,1.15,0.55,1.9,1.1,0.65,0.55
f089589b-d559-472a-a155-172ef6a26339,10,9,21.8,1308,SCISSORS,0,0,27,7,16,25,0.359,0.0,0.504,0.137,0.496,0.0,0.443,0.061,0.515,0.069,0.416,0.0,48,1,0,1,0,0,0,19,36,24,36,41,8.94,0.014,273,4.55,12,0,29,30.0,2.4,0.95,2.1,4,45,1.15,0.55,1.9,1.1,0.65,0.55
4421b0dc-6664-45db-9beb-693690cf5eeb,6,10,49.98,2999,ROCK,30,0,0,97,77,87,0.645,0.028,0.118,0.208,0.53,0.127,0.25,0.093,0.678,0.0,0.13,0.192,261,1,0,0,1,0,0,78,201,85,202,232,7.93,0.015,469,7.82,28,0,29,30.0,2.4,0.95,2.1,4,45,1.15,0.55,1.9,1.1,0.65,0.55
ed6db0ea-ebda-4b7f-83e5-64f7e8707165,8,5,46.03,2762,ROCK,18,0,0,31,19,25,0.382,0.0,0.172,0.447,0.297,0.0,0.26,0.443,0.712,0.0,0.184,0.103,75,1,0,0,1,0,0,25,47,30,49,47,5.32,0.002,417,6.95,13,0,29,30.0,2.4,0.95,2.1,4,45,1.15,0.55,1.9,1.1,0.65,0.55
c8017724-671f-4de6-836b-1d872ed41c7f,14,10,38.28,2297,ROCK,24,0,0,31,15,23,0.426,0.046,0.215,0.313,0.393,0.054,0.426,0.126,0.517,0.037,0.23,0.215,69,1,0,0,1,0,0,17,42,15,43,46,5.39,0.003,622,10.37,22,0,29,30.0,2.4,0.95,2.1,4,45,1.15,0.55,1.9,1.1,0.65,0.55
141c4d06-9cb7-4869-9b70-15bfc31f8e72,13,8,29.4,1764,ROCK,42,0,0,54,26,40,0.654,0.0,0.269,0.076,0.513,0.048,0.425,0.014,0.575,0.0,0.289,0.136,120,1,0,0,1,0,0,41,90,42,91,111,9.97,0.01,414,6.9,29,0,29,30.0,2.4,0.95,2.1,4,45,1.15,0.55,1.9,1.1,0.65,0.55
9d305660-e885-4c18-96d8-f615c7763542,20,9,106.97,6418,ROCK,39,0,0,342,316,329,0.53,0.153,0.063,0.255,0.685,0.089,0.131,0.095,0.74,0.106,0.069,0.086,987,1,0,0,1,0,0,417,838,455,830,921,11.17,0.01,558,9.3,38,0,29,30.0,2.4,0.95,2.1,4,45,1.15,0.55,1.9,1.1,0.65,0.55
70699851-aa22-43ba-97d6-dc6a14c7af91,18,7,94.18,5651,SCISSORS,0,0,60,565,585,605,0.606,0.163,0.117,0.114,0.592,0.131,0.085,0.192,0.863,0.058,0.079,0.0,1755,1,0,1,0,0,0,669,1623,710,1616,1702,15.82,0.008,306,5.1,22,0,29,30.0,2.4,0.95,2.1,4,45,1.15,0.55,1.9,1.1,0.65,0.55
d8e873a9-88e1-4d7c-9b06-821900d24df2,13,8,25.52,1531,SCISSORS,0,0,54,62,80,98,0.477,0.16,0.337,0.026,0.608,0.056,0.281,0.056,0.742,0.0,0.258,0.0,240,0,0,0,0,0,0,77,207,84,209,228,13.48,0.006,181,3.02,17,0,29,30.0,2.4,0.95,2.1,4,45,1.15,0.55,1.9,1.1,0.65,0.55
7632eb4a-c130-4eb9-990c-0eb1a212dc80,15,7,80.78,4847,ROCK,39,0,0,190,164,177,0.668,0.054,0.078,0.2,0.476,0.202,0.154,0.168,0.746,0.052,0.086,0.116,531,1,0,0,1,0,0,218,410,241,410,494,10.47,0.013,497,8.28,33,0,29,30.0,2.4,0.95,2.1,4,45,1.15,0.55,1.9,1.1,0.65,0.55
7d469f68-a388-48a9-b983-8de26ae727b2,14,4,58.52,3511,ROCK,45,0,0,156,126,141,0.752,0.03,0.111,0.107,0.491,0.179,0.144,0.185,0.805,0.051,0.121,0.023,423,1,0,0,1,0,0,98,327,115,324,408,10.61,0.018,226,3.77,7,0,29,30.0,2.4,0.95,2.1,4,45,1.15,0.55,1.9,1.1,0.65,0.55
c4073894-e992-4fd7-b613-27cb7f075958,12,4,30.77,1846,ROCK,42,0,0,55,27,41,0.593,0.008,0.26,0.138,0.352,0.119,0.458,0.07,0.542,0.0,0.279,0.179,123,1,0,0,1,0,0,16,76,22,73,117,10.9,0.004,496,8.27,31,0,29,30.0,2.4,0.95,2.1,4,45,1.15,0.55,1.9,1.1,0.65,0.55
a769ff13-67e7-4c7f-855a-d87bb23761d0,20,6,28.98,1739,ROCK,36,0,0,56,32,44,0.448,0.046,0.296,0.21,0.448,0.02,0.503,0.029,0.428,0.023,0.316,0.233,132,1,0,0,1,0,0,17,81,21,84,118,7.36,0.002,509,8.48,33,0,29,30.0,2.4,0.95,2.1,4,45,1.15,0.55,1.9,1.1,0.65,0.55
7f9c925f-8ff0-4e87-ae1b-1ea6d5fdad25,17,9,63.53,3812,ROCK,60,0,0,293,253,273,0.676,0.101,0.094,0.128,0.604,0.153,0.191,0.051,0.769,0.039,0.104,0.088,819,1,0,0,1,0,0,211,713,223,713,779,12.7,0.008,462,7.7,50,0,29,30.0,2.4,0.95,2.1,4,45,1.15,0.55,1.9,1.1,0.65,0.55
667504c9-a6ae-40a9-9e06-73a460bfd2e1,9,8,32.95,1977,ROCK,51,0,0,101,67,84,0.626,0.043,0.225,0.106,0.503,0.078,0.359,0.061,0.571,0.023,0.242,0.164,252,1,0,0,1,0,0,68,164,82,166,238,13.79,0.006,357,5.95,29,0,29,30.0,2.4,0.95,2.1,4,45,1.15,0.55,1.9,1.1,0.65,0.55
3a367ade-358f-45d8-be7d-ad4b26af9aa3,11,6,35.53,2132,ROCK,27,0,0,64,46,55,0.588,0.0,0.225,0.187,0.44,0.016,0.344,0.199,0.609,0.009,0.241,0.141,165,1,0,0,1,0,0,42,112,68,108,152,7.69,0.011,417,6.95,22,0,29,30.0,2.4,0.95,2.1,4,45,1.15,0.55,1.9,1.1,0.65,0.55
60a443dd-3c85-485f-9cf6-f577d4fba083,20,5,38.2,2292,SCISSORS,0,0,33,59,70,81,0.586,0.054,0.288,0.072,0.353,0.048,0.22,0.379,0.475,0.109,0.205,0.211,210,1,0,1,0,0,0,35,92,46,91,192,10.62,0.013,322,5.37,8,0,29,30.0,2.4,0.95,2.1,4,45,1.15,0.55,1.9,1.1,0.65,0.55
7132c46d-59f7-48bb-93a9-2aea9ea038a0,15,9,24.83,1490,ROCK,60,0,0,81,41,61,0.631,0.107,0.262,0.0,0.426,0.087,0.48,0.007,0.349,0.067,0.285,0.299,183,1,0,0,1,0,0,68,140,66,140,177,14.96,0.005,410,6.83,39,0,29,30.0,2.4,0.95,2.1,4,45,1.15,0.55,1.9,1.1,0.65,0.55
7c564859-21f9-4a47-92b8-c95765176e22,7,6,39.7,2382,SCISSORS,0,0,45,100,115,130,0.627,0.04,0.291,0.042,0.606,0.067,0.172,0.155,0.608,0.128,0.157,0.107,345,1,0,1,0,0,0,101,256,107,256,327,10.61,0.011,442,7.37,37,0,29,30.0,2.4,0.95,2.1,4,45,1.15,0.55,1.9,1.1,0.65,0.55
6921122e-2ca7-4cbc-93da-aa15eda79278,12,6,18.72,1123,SCISSORS,0,0,21,5,12,19,0.258,0.0,0.48,0.262,0.52,0.0,0.32,0.16,0.711,0.0,0.289,0.0,36,1,0,1,0,0,0,4,9,5,10,29,6.14,0.0,278,4.63,11,0,29,30.0,2.4,0.95,2.1,4,45,1.15,0.55,1.9,1.1,0.65,0.55
6ab5f542-37f4-4d30-bb37-c4b9deece586,17,5,42.8,2568,ROCK,36,0,0,103,79,91,0.683,0.006,0.181,0.13,0.438,0.021,0.288,0.253,0.619,0.023,0.195,0.163,273,1,0,0,1,0,0,44,157,60,153,257,11.04,0.018,448,7.47,16,0,29,30.0,2.4,0.95,2.1,4,45,1.15,0.55,1.9,1.1,0.65,0.55
cf7319a1-1cec-4aff-892f-de49c9d9e5ad,19,5,43.48,2609,ROCK,51,0,0,158,124,141,0.615,0.092,0.193,0.1,0.592,0.019,0.314,0.075,0.657,0.029,0.207,0.107,423,0,0,0,0,0,0,109,315,114,313,401,11.89,0.009,439,7.32,50,0,29,30.0,2.4,0.95,2.1,4,45,1.15,0.55,1.9,1.1,0.65,0.55
d39536da-fb05-4ff3-a8e8-5540513fd171,9,7,35.3,2118,SCISSORS,0,0,57,114,133,152,0.483,0.106,0.344,0.066,0.585,0.071,0.252,0.092,0.712,0.019,0.236,0.033,399,1,0,1,0,0,0,135,334,169,333,387,13.87,0.009,338,5.63,49,0,29,30.0,2.4,0.95,2.1,4,45,1.15,0.55,1.9,1.1,0.65,0.55
a7d1cf5f-b1bd-4f23-9bda-3b9b40461ebd,5,4,28.95,1737,ROCK,27,0,0,35,17,26,0.555,0.0,0.307,0.138,0.434,0.0,0.497,0.069,0.468,0.0,0.328,0.204,78,1,0,0,1,0,0,17,23,17,23,70,8.17,0.017,492,8.2,23,0,29,30.0,2.4,0.95,2.1,4,45,1.15,0.55,1.9,1.1,0.65,0.55
3a0bcdc3-253a-4759-bc3b-7998336ccb88,7,7,44.33,2660,ROCK,15,0,0,26,16,21,0.404,0.0,0.158,0.438,0.335,0.0,0.239,0.427,0.524,0.0,0.171,0.305,63,1,0,0,1,0,0,24,40,27,37,33,3.84,0.009,395,6.58,12,0,29,30.0,2.4,0.95,2.1,4,45,1.15,0.55,1.9,1.1,0.65,0.55
bc18e0b5-84a9-4363-a627-f66d1a17bb84,7,9,34.22,2053,SCISSORS,0,0,21,29,36,43,0.62,0.0,0.297,0.083,0.406,0.0,0.204,0.389,0.54,0.0,0.187,0.273,108,1,0,1,0,0,0,36,65,43,63,91,6.52,0.017,323,5.38,14,0,29,30.0,2.4,0.95,2.1,4,45,1.15,0.55,1.9,1.1,0.65,0.55
5e594704-41e4-4f84-a08b-660cd143b49f,17,7,52.88,3173,ROCK,21,0,0,55,41,48,0.591,0.0,0.14,0.269,0.309,0.005,0.247,0.439,0.597,0.017,0.151,0.235,144,1,0,0,1,0,0,48,121,57,119,113,5.63,0.014,528,8.8,9,0,29,30.0,2.4,0.95,2.1,4,45,1.15,0.55,1.9,1.1,0.65,0.55
eebe1364-b969-4906-8f1f-8c4bcd88e08d,12,4,31.37,1882,SCISSORS,0,0,51,72,89,106,0.438,0.082,0.321,0.159,0.586,0.042,0.289,0.082,0.676,0.053,0.271,0.0,267,1,0,1,0,0,0,41,157,46,154,262,12.11,0.009,242,4.03,16,0,29,30.0,2.4,0.95,2.1,4,45,1.15,0.55,1.9,1.1,0.65,0.55
dc283eb8-0d15-4b9d-a034-3367ce71fe47,11,10,28.43,1706,SCISSORS,0,0,36,42,54,66,0.496,0.091,0.364,0.05,0.598,0.038,0.255,0.109,0.742,0.0,0.235,0.023,162,1,0,1,0,0,0,77,138,86,138,145,8.72,0.013,321,5.35,23,0,29,30.0,2.4,0.95,2.1,4,45,1.15,0.55,1.9,1.1,0.65,0.55
d53dabf1-cc9e-47e7-bc72-d82b04655e24,12,4,27.9,1674,SCISSORS,0,0,33,20,31,42,0.316,0.06,0.451,0.173,0.507,0.042,0.319,0.131,0.543,0.012,0.299,0.146,93,1,0,1,0,0,0,28,48,25,46,80,8.53,0.007,429,7.15,19,0,29,30.0,2.4,0.95,2.1,4,45,1.15,0.55,1.9,1.1,0.65,0.55
eb69b7ff-498b-4cd8-ab98-8ea1ec19a2bd,10,5,38.85,2331,SCISSORS,0,0,36,64,76,88,0.425,0.041,0.24,0.294,0.573,0.073,0.176,0.178,0.738,0.101,0.161,0.0,228,0,0,0,0,0,0,43,144,52,146,208,10.62,0.007,211,3.52,17,0,29,30.0,2.4,0.95,2.1,4,45,1.15,0.55,1.9,1.1,0.65,0.55
74ef0432-6a54-4e3c-85ea-be675eb2c704,6,9,39.28,2357,SCISSORS,0,0,30,42,52,62,0.364,0.032,0.256,0.347,0.695,0.049,0.229,0.028,0.765,0.021,0.214,0.0,156,1,0,1,0,0,0,62,130,70,130,136,8.51,0.012,282,4.7,8,0,29,30.0,2.4,0.95,2.1,4,45,1.15,0.55,1.9,1.1,0.65,0.55
69ca51ca-96d6-47b6-bf15-b2a2c4b5e5fb,16,4,31.98,1919,ROCK,18,0,0,29,17,23,0.586,0.0,0.237,0.177,0.302,0.013,0.341,0.344,0.568,0.0,0.255,0.177,69,1,0,0,1,0,0,10,21,13,22,50,5.61,0.007,374,6.23,15,0,29,30.0,2.4,0.95,2.1,4,45,1.15,0.55,1.9,1.1,0.65,0.55
acbc8311-12a8-44d2-b542-ad16c80251f3,20,8,75.07,4504,SCISSORS,0,0,48,197,213,229,0.587,0.144,0.194,0.074,0.547,0.131,0.132,0.19,0.756,0.083,0.124,0.037,639,1,0,1,0,0,0,220,549,231,547,619,12.22,0.01,459,7.65,34,0,29,30.0,2.4,0.95,2.1,4,45,1.15,0.55,1.9,1.1,0.65,0.55
6b4b2355-1ea9-485d-a807-d4e58851512a,19,4,28.93,1736,SCISSORS,0,0,60,43,63,83,0.438,0.058,0.36,0.144,0.496,0.144,0.331,0.029,0.657,0.0,0.311,0.032,189,1,0,1,0,0,0,25,137,25,139,170,10.62,0.008,241,4.02,14,0,29,30.0,2.4,0.95,2.1,4,45,1.15,0.55,1.9,1.1,0.65,0.55
ed49d323-a352-4733-8112-b02e38c32b10,11,5,26.15,1569,SCISSORS,0,0,57,54,73,92,0.522,0.076,0.341,0.061,0.643,0.016,0.312,0.029,0.71,0.0,0.29,0.0,219,1,0,1,0,0,0,40,183,39,181,208,12.61,0.006,239,3.98,15,0,29,30.0,2.4,0.95,2.1,4,45,1.15,0.55,1.9,1.1,0.65,0.55
2d9c5993-0780-4355-9553-a3e014ca7029,6,5,59.28,3557,SCISSORS,0,0,33,111,122,133,0.635,0.035,0.192,0.138,0.625,0.042,0.145,0.188,0.83,0.011,0.135,0.024,366,1,0,1,0,0,0,78,255,94,250,343,9.95,0.015,387,6.45,24,0,29,30.0,2.4,0.95,2.1,4,45,1.15,0.55,1.9,1.1,0.65,0.55
4b47deec-f015-4c59-8b2e-7b064efcbdf0,12,8,51.63,3098,SCISSORS,0,0,18,33,39,45,0.166,0.0,0.276,0.558,0.594,0.0,0.203,0.203,0.489,0.0,0.192,0.319,117,1,0,1,0,0,0,54,89,51,88,85,4.87,0.002,448,7.47,11,0,29,30.0,2.4,0.95,2.1,4,45,1.15,0.55,1.9,1.1,0.65,0.55
c224ebda-23ee-4b7d-95e2-5239c7dbc56e,19,5,28.77,1726,ROCK,36,0,0,39,15,27,0.522,0.0,0.313,0.165,0.301,0.043,0.577,0.078,0.391,0.032,0.333,0.243,81,1,0,0,1,0,0,18,41,20,40,74,9.41,0.005,606,10.1,31,0,29,30.0,2.4,0.95,2.1,4,45,1.15,0.55,1.9,1.1,0.65,0.55
928008a0-8b8e-419c-b2f5-e6e3f2d3145e,16,4,43.88,2633,SCISSORS,0,0,57,209,228,247,0.575,0.11,0.231,0.083,0.619,0.15,0.156,0.076,0.708,0.036,0.142,0.114,684,1,0,1,0,0,0,183,572,225,574,665,15.01,0.01,358,5.97,31,0,29,30.0,2.4,0.95,2.1,4,45,1.15,0.55,1.9,1.1,0.65,0.55
9e9e414a-9941-43ab-8cbc-40aa69ee9e1f,13,4,65.28,3917,SCISSORS,0,0,48,159,175,191,0.584,0.188,0.195,0.033,0.569,0.091,0.131,0.209,0.676,0.135,0.122,0.066,525,1,0,1,0,0,0,91,330,113,328,507,13.01,0.012,387,6.45,30,0,29,30.0,2.4,0.95,2.1,4,45,1.15,0.55,1.9,1.1,0.65,0.55
fb9c1713-1a4d-4c4b-93f0-bd9392e15271,19,6,42.48,2549,ROCK,39,0,0,90,64,77,0.694,0.063,0.171,0.073,0.398,0.104,0.292,0.206,0.59,0.061,0.184,0.165,231,0,0,0,0,0,0,56,164,67,168,216,11.27,0.01,409,6.82,22,0,29,30.0,2.4,0.95,2.1,4,45,1.15,0.55,1.9,1.1,0.65,0.55
c4172020-fc8c-416e-8401-b554a24330bd,5,9,51.95,3117,ROCK,57,0,0,226,188,207,0.612,0.127,0.155,0.106,0.465,0.22,0.255,0.061,0.609,0.136,0.167,0.088,621,1,0,0,1,0,0,200,564,224,563,597,12.94,0.007,412,6.87,43,0,29,30.0,2.4,0.95,2.1,4,45,1.15,0.55,1.9,1.1,0.65,0.55
5578a452-4d1c-4fc2-80f4-8dbb338c03a8,6,9,32.08,1925,ROCK,15,0,0,17,7,12,0.361,0.0,0.234,0.405,0.434,0.0,0.392,0.174,0.457,0.0,0.252,0.291,36,1,0,0,1,0,0,9,25,16,25,18,3.97,0.0,460,7.67,9,0,29,30.0,2.4,0.95,2.1,4,45,1.15,0.55,1.9,1.1,0.65,0.55
9f26470e-6e96-4653-a9a6-89af40693885,17,10,64.78,3887,ROCK,18,0,0,46,34,40,0.438,0.0,0.136,0.425,0.305,0.0,0.207,0.488,0.688,0.0,0.145,0.167,120,1,0,0,1,0,0,46,97,61,94,76,4.51,0.002,387,6.45,13,0,29,30.0,2.4,0.95,2.1,4,45,1.15,0.55,1.9,1.1,0.65,0.55
830d7de7-78c6-43a3-881f-be2eca2bd232,18,9,56.82,3409,SCISSORS,0,0,51,168,185,202,0.457,0.185,0.176,0.182,0.51,0.111,0.144,0.235,0.654,0.069,0.133,0.144,555,1,0,1,0,0,0,136,468,162,467,534,13.28,0.008,209,3.48,12,0,29,30.0,2.4,0.95,2.1,4,45,1.15,0.55,1.9,1.1,0.65,0.55
5029cdc3-4ce1-4dc0-a3f3-876121aebb84,7,8,58.97,3538,ROCK,54,0,0,257,221,239,0.768,0.008,0.137,0.086,0.475,0.266,0.216,0.044,0.661,0.123,0.147,0.069,717,1,0,0,1,0,0,173,614,193,618,690,13.74,0.017,408,6.8,21,0,29,30.0,2.4,0.95,2.1,4,45,1.15,0.55,1.9,1.1,0.65,0.55
28a6b7cc-1c85-44e3-85bb-d386912eec92,18,8,48.13,2888,SCISSORS,0,0,21,35,42,49,0.374,0.021,0.273,0.332,0.446,0.014,0.204,0.336,0.706,0.0,0.192,0.102,126,1,0,1,0,0,0,34,75,35,79,102,5.75,0.006,408,6.8,15,0,29,30.0,2.4,0.95,2.1,4,45,1.15,0.55,1.9,1.1,0.65,0.55
5793169c-5e68-42a8-845d-d0073a2524fa,5,4,29.07,1744,SCISSORS,0,0,54,45,63,81,0.476,0.083,0.43,0.011,0.467,0.032,0.304,0.198,0.67,0.0,0.284,0.046,189,1,0,1,0,0,0,42,143,37,140,181,11.88,0.008,394,6.57,32,0,29,30.0,2.4,0.95,2.1,4,45,1.15,0.55,1.9,1.1,0.65,0.55
5f6c5837-71a5-46c7-9fbc-564239629d13,19,6,25.62,1537,ROCK,15,0,0,14,4,9,0.383,0.0,0.347,0.269,0.263,0.0,0.487,0.25,0.461,0.0,0.37,0.169,27,1,0,0,1,0,0,3,15,5,17,18,4.63,0.02,387,6.45,6,0,29,30.0,2.4,0.95,2.1,4,45,1.15,0.55,1.9,1.1,0.65,0.55
5eac5d05-8caa-4280-834d-58f14fa72c16,7,10,36.67,2200,SCISSORS,0,0,57,101,120,139,0.539,0.03,0.261,0.17,0.482,0.116,0.205,0.198,0.7,0.111,0.189,0.0,360,1,0,1,0,0,0,155,303,158,306,342,14.07,0.012,270,4.5,24,0,29,30.0,2.4,0.95,2.1,4,45,1.15,0.55,1.9,1.1,0.65,0.55
db202f3c-6b00-4f5c-a0b8-b328c82744b0,20,9,26.68,1601,SCISSORS,0,0,21,14,21,28,0.394,0.0,0.45,0.156,0.331,0.0,0.338,0.331,0.684,0.0,0.316,0.0,63,1,0,1,0,0,0,23,46,25,48,49,6.16,0.009,396,6.6,14,0,29,30.0,2.4,0.95,2.1,4,45,1.15,0.55,1.9,1.1,0.65,0.55
3bb4276e-cf19-41de-85d3-2989974fe739,14,10,43.53,2612,SCISSORS,0,0,60,187,207,227,0.662,0.078,0.208,0.052,0.514,0.277,0.17,0.038,0.755,0.088,0.157,0.0,621,0,0,0,0,0,0,285,602,296,603,593,13.77,0.009,262,4.37,12,0,29,30.0,2.4,0.95,2.1,4,45,1.15,0.55,1.9,1.1,0.65,0.55
bf4995b7-8c0b-4a4e-bac9-6b22e807916b,12,8,70.03,4202,SCISSORS,0,0,42,203,217,231,0.529,0.044,0.137,0.29,0.62,0.175,0.113,0.093,0.837,0.034,0.105,0.024,651,1,0,1,0,0,0,269,580,280,586,609,10.51,0.018,277,4.62,14,0,29,30.0,2.4,0.95,2.1,4,45,1.15,0.55,1.9,1.1,0.65,0.55
cbaa8bab-8e20-48d7-b0e2-0a8a793a9794,19,9,35.78,2147,ROCK,36,0,0,67,43,55,0.672,0.0,0.233,0.095,0.442,0.06,0.402,0.095,0.488,0.035,0.249,0.228,165,1,0,0,1,0,0,48,116,55,121,157,10.75,0.007,552,9.2,29,0,29,30.0,2.4,0.95,2.1,4,45,1.15,0.55,1.9,1.1,0.65,0.55
56e9aaa5-3e10-4bbb-b761-5e48168d3e90,14,10,29.97,1798,ROCK,57,0,0,96,58,77,0.594,0.022,0.294,0.089,0.464,0.022,0.464,0.05,0.536,0.0,0.314,0.15,231,1,0,0,1,0,0,77,175,93,174,222,12.5,0.004,428,7.13,42,0,29,30.0,2.4,0.95,2.1,4,45,1.15,0.55,1.9,1.1,0.65,0.55
f58c0f4c-c709-42a9-b098-35c70402cf3e,13,6,47.88,2873,SCISSORS,0,0,42,130,144,158,0.551,0.037,0.186,0.226,0.548,0.026,0.157,0.27,0.788,0.068,0.144,0.0,432,1,0,1,0,0,0,110,331,121,327,400,11.82,0.007,273,4.55,14,0,29,30.0,2.4,0.95,2.1,4,45,1.15,0.55,1.9,1.1,0.65,0.55
92f1701c-1af1-476d-a323-f4d0e44c1ba1,19,7,28.0,1680,SCISSORS,0,0,39,31,44,57,0.455,0.051,0.467,0.027,0.458,0.048,0.36,0.134,0.583,0.0,0.339,0.077,132,1,0,1,0,0,0,40,100,41,100,128,10.6,0.013,390,6.5,24,0,29,30.0,2.4,0.95,2.1,4,45,1.15,0.55,1.9,1.1,0.65,0.55
771b1277-a382-45ed-a3ae-a5a8adcbb73f,9,10,33.52,2011,ROCK,57,0,0,136,98,117,0.53,0.117,0.259,0.095,0.488,0.127,0.363,0.022,0.637,0.0,0.276,0.087,351,1,0,0,1,0,0,152,299,162,301,335,15.07,0.005,321,5.35,35,0,29,30.0,2.4,0.95,2.1,4,45,1.15,0.55,1.9,1.1,0.65,0.55
05359e97-a4c6-4789-9fd6-63c766a89719,19,7,46.97,2818,ROCK,27,0,0,57,39,48,0.507,0.0,0.193,0.3,0.307,0.027,0.298,0.369,0.676,0.027,0.206,0.092,144,1,0,0,1,0,0,40,111,44,108,116,7.02,0.009,448,7.47,19,0,29,30.0,2.4,0.95,2.1,4,45,1.15,0.55,1.9,1.1,0.65,0.55
1ba5b799-9b1c-4e62-b29a-48e5aac9b382,5,10,33.9,2034,ROCK,57,0,0,138,100,119,0.582,0.064,0.211,0.143,0.565,0.098,0.3,0.037,0.678,0.022,0.229,0.071,357,1,0,0,1,0,0,164,312,170,309,347,13.03,0.009,274,4.57,22,0,29,30.0,2.4,0.95,2.1,4,45,1.15,0.55,1.9,1.1,0.65,0.55
a34ba98b-45d6-4412-add9-19870ff704e8,14,7,66.07,3964,SCISSORS,0,0,15,37,42,47,0.289,0.0,0.192,0.52,0.375,0.0,0.135,0.491,0.608,0.0,0.126,0.266,126,1,0,1,0,0,0,32,70,47,70,80,4.29,0.004,439,7.32,10,0,29,30.0,2.4,0.95,2.1,4,45,1.15,0.55,1.9,1.1,0.65,0.55
62d5339f-75ce-4146-9127-a817383d9531,16,4,37.7,2262,SCISSORS,0,0,42,72,86,100,0.539,0.053,0.333,0.075,0.592,0.018,0.238,0.152,0.733,0.013,0.223,0.031,258,1,0,1,0,0,0,44,202,57,201,247,10.6,0.009,392,6.53,36,0,29,30.0,2.4,0.95,2.1,4,45,1.15,0.55,1.9,1.1,0.65,0.55
9f490846-929f-4070-b7cc-59f565630fd5,8,4,32.57,1954,ROCK,48,0,0,100,68,84,0.652,0.079,0.197,0.072,0.425,0.189,0.355,0.031,0.573,0.072,0.215,0.141,252,1,0,0,1,0,0,26,147,35,149,234,12.47,0.012,459,7.65,33,0,29,30.0,2.4,0.95,2.1,4,45,1.15,0.55,1.9,1.1,0.65,0.55
2b489a1a-2d3d-4799-a7ff-951cff09b9e8,17,7,40.82,2449,SCISSORS,0,0,24,28,36,44,0.29,0.018,0.361,0.331,0.355,0.031,0.235,0.38,0.686,0.0,0.22,0.094,108,1,0,1,0,0,0,28,71,32,74,82,6.39,0.006,514,8.57,20,0,29,30.0,2.4,0.95,2.1,4,45,1.15,0.55,1.9,1.1,0.65,0.55
cfaf1fc5-072d-4826-bd14-c1b4d80fbcee,10,8,49.3,2958,ROCK,51,0,0,164,130,147,0.72,0.111,0.137,0.032,0.441,0.135,0.238,0.186,0.698,0.064,0.149,0.09,441,1,0,0,1,0,0,135,370,146,372,413,13.1,0.012,423,7.05,26,0,29,30.0,2.4,0.95,2.1,4,45,1.15,0.55,1.9,1.1,0.65,0.55
fb00137f-8a7b-4d8a-966a-ec3700aa9579,20,6,27.95,1677,ROCK,30,0,0,31,11,21,0.473,0.062,0.324,0.14,0.208,0.098,0.521,0.173,0.479,0.0,0.345,0.176,63,1,0,0,1,0,0,20,37,26,36,55,8.1,0.004,497,8.28,18,0,29,30.0,2.4,0.95,2.1,4,45,1.15,0.55,1.9,1.1,0.65,0.55
d38ba992-ea5c-4509-8837-2b408abde850,17,5,19.17,1150,SCISSORS,0,0,60,35,55,75,0.452,0.022,0.439,0.087,0.543,0.017,0.396,0.043,0.635,0.0,0.365,0.0,165,1,0,1,0,0,0,31,134,28,134,156,11.98,0.009,165,2.75,11,0,29,30.0,2.4,0.95,2.1,4,45,1.15,0.55,1.9,1.1,0.65,0.55
94b26bff-570d-4b95-8cf5-667e89282d07,11,9,32.95,1977,SCISSORS,0,0,51,67,84,101,0.492,0.025,0.369,0.114,0.434,0.197,0.27,0.098,0.747,0.0,0.253,0.0,252,1,0,1,0,0,0,124,216,122,214,248,14.67,0.008,347,5.78,31,0,29,30.0,2.4,0.95,2.1,4,45,1.15,0.55,1.9,1.1,0.65,0.55
41ff9ee4-89f2-43d4-b3fb-2b35451942d6,11,9,34.43,2066,SCISSORS,0,0,33,46,57,68,0.39,0.0,0.327,0.283,0.649,0.024,0.252,0.075,0.705,0.039,0.235,0.022,171,1,0,1,0,0,0,80,141,84,141,155,9.13,0.007,341,5.68,17,0,29,30.0,2.4,0.95,2.1,4,45,1.15,0.55,1.9,1.1,0.65,0.55
dee04e7b-91a7-46c1-a891-1e8d813d6eec,19,4,27.58,1655,SCISSORS,0,0,33,26,37,48,0.456,0.069,0.468,0.006,0.486,0.0,0.347,0.166,0.613,0.06,0.326,0.0,111,1,0,1,0,0,0,17,57,22,53,99,10.23,0.011,415,6.92,27,0,29,30.0,2.4,0.95,2.1,4,45,1.15,0.55,1.9,1.1,0.65,0.55
b935419f-275a-4444-a51c-2545d8f555d2,5,7,59.13,3548,ROCK,57,0,0,316,278,297,0.599,0.114,0.106,0.182,0.561,0.115,0.248,0.076,0.637,0.115,0.115,0.132,891,1,0,0,1,0,0,288,742,328,739,860,14.68,0.011,553,9.22,55,0,29,30.0,2.4,0.95,2.1,4,45,1.15,0.55,1.9,1.1,0.65,0.55
f26597db-3fd5-4bf5-bf59-d45696d0cda6,10,9,50.3,3018,SCISSORS,0,0,15,16,21,26,0.262,0.0,0.29,0.449,0.253,0.0,0.177,0.57,0.689,0.0,0.166,0.146,63,1,0,1,0,0,0,19,39,24,40,33,3.76,0.009,558,9.3,12,0,29,30.0,2.4,0.95,2.1,4,45,1.15,0.55,1.9,1.1,0.65,0.55
4062b3f0-c1d4-4bdf-ad81-65b6be9e71b6,20,8,64.67,3880,ROCK,30,0,0,124,104,114,0.662,0.013,0.095,0.229,0.454,0.075,0.161,0.311,0.785,0.0,0.104,0.111,342,1,0,0,1,0,0,145,287,155,287,302,8.5,0.015,335,5.58,21,0,29,30.0,2.4,0.95,2.1,4,45,1.15,0.55,1.9,1.1,0.65,0.55
da3baf1d-52db-4280-9608-bfd7ad82430e,8,9,76.98,4619,ROCK,60,0,0,380,340,360,0.585,0.221,0.111,0.082,0.592,0.158,0.185,0.065,0.763,0.052,0.119,0.066,1080,1,0,0,1,0,0,382,999,408,996,1045,13.63,0.007,444,7.4,38,0,29,30.0,2.4,0.95,2.1,4,45,1.15,0.55,1.9,1.1,0.65,0.55
9c7c90ea-2af4-4d4d-9a32-bba595ccd98d,10,6,31.78,1907,ROCK,24,0,0,36,20,28,0.458,0.031,0.264,0.246,0.458,0.05,0.479,0.013,0.521,0.0,0.283,0.196,84,1,0,0,1,0,0,25,41,29,40,63,5.89,0.003,562,9.37,23,0,29,30.0,2.4,0.95,2.1,4,45,1.15,0.55,1.9,1.1,0.65,0.55
3411e5a9-ed9f-46cf-8d93-a77d57917938,16,5,29.33,1760,ROCK,30,0,0,45,25,35,0.565,0.0,0.324,0.111,0.477,0.0,0.463,0.06,0.423,0.071,0.344,0.162,105,1,0,0,1,0,0,15,56,18,57,93,7.69,0.01,430,7.17,21,0,29,30.0,2.4,0.95,2.1,4,45,1.15,0.55,1.9,1.1,0.65,0.55
e158fe71-e8d1-4195-b7a6-354e45e36634,12,8,68.9,4134,ROCK,48,0,0,251,219,235,0.687,0.08,0.074,0.16,0.553,0.148,0.17,0.129,0.682,0.106,0.082,0.129,705,1,0,0,1,0,0,222,562,237,559,662,12.63,0.009,444,7.4,45,0,29,30.0,2.4,0.95,2.1,4,45,1.15,0.55,1.9,1.1,0.65,0.55
e77dd586-257f-4ea0-8e18-c3d6dda490a8,16,6,31.92,1915,ROCK,36,0,0,67,43,55,0.744,0.0,0.131,0.125,0.392,0.044,0.3,0.264,0.642,0.057,0.149,0.151,165,1,0,0,1,0,0,43,100,45,98,152,9.96,0.016,465,7.75,19,0,29,30.0,2.4,0.95,2.1,4,45,1.15,0.55,1.9,1.1,0.65,0.55
ce4a15f6-c6f0-42e9-b2f4-cb099118aff6,5,4,49.18,2951,SCISSORS,0,0,48,149,165,181,0.553,0.119,0.236,0.093,0.624,0.02,0.173,0.183,0.797,0.042,0.161,0.0,495,1,0,1,0,0,0,145,393,169,398,466,12.12,0.008,346,5.77,19,0,29,30.0,2.4,0.95,2.1,4,45,1.15,0.55,1.9,1.1,0.65,0.55
df478420-f9bc-4cab-8fc5-b6c3f0bdfd3a,11,10,38.87,2332,ROCK,15,0,0,25,15,20,0.456,0.0,0.218,0.325,0.349,0.0,0.435,0.216,0.377,0.0,0.233,0.39,60,1,0,0,1,0,0,23,39,27,39,37,4.05,0.012,667,11.12,14,0,29,30.0,2.4,0.95,2.1,4,45,1.15,0.55,1.9,1.1,0.65,0.55
53169c45-9273-4338-a705-1f9fd8bc08b0,5,10,26.97,1618,ROCK,33,0,0,41,19,30,0.46,0.0,0.321,0.219,0.42,0.0,0.491,0.09,0.509,0.0,0.343,0.148,90,1,0,0,1,0,0,30,55,37,56,80,7.9,0.005,418,6.97,25,0,29,30.0,2.4,0.95,2.1,4,45,1.15,0.55,1.9,1.1,0.65,0.55
302d2803-b8fe-4dd2-897a-8f8efbc26a2b,8,4,39.27,2356,ROCK,15,0,0,23,13,18,0.335,0.0,0.197,0.467,0.325,0.0,0.342,0.333,0.418,0.0,0.212,0.369,54,1,0,0,1,0,0,11,20,12,19,32,4.35,0.011,496,8.27,12,0,29,30.0,2.4,0.95,2.1,4,45,1.15,0.55,1.9,1.1,0.65,0.55
5ddb3904-b003-44ed-84a1-ed7be3b45de7,11,8,41.48,2489,ROCK,24,0,0,50,34,42,0.498,0.0,0.227,0.275,0.373,0.038,0.355,0.233,0.53,0.034,0.241,0.195,126,1,0,0,1,0,0,40,76,51,77,99,6.94,0.009,499,8.32,21,0,29,30.0,2.4,0.95,2.1,4,45,1.15,0.55,1.9,1.1,0.65,0.55
d0dac5c6-9763-42b8-9db9-acc093f8ce4f,7,8,22.08,1325,ROCK,33,0,0,27,5,16,0.615,0.0,0.385,0.0,0.37,0.0,0.589,0.042,0.411,0.0,0.411,0.177,48,1,0,0,1,0,0,12,34,11,33,38,9.9,0.016,400,6.67,14,0,29,30.0,2.4,0.95,2.1,4,45,1.15,0.55,1.9,1.1,0.65,0.55
71c25b37-8431-4801-9420-697b23d40230,13,6,38.95,2337,PAPER,0,21,0,23,30,16,0.37,0.0,0.235,0.395,0.464,0.0,0.22,0.316,0.368,0.0,0.363,0.269,69,1,1,0,0,0,0,9,44,14,46,50,6.1,0.006,522,8.7,17,0,29,30.0,2.4,0.95,2.1,4,45,1.15,0.55,1.9,1.1,0.65,0.55
ef2a79e7-f119-4821-b74b-182dd59d781a,20,9,33.1,1986,ROCK,39,0,0,73,47,60,0.529,0.108,0.287,0.076,0.411,0.083,0.481,0.025,0.466,0.053,0.305,0.176,180,1,0,0,1,0,0,82,130,77,128,172,10.21,0.013,556,9.27,36,0,29,30.0,2.4,0.95,2.1,4,45,1.15,0.55,1.9,1.1,0.65,0.55
a68399f3-ef14-459c-8fbb-bf2ce2673994,7,9,102.0,6120,ROCK,60,0,0,440,400,420,0.598,0.131,0.09,0.181,0.612,0.158,0.153,0.077,0.727,0.079,0.096,0.098,1260,1,0,0,1,0,0,391,1029,417,1025,1213,14.73,0.006,515,8.58,55,0,29,30.0,2.4,0.95,2.1,4,45,1.15,0.55,1.9,1.1,0.65,0.55
852675bf-c398-4b8d-8e60-8e52d5aa1d4e,20,6,39.12,2347,ROCK,21,0,0,43,29,36,0.43,0.0,0.245,0.326,0.345,0.0,0.383,0.272,0.513,0.0,0.26,0.228,108,1,0,0,1,0,0,40,70,43,71,84,6.2,0.0,527,8.78,19,0,29,30.0,2.4,0.95,2.1,4,45,1.15,0.55,1.9,1.1,0.65,0.55
2166fad2-7f58-47b9-b054-b83fc358c763,11,6,36.65,2199,SCISSORS,0,0,60,97,117,137,0.523,0.125,0.302,0.05,0.53,0.023,0.261,0.186,0.536,0.043,0.245,0.175,351,0,0,0,0,0,0,45,267,64,260,337,13.62,0.008,269,4.48,17,0,29,30.0,2.4,0.95,2.1,4,45,1.15,0.55,1.9,1.1,0.65,0.55
6591a57b-7c10-4c46-9a1e-ee287c356e5c,11,4,40.38,2423,ROCK,33,0,0,61,39,50,0.534,0.0,0.243,0.223,0.534,0.033,0.367,0.066,0.633,0.0,0.258,0.109,150,1,0,0,1,0,0,32,110,31,107,131,9.23,0.009,488,8.13,18,0,29,30.0,2.4,0.95,2.1,4,45,1.15,0.55,1.9,1.1,0.65,0.55
d634e63c-14d7-47c2-a2c1-4c1b3074c7f3,16,6,37.55,2253,SCISSORS,0,0,33,43,54,65,0.519,0.084,0.348,0.049,0.574,0.078,0.279,0.069,0.665,0.029,0.264,0.042,162,1,0,1,0,0,0,27,115,39,116,147,8.99,0.019,383,6.38,21,0,29,30.0,2.4,0.95,2.1,4,45,1.15,0.55,1.9,1.1,0.65,0.55
7256e46e-b05b-4194-9121-5bced7c1fdbc,9,9,37.63,2258,SCISSORS,0,0,48,101,117,133,0.553,0.102,0.305,0.04,0.471,0.06,0.219,0.25,0.715,0.082,0.204,0.0,351,1,0,1,0,0,0,146,308,173,306,341,14.49,0.008,363,6.05,36,0,29,30.0,2.4,0.95,2.1,4,45,1.15,0.55,1.9,1.1,0.65,0.55
524f3873-dfd5-4c95-a27a-8f3ac107d4d5,13,10,31.12,1867,ROCK,27,0,0,29,11,20,0.57,0.011,0.297,0.123,0.316,0.037,0.457,0.19,0.543,0.0,0.316,0.142,60,1,0,0,1,0,0,19,45,19,45,47,8.17,0.009,492,8.2,15,0,29,30.0,2.4,0.95,2.1,4,45,1.15,0.55,1.9,1.1,0.65,0.55
84c134fe-a44d-4356-8049-9ea56c8aaf09,16,9,27.22,1633,ROCK,39,0,0,47,21,34,0.511,0.028,0.33,0.131,0.327,0.058,0.563,0.052,0.437,0.0,0.352,0.211,102,1,0,0,1,0,0,23,71,29,72,98,9.1,0.007,513,8.55,27,0,29,30.0,2.4,0.95,2.1,4,45,1.15,0.55,1.9,1.1,0.65,0.55
5e8b9f03-ee52-4dc8-8037-2673fb80e814,10,4,61.87,3712,ROCK,48,0,0,190,158,174,0.672,0.071,0.135,0.122,0.439,0.213,0.203,0.145,0.783,0.013,0.144,0.059,522,1,0,0,1,0,0,143,400,150,405,503,12.88,0.009,367,6.12,41,0,29,30.0,2.4,0.95,2.1,4,45,1.15,0.55,1.9,1.1,0.65,0.55
4ffb4bac-cece-480b-865d-3c5da772979e,17,8,25.3,1518,SCISSORS,0,0,30,17,27,37,0.352,0.0,0.421,0.227,0.536,0.043,0.362,0.059,0.661,0.0,0.339,0.0,81,1,0,1,0,0,0,18,58,26,59,72,8.26,0.012,298,4.97,11,0,29,30.0,2.4,0.95,2.1,4,45,1.15,0.55,1.9,1.1,0.65,0.55
66275b5f-eded-451e-923a-065bfefb62e8,10,5,52.68,3161,ROCK,51,0,0,179,145,162,0.566,0.117,0.152,0.165,0.709,0.027,0.196,0.068,0.663,0.141,0.163,0.033,486,1,0,0,1,0,0,144,418,149,415,470,13.01,0.009,296,4.93,18,0,29,30.0,2.4,0.95,2.1,4,45,1.15,0.55,1.9,1.1,0.65,0.55
10f611f7-8853-4cd4-b16d-759ab03a2442,17,6,29.87,1792,SCISSORS,0,0,30,14,24,34,0.373,0.153,0.429,0.045,0.571,0.0,0.354,0.075,0.635,0.031,0.334,0.0,72,1,0,1,0,0,0,16,56,17,57,68,9.72,0.004,362,6.03,11,0,29,30.0,2.4,0.95,2.1,4,45,1.15,0.55,1.9,1.1,0.65,0.55
64d5a9fb-df83-41c6-aced-6b16f39c7d10,18,10,23.53,1412,SCISSORS,0,0,51,38,55,72,0.477,0.018,0.428,0.078,0.572,0.0,0.36,0.067,0.615,0.049,0.336,0.0,165,0,0,0,0,0,0,82,139,77,139,160,12.12,0.008,257,4.28,15,0,29,30.0,2.4,0.95,2.1,4,45,1.15,0.55,1.9,1.1,0.65,0.55
361db8be-f742-4778-b7ba-3e2c01da0f4c,9,7,41.53,2492,ROCK,54,0,0,128,92,110,0.605,0.114,0.208,0.072,0.451,0.14,0.361,0.048,0.615,0.024,0.222,0.138,330,1,0,0,1,0,0,83,263,102,264,319,12.23,0.006,512,8.53,49,0,29,30.0,2.4,0.95,2.1,4,45,1.15,0.55,1.9,1.1,0.65,0.55
90233f21-9460-4201-a618-f6548eb74cb2,11,5,23.5,1410,SCISSORS,0,0,27,5,14,23,0.309,0.0,0.5,0.191,0.5,0.0,0.376,0.124,0.649,0.0,0.351,0.0,42,1,0,1,0,0,0,6,24,4,23,33,6.55,0.004,400,6.67,16,0,29,30.0,2.4,0.95,2.1,4,45,1.15,0.55,1.9,1.1,0.65,0.55
6fbbfd5a-677a-42a1-af46-fb067ea5cbaa,11,10,30.97,1858,ROCK,33,0,0,44,22,33,0.586,0.0,0.309,0.105,0.317,0.0,0.46,0.223,0.54,0.0,0.328,0.132,99,1,0,0,1,0,0,28,69,38,68,90,7.93,0.016,448,7.47,15,0,29,30.0,2.4,0.95,2.1,4,45,1.15,0.55,1.9,1.1,0.65,0.55
be6fa598-cc58-4e48-bccb-81b502fde829,17,5,35.22,2113,ROCK,33,0,0,50,28,39,0.485,0.026,0.251,0.239,0.478,0.019,0.437,0.066,0.522,0.04,0.267,0.17,117,1,0,0,1,0,0,19,46,20,46,102,7.81,0.007,578,9.63,31,0,29,30.0,2.4,0.95,2.1,4,45,1.15,0.55,1.9,1.1,0.65,0.55
1c413c2d-6ee0-4419-9b70-7bb398e09a42,11,5,45.47,2728,SCISSORS,0,0,51,128,145,162,0.526,0.101,0.262,0.112,0.647,0.062,0.212,0.079,0.749,0.051,0.2,0.0,435,1,0,1,0,0,0,116,313,121,310,425,13.17,0.009,328,5.47,20,0,29,30.0,2.4,0.95,2.1,4,45,1.15,0.55,1.9,1.1,0.65,0.55
98baafc0-2ce6-46ad-b6ca-aca72335cedd,8,3,5.75,235,SCISSORS,0,0,24,24,32,40,0.5,0.0,0.333,0.167,0.25,0.0,0.167,0.583,0.167,0.0,0.25,0.583,96,1,0,1,0,0,0,23,29,22,30,85,7.96,0.025,35,0.58,19,0,10,30.0,2.4,0.95,2.1,4,45,1.15,0.55,1.9,1.1,0.65,0.55
9986b83f-79e6-4a37-a7f8-ff239ce9efe7,6,4,9.07,216,SCISSORS,0,0,18,18,24,30,0.0,0.0,0.364,0.636,0.545,0.0,0.182,0.273,0.455,0.0,0.091,0.455,72,1,0,1,0,0,0,33,38,31,40,53,6.31,0.024,48,0.8,14,0,8,30.0,2.4,0.95,2.1,4,45,1.15,0.55,1.9,1.1,0.65,0.55
aa952eb1-6b6e-4ee1-b653-b42c3090a390,6,6,5.0,58,SCISSORS,0,0,18,2,8,14,0.0,0.0,1.0,0.0,0.0,0.0,0.333,0.667,0.667,0.0,0.333,0.0,24,1,0,1,0,0,0,11,12,9,13,21,6.88,0.008,38,0.63,9,0,5,30.0,2.4,0.95,2.1,4,45,1.15,0.55,1.9,1.1,0.65,0.55
6964dc3a-612d-42a2-9c10-8c2c0680bf44,8,3,12.49,70,SCISSORS,0,0,24,15,23,31,0.0,0.0,0.5,0.5,0.0,0.0,0.75,0.25,0.5,0.0,0.5,0.0,69,0,0,0,0,0,0,15,33,9,32,54,6.26,0.0,22,0.37,9,0,10,30.0,2.4,0.95,2.1,4,45,1.15,0.55,1.9,1.1,0.65,0.55
d19061cb-2b78-4bdc-96a5-a2abcd8b895f,5,6,8.86,195,SCISSORS,0,0,15,12,17,22,0.3,0.0,0.6,0.1,0.0,0.0,0.1,0.9,0.4,0.0,0.1,0.5,51,1,0,1,0,0,0,30,27,26,29,31,5.2,0.018,79,1.32,14,0,8,30.0,2.4,0.95,2.1,4,45,1.15,0.55,1.9,1.1,0.65,0.55
7dfa6fe1-faac-489d-8163-e1afe991603b,5,6,1.02,55,SCISSORS,0,0,15,1,6,11,0.0,0.0,0.667,0.333,0.0,0.0,0.667,0.333,0.333,0.0,0.667,0.0,18,1,0,1,0,0,0,11,8,7,9,14,5.22,0.0,27,0.45,9,0,7,30.0,2.4,0.95,2.1,4,45,1.15,0.55,1.9,1.1,0.65,0.55
02f2f084-8a7a-4a7c-815e-1657d5aa8e15,7,3,1.18,55,SCISSORS,0,0,21,9,16,23,0.0,0.0,0.333,0.667,0.0,0.0,0.333,0.667,0.667,0.0,0.333,0.0,48,0,0,0,0,0,0,14,16,17,19,36,6.29,0.0,11,0.18,6,0,7,30.0,2.4,0.95,2.1,4,45,1.15,0.55,1.9,1.1,0.65,0.55
290efda0-af76-4530-a6f0-3b0e08117a51,7,6,1.33,75,SCISSORS,0,0,21,4,11,18,0.0,0.0,0.5,0.5,0.0,0.0,0.5,0.5,0.5,0.0,0.5,0.0,33,1,0,1,0,0,0,15,18,20,23,21,7.33,0.0,15,0.25,4,0,7,30.0,2.4,0.95,2.1,4,45,1.15,0.55,1.9,1.1,0.65,0.55
4ffc8f79-6369-4460-b2f3-a47793734082,5,4,1.9,116,SCISSORS,0,0,15,8,13,18,0.0,0.0,0.5,0.5,0.167,0.0,0.167,0.667,0.333,0.0,0.167,0.5,39,1,0,1,0,0,0,9,18,10,15,30,5.23,0.0,44,0.73,11,0,8,30.0,2.4,0.95,2.1,4,45,1.15,0.55,1.9,1.1,0.65,0.55
9efb8a04-502c-45d4-8d43-dde4a42547db,7,5,1.19,57,PAPER,0,21,0,17,24,10,0.0,0.0,0.667,0.333,0.333,0.0,0.333,0.333,0.0,0.0,1.0,0.0,51,1,1,0,0,0,0,27,27,28,27,38,6.41,0.012,25,0.42,9,0,8,30.0,2.4,0.95,2.1,4,45,1.15,0.55,1.9,1.1,0.65,0.55
79ea62e0-0dfc-40d8-b377-b2944195cfaa,5,5,3.46,188,ROCK,15,0,0,28,18,23,0.5,0.0,0.2,0.3,0.1,0.0,0.2,0.7,0.0,0.0,0.1,0.9,69,1,0,0,1,0,0,33,48,40,47,49,5.8,0.011,16,0.27,5,0,8,30.0,2.4,0.95,2.1,4,45,1.15,0.55,1.9,1.1,0.65,0.55
88699920-a4f7-4dcb-b3a0-427ac693d618,7,3,3.05,179,ROCK,21,0,0,26,12,19,0.778,0.0,0.222,0.0,0.0,0.0,1.0,0.0,0.0,0.0,0.222,0.778,57,1,0,0,1,0,0,7,19,9,19,43,6.32,0.021,139,2.32,20,0,8,30.0,2.4,0.95,2.1,4,45,1.15,0.55,1.9,1.1,0.65,0.55
f28a5201-cb27-41dc-abf1-e3bd4104112a,7,4,3.48,168,PAPER,0,21,0,23,30,16,0.333,0.0,0.111,0.556,0.222,0.0,0.222,0.556,0.333,0.0,0.444,0.222,69,1,1,0,0,0,0,32,32,35,36,56,7.54,0.009,28,0.47,13,0,8,30.0,2.4,0.95,2.1,4,45,1.15,0.55,1.9,1.1,0.65,0.55
e40f3e6d-8be3-4b74-a995-40e8e683f9bd,7,6,2.0,97,SCISSORS,0,0,21,11,18,25,0.2,0.0,0.6,0.2,0.2,0.0,0.2,0.6,0.6,0.0,0.4,0.0,54,1,0,1,0,0,0,41,36,41,37,48,7.54,0.028,29,0.48,10,0,8,30.0,2.4,0.95,2.1,4,45,1.15,0.55,1.9,1.1,0.65,0.55
01d7bb58-c256-4875-af2b-f07b879f91c6,6,6,2.72,165,ROCK,18,0,0,19,7,13,0.556,0.0,0.111,0.333,0.0,0.0,0.778,0.222,0.222,0.0,0.222,0.556,39,1,0,0,1,0,0,18,17,22,19,29,6.38,0.0,85,1.42,15,0,8,30.0,2.4,0.95,2.1,4,45,1.15,0.55,1.9,1.1,0.65,0.55
2f255c26-668f-44dd-9c57-774e7e781e72,9,5,4.25,185,SCISSORS,0,0,27,32,41,50,0.1,0.0,0.4,0.5,0.1,0.0,0.2,0.7,0.7,0.0,0.3,0.0,123,1,0,1,0,0,0,57,84,54,80,102,8.39,0.002,37,0.62,13,0,10,30.0,2.4,0.95,2.1,4,45,1.15,0.55,1.9,1.1,0.65,0.55
8164279e-d4fb-415c-9dea-f8ba6b7f219a,7,4,4.9,232,SCISSORS,0,0,21,37,44,51,0.25,0.0,0.25,0.5,0.25,0.0,0.167,0.583,0.667,0.0,0.083,0.25,132,1,0,1,0,0,0,64,100,63,100,114,7.47,0.001,32,0.53,9,0,10,30.0,2.4,0.95,2.1,4,45,1.15,0.55,1.9,1.1,0.65,0.55
5035e3eb-9f14-4ec5-8fe4-479e438244b2,6,4,2.06,121,ROCK,18,0,0,18,6,12,0.333,0.0,0.167,0.5,0.0,0.0,0.667,0.333,0.5,0.0,0.167,0.333,36,1,0,0,1,0,0,17,19,20,19,30,6.69,0.009,53,0.88,15,0,10,30.0,2.4,0.95,2.1,4,45,1.15,0.55,1.9,1.1,0.65,0.55
dbf44087-4c71-4fb6-add9-2efdd88c1783,6,5,0.92,49,SCISSORS,0,0,18,3,9,15,0.0,0.0,0.667,0.333,0.0,0.0,0.667,0.333,0.333,0.0,0.667,0.0,27,0,0,0,0,0,0,4,12,8,11,17,5.67,0.0,21,0.35,10,0,10,30.0,2.4,0.95,2.1,4,45,1.15,0.55,1.9,1.1,0.65,0.55
16ae0743-1ad9-4739-83d3-b909bf35f225,5,4,2.34,140,PAPER,0,15,0,11,16,6,0.143,0.0,0.143,0.714,0.286,0.0,0.286,0.429,0.286,0.0,0.571,0.143,33,1,1,0,0,0,0,17,9,17,9,28,5.7,0.011,44,0.73,14,0,10,30.0,2.4,0.95,2.1,4,45,1.15,0.55,1.9,1.1,0.65,0.55
14a9e0bd-3fdb-4ed1-ad05-d51e7d88e1cb,5,4,1.86,107,SCISSORS,0,0,15,8,13,18,0.167,0.0,0.667,0.167,0.0,0.0,0.167,0.833,0.667,0.0,0.333,0.0,39,1,0,1,0,0,0,25,24,24,23,33,5.74,0.0,43,0.72,8,0,10,30.0,2.4,0.95,2.1,4,45,1.15,0.55,1.9,1.1,0.65,0.55
4336ad4e-ca45-4550-bc8c-6ca286b1707f,7,6,1.9,101,ROCK,21,0,0,23,9,16,0.4,0.0,0.4,0.2,0.0,0.0,0.8,0.2,0.2,0.0,0.4,0.4,48,1,0,0,1,0,0,16,24,23,25,37,7.04,0.013,57,0.95,17,0,10,30.0,2.4,0.95,2.1,4,45,1.15,0.55,1.9,1.1,0.65,0.55
1b8247e1-16e6-40f3-930f-78e4d7e9c6f9,9,6,3.21,120,SCISSORS,0,0,27,32,41,50,0.333,0.0,0.667,0.0,0.167,0.0,0.5,0.333,0.333,0.0,0.167,0.5,123,1,0,1,0,0,0,66,87,63,90,113,8.28,0.028,40,0.67,13,0,10,30.0,2.4,0.95,2.1,4,45,1.15,0.55,1.9,1.1,0.65,0.55
6e1f4f88-177e-470f-b59d-48a90b393e15,7,3,1.79,91,SCISSORS,0,0,21,4,11,18,0.0,0.0,0.8,0.2,0.2,0.0,0.4,0.4,0.4,0.0,0.6,0.0,33,1,0,1,0,0,0,16,16,14,17,30,7.97,0.004,43,0.72,11,0,10,30.0,2.4,0.95,2.1,4,45,1.15,0.55,1.9,1.1,0.65,0.55
910383f3-13be-44d4-8dd6-1a2015df3743,7,4,4.78,230,ROCK,21,0,0,40,26,33,0.333,0.0,0.167,0.5,0.083,0.0,0.417,0.5,0.583,0.0,0.167,0.25,99,1,0,0,1,0,0,36,56,35,58,80,7.55,0.0,66,1.1,19,0,10,30.0,2.4,0.95,2.1,4,45,1.15,0.55,1.9,1.1,0.65,0.55
b52a0511-227b-41b3-97b3-253300a1911f,5,4,2.78,183,ROCK,15,0,0,17,7,12,0.5,0.0,0.1,0.4,0.0,0.0,0.7,0.3,0.3,0.0,0.2,0.5,36,1,0,0,1,0,0,7,20,11,20,30,5.5,0.0,99,1.65,13,0,10,30.0,2.4,0.95,2.1,4,45,1.15,0.55,1.9,1.1,0.65,0.55
5994f0ff-d165-4e6e-92e2-669f082b0ae9,8,3,3.87,182,ROCK,24,0,0,43,27,35,0.4,0.0,0.2,0.4,0.4,0.0,0.4,0.2,0.3,0.0,0.2,0.5,105,1,0,0,1,0,0,39,68,34,68,87,8.35,0.006,46,0.77,19,0,10,30.0,2.4,0.95,2.1,4,45,1.15,0.55,1.9,1.1,0.65,0.55
3bfb7777-6f0d-41b5-95b2-0d6b338a533b,8,3,2.04,83,ROCK,24,0,0,36,20,28,0.8,0.0,0.2,0.0,0.0,0.0,1.0,0.0,0.0,0.0,0.2,0.8,84,1,0,0,1,0,0,23,33,21,37,70,7.87,0.017,43,0.72,20,0,11,30.0,2.4,0.95,2.1,4,45,1.15,0.55,1.9,1.1,0.65,0.55
25a7e3ef-2c97-4494-b78c-56b421994b96,9,3,2.15,101,ROCK,27,0,0,27,9,18,0.6,0.0,0.2,0.2,0.0,0.0,1.0,0.0,0.0,0.0,0.4,0.6,54,0,0,0,0,0,0,14,27,18,27,41,8.28,0.0,61,1.02,23,0,11,30.0,2.4,0.95,2.1,4,45,1.15,0.55,1.9,1.1,0.65,0.55
45551773-eb03-49f5-acf6-67c7deb797bf,9,3,1.18,55,ROCK,27,0,0,20,2,11,0.667,0.0,0.333,0.0,0.0,0.0,1.0,0.0,0.0,0.0,0.333,0.667,33,1,0,0,1,0,0,10,13,10,13,24,6.3,0.0,43,0.72,16,0,11,30.0,2.4,0.95,2.1,4,45,1.15,0.55,1.9,1.1,0.65,0.55
d7f2dd2d-8151-43c3-a1aa-191f6dc24413,5,5,2.99,175,SCISSORS,0,0,15,13,18,23,0.111,0.0,0.333,0.556,0.222,0.0,0.111,0.667,0.222,0.0,0.111,0.667,54,1,0,1,0,0,0,23,35,21,33,42,5.48,0.0,43,0.72,8,0,11,30.0,2.4,0.95,2.1,4,45,1.15,0.55,1.9,1.1,0.65,0.55
ebe603b7-8f70-4161-8532-17e9c135cc76,8,5,4.2,184,ROCK,24,0,0,39,23,31,0.6,0.0,0.1,0.3,0.1,0.0,0.5,0.4,0.6,0.0,0.1,0.3,93,1,0,0,1,0,0,21,49,25,49,82,7.85,0.007,60,1.0,22,0,12,30.0,2.4,0.95,2.1,4,45,1.15,0.55,1.9,1.1,0.65,0.55
9d5ae848-417c-4481-8090-10599dbf2270,9,4,3.59,144,PAPER,0,27,0,33,42,24,0.25,0.0,0.25,0.5,0.25,0.0,0.25,0.5,0.375,0.0,0.5,0.125,99,1,1,0,0,0,0,28,67,26,69,88,8.29,0.01,40,0.67,22,0,14,30.0,2.4,0.95,2.1,4,45,1.15,0.55,1.9,1.1,0.65,0.55
bca0378f-a32a-47c8-954e-7555c8f1e0f4,8,5,1.68,81,PAPER,0,24,0,16,24,8,0.0,0.0,0.5,0.5,0.5,0.0,0.25,0.25,0.0,0.0,1.0,0.0,48,0,0,0,0,0,0,23,19,24,21,42,7.75,0.018,41,0.68,21,0,14,30.0,2.4,0.95,2.1,4,45,1.15,0.55,1.9,1.1,0.65,0.55
0166106a-331e-4056-b105-238ef2ffcac8,7,4,1.36,66,PAPER,0,21,0,13,20,6,0.0,0.0,0.5,0.5,0.5,0.0,0.25,0.25,0.0,0.0,1.0,0.0,39,1,1,0,0,0,0,11,18,16,17,30,6.69,0.028,30,0.5,17,0,14,30.0,2.4,0.95,2.1,4,45,1.15,0.55,1.9,1.1,0.65,0.55
93a11626-9342-41d0-a443-f57c8eab6637,5,4,2.25,130,ROCK,15,0,0,15,5,10,0.429,0.0,0.143,0.429,0.0,0.0,0.714,0.286,0.286,0.0,0.286,0.429,30,1,0,0,1,0,0,19,15,13,14,23,6.2,0.0,54,0.9,9,0,14,30.0,2.4,0.95,2.1,4,45,1.15,0.55,1.9,1.1,0.65,0.55
8d9a40a8-0d18-4d69-8501-d0b4b11b0eb8,6,4,3.69,193,SCISSORS,0,0,18,17,23,29,0.2,0.0,0.5,0.3,0.0,0.0,0.1,0.9,0.7,0.0,0.2,0.1,69,1,0,1,0,0,0,25,46,28,47,56,6.0,0.008,53,0.88,10,0,14,30.0,2.4,0.95,2.1,4,45,1.15,0.55,1.9,1.1,0.65,0.55
aa3bfa9f-0c37-46fd-9fd2-9306fe7682ee,9,4,1.15,46,SCISSORS,0,0,27,4,13,22,0.0,0.0,1.0,0.0,0.0,0.0,0.333,0.667,0.667,0.0,0.333,0.0,39,1,0,1,0,0,0,3,22,8,22,28,8.23,0.005,26,0.43,10,0,14,30.0,2.4,0.95,2.1,4,45,1.15,0.55,1.9,1.1,0.65,0.55
28b7536c-b94b-4d1c-a78b-3e00a6455454,6,4,4.14,208,PAPER,0,18,0,27,33,21,0.182,0.0,0.182,0.636,0.091,0.0,0.091,0.818,0.727,0.0,0.091,0.182,81,1,1,0,0,0,0,50,45,47,48,67,5.84,0.007,20,0.33,15,0,14,30.0,2.4,0.95,2.1,4,45,1.15,0.55,1.9,1.1,0.65,0.55
3189e4b3-b6d3-4fb2-84ae-bd5dffbf210b,5,6,4.07,222,PAPER,0,15,0,27,32,22,0.333,0.0,0.167,0.5,0.25,0.0,0.083,0.667,0.167,0.0,0.333,0.5,81,1,1,0,0,0,0,58,45,59,50,59,5.73,0.011,34,0.57,12,0,14,30.0,2.4,0.95,2.1,4,45,1.15,0.55,1.9,1.1,0.65,0.55
472ddaf2-500a-4950-8365-04a172ccdc6c,8,4,3.04,138,SCISSORS,0,0,24,9,17,25,0.143,0.0,0.286,0.571,0.286,0.0,0.286,0.429,0.714,0.0,0.286,0.0,51,1,0,1,0,0,0,16,35,16,36,45,8.1,0.024,10,0.17,2,0,14,30.0,2.4,0.95,2.1,4,45,1.15,0.55,1.9,1.1,0.65,0.55
804845d1-ad31-4198-a428-51f542df1bda,6,4,7.61,316,SCISSORS,0,0,18,11,17,23,0.125,0.0,0.25,0.625,0.562,0.0,0.062,0.375,0.75,0.0,0.125,0.125,51,1,0,1,0,0,0,16,19,17,20,38,5.98,0.013,52,0.87,13,0,14,30.0,2.4,0.95,2.1,4,45,1.15,0.55,1.9,1.1,0.65,0.55
78cdc4ca-52bb-4599-8c67-02aaa69f954b,5,3,2.62,139,SCISSORS,0,0,15,11,16,21,0.0,0.0,0.429,0.571,0.0,0.0,0.286,0.714,0.714,0.0,0.286,0.0,48,0,0,0,0,0,0,10,11,4,8,36,5.29,0.0,39,0.65,9,0,14,30.0,2.4,0.95,2.1,4,45,1.15,0.55,1.9,1.1,0.65,0.55
de22ecd1-1a29-4e45-8967-93fa54acd04a,5,4,5.49,308,ROCK,15,0,0,23,13,18,0.312,0.0,0.062,0.625,0.0,0.0,0.125,0.875,0.688,0.0,0.125,0.188,54,1,0,0,1,0,0,17,29,17,34,40,4.65,0.019,24,0.4,8,0,14,30.0,2.4,0.95,2.1,4,45,1.15,0.55,1.9,1.1,0.65,0.55
381b1f6d-86a1-4766-a181-07f1c0fd4efa,8,3,1.41,67,SCISSORS,0,0,24,5,13,21,0.0,0.0,0.75,0.25,0.0,0.0,0.5,0.5,0.5,0.0,0.5,0.0,39,1,0,1,0,0,0,11,23,15,23,31,7.41,0.015,35,0.58,14,0,14,30.0,2.4,0.95,2.1,4,45,1.15,0.55,1.9,1.1,0.65,0.55
6a8e55e4-330c-4f8c-b951-433a823acd6f,5,3,1.47,85,SCISSORS,0,0,15,4,9,14,0.0,0.0,0.8,0.2,0.0,0.0,0.4,0.6,0.8,0.0,0.2,0.0,27,0,0,0,0,0,0,13,13,11,12,15,5.04,0.012,41,0.68,6,0,14,30.0,2.4,0.95,2.1,4,45,1.15,0.55,1.9,1.1,0.65,0.55
d6121cb3-c03c-43bd-8a94-91aad32f965e,5,5,5.94,328,ROCK,15,0,0,27,17,22,0.353,0.0,0.059,0.588,0.176,0.0,0.235,0.588,0.294,0.0,0.059,0.647,66,1,0,0,1,0,0,20,18,17,19,48,5.35,0.005,36,0.6,10,0,14,30.0,2.4,0.95,2.1,4,45,1.15,0.55,1.9,1.1,0.65,0.55
8051745f-91c8-4130-bbfe-390e07eacf0f,9,4,1.57,64,PAPER,0,27,0,15,24,6,0.0,0.0,0.5,0.5,0.5,0.0,0.5,0.0,0.0,0.0,1.0,0.0,45,1,1,0,0,0,0,11,25,16,24,37,9.13,0.0,28,0.47,16,0,14,30.0,2.4,0.95,2.1,4,45,1.15,0.55,1.9,1.1,0.65,0.55
48ffdce8-c906-4625-ac55-d1955926880f,9,5,2.04,86,SCISSORS,0,0,27,11,20,29,0.0,0.0,1.0,0.0,0.2,0.0,0.2,0.6,0.6,0.0,0.4,0.0,60,1,0,1,0,0,0,23,42,20,43,53,7.47,0.013,50,0.83,12,0,14,30.0,2.4,0.95,2.1,4,45,1.15,0.55,1.9,1.1,0.65,0.55
8acd152d-8126-4c1e-b694-627619394da6,8,6,5.14,254,ROCK,24,0,0,40,24,32,0.462,0.0,0.077,0.462,0.154,0.0,0.462,0.385,0.538,0.0,0.0,0.462,96,1,0,0,1,0,0,41,51,44,53,75,7.22,0.002,78,1.3,23,0,14,30.0,2.4,0.95,2.1,4,45,1.15,0.55,1.9,1.1,0.65,0.55
79e50e79-26f3-4e6c-a9ce-b98553530167,5,6,3.57,206,PAPER,0,15,0,17,22,12,0.0,0.0,0.091,0.909,0.182,0.0,0.182,0.636,0.545,0.0,0.364,0.091,51,1,1,0,0,0,0,20,32,27,32,36,4.67,0.0,34,0.57,12,0,14,30.0,2.4,0.95,2.1,4,45,1.15,0.55,1.9,1.1,0.65,0.55
692f454a-2dd5-4ca8-a8bf-b4b3ac1ddb28,6,6,10.87,586,SCISSORS,0,0,18,51,57,63,0.333,0.0,0.133,0.533,0.167,0.0,0.067,0.767,0.5,0.0,0.067,0.433,171,1,0,1,0,0,0,80,131,79,126,129,5.98,0.004,46,0.77,15,0,14,30.0,2.4,0.95,2.1,4,45,1.15,0.55,1.9,1.1,0.65,0.55
7f00d805-7553-418c-bbda-d18ad131d9cd,8,5,5.57,261,ROCK,24,0,0,43,27,35,0.385,0.0,0.077,0.538,0.154,0.308,0.308,0.231,0.615,0.0,0.154,0.231,105,1,0,0,1,0,0,59,71,65,71,80,7.58,0.012,73,1.22,22,0,14,30.0,2.4,0.95,2.1,4,45,1.15,0.55,1.9,1.1,0.65,0.55
5c16fe94-738b-4a58-829f-6ad09bcf357b,8,4,1.11,44,ROCK,24,0,0,26,10,18,0.667,0.0,0.333,0.0,0.0,0.0,1.0,0.0,0.0,0.0,0.333,0.667,54,1,0,0,1,0,0,17,23,19,20,46,8.52,0.003,24,0.4,9,0,14,30.0,2.4,0.95,2.1,4,45,1.15,0.55,1.9,1.1,0.65,0.55
fcc6abb0-84a0-489f-9020-87f4a2b8520d,7,3,1.58,73,PAPER,0,21,0,13,20,6,0.25,0.0,0.5,0.25,0.25,0.0,0.75,0.0,0.0,0.0,0.75,0.25,39,1,1,0,0,0,0,12,18,9,19,31,6.9,0.0,17,0.28,10,0,14,30.0,2.4,0.95,2.1,4,45,1.15,0.55,1.9,1.1,0.65,0.55
b9a31a4c-7ae7-4141-8335-973b223a2d94,7,6,4.18,209,SCISSORS,0,0,21,15,22,29,0.364,0.0,0.455,0.182,0.273,0.0,0.182,0.545,0.273,0.0,0.182,0.545,66,1,0,1,0,0,0,31,42,28,41,55,6.26,0.013,65,1.08,16,0,14,30.0,2.4,0.95,2.1,4,45,1.15,0.55,1.9,1.1,0.65,0.55
7c6cb070-6db9-48c2-831f-41f64e05b4b4,5,5,1.5,85,ROCK,15,0,0,14,4,9,0.2,0.0,0.2,0.6,0.0,0.0,0.4,0.6,0.4,0.0,0.4,0.2,27,1,0,0,1,0,0,10,5,7,5,21,6.63,0.0,21,0.35,10,0,14,30.0,2.4,0.95,2.1,4,45,1.15,0.55,1.9,1.1,0.65,0.55
c0bef068-8fd4-4d7d-9dd9-289123c51cf8,5,6,3.96,227,ROCK,15,0,0,27,17,22,0.083,0.0,0.167,0.75,0.167,0.0,0.25,0.583,0.417,0.0,0.083,0.5,66,1,0,0,1,0,0,43,55,37,55,45,5.03,0.003,15,0.25,6,0,14,30.0,2.4,0.95,2.1,4,45,1.15,0.55,1.9,1.1,0.65,0.55
02029857-ce05-4bb8-bb4a-b9715afc8e65,9,6,1.19,60,ROCK,27,0,0,20,2,11,0.667,0.0,0.333,0.0,0.0,0.0,1.0,0.0,0.0,0.0,0.333,0.667,33,1,0,0,1,0,0,10,15,9,15,24,7.18,0.004,52,0.87,18,0,14,30.0,2.4,0.95,2.1,4,45,1.15,0.55,1.9,1.1,0.65,0.55
b94fdfb0-8e3b-40a9-b243-84353f155b92,9,5,3.04,125,PAPER,0,27,0,36,45,27,0.286,0.0,0.143,0.571,0.286,0.0,0.286,0.429,0.429,0.0,0.429,0.143,108,1,1,0,0,0,0,58,72,54,74,94,9.46,0.006,21,0.35,13,0,14,30.0,2.4,0.95,2.1,4,45,1.15,0.55,1.9,1.1,0.65,0.55
1022e8ab-1b70-4023-86d9-85061cef1703,8,6,1.86,81,ROCK,24,0,0,22,6,14,0.25,0.0,0.75,0.0,0.0,0.0,0.5,0.5,0.25,0.0,0.5,0.25,42,1,0,0,1,0,0,21,27,22,26,34,7.93,0.045,29,0.48,8,0,14,30.0,2.4,0.95,2.1,4,45,1.15,0.55,1.9,1.1,0.65,0.55
40044851-5906-4303-81ed-1add0853d0f9,6,4,1.27,73,SCISSORS,0,0,18,7,13,19,0.0,0.0,1.0,0.0,0.0,0.0,0.5,0.5,0.5,0.0,0.25,0.25,39,0,0,0,0,0,0,18,11,20,10,30,5.95,0.0,45,0.75,14,0,14,30.0,2.4,0.95,2.1,4,45,1.15,0.55,1.9,1.1,0.65,0.55
45233456-91e9-46ce-a545-6f0c34690878,9,5,6.65,289,SCISSORS,0,0,27,42,51,60,0.067,0.0,0.533,0.4,0.533,0.0,0.133,0.333,0.667,0.0,0.133,0.2,153,1,0,1,0,0,0,83,110,80,111,137,8.73,0.001,89,1.48,25,0,14,30.0,2.4,0.95,2.1,4,45,1.15,0.55,1.9,1.1,0.65,0.55
68d57e70-023c-4de3-8c42-1bace43bbb89,7,5,4.18,192,SCISSORS,0,0,21,33,40,47,0.1,0.0,0.2,0.7,0.2,0.0,0.2,0.6,0.6,0.0,0.2,0.2,120,1,0,1,0,0,0,63,84,54,78,100,7.04,0.0,12,0.2,6,0,14,30.0,2.4,0.95,2.1,4,45,1.15,0.55,1.9,1.1,0.65,0.55
57d2bbd1-ebe8-4905-bf8e-f9139f121ed2,6,4,1.55,76,SCISSORS,0,0,18,5,11,17,0.0,0.0,0.5,0.5,0.0,0.0,0.75,0.25,0.25,0.0,0.75,0.0,33,1,0,1,0,0,0,14,9,16,8,29,6.91,0.006,32,0.53,9,0,14,30.0,2.4,0.95,2.1,4,45,1.15,0.55,1.9,1.1,0.65,0.55
55540fdf-ceca-4657-8edf-fd229eda3c30,7,3,2.52,102,PAPER,0,21,0,23,30,16,0.5,0.0,0.333,0.167,0.5,0.0,0.167,0.333,0.5,0.0,0.167,0.333,69,1,1,0,0,0,0,26,41,23,41,64,7.83,0.02,14,0.23,9,0,14,30.0,2.4,0.95,2.1,4,45,1.15,0.55,1.9,1.1,0.65,0.55
db5d8ad3-1bc5-4e0f-a62a-7da25fd38cda,7,3,2.28,111,PAPER,0,21,0,15,22,8,0.5,0.0,0.333,0.167,0.333,0.0,0.333,0.333,0.167,0.0,0.5,0.333,45,1,1,0,0,0,0,17,25,15,26,39,7.73,0.006,23,0.38,4,0,14,30.0,2.4,0.95,2.1,4,45,1.15,0.55,1.9,1.1,0.65,0.55
76018e82-ea18-48e9-a46a-123cdb131cc5,6,4,2.31,135,PAPER,0,18,0,14,20,8,0.286,0.0,0.286,0.429,0.429,0.0,0.143,0.429,0.143,0.0,0.714,0.143,42,1,1,0,0,0,0,14,22,18,24,33,6.76,0.026,67,1.12,15,0,14,30.0,2.4,0.95,2.1,4,45,1.15,0.55,1.9,1.1,0.65,0.55
6ed1dab3-e9d8-43bb-b191-382322a8a548,7,6,2.88,135,PAPER,0,21,0,19,26,12,0.571,0.0,0.286,0.143,0.429,0.0,0.143,0.429,0.429,0.0,0.429,0.143,57,1,1,0,0,0,0,31,35,28,37,46,7.75,0.012,27,0.45,11,0,14,30.0,2.4,0.95,2.1,4,45,1.15,0.55,1.9,1.1,0.65,0.55
804bebfc-8e6f-4281-b6db-5db70f4dd120,7,4,3.57,168,ROCK,21,0,0,38,24,31,0.556,0.0,0.111,0.333,0.111,0.0,0.333,0.556,0.222,0.0,0.222,0.556,93,1,0,0,1,0,0,57,54,49,58,70,7.29,0.003,8,0.13,4,0,14,30.0,2.4,0.95,2.1,4,45,1.15,0.55,1.9,1.1,0.65,0.55
af08326d-7a77-44ed-bda2-eb55645c4c55,8,4,4.86,178,ROCK,24,0,0,81,65,73,0.111,0.0,0.222,0.667,0.222,0.0,0.444,0.333,0.667,0.0,0.222,0.111,219,1,0,0,1,0,0,58,90,65,91,200,8.62,0.011,30,0.5,18,0,14,30.0,2.4,0.95,2.1,4,45,1.15,0.55,1.9,1.1,0.65,0.55
39ee3c1d-193e-4762-a9dc-0f26036cc44e,5,5,2.05,122,SCISSORS,0,0,15,6,11,16,0.0,0.0,0.571,0.429,0.429,0.0,0.286,0.286,0.286,0.0,0.286,0.429,33,1,0,1,0,0,0,18,23,16,20,19,4.82,0.0,38,0.63,10,0,14,30.0,2.4,0.95,2.1,4,45,1.15,0.55,1.9,1.1,0.65,0.55
5fd4cdc4-2b7c-4bf2-b641-5c4b07aedadb,8,6,3.47,159,PAPER,0,24,0,27,35,19,0.625,0.0,0.375,0.0,0.125,0.0,0.25,0.625,0.375,0.0,0.125,0.5,81,1,1,0,0,0,0,47,65,49,67,65,6.95,0.017,15,0.25,7,0,14,30.0,2.4,0.95,2.1,4,45,1.15,0.55,1.9,1.1,0.65,0.55
4865bd5d-f8a9-40a9-be7f-29fcad8e0799,7,4,3.72,202,SCISSORS,0,0,21,15,22,29,0.0,0.0,0.455,0.545,0.545,0.0,0.182,0.273,0.273,0.0,0.182,0.545,66,1,0,1,0,0,0,15,28,13,28,47,6.79,0.015,46,0.77,15,0,14,30.0,2.4,0.95,2.1,4,45,1.15,0.55,1.9,1.1,0.65,0.55
3de438df-a8fb-4c78-9520-cf75142539b4,9,4,6.06,259,SCISSORS,0,0,27,37,46,55,0.308,0.0,0.385,0.308,0.231,0.0,0.308,0.462,0.385,0.0,0.154,0.462,138,1,0,1,0,0,0,59,83,52,84,125,9.62,0.008,71,1.18,22,0,14,30.0,2.4,0.95,2.1,4,45,1.15,0.55,1.9,1.1,0.65,0.55
3f83067b-c8fa-4cd2-9f22-7f81ebcf1247,9,3,5.19,197,SCISSORS,0,0,27,46,55,64,0.1,0.0,0.4,0.5,0.1,0.0,0.2,0.7,0.8,0.0,0.1,0.1,165,0,0,0,0,0,0,48,86,43,88,146,9.33,0.001,73,1.22,26,0,14,30.0,2.4,0.95,2.1,4,45,1.15,0.55,1.9,1.1,0.65,0.55
689fc9a4-267e-475b-9df8-931fc6f9eeac,5,6,2.81,148,SCISSORS,0,0,15,11,16,21,0.125,0.0,0.375,0.5,0.25,0.0,0.25,0.5,0.5,0.0,0.25,0.25,48,1,0,1,0,0,0,27,29,29,28,37,5.23,0.006,44,0.73,9,0,14,30.0,2.4,0.95,2.1,4,45,1.15,0.55,1.9,1.1,0.65,0.55
c8de3b3d-4cf7-49be-8a89-d39f2f7faf93,8,5,4.6,194,PAPER,0,24,0,38,46,30,0.4,0.0,0.1,0.5,0.1,0.0,0.2,0.7,0.3,0.0,0.1,0.6,114,1,1,0,0,0,0,41,73,41,76,93,8.58,0.0,10,0.17,2,0,14,30.0,2.4,0.95,2.1,4,45,1.15,0.55,1.9,1.1,0.65,0.55
8a0f3214-6b27-4e49-b349-dcf3a04a4a7f,9,5,2.24,94,SCISSORS,0,0,27,17,26,35,0.0,0.0,0.6,0.4,0.0,0.0,0.6,0.4,0.6,0.0,0.4,0.0,78,1,0,1,0,0,0,30,46,34,49,70,8.58,0.0,50,0.83,18,0,14,30.0,2.4,0.95,2.1,4,45,1.15,0.55,1.9,1.1,0.65,0.55
a26737b3-1c36-467f-a002-e8d803a2f053,7,6,6.03,302,PAPER,0,21,0,39,46,32,0.25,0.0,0.062,0.688,0.562,0.0,0.125,0.312,0.188,0.0,0.25,0.562,117,1,1,0,0,0,0,81,97,76,98,95,7.21,0.008,22,0.37,9,0,14,30.0,2.4,0.95,2.1,4,45,1.15,0.55,1.9,1.1,0.65,0.55
4535dd10-c866-4aa6-9478-ef26eee438b6,5,3,2.06,110,PAPER,0,15,0,13,18,8,0.0,0.0,0.167,0.833,0.0,0.0,0.333,0.667,0.167,0.0,0.167,0.667,39,1,1,0,0,0,0,14,15,12,18,28,4.56,0.0,6,0.1,4,0,14,30.0,2.4,0.95,2.1,4,45,1.15,0.55,1.9,1.1,0.65,0.55
53d52bb4-9c0c-4a0a-a28f-9f0051a1a561,9,4,1.29,58,SCISSORS,0,0,27,3,12,21,0.0,0.0,1.0,0.0,0.0,0.0,0.333,0.667,0.667,0.0,0.333,0.0,36,1,0,1,0,0,0,6,19,5,20,24,7.14,0.008,38,0.63,13,0,14,30.0,2.4,0.95,2.1,4,45,1.15,0.55,1.9,1.1,0.65,0.55
645c58e1-1dba-4a4d-b863-d30a1ae9b36b,7,3,2.3,110,PAPER,0,21,0,20,27,13,0.0,0.0,0.167,0.833,0.5,0.0,0.167,0.333,0.5,0.0,0.333,0.167,60,0,0,0,0,0,0,29,40,31,40,46,6.78,0.005,34,0.57,15,0,14,30.0,2.4,0.95,2.1,4,45,1.15,0.55,1.9,1.1,0.65,0.55
a02cbe3f-4edc-4d74-b71e-84e0c5b0801f,6,4,5.22,278,SCISSORS,0,0,18,21,27,33,0.429,0.0,0.214,0.357,0.286,0.0,0.143,0.571,0.429,0.0,0.143,0.429,81,1,0,1,0,0,0,51,66,52,68,64,5.9,0.004,38,0.63,11,0,14,30.0,2.4,0.95,2.1,4,45,1.15,0.55,1.9,1.1,0.65,0.55
9a0c6567-bbfe-4c41-8e5a-54bf6f0cb62c,6,6,4.56,262,SCISSORS,0,0,18,12,18,24,0.143,0.0,0.571,0.286,0.357,0.0,0.143,0.5,0.429,0.0,0.143,0.429,54,1,0,1,0,0,0,29,32,34,35,43,5.61,0.022,98,1.63,17,0,14,30.0,2.4,0.95,2.1,4,45,1.15,0.55,1.9,1.1,0.65,0.55
e62eed7a-17f3-4b71-9278-dbf149029def,8,6,1.66,73,PAPER,0,24,0,19,27,11,0.0,0.0,0.5,0.5,0.5,0.0,0.5,0.0,0.0,0.0,0.5,0.5,57,0,0,0,0,0,0,24,31,26,33,43,7.75,0.005,21,0.35,1,0,14,30.0,2.4,0.95,2.1,4,45,1.15,0.55,1.9,1.1,0.65,0.55
24556818-7a0a-4ba2-9297-ce902a4609b0,7,4,6.13,286,SCISSORS,0,0,21,49,56,63,0.0,0.0,0.267,0.733,0.667,0.0,0.2,0.133,0.4,0.0,0.133,0.467,168,0,0,0,0,0,0,51,83,55,90,148,7.2,0.01,30,0.5,14,0,14,30.0,2.4,0.95,2.1,4,45,1.15,0.55,1.9,1.1,0.65,0.55
daacfa29-3881-429f-aa9e-9abeeed17a55,8,6,3.47,152,PAPER,0,24,0,35,43,27,0.625,0.0,0.25,0.125,0.25,0.0,0.125,0.625,0.375,0.0,0.375,0.25,105,1,1,0,0,0,0,85,87,75,86,93,7.29,0.027,24,0.4,15,0,14,30.0,2.4,0.95,2.1,4,45,1.15,0.55,1.9,1.1,0.65,0.55
d84c6398-f883-4033-83e6-5b61f6e6ceaf,5,3,1.36,74,PAPER,0,15,0,9,14,4,0.0,0.0,0.75,0.25,0.5,0.0,0.5,0.0,0.0,0.0,0.5,0.5,27,1,1,0,0,0,0,6,11,5,9,24,6.15,0.0,18,0.3,4,0,14,30.0,2.4,0.95,2.1,4,45,1.15,0.55,1.9,1.1,0.65,0.55
d4fe7855-bf65-405a-997b-2d1ba5a26705,8,6,3.83,161,ROCK,24,0,0,40,24,32,0.5,0.0,0.25,0.25,0.125,0.0,0.25,0.625,0.125,0.0,0.25,0.625,96,1,0,0,1,0,0,42,68,36,69,81,8.33,0.013,21,0.35,4,0,14,30.0,2.4,0.95,2.1,4,45,1.15,0.55,1.9,1.1,0.65,0.55
94a130ef-de16-4549-922b-bb4dbe407926,8,4,2.56,115,SCISSORS,0,0,24,17,25,33,0.167,0.0,0.667,0.167,0.167,0.0,0.167,0.667,0.667,0.0,0.333,0.0,75,1,0,1,0,0,0,26,43,27,42,67,9.55,0.0,39,0.65,7,0,14,30.0,2.4,0.95,2.1,4,45,1.15,0.55,1.9,1.1,0.65,0.55
8de1f80b-bf19-45bd-953c-8a06234b2fee,5,4,0.9,52,PAPER,0,15,0,6,11,1,0.0,0.0,0.667,0.333,0.333,0.0,0.667,0.0,0.0,0.0,0.667,0.333,18,1,1,0,0,0,0,6,10,6,10,16,6.72,0.022,12,0.2,7,0,14,30.0,2.4,0.95,2.1,4,45,1.15,0.55,1.9,1.1,0.65,0.55
4de18454-faf7-4109-a6c6-78808260c481,5,4,1.27,81,ROCK,15,0,0,12,2,7,0.5,0.0,0.5,0.0,0.25,0.0,0.5,0.25,0.0,0.0,0.5,0.5,21,1,0,0,1,0,0,8,10,13,9,17,5.43,0.0,57,0.95,10,0,14,30.0,2.4,0.95,2.1,4,45,1.15,0.55,1.9,1.1,0.65,0.55
6ad91f82-8a45-42e7-9e38-29abae615934,8,6,2.24,114,SCISSORS,0,0,24,13,21,29,0.0,0.0,1.0,0.0,0.167,0.0,0.333,0.5,0.5,0.0,0.333,0.167,63,1,0,1,0,0,0,35,38,30,38,47,6.54,0.023,62,1.03,20,0,14,30.0,2.4,0.95,2.1,4,45,1.15,0.55,1.9,1.1,0.65,0.55
c0e62a77-bf1e-43a3-83f9-3a52696fa552,8,4,1.35,61,SCISSORS,0,0,24,10,18,26,0.0,0.0,0.667,0.333,0.0,0.0,0.667,0.333,0.333,0.0,0.667,0.0,54,1,0,1,0,0,0,26,35,24,35,41,7.91,0.0,29,0.48,10,0,14,30.0,2.4,0.95,2.1,4,45,1.15,0.55,1.9,1.1,0.65,0.55
0ce36174-e131-4ee6-bf16-e13d84643caf,6,3,1.92,93,SCISSORS,0,0,18,15,21,27,0.0,0.0,0.6,0.4,0.2,0.0,0.4,0.4,0.6,0.0,0.4,0.0,63,1,0,1,0,0,0,24,31,23,32,55,6.56,0.0,33,0.55,14,0,14,30.0,2.4,0.95,2.1,4,45,1.15,0.55,1.9,1.1,0.65,0.55
d6206f7e-b49d-4977-ac61-132df7aa5526,9,4,1.5,58,SCISSORS,0,0,27,13,22,31,0.0,0.0,0.667,0.333,0.0,0.0,0.667,0.333,0.333,0.0,0.667,0.0,66,0,0,0,0,0,0,20,42,20,41,54,7.76,0.0,30,0.5,9,0,14,30.0,2.4,0.95,2.1,4,45,1.15,0.55,1.9,1.1,0.65,0.55
210309d6-4055-4353-91f7-5bf09cb6223a,5,4,2.31,138,PAPER,0,15,0,18,23,13,0.286,0.0,0.286,0.429,0.429,0.0,0.143,0.429,0.0,0.0,0.714,0.286,54,1,1,0,0,0,0,26,20,24,20,40,5.54,0.003,74,1.23,14,0,14,30.0,2.4,0.95,2.1,4,45,1.15,0.55,1.9,1.1,0.65,0.55
68a2c22a-bf37-4052-87ef-2a1e90736b3b,5,6,1.82,113,SCISSORS,0,0,15,6,11,16,0.0,0.0,0.833,0.167,0.167,0.0,0.333,0.5,0.5,0.0,0.167,0.333,33,1,0,1,0,0,0,12,22,18,22,21,3.94,0.01,61,1.02,11,0,14,30.0,2.4,0.95,2.1,4,45,1.15,0.55,1.9,1.1,0.65,0.55
d67388f8-3cd7-47ec-9a71-992031aee6fc,5,3,0.62,35,SCISSORS,0,0,15,2,7,12,0.0,0.0,1.0,0.0,0.0,0.0,0.5,0.5,0.5,0.0,0.5,0.0,21,0,0,0,0,0,0,9,10,7,10,15,4.81,0.016,19,0.32,6,0,14,30.0,2.4,0.95,2.1,4,45,1.15,0.55,1.9,1.1,0.65,0.55
05f7ad10-09b5-48e5-b065-4c9a9dacf64b,6,5,1.29,56,SCISSORS,0,0,18,11,17,23,0.0,0.0,1.0,0.0,0.0,0.0,0.333,0.667,0.333,0.0,0.667,0.0,51,1,0,1,0,0,0,28,17,21,16,44,8.43,0.024,16,0.27,6,0,14,30.0,2.4,0.95,2.1,4,45,1.15,0.55,1.9,1.1,0.65,0.55
53a17f4e-5c39-4d1d-8f50-c2ef426d232a,9,6,9.88,412,PAPER,0,27,0,102,111,93,0.571,0.0,0.095,0.333,0.476,0.0,0.143,0.381,0.238,0.0,0.19,0.571,306,1,1,0,0,0,0,153,215,151,208,272,9.05,0.012,40,0.67,20,0,15,30.0,2.4,0.95,2.1,4,45,1.15,0.55,1.9,1.1,0.65,0.55
7fa57845-47fe-4e8d-87d1-eb2b552ced52,7,4,1.84,84,PAPER,0,21,0,18,25,11,0.0,0.0,0.4,0.6,0.2,0.0,0.8,0.0,0.0,0.0,0.8,0.2,54,1,1,0,0,0,0,16,27,20,23,45,7.98,0.0,20,0.33,9,0,15,30.0,2.4,0.95,2.1,4,45,1.15,0.55,1.9,1.1,0.65,0.55
fd886049-0c4b-431f-963d-6145200d5a84,6,3,2.62,127,PAPER,0,18,0,18,24,12,0.0,0.0,0.143,0.857,0.714,0.0,0.0,0.286,0.429,0.0,0.571,0.0,54,1,1,0,0,0,0,16,30,13,30,46,6.33,0.006,7,0.12,5,0,15,30.0,2.4,0.95,2.1,4,45,1.15,0.55,1.9,1.1,0.65,0.55
8f36962d-5370-4e61-a5f0-0f358c626362,6,5,2.84,162,PAPER,0,18,0,12,18,6,0.0,0.0,0.333,0.667,0.778,0.0,0.222,0.0,0.0,0.0,0.333,0.667,36,1,1,0,0,0,0,10,15,10,17,27,6.22,0.006,10,0.17,5,0,15,30.0,2.4,0.95,2.1,4,45,1.15,0.55,1.9,1.1,0.65,0.55
6407d924-1668-4f8d-b254-1c32a89dc1cc,5,6,2.74,174,PAPER,0,15,0,10,15,5,0.111,0.0,0.111,0.778,0.333,0.0,0.222,0.444,0.0,0.0,0.222,0.778,30,0,0,0,0,0,0,11,14,12,14,22,5.43,0.0,26,0.43,3,0,15,30.0,2.4,0.95,2.1,4,45,1.15,0.55,1.9,1.1,0.65,0.55
92b5a69c-4adb-450e-9f41-806609a20f4f,7,4,2.32,108,PAPER,0,21,0,21,28,14,0.167,0.0,0.167,0.667,0.333,0.0,0.333,0.333,0.0,0.0,0.5,0.5,63,1,1,0,0,0,0,20,14,19,15,56,7.75,0.005,40,0.67,18,0,15,30.0,2.4,0.95,2.1,4,45,1.15,0.55,1.9,1.1,0.65,0.55
0cbed1cf-d36d-4c27-857a-636fba913d3b,5,5,0.88,50,ROCK,15,0,0,12,2,7,0.333,0.0,0.667,0.0,0.0,0.0,0.667,0.333,0.0,0.0,0.667,0.333,21,1,0,0,1,0,0,9,9,10,9,14,5.0,0.039,14,0.23,4,0,15,30.0,2.4,0.95,2.1,4,45,1.15,0.55,1.9,1.1,0.65,0.55
e4a567d1-d323-4455-84e7-8a71a4db3a2f,8,5,0.94,41,PAPER,0,24,0,14,22,6,0.0,0.0,1.0,0.0,0.0,0.0,1.0,0.0,0.0,0.0,0.5,0.5,42,1,1,0,0,0,0,28,29,27,31,33,6.83,0.034,17,0.28,9,0,15,30.0,2.4,0.95,2.1,4,45,1.15,0.55,1.9,1.1,0.65,0.55
8eaa675d-4e74-4586-9381-05b97c5c84bb,7,3,1.14,50,PAPER,0,21,0,12,19,5,0.0,0.0,0.667,0.333,0.333,0.0,0.667,0.0,0.0,0.0,0.667,0.333,36,2,2,0,0,0,0,9,15,11,16,27,6.72,0.0,22,0.37,15,0,15,30.0,2.4,0.95,2.1,4,45,1.15,0.55,1.9,1.1,0.65,0.55
ee308ba7-b37f-484b-a042-f70f4fb0487a,5,6,6.95,409,ROCK,15,0,0,36,26,31,0.286,0.0,0.048,0.667,0.095,0.0,0.095,0.81,0.429,0.0,0.095,0.476,93,1,0,0,1,0,0,48,64,45,65,68,5.3,0.003,21,0.35,3,0,15,30.0,2.4,0.95,2.1,4,45,1.15,0.55,1.9,1.1,0.65,0.55
c20afe24-2c58-456e-b5d4-bc5156927fb5,5,3,0.76,42,PAPER,0,15,0,9,14,4,0.0,0.0,0.333,0.667,0.667,0.0,0.333,0.0,0.0,0.0,1.0,0.0,27,1,1,0,0,0,0,4,1,4,1,19,5.33,0.0,26,0.43,10,0,15,30.0,2.4,0.95,2.1,4,45,1.15,0.55,1.9,1.1,0.65,0.55
94c90b80-6954-46fc-be70-28f4f51932d2,7,4,0.79,44,ROCK,21,0,0,14,0,7,0.667,0.0,0.333,0.0,0.0,0.0,1.0,0.0,0.0,0.0,0.333,0.667,21,1,0,0,1,0,0,4,7,5,7,14,5.71,0.0,40,0.67,14,0,15,30.0,2.4,0.95,2.1,4,45,1.15,0.55,1.9,1.1,0.65,0.55
56cf58f5-1784-46af-b7df-91bbf87e2161,6,4,4.97,263,ROCK,18,0,0,30,18,24,0.643,0.0,0.071,0.286,0.0,0.0,0.286,0.714,0.429,0.071,0.143,0.357,72,1,0,0,1,0,0,27,42,21,43,56,6.43,0.007,27,0.45,11,0,15,30.0,2.4,0.95,2.1,4,45,1.15,0.55,1.9,1.1,0.65,0.55
7b31e40a-40e2-4a18-a3e1-74cbbc03f1eb,7,3,7.57,381,SCISSORS,0,0,21,34,41,48,0.316,0.0,0.263,0.421,0.526,0.0,0.0,0.474,0.368,0.0,0.105,0.526,123,1,0,1,0,0,0,42,57,40,59,95,7.12,0.001,89,1.48,20,0,15,30.0,2.4,0.95,2.1,4,45,1.15,0.55,1.9,1.1,0.65,0.55
dc647be2-278d-4675-b26e-a3014ac3dfb3,6,6,2.08,123,SCISSORS,0,0,18,9,15,21,0.143,0.0,0.857,0.0,0.143,0.0,0.286,0.571,0.571,0.0,0.143,0.286,45,1,0,1,0,0,0,19,16,25,16,35,6.22,0.004,63,1.05,14,0,15,30.0,2.4,0.95,2.1,4,45,1.15,0.55,1.9,1.1,0.65,0.55
f641c2ef-4751-4483-bca1-9bfd7976427d,8,5,2.64,120,SCISSORS,0,0,24,17,25,33,0.0,0.0,0.667,0.333,0.167,0.0,0.5,0.333,0.333,0.0,0.333,0.333,75,1,0,1,0,0,0,37,59,31,56,65,7.52,0.006,40,0.67,11,0,15,30.0,2.4,0.95,2.1,4,45,1.15,0.55,1.9,1.1,0.65,0.55
049686ad-62b4-4391-a41c-e4c59214faab,9,5,6.42,253,ROCK,27,0,0,91,73,82,0.077,0.0,0.154,0.769,0.692,0.0,0.308,0.0,0.308,0.0,0.231,0.462,246,1,0,0,1,0,0,128,192,126,195,230,9.43,0.001,21,0.35,6,0,15,30.0,2.4,0.95,2.1,4,45,1.15,0.55,1.9,1.1,0.65,0.55
d799557b-01d5-4a98-85c9-f75ca1b6554e,6,3,1.22,67,ROCK,18,0,0,16,4,10,0.5,0.0,0.25,0.25,0.0,0.0,0.75,0.25,0.0,0.0,0.5,0.5,30,1,0,0,1,0,0,5,10,6,9,24,6.3,0.004,31,0.52,4,0,15,30.0,2.4,0.95,2.1,4,45,1.15,0.55,1.9,1.1,0.65,0.55
a00521ba-c2ce-47c8-9eb8-9fe6788d06ec,8,4,2.19,99,PAPER,0,24,0,22,30,14,0.2,0.0,0.2,0.6,0.6,0.0,0.4,0.0,0.2,0.0,0.4,0.4,66,1,1,0,0,0,0,30,29,29,32,55,7.32,0.0,23,0.38,13,0,15,30.0,2.4,0.95,2.1,4,45,1.15,0.55,1.9,1.1,0.65,0.55
7201335d-ab4d-4686-a001-d208587c6486,7,6,6.16,301,PAPER,0,21,0,45,52,38,0.267,0.0,0.133,0.6,0.533,0.0,0.2,0.267,0.533,0.0,0.133,0.333,135,1,1,0,0,0,0,73,106,78,108,113,6.67,0.008,13,0.22,4,0,15,30.0,2.4,0.95,2.1,4,45,1.15,0.55,1.9,1.1,0.65,0.55
b98b16c8-315f-429b-b654-fb191adcc789,8,3,3.42,169,SCISSORS,0,0,24,13,21,29,0.333,0.0,0.556,0.111,0.333,0.0,0.333,0.333,0.333,0.0,0.222,0.444,63,0,0,0,0,0,0,15,28,14,30,51,6.25,0.007,61,1.02,22,0,15,30.0,2.4,0.95,2.1,4,45,1.15,0.55,1.9,1.1,0.65,0.55
1e68663d-522a-44c6-85e3-0ea572fee687,6,4,3.48,178,ROCK,18,0,0,31,19,25,0.222,0.0,0.111,0.667,0.333,0.0,0.333,0.333,0.222,0.0,0.333,0.444,75,1,0,0,1,0,0,20,17,28,17,64,7.11,0.0,38,0.63,16,0,15,30.0,2.4,0.95,2.1,4,45,1.15,0.55,1.9,1.1,0.65,0.55
675bfe14-30ee-486d-93e7-158cdecddd20,8,6,2.7,124,SCISSORS,0,0,24,19,27,35,0.0,0.0,0.714,0.286,0.143,0.0,0.429,0.429,0.571,0.0,0.429,0.0,81,1,0,1,0,0,0,33,50,34,49,64,8.15,0.011,48,0.8,10,0,15,30.0,2.4,0.95,2.1,4,45,1.15,0.55,1.9,1.1,0.65,0.55
625214ad-2393-495b-8d28-8b3dfa2a8f79,9,6,1.04,44,ROCK,27,0,0,21,3,12,0.333,0.0,0.667,0.0,0.0,0.0,0.667,0.333,0.0,0.0,0.667,0.333,36,1,0,0,1,0,0,23,29,15,29,28,8.06,0.007,20,0.33,5,0,15,30.0,2.4,0.95,2.1,4,45,1.15,0.55,1.9,1.1,0.65,0.55
80f3d819-6b2d-41ab-a1d8-c4c445f9342f,5,5,3.25,184,ROCK,15,0,0,25,15,20,0.2,0.0,0.0,0.8,0.5,0.0,0.2,0.3,0.0,0.0,0.2,0.8,60,1,0,0,1,0,0,34,33,32,35,44,5.32,0.0,20,0.33,5,0,15,30.0,2.4,0.95,2.1,4,45,1.15,0.55,1.9,1.1,0.65,0.55
dd392cd1-0bed-4ce3-9566-fddcf1265712,9,3,6.05,270,ROCK,27,0,0,51,33,42,0.5,0.0,0.0,0.5,0.429,0.0,0.357,0.214,0.5,0.0,0.143,0.357,126,1,0,0,1,0,0,48,77,41,80,112,8.21,0.003,54,0.9,23,0,15,30.0,2.4,0.95,2.1,4,45,1.15,0.55,1.9,1.1,0.65,0.55
1ac268f6-8fb1-4fa2-85b5-01f0519979ce,5,5,1.67,97,PAPER,0,15,0,11,16,6,0.0,0.0,0.2,0.8,0.2,0.0,0.4,0.4,0.0,0.0,0.8,0.2,33,1,1,0,0,0,0,16,18,17,16,24,5.45,0.0,33,0.55,10,0,15,30.0,2.4,0.95,2.1,4,45,1.15,0.55,1.9,1.1,0.65,0.55
18ee2aa7-91dc-4cb4-a32b-0b27e20a8795,7,3,12.96,653,ROCK,21,0,0,85,71,78,0.455,0.0,0.061,0.485,0.515,0.0,0.091,0.394,0.333,0.0,0.061,0.606,234,1,0,0,1,0,0,95,139,103,147,199,6.71,0.003,37,0.62,19,0,15,30.0,2.4,0.95,2.1,4,45,1.15,0.55,1.9,1.1,0.65,0.55
b9605dcb-ebe5-43e3-a203-c825ad669b14,9,5,1.5,67,PAPER,0,27,0,22,31,13,0.0,0.0,0.5,0.5,0.5,0.0,0.25,0.25,0.0,0.0,0.75,0.25,66,1,1,0,0,0,0,31,35,34,35,49,8.36,0.004,39,0.65,19,0,15,30.0,2.4,0.95,2.1,4,45,1.15,0.55,1.9,1.1,0.65,0.55
a4a52e69-abf4-4963-8f00-fe4fcb5c72af,6,4,1.6,84,SCISSORS,0,0,18,8,14,20,0.0,0.0,0.8,0.2,0.0,0.0,0.4,0.6,0.6,0.0,0.4,0.0,42,1,0,1,0,0,0,9,22,9,23,32,4.88,0.0,44,0.73,12,0,15,30.0,2.4,0.95,2.1,4,45,1.15,0.55,1.9,1.1,0.65,0.55
d4dc07ab-07cd-4f09-812d-ee06e7331a50,8,6,3.16,140,PAPER,0,24,0,28,36,20,0.429,0.0,0.143,0.429,0.143,0.0,0.571,0.286,0.286,0.0,0.286,0.429,84,1,1,0,0,0,0,52,57,42,56,71,7.42,0.012,32,0.53,20,0,15,30.0,2.4,0.95,2.1,4,45,1.15,0.55,1.9,1.1,0.65,0.55
d9d00298-1118-455b-a804-0b7451d8c321,9,4,2.92,129,SCISSORS,0,0,27,17,26,35,0.0,0.0,1.0,0.0,0.143,0.0,0.286,0.571,0.571,0.0,0.429,0.0,78,1,0,1,0,0,0,28,56,35,55,70,8.03,0.026,81,1.35,19,0,15,30.0,2.4,0.95,2.1,4,45,1.15,0.55,1.9,1.1,0.65,0.55
7225f8e6-8257-48a1-a400-10ff1abec1f6,5,6,4.11,258,SCISSORS,0,0,15,12,17,22,0.231,0.0,0.385,0.385,0.077,0.0,0.154,0.769,0.462,0.0,0.077,0.462,51,1,0,1,0,0,0,25,26,28,26,40,5.06,0.012,82,1.37,13,0,15,30.0,2.4,0.95,2.1,4,45,1.15,0.55,1.9,1.1,0.65,0.55
7e9bc1e3-d728-4113-a9ee-7b2c7ebc26dc,9,5,2.24,100,SCISSORS,0,0,27,20,29,38,0.0,0.0,0.8,0.2,0.0,0.0,0.6,0.4,0.4,0.0,0.4,0.2,87,1,0,1,0,0,0,48,48,45,47,67,7.24,0.004,56,0.93,24,0,15,30.0,2.4,0.95,2.1,4,45,1.15,0.55,1.9,1.1,0.65,0.55
073ee901-f7e4-4eff-8778-3ca0f35cf44c,7,5,1.58,80,PAPER,0,21,0,12,19,5,0.25,0.0,0.25,0.5,0.25,0.0,0.75,0.0,0.0,0.0,0.5,0.5,36,1,1,0,0,0,0,21,27,16,26,29,7.58,0.0,12,0.2,2,0,15,30.0,2.4,0.95,2.1,4,45,1.15,0.55,1.9,1.1,0.65,0.55
e43d58fb-1919-4fd1-a0b3-68ed1a3d75ed,7,6,5.29,254,SCISSORS,0,0,21,44,51,58,0.154,0.0,0.231,0.615,0.462,0.0,0.154,0.385,0.385,0.0,0.077,0.538,153,1,0,1,0,0,0,70,106,72,108,132,6.97,0.009,18,0.3,11,0,15,30.0,2.4,0.95,2.1,4,45,1.15,0.55,1.9,1.1,0.65,0.55
858ef7f3-1e4c-4011-9fc2-d7c318cff17d,6,4,1.04,60,ROCK,18,0,0,14,2,8,0.333,0.0,0.667,0.0,0.0,0.0,0.667,0.333,0.0,0.0,0.667,0.333,24,1,0,0,1,0,0,10,9,8,9,18,5.12,0.0,32,0.53,13,0,15,30.0,2.4,0.95,2.1,4,45,1.15,0.55,1.9,1.1,0.65,0.55
0e2d65dd-9d09-474e-8ab4-8ebfecc285ae,8,3,5.09,244,SCISSORS,0,0,24,26,34,42,0.385,0.0,0.385,0.231,0.231,0.0,0.077,0.692,0.615,0.0,0.154,0.231,102,1,0,1,0,0,0,44,58,47,57,82,7.67,0.006,80,1.33,23,0,15,30.0,2.4,0.95,2.1,4,45,1.15,0.55,1.9,1.1,0.65,0.55
d2ebb001-8a41-43a4-a4dc-b2fde2e9e9bf,6,4,2.46,128,PAPER,0,18,0,14,20,8,0.429,0.0,0.143,0.429,0.143,0.0,0.286,0.571,0.143,0.0,0.286,0.571,42,0,0,0,0,0,0,20,32,20,32,31,5.14,0.008,16,0.27,8,0,15,30.0,2.4,0.95,2.1,4,45,1.15,0.55,1.9,1.1,0.65,0.55
ccf57c1a-6b18-4e2e-a6fb-431a62506b77,9,6,3.08,138,SCISSORS,0,0,27,22,31,40,0.0,0.0,0.714,0.286,0.714,0.0,0.0,0.286,0.286,0.0,0.286,0.429,93,1,0,1,0,0,0,43,64,41,63,73,7.91,0.005,50,0.83,17,0,15,30.0,2.4,0.95,2.1,4,45,1.15,0.55,1.9,1.1,0.65,0.55
c45cdbb6-3a4d-40b8-b45f-3216eeb1cb7c,8,4,3.62,141,SCISSORS,0,0,24,32,40,48,0.0,0.0,0.429,0.571,0.571,0.0,0.286,0.143,0.429,0.0,0.143,0.429,120,0,0,0,0,0,0,50,73,46,75,100,8.22,0.002,25,0.42,8,0,15,30.0,2.4,0.95,2.1,4,45,1.15,0.55,1.9,1.1,0.65,0.55
f714b80d-6689-4fe4-8770-117cc282b0f7,6,4,1.18,63,PAPER,0,18,0,16,22,10,0.0,0.0,0.5,0.5,0.5,0.0,0.5,0.0,0.0,0.0,0.75,0.25,48,1,1,0,0,0,0,20,28,26,29,35,5.46,0.011,31,0.52,13,0,15,30.0,2.4,0.95,2.1,4,45,1.15,0.55,1.9,1.1,0.65,0.55
6aabb790-6d03-4eaf-ae7b-fc763fa85b3a,6,4,4.47,279,SCISSORS,0,0,18,11,17,23,0.286,0.0,0.5,0.214,0.286,0.0,0.071,0.643,0.357,0.0,0.143,0.5,51,0,0,0,0,0,0,16,16,18,17,39,6.31,0.002,111,1.85,17,0,15,30.0,2.4,0.95,2.1,4,45,1.15,0.55,1.9,1.1,0.65,0.55
9acc4bb5-ab62-4563-917b-54501f6e3e76,6,5,1.59,78,SCISSORS,0,0,18,10,16,22,0.25,0.0,0.75,0.0,0.0,0.0,0.75,0.25,0.25,0.0,0.5,0.25,48,0,0,0,0,0,0,20,31,24,32,37,6.23,0.02,18,0.3,11,0,15,30.0,2.4,0.95,2.1,4,45,1.15,0.55,1.9,1.1,0.65,0.55
bb68a576-42f0-4e51-8e5d-1fa2745134bc,5,3,2.87,183,SCISSORS,0,0,15,11,16,21,0.3,0.0,0.6,0.1,0.2,0.0,0.1,0.7,0.4,0.0,0.1,0.5,48,1,0,1,0,0,0,17,24,23,24,31,4.9,0.009,71,1.18,14,0,15,30.0,2.4,0.95,2.1,4,45,1.15,0.55,1.9,1.1,0.65,0.55
fc1a4fd0-4361-4ba5-a1a2-2dfc2cd84cc7,8,3,3.63,159,PAPER,0,24,0,38,46,30,0.0,0.0,0.125,0.875,0.375,0.0,0.375,0.25,0.0,0.0,0.375,0.625,114,1,1,0,0,0,0,41,69,51,70,99,9.22,0.0,19,0.32,11,0,15,30.0,2.4,0.95,2.1,4,45,1.15,0.55,1.9,1.1,0.65,0.55
78c57702-689f-42a9-a928-12df60281c5d,6,6,1.53,82,SCISSORS,0,0,18,7,13,19,0.0,0.0,1.0,0.0,0.0,0.0,0.4,0.6,0.6,0.0,0.4,0.0,39,1,0,1,0,0,0,23,24,24,25,33,6.74,0.038,46,0.77,11,0,15,30.0,2.4,0.95,2.1,4,45,1.15,0.55,1.9,1.1,0.65,0.55
5a4d7bf6-19af-4c81-9067-5e5417299fba,7,6,3.59,187,SCISSORS,0,0,21,15,22,29,0.0,0.0,0.5,0.5,0.4,0.0,0.3,0.3,0.8,0.0,0.2,0.0,66,1,0,1,0,0,0,37,51,40,53,53,6.73,0.008,55,0.92,11,0,15,30.0,2.4,0.95,2.1,4,45,1.15,0.55,1.9,1.1,0.65,0.55
05795f13-7d74-4b64-9f45-5a00365790a6,9,3,1.83,84,SCISSORS,0,0,27,11,20,29,0.0,0.0,1.0,0.0,0.0,0.0,0.4,0.6,0.6,0.0,0.4,0.0,60,1,0,1,0,0,0,21,22,17,29,53,7.73,0.021,44,0.73,22,0,15,30.0,2.4,0.95,2.1,4,45,1.15,0.55,1.9,1.1,0.65,0.55
bf7508fc-29cd-4c7d-ac98-c05e81b675da,9,6,3.85,155,PAPER,0,27,0,47,56,38,0.25,0.0,0.25,0.5,0.25,0.0,0.375,0.375,0.375,0.0,0.5,0.125,141,1,1,0,0,0,0,76,112,77,107,136,9.17,0.039,47,0.78,19,0,15,30.0,2.4,0.95,2.1,4,45,1.15,0.55,1.9,1.1,0.65,0.55
e89677f1-f32f-4ff6-828c-2efaf755dad3,6,4,2.38,126,PAPER,0,18,0,14,20,8,0.0,0.0,0.286,0.714,0.857,0.0,0.143,0.0,0.286,0.0,0.286,0.429,42,1,1,0,0,0,0,18,22,16,21,39,7.26,0.0,22,0.37,8,0,15,30.0,2.4,0.95,2.1,4,45,1.15,0.55,1.9,1.1,0.65,0.55
fa22ba30-7f04-463a-b67e-7e95c3dced4d,9,3,1.55,63,SCISSORS,0,0,27,14,23,32,0.0,0.0,0.75,0.25,0.0,0.0,0.75,0.25,0.5,0.0,0.5,0.0,69,1,0,1,0,0,0,22,51,17,51,46,7.54,0.0,15,0.25,9,0,15,30.0,2.4,0.95,2.1,4,45,1.15,0.55,1.9,1.1,0.65,0.55
7e3bb6fc-23aa-4b55-934d-7da9d9ea6b50,8,6,4.21,197,SCISSORS,0,0,24,31,39,47,0.3,0.0,0.3,0.4,0.2,0.0,0.3,0.5,0.6,0.0,0.2,0.2,117,1,0,1,0,0,0,55,81,58,82,102,7.86,0.004,49,0.82,14,0,15,30.0,2.4,0.95,2.1,4,45,1.15,0.55,1.9,1.1,0.65,0.55
26a35fec-0bd3-4512-bdfe-060b6e719ce6,7,3,1.45,68,PAPER,0,21,0,18,25,11,0.25,0.0,0.5,0.25,0.25,0.0,0.25,0.5,0.0,0.0,0.75,0.25,54,1,1,0,0,0,0,19,37,19,37,38,6.24,0.011,20,0.33,8,0,15,30.0,2.4,0.95,2.1,4,45,1.15,0.55,1.9,1.1,0.65,0.55
bebfd48d-774c-48e9-a5d7-4dda280f5313,9,6,1.87,84,PAPER,0,27,0,22,31,13,0.2,0.0,0.4,0.4,0.4,0.0,0.6,0.0,0.0,0.0,0.6,0.4,66,1,1,0,0,0,0,35,43,37,44,55,8.03,0.006,40,0.67,19,0,15,30.0,2.4,0.95,2.1,4,45,1.15,0.55,1.9,1.1,0.65,0.55
7915b87a-1813-467e-8e95-89437373fcf0,7,5,1.51,78,SCISSORS,0,0,21,6,13,20,0.0,0.0,0.75,0.25,0.25,0.0,0.25,0.5,0.5,0.0,0.25,0.25,39,1,0,1,0,0,0,8,11,15,7,35,8.36,0.0,42,0.7,10,0,15,30.0,2.4,0.95,2.1,4,45,1.15,0.55,1.9,1.1,0.65,0.55
6f2b02ea-40d4-4b11-81e1-08a096aaf99e,7,6,1.31,67,SCISSORS,0,0,21,8,15,22,0.0,0.0,0.75,0.25,0.0,0.0,0.5,0.5,0.75,0.0,0.25,0.0,45,1,0,1,0,0,0,19,29,17,28,38,7.09,0.021,39,0.65,13,0,15,30.0,2.4,0.95,2.1,4,45,1.15,0.55,1.9,1.1,0.65,0.55
20f5fcda-2b84-41be-9c6b-dbbbcf3f0619,9,3,1.57,60,PAPER,0,27,0,25,34,16,0.0,0.0,0.333,0.667,0.333,0.0,0.333,0.333,0.0,0.0,1.0,0.0,75,1,1,0,0,0,0,26,44,23,45,59,9.69,0.0,20,0.33,11,0,15,30.0,2.4,0.95,2.1,4,45,1.15,0.55,1.9,1.1,0.65,0.55
70a5a096-be40-44a3-9664-8a4f58c0c473,8,6,5.67,244,PAPER,0,24,0,53,61,45,0.231,0.0,0.154,0.615,0.462,0.0,0.308,0.231,0.231,0.0,0.231,0.538,159,1,1,0,0,0,0,74,102,74,103,143,8.77,0.002,16,0.27,8,0,15,30.0,2.4,0.95,2.1,4,45,1.15,0.55,1.9,1.1,0.65,0.55
4a60c77f-5df4-4c00-9060-79c2efddb45e,8,3,1.33,64,PAPER,0,24,0,14,22,6,0.0,0.0,0.5,0.5,0.75,0.0,0.25,0.0,0.0,0.0,0.75,0.25,42,1,1,0,0,0,0,4,16,1,14,36,6.45,0.019,36,0.6,15,0,15,30.0,2.4,0.95,2.1,4,45,1.15,0.55,1.9,1.1,0.65,0.55
56bf241f-59d0-48d7-be6a-fa627894a08a,6,4,1.18,59,ROCK,18,0,0,16,4,10,0.0,0.0,0.333,0.667,0.0,0.0,0.333,0.667,0.333,0.0,0.667,0.0,30,1,0,0,1,0,0,8,14,8,16,21,5.9,0.0,15,0.25,7,0,15,30.0,2.4,0.95,2.1,4,45,1.15,0.55,1.9,1.1,0.65,0.55
54ff9460-f282-499f-b81a-8e6b95a27408,8,6,1.9,83,PAPER,0,24,0,27,35,19,0.4,0.0,0.0,0.6,0.4,0.0,0.6,0.0,0.0,0.0,0.6,0.4,81,0,0,0,0,0,0,49,60,55,59,69,6.73,0.021,19,0.32,16,0,15,30.0,2.4,0.95,2.1,4,45,1.15,0.55,1.9,1.1,0.65,0.55
9a5fab54-60aa-4fe4-8298-a78f2bb7c05d,8,5,3.35,159,SCISSORS,0,0,24,25,33,41,0.125,0.0,0.5,0.375,0.25,0.0,0.5,0.25,0.25,0.0,0.125,0.625,99,1,0,1,0,0,0,46,63,52,66,80,8.68,0.0,55,0.92,21,0,15,30.0,2.4,0.95,2.1,4,45,1.15,0.55,1.9,1.1,0.65,0.55
be1af59c-4dbe-4490-b003-905cd828d884,9,4,2.3,89,SCISSORS,0,0,27,26,35,44,0.0,0.0,0.8,0.2,0.0,0.0,0.6,0.4,0.4,0.0,0.6,0.0,105,1,0,1,0,0,0,14,42,21,44,91,8.92,0.007,33,0.55,20,0,15,30.0,2.4,0.95,2.1,4,45,1.15,0.55,1.9,1.1,0.65,0.55
3ab43111-e19f-426e-9af9-f08ab6c7f4a4,5,4,1.34,81,PAPER,0,15,0,8,13,3,0.25,0.0,0.25,0.5,0.5,0.0,0.25,0.25,0.0,0.0,0.75,0.25,24,1,1,0,0,0,0,6,8,8,8,18,5.67,0.014,41,0.68,11,0,15,30.0,2.4,0.95,2.1,4,45,1.15,0.55,1.9,1.1,0.65,0.55
98c7c8d5-c23c-4afe-82c7-47db1878c260,8,5,7.55,340,SCISSORS,0,0,24,62,70,78,0.353,0.0,0.176,0.471,0.471,0.0,0.176,0.353,0.353,0.0,0.176,0.471,210,0,0,0,0,0,0,114,170,123,167,187,8.1,0.004,32,0.53,11,0,15,30.0,2.4,0.95,2.1,4,45,1.15,0.55,1.9,1.1,0.65,0.55
a92672b6-3111-4ba0-b654-5f978e8e46f9,5,3,1.97,119,SCISSORS,0,0,15,9,14,19,0.0,0.0,0.667,0.333,0.333,0.0,0.333,0.333,0.333,0.0,0.167,0.5,42,1,0,1,0,0,0,12,14,16,18,30,6.02,0.0,51,0.85,13,0,15,30.0,2.4,0.95,2.1,4,45,1.15,0.55,1.9,1.1,0.65,0.55
57276741-db3b-4b42-ac57-ec4c05a7c0de,6,6,1.78,82,ROCK,18,0,0,31,19,25,0.6,0.0,0.4,0.0,0.0,0.0,0.6,0.4,0.0,0.0,0.2,0.8,75,0,0,0,0,0,0,24,36,24,42,64,6.24,0.003,26,0.43,8,0,15,30.0,2.4,0.95,2.1,4,45,1.15,0.55,1.9,1.1,0.65,0.55
eca87ebf-d8bd-4d06-8c7a-1d5ce1b52af9,6,3,1.99,94,PAPER,0,18,0,24,30,18,0.2,0.0,0.2,0.6,0.2,0.0,0.4,0.4,0.0,0.0,0.6,0.4,72,1,1,0,0,0,0,32,21,25,20,57,7.03,0.014,18,0.3,9,0,15,30.0,2.4,0.95,2.1,4,45,1.15,0.55,1.9,1.1,0.65,0.55
4b5dbe2c-de6f-4cb2-b56e-307ba343bf14,9,4,1.83,82,SCISSORS,0,0,27,11,20,29,0.0,0.0,0.8,0.2,0.4,0.0,0.2,0.4,0.4,0.0,0.4,0.2,60,1,0,1,0,0,0,23,31,18,32,51,8.98,0.001,38,0.63,16,0,15,30.0,2.4,0.95,2.1,4,45,1.15,0.55,1.9,1.1,0.65,0.55
6c7e57ee-4d9a-42f5-8e3a-45ad57455e5f,9,6,1.98,90,ROCK,27,0,0,28,10,19,0.6,0.0,0.2,0.2,0.0,0.0,1.0,0.0,0.2,0.0,0.2,0.6,57,1,0,0,1,0,0,24,28,23,28,49,7.46,0.0,54,0.9,21,0,15,30.0,2.4,0.95,2.1,4,45,1.15,0.55,1.9,1.1,0.65,0.55
33201217-0627-4262-b93f-ff9cabe5247a,6,3,4.99,248,PAPER,0,18,0,47,53,41,0.308,0.0,0.077,0.615,0.231,0.0,0.231,0.538,0.154,0.0,0.231,0.615,141,1,1,0,0,0,0,59,63,59,68,107,6.6,0.007,24,0.4,13,0,15,30.0,2.4,0.95,2.1,4,45,1.15,0.55,1.9,1.1,0.65,0.55
9304fbc1-15af-4451-93be-8046931f5a15,8,4,3.52,177,SCISSORS,0,0,24,16,24,32,0.111,0.0,0.778,0.111,0.222,0.0,0.222,0.556,0.556,0.0,0.222,0.222,72,1,0,1,0,0,0,30,49,26,49,57,7.44,0.016,109,1.82,23,0,15,30.0,2.4,0.95,2.1,4,45,1.15,0.55,1.9,1.1,0.65,0.55
9db4235c-9f7b-44ec-b8d7-2bc9f9d480d0,7,5,1.7,89,SCISSORS,0,0,21,8,15,22,0.0,0.0,1.0,0.0,0.0,0.0,0.4,0.6,0.6,0.0,0.2,0.2,45,1,0,1,0,0,0,11,17,15,17,32,6.71,0.0,57,0.95,17,0,15,30.0,2.4,0.95,2.1,4,45,1.15,0.55,1.9,1.1,0.65,0.55
243d20e2-90d0-4ec0-88b4-18d54fc0ffba,6,5,1.86,96,PAPER,0,18,0,14,20,8,0.0,0.0,0.4,0.6,0.4,0.0,0.2,0.4,0.0,0.0,0.8,0.2,42,1,1,0,0,0,0,15,19,15,21,38,6.6,0.01,32,0.53,12,0,15,30.0,2.4,0.95,2.1,4,45,1.15,0.55,1.9,1.1,0.65,0.55
ec8d55c4-2968-40a0-965f-5ce16e62fb89,8,3,1.58,67,SCISSORS,0,0,24,12,20,28,0.0,0.0,1.0,0.0,0.0,0.0,0.5,0.5,0.5,0.0,0.5,0.0,60,1,0,1,0,0,0,18,33,18,30,54,7.97,0.013,27,0.45,17,0,15,30.0,2.4,0.95,2.1,4,45,1.15,0.55,1.9,1.1,0.65,0.55
d8578122-5dee-40c7-874e-858ef25a69ec,7,4,1.08,54,SCISSORS,0,0,21,3,10,17,0.0,0.0,1.0,0.0,0.0,0.0,0.333,0.667,0.667,0.0,0.333,0.0,30,1,0,1,0,0,0,7,11,6,9,20,7.07,0.0,38,0.63,11,0,15,30.0,2.4,0.95,2.1,4,45,1.15,0.55,1.9,1.1,0.65,0.55
c558a864-6784-4983-882d-08c76c38639a,8,3,1.63,67,ROCK,24,0,0,30,14,22,0.5,0.0,0.5,0.0,0.0,0.0,1.0,0.0,0.25,0.0,0.25,0.5,66,1,0,0,1,0,0,14,31,18,32,54,7.48,0.015,35,0.58,20,0,15,30.0,2.4,0.95,2.1,4,45,1.15,0.55,1.9,1.1,0.65,0.55
61051a9b-8498-47aa-8e8e-bccee38f2227,5,6,1.46,87,ROCK,15,0,0,15,5,10,0.6,0.0,0.2,0.2,0.0,0.0,1.0,0.0,0.0,0.0,0.2,0.8,30,1,0,0,1,0,0,14,13,15,13,25,5.6,0.0,47,0.78,12,0,15,30.0,2.4,0.95,2.1,4,45,1.15,0.55,1.9,1.1,0.65,0.55
4d8a58e0-402e-400a-87ed-e973f1dca487,5,6,2.52,170,PAPER,0,15,0,12,17,7,0.111,0.0,0.111,0.778,0.444,0.0,0.111,0.444,0.111,0.0,0.667,0.222,36,1,1,0,0,0,0,27,21,23,20,28,5.44,0.003,82,1.37,14,0,15,30.0,2.4,0.95,2.1,4,45,1.15,0.55,1.9,1.1,0.65,0.55
c5caccc8-831b-4d17-85d3-791783e2299c,7,4,2.81,140,SCISSORS,0,0,21,18,25,32,0.143,0.0,0.571,0.286,0.429,0.0,0.286,0.286,0.286,0.0,0.143,0.571,75,1,0,1,0,0,0,23,47,23,45,58,6.39,0.0,44,0.73,18,0,15,30.0,2.4,0.95,2.1,4,45,1.15,0.55,1.9,1.1,0.65,0.55
4bfc8729-e1b2-41c0-b4af-7d67139a7d1f,8,5,2.16,94,SCISSORS,0,0,24,15,23,31,0.2,0.0,0.6,0.2,0.0,0.0,0.2,0.8,0.2,0.0,0.4,0.4,69,1,0,1,0,0,0,32,37,28,38,53,7.93,0.013,22,0.37,10,0,15,30.0,2.4,0.95,2.1,4,45,1.15,0.55,1.9,1.1,0.65,0.55
51f30f28-df69-4a9c-92cc-5105108f1e8e,5,3,1.81,105,PAPER,0,15,0,14,19,9,0.0,0.0,0.167,0.833,0.333,0.0,0.333,0.333,0.0,0.0,0.5,0.5,42,1,1,0,0,0,0,29,21,28,25,28,5.29,0.008,33,0.55,8,0,15,30.0,2.4,0.95,2.1,4,45,1.15,0.55,1.9,1.1,0.65,0.55
f10da1e0-048c-4523-ae71-14a989f8478d,7,4,4.01,197,SCISSORS,0,0,21,29,36,43,0.3,0.0,0.3,0.4,0.3,0.0,0.2,0.5,0.3,0.0,0.1,0.6,108,3,0,3,0,0,0,59,73,55,74,90,7.31,0.003,21,0.35,11,0,15,30.0,2.4,0.95,2.1,4,45,1.15,0.55,1.9,1.1,0.65,0.55
8122af2a-02c5-47a6-83d4-4ea7a1a1354c,8,3,6.73,298,PAPER,0,24,0,55,63,47,0.267,0.0,0.067,0.667,0.4,0.0,0.133,0.467,0.4,0.0,0.133,0.467,165,1,1,0,0,0,0,75,128,69,129,134,8.24,0.002,6,0.1,5,0,15,30.0,2.4,0.95,2.1,4,45,1.15,0.55,1.9,1.1,0.65,0.55
9fe1042d-14bc-44a7-b216-365b73e3f200,6,4,2.79,141,ROCK,18,0,0,27,15,21,0.429,0.0,0.429,0.143,0.0,0.0,0.429,0.571,0.143,0.0,0.286,0.571,63,1,0,0,1,0,0,15,17,15,16,54,6.68,0.029,45,0.75,13,0,15,30.0,2.4,0.95,2.1,4,45,1.15,0.55,1.9,1.1,0.65,0.55
f939ce0d-7bf4-4878-97cb-5b408f665e09,6,5,3.64,197,PAPER,0,18,0,29,35,23,0.0,0.0,0.3,0.7,0.6,0.0,0.1,0.3,0.2,0.0,0.4,0.4,87,1,1,0,0,0,0,49,39,44,43,70,6.62,0.007,41,0.68,13,0,15,30.0,2.4,0.95,2.1,4,45,1.15,0.55,1.9,1.1,0.65,0.55
aba646fa-68ce-41f3-9a72-2cc283da866b,8,4,2.27,102,ROCK,24,0,0,36,20,28,0.333,0.0,0.167,0.5,0.167,0.0,0.667,0.167,0.333,0.0,0.333,0.333,84,1,0,0,1,0,0,51,65,54,66,68,8.77,0.003,26,0.43,11,0,15,30.0,2.4,0.95,2.1,4,45,1.15,0.55,1.9,1.1,0.65,0.55
b5a90b6a-308a-44ae-91ba-8763cce83362,8,5,1.81,85,SCISSORS,0,0,24,11,19,27,0.4,0.0,0.6,0.0,0.0,0.0,0.4,0.6,0.6,0.0,0.4,0.0,57,0,0,0,0,0,0,28,35,25,35,46,7.91,0.0,45,0.75,20,0,15,30.0,2.4,0.95,2.1,4,45,1.15,0.55,1.9,1.1,0.65,0.55
6b2cbc0b-2dd8-40ed-92fe-fa1c504861f1,7,6,1.83,87,SCISSORS,0,0,21,14,21,28,0.0,0.0,0.6,0.4,0.0,0.0,0.4,0.6,0.6,0.0,0.4,0.0,63,1,0,1,0,0,0,44,38,40,39,52,7.27,0.0,35,0.58,16,0,15,30.0,2.4,0.95,2.1,4,45,1.15,0.55,1.9,1.1,0.65,0.55
e094a1c2-14e0-4c5e-9d2d-3a6da2b908c8,7,5,5.3,253,SCISSORS,0,0,21,35,42,49,0.077,0.0,0.308,0.615,0.385,0.0,0.077,0.538,0.692,0.0,0.231,0.077,126,1,0,1,0,0,0,62,69,59,69,113,7.19,0.007,45,0.75,15,0,15,30.0,2.4,0.95,2.1,4,45,1.15,0.55,1.9,1.1,0.65,0.55
9b914e0d-00ce-4e89-8dd8-a8bc8b50950d,7,3,2.44,110,SCISSORS,0,0,21,19,26,33,0.0,0.0,0.667,0.333,0.0,0.0,0.333,0.667,0.333,0.0,0.167,0.5,78,0,0,0,0,0,0,30,26,28,28,71,8.29,0.002,30,0.5,14,0,15,30.0,2.4,0.95,2.1,4,45,1.15,0.55,1.9,1.1,0.65,0.55
91a94c60-9e5b-4822-9bef-6eda5454464b,7,4,2.9,122,SCISSORS,0,0,21,32,39,46,0.0,0.0,1.0,0.0,0.0,0.0,0.429,0.571,0.429,0.0,0.143,0.429,117,1,1,0,0,0,0,18,30,20,30,108,7.44,0.02,46,0.77,12,0,15,30.0,2.4,0.95,2.1,4,45,1.15,0.55,1.9,1.1,0.65,0.55
14c589bc-c056-4bc4-a238-fa7b8d84e6d4,6,5,1.39,74,ROCK,18,0,0,17,5,11,0.25,0.0,0.25,0.5,0.0,0.0,0.5,0.5,0.25,0.0,0.5,0.25,33,1,0,0,1,0,0,14,20,20,18,22,5.67,0.003,22,0.37,5,0,15,30.0,2.4,0.95,2.1,4,45,1.15,0.55,1.9,1.1,0.65,0.55
05a8e4cf-ac63-406d-aac5-f715e2abbf37,6,3,2.21,124,ROCK,18,0,0,20,8,14,0.286,0.0,0.143,0.571,0.0,0.0,0.571,0.429,0.429,0.0,0.286,0.286,42,1,0,0,1,0,0,9,19,8,20,34,7.21,0.0,32,0.53,12,0,15,30.0,2.4,0.95,2.1,4,45,1.15,0.55,1.9,1.1,0.65,0.55
5a37f616-d4f8-46fd-89b7-2e179f0bde3b,5,3,3.26,185,SCISSORS,0,0,15,12,17,22,0.0,0.0,0.2,0.8,0.2,0.0,0.2,0.6,0.7,0.0,0.2,0.1,51,1,0,1,0,0,0,13,24,13,21,34,4.96,0.0,9,0.15,5,0,15,30.0,2.4,0.95,2.1,4,45,1.15,0.55,1.9,1.1,0.65,0.55
50efae91-0e66-4d12-8eb8-2cb030a47355,7,3,1.71,87,ROCK,21,0,0,20,6,13,0.6,0.0,0.4,0.0,0.0,0.0,1.0,0.0,0.0,0.0,0.2,0.8,39,0,0,0,0,0,0,13,18,15,17,30,6.62,0.0,51,0.85,16,0,15,30.0,2.4,0.95,2.1,4,45,1.15,0.55,1.9,1.1,0.65,0.55
9a352509-16c7-4676-9e4f-962d90e3ced1,9,5,3.18,144,SCISSORS,0,0,27,19,28,37,0.125,0.0,0.875,0.0,0.125,0.0,0.375,0.5,0.5,0.0,0.25,0.25,84,0,0,0,0,0,0,39,53,38,52,69,7.35,0.0,64,1.07,22,0,15,30.0,2.4,0.95,2.1,4,45,1.15,0.55,1.9,1.1,0.65,0.55
c6c34710-ae97-4495-9ee9-f55ec20ad9b9,9,3,7.75,307,SCISSORS,0,0,27,81,90,99,0.375,0.0,0.188,0.438,0.312,0.0,0.25,0.438,0.438,0.0,0.125,0.438,270,1,0,1,0,0,0,31,70,30,71,230,9.37,0.0,35,0.58,21,0,15,30.0,2.4,0.95,2.1,4,45,1.15,0.55,1.9,1.1,0.65,0.55
88ba9fbf-1827-4b09-a40a-fdc63884b728,6,3,0.97,55,PAPER,0,18,0,9,15,3,0.0,0.0,0.333,0.667,0.667,0.0,0.333,0.0,0.0,0.0,1.0,0.0,27,0,0,0,0,0,0,14,3,11,2,22,6.85,0.0,43,0.72,14,0,15,30.0,2.4,0.95,2.1,4,45,1.15,0.55,1.9,1.1,0.65,0.55
d0e813b0-7d30-48c5-808d-c35530c8a950,6,6,7.8,432,PAPER,0,18,0,45,51,39,0.364,0.0,0.136,0.5,0.409,0.0,0.091,0.5,0.273,0.0,0.136,0.591,135,1,1,0,0,0,0,70,96,73,94,109,6.1,0.006,32,0.53,13,0,15,30.0,2.4,0.95,2.1,4,45,1.15,0.55,1.9,1.1,0.65,0.55
ef1eafb8-1f87-420b-9870-f36c26b588c0,7,5,2.17,103,PAPER,0,21,0,19,26,12,0.0,0.0,0.167,0.833,0.667,0.0,0.167,0.167,0.167,0.0,0.833,0.0,57,1,1,0,0,0,0,10,21,17,25,45,7.37,0.0,43,0.72,17,0,15,30.0,2.4,0.95,2.1,4,45,1.15,0.55,1.9,1.1,0.65,0.55
822c2510-2079-4431-8d87-06e03cdac3b0,7,4,1.81,80,SCISSORS,0,0,21,19,26,33,0.0,0.0,0.5,0.5,0.0,0.0,0.75,0.25,0.25,0.0,0.75,0.0,78,1,0,1,0,0,0,50,60,59,58,69,7.5,0.007,4,0.07,2,0,15,30.0,2.4,0.95,2.1,4,45,1.15,0.55,1.9,1.1,0.65,0.55
580adcd7-901d-4b7a-9e04-ed9d003431e9,9,6,3.75,170,SCISSORS,0,0,27,23,32,41,0.333,0.0,0.444,0.222,0.444,0.0,0.333,0.222,0.222,0.0,0.111,0.667,96,1,0,1,0,0,0,46,69,44,71,72,7.39,0.012,38,0.63,20,0,15,30.0,2.4,0.95,2.1,4,45,1.15,0.55,1.9,1.1,0.65,0.55
02176cc7-ae2c-40ab-bc5f-30139ede3245,6,6,1.63,86,PAPER,0,18,0,14,20,8,0.2,0.0,0.4,0.4,0.4,0.0,0.4,0.2,0.2,0.0,0.6,0.2,42,1,1,0,0,0,0,20,26,18,25,31,6.12,0.014,38,0.63,10,0,15,30.0,2.4,0.95,2.1,4,45,1.15,0.55,1.9,1.1,0.65,0.55
f4e9d09a-e9a7-4afd-b30c-8576cbc3fa34,7,5,3.44,181,ROCK,21,0,0,34,20,27,0.444,0.0,0.222,0.333,0.222,0.0,0.778,0.0,0.111,0.0,0.111,0.778,81,1,0,0,1,0,0,24,31,27,38,64,7.11,0.0,81,1.35,20,0,15,30.0,2.4,0.95,2.1,4,45,1.15,0.55,1.9,1.1,0.65,0.55
dd73b913-592f-4c56-a5c0-49445a91c6b0,5,4,1.16,61,PAPER,0,15,0,14,19,9,0.0,0.0,0.333,0.667,0.333,0.0,0.667,0.0,0.0,0.0,0.333,0.667,42,0,0,0,0,0,0,13,4,11,5,32,4.81,0.0,9,0.15,10,0,15,30.0,2.4,0.95,2.1,4,45,1.15,0.55,1.9,1.1,0.65,0.55
baa25ba5-ec19-421c-9410-bd89ca672fc9,8,5,2.26,110,PAPER,0,24,0,20,28,12,0.0,0.0,0.333,0.667,0.333,0.0,0.5,0.167,0.333,0.0,0.667,0.0,60,1,1,0,0,0,0,29,33,28,35,50,7.28,0.0,38,0.63,19,0,15,30.0,2.4,0.95,2.1,4,45,1.15,0.55,1.9,1.1,0.65,0.55
ab66217a-a837-4796-8641-67df9a9b9ee5,7,4,1.01,53,ROCK,21,0,0,18,4,11,0.667,0.0,0.333,0.0,0.0,0.0,1.0,0.0,0.0,0.0,0.333,0.667,33,1,0,0,1,0,0,15,17,14,15,25,5.3,0.02,33,0.55,15,0,15,30.0,2.4,0.95,2.1,4,45,1.15,0.55,1.9,1.1,0.65,0.55
dd9b3e38-3ad9-4b53-9e46-baa49e5aa7bf,7,3,3.68,196,ROCK,21,0,0,32,18,25,0.3,0.0,0.2,0.5,0.2,0.0,0.4,0.4,0.5,0.0,0.2,0.3,75,1,0,0,1,0,0,24,35,28,36,63,7.09,0.009,68,1.13,19,0,15,30.0,2.4,0.95,2.1,4,45,1.15,0.55,1.9,1.1,0.65,0.55
8f8a58a5-89db-47cf-a203-9879d919ed3d,8,4,8.33,373,PAPER,0,24,0,71,79,63,0.263,0.0,0.053,0.684,0.105,0.158,0.053,0.684,0.474,0.0,0.211,0.316,213,1,1,0,0,0,0,103,154,88,155,178,8.11,0.002,33,0.55,15,0,15,30.0,2.4,0.95,2.1,4,45,1.15,0.55,1.9,1.1,0.65,0.55
ba85c165-030e-45c4-a768-bc8247199c01,7,6,0.75,36,SCISSORS,0,0,21,2,9,16,0.0,0.0,1.0,0.0,0.0,0.0,0.5,0.5,0.5,0.0,0.5,0.0,27,0,0,0,0,0,0,13,16,12,16,21,6.96,0.0,24,0.4,11,0,15,30.0,2.4,0.95,2.1,4,45,1.15,0.55,1.9,1.1,0.65,0.55
4c00b715-c8ea-4177-810c-b6821c9d3dcb,7,3,4.82,237,PAPER,0,21,0,31,38,24,0.333,0.0,0.25,0.417,0.5,0.0,0.167,0.333,0.167,0.0,0.167,0.667,93,1,1,0,0,0,0,32,38,28,43,74,7.33,0.001,17,0.28,4,0,15,30.0,2.4,0.95,2.1,4,45,1.15,0.55,1.9,1.1,0.65,0.55
f49bd320-4e7f-4bcf-aeda-e0c9ce01988a,5,3,5.1,290,PAPER,0,15,0,25,30,20,0.267,0.0,0.067,0.667,0.133,0.0,0.133,0.733,0.267,0.0,0.2,0.533,75,1,1,0,0,0,0,25,37,21,40,54,5.52,0.004,18,0.3,8,0,15,30.0,2.4,0.95,2.1,4,45,1.15,0.55,1.9,1.1,0.65,0.55
a89660ff-9a53-4a80-b9c2-78636b4926b3,5,6,3.53,226,SCISSORS,0,0,15,10,15,20,0.167,0.0,0.25,0.583,0.417,0.0,0.0,0.583,0.25,0.0,0.167,0.583,45,1,0,1,0,0,0,28,30,25,29,34,4.42,0.0,26,0.43,10,0,15,30.0,2.4,0.95,2.1,4,45,1.15,0.55,1.9,1.1,0.65,0.55
902ef9f1-1091-426f-a2c0-259527c9e13c,5,4,3.45,204,SCISSORS,0,0,15,11,16,21,0.0,0.0,0.182,0.818,0.273,0.0,0.182,0.545,0.545,0.0,0.091,0.364,48,1,0,1,0,0,0,15,23,11,19,34,5.23,0.0,12,0.2,6,0,15,30.0,2.4,0.95,2.1,4,45,1.15,0.55,1.9,1.1,0.65,0.55
95e26cbf-235e-4e1c-af91-4db0326ef113,9,3,2.08,83,SCISSORS,0,0,27,19,28,37,0.0,0.0,1.0,0.0,0.2,0.0,0.4,0.4,0.4,0.0,0.6,0.0,84,1,0,1,0,0,0,29,53,30,54,75,7.51,0.016,35,0.58,19,0,15,30.0,2.4,0.95,2.1,4,45,1.15,0.55,1.9,1.1,0.65,0.55
4e34ae8e-bc26-495f-a72a-800ea5381a8f,9,4,6.56,291,SCISSORS,0,0,27,43,52,61,0.4,0.0,0.333,0.267,0.4,0.0,0.067,0.533,0.4,0.0,0.067,0.533,156,1,0,1,0,0,0,47,76,59,77,128,8.63,0.0,51,0.85,23,0,15,30.0,2.4,0.95,2.1,4,45,1.15,0.55,1.9,1.1,0.65,0.55
045d6290-3da0-4653-9351-1e6118cbd6d2,7,5,4.43,233,PAPER,0,21,0,26,33,19,0.667,0.0,0.25,0.083,0.25,0.0,0.083,0.667,0.0,0.0,0.167,0.833,78,1,1,0,0,0,0,33,63,35,61,62,6.62,0.0,21,0.35,11,0,15,30.0,2.4,0.95,2.1,4,45,1.15,0.55,1.9,1.1,0.65,0.55
7ef1cf9e-bd7c-4d31-ad9d-466771ced7f5,8,4,3.62,193,SCISSORS,0,0,24,15,23,31,0.3,0.0,0.5,0.2,0.3,0.0,0.1,0.6,0.3,0.0,0.2,0.5,69,1,0,1,0,0,0,29,39,29,38,53,6.65,0.014,57,0.95,22,0,15,30.0,2.4,0.95,2.1,4,45,1.15,0.55,1.9,1.1,0.65,0.55
a3ff57e0-196f-4eff-97b8-30a408898ace,9,6,1.44,64,PAPER,0,27,0,17,26,8,0.0,0.0,0.75,0.25,0.25,0.0,0.75,0.0,0.0,0.0,0.75,0.25,51,0,0,0,0,0,0,22,34,22,33,38,7.71,0.006,20,0.33,5,0,15,30.0,2.4,0.95,2.1,4,45,1.15,0.55,1.9,1.1,0.65,0.55
4c3f4d38-5963-4830-a798-241c54522a65,6,6,3.12,171,ROCK,18,0,0,24,12,18,0.222,0.0,0.222,0.556,0.667,0.0,0.222,0.111,0.222,0.0,0.111,0.667,54,1,0,0,1,0,0,35,34,34,29,42,6.09,0.003,35,0.58,12,0,15,30.0,2.4,0.95,2.1,4,45,1.15,0.55,1.9,1.1,0.65,0.55
b0f8af21-291d-4e21-a6e6-0ac86cd6795b,7,6,1.83,84,SCISSORS,0,0,21,12,19,26,0.0,0.0,0.8,0.2,0.2,0.0,0.4,0.4,0.4,0.0,0.2,0.4,57,1,0,1,0,0,0,20,25,20,24,48,7.47,0.0,28,0.47,14,0,15,30.0,2.4,0.95,2.1,4,45,1.15,0.55,1.9,1.1,0.65,0.55
3423e04c-9341-4162-a53b-af782b51ab2c,6,5,1.54,76,PAPER,0,18,0,20,26,14,0.0,0.0,0.5,0.5,0.25,0.0,0.25,0.5,0.0,0.0,1.0,0.0,60,0,0,0,0,0,0,25,37,27,37,53,6.42,0.0,20,0.33,10,0,15,30.0,2.4,0.95,2.1,4,45,1.15,0.55,1.9,1.1,0.65,0.55
64f613ee-e4de-4ce5-8a02-0e28673eac6b,7,5,4.43,229,ROCK,21,0,0,36,22,29,0.333,0.0,0.167,0.5,0.167,0.0,0.25,0.583,0.5,0.0,0.083,0.417,87,1,0,0,1,0,0,46,63,39,64,74,7.59,0.008,17,0.28,7,0,15,30.0,2.4,0.95,2.1,4,45,1.15,0.55,1.9,1.1,0.65,0.55
cebe925f-c2cf-420f-b8d6-cd2abf386925,5,5,1.94,131,SCISSORS,0,0,15,5,10,15,0.0,0.0,0.714,0.286,0.286,0.0,0.286,0.429,0.429,0.0,0.143,0.429,30,1,0,1,0,0,0,6,9,7,8,21,5.4,0.0,59,0.98,14,0,15,30.0,2.4,0.95,2.1,4,45,1.15,0.55,1.9,1.1,0.65,0.55
0fa51961-7ccb-4353-9ee7-d99fa884040f,7,3,0.77,40,SCISSORS,0,0,21,1,8,15,0.0,0.0,0.5,0.5,0.0,0.0,0.5,0.5,0.0,0.0,1.0,0.0,24,1,0,1,0,0,0,4,12,3,12,14,6.0,0.0,8,0.13,4,0,15,30.0,2.4,0.95,2.1,4,45,1.15,0.55,1.9,1.1,0.65,0.55
b23521ec-2515-48bc-891d-54cf0280133f,5,3,1.34,82,PAPER,0,15,0,11,16,6,0.0,0.0,0.4,0.6,0.6,0.0,0.2,0.2,0.0,0.0,0.8,0.2,33,1,1,0,0,0,0,10,12,13,11,26,5.76,0.0,46,0.77,12,0,15,30.0,2.4,0.95,2.1,4,45,1.15,0.55,1.9,1.1,0.65,0.55
bec36378-0251-4828-abe2-a6c57671609e,8,3,2.77,129,ROCK,24,0,0,38,22,30,0.143,0.0,0.286,0.571,0.143,0.0,0.429,0.429,0.429,0.0,0.143,0.429,90,1,0,0,1,0,0,48,41,51,43,73,8.73,0.014,21,0.35,15,0,15,30.0,2.4,0.95,2.1,4,45,1.15,0.55,1.9,1.1,0.65,0.55
9047d9c1-28b4-4a24-b8e3-0b3f82b481c2,9,6,2.14,94,ROCK,27,0,0,34,16,25,0.6,0.0,0.4,0.0,0.0,0.0,1.0,0.0,0.0,0.0,0.4,0.6,75,1,0,0,1,0,0,34,39,32,37,61,7.33,0.0,58,0.97,23,0,15,30.0,2.4,0.95,2.1,4,45,1.15,0.55,1.9,1.1,0.65,0.55
612683c1-71f2-4354-abd2-1b35cb92f675,6,6,1.35,64,ROCK,18,0,0,19,7,13,0.5,0.0,0.5,0.0,0.0,0.0,0.75,0.25,0.0,0.0,0.25,0.75,39,1,0,0,1,0,0,25,27,26,25,33,6.13,0.047,12,0.2,7,0,15,30.0,2.4,0.95,2.1,4,45,1.15,0.55,1.9,1.1,0.65,0.55
6ee4413d-4449-44d1-bd89-a2ad2579dd73,7,6,1.4,67,PAPER,0,21,0,15,22,8,0.0,0.0,0.5,0.5,0.5,0.0,0.5,0.0,0.0,0.0,1.0,0.0,45,0,0,0,0,0,0,17,28,20,27,34,6.36,0.013,27,0.45,14,0,15,30.0,2.4,0.95,2.1,4,45,1.15,0.55,1.9,1.1,0.65,0.55
f65cc8bd-53bf-41d4-abb8-487789e5fcff,5,5,0.7,45,ROCK,15,0,0,10,0,5,0.667,0.0,0.333,0.0,0.333,0.0,0.667,0.0,0.0,0.0,0.333,0.667,15,1,0,0,1,0,0,2,4,4,4,12,5.13,0.013,33,0.55,8,0,15,30.0,2.4,0.95,2.1,4,45,1.15,0.55,1.9,1.1,0.65,0.55
03962192-f69c-4d9e-bc1f-643dfc71aba8,8,5,1.24,62,SCISSORS,0,0,24,5,13,21,0.0,0.0,1.0,0.0,0.0,0.0,0.25,0.75,0.75,0.0,0.25,0.0,39,1,0,1,0,0,0,15,21,18,21,37,7.0,0.0,46,0.77,17,0,15,30.0,2.4,0.95,2.1,4,45,1.15,0.55,1.9,1.1,0.65,0.55
71ac4540-7454-4500-a019-46e8ebcc617c,5,6,0.8,47,ROCK,15,0,0,11,1,6,0.333,0.0,0.667,0.0,0.0,0.0,0.667,0.333,0.333,0.0,0.333,0.333,18,1,0,0,1,0,0,12,7,10,7,11,5.44,0.0,23,0.38,8,0,15,30.0,2.4,0.95,2.1,4,45,1.15,0.55,1.9,1.1,0.65,0.55
1be6c216-349d-477c-b09d-6912d173491c,6,3,1.73,95,PAPER,0,18,0,14,20,8,0.0,0.0,0.2,0.8,0.4,0.0,0.4,0.2,0.2,0.0,0.8,0.0,42,1,1,0,0,0,0,9,6,9,10,39,7.02,0.0,43,0.72,12,0,15,30.0,2.4,0.95,2.1,4,45,1.15,0.55,1.9,1.1,0.65,0.55
66d6c685-d377-4ba7-b033-27f809e198b9,7,5,2.21,106,ROCK,21,0,0,25,11,18,0.167,0.0,0.333,0.5,0.0,0.0,0.333,0.667,0.333,0.0,0.5,0.167,54,1,0,0,1,0,0,31,31,29,30,43,6.56,0.004,22,0.37,11,0,15,30.0,2.4,0.95,2.1,4,45,1.15,0.55,1.9,1.1,0.65,0.55
bba5a807-4707-455a-a85b-a06e26ee64b7,7,3,0.6,29,PAPER,0,21,0,10,17,3,0.0,0.0,0.5,0.5,0.5,0.0,0.5,0.0,0.0,0.0,1.0,0.0,30,1,1,0,0,0,0,4,14,4,15,20,5.5,0.0,13,0.22,14,0,15,30.0,2.4,0.95,2.1,4,45,1.15,0.55,1.9,1.1,0.65,0.55
d5bd929d-c9cb-47ee-84cd-eee6cd00e116,5,4,2.93,168,SCISSORS,0,0,15,17,22,27,0.0,0.0,0.333,0.667,0.222,0.0,0.222,0.556,0.333,0.0,0.111,0.556,66,0,0,0,0,0,0,30,27,27,29,54,5.33,0.0,40,0.67,14,0,15,30.0,2.4,0.95,2.1,4,45,1.15,0.55,1.9,1.1,0.65,0.55
c2a10f4a-e211-44c7-af72-721a94cc5f31,8,3,1.87,84,PAPER,0,24,0,22,30,14,0.2,0.0,0.6,0.2,0.2,0.0,0.4,0.4,0.0,0.0,0.6,0.4,66,1,1,0,0,0,0,18,48,14,48,52,6.71,0.018,16,0.27,12,0,15,30.0,2.4,0.95,2.1,4,45,1.15,0.55,1.9,1.1,0.65,0.55
ee443027-2250-45d3-ae54-6652402dc66c,8,3,2.19,102,SCISSORS,0,0,24,18,26,34,0.0,0.0,0.833,0.167,0.333,0.0,0.167,0.5,0.5,0.0,0.333,0.167,78,1,0,1,0,0,0,10,17,4,20,67,7.19,0.001,54,0.9,18,0,15,30.0,2.4,0.95,2.1,4,45,1.15,0.55,1.9,1.1,0.65,0.55
2eb22b81-5599-4585-a480-056d290ae1c4,7,6,1.6,75,SCISSORS,0,0,21,12,19,26,0.0,0.0,0.75,0.25,0.25,0.0,0.5,0.25,0.25,0.0,0.5,0.25,57,1,0,1,0,0,0,23,29,26,31,47,6.4,0.007,27,0.45,13,0,15,30.0,2.4,0.95,2.1,4,45,1.15,0.55,1.9,1.1,0.65,0.55
d701c6ce-322b-4f60-a749-3b4b3e7de50c,8,3,7.46,333,SCISSORS,0,0,24,64,72,80,0.0,0.0,0.235,0.765,0.529,0.059,0.176,0.235,0.529,0.0,0.118,0.353,216,1,0,1,0,0,0,69,98,80,102,196,8.38,0.001,49,0.82,22,0,15,30.0,2.4,0.95,2.1,4,45,1.15,0.55,1.9,1.1,0.65,0.55
e682017b-018c-4dfb-b9ac-784cc1c494a2,7,4,1.95,105,PAPER,0,21,0,17,24,10,0.167,0.0,0.333,0.5,0.5,0.0,0.167,0.333,0.0,0.0,0.833,0.167,51,1,1,0,0,0,0,14,25,14,27,41,7.1,0.0,61,1.02,19,0,15,30.0,2.4,0.95,2.1,4,45,1.15,0.55,1.9,1.1,0.65,0.55
db3dbe03-28bc-4205-abe8-de02ecad7b11,5,5,1.8,101,PAPER,0,15,0,14,19,9,0.4,0.0,0.4,0.2,0.0,0.0,0.2,0.8,0.0,0.0,0.4,0.6,42,1,1,0,0,0,0,23,23,25,21,31,4.71,0.024,9,0.15,6,0,15,30.0,2.4,0.95,2.1,4,45,1.15,0.55,1.9,1.1,0.65,0.55
348dfd81-3de2-4255-b55a-b65e2707c7f8,9,6,6.13,258,PAPER,0,27,0,54,63,45,0.231,0.0,0.385,0.385,0.462,0.0,0.231,0.308,0.462,0.0,0.308,0.231,162,1,1,0,0,0,0,72,107,76,108,147,9.1,0.009,38,0.63,22,0,15,30.0,2.4,0.95,2.1,4,45,1.15,0.55,1.9,1.1,0.65,0.55
0ac4f410-c086-4a92-be33-c77f87e371d7,7,6,4.44,225,SCISSORS,0,0,21,25,32,39,0.083,0.0,0.25,0.667,0.25,0.0,0.083,0.667,0.75,0.0,0.25,0.0,96,0,0,0,0,0,0,50,67,47,65,74,6.8,0.004,25,0.42,13,0,15,30.0,2.4,0.95,2.1,4,45,1.15,0.55,1.9,1.1,0.65,0.55
cc490baa-ba3c-4ca9-9dea-c761c5b3c83d,8,5,3.28,164,ROCK,24,0,0,36,20,28,0.444,0.0,0.222,0.333,0.222,0.0,0.667,0.111,0.222,0.0,0.333,0.444,84,1,0,0,1,0,0,34,49,28,48,71,6.63,0.001,72,1.2,23,0,15,30.0,2.4,0.95,2.1,4,45,1.15,0.55,1.9,1.1,0.65,0.55
a0fa6e67-1820-4eff-86f3-819bf917f94d,6,4,6.64,365,SCISSORS,0,0,18,30,36,42,0.053,0.0,0.263,0.684,0.526,0.0,0.105,0.368,0.211,0.0,0.105,0.684,108,1,0,1,0,0,0,52,65,39,61,86,6.06,0.008,33,0.55,12,0,15,30.0,2.4,0.95,2.1,4,45,1.15,0.55,1.9,1.1,0.65,0.55
670e18a7-4b95-49bb-ba7c-719b9c381851,9,3,0.81,33,ROCK,27,0,0,21,3,12,0.0,0.0,1.0,0.0,0.0,0.0,0.5,0.5,0.0,0.0,1.0,0.0,36,1,0,0,1,0,0,5,17,3,17,26,6.53,0.024,9,0.15,5,0,15,30.0,2.4,0.95,2.1,4,45,1.15,0.55,1.9,1.1,0.65,0.55
24d63170-ded1-42cd-8876-df549b08bc4a,9,6,1.61,77,ROCK,27,0,0,24,6,15,0.5,0.0,0.25,0.25,0.0,0.0,0.75,0.25,0.0,0.0,0.5,0.5,45,1,0,0,1,0,0,19,20,18,22,35,7.47,0.0,49,0.82,18,0,15,30.0,2.4,0.95,2.1,4,45,1.15,0.55,1.9,1.1,0.65,0.55
75356512-205a-4494-bbad-c9bc1582069d,7,3,1.56,86,PAPER,0,21,0,12,19,5,0.0,0.0,0.4,0.6,0.6,0.0,0.2,0.2,0.0,0.0,0.8,0.2,36,1,1,0,0,0,0,6,10,7,11,26,6.64,0.017,50,0.83,17,0,15,30.0,2.4,0.95,2.1,4,45,1.15,0.55,1.9,1.1,0.65,0.55
011e46a3-f253-40eb-ab2c-b82ba6474957,5,6,2.15,125,SCISSORS,0,0,15,11,16,21,0.0,0.0,0.571,0.429,0.143,0.0,0.143,0.714,0.429,0.0,0.143,0.429,48,1,0,1,0,0,0,36,27,33,29,33,4.75,0.004,29,0.48,10,0,15,30.0,2.4,0.95,2.1,4,45,1.15,0.55,1.9,1.1,0.65,0.55
c9f40c24-5bc4-4a00-80c2-248bb0e33cb7,6,4,6.44,341,SCISSORS,0,0,18,38,44,50,0.059,0.0,0.235,0.706,0.588,0.0,0.059,0.353,0.294,0.0,0.118,0.588,132,1,0,1,0,0,0,54,86,49,83,93,5.94,0.0,41,0.68,13,0,15,30.0,2.4,0.95,2.1,4,45,1.15,0.55,1.9,1.1,0.65,0.55
278c93b7-1b3d-4a09-8d3d-850dddb1d115,7,3,2.44,99,PAPER,0,21,0,38,45,31,0.0,0.0,0.4,0.6,0.4,0.0,0.6,0.0,0.0,0.0,0.2,0.8,114,1,1,0,0,0,0,15,28,16,33,98,7.39,0.001,11,0.18,8,0,15,30.0,2.4,0.95,2.1,4,45,1.15,0.55,1.9,1.1,0.65,0.55
43b2ae6a-2ce5-4e90-873d-8d123e31f8c4,6,3,1.88,100,PAPER,0,18,0,16,22,10,0.0,0.0,0.8,0.2,0.4,0.0,0.6,0.0,0.0,0.0,0.6,0.4,48,1,1,0,0,0,0,21,33,21,29,33,5.27,0.022,20,0.33,4,0,15,30.0,2.4,0.95,2.1,4,45,1.15,0.55,1.9,1.1,0.65,0.55
275f5d2d-6877-4085-b05a-2a1625539f4c,7,5,4.97,257,SCISSORS,0,0,21,22,29,36,0.154,0.0,0.231,0.615,0.077,0.0,0.154,0.769,0.846,0.0,0.154,0.0,87,1,0,1,0,0,0,50,69,45,78,69,7.61,0.0,49,0.82,4,0,15,30.0,2.4,0.95,2.1,4,45,1.15,0.55,1.9,1.1,0.65,0.55
f0ea0382-689e-439e-8cf7-d3e869369635,7,6,1.39,74,SCISSORS,0,0,21,6,13,20,0.0,0.0,1.0,0.0,0.0,0.0,0.5,0.5,0.5,0.0,0.5,0.0,39,1,0,1,0,0,0,19,22,14,22,29,5.69,0.0,50,0.83,16,0,15,30.0,2.4,0.95,2.1,4,45,1.15,0.55,1.9,1.1,0.65,0.55
53e702a0-ad85-4df6-bc1f-6f1bdf4e7edb,6,3,4.92,265,PAPER,0,18,0,28,34,22,0.214,0.0,0.143,0.643,0.357,0.0,0.071,0.571,0.357,0.0,0.429,0.214,84,1,1,0,0,0,0,13,41,19,39,67,6.48,0.004,45,0.75,14,0,15,30.0,2.4,0.95,2.1,4,45,1.15,0.55,1.9,1.1,0.65,0.55
b19b8ddf-a811-466a-951d-8f88882f5a16,7,6,1.45,67,SCISSORS,0,0,21,14,21,28,0.0,0.0,0.5,0.5,0.0,0.0,0.5,0.5,0.25,0.0,0.25,0.5,63,0,0,0,0,0,0,34,42,32,44,51,8.48,0.004,23,0.38,9,0,15,30.0,2.4,0.95,2.1,4,45,1.15,0.55,1.9,1.1,0.65,0.55
6fa9765a-ba70-4a09-b7d2-72e931b515af,5,5,1.65,112,PAPER,0,15,0,9,14,4,0.333,0.0,0.333,0.333,0.333,0.0,0.167,0.5,0.333,0.0,0.333,0.333,27,1,1,0,0,0,0,12,7,11,7,24,5.74,0.026,48,0.8,12,0,15,30.0,2.4,0.95,2.1,4,45,1.15,0.55,1.9,1.1,0.65,0.55
69b9deac-22da-477b-b69d-f0746ddb5825,8,5,1.76,80,ROCK,24,0,0,25,9,17,0.25,0.0,0.25,0.5,0.0,0.0,0.5,0.5,0.25,0.0,0.5,0.25,51,1,0,0,1,0,0,23,30,25,31,37,6.22,0.0,36,0.6,11,0,15,30.0,2.4,0.95,2.1,4,45,1.15,0.55,1.9,1.1,0.65,0.55
ec1f1441-cdb6-4698-9dc6-a29ef014eff5,9,5,1.83,79,SCISSORS,0,0,27,17,26,35,0.0,0.0,0.75,0.25,0.25,0.0,0.5,0.25,0.25,0.0,0.5,0.25,78,1,0,1,0,0,0,38,51,40,54,56,6.53,0.0,27,0.45,16,0,15,30.0,2.4,0.95,2.1,4,45,1.15,0.55,1.9,1.1,0.65,0.55
6f32f390-415a-471b-967d-5f1c7a033897,5,3,1.46,89,ROCK,15,0,0,15,5,10,0.6,0.0,0.4,0.0,0.0,0.0,0.8,0.2,0.0,0.0,0.2,0.8,30,1,0,0,1,0,0,13,9,17,12,24,5.0,0.007,57,0.95,11,0,15,30.0,2.4,0.95,2.1,4,45,1.15,0.55,1.9,1.1,0.65,0.55
44d711d6-0388-4693-9d18-0ae960cbc03d,9,5,1.54,70,SCISSORS,0,0,27,11,20,29,0.0,0.0,0.75,0.25,0.25,0.0,0.5,0.25,0.25,0.0,0.75,0.0,60,1,0,1,0,0,0,24,41,22,41,47,6.42,0.005,26,0.43,12,0,15,30.0,2.4,0.95,2.1,4,45,1.15,0.55,1.9,1.1,0.65,0.55
4e4b31a3-712c-47b7-b27a-0651edbff699,6,4,1.43,74,PAPER,0,18,0,11,17,5,0.0,0.0,0.75,0.25,0.5,0.0,0.5,0.0,0.0,0.0,0.5,0.5,33,1,1,0,0,0,0,5,16,6,16,30,7.42,0.009,22,0.37,8,0,15,30.0,2.4,0.95,2.1,4,45,1.15,0.55,1.9,1.1,0.65,0.55
64a18c85-a3e6-4bf4-953d-457c61b3e034,9,6,7.05,308,ROCK,27,0,0,68,50,59,0.312,0.062,0.188,0.438,0.312,0.0,0.438,0.25,0.5,0.0,0.125,0.375,177,1,0,0,1,0,0,97,130,92,126,151,8.84,0.009,76,1.27,26,0,15,30.0,2.4,0.95,2.1,4,45,1.15,0.55,1.9,1.1,0.65,0.55
31ce30f1-d636-455d-a1c1-b35ddeb1b7fb,7,4,5.58,263,ROCK,21,0,0,63,49,56,0.357,0.0,0.143,0.5,0.286,0.0,0.357,0.357,0.214,0.0,0.143,0.643,168,1,0,0,1,0,0,63,90,68,93,145,7.73,0.001,43,0.72,16,0,15,30.0,2.4,0.95,2.1,4,45,1.15,0.55,1.9,1.1,0.65,0.55
52dd08e0-4f39-463f-864a-3fce509ebfc8,9,3,2.57,106,PAPER,0,27,0,37,46,28,0.0,0.0,0.5,0.5,0.5,0.0,0.5,0.0,0.0,0.0,0.5,0.5,111,1,1,0,0,0,0,17,57,21,57,94,9.24,0.007,6,0.1,6,0,15,30.0,2.4,0.95,2.1,4,45,1.15,0.55,1.9,1.1,0.65,0.55
97a6ff4a-8123-42c0-b265-aade9ae4fff4,7,5,3.71,188,SCISSORS,0,0,21,20,27,34,0.3,0.0,0.3,0.4,0.3,0.0,0.2,0.5,0.4,0.0,0.2,0.4,81,1,0,1,0,0,0,37,54,38,52,66,7.59,0.003,40,0.67,18,0,15,30.0,2.4,0.95,2.1,4,45,1.15,0.55,1.9,1.1,0.65,0.55
dbd56a25-afca-4d64-8ac5-4ec885d22f1b,6,5,0.77,45,SCISSORS,0,0,18,2,8,14,0.0,0.0,1.0,0.0,0.0,0.0,0.333,0.667,0.667,0.0,0.333,0.0,24,0,0,0,0,0,0,13,9,16,8,21,5.58,0.0,25,0.42,13,0,15,30.0,2.4,0.95,2.1,4,45,1.15,0.55,1.9,1.1,0.65,0.55
4bf982b7-0631-4e44-9adb-3e4a9d7438c6,7,6,3.92,174,SCISSORS,0,0,21,31,38,45,0.0,0.0,0.556,0.444,0.111,0.0,0.111,0.778,0.444,0.0,0.222,0.333,114,1,0,1,0,0,0,64,73,67,76,101,6.89,0.011,42,0.7,16,0,15,30.0,2.4,0.95,2.1,4,45,1.15,0.55,1.9,1.1,0.65,0.55
26c73885-d8ea-4465-885a-edad1eded7d3,5,5,1.04,63,PAPER,0,15,0,10,15,5,0.0,0.0,0.5,0.5,0.5,0.0,0.25,0.25,0.0,0.0,0.75,0.25,30,0,0,0,0,0,0,17,15,16,16,21,5.43,0.005,31,0.52,12,0,15,30.0,2.4,0.95,2.1,4,45,1.15,0.55,1.9,1.1,0.65,0.55
1f9abfbd-a22d-426d-acfe-6b9e9f0215e4,7,4,0.94,41,ROCK,21,0,0,22,8,15,0.0,0.0,1.0,0.0,0.0,0.0,0.5,0.5,0.0,0.0,1.0,0.0,45,0,0,0,0,0,0,16,26,14,25,39,7.51,0.062,17,0.28,6,0,15,30.0,2.4,0.95,2.1,4,45,1.15,0.55,1.9,1.1,0.65,0.55
a13d5471-ebe9-424e-b665-2cb4c22ffb14,9,3,0.83,34,SCISSORS,0,0,27,3,12,21,0.0,0.0,1.0,0.0,0.0,0.0,0.5,0.5,0.5,0.0,0.5,0.0,36,1,0,1,0,0,0,3,9,7,9,23,6.36,0.0,22,0.37,13,0,15,30.0,2.4,0.95,2.1,4,45,1.15,0.55,1.9,1.1,0.65,0.55
f7706bf2-5115-4ddc-b2e9-1671843578c8,6,4,4.76,267,ROCK,18,0,0,35,23,29,0.143,0.0,0.143,0.714,0.143,0.0,0.357,0.5,0.643,0.0,0.071,0.286,87,1,0,0,1,0,0,51,48,42,49,69,6.79,0.008,43,0.72,14,0,15,30.0,2.4,0.95,2.1,4,45,1.15,0.55,1.9,1.1,0.65,0.55
8decfdc1-b908-4124-9ae4-33844d1a5d66,7,6,4.5,237,ROCK,21,0,0,39,25,32,0.333,0.0,0.167,0.5,0.25,0.0,0.25,0.5,0.25,0.0,0.25,0.5,96,1,0,0,1,0,0,49,73,52,72,72,7.33,0.004,49,0.82,17,0,15,30.0,2.4,0.95,2.1,4,45,1.15,0.55,1.9,1.1,0.65,0.55
ecf57691-2df3-4a41-980c-4b39d9f72eb0,7,6,1.96,96,ROCK,21,0,0,24,10,17,0.2,0.0,0.2,0.6,0.0,0.0,0.6,0.4,0.4,0.0,0.4,0.2,51,1,0,0,1,0,0,38,31,26,32,45,6.51,0.0,32,0.53,15,0,15,30.0,2.4,0.95,2.1,4,45,1.15,0.55,1.9,1.1,0.65,0.55
23a24253-d2d5-4530-bf45-530d5976e538,7,3,2.22,107,ROCK,21,0,0,30,16,23,0.5,0.0,0.333,0.167,0.0,0.0,0.833,0.167,0.167,0.0,0.333,0.5,69,1,0,0,1,0,0,14,28,22,26,57,7.36,0.013,47,0.78,20,0,15,30.0,2.4,0.95,2.1,4,45,1.15,0.55,1.9,1.1,0.65,0.55
3a098fb7-8093-4641-a77e-14f542c39d61,6,4,2.03,115,SCISSORS,0,0,18,6,12,18,0.0,0.0,0.167,0.833,0.333,0.0,0.333,0.333,0.5,0.0,0.167,0.333,36,1,0,1,0,0,0,21,23,19,21,23,6.56,0.004,7,0.12,4,0,15,30.0,2.4,0.95,2.1,4,45,1.15,0.55,1.9,1.1,0.65,0.55
ce79cbe5-9e33-43bd-b12b-274108654362,7,5,2.91,150,PAPER,0,21,0,22,29,15,0.25,0.0,0.25,0.5,0.375,0.0,0.25,0.375,0.0,0.0,0.375,0.625,66,1,1,0,0,0,0,38,41,39,44,58,6.98,0.005,42,0.7,16,0,15,30.0,2.4,0.95,2.1,4,45,1.15,0.55,1.9,1.1,0.65,0.55
c27dbc0e-c97d-4804-99c3-37269190fbb6,6,5,3.66,205,PAPER,0,18,0,26,32,20,0.091,0.0,0.182,0.727,0.364,0.0,0.273,0.364,0.364,0.0,0.455,0.182,78,1,1,0,0,0,0,22,40,21,41,66,6.71,0.003,25,0.42,13,0,15,30.0,2.4,0.95,2.1,4,45,1.15,0.55,1.9,1.1,0.65,0.55
4a2bc496-f38e-4a5f-9b05-4a7f4065ba01,6,6,6.94,379,ROCK,18,0,0,48,36,42,0.211,0.0,0.053,0.737,0.105,0.0,0.316,0.579,0.579,0.0,0.105,0.316,126,0,0,0,0,0,0,66,77,72,83,103,6.57,0.0,83,1.38,16,0,15,30.0,2.4,0.95,2.1,4,45,1.15,0.55,1.9,1.1,0.65,0.55
ea1d2567-c276-45cc-be46-35d6b30f12aa,9,5,3.39,141,ROCK,27,0,0,54,36,45,0.143,0.0,0.429,0.429,0.143,0.0,0.571,0.286,0.286,0.0,0.286,0.429,135,1,0,0,1,0,0,64,98,73,97,116,9.31,0.007,37,0.62,20,0,15,30.0,2.4,0.95,2.1,4,45,1.15,0.55,1.9,1.1,0.65,0.55
6e5e66c3-0de8-4772-b9d4-604bfe400d69,8,3,1.39,66,ROCK,24,0,0,24,8,16,0.75,0.0,0.25,0.0,0.0,0.0,1.0,0.0,0.0,0.0,0.25,0.75,48,0,0,0,0,0,0,12,17,14,18,36,6.33,0.0,46,0.77,16,0,15,30.0,2.4,0.95,2.1,4,45,1.15,0.55,1.9,1.1,0.65,0.55
0d28d291-baa0-4b8d-ac6c-4d3937342312,9,3,2.85,114,SCISSORS,0,0,27,29,38,47,0.167,0.0,0.833,0.0,0.0,0.0,0.333,0.667,0.667,0.0,0.333,0.0,114,0,0,0,0,0,0,47,80,41,77,101,8.21,0.016,34,0.57,16,0,15,30.0,2.4,0.95,2.1,4,45,1.15,0.55,1.9,1.1,0.65,0.55
69b9ced5-c9f3-4f46-8381-8102de0cd79c,8,3,6.98,306,SCISSORS,0,0,24,38,46,54,0.188,0.0,0.25,0.562,0.438,0.0,0.125,0.438,0.688,0.0,0.062,0.25,138,1,0,1,0,0,0,45,85,33,83,117,6.9,0.004,34,0.57,10,0,15,30.0,2.4,0.95,2.1,4,45,1.15,0.55,1.9,1.1,0.65,0.55
17b8ca60-855b-44a0-ac09-b6af4ed4107d,9,4,2.67,102,ROCK,27,0,0,49,31,40,0.5,0.0,0.5,0.0,0.0,0.0,0.667,0.333,0.333,0.0,0.333,0.333,120,1,0,0,1,0,0,57,66,58,64,108,9.8,0.016,30,0.5,13,0,15,30.0,2.4,0.95,2.1,4,45,1.15,0.55,1.9,1.1,0.65,0.55
5a29443b-3c76-43d0-bc94-bc758029349d,5,3,2.57,149,PAPER,0,15,0,20,25,15,0.375,0.0,0.25,0.375,0.25,0.0,0.125,0.625,0.0,0.0,0.25,0.75,60,0,0,0,0,0,0,28,36,27,36,47,5.52,0.005,21,0.35,6,0,15,30.0,2.4,0.95,2.1,4,45,1.15,0.55,1.9,1.1,0.65,0.55
67fadd84-2dca-4eab-94f2-37169b452f6b,19,6,28.23,1694,PAPER,0,39,0,55,68,42,0.298,0.029,0.398,0.274,0.531,0.1,0.206,0.162,0.575,0.086,0.295,0.044,165,1,1,0,0,0,0,23,112,28,113,141,9.16,0.007,184,3.07,36,0,18,30.0,2.4,0.95,2.1,4,45,1.15,0.55,1.9,1.1,0.65,0.55
f2436cc5-0d17-407a-adae-579f11c15302,9,6,22.28,1337,ROCK,57,0,0,79,41,60,0.287,0.045,0.481,0.187,0.448,0.022,0.418,0.112,0.496,0.086,0.351,0.067,180,1,0,0,1,0,0,46,118,45,122,171,15.08,0.003,197,3.28,19,0,18,30.0,2.4,0.95,2.1,4,45,1.15,0.55,1.9,1.1,0.65,0.55
f673f705-b455-4a16-9295-d104e95d6cfa,9,4,55.32,3319,ROCK,27,0,0,94,76,85,0.437,0.027,0.227,0.309,0.48,0.035,0.197,0.288,0.541,0.011,0.152,0.297,255,1,0,0,1,0,0,42,124,44,117,217,8.35,0.008,289,4.82,22,0,18,30.0,2.4,0.95,2.1,4,45,1.15,0.55,1.9,1.1,0.65,0.55
e9198d2a-bb06-452e-8d9e-8da1a8413cee,11,6,26.42,1585,PAPER,0,27,0,20,29,11,0.224,0.041,0.555,0.18,0.375,0.054,0.309,0.262,0.495,0.016,0.347,0.142,60,1,1,0,0,0,0,19,36,18,36,48,7.5,0.015,175,2.92,8,0,18,30.0,2.4,0.95,2.1,4,45,1.15,0.55,1.9,1.1,0.65,0.55
089a62b6-3b77-4339-a112-cdc3ca0a61c1,6,6,36.45,2187,SCISSORS,0,0,33,45,56,67,0.233,0.164,0.388,0.215,0.505,0.151,0.21,0.135,0.742,0.064,0.194,0.0,168,1,0,1,0,0,0,23,103,30,104,146,8.53,0.005,172,2.87,6,0,18,30.0,2.4,0.95,2.1,4,45,1.15,0.55,1.9,1.1,0.65,0.55
090d91d0-6503-4657-9ac6-e41993688434,8,9,15.52,931,ROCK,18,0,0,18,6,12,0.258,0.0,0.425,0.317,0.344,0.0,0.532,0.124,0.392,0.0,0.312,0.296,36,1,0,0,1,0,0,7,14,10,14,25,5.0,0.0,366,6.1,16,0,18,30.0,2.4,0.95,2.1,4,45,1.15,0.55,1.9,1.1,0.65,0.55
0b63f9c7-735b-4ba3-be39-88ce0b4ff7a8,7,10,19.12,1147,ROCK,24,0,0,29,13,21,0.187,0.043,0.522,0.248,0.409,0.0,0.491,0.1,0.343,0.0,0.4,0.257,63,1,0,0,1,0,0,15,33,16,34,48,6.79,0.004,222,3.7,19,0,18,30.0,2.4,0.95,2.1,4,45,1.15,0.55,1.9,1.1,0.65,0.55
a57f4d3d-7c22-4ff0-bdb8-8051a5d2da0c,12,8,21.1,1266,ROCK,21,0,0,23,9,16,0.146,0.0,0.605,0.249,0.474,0.0,0.462,0.063,0.415,0.0,0.466,0.119,48,1,0,0,1,0,0,9,22,14,22,36,5.71,0.0,306,5.1,19,0,18,30.0,2.4,0.95,2.1,4,45,1.15,0.55,1.9,1.1,0.65,0.55
04569f38-4551-4e29-b892-a1c28348b94d,16,6,20.37,1222,ROCK,36,0,0,36,12,24,0.147,0.045,0.576,0.233,0.339,0.106,0.535,0.02,0.424,0.0,0.457,0.118,72,1,0,0,1,0,0,16,33,20,32,68,9.14,0.0,262,4.37,30,0,18,30.0,2.4,0.95,2.1,4,45,1.15,0.55,1.9,1.1,0.65,0.55
671bea15-f8da-4680-b2b3-f3a84fa82d4a,20,6,41.35,2481,SCISSORS,0,0,48,103,119,135,0.298,0.226,0.327,0.149,0.593,0.188,0.177,0.042,0.577,0.123,0.163,0.137,357,0,0,0,0,0,0,84,255,96,257,324,10.48,0.0,216,3.6,16,0,18,30.0,2.4,0.95,2.1,4,45,1.15,0.55,1.9,1.1,0.65,0.55
1369acd0-2a7c-4982-954e-aa4502d80e96,16,5,28.73,1724,SCISSORS,0,0,60,83,103,123,0.249,0.11,0.539,0.101,0.394,0.2,0.281,0.125,0.586,0.064,0.261,0.09,309,1,0,1,0,0,0,58,228,57,223,289,10.2,0.0,334,5.57,58,0,19,30.0,2.4,0.95,2.1,4,45,1.15,0.55,1.9,1.1,0.65,0.55
2628baf6-6ee4-4580-a9c1-7482673d50ae,16,8,20.4,1224,ROCK,48,0,0,65,33,49,0.147,0.253,0.506,0.094,0.327,0.196,0.433,0.045,0.535,0.033,0.343,0.09,147,1,0,0,1,0,0,39,117,46,116,138,10.59,0.0,194,3.23,29,0,19,30.0,2.4,0.95,2.1,4,45,1.15,0.55,1.9,1.1,0.65,0.55
64d6e968-621b-4cb7-8e91-7a9452919c7f,17,7,25.45,1527,SCISSORS,0,0,48,55,71,87,0.186,0.242,0.529,0.042,0.493,0.02,0.304,0.183,0.49,0.036,0.281,0.193,213,1,0,1,0,0,0,38,145,42,144,193,9.5,0.0,322,5.37,46,0,21,30.0,2.4,0.95,2.1,4,45,1.15,0.55,1.9,1.1,0.65,0.55
54abe78a-84d3-4ad9-b816-3b8ca7c39c06,18,5,36.93,2216,PAPER,0,51,0,131,148,114,0.388,0.284,0.196,0.131,0.643,0.126,0.084,0.147,0.609,0.147,0.149,0.095,393,1,1,0,0,0,0,70,293,89,294,378,11.84,0.0,216,3.6,38,0,21,30.0,2.4,0.95,2.1,4,45,1.15,0.55,1.9,1.1,0.65,0.55
987a2b34-ae0f-4aad-a5e4-04f1334a5e79,12,7,36.57,2194,SCISSORS,0,0,54,108,126,144,0.353,0.146,0.369,0.132,0.524,0.123,0.194,0.159,0.581,0.05,0.178,0.191,378,1,0,1,0,0,0,100,250,118,248,352,11.76,0.0,274,4.57,43,0,21,30.0,2.4,0.95,2.1,4,45,1.15,0.55,1.9,1.1,0.65,0.55
1a056b16-6a59-4c15-b9d6-c27576342711,19,5,35.55,2133,ROCK,36,0,0,78,54,66,0.347,0.171,0.351,0.131,0.426,0.094,0.328,0.152,0.56,0.059,0.22,0.162,198,1,0,0,1,0,0,31,117,29,118,175,9.3,0.0,373,6.22,34,0,21,30.0,2.4,0.95,2.1,4,45,1.15,0.55,1.9,1.1,0.65,0.55
2f0a3233-01f0-4b6b-8c67-ccb1c59555a0,5,6,34.87,2092,PAPER,0,57,0,141,160,122,0.308,0.205,0.296,0.191,0.592,0.103,0.165,0.141,0.601,0.055,0.222,0.122,423,1,1,0,0,0,0,74,238,62,241,405,12.9,0.0,182,3.03,34,0,24,30.0,2.4,0.95,2.1,4,45,1.15,0.55,1.9,1.1,0.65,0.55
16e38608-89f2-41ca-b71e-64f55dcfa4e8,10,8,25.62,1537,PAPER,0,15,0,18,23,13,0.114,0.0,0.416,0.471,0.39,0.0,0.302,0.308,0.305,0.0,0.494,0.201,54,1,1,0,0,0,0,13,31,18,30,38,4.98,0.0,402,6.7,14,0,24,30.0,2.4,0.95,2.1,4,45,1.15,0.55,1.9,1.1,0.65,0.55
1fb806d6-e85b-4fea-8ca5-d90920b37f20,12,9,27.32,1639,PAPER,0,30,0,34,44,24,0.271,0.107,0.445,0.177,0.485,0.018,0.284,0.213,0.439,0.0,0.396,0.165,102,1,1,0,0,0,0,33,66,40,70,82,6.71,0.0,234,3.9,15,0,24,30.0,2.4,0.95,2.1,4,45,1.15,0.55,1.9,1.1,0.65,0.55
104de6ca-24a0-4e67-aad6-dcfda18e16fb,8,4,24.87,1492,SCISSORS,0,0,36,28,40,52,0.207,0.171,0.512,0.11,0.535,0.117,0.278,0.07,0.518,0.013,0.254,0.214,120,1,0,1,0,0,0,13,39,18,39,105,8.04,0.0,237,3.95,24,0,24,30.0,2.4,0.95,2.1,4,45,1.15,0.55,1.9,1.1,0.65,0.55
37e0894d-8352-41af-b49d-d85a6868f990,16,5,22.27,1336,SCISSORS,0,0,24,18,26,34,0.184,0.109,0.551,0.157,0.472,0.0,0.3,0.228,0.468,0.0,0.273,0.258,78,1,0,1,0,0,0,19,44,21,44,66,6.87,0.0,196,3.27,18,0,24,30.0,2.4,0.95,2.1,4,45,1.15,0.55,1.9,1.1,0.65,0.55
1b522595-1e84-458c-b00f-685d29367b49,15,4,17.15,1029,ROCK,48,0,0,59,27,43,0.272,0.117,0.413,0.199,0.451,0.053,0.427,0.068,0.573,0.0,0.228,0.199,129,1,0,0,1,0,0,20,89,19,89,114,10.74,0.0,334,5.57,30,0,24,30.0,2.4,0.95,2.1,4,45,1.15,0.55,1.9,1.1,0.65,0.55
29e2ec96-9ba5-4fce-9f5b-d69c9f048b14,11,7,14.8,888,SCISSORS,0,0,45,19,34,49,0.309,0.067,0.59,0.034,0.601,0.0,0.27,0.129,0.455,0.264,0.23,0.051,102,1,0,1,0,0,0,32,61,30,65,97,10.84,0.0,253,4.22,30,0,24,30.0,2.4,0.95,2.1,4,45,1.15,0.55,1.9,1.1,0.65,0.55
43b93c49-68c9-42a6-b998-d08d608242e4,13,4,27.12,1627,ROCK,33,0,0,51,29,40,0.433,0.0,0.368,0.199,0.543,0.037,0.267,0.153,0.42,0.117,0.166,0.298,120,1,0,0,1,0,0,11,59,19,62,104,9.21,0.0,202,3.37,23,0,24,30.0,2.4,0.95,2.1,4,45,1.15,0.55,1.9,1.1,0.65,0.55
a2c5120f-2ec3-42d1-820c-b94cef0e5285,14,7,18.35,1101,ROCK,39,0,0,52,26,39,0.341,0.082,0.35,0.227,0.486,0.077,0.345,0.091,0.514,0.141,0.286,0.059,117,1,0,0,1,0,0,18,86,18,84,98,7.47,0.0,201,3.35,19,0,24,30.0,2.4,0.95,2.1,4,45,1.15,0.55,1.9,1.1,0.65,0.55
a612043b-f686-43f7-9218-60d35bb26d96,7,5,27.38,1643,SCISSORS,0,0,42,61,75,89,0.267,0.058,0.413,0.261,0.301,0.085,0.204,0.41,0.568,0.091,0.225,0.116,225,1,0,1,0,0,0,29,94,29,92,198,9.39,0.0,323,5.38,40,0,24,30.0,2.4,0.95,2.1,4,45,1.15,0.55,1.9,1.1,0.65,0.55
fc99329a-8a63-4e6b-8c27-a564610a1f0a,12,7,20.73,1244,ROCK,21,0,0,26,12,19,0.201,0.0,0.534,0.265,0.41,0.012,0.526,0.052,0.353,0.0,0.41,0.237,57,0,0,0,0,0,0,13,29,13,30,39,4.72,0.0,294,4.9,19,0,24,30.0,2.4,0.95,2.1,4,45,1.15,0.55,1.9,1.1,0.65,0.55
2fdae503-4810-46d4-b32a-d2e6798cf341,17,8,24.78,1487,ROCK,36,0,0,54,30,42,0.185,0.279,0.409,0.128,0.581,0.081,0.289,0.05,0.711,0.0,0.242,0.047,126,1,0,0,1,0,0,21,98,31,100,115,8.98,0.0,177,2.95,20,0,24,30.0,2.4,0.95,2.1,4,45,1.15,0.55,1.9,1.1,0.65,0.55
6dd66959-7d85-4d28-ac65-f494674dae5b,20,4,27.82,1669,ROCK,51,0,0,101,67,84,0.314,0.111,0.368,0.207,0.374,0.126,0.278,0.222,0.587,0.015,0.234,0.165,252,1,0,0,1,0,0,49,166,51,171,236,11.62,0.0,204,3.4,25,0,24,30.0,2.4,0.95,2.1,4,45,1.15,0.55,1.9,1.1,0.65,0.55
d16cb112-a52a-41e0-8071-858e327c0f28,5,5,20.12,1207,ROCK,60,0,0,78,38,58,0.145,0.198,0.579,0.079,0.45,0.091,0.397,0.062,0.603,0.0,0.355,0.041,174,1,0,0,1,0,0,22,136,22,136,162,10.59,0.0,177,2.95,16,0,24,30.0,2.4,0.95,2.1,4,45,1.15,0.55,1.9,1.1,0.65,0.55
670654ef-aadb-474a-b333-d6cf6c0884ed,17,6,25.3,1518,SCISSORS,0,0,15,11,16,21,0.24,0.0,0.339,0.421,0.405,0.0,0.174,0.421,0.444,0.0,0.151,0.405,48,1,0,1,0,0,0,19,29,17,25,30,4.77,0.0,238,3.97,12,0,24,30.0,2.4,0.95,2.1,4,45,1.15,0.55,1.9,1.1,0.65,0.55
21a42b56-69e2-4a21-b36e-a745ed6dba7b,7,6,21.92,1315,SCISSORS,0,0,51,37,54,71,0.205,0.046,0.696,0.053,0.456,0.0,0.357,0.186,0.426,0.061,0.331,0.183,162,1,0,1,0,0,0,20,100,27,100,148,11.17,0.0,255,4.25,27,0,24,30.0,2.4,0.95,2.1,4,45,1.15,0.55,1.9,1.1,0.65,0.55
13ac48a3-5c88-432c-b6e2-c4661a2b1261,20,9,18.58,1115,PAPER,0,21,0,14,21,7,0.327,0.0,0.48,0.193,0.422,0.0,0.318,0.26,0.332,0.139,0.399,0.13,42,1,1,0,0,0,0,7,27,12,26,29,5.76,0.0,90,1.5,9,0,24,30.0,2.4,0.95,2.1,4,45,1.15,0.55,1.9,1.1,0.65,0.55
839ff6ff-3672-457e-90f8-73c2966e3c8c,8,4,32.75,1965,ROCK,60,0,0,120,80,100,0.318,0.153,0.331,0.198,0.443,0.158,0.344,0.056,0.483,0.051,0.216,0.249,300,1,0,0,1,0,0,30,160,40,162,276,11.63,0.0,355,5.92,59,0,24,30.0,2.4,0.95,2.1,4,45,1.15,0.55,1.9,1.1,0.65,0.55
30af0c5d-62c3-47e5-98e5-a6a97dff430d,6,9,41.97,2518,SCISSORS,0,0,24,48,56,64,0.319,0.0,0.373,0.308,0.399,0.0,0.194,0.407,0.488,0.081,0.181,0.25,168,1,0,1,0,0,0,63,96,71,99,139,6.97,0.0,268,4.47,13,0,24,30.0,2.4,0.95,2.1,4,45,1.15,0.55,1.9,1.1,0.65,0.55
155c2de1-964a-46b5-93c8-7962c6b6e439,20,5,31.02,1861,SCISSORS,0,0,18,19,25,31,0.223,0.0,0.522,0.255,0.293,0.0,0.258,0.449,0.492,0.0,0.239,0.269,75,1,0,1,0,0,0,15,36,27,32,54,5.07,0.0,411,6.85,16,0,24,30.0,2.4,0.95,2.1,4,45,1.15,0.55,1.9,1.1,0.65,0.55
fbc35d84-885f-4d21-ab0f-56de9df51c43,17,10,25.45,1527,SCISSORS,0,0,60,53,73,93,0.252,0.108,0.559,0.082,0.425,0.095,0.32,0.16,0.467,0.042,0.297,0.193,219,1,0,1,0,0,0,50,120,55,119,210,11.71,0.0,237,3.95,30,0,24,30.0,2.4,0.95,2.1,4,45,1.15,0.55,1.9,1.1,0.65,0.55
576fb5de-b82e-4fdc-bda6-e981056fe00a,15,4,23.08,1385,ROCK,51,0,0,60,26,43,0.202,0.036,0.552,0.209,0.336,0.079,0.527,0.058,0.473,0.0,0.35,0.177,129,1,0,0,1,0,0,15,53,19,54,118,10.23,0.001,360,6.0,50,0,24,30.0,2.4,0.95,2.1,4,45,1.15,0.55,1.9,1.1,0.65,0.55
d480efe8-cc03-4f33-b1ad-ad00e0bf5601,12,6,27.82,1669,ROCK,45,0,0,88,58,73,0.359,0.078,0.32,0.243,0.485,0.129,0.231,0.156,0.701,0.069,0.147,0.084,219,1,0,0,1,0,0,38,143,48,141,201,9.88,0.0,269,4.48,18,0,24,30.0,2.4,0.95,2.1,4,45,1.15,0.55,1.9,1.1,0.65,0.55
a8a52feb-b6a2-4bbe-91fc-5b9cbd3b8799,19,4,37.3,2238,ROCK,36,0,0,92,68,80,0.404,0.092,0.295,0.21,0.433,0.183,0.225,0.158,0.562,0.078,0.185,0.174,240,1,0,0,1,0,0,36,134,26,128,216,8.7,0.0,228,3.8,9,0,24,30.0,2.4,0.95,2.1,4,45,1.15,0.55,1.9,1.1,0.65,0.55
32a6e36c-813f-4fbe-a1a4-d3669aa9fe89,18,5,21.4,1284,PAPER,0,57,0,52,71,33,0.342,0.0,0.564,0.093,0.482,0.097,0.346,0.074,0.428,0.035,0.467,0.07,156,1,1,0,0,0,0,18,117,24,114,150,12.87,0.0,239,3.98,36,0,24,30.0,2.4,0.95,2.1,4,45,1.15,0.55,1.9,1.1,0.65,0.55
da32ef75-7d1c-4bf9-af28-ac14dd2f9e5b,20,5,23.08,1385,ROCK,54,0,0,65,29,47,0.274,0.069,0.404,0.253,0.296,0.014,0.549,0.141,0.451,0.0,0.3,0.249,141,1,0,0,1,0,0,20,60,19,62,127,9.3,0.0,430,7.17,53,0,24,30.0,2.4,0.95,2.1,4,45,1.15,0.55,1.9,1.1,0.65,0.55
62c1affe-244f-4586-8fef-b11e17e302a3,20,9,25.07,1504,SCISSORS,0,0,60,95,115,135,0.269,0.302,0.412,0.017,0.522,0.076,0.183,0.219,0.611,0.073,0.159,0.156,345,1,0,1,0,0,0,75,275,82,265,328,10.76,0.0,219,3.65,57,0,24,30.0,2.4,0.95,2.1,4,45,1.15,0.55,1.9,1.1,0.65,0.55
acf5563a-41cc-47b1-94e1-c4ff582e5b55,10,8,41.78,2507,ROCK,60,0,0,199,159,179,0.448,0.275,0.175,0.102,0.45,0.253,0.173,0.124,0.713,0.114,0.088,0.086,537,1,0,0,1,0,0,138,445,152,448,513,11.97,0.005,247,4.12,46,0,24,30.0,2.4,0.95,2.1,4,45,1.15,0.55,1.9,1.1,0.65,0.55
bd251ba0-d398-4290-920b-c265937f591b,10,8,17.88,1073,SCISSORS,0,0,30,20,30,40,0.377,0.0,0.377,0.247,0.284,0.084,0.214,0.419,0.493,0.284,0.181,0.042,90,1,0,1,0,0,0,16,62,17,61,77,7.63,0.007,183,3.05,20,0,24,30.0,2.4,0.95,2.1,4,45,1.15,0.55,1.9,1.1,0.65,0.55
4cc359a3-b0b8-4ef7-8889-cf91d738583d,17,9,27.38,1643,ROCK,30,0,0,43,23,33,0.45,0.109,0.371,0.07,0.41,0.122,0.258,0.21,0.693,0.049,0.17,0.088,99,1,0,0,1,0,0,13,67,22,65,79,7.42,0.011,228,3.8,11,0,24,30.0,2.4,0.95,2.1,4,45,1.15,0.55,1.9,1.1,0.65,0.55
4fcddfad-3d9e-4f9e-bc50-a05858c4acac,8,10,18.25,1095,SCISSORS,0,0,51,54,71,88,0.292,0.242,0.461,0.005,0.425,0.1,0.183,0.292,0.63,0.142,0.151,0.078,213,0,0,0,0,0,0,23,122,40,121,195,12.52,0.003,240,4.0,38,0,24,30.0,2.4,0.95,2.1,4,45,1.15,0.55,1.9,1.1,0.65,0.55
de7216d3-ae34-43f2-ac30-9664d9dc7f0e,5,5,37.32,2239,SCISSORS,0,0,24,41,49,57,0.315,0.007,0.375,0.304,0.344,0.096,0.17,0.391,0.665,0.042,0.154,0.138,147,1,0,1,0,0,0,26,78,37,81,116,6.37,0.008,374,6.23,22,0,24,30.0,2.4,0.95,2.1,4,45,1.15,0.55,1.9,1.1,0.65,0.55
0b3bf8a9-2470-4a77-83fc-894c870ce5a7,11,5,41.25,2475,PAPER,0,15,0,41,46,36,0.275,0.0,0.18,0.545,0.398,0.0,0.117,0.485,0.301,0.0,0.147,0.552,123,1,1,0,0,0,0,30,44,32,40,82,5.34,0.006,155,2.58,3,0,24,30.0,2.4,0.95,2.1,4,45,1.15,0.55,1.9,1.1,0.65,0.55
60d78489-fb65-4b32-bab2-2a29fad75cd4,7,9,17.2,1032,SCISSORS,0,0,33,26,37,48,0.295,0.014,0.652,0.039,0.28,0.024,0.28,0.415,0.541,0.0,0.246,0.213,111,1,0,1,0,0,0,31,63,39,65,94,8.68,0.008,217,3.62,27,0,24,30.0,2.4,0.95,2.1,4,45,1.15,0.55,1.9,1.1,0.65,0.55
b6bef780-7222-40d6-b06a-6d6343eb4bc6,8,7,22.87,1372,SCISSORS,0,0,21,15,22,29,0.207,0.062,0.575,0.156,0.458,0.015,0.204,0.324,0.462,0.0,0.178,0.36,66,1,0,1,0,0,0,22,29,19,28,46,6.08,0.003,327,5.45,20,0,24,30.0,2.4,0.95,2.1,4,45,1.15,0.55,1.9,1.1,0.65,0.55
0180ee89-f758-4ae9-b28f-cdc7516921b3,18,6,31.08,1865,PAPER,0,24,0,41,49,33,0.429,0.027,0.33,0.214,0.33,0.107,0.164,0.399,0.718,0.048,0.19,0.043,123,1,1,0,0,0,0,21,63,17,61,100,6.8,0.005,105,1.75,12,0,24,30.0,2.4,0.95,2.1,4,45,1.15,0.55,1.9,1.1,0.65,0.55
45a0afaa-25bc-4a52-bb7a-f4b691b68efc,13,7,15.78,947,ROCK,54,0,0,60,24,42,0.253,0.105,0.474,0.168,0.337,0.021,0.484,0.158,0.516,0.0,0.337,0.147,126,1,0,0,1,0,0,23,78,28,76,117,9.47,0.003,207,3.45,33,0,24,30.0,2.4,0.95,2.1,4,45,1.15,0.55,1.9,1.1,0.65,0.55
ad64d858-52cb-4ce0-8a53-1132e9e2e76b,15,9,31.38,1883,ROCK,39,0,0,103,77,90,0.44,0.056,0.236,0.268,0.334,0.119,0.191,0.355,0.626,0.088,0.141,0.146,270,1,0,0,1,0,0,57,170,56,171,243,11.27,0.004,143,2.38,22,0,24,30.0,2.4,0.95,2.1,4,45,1.15,0.55,1.9,1.1,0.65,0.55
573c2357-23a9-476c-a18e-3457fadcad2e,7,8,16.7,1002,SCISSORS,0,0,45,43,58,73,0.383,0.164,0.363,0.09,0.363,0.02,0.129,0.488,0.557,0.02,0.095,0.328,174,1,0,1,0,0,0,34,96,41,95,159,11.29,0.007,212,3.53,30,0,24,30.0,2.4,0.95,2.1,4,45,1.15,0.55,1.9,1.1,0.65,0.55
007852ed-d6f5-4799-9cb9-1e2f64a33d43,17,9,39.1,2346,SCISSORS,0,0,21,39,46,53,0.328,0.0,0.307,0.365,0.305,0.013,0.092,0.591,0.727,0.0,0.077,0.196,138,1,0,1,0,0,0,52,98,52,94,91,5.33,0.005,396,6.6,20,0,24,30.0,2.4,0.95,2.1,4,45,1.15,0.55,1.9,1.1,0.65,0.55
2ab39e4e-8b7c-46c6-8f0f-b3eb9f3a1942,13,10,14.98,899,PAPER,0,51,0,40,57,23,0.394,0.0,0.511,0.094,0.35,0.089,0.344,0.217,0.294,0.089,0.478,0.139,120,1,1,0,0,0,0,30,86,34,86,109,11.23,0.005,164,2.73,20,0,24,30.0,2.4,0.95,2.1,4,45,1.15,0.55,1.9,1.1,0.65,0.55
9b8873f9-d547-455c-8ee9-6c8f04c3777e,6,4,30.27,1816,PAPER,0,39,0,70,83,57,0.427,0.063,0.281,0.229,0.328,0.08,0.163,0.43,0.449,0.165,0.245,0.14,210,1,1,0,0,0,0,37,102,35,103,188,10.4,0.011,206,3.43,29,0,24,30.0,2.4,0.95,2.1,4,45,1.15,0.55,1.9,1.1,0.65,0.55
6d4580a0-51e4-40ba-a16c-81b7b605199e,19,9,53.6,3216,SCISSORS,0,0,18,45,51,57,0.392,0.0,0.17,0.439,0.25,0.008,0.107,0.635,0.547,0.016,0.096,0.341,153,1,0,1,0,0,0,69,98,72,99,110,4.99,0.012,126,2.1,8,0,24,30.0,2.4,0.95,2.1,4,45,1.15,0.55,1.9,1.1,0.65,0.55
c0a8dbf9-2842-41db-8820-521c54d900ed,14,4,29.63,1778,ROCK,57,0,0,142,104,123,0.525,0.225,0.199,0.051,0.337,0.275,0.197,0.191,0.803,0.0,0.101,0.096,369,1,0,0,1,0,0,54,276,66,277,334,10.11,0.004,228,3.8,53,0,24,30.0,2.4,0.95,2.1,4,45,1.15,0.55,1.9,1.1,0.65,0.55
f54e8677-f938-42d0-aaaf-9986df311651,10,6,25.28,1517,ROCK,42,0,0,81,53,67,0.385,0.02,0.283,0.312,0.306,0.072,0.385,0.237,0.487,0.0,0.204,0.309,201,1,0,0,1,0,0,40,87,34,87,185,11.25,0.006,362,6.03,39,0,24,30.0,2.4,0.95,2.1,4,45,1.15,0.55,1.9,1.1,0.65,0.55
204c9985-bd01-4e0f-882c-054dd1f7fcc7,13,5,30.4,1824,ROCK,30,0,0,61,41,51,0.441,0.055,0.208,0.296,0.274,0.11,0.167,0.449,0.803,0.03,0.132,0.036,153,1,0,0,1,0,0,17,96,20,99,131,7.31,0.008,99,1.65,15,0,24,30.0,2.4,0.95,2.1,4,45,1.15,0.55,1.9,1.1,0.65,0.55
a2814cc9-15c7-4c3f-a5f9-1f6874b3b3a8,11,9,33.8,2028,ROCK,39,0,0,109,83,96,0.436,0.103,0.113,0.347,0.286,0.197,0.227,0.291,0.749,0.025,0.094,0.133,288,1,0,0,1,0,0,64,209,68,210,262,9.47,0.005,333,5.55,37,0,24,30.0,2.4,0.95,2.1,4,45,1.15,0.55,1.9,1.1,0.65,0.55
5d6c996a-b18e-4027-bc9e-092f562dcc61,9,8,21.73,1304,SCISSORS,0,0,33,24,35,46,0.299,0.038,0.433,0.23,0.349,0.061,0.222,0.368,0.513,0.042,0.195,0.249,105,1,0,1,0,0,0,20,62,29,59,90,7.24,0.005,199,3.32,26,0,24,30.0,2.4,0.95,2.1,4,45,1.15,0.55,1.9,1.1,0.65,0.55
2df32795-e3d9-424a-a2b2-e57e9931e214,11,8,21.75,1305,SCISSORS,0,0,27,23,32,41,0.31,0.019,0.444,0.226,0.398,0.08,0.172,0.349,0.625,0.0,0.146,0.23,96,1,0,1,0,0,0,24,49,21,50,72,6.75,0.005,270,4.5,23,0,24,30.0,2.4,0.95,2.1,4,45,1.15,0.55,1.9,1.1,0.65,0.55
17560aad-28b1-472c-98f9-cdcec1ed9bf8,10,7,16.65,999,ROCK,33,0,0,33,11,22,0.205,0.09,0.52,0.185,0.24,0.09,0.55,0.12,0.45,0.0,0.38,0.17,66,1,0,0,1,0,0,18,35,21,35,51,7.24,0.0,239,3.98,28,0,24,30.0,2.4,0.95,2.1,4,45,1.15,0.55,1.9,1.1,0.65,0.55
7b9f2730-d124-4068-b154-ce526a69c0c9,16,4,18.02,1081,ROCK,30,0,0,33,13,23,0.171,0.046,0.556,0.227,0.384,0.046,0.444,0.125,0.556,0.0,0.356,0.088,69,1,0,0,1,0,0,6,34,8,35,56,7.07,0.004,211,3.52,18,0,24,30.0,2.4,0.95,2.1,4,45,1.15,0.55,1.9,1.1,0.65,0.55
8c9464df-913f-48d6-8b8d-9ce488d3358b,18,5,18.92,1135,ROCK,48,0,0,45,13,29,0.396,0.128,0.476,0.0,0.278,0.026,0.449,0.247,0.502,0.048,0.313,0.137,87,1,0,0,1,0,0,11,62,17,66,82,11.34,0.007,260,4.33,15,0,24,30.0,2.4,0.95,2.1,4,45,1.15,0.55,1.9,1.1,0.65,0.55
4e5dab84-9753-4573-91cb-86689c69971a,18,4,48.02,2881,PAPER,0,54,0,148,166,130,0.502,0.056,0.253,0.189,0.307,0.309,0.113,0.271,0.609,0.163,0.174,0.054,444,1,1,0,0,0,0,61,264,68,263,416,10.59,0.008,181,3.02,52,0,24,30.0,2.4,0.95,2.1,4,45,1.15,0.55,1.9,1.1,0.65,0.55
fb679333-e393-47a9-a50d-e7d8db7fc4dd,8,9,30.17,1810,PAPER,0,54,0,117,135,99,0.525,0.224,0.122,0.13,0.348,0.293,0.097,0.262,0.746,0.097,0.119,0.039,351,1,1,0,0,0,0,92,283,101,286,321,10.11,0.007,160,2.67,44,0,24,30.0,2.4,0.95,2.1,4,45,1.15,0.55,1.9,1.1,0.65,0.55
f765cb9b-43cf-4acd-b150-c507421153a3,15,6,15.03,902,SCISSORS,0,0,24,4,12,20,0.072,0.0,0.519,0.409,0.497,0.0,0.392,0.11,0.702,0.0,0.298,0.0,36,1,0,1,0,0,0,10,13,5,15,27,5.75,0.005,157,2.62,14,0,24,30.0,2.4,0.95,2.1,4,45,1.15,0.55,1.9,1.1,0.65,0.55
933e2065-58dd-4dbf-98ab-603472369715,6,10,42.37,2542,SCISSORS,0,0,45,104,119,134,0.495,0.277,0.212,0.016,0.407,0.316,0.153,0.124,0.672,0.183,0.09,0.055,357,1,0,1,0,0,0,85,300,103,301,330,9.35,0.007,167,2.78,35,0,30,30.0,2.4,0.95,2.1,4,45,1.15,0.55,1.9,1.1,0.65,0.55
2a7bdcbf-6aed-446d-a235-3db84e5f402f,6,6,12.65,759,ROCK,18,0,0,19,7,13,0.428,0.0,0.224,0.349,0.382,0.0,0.461,0.158,0.27,0.0,0.164,0.566,39,1,0,0,1,0,0,10,22,7,22,28,6.26,0.005,239,3.98,15,0,30,30.0,2.4,0.95,2.1,4,45,1.15,0.55,1.9,1.1,0.65,0.55
5cc5a735-647b-42e2-ae98-32faf8667d04,7,6,11.63,698,ROCK,18,0,0,19,7,13,0.279,0.0,0.407,0.314,0.171,0.0,0.721,0.107,0.393,0.0,0.293,0.314,39,1,0,0,1,0,0,9,19,12,18,30,6.21,0.002,193,3.22,13,0,30,30.0,2.4,0.95,2.1,4,45,1.15,0.55,1.9,1.1,0.65,0.55
0396ae59-b92d-4a7a-af83-b31d056a7c67,11,10,45.12,2707,ROCK,21,0,0,68,54,61,0.415,0.0,0.166,0.419,0.271,0.02,0.293,0.415,0.644,0.0,0.079,0.277,183,1,0,0,1,0,0,46,107,53,109,142,6.46,0.01,337,5.62,19,0,30,30.0,2.4,0.95,2.1,4,45,1.15,0.55,1.9,1.1,0.65,0.55
ea26903d-e8ad-4bf6-9f80-4ac3d834595e,18,8,20.87,1252,ROCK,33,0,0,50,28,39,0.398,0.112,0.283,0.207,0.363,0.235,0.386,0.016,0.518,0.199,0.135,0.147,117,1,0,0,1,0,0,32,63,34,63,105,7.78,0.007,227,3.78,30,0,30,30.0,2.4,0.95,2.1,4,45,1.15,0.55,1.9,1.1,0.65,0.55
d689a82f-96db-482b-a4c9-4979a8fd4601,11,10,69.28,4157,SCISSORS,0,0,54,278,296,314,0.412,0.204,0.21,0.173,0.317,0.308,0.099,0.276,0.786,0.12,0.058,0.036,888,1,0,1,0,0,0,327,765,338,768,809,12.21,0.005,262,4.37,49,0,30,30.0,2.4,0.95,2.1,4,45,1.15,0.55,1.9,1.1,0.65,0.55
16b90f31-6d94-4fe1-a5ed-fdf779ed8794,17,7,70.05,4203,SCISSORS,0,0,33,121,132,143,0.39,0.124,0.221,0.265,0.347,0.168,0.162,0.323,0.725,0.101,0.111,0.063,396,1,0,1,0,0,0,75,272,85,281,348,8.88,0.009,273,4.55,27,0,30,30.0,2.4,0.95,2.1,4,45,1.15,0.55,1.9,1.1,0.65,0.55
746eacdb-b9f3-4175-9711-eed2eb809c06,18,7,47.5,2850,PAPER,0,51,0,175,192,158,0.363,0.207,0.246,0.184,0.375,0.291,0.228,0.105,0.504,0.126,0.167,0.204,525,1,1,0,0,0,0,95,350,91,350,485,12.04,0.005,155,2.58,4,0,30,30.0,2.4,0.95,2.1,4,45,1.15,0.55,1.9,1.1,0.65,0.55
0a5840c0-be4b-46b3-8077-a0611805d0d1,8,9,31.1,1866,PAPER,0,54,0,106,124,88,0.367,0.201,0.373,0.059,0.201,0.279,0.3,0.22,0.622,0.029,0.268,0.08,318,1,1,0,0,0,0,69,240,72,242,299,11.75,0.006,196,3.27,44,0,30,30.0,2.4,0.95,2.1,4,45,1.15,0.55,1.9,1.1,0.65,0.55
6546c743-ba6b-4992-985b-631efab7567e,15,9,14.92,895,ROCK,24,0,0,27,11,19,0.285,0.0,0.525,0.19,0.196,0.0,0.715,0.089,0.425,0.056,0.302,0.218,57,1,0,0,1,0,0,16,35,17,35,41,6.4,0.004,235,3.92,19,0,30,30.0,2.4,0.95,2.1,4,45,1.15,0.55,1.9,1.1,0.65,0.55
678d7791-4e66-4651-988a-afabae90dcc5,6,4,23.12,1387,ROCK,45,0,0,51,21,36,0.191,0.147,0.511,0.151,0.291,0.011,0.493,0.205,0.647,0.014,0.277,0.061,108,1,0,0,1,0,0,12,65,13,60,98,11.24,0.013,202,3.37,14,0,30,30.0,2.4,0.95,2.1,4,45,1.15,0.55,1.9,1.1,0.65,0.55
86263093-149c-48f1-b984-f60ccfcf1662,9,5,38.17,2290,SCISSORS,0,0,18,30,36,42,0.33,0.0,0.314,0.356,0.192,0.022,0.328,0.459,0.627,0.041,0.201,0.131,108,1,0,1,0,0,0,36,76,45,71,74,5.42,0.011,165,2.75,8,0,30,30.0,2.4,0.95,2.1,4,45,1.15,0.55,1.9,1.1,0.65,0.55
d544847f-cd64-436e-834c-d4ea0a280b43,7,9,39.05,2343,ROCK,27,0,0,69,51,60,0.375,0.047,0.273,0.305,0.279,0.113,0.333,0.275,0.554,0.051,0.192,0.203,180,1,0,0,1,0,0,67,133,69,130,146,7.03,0.013,278,4.63,18,0,30,30.0,2.4,0.95,2.1,4,45,1.15,0.55,1.9,1.1,0.65,0.55
9ae1a737-df52-42b7-98cb-9abfddff0db7,5,8,23.43,1406,ROCK,21,0,0,25,11,18,0.142,0.053,0.484,0.32,0.256,0.0,0.594,0.149,0.484,0.0,0.331,0.185,54,1,0,0,1,0,0,21,24,18,23,40,5.63,0.0,286,4.77,18,0,30,30.0,2.4,0.95,2.1,4,45,1.15,0.55,1.9,1.1,0.65,0.55
aaf0b0f5-5e92-4b6f-968d-9a3c49bd3e2d,8,6,25.58,1535,ROCK,15,0,0,17,7,12,0.212,0.0,0.319,0.469,0.287,0.0,0.521,0.192,0.277,0.0,0.261,0.463,36,1,0,0,1,0,0,14,15,13,15,21,4.72,0.0,450,7.5,14,0,30,30.0,2.4,0.95,2.1,4,45,1.15,0.55,1.9,1.1,0.65,0.55
118f346b-ec81-480c-8262-7a9169c72706,18,8,72.45,4347,ROCK,24,0,0,89,73,81,0.4,0.0,0.259,0.341,0.315,0.039,0.218,0.428,0.421,0.09,0.159,0.331,243,1,0,0,1,0,0,58,128,73,131,181,6.18,0.006,337,5.62,19,0,30,30.0,2.4,0.95,2.1,4,45,1.15,0.55,1.9,1.1,0.65,0.55
00174221-6077-4061-b03e-5c859d2adc6d,20,4,20.25,1215,ROCK,54,0,0,69,33,51,0.235,0.053,0.613,0.099,0.23,0.025,0.741,0.004,0.354,0.111,0.387,0.148,153,1,0,0,1,0,0,20,74,26,73,143,11.62,0.001,290,4.83,49,0,30,30.0,2.4,0.95,2.1,4,45,1.15,0.55,1.9,1.1,0.65,0.55
bb57d76f-24b5-4ec7-a3de-69d0a975f1db,15,5,18.97,1138,ROCK,60,0,0,72,32,52,0.197,0.061,0.561,0.18,0.333,0.057,0.601,0.009,0.605,0.0,0.228,0.167,156,1,0,0,1,0,0,23,69,27,68,151,12.24,0.0,323,5.38,52,0,30,30.0,2.4,0.95,2.1,4,45,1.15,0.55,1.9,1.1,0.65,0.55
e8b04d07-1d0f-4ace-a8ac-8a49d527abbb,12,7,46.3,2778,ROCK,45,0,0,159,129,144,0.279,0.219,0.281,0.221,0.41,0.126,0.293,0.171,0.664,0.023,0.165,0.147,432,1,0,0,1,0,0,77,264,97,264,400,10.34,0.005,278,4.63,38,0,30,30.0,2.4,0.95,2.1,4,45,1.15,0.55,1.9,1.1,0.65,0.55
cacb700d-8f86-48d2-8969-d953186a7c72,14,4,33.42,2005,SCISSORS,0,0,36,38,50,62,0.444,0.167,0.339,0.05,0.19,0.292,0.217,0.302,0.711,0.04,0.1,0.15,150,1,0,1,0,0,0,23,81,27,84,136,9.27,0.009,275,4.58,24,0,30,30.0,2.4,0.95,2.1,4,45,1.15,0.55,1.9,1.1,0.65,0.55
47a57595-2229-48c3-89e8-ac681275708a,9,4,113.65,6819,ROCK,42,0,0,282,254,268,0.475,0.216,0.158,0.15,0.372,0.265,0.136,0.226,0.731,0.132,0.059,0.078,804,1,0,0,1,0,0,111,476,137,481,745,10.63,0.009,139,2.32,21,0,30,30.0,2.4,0.95,2.1,4,45,1.15,0.55,1.9,1.1,0.65,0.55
5f886bd8-5877-4479-b200-bbe6082ba433,9,6,24.52,1471,SCISSORS,0,0,27,26,35,44,0.378,0.044,0.333,0.245,0.16,0.235,0.235,0.371,0.881,0.0,0.119,0.0,105,1,0,1,0,0,0,32,87,44,83,92,8.09,0.014,171,2.85,11,0,30,30.0,2.4,0.95,2.1,4,45,1.15,0.55,1.9,1.1,0.65,0.55
6659c157-b74e-405b-afce-f7a45edf8b11,18,7,25.78,1547,ROCK,27,0,0,25,7,16,0.261,0.084,0.545,0.11,0.106,0.132,0.613,0.148,0.516,0.0,0.355,0.129,48,1,0,0,1,0,0,11,29,10,29,37,6.0,0.009,367,6.12,16,0,30,30.0,2.4,0.95,2.1,4,45,1.15,0.55,1.9,1.1,0.65,0.55
c7b87539-d0b0-4d71-b607-49d6c043b58d,13,8,33.07,1984,ROCK,54,0,0,100,64,82,0.365,0.108,0.393,0.134,0.141,0.335,0.448,0.076,0.582,0.091,0.242,0.086,246,1,0,0,1,0,0,41,170,52,172,225,10.15,0.005,264,4.4,41,0,30,30.0,2.4,0.95,2.1,4,45,1.15,0.55,1.9,1.1,0.65,0.55
5aef1837-045f-41b9-bb0c-aceb40b112b8,8,6,39.17,2350,ROCK,39,0,0,93,67,80,0.274,0.072,0.345,0.309,0.274,0.145,0.357,0.223,0.543,0.17,0.23,0.057,240,1,0,0,1,0,0,69,203,81,202,214,9.92,0.009,210,3.5,5,0,30,30.0,2.4,0.95,2.1,4,45,1.15,0.55,1.9,1.1,0.65,0.55
09ce8218-95d0-4567-9120-f0fe8170793a,17,4,41.73,2504,PAPER,0,24,0,33,41,25,0.457,0.066,0.259,0.218,0.289,0.016,0.212,0.483,0.509,0.136,0.218,0.138,99,1,1,0,0,0,0,18,48,21,43,76,6.57,0.007,369,6.15,23,0,30,30.0,2.4,0.95,2.1,4,45,1.15,0.55,1.9,1.1,0.65,0.55
3860c5a4-c8c4-4ad1-bcce-58399818e1ab,10,6,27.7,1662,SCISSORS,0,0,51,52,69,86,0.318,0.09,0.532,0.06,0.201,0.069,0.45,0.279,0.559,0.162,0.279,0.0,207,1,0,1,0,0,0,36,161,34,157,185,9.97,0.008,227,3.78,32,0,30,30.0,2.4,0.95,2.1,4,45,1.15,0.55,1.9,1.1,0.65,0.55
fe274a96-03e3-4fe9-9777-d6c3919d8e87,18,6,25.87,1552,PAPER,0,30,0,27,37,17,0.096,0.122,0.566,0.215,0.199,0.122,0.543,0.135,0.469,0.0,0.45,0.08,81,1,1,0,0,0,0,15,54,18,54,74,8.73,0.002,262,4.37,23,0,30,30.0,2.4,0.95,2.1,4,45,1.15,0.55,1.9,1.1,0.65,0.55
223da70b-bc25-454e-aad4-b1c692017034,14,6,20.13,1208,ROCK,54,0,0,70,34,52,0.322,0.037,0.43,0.211,0.198,0.07,0.678,0.054,0.364,0.107,0.351,0.178,156,1,0,0,1,0,0,23,87,27,87,148,10.85,0.006,323,5.38,45,0,30,30.0,2.4,0.95,2.1,4,45,1.15,0.55,1.9,1.1,0.65,0.55
4f75c538-dda2-43b4-8e9c-7820d9607ea9,16,10,39.97,2398,SCISSORS,0,0,42,82,96,110,0.267,0.081,0.367,0.285,0.302,0.077,0.271,0.35,0.585,0.138,0.177,0.1,288,1,0,1,0,0,0,65,168,62,170,254,9.23,0.005,268,4.47,35,0,30,30.0,2.4,0.95,2.1,4,45,1.15,0.55,1.9,1.1,0.65,0.55
dd423246-7073-4bb1-a726-3558aa3f202c,9,6,50.83,3050,SCISSORS,0,0,48,121,137,153,0.348,0.197,0.344,0.111,0.382,0.162,0.246,0.21,0.708,0.134,0.157,0.0,411,0,0,0,0,0,0,84,302,95,304,381,11.84,0.006,230,3.83,17,0,30,30.0,2.4,0.95,2.1,4,45,1.15,0.55,1.9,1.1,0.65,0.55
44d11827-ba5d-4423-9b7d-747629752dc8,19,10,30.75,1845,ROCK,27,0,0,49,31,40,0.317,0.0,0.388,0.295,0.182,0.049,0.528,0.241,0.428,0.019,0.301,0.252,120,1,0,0,1,0,0,32,61,39,60,103,9.03,0.004,360,6.0,22,0,30,30.0,2.4,0.95,2.1,4,45,1.15,0.55,1.9,1.1,0.65,0.55
fbefbe59-2483-40ca-9d94-f61aa72b36a5,12,5,28.38,1703,ROCK,57,0,0,89,51,70,0.232,0.214,0.449,0.106,0.214,0.194,0.545,0.047,0.575,0.032,0.299,0.094,210,1,0,0,1,0,0,33,150,36,150,195,12.87,0.002,288,4.8,48,0,30,30.0,2.4,0.95,2.1,4,45,1.15,0.55,1.9,1.1,0.65,0.55
34d609ac-34b2-4423-a71d-0ab9b29aeadf,15,5,28.5,1710,SCISSORS,0,0,36,31,43,55,0.295,0.044,0.485,0.175,0.222,0.041,0.281,0.456,0.629,0.07,0.146,0.155,129,1,0,1,0,0,0,23,56,19,62,108,8.0,0.007,450,7.5,32,0,30,30.0,2.4,0.95,2.1,4,45,1.15,0.55,1.9,1.1,0.65,0.55
856bfa6b-b872-45ff-b1a4-9d9995ef2149,10,5,30.22,1813,ROCK,45,0,0,87,57,72,0.171,0.008,0.438,0.383,0.242,0.061,0.46,0.237,0.598,0.063,0.287,0.052,216,1,0,0,1,0,0,34,115,35,115,199,13.8,0.005,243,4.05,17,0,30,30.0,2.4,0.95,2.1,4,45,1.15,0.55,1.9,1.1,0.65,0.55
dde4a95f-fdf5-45b4-98db-1d9bbd52ec64,19,7,33.15,1989,ROCK,30,0,0,52,32,42,0.279,0.0,0.349,0.372,0.209,0.196,0.49,0.106,0.538,0.013,0.266,0.183,126,1,0,0,1,0,0,23,73,25,74,99,7.31,0.006,384,6.4,27,0,30,30.0,2.4,0.95,2.1,4,45,1.15,0.55,1.9,1.1,0.65,0.55
e3c83bef-4720-4f9a-955c-d1362e70a146,19,7,26.27,1576,SCISSORS,0,0,57,55,74,93,0.127,0.108,0.683,0.083,0.086,0.07,0.644,0.2,0.594,0.083,0.324,0.0,222,1,0,1,0,0,0,45,136,59,136,212,13.48,0.005,301,5.02,37,0,30,30.0,2.4,0.95,2.1,4,45,1.15,0.55,1.9,1.1,0.65,0.55
69cb08b1-e64f-4a47-8232-4b7ddd126159,15,9,39.22,2353,ROCK,57,0,0,121,83,102,0.342,0.223,0.291,0.144,0.106,0.374,0.416,0.104,0.726,0.0,0.191,0.083,306,1,0,0,1,0,0,71,230,83,233,293,11.21,0.004,318,5.3,52,0,30,30.0,2.4,0.95,2.1,4,45,1.15,0.55,1.9,1.1,0.65,0.55
1a3eaab2-aa00-4b78-bb3d-598c28d7af4c,14,5,19.68,1181,ROCK,45,0,0,45,15,30,0.153,0.068,0.581,0.199,0.174,0.0,0.708,0.119,0.504,0.0,0.407,0.089,90,1,0,0,1,0,0,11,24,19,29,86,13.56,0.003,271,4.52,19,0,30,30.0,2.4,0.95,2.1,4,45,1.15,0.55,1.9,1.1,0.65,0.55
7d5fc91f-4c83-4506-ad17-1d06783d42c2,5,5,45.77,2746,ROCK,42,0,0,81,53,67,0.364,0.151,0.399,0.086,0.177,0.204,0.43,0.189,0.656,0.078,0.177,0.089,201,1,0,0,1,0,0,23,137,27,135,182,9.33,0.005,361,6.02,41,0,30,30.0,2.4,0.95,2.1,4,45,1.15,0.55,1.9,1.1,0.65,0.55
365b9d55-266d-4a5e-beaf-326116f12c59,19,7,34.03,2042,SCISSORS,0,0,15,18,23,28,0.21,0.0,0.56,0.23,0.09,0.0,0.433,0.477,0.499,0.0,0.271,0.23,69,1,0,1,0,0,0,23,30,27,29,47,4.97,0.016,487,8.12,14,0,30,30.0,2.4,0.95,2.1,4,45,1.15,0.55,1.9,1.1,0.65,0.55
751cd64f-8be0-47a0-b686-9add1f65e546,11,8,46.53,2792,SCISSORS,0,0,57,136,155,174,0.361,0.231,0.322,0.086,0.34,0.208,0.25,0.202,0.732,0.138,0.131,0.0,465,1,0,1,0,0,0,130,395,162,396,453,11.23,0.007,222,3.7,23,0,30,30.0,2.4,0.95,2.1,4,45,1.15,0.55,1.9,1.1,0.65,0.55
ec2bad46-5c43-428c-b573-f9d1d0d7e3df,7,7,67.93,4076,SCISSORS,0,0,33,132,143,154,0.309,0.099,0.294,0.297,0.374,0.065,0.184,0.377,0.621,0.091,0.118,0.171,429,1,0,1,0,0,0,105,252,112,253,376,9.25,0.006,321,5.35,32,0,30,30.0,2.4,0.95,2.1,4,45,1.15,0.55,1.9,1.1,0.65,0.55
c062e9ed-1b22-44e7-aa3a-d4e691003939,5,7,59.37,3562,PAPER,0,21,0,59,66,52,0.388,0.013,0.215,0.384,0.259,0.022,0.212,0.506,0.623,0.053,0.16,0.164,177,1,1,0,0,0,0,56,108,67,111,145,6.18,0.01,207,3.45,11,0,30,30.0,2.4,0.95,2.1,4,45,1.15,0.55,1.9,1.1,0.65,0.55
9e79a42e-ef27-4e63-b50b-4d975c06a5a9,15,6,70.92,4255,ROCK,15,0,0,46,36,41,0.38,0.0,0.18,0.441,0.215,0.0,0.321,0.464,0.367,0.0,0.125,0.509,123,1,0,0,1,0,0,39,60,40,60,80,4.76,0.003,555,9.25,14,0,30,30.0,2.4,0.95,2.1,4,45,1.15,0.55,1.9,1.1,0.65,0.55
167532ce-5a77-4554-9ec3-a60ca1988c54,13,6,56.95,3417,ROCK,45,0,0,191,161,176,0.382,0.139,0.219,0.26,0.25,0.241,0.251,0.257,0.708,0.042,0.142,0.108,528,1,0,0,1,0,0,110,344,140,347,482,12.14,0.01,282,4.7,17,0,30,30.0,2.4,0.95,2.1,4,45,1.15,0.55,1.9,1.1,0.65,0.55
84bad3ad-a612-4e6c-83d0-7814fda495f0,20,6,15.1,906,SCISSORS,0,0,39,1,14,27,0.0,0.0,0.823,0.177,0.155,0.011,0.773,0.061,0.53,0.0,0.47,0.0,42,1,0,1,0,0,0,8,24,7,24,41,9.02,0.0,191,3.18,13,0,30,30.0,2.4,0.95,2.1,4,45,1.15,0.55,1.9,1.1,0.65,0.55
7005ee35-c1d8-477a-9a74-293131667978,9,10,23.57,1414,ROCK,60,0,0,110,70,90,0.261,0.088,0.544,0.106,0.385,0.035,0.519,0.06,0.541,0.113,0.219,0.127,270,1,0,0,1,0,0,60,208,83,206,263,11.77,0.003,279,4.65,42,0,30,30.0,2.4,0.95,2.1,4,45,1.15,0.55,1.9,1.1,0.65,0.55
c1c0d21d-f40b-4105-8e53-499a5975eb9e,6,6,30.1,1806,SCISSORS,0,0,27,49,58,67,0.46,0.0,0.305,0.235,0.224,0.078,0.208,0.49,0.565,0.083,0.125,0.227,174,1,0,1,0,0,0,20,90,32,88,147,7.07,0.007,286,4.77,20,0,30,30.0,2.4,0.95,2.1,4,45,1.15,0.55,1.9,1.1,0.65,0.55
bb21d806-f7ac-4a8a-9037-620477b24198,13,8,38.6,2316,PAPER,0,18,0,35,41,29,0.378,0.0,0.272,0.35,0.19,0.0,0.272,0.538,0.497,0.054,0.227,0.222,105,1,1,0,0,0,0,35,66,32,63,70,4.91,0.017,216,3.6,13,0,30,30.0,2.4,0.95,2.1,4,45,1.15,0.55,1.9,1.1,0.65,0.55
a4fffaad-6e4b-479a-b9c0-3f9b7ae2ae11,7,9,13.12,787,ROCK,39,0,0,38,12,25,0.291,0.0,0.456,0.253,0.101,0.038,0.671,0.19,0.424,0.0,0.392,0.184,75,1,0,0,1,0,0,17,31,21,32,66,8.75,0.007,217,3.62,22,0,30,30.0,2.4,0.95,2.1,4,45,1.15,0.55,1.9,1.1,0.65,0.55
d2ba3723-61af-4724-8c36-5af7eb13bb5a,19,6,11.2,672,ROCK,21,0,0,19,5,12,0.274,0.0,0.4,0.326,0.0,0.0,0.785,0.215,0.496,0.0,0.281,0.222,36,1,0,0,1,0,0,10,16,9,15,26,6.81,0.0,232,3.87,14,0,30,30.0,2.4,0.95,2.1,4,45,1.15,0.55,1.9,1.1,0.65,0.55
1ac807cc-79fc-41dc-9950-461e3bca491b,5,4,17.48,1049,SCISSORS,0,0,57,40,59,78,0.429,0.038,0.438,0.095,0.271,0.29,0.305,0.133,0.5,0.133,0.148,0.219,177,1,0,1,0,0,0,22,95,23,98,172,11.24,0.004,224,3.73,28,0,30,30.0,2.4,0.95,2.1,4,45,1.15,0.55,1.9,1.1,0.65,0.55
8b0d6354-b384-4cea-ad4b-5c621332968c,5,5,59.07,3544,SCISSORS,0,0,15,39,44,49,0.199,0.0,0.097,0.704,0.248,0.0,0.165,0.587,0.588,0.0,0.048,0.364,132,1,0,1,0,0,0,40,61,44,68,86,4.64,0.007,164,2.73,8,0,30,30.0,2.4,0.95,2.1,4,45,1.15,0.55,1.9,1.1,0.65,0.55
8553313e-f689-4f5c-ac76-a06a10ae2fc4,7,8,23.93,1436,SCISSORS,0,0,15,9,14,19,0.362,0.0,0.394,0.244,0.153,0.0,0.108,0.739,0.585,0.0,0.08,0.334,42,1,0,1,0,0,0,9,21,8,20,25,4.71,0.008,501,8.35,14,0,30,30.0,2.4,0.95,2.1,4,45,1.15,0.55,1.9,1.1,0.65,0.55
848359d4-abbf-4523-8f4a-69bf0f7681de,9,7,18.37,1102,SCISSORS,0,0,21,11,18,25,0.063,0.0,0.276,0.661,0.14,0.109,0.281,0.471,0.937,0.0,0.063,0.0,54,1,0,1,0,0,0,12,28,21,27,43,6.19,0.003,202,3.37,12,0,30,30.0,2.4,0.95,2.1,4,45,1.15,0.55,1.9,1.1,0.65,0.55
aaf46aa6-884f-43be-abcd-f2f4aa59882c,5,5,52.72,3163,PAPER,0,27,0,72,81,63,0.536,0.019,0.114,0.332,0.355,0.057,0.139,0.449,0.659,0.065,0.096,0.18,216,0,0,0,0,0,0,41,117,51,118,182,7.62,0.012,178,2.97,24,0,30,30.0,2.4,0.95,2.1,4,45,1.15,0.55,1.9,1.1,0.65,0.55
33907d71-612e-48b4-9576-fb8307288e1c,6,8,16.45,987,SCISSORS,0,0,15,10,15,20,0.081,0.0,0.495,0.424,0.298,0.0,0.46,0.242,0.394,0.0,0.247,0.359,45,1,0,1,0,0,0,17,21,15,18,31,5.07,0.004,177,2.95,12,0,30,30.0,2.4,0.95,2.1,4,45,1.15,0.55,1.9,1.1,0.65,0.55
e3828c9d-9d30-4669-9915-89f19edf57c4,8,6,46.78,2807,ROCK,18,0,0,29,17,23,0.336,0.0,0.126,0.537,0.157,0.0,0.274,0.569,0.589,0.023,0.169,0.219,69,1,0,0,1,0,0,21,45,25,44,45,4.96,0.0,242,4.03,13,0,30,30.0,2.4,0.95,2.1,4,45,1.15,0.55,1.9,1.1,0.65,0.55
ed99690b-5396-40bb-a01a-1569222c88df,5,8,25.93,1556,SCISSORS,0,0,24,35,43,51,0.235,0.0,0.338,0.428,0.19,0.019,0.331,0.46,0.656,0.055,0.125,0.164,129,1,0,1,0,0,0,46,65,47,61,108,7.64,0.007,201,3.35,23,0,30,30.0,2.4,0.95,2.1,4,45,1.15,0.55,1.9,1.1,0.65,0.55
e9d0dcad-2ebf-4345-970d-d7993461360b,17,5,39.75,2385,PAPER,0,15,0,35,40,30,0.153,0.0,0.147,0.7,0.348,0.0,0.157,0.495,0.597,0.0,0.157,0.245,105,1,1,0,0,0,0,20,26,17,27,67,4.66,0.0,195,3.25,11,0,30,30.0,2.4,0.95,2.1,4,45,1.15,0.55,1.9,1.1,0.65,0.55
9f1896a9-99b6-4aef-9d64-5e3f3478a26c,10,5,13.05,783,SCISSORS,0,0,51,27,44,61,0.197,0.045,0.701,0.057,0.223,0.268,0.433,0.076,0.701,0.057,0.242,0.0,132,1,0,1,0,0,0,11,95,13,93,117,10.0,0.003,118,1.97,27,0,30,30.0,2.4,0.95,2.1,4,45,1.15,0.55,1.9,1.1,0.65,0.55
017f7730-2635-4098-933d-87a466265932,7,6,25.37,1522,ROCK,30,0,0,51,31,41,0.41,0.062,0.302,0.226,0.243,0.082,0.354,0.321,0.525,0.0,0.174,0.302,123,1,0,0,1,0,0,26,66,29,60,109,8.28,0.008,247,4.12,26,0,30,30.0,2.4,0.95,2.1,4,45,1.15,0.55,1.9,1.1,0.65,0.55
30f6a758-b894-464b-9b41-87462bebb1bc,8,4,28.12,1687,ROCK,21,0,0,40,26,33,0.32,0.0,0.21,0.47,0.172,0.038,0.254,0.536,0.695,0.012,0.086,0.207,99,1,0,0,1,0,0,40,65,41,67,76,6.6,0.01,117,1.95,9,0,30,30.0,2.4,0.95,2.1,4,45,1.15,0.55,1.9,1.1,0.65,0.55
dbb422ee-1525-4baf-ba71-27d07b9f1577,17,10,52.32,3139,ROCK,24,0,0,97,81,89,0.498,0.018,0.094,0.39,0.264,0.016,0.255,0.465,0.674,0.059,0.057,0.21,267,1,0,0,1,0,0,121,187,130,185,209,6.54,0.013,439,7.32,21,0,30,30.0,2.4,0.95,2.1,4,45,1.15,0.55,1.9,1.1,0.65,0.55
ad05c955-ae07-4ab1-b81b-91cfc81fd4d0,7,9,16.07,964,ROCK,51,0,0,54,20,37,0.269,0.088,0.383,0.259,0.114,0.016,0.699,0.171,0.523,0.0,0.28,0.197,111,1,0,0,1,0,0,21,60,24,60,105,12.43,0.002,264,4.4,28,0,30,30.0,2.4,0.95,2.1,4,45,1.15,0.55,1.9,1.1,0.65,0.55
8ada9852-824e-4a78-943e-86f478f509a8,6,9,29.28,1757,SCISSORS,0,0,21,23,30,37,0.19,0.023,0.281,0.506,0.287,0.017,0.327,0.369,0.557,0.043,0.159,0.241,90,1,0,1,0,0,0,42,57,34,65,64,6.8,0.004,107,1.78,8,0,30,30.0,2.4,0.95,2.1,4,45,1.15,0.55,1.9,1.1,0.65,0.55
61cf0453-77e2-4bdd-a9b6-1f238ef09568,17,8,14.78,887,ROCK,18,0,0,17,5,11,0.174,0.0,0.388,0.438,0.157,0.0,0.663,0.18,0.511,0.0,0.36,0.129,33,1,0,0,1,0,0,11,20,8,20,23,5.3,0.0,212,3.53,12,0,30,30.0,2.4,0.95,2.1,4,45,1.15,0.55,1.9,1.1,0.65,0.55
479b967d-a80e-4c54-84a3-df617f912ffa,9,4,25.72,1543,SCISSORS,0,0,51,49,66,83,0.35,0.178,0.421,0.052,0.239,0.405,0.307,0.049,0.851,0.055,0.094,0.0,198,1,0,1,0,0,0,46,163,45,165,182,8.82,0.003,138,2.3,23,0,30,30.0,2.4,0.95,2.1,4,45,1.15,0.55,1.9,1.1,0.65,0.55
76b542da-a32a-4233-abfe-2c0ca2ea21e7,10,8,14.07,844,ROCK,27,0,0,29,11,20,0.385,0.0,0.325,0.29,0.154,0.03,0.757,0.059,0.444,0.0,0.213,0.343,60,1,0,0,1,0,0,4,21,6,20,53,8.42,0.002,369,6.15,20,0,30,30.0,2.4,0.95,2.1,4,45,1.15,0.55,1.9,1.1,0.65,0.55
31f77559-f7a4-4f54-aaa4-72a0fb523be6,12,4,18.07,1084,PAPER,0,30,0,32,42,22,0.147,0.111,0.406,0.336,0.364,0.046,0.364,0.226,0.571,0.0,0.295,0.134,96,1,1,0,0,0,0,13,30,15,26,85,10.11,0.002,139,2.32,22,0,30,30.0,2.4,0.95,2.1,4,45,1.15,0.55,1.9,1.1,0.65,0.55
101e3501-66f1-425a-82a6-978f61f6da04,9,7,21.83,1310,ROCK,36,0,0,61,37,49,0.542,0.0,0.198,0.26,0.21,0.103,0.393,0.294,0.55,0.088,0.111,0.252,147,1,0,0,1,0,0,37,73,48,70,139,10.63,0.009,300,5.0,30,0,30,30.0,2.4,0.95,2.1,4,45,1.15,0.55,1.9,1.1,0.65,0.55
e20d0d33-56cc-451e-93cc-53b00a125d3e,16,4,8.87,532,SCISSORS,0,0,27,10,19,28,0.252,0.0,0.551,0.196,0.477,0.0,0.439,0.084,0.215,0.0,0.318,0.467,57,1,0,1,0,0,0,7,26,6,24,47,6.86,0.005,112,1.87,11,0,30,30.0,2.4,0.95,2.1,4,45,1.15,0.55,1.9,1.1,0.65,0.55
e96d6778-59ce-4e0b-af62-b0acfa6fb704,18,6,49.07,2944,SCISSORS,0,0,48,139,155,171,0.479,0.088,0.131,0.302,0.355,0.294,0.141,0.211,0.71,0.151,0.041,0.098,465,1,0,1,0,0,0,83,332,109,335,427,10.99,0.005,184,3.07,32,0,30,30.0,2.4,0.95,2.1,4,45,1.15,0.55,1.9,1.1,0.65,0.55
2d572304-501e-4146-8f86-9dfbaac72479,14,6,22.62,1357,SCISSORS,0,0,54,48,66,84,0.254,0.132,0.386,0.228,0.379,0.195,0.368,0.059,0.772,0.029,0.199,0.0,198,1,0,1,0,0,0,35,164,40,168,183,12.25,0.003,142,2.37,20,0,30,30.0,2.4,0.95,2.1,4,45,1.15,0.55,1.9,1.1,0.65,0.55
dfa434ba-9709-4aff-9856-3c4087e4b765,20,7,48.07,2884,SCISSORS,0,0,42,115,129,143,0.544,0.166,0.255,0.035,0.125,0.426,0.142,0.307,0.802,0.057,0.087,0.054,387,1,0,1,0,0,0,86,256,117,267,352,8.86,0.011,299,4.98,40,0,30,30.0,2.4,0.95,2.1,4,45,1.15,0.55,1.9,1.1,0.65,0.55
4889b43c-2969-48fc-a1d9-cf0cdc8f76ba,17,5,35.9,2154,ROCK,60,0,0,177,137,157,0.548,0.144,0.144,0.165,0.346,0.302,0.251,0.102,0.691,0.123,0.077,0.109,471,1,0,0,1,0,0,77,341,91,347,452,12.03,0.004,309,5.15,56,0,30,30.0,2.4,0.95,2.1,4,45,1.15,0.55,1.9,1.1,0.65,0.55
3bc70f3c-2114-4562-a81e-199f3cc1a45b,17,8,32.4,1944,ROCK,51,0,0,102,68,85,0.429,0.098,0.303,0.17,0.239,0.288,0.314,0.159,0.576,0.054,0.159,0.211,255,1,0,0,1,0,0,44,168,64,168,228,10.13,0.006,219,3.65,48,0,30,30.0,2.4,0.95,2.1,4,45,1.15,0.55,1.9,1.1,0.65,0.55
123e635d-79ed-4fe1-9c83-5718e7f4ee62,9,8,19.02,1141,ROCK,51,0,0,67,33,50,0.386,0.14,0.289,0.184,0.127,0.272,0.522,0.079,0.627,0.0,0.149,0.224,150,1,0,0,1,0,0,44,89,50,88,140,10.67,0.001,316,5.27,44,0,30,30.0,2.4,0.95,2.1,4,45,1.15,0.55,1.9,1.1,0.65,0.55
1b568357-5117-4682-b9ae-ff3c8423b8ca,6,8,31.03,1862,SCISSORS,0,0,27,29,38,47,0.311,0.075,0.306,0.308,0.201,0.155,0.231,0.413,0.753,0.0,0.08,0.166,114,1,0,1,0,0,0,38,87,37,88,92,7.23,0.012,202,3.37,17,0,30,30.0,2.4,0.95,2.1,4,45,1.15,0.55,1.9,1.1,0.65,0.55
7698c48e-b28a-4aec-9a64-877316525df0,6,4,39.28,2357,PAPER,0,18,0,32,38,26,0.407,0.0,0.235,0.358,0.36,0.0,0.199,0.441,0.341,0.034,0.161,0.464,96,1,1,0,0,0,0,19,28,26,25,72,6.11,0.012,182,3.03,12,0,30,30.0,2.4,0.95,2.1,4,45,1.15,0.55,1.9,1.1,0.65,0.55
4e0adc90-40e0-4ed9-90e5-077fc8ec2f19,5,4,43.7,2622,SCISSORS,0,0,18,33,39,45,0.394,0.0,0.27,0.335,0.269,0.0,0.227,0.505,0.47,0.0,0.101,0.429,117,1,0,1,0,0,0,25,45,19,42,76,5.19,0.014,332,5.53,17,0,30,30.0,2.4,0.95,2.1,4,45,1.15,0.55,1.9,1.1,0.65,0.55
a2d6b893-21fc-4f54-9e08-3b6165709d7c,10,9,47.95,2877,ROCK,15,0,0,40,30,35,0.424,0.0,0.137,0.439,0.128,0.0,0.344,0.528,0.429,0.0,0.106,0.465,105,1,0,0,1,0,0,40,81,52,80,62,4.28,0.003,497,8.28,14,0,30,30.0,2.4,0.95,2.1,4,45,1.15,0.55,1.9,1.1,0.65,0.55
41afa531-8346-45fa-9e01-d3568a50f338,19,7,20.9,1254,ROCK,30,0,0,33,13,23,0.303,0.092,0.438,0.167,0.092,0.259,0.542,0.108,0.586,0.0,0.259,0.155,69,1,0,0,1,0,0,22,45,24,45,53,7.67,0.005,284,4.73,23,0,30,30.0,2.4,0.95,2.1,4,45,1.15,0.55,1.9,1.1,0.65,0.55
921e7616-2c3d-4b73-950a-394bb55b1a26,6,8,18.52,1111,SCISSORS,0,0,57,49,68,87,0.315,0.189,0.432,0.063,0.212,0.054,0.32,0.414,0.734,0.117,0.149,0.0,204,0,0,0,0,0,0,52,125,60,129,194,12.96,0.006,221,3.68,43,0,30,30.0,2.4,0.95,2.1,4,45,1.15,0.55,1.9,1.1,0.65,0.55
f84dfe97-3088-4959-bdfb-14ed2db6b62c,15,10,59.15,3549,ROCK,18,0,0,69,57,63,0.341,0.0,0.145,0.514,0.235,0.0,0.182,0.583,0.518,0.03,0.1,0.352,189,1,0,0,1,0,0,79,144,80,145,127,5.2,0.008,194,3.23,5,0,30,30.0,2.4,0.95,2.1,4,45,1.15,0.55,1.9,1.1,0.65,0.55
8e397eea-8366-4306-baea-fe38113e7267,5,5,50.7,3042,ROCK,45,0,0,123,93,108,0.368,0.207,0.171,0.255,0.195,0.217,0.309,0.279,0.747,0.079,0.117,0.057,324,1,0,0,1,0,0,86,220,79,216,293,10.29,0.007,262,4.37,24,0,30,30.0,2.4,0.95,2.1,4,45,1.15,0.55,1.9,1.1,0.65,0.55
1d9a43d0-3e6a-4bcc-9d24-b7c4f8b81673,14,5,26.95,1617,SCISSORS,0,0,15,19,24,29,0.173,0.0,0.262,0.565,0.472,0.0,0.21,0.318,0.429,0.0,0.093,0.478,72,1,0,1,0,0,0,23,30,28,27,50,5.67,0.008,162,2.7,10,0,30,30.0,2.4,0.95,2.1,4,45,1.15,0.55,1.9,1.1,0.65,0.55
232f05fe-0157-4666-8631-e94ca49d929a,18,10,23.72,1423,ROCK,42,0,0,68,40,54,0.389,0.109,0.267,0.235,0.225,0.214,0.498,0.063,0.526,0.112,0.168,0.193,162,0,0,0,0,0,0,77,120,85,120,144,10.05,0.005,303,5.05,41,0,30,30.0,2.4,0.95,2.1,4,45,1.15,0.55,1.9,1.1,0.65,0.55
613c4a0b-c174-4728-a56d-9ed212b50419,7,8,22.88,1373,ROCK,54,0,0,106,70,88,0.524,0.138,0.145,0.193,0.276,0.084,0.4,0.24,0.48,0.062,0.095,0.364,264,1,0,0,1,0,0,40,160,52,150,247,11.83,0.006,273,4.55,37,0,30,30.0,2.4,0.95,2.1,4,45,1.15,0.55,1.9,1.1,0.65,0.55
cae52212-c2d1-4258-9a59-b745e2ea518e,9,9,22.78,1367,SCISSORS,0,0,21,16,23,30,0.234,0.0,0.431,0.336,0.175,0.0,0.438,0.387,0.478,0.0,0.255,0.266,69,1,0,1,0,0,0,17,49,19,45,53,6.51,0.009,212,3.53,11,0,30,30.0,2.4,0.95,2.1,4,45,1.15,0.55,1.9,1.1,0.65,0.55
958a8427-5cd6-47fb-87b9-3e36d1b16ef2,8,10,27.5,1650,SCISSORS,0,0,27,32,41,50,0.406,0.015,0.385,0.194,0.306,0.094,0.276,0.324,0.548,0.118,0.158,0.176,123,0,0,0,0,0,0,50,91,56,93,100,6.98,0.013,290,4.83,24,0,30,30.0,2.4,0.95,2.1,4,45,1.15,0.55,1.9,1.1,0.65,0.55
8f48f9ec-524b-4458-a6aa-67a715add8ee,12,10,30.3,1818,SCISSORS,0,0,24,21,29,37,0.31,0.0,0.481,0.209,0.124,0.126,0.327,0.423,0.654,0.036,0.19,0.121,87,1,0,1,0,0,0,27,57,27,52,64,6.34,0.01,338,5.63,21,0,30,30.0,2.4,0.95,2.1,4,45,1.15,0.55,1.9,1.1,0.65,0.55
3a2767db-430e-4e63-adff-1af241d716ad,6,8,62.93,3776,SCISSORS,0,0,36,124,136,148,0.472,0.152,0.152,0.224,0.335,0.29,0.132,0.242,0.785,0.125,0.057,0.033,408,1,0,1,0,0,0,109,311,127,311,358,8.38,0.008,191,3.18,27,0,30,30.0,2.4,0.95,2.1,4,45,1.15,0.55,1.9,1.1,0.65,0.55
1fe686e0-390b-4fe9-a5f9-2cedf5a58796,17,10,42.1,2526,PAPER,0,18,0,44,50,38,0.261,0.0,0.212,0.527,0.214,0.0,0.265,0.521,0.608,0.018,0.224,0.15,132,1,1,0,0,0,0,44,75,51,72,88,4.67,0.016,276,4.6,17,0,30,30.0,2.4,0.95,2.1,4,45,1.15,0.55,1.9,1.1,0.65,0.55
43a509f1-1e32-476a-9399-1582c0e98d8f,6,7,25.67,1540,PAPER,0,51,0,88,105,71,0.458,0.273,0.179,0.091,0.321,0.234,0.182,0.263,0.701,0.107,0.123,0.068,264,0,0,0,0,0,0,68,202,76,205,252,10.99,0.008,105,1.75,11,0,30,30.0,2.4,0.95,2.1,4,45,1.15,0.55,1.9,1.1,0.65,0.55
b39d89d1-323d-47d8-ab3f-f292d21c9771,16,6,53.3,3198,ROCK,18,0,0,56,44,50,0.434,0.0,0.148,0.417,0.2,0.0,0.327,0.473,0.569,0.028,0.094,0.309,150,1,0,0,1,0,0,35,74,36,73,108,5.74,0.015,508,8.47,16,0,30,30.0,2.4,0.95,2.1,4,45,1.15,0.55,1.9,1.1,0.65,0.55
cc3a31f2-b515-4448-8f88-53388cad4b3c,20,6,17.23,1034,ROCK,48,0,0,50,18,34,0.222,0.188,0.28,0.309,0.126,0.174,0.42,0.28,0.628,0.111,0.217,0.043,102,1,0,0,1,0,0,20,78,20,76,98,12.66,0.003,124,2.07,4,0,30,30.0,2.4,0.95,2.1,4,45,1.15,0.55,1.9,1.1,0.65,0.55
aa0ecd7c-a9a7-4957-9e44-ddc0af586dc7,20,7,25.22,1513,PAPER,0,60,0,103,123,83,0.422,0.026,0.271,0.281,0.264,0.112,0.257,0.366,0.498,0.172,0.248,0.083,309,1,1,0,0,0,0,64,183,68,180,284,12.7,0.01,183,3.05,49,0,30,30.0,2.4,0.95,2.1,4,45,1.15,0.55,1.9,1.1,0.65,0.55
d2c53866-19fe-437d-9f0a-06ceab980d9a,13,4,20.7,1242,SCISSORS,0,0,60,58,78,98,0.313,0.084,0.502,0.1,0.116,0.161,0.345,0.378,0.618,0.036,0.197,0.149,234,1,0,1,0,0,0,32,80,40,79,213,12.55,0.006,232,3.87,55,0,30,30.0,2.4,0.95,2.1,4,45,1.15,0.55,1.9,1.1,0.65,0.55
d2e69b6f-2f6d-4b0f-9a47-ad5a700a8b37,10,7,22.0,1320,ROCK,39,0,0,41,15,28,0.17,0.076,0.489,0.265,0.091,0.095,0.746,0.068,0.508,0.0,0.348,0.144,84,1,0,0,1,0,0,15,44,18,44,79,11.06,0.002,320,5.33,34,0,30,30.0,2.4,0.95,2.1,4,45,1.15,0.55,1.9,1.1,0.65,0.55
ac14c11c-5a0e-440d-8b2c-134a89c51032,13,4,25.72,1543,SCISSORS,0,0,30,23,33,43,0.275,0.058,0.612,0.055,0.081,0.032,0.443,0.443,0.505,0.039,0.275,0.181,99,1,0,1,0,0,0,16,38,17,33,80,7.65,0.016,408,6.8,28,0,30,30.0,2.4,0.95,2.1,4,45,1.15,0.55,1.9,1.1,0.65,0.55
d462dc8c-2474-49e2-b294-9dfc565d6a6d,20,6,41.05,2463,SCISSORS,0,0,39,82,95,108,0.438,0.091,0.318,0.152,0.166,0.193,0.331,0.31,0.673,0.146,0.181,0.0,285,0,0,0,0,0,0,59,193,66,191,260,10.14,0.008,208,3.47,12,0,30,30.0,2.4,0.95,2.1,4,45,1.15,0.55,1.9,1.1,0.65,0.55
71b680df-423d-4a29-9d54-6a95d0e78626,5,6,21.62,1297,SCISSORS,0,0,60,70,90,110,0.196,0.346,0.442,0.015,0.196,0.258,0.288,0.258,0.877,0.0,0.123,0.0,270,1,0,1,0,0,0,58,187,49,183,259,13.7,0.005,187,3.12,43,0,30,30.0,2.4,0.95,2.1,4,45,1.15,0.55,1.9,1.1,0.65,0.55
bddbdadf-57bc-4fcb-b0f0-62a0159ffa5f,12,10,18.28,1097,PAPER,0,15,0,12,17,7,0.1,0.0,0.55,0.35,0.145,0.0,0.55,0.305,0.414,0.0,0.545,0.041,36,1,1,0,0,0,0,5,12,13,12,28,5.56,0.015,252,4.2,13,0,30,30.0,2.4,0.95,2.1,4,45,1.15,0.55,1.9,1.1,0.65,0.55
1d910891-6831-407e-876c-2ff0cd61e715,19,4,23.92,1435,ROCK,36,0,0,47,23,35,0.171,0.129,0.551,0.15,0.314,0.052,0.61,0.024,0.481,0.063,0.31,0.146,105,1,0,0,1,0,0,7,58,14,62,98,10.03,0.0,310,5.17,33,0,30,30.0,2.4,0.95,2.1,4,45,1.15,0.55,1.9,1.1,0.65,0.55
e5ad68fc-8f56-48ce-aa57-4f63583ef14b,13,6,17.73,1064,SCISSORS,0,0,57,27,46,65,0.207,0.117,0.469,0.207,0.347,0.056,0.516,0.08,0.582,0.183,0.235,0.0,138,1,0,1,0,0,0,11,117,16,120,129,11.09,0.002,104,1.73,2,0,30,30.0,2.4,0.95,2.1,4,45,1.15,0.55,1.9,1.1,0.65,0.55
5a4cee6e-c426-4e43-b0d0-0f0af66e8363,19,9,29.92,1795,ROCK,39,0,0,73,47,60,0.46,0.081,0.351,0.109,0.201,0.114,0.552,0.134,0.457,0.036,0.262,0.245,180,0,0,0,0,0,0,31,115,41,117,158,9.74,0.005,355,5.92,36,0,30,30.0,2.4,0.95,2.1,4,45,1.15,0.55,1.9,1.1,0.65,0.55
be7708bc-e76d-4f90-a43e-3ca5f3e4ae0a,10,9,19.1,1146,ROCK,57,0,0,64,26,45,0.218,0.061,0.559,0.162,0.144,0.052,0.707,0.096,0.502,0.0,0.38,0.118,135,1,0,0,1,0,0,22,79,24,78,131,12.76,0.003,221,3.68,30,0,30,30.0,2.4,0.95,2.1,4,45,1.15,0.55,1.9,1.1,0.65,0.55
ea4cdcf9-37c3-4f5b-9543-ef5faca144b9,17,7,27.8,1668,PAPER,0,30,0,45,55,35,0.323,0.066,0.365,0.246,0.234,0.075,0.377,0.314,0.491,0.117,0.293,0.099,135,0,0,0,0,0,0,37,96,39,95,115,7.17,0.008,118,1.97,7,0,30,30.0,2.4,0.95,2.1,4,45,1.15,0.55,1.9,1.1,0.65,0.55
0dcdfb75-89c9-4b5b-9673-9ca10a0e36b8,10,7,23.6,1416,ROCK,51,0,0,91,57,74,0.42,0.021,0.325,0.233,0.138,0.074,0.424,0.364,0.604,0.141,0.187,0.067,222,1,0,0,1,0,0,56,150,68,149,202,11.41,0.007,246,4.1,11,0,30,30.0,2.4,0.95,2.1,4,45,1.15,0.55,1.9,1.1,0.65,0.55
dd33d813-52ac-4fd4-bb6a-ad48284560bd,14,5,27.07,1624,ROCK,30,0,0,40,20,30,0.422,0.071,0.332,0.175,0.083,0.037,0.511,0.369,0.665,0.0,0.206,0.129,90,1,0,0,1,0,0,18,41,19,41,77,8.39,0.014,379,6.32,17,0,30,30.0,2.4,0.95,2.1,4,45,1.15,0.55,1.9,1.1,0.65,0.55
b55abdf7-d167-4fad-9973-3e2c248dbaaa,5,9,23.92,1435,SCISSORS,0,0,42,34,48,62,0.209,0.16,0.585,0.045,0.129,0.24,0.537,0.094,0.512,0.129,0.286,0.073,144,1,0,1,0,0,0,32,97,35,95,132,9.23,0.002,275,4.58,35,0,30,30.0,2.4,0.95,2.1,4,45,1.15,0.55,1.9,1.1,0.65,0.55
fb75c05e-1b88-4eee-8957-ae8641e7ba62,13,7,38.95,2337,SCISSORS,0,0,15,24,29,34,0.192,0.0,0.412,0.395,0.137,0.0,0.397,0.466,0.462,0.0,0.214,0.325,87,1,0,1,0,0,0,21,45,26,46,53,5.17,0.011,422,7.03,14,0,30,30.0,2.4,0.95,2.1,4,45,1.15,0.55,1.9,1.1,0.65,0.55
5656f061-7054-446e-aafc-fbbcd455ec21,11,8,30.88,1853,PAPER,0,39,0,53,66,40,0.372,0.143,0.391,0.094,0.094,0.243,0.356,0.307,0.612,0.038,0.296,0.054,159,1,1,0,0,0,0,45,117,47,117,134,8.69,0.008,213,3.55,28,0,30,30.0,2.4,0.95,2.1,4,45,1.15,0.55,1.9,1.1,0.65,0.55
3a5123ad-2a8b-4f8c-9622-82fb6a1b46ff,8,10,22.05,1323,SCISSORS,0,0,33,23,34,45,0.234,0.0,0.649,0.117,0.196,0.0,0.536,0.268,0.494,0.0,0.287,0.219,102,1,0,1,0,0,0,30,49,28,47,90,8.7,0.004,308,5.13,29,0,30,30.0,2.4,0.95,2.1,4,45,1.15,0.55,1.9,1.1,0.65,0.55
8f94003c-7176-47fb-a5bd-9a20aca9a9be,10,4,38.12,2287,SCISSORS,0,0,24,41,49,57,0.341,0.0,0.428,0.231,0.282,0.07,0.29,0.358,0.408,0.081,0.172,0.338,147,1,0,1,0,0,0,24,62,39,61,126,8.83,0.004,237,3.95,15,0,30,30.0,2.4,0.95,2.1,4,45,1.15,0.55,1.9,1.1,0.65,0.55
8b13b8e3-c25e-4855-be86-558be3cfb17a,7,7,28.28,1697,SCISSORS,0,0,30,32,42,52,0.247,0.018,0.565,0.171,0.241,0.029,0.418,0.312,0.479,0.076,0.268,0.176,126,0,0,0,0,0,0,27,74,28,75,102,7.8,0.004,387,6.45,25,0,30,30.0,2.4,0.95,2.1,4,45,1.15,0.55,1.9,1.1,0.65,0.55
919e78fa-9947-4ff6-93b6-29abb2fac766,9,6,18.58,1115,ROCK,21,0,0,21,7,14,0.287,0.0,0.52,0.193,0.072,0.063,0.83,0.036,0.341,0.0,0.404,0.256,42,1,0,0,1,0,0,14,17,15,15,31,6.05,0.0,420,7.0,20,0,30,30.0,2.4,0.95,2.1,4,45,1.15,0.55,1.9,1.1,0.65,0.55
ce37d416-3691-4419-b3ad-bcb3c49f21c4,12,6,33.05,1983,ROCK,27,0,0,40,22,31,0.252,0.053,0.32,0.375,0.113,0.131,0.469,0.287,0.733,0.0,0.118,0.149,93,1,0,0,1,0,0,8,42,14,40,71,6.82,0.003,383,6.38,26,0,30,30.0,2.4,0.95,2.1,4,45,1.15,0.55,1.9,1.1,0.65,0.55
c42a8511-c734-46dd-9367-74749cc1da05,10,4,16.67,1000,ROCK,36,0,0,37,13,25,0.185,0.0,0.62,0.195,0.065,0.05,0.765,0.12,0.41,0.0,0.495,0.095,75,1,0,0,1,0,0,3,33,5,33,68,9.52,0.013,250,4.17,16,0,30,30.0,2.4,0.95,2.1,4,45,1.15,0.55,1.9,1.1,0.65,0.55
80376b0c-c7cf-4a84-8155-af82e11065eb,12,10,21.43,1286,ROCK,30,0,0,33,13,23,0.237,0.0,0.533,0.23,0.058,0.054,0.848,0.039,0.37,0.0,0.42,0.21,69,1,0,0,1,0,0,19,31,16,30,57,8.29,0.001,406,6.77,28,0,30,30.0,2.4,0.95,2.1,4,45,1.15,0.55,1.9,1.1,0.65,0.55
dba2df19-82c3-4cea-bb1f-69176d8515fc,6,7,27.88,1673,ROCK,36,0,0,57,33,45,0.215,0.036,0.394,0.355,0.149,0.182,0.543,0.125,0.654,0.0,0.254,0.093,135,1,0,0,1,0,0,35,98,44,102,121,9.62,0.001,313,5.22,22,0,30,30.0,2.4,0.95,2.1,4,45,1.15,0.55,1.9,1.1,0.65,0.55
dd19b083-5a8f-43af-9433-dd759b91e60e,11,10,26.98,1619,SCISSORS,0,0,18,18,24,30,0.139,0.0,0.59,0.272,0.031,0.0,0.509,0.46,0.543,0.0,0.327,0.13,72,1,0,1,0,0,0,23,30,17,30,42,4.65,0.005,404,6.73,17,0,30,30.0,2.4,0.95,2.1,4,45,1.15,0.55,1.9,1.1,0.65,0.55
83880448-b5fb-4565-a290-2fc7a7d6d9c4,9,6,36.4,2184,SCISSORS,0,0,33,56,67,78,0.382,0.025,0.412,0.181,0.11,0.14,0.405,0.346,0.709,0.018,0.227,0.046,201,1,0,1,0,0,0,58,142,73,145,178,8.77,0.01,319,5.32,24,0,30,30.0,2.4,0.95,2.1,4,45,1.15,0.55,1.9,1.1,0.65,0.55
6fd208f4-e3be-48ac-88af-e691b3eaf3b9,10,5,23.53,1412,ROCK,27,0,0,28,10,19,0.272,0.0,0.473,0.254,0.159,0.032,0.629,0.18,0.481,0.0,0.371,0.148,57,1,0,0,1,0,0,8,16,14,15,49,7.14,0.005,352,5.87,20,0,30,30.0,2.4,0.95,2.1,4,45,1.15,0.55,1.9,1.1,0.65,0.55
ad531d71-46c2-40aa-bead-c0ce72007569,17,5,51.0,3060,ROCK,30,0,0,79,59,69,0.294,0.08,0.284,0.342,0.176,0.196,0.402,0.225,0.595,0.108,0.168,0.129,207,1,0,0,1,0,0,45,108,53,106,181,8.47,0.006,415,6.92,29,0,30,30.0,2.4,0.95,2.1,4,45,1.15,0.55,1.9,1.1,0.65,0.55
bd0c5169-924a-4c9b-926f-237bd55c90f5,13,8,42.62,2557,ROCK,51,0,0,154,120,137,0.43,0.223,0.205,0.143,0.291,0.297,0.277,0.135,0.709,0.1,0.076,0.115,411,1,0,0,1,0,0,118,309,129,309,390,12.55,0.006,267,4.45,33,0,30,30.0,2.4,0.95,2.1,4,45,1.15,0.55,1.9,1.1,0.65,0.55
2a03298f-84ac-4d94-b6ee-edf583fdb685,12,7,45.98,2759,PAPER,0,39,0,109,122,96,0.466,0.027,0.163,0.344,0.321,0.069,0.207,0.404,0.598,0.1,0.112,0.19,327,1,1,0,0,0,0,100,240,113,230,281,9.95,0.007,154,2.57,14,0,30,30.0,2.4,0.95,2.1,4,45,1.15,0.55,1.9,1.1,0.65,0.55
288ea89c-5cd9-4946-b5bc-49d1a118d154,16,6,47.8,2868,SCISSORS,0,0,36,84,96,108,0.425,0.063,0.251,0.261,0.275,0.153,0.223,0.348,0.713,0.11,0.091,0.087,288,1,0,1,0,0,0,56,206,82,213,243,8.44,0.007,303,5.05,33,0,30,30.0,2.4,0.95,2.1,4,45,1.15,0.55,1.9,1.1,0.65,0.55
b4aeb612-57e0-45d9-8c65-f4e11989165e,7,8,24.13,1448,ROCK,48,0,0,92,60,76,0.497,0.117,0.231,0.155,0.217,0.124,0.497,0.162,0.493,0.148,0.179,0.179,228,1,0,0,1,0,0,47,119,50,120,208,10.13,0.005,333,5.55,46,0,30,30.0,2.4,0.95,2.1,4,45,1.15,0.55,1.9,1.1,0.65,0.55
3f010422-fdd6-4739-a114-0a4052f30507,8,6,26.6,1596,SCISSORS,0,0,21,19,26,33,0.285,0.0,0.429,0.285,0.085,0.031,0.339,0.545,0.712,0.0,0.147,0.141,78,0,0,0,0,0,0,21,41,30,40,59,6.29,0.008,266,4.43,20,0,30,30.0,2.4,0.95,2.1,4,45,1.15,0.55,1.9,1.1,0.65,0.55
5c07b31f-8f39-47cd-b114-75d78513cf92,18,5,21.65,1299,SCISSORS,0,0,24,14,22,30,0.258,0.012,0.465,0.265,0.223,0.035,0.392,0.35,0.612,0.142,0.246,0.0,66,1,0,1,0,0,0,12,49,18,48,49,6.58,0.013,179,2.98,7,0,30,30.0,2.4,0.95,2.1,4,45,1.15,0.55,1.9,1.1,0.65,0.55
487fdb8c-e114-4d7d-aede-a93b517caed2,16,8,32.62,1957,ROCK,54,0,0,108,72,90,0.38,0.23,0.242,0.148,0.171,0.372,0.406,0.051,0.727,0.0,0.163,0.11,270,1,0,0,1,0,0,67,189,75,187,252,11.61,0.004,282,4.7,51,0,30,30.0,2.4,0.95,2.1,4,45,1.15,0.55,1.9,1.1,0.65,0.55
6ba099e7-5701-4af5-b577-c9af99f23d9a,19,8,13.45,807,ROCK,48,0,0,52,20,36,0.284,0.111,0.414,0.191,0.093,0.074,0.802,0.031,0.407,0.0,0.352,0.241,108,1,0,0,1,0,0,21,50,29,49,102,11.06,0.002,277,4.62,45,0,30,30.0,2.4,0.95,2.1,4,45,1.15,0.55,1.9,1.1,0.65,0.55
e9fed428-66c4-4b79-b612-0350472b08ff,20,7,22.5,1350,SCISSORS,0,0,57,69,88,107,0.3,0.089,0.467,0.144,0.285,0.015,0.256,0.444,0.681,0.093,0.096,0.13,264,1,0,1,0,0,0,80,145,76,149,249,11.59,0.004,285,4.75,54,0,30,30.0,2.4,0.95,2.1,4,45,1.15,0.55,1.9,1.1,0.65,0.55
ddf36ad4-9d6f-44ea-b2ae-ebd525f66736,13,9,42.17,2530,SCISSORS,0,0,60,146,166,186,0.372,0.271,0.283,0.075,0.261,0.292,0.16,0.287,0.696,0.158,0.093,0.053,498,1,0,1,0,0,0,146,420,159,420,464,12.22,0.006,295,4.92,56,0,30,30.0,2.4,0.95,2.1,4,45,1.15,0.55,1.9,1.1,0.65,0.55
487c171c-35d9-4aaf-a8e7-fc3d96922657,11,7,11.6,696,SCISSORS,0,0,39,3,16,29,0.0,0.094,0.777,0.129,0.23,0.0,0.619,0.151,0.619,0.0,0.381,0.0,48,1,0,1,0,0,0,3,27,5,28,47,11.06,0.0,181,3.02,12,0,30,30.0,2.4,0.95,2.1,4,45,1.15,0.55,1.9,1.1,0.65,0.55
1fe0ee67-30bd-41c2-8612-ce104275be64,15,8,19.78,1187,ROCK,33,0,0,42,20,31,0.244,0.0,0.466,0.29,0.227,0.025,0.592,0.155,0.513,0.0,0.21,0.277,93,1,0,0,1,0,0,29,53,31,51,79,8.35,0.006,247,4.12,29,0,30,30.0,2.4,0.95,2.1,4,45,1.15,0.55,1.9,1.1,0.65,0.55
7abb7dae-d5cd-4a11-a4f5-31b83744b2c8,15,7,20.15,1209,ROCK,45,0,0,57,27,42,0.343,0.054,0.471,0.132,0.095,0.132,0.69,0.083,0.566,0.0,0.281,0.153,126,1,0,0,1,0,0,23,79,25,80,119,11.21,0.008,249,4.15,32,0,30,30.0,2.4,0.95,2.1,4,45,1.15,0.55,1.9,1.1,0.65,0.55
daa0343a-177e-4d26-8586-55e80c3ac232,10,9,24.62,1477,ROCK,45,0,0,61,31,46,0.405,0.078,0.284,0.233,0.26,0.169,0.53,0.041,0.453,0.125,0.226,0.196,138,0,0,0,0,0,0,27,80,38,82,126,10.04,0.003,377,6.28,44,0,30,30.0,2.4,0.95,2.1,4,45,1.15,0.55,1.9,1.1,0.65,0.55
248dd496-9087-4611-836d-a6d722515c09,13,8,12.4,744,SCISSORS,0,0,30,6,16,26,0.0,0.06,0.658,0.282,0.302,0.054,0.564,0.081,0.691,0.0,0.309,0.0,48,1,0,1,0,0,0,7,28,4,29,36,7.65,0.002,134,2.23,12,0,30,30.0,2.4,0.95,2.1,4,45,1.15,0.55,1.9,1.1,0.65,0.55
b4a6f96e-dba0-48be-ba8f-0f29eed04bf1,18,4,21.67,1300,ROCK,39,0,0,42,16,29,0.388,0.038,0.435,0.138,0.073,0.227,0.646,0.054,0.473,0.0,0.208,0.319,87,1,0,0,1,0,0,10,51,18,54,81,10.17,0.001,485,8.08,29,0,30,30.0,2.4,0.95,2.1,4,45,1.15,0.55,1.9,1.1,0.65,0.55
7034a71b-7c56-4297-8bd4-78ef5141add2,17,9,25.77,1546,SCISSORS,0,0,54,87,105,123,0.405,0.282,0.204,0.11,0.32,0.301,0.207,0.172,0.748,0.139,0.084,0.029,315,1,0,1,0,0,0,104,271,114,274,295,11.53,0.006,111,1.85,9,0,30,30.0,2.4,0.95,2.1,4,45,1.15,0.55,1.9,1.1,0.65,0.55
804a5a54-07bd-44bc-b0ed-afd51b80552a,12,6,22.17,1330,ROCK,51,0,0,64,30,47,0.342,0.09,0.35,0.218,0.226,0.086,0.647,0.041,0.455,0.098,0.195,0.252,141,1,0,0,1,0,0,31,76,29,78,129,11.85,0.001,395,6.58,44,0,30,30.0,2.4,0.95,2.1,4,45,1.15,0.55,1.9,1.1,0.65,0.55
01a8b1b8-b51b-465e-8a27-eddeca1648f2,19,8,27.15,1629,SCISSORS,0,0,36,41,53,65,0.224,0.138,0.429,0.209,0.196,0.126,0.445,0.233,0.58,0.012,0.166,0.242,159,1,0,1,0,0,0,30,76,39,77,139,10.03,0.002,239,3.98,33,0,30,30.0,2.4,0.95,2.1,4,45,1.15,0.55,1.9,1.1,0.65,0.55
31230f3d-65e1-4ee9-aa78-3d3f879fb60b,11,5,28.33,1700,ROCK,57,0,0,104,66,85,0.547,0.153,0.253,0.047,0.129,0.185,0.574,0.112,0.526,0.056,0.159,0.259,255,1,0,0,1,0,0,29,184,35,186,240,10.97,0.004,515,8.58,41,0,30,30.0,2.4,0.95,2.1,4,45,1.15,0.55,1.9,1.1,0.65,0.55
bfa90cb8-340e-4279-95ea-a2694a9fa9ca,18,5,19.62,1177,ROCK,33,0,0,36,14,25,0.186,0.072,0.466,0.275,0.127,0.114,0.513,0.246,0.669,0.0,0.258,0.072,75,1,0,0,1,0,0,25,44,23,43,69,9.64,0.008,157,2.62,17,0,30,30.0,2.4,0.95,2.1,4,45,1.15,0.55,1.9,1.1,0.65,0.55
c6169900-2eaf-4758-a0bc-91ecb6a05f1e,5,6,38.78,2327,ROCK,54,0,0,150,114,132,0.275,0.245,0.227,0.253,0.262,0.178,0.335,0.225,0.695,0.133,0.09,0.082,396,1,0,0,1,0,0,83,289,91,287,367,12.37,0.001,262,4.37,42,0,30,30.0,2.4,0.95,2.1,4,45,1.15,0.55,1.9,1.1,0.65,0.55
360d6143-b979-4255-9cd9-fa21479179d5,15,4,12.0,720,SCISSORS,0,0,15,2,7,12,0.042,0.0,0.778,0.181,0.146,0.0,0.667,0.188,0.34,0.0,0.375,0.285,21,1,0,1,0,0,0,6,11,1,11,11,3.95,0.01,165,2.75,7,0,30,30.0,2.4,0.95,2.1,4,45,1.15,0.55,1.9,1.1,0.65,0.55
e283dcb0-78de-4a40-ab71-4d7de000c20f,16,8,17.62,1057,PAPER,0,45,0,34,49,19,0.396,0.094,0.429,0.08,0.17,0.156,0.396,0.278,0.439,0.099,0.392,0.071,102,1,1,0,0,0,0,13,62,21,61,91,9.43,0.006,162,2.7,30,0,30,30.0,2.4,0.95,2.1,4,45,1.15,0.55,1.9,1.1,0.65,0.55
2ab5ff24-24ab-496e-ac16-2dd5bb81e4d5,12,8,33.22,1993,SCISSORS,0,0,48,76,92,108,0.429,0.16,0.251,0.16,0.233,0.318,0.241,0.208,0.797,0.013,0.083,0.108,276,1,0,1,0,0,0,91,225,99,231,248,10.41,0.007,98,1.63,2,0,30,30.0,2.4,0.95,2.1,4,45,1.15,0.55,1.9,1.1,0.65,0.55
5fe7dc80-b3e5-4c19-a48b-3c063c5ef542,13,6,54.87,3292,ROCK,36,0,0,133,109,121,0.385,0.132,0.205,0.278,0.288,0.168,0.252,0.291,0.693,0.126,0.102,0.079,363,1,0,0,1,0,0,80,196,97,200,322,9.78,0.009,277,4.62,7,0,30,30.0,2.4,0.95,2.1,4,45,1.15,0.55,1.9,1.1,0.65,0.55
58c2d0ee-7042-4f3c-a722-4271e4ec4bb8,10,10,14.92,895,SCISSORS,0,0,39,6,19,32,0.123,0.24,0.592,0.045,0.0,0.43,0.497,0.073,0.838,0.0,0.162,0.0,57,1,0,1,0,0,0,16,45,16,45,50,9.37,0.004,100,1.67,12,0,30,30.0,2.4,0.95,2.1,4,45,1.15,0.55,1.9,1.1,0.65,0.55
a5832a45-c775-46de-987b-1a43cdca6c7d,16,4,26.0,1560,ROCK,30,0,0,42,22,32,0.433,0.119,0.228,0.221,0.212,0.176,0.513,0.099,0.67,0.038,0.157,0.135,96,1,0,0,1,0,0,10,32,14,29,89,8.79,0.007,300,5.0,21,0,30,30.0,2.4,0.95,2.1,4,45,1.15,0.55,1.9,1.1,0.65,0.55
8d1f5617-c1f2-45aa-9e2b-7f8cc07c25d2,19,8,23.68,1421,PAPER,0,48,0,49,65,33,0.412,0.046,0.349,0.194,0.113,0.356,0.363,0.169,0.623,0.035,0.25,0.092,147,1,1,0,0,0,0,22,97,26,97,137,11.78,0.01,101,1.68,8,0,30,30.0,2.4,0.95,2.1,4,45,1.15,0.55,1.9,1.1,0.65,0.55
a56ef945-bb79-4f1c-8ee6-560bcce65b86,20,8,22.7,1362,SCISSORS,0,0,57,52,71,90,0.234,0.143,0.418,0.205,0.282,0.117,0.33,0.271,0.579,0.114,0.209,0.099,213,1,0,1,0,0,0,46,168,42,167,193,12.38,0.004,207,3.45,28,0,30,30.0,2.4,0.95,2.1,4,45,1.15,0.55,1.9,1.1,0.65,0.55
c90b5593-575f-4546-973a-730df05d440a,16,9,23.85,1431,SCISSORS,0,0,60,62,82,102,0.42,0.045,0.524,0.01,0.119,0.094,0.409,0.378,0.584,0.126,0.196,0.094,246,0,0,0,0,0,0,60,172,71,168,225,10.97,0.006,311,5.18,59,0,30,30.0,2.4,0.95,2.1,4,45,1.15,0.55,1.9,1.1,0.65,0.55
106f8668-39c0-4da0-9b4d-c8d5a4a1ff0a,8,6,28.28,1697,ROCK,48,0,0,98,66,82,0.235,0.315,0.191,0.259,0.244,0.235,0.291,0.229,0.797,0.0,0.112,0.091,246,1,0,0,1,0,0,48,174,73,181,230,12.77,0.003,222,3.7,31,0,30,30.0,2.4,0.95,2.1,4,45,1.15,0.55,1.9,1.1,0.65,0.55
46223c9d-ec63-466d-a27f-4c3d35da2bc4,18,9,22.78,1367,PAPER,0,24,0,28,36,20,0.281,0.0,0.35,0.369,0.307,0.062,0.299,0.332,0.675,0.011,0.299,0.015,84,1,1,0,0,0,0,32,53,27,55,71,6.35,0.011,257,4.28,21,0,30,30.0,2.4,0.95,2.1,4,45,1.15,0.55,1.9,1.1,0.65,0.55
b9e03e4a-0326-4d1b-aff5-0fc97ffaf02f,13,8,23.62,1417,ROCK,54,0,0,76,40,58,0.289,0.092,0.444,0.176,0.158,0.039,0.704,0.099,0.514,0.032,0.194,0.261,174,1,0,0,1,0,0,56,112,65,110,159,12.47,0.001,417,6.95,46,0,30,30.0,2.4,0.95,2.1,4,45,1.15,0.55,1.9,1.1,0.65,0.55
fd9bc603-b6a1-44c1-a5fe-013e7a88274d,14,6,17.17,1030,ROCK,39,0,0,39,13,26,0.223,0.102,0.408,0.267,0.053,0.107,0.762,0.078,0.539,0.0,0.272,0.189,78,1,0,0,1,0,0,20,34,19,30,73,10.79,0.0,270,4.5,32,0,30,30.0,2.4,0.95,2.1,4,45,1.15,0.55,1.9,1.1,0.65,0.55
5b38db0b-7c7a-4d5b-8442-f5e78a362ef7,17,6,25.7,1542,ROCK,42,0,0,79,51,65,0.346,0.107,0.311,0.236,0.246,0.058,0.443,0.252,0.502,0.139,0.227,0.133,195,1,0,0,1,0,0,38,95,47,100,180,10.45,0.004,292,4.87,38,0,30,30.0,2.4,0.95,2.1,4,45,1.15,0.55,1.9,1.1,0.65,0.55
1bf47dc4-4eb5-4629-8ab9-d54c35b966fe,19,7,62.4,3744,ROCK,51,0,0,62,28,45,0.841,0.004,0.126,0.029,0.02,0.029,0.948,0.003,0.121,0.0,0.075,0.804,135,0,0,0,0,0,0,16,56,22,58,129,12.73,0.002,3089,51.48,50,0,30,30.0,2.4,0.95,2.1,4,45,1.15,0.55,1.9,1.1,0.65,0.55
29102161-9d26-43f1-8fcf-733b6d344ac4,17,4,22.82,1369,SCISSORS,0,0,57,60,79,98,0.212,0.241,0.467,0.08,0.091,0.325,0.438,0.146,0.825,0.0,0.175,0.0,237,1,0,1,0,0,0,21,156,23,158,228,12.11,0.003,104,1.73,8,0,30,30.0,2.4,0.95,2.1,4,45,1.15,0.55,1.9,1.1,0.65,0.55
baa137e1-baab-4731-95de-ccfcc15eb90b,20,8,24.68,1481,SCISSORS,0,0,51,47,64,81,0.226,0.189,0.53,0.054,0.128,0.28,0.449,0.142,0.608,0.098,0.199,0.095,192,1,0,1,0,0,0,48,145,51,144,179,11.76,0.003,281,4.68,35,0,30,30.0,2.4,0.95,2.1,4,45,1.15,0.55,1.9,1.1,0.65,0.55
3388a0c4-21e6-4367-ab4c-d03e8cce3885,5,10,27.33,1640,ROCK,60,0,0,122,82,102,0.311,0.287,0.226,0.177,0.274,0.271,0.345,0.11,0.591,0.204,0.155,0.049,306,1,0,0,1,0,0,105,256,102,261,292,11.69,0.002,145,2.42,19,0,30,30.0,2.4,0.95,2.1,4,45,1.15,0.55,1.9,1.1,0.65,0.55
26d4a3d7-aee6-4ea1-a356-643871cc3d26,18,9,22.08,1325,SCISSORS,0,0,15,12,17,22,0.177,0.0,0.457,0.366,0.162,0.0,0.355,0.483,0.592,0.0,0.158,0.249,51,1,0,1,0,0,0,19,26,20,26,31,5.06,0.002,360,6.0,14,0,30,30.0,2.4,0.95,2.1,4,45,1.15,0.55,1.9,1.1,0.65,0.55
6d779509-6582-41fe-8b18-eed5b7b5d8cc,13,4,65.03,3902,SCISSORS,0,0,54,281,299,317,0.446,0.255,0.178,0.122,0.353,0.183,0.108,0.356,0.64,0.129,0.045,0.186,897,1,0,1,0,0,0,87,415,93,409,855,14.3,0.005,342,5.7,51,0,30,30.0,2.4,0.95,2.1,4,45,1.15,0.55,1.9,1.1,0.65,0.55
f96a2975-a541-4a56-b0f8-99580861016a,7,4,27.65,1659,ROCK,39,0,0,60,34,47,0.446,0.012,0.386,0.157,0.127,0.247,0.452,0.175,0.602,0.024,0.232,0.142,141,1,0,0,1,0,0,13,57,12,53,130,9.7,0.003,339,5.65,34,0,30,30.0,2.4,0.95,2.1,4,45,1.15,0.55,1.9,1.1,0.65,0.55
e48b0f82-6fd0-40c5-baff-72be7a6d020c,14,8,20.77,1246,ROCK,21,0,0,22,8,15,0.249,0.0,0.41,0.341,0.177,0.0,0.643,0.181,0.438,0.0,0.285,0.277,45,1,0,0,1,0,0,21,19,15,23,30,5.89,0.002,381,6.35,15,0,30,30.0,2.4,0.95,2.1,4,45,1.15,0.55,1.9,1.1,0.65,0.55
79219ee9-3912-4ea4-aac5-2f2bd56f7275,13,4,21.4,1284,PAPER,0,42,0,39,53,25,0.595,0.0,0.339,0.066,0.093,0.148,0.362,0.397,0.339,0.276,0.288,0.097,117,1,1,0,0,0,0,5,52,7,51,102,8.38,0.011,144,2.4,24,0,30,30.0,2.4,0.95,2.1,4,45,1.15,0.55,1.9,1.1,0.65,0.55
7ddf5a68-73a1-442b-a7fb-1b7e394c8f17,12,8,35.93,2156,ROCK,39,0,0,72,46,59,0.534,0.167,0.23,0.07,0.111,0.269,0.459,0.16,0.566,0.19,0.155,0.088,177,1,0,0,1,0,0,44,149,44,147,160,9.37,0.012,261,4.35,8,0,30,30.0,2.4,0.95,2.1,4,45,1.15,0.55,1.9,1.1,0.65,0.55
72938efe-9e92-40de-aab2-e86b8dd70b07,20,9,47.07,2824,ROCK,36,0,0,124,100,112,0.361,0.085,0.149,0.405,0.333,0.058,0.227,0.382,0.623,0.041,0.113,0.223,336,1,0,0,1,0,0,95,214,98,214,293,10.6,0.007,254,4.23,22,0,30,30.0,2.4,0.95,2.1,4,45,1.15,0.55,1.9,1.1,0.65,0.55
d837e32f-d4c3-4f9e-beb8-519e245d3402,14,10,16.45,987,ROCK,60,0,0,70,30,50,0.288,0.086,0.475,0.152,0.162,0.04,0.758,0.04,0.404,0.0,0.343,0.253,150,1,0,0,1,0,0,29,72,29,73,143,11.99,0.0,312,5.2,59,0,30,30.0,2.4,0.95,2.1,4,45,1.15,0.55,1.9,1.1,0.65,0.55
73701e93-98b0-458b-a83b-c6b24764fb40,13,6,27.08,1625,ROCK,42,0,0,86,58,72,0.443,0.132,0.231,0.194,0.252,0.332,0.311,0.105,0.778,0.0,0.114,0.108,216,1,0,0,1,0,0,33,124,38,127,199,12.0,0.004,260,4.33,27,0,30,30.0,2.4,0.95,2.1,4,45,1.15,0.55,1.9,1.1,0.65,0.55
2797b2a5-b4c0-4300-a56e-68f63dd3eb4b,14,4,29.08,1745,ROCK,39,0,0,73,47,60,0.261,0.046,0.261,0.433,0.269,0.086,0.418,0.226,0.573,0.063,0.218,0.146,180,1,0,0,1,0,0,24,74,22,76,166,11.72,0.002,335,5.58,36,0,30,30.0,2.4,0.95,2.1,4,45,1.15,0.55,1.9,1.1,0.65,0.55
01e778ed-f7a7-4617-b7ae-d41c45009a40,16,10,20.88,1253,SCISSORS,0,0,42,39,53,67,0.231,0.155,0.426,0.187,0.227,0.072,0.375,0.327,0.542,0.199,0.259,0.0,159,1,0,1,0,0,0,43,93,56,93,142,12.18,0.004,148,2.47,21,0,30,30.0,2.4,0.95,2.1,4,45,1.15,0.55,1.9,1.1,0.65,0.55
a0a0e2f7-ac22-4dc6-a3e7-a0d9d946534d,11,8,14.58,875,ROCK,48,0,0,52,20,36,0.366,0.234,0.4,0.0,0.194,0.24,0.554,0.011,0.549,0.0,0.246,0.206,108,0,0,0,0,0,0,28,72,25,70,101,10.78,0.006,255,4.25,33,0,30,30.0,2.4,0.95,2.1,4,45,1.15,0.55,1.9,1.1,0.65,0.55
7d2c0701-eae4-43a9-b529-7a2666895afa,19,7,25.93,1556,SCISSORS,0,0,33,30,41,52,0.116,0.103,0.347,0.434,0.322,0.145,0.338,0.196,0.682,0.103,0.215,0.0,123,1,0,1,0,0,0,21,84,23,85,108,8.72,0.002,156,2.6,6,0,30,30.0,2.4,0.95,2.1,4,45,1.15,0.55,1.9,1.1,0.65,0.55
beda7645-2347-4fed-a6f4-cb72f7c909e3,8,7,28.72,1723,ROCK,57,0,0,120,82,101,0.432,0.11,0.229,0.229,0.194,0.325,0.374,0.107,0.713,0.023,0.133,0.13,303,1,0,0,1,0,0,82,206,81,209,289,12.71,0.004,273,4.55,55,0,30,30.0,2.4,0.95,2.1,4,45,1.15,0.55,1.9,1.1,0.65,0.55
99f9b189-6b14-4229-b845-997c9270b3f5,11,5,93.85,5631,PAPER,0,24,0,83,91,75,0.448,0.0,0.233,0.32,0.155,0.103,0.313,0.43,0.834,0.045,0.083,0.038,249,1,1,0,0,0,0,78,189,89,189,186,6.56,0.011,111,1.85,13,0,30,30.0,2.4,0.95,2.1,4,45,1.15,0.55,1.9,1.1,0.65,0.55
4d58aeee-14e6-4717-9bd1-626152dc62e0,19,6,63.12,3787,SCISSORS,0,0,33,79,90,101,0.402,0.066,0.17,0.361,0.259,0.141,0.232,0.368,0.786,0.062,0.08,0.071,270,1,0,1,0,0,0,70,191,73,193,214,7.33,0.01,172,2.87,9,0,30,30.0,2.4,0.95,2.1,4,45,1.15,0.55,1.9,1.1,0.65,0.55
78428d62-55ea-4cfa-a25f-c2acee57d94f,9,4,20.78,1247,SCISSORS,0,0,57,57,76,95,0.224,0.08,0.396,0.3,0.204,0.096,0.28,0.42,0.672,0.052,0.124,0.152,228,1,0,1,0,0,0,23,120,25,118,222,13.31,0.004,257,4.28,52,0,30,30.0,2.4,0.95,2.1,4,45,1.15,0.55,1.9,1.1,0.65,0.55
be1d284c-1b0f-46c7-8f47-8cde3b7a842a,11,7,14.78,887,ROCK,27,0,0,29,11,20,0.236,0.056,0.32,0.388,0.062,0.062,0.618,0.258,0.674,0.006,0.208,0.112,60,1,0,0,1,0,0,17,36,21,34,51,7.92,0.006,217,3.62,8,0,30,30.0,2.4,0.95,2.1,4,45,1.15,0.55,1.9,1.1,0.65,0.55
06ffb7df-bddf-4ab0-a24e-bd3ec33c94c8,9,7,19.2,1152,ROCK,33,0,0,43,21,32,0.19,0.143,0.381,0.286,0.182,0.035,0.658,0.126,0.632,0.0,0.208,0.16,96,1,0,0,1,0,0,36,53,31,51,79,8.52,0.0,282,4.7,28,0,30,30.0,2.4,0.95,2.1,4,45,1.15,0.55,1.9,1.1,0.65,0.55
d6f78a16-8e9b-464a-96e6-5b2f9a2b4302,11,7,21.37,1282,SCISSORS,0,0,27,25,34,43,0.156,0.035,0.498,0.311,0.284,0.016,0.323,0.377,0.591,0.128,0.121,0.16,102,1,0,1,0,0,0,31,43,30,46,82,9.02,0.003,302,5.03,19,0,30,30.0,2.4,0.95,2.1,4,45,1.15,0.55,1.9,1.1,0.65,0.55
dd2948b3-d286-47e5-9f60-9b192083ad05,9,9,16.37,982,SCISSORS,0,0,33,25,36,47,0.152,0.086,0.437,0.325,0.244,0.076,0.34,0.34,0.706,0.122,0.173,0.0,108,1,0,1,0,0,0,22,53,26,54,92,10.76,0.001,142,2.37,21,0,30,30.0,2.4,0.95,2.1,4,45,1.15,0.55,1.9,1.1,0.65,0.55
480141dd-6b63-4e5d-a6aa-1fe23ddd8541,14,8,18.1,1086,ROCK,27,0,0,29,11,20,0.203,0.101,0.29,0.406,0.267,0.041,0.41,0.281,0.553,0.088,0.189,0.171,60,1,0,0,1,0,0,7,29,10,28,44,7.75,0.002,271,4.52,22,0,30,30.0,2.4,0.95,2.1,4,45,1.15,0.55,1.9,1.1,0.65,0.55
aa5b696f-e516-43a1-baa5-58714a92ef55,15,6,61.22,3673,PAPER,0,42,0,148,162,134,0.376,0.2,0.158,0.267,0.279,0.324,0.219,0.178,0.792,0.099,0.088,0.02,444,1,1,0,0,0,0,80,335,90,336,386,10.29,0.009,103,1.72,6,0,30,30.0,2.4,0.95,2.1,4,45,1.15,0.55,1.9,1.1,0.65,0.55
628d99c1-5cec-4ef6-909d-bed16f0c4838,12,5,21.3,1278,ROCK,45,0,0,55,25,40,0.203,0.188,0.402,0.207,0.34,0.09,0.555,0.016,0.543,0.0,0.281,0.176,120,1,0,0,1,0,0,13,62,15,60,103,10.65,0.001,303,5.05,43,0,30,30.0,2.4,0.95,2.1,4,45,1.15,0.55,1.9,1.1,0.65,0.55
02dd4c90-aed0-44b5-bb33-2ce30ac4be80,11,7,14.95,897,ROCK,36,0,0,36,12,24,0.278,0.0,0.383,0.339,0.106,0.072,0.672,0.15,0.467,0.0,0.294,0.239,72,1,0,0,1,0,0,11,30,19,30,63,7.65,0.0,282,4.7,33,0,30,30.0,2.4,0.95,2.1,4,45,1.15,0.55,1.9,1.1,0.65,0.55
c1a8b1cb-3604-4707-9d8d-f1fcfdeeb14f,5,10,27.0,1620,PAPER,0,33,0,43,54,32,0.37,0.08,0.395,0.154,0.133,0.157,0.312,0.398,0.633,0.009,0.259,0.099,129,1,1,0,0,0,0,36,80,40,76,115,9.39,0.011,170,2.83,16,0,30,30.0,2.4,0.95,2.1,4,45,1.15,0.55,1.9,1.1,0.65,0.55
39b73df0-bd9f-49d8-a7c7-027f60de4efe,10,5,34.8,2088,SCISSORS,0,0,15,15,20,25,0.091,0.0,0.304,0.605,0.407,0.0,0.249,0.344,0.543,0.0,0.136,0.321,60,1,0,1,0,0,0,12,19,17,21,43,5.25,0.003,158,2.63,9,0,30,30.0,2.4,0.95,2.1,4,45,1.15,0.55,1.9,1.1,0.65,0.55
e8a2ad89-dfb3-4ef3-a3e9-cfed4bb4144f,5,9,18.47,1108,SCISSORS,0,0,30,14,24,34,0.369,0.032,0.559,0.041,0.135,0.0,0.437,0.428,0.428,0.14,0.266,0.167,72,1,0,1,0,0,0,21,43,26,42,61,7.17,0.006,288,4.8,27,0,30,30.0,2.4,0.95,2.1,4,45,1.15,0.55,1.9,1.1,0.65,0.55
75024fc8-f6b9-4c34-b69d-906cd1fe7c04,6,9,14.15,849,ROCK,15,0,0,15,5,10,0.147,0.0,0.388,0.465,0.188,0.0,0.582,0.229,0.424,0.0,0.271,0.306,30,1,0,0,1,0,0,9,13,10,14,23,5.57,0.0,209,3.48,11,0,30,30.0,2.4,0.95,2.1,4,45,1.15,0.55,1.9,1.1,0.65,0.55
c6eb0054-4881-4e96-a808-b2945c25ea9e,10,7,20.65,1239,SCISSORS,0,0,18,12,18,24,0.165,0.0,0.56,0.274,0.194,0.0,0.335,0.472,0.577,0.02,0.161,0.242,54,1,0,1,0,0,0,13,27,15,26,45,6.19,0.006,439,7.32,17,0,30,30.0,2.4,0.95,2.1,4,45,1.15,0.55,1.9,1.1,0.65,0.55
deed6747-14f2-483d-a403-39602dfd7de0,9,4,20.27,1216,ROCK,30,0,0,28,8,18,0.374,0.152,0.305,0.169,0.095,0.267,0.325,0.313,0.626,0.193,0.123,0.058,54,1,0,0,1,0,0,14,26,17,30,46,9.06,0.016,146,2.43,7,0,30,30.0,2.4,0.95,2.1,4,45,1.15,0.55,1.9,1.1,0.65,0.55
c8e96d43-0d2a-4f99-9cdf-ff81d6109c91,18,6,21.37,1282,PAPER,0,27,0,33,42,24,0.292,0.031,0.23,0.447,0.214,0.121,0.202,0.463,0.685,0.0,0.214,0.101,99,1,1,0,0,0,0,29,55,30,57,81,7.79,0.004,177,2.95,20,0,30,30.0,2.4,0.95,2.1,4,45,1.15,0.55,1.9,1.1,0.65,0.55
06865dc8-8c69-4a25-98de-7d2547a40883,5,4,31.63,1898,SCISSORS,0,0,54,81,99,117,0.397,0.211,0.268,0.124,0.247,0.213,0.247,0.292,0.737,0.05,0.095,0.118,297,1,0,1,0,0,0,32,174,39,182,267,10.37,0.006,208,3.47,42,0,30,30.0,2.4,0.95,2.1,4,45,1.15,0.55,1.9,1.1,0.65,0.55
e8615bca-0e97-4e9b-9367-17945fc26cdf,12,8,25.12,1507,SCISSORS,0,0,15,12,17,22,0.073,0.0,0.305,0.623,0.291,0.0,0.219,0.49,0.563,0.0,0.106,0.331,51,1,0,1,0,0,0,24,36,20,35,33,4.69,0.007,267,4.45,8,0,30,30.0,2.4,0.95,2.1,4,45,1.15,0.55,1.9,1.1,0.65,0.55
93422b9c-3bfa-41c7-9009-de5368231dc3,15,5,18.28,1097,ROCK,36,0,0,46,22,34,0.5,0.0,0.3,0.2,0.141,0.177,0.618,0.064,0.586,0.0,0.164,0.25,102,1,0,0,1,0,0,13,54,17,54,90,9.74,0.004,357,5.95,34,0,30,30.0,2.4,0.95,2.1,4,45,1.15,0.55,1.9,1.1,0.65,0.55
123dfc04-1be1-4979-8624-de5c2bcef78b,16,4,42.25,2535,ROCK,45,0,0,128,98,113,0.353,0.043,0.237,0.367,0.15,0.27,0.312,0.268,0.779,0.051,0.093,0.077,339,0,0,0,0,0,0,38,178,38,181,304,11.73,0.003,275,4.58,37,0,30,30.0,2.4,0.95,2.1,4,45,1.15,0.55,1.9,1.1,0.65,0.55
e5accfca-6f98-444d-a04d-0142a2c8f048,18,4,14.77,886,ROCK,48,0,0,55,23,39,0.294,0.028,0.452,0.226,0.198,0.023,0.621,0.158,0.548,0.0,0.277,0.175,117,1,0,0,1,0,0,18,53,22,52,107,11.89,0.009,191,3.18,33,0,30,30.0,2.4,0.95,2.1,4,45,1.15,0.55,1.9,1.1,0.65,0.55
f5109942-3fe5-4927-a185-9a1ea9fc1570,19,10,24.45,1467,ROCK,54,0,0,97,61,79,0.18,0.316,0.371,0.133,0.286,0.078,0.612,0.024,0.711,0.0,0.133,0.156,237,1,0,0,1,0,0,47,178,48,177,219,9.97,0.0,297,4.95,52,0,30,30.0,2.4,0.95,2.1,4,45,1.15,0.55,1.9,1.1,0.65,0.55
ccba59a9-0190-4fa4-bdf0-c397eb6482ef,13,8,20.23,1214,ROCK,57,0,0,78,40,59,0.284,0.132,0.453,0.132,0.263,0.053,0.65,0.033,0.56,0.033,0.239,0.169,177,1,0,0,1,0,0,49,117,58,117,172,11.56,0.001,274,4.57,53,0,30,30.0,2.4,0.95,2.1,4,45,1.15,0.55,1.9,1.1,0.65,0.55
26839e82-e22a-47fe-be83-4389d08e5378,8,4,48.67,2920,ROCK,39,0,0,113,87,100,0.509,0.094,0.168,0.229,0.163,0.248,0.349,0.24,0.668,0.113,0.092,0.127,300,1,0,0,1,0,0,37,168,47,168,270,9.89,0.006,295,4.92,36,0,30,30.0,2.4,0.95,2.1,4,45,1.15,0.55,1.9,1.1,0.65,0.55
df846e7c-0cf2-4084-a555-a238e13622c1,17,4,32.33,1940,ROCK,24,0,0,23,7,15,0.534,0.0,0.175,0.291,0.0,0.072,0.753,0.175,0.338,0.0,0.147,0.515,45,1,0,0,1,0,0,7,8,10,8,33,7.6,0.0,1070,17.83,23,0,30,30.0,2.4,0.95,2.1,4,45,1.15,0.55,1.9,1.1,0.65,0.55
314a1fba-299a-4fd6-878a-659dbb5a162d,12,8,59.33,3560,PAPER,0,51,0,184,201,167,0.462,0.24,0.132,0.166,0.369,0.34,0.097,0.194,0.747,0.142,0.06,0.051,552,1,1,0,0,0,0,131,485,149,491,514,10.46,0.007,110,1.83,11,0,30,30.0,2.4,0.95,2.1,4,45,1.15,0.55,1.9,1.1,0.65,0.55
745ab094-c1db-41a4-aa3b-ad28d7cb5df6,8,9,38.52,2311,PAPER,0,36,0,89,101,77,0.394,0.147,0.149,0.31,0.089,0.225,0.301,0.385,0.747,0.035,0.1,0.119,267,1,1,0,0,0,0,80,200,78,200,232,8.79,0.009,116,1.93,18,0,30,30.0,2.4,0.95,2.1,4,45,1.15,0.55,1.9,1.1,0.65,0.55
ffaaaf17-b414-4467-a593-440a2cc9d2d0,17,7,27.98,1679,ROCK,24,0,0,32,16,24,0.265,0.0,0.42,0.315,0.074,0.223,0.58,0.122,0.652,0.0,0.196,0.152,72,1,0,0,1,0,0,31,29,31,35,58,6.22,0.006,349,5.82,21,0,30,30.0,2.4,0.95,2.1,4,45,1.15,0.55,1.9,1.1,0.65,0.55
f422bf88-7e51-4c3a-b8e4-c490b2812b1c,8,9,19.38,1163,ROCK,51,0,0,61,27,44,0.258,0.202,0.339,0.202,0.18,0.133,0.579,0.107,0.519,0.12,0.24,0.12,132,1,0,0,1,0,0,23,67,24,68,121,9.77,0.003,203,3.38,35,0,30,30.0,2.4,0.95,2.1,4,45,1.15,0.55,1.9,1.1,0.65,0.55
430b836a-ba5a-4f39-8b3d-11447b12171c,18,4,31.3,1878,SCISSORS,0,0,24,31,39,47,0.223,0.011,0.354,0.412,0.516,0.059,0.231,0.194,0.41,0.0,0.117,0.473,117,1,0,1,0,0,0,4,45,12,45,104,8.75,0.001,268,4.47,16,0,30,30.0,2.4,0.95,2.1,4,45,1.15,0.55,1.9,1.1,0.65,0.55
66a1a5f1-40f2-40e1-b8b2-e4bcfbe74350,15,8,20.85,1251,ROCK,54,0,0,98,62,80,0.276,0.132,0.372,0.22,0.172,0.296,0.48,0.052,0.684,0.04,0.192,0.084,240,1,0,0,1,0,0,78,183,99,181,217,11.68,0.002,186,3.1,43,0,30,30.0,2.4,0.95,2.1,4,45,1.15,0.55,1.9,1.1,0.65,0.55
1c52dd85-47c3-4294-9787-5daba1a2b666,9,7,16.62,997,ROCK,45,0,0,55,25,40,0.295,0.24,0.32,0.145,0.355,0.02,0.61,0.015,0.54,0.0,0.2,0.26,120,1,0,0,1,0,0,34,59,35,58,105,10.41,0.0,332,5.53,43,0,30,30.0,2.4,0.95,2.1,4,45,1.15,0.55,1.9,1.1,0.65,0.55
9bb2c7d4-dc3f-4fab-8405-152bc265369a,6,9,33.18,1991,ROCK,27,0,0,49,31,40,0.329,0.02,0.256,0.394,0.226,0.153,0.43,0.191,0.528,0.008,0.161,0.304,120,1,0,0,1,0,0,51,77,55,77,98,7.84,0.006,341,5.68,26,0,30,30.0,2.4,0.95,2.1,4,45,1.15,0.55,1.9,1.1,0.65,0.55
64f16de6-e791-49e9-9f4f-c9371c5a445e,8,9,18.95,1137,SCISSORS,0,0,18,2,8,14,0.0,0.0,0.5,0.5,0.0,0.0,0.623,0.377,0.702,0.0,0.298,0.0,24,1,0,1,0,0,0,8,17,10,17,13,4.42,0.0,227,3.78,6,0,30,30.0,2.4,0.95,2.1,4,45,1.15,0.55,1.9,1.1,0.65,0.55
6c144911-ff87-4d27-a22d-ae4ca24aeeff,5,5,28.7,1722,PAPER,0,24,0,42,50,34,0.148,0.0,0.29,0.562,0.229,0.159,0.42,0.191,0.788,0.0,0.209,0.003,126,1,1,0,0,0,0,44,66,44,65,108,6.91,0.007,237,3.95,23,0,30,30.0,2.4,0.95,2.1,4,45,1.15,0.55,1.9,1.1,0.65,0.55
96e6c554-31f8-4366-829b-cc5ec8e66762,13,7,19.05,1143,SCISSORS,0,0,15,6,11,16,0.061,0.0,0.389,0.55,0.555,0.0,0.319,0.127,0.389,0.0,0.131,0.48,33,1,0,1,0,0,0,6,12,5,10,24,6.06,0.006,133,2.22,7,0,30,30.0,2.4,0.95,2.1,4,45,1.15,0.55,1.9,1.1,0.65,0.55
a6ad593a-3564-495c-b912-b807461d4adb,19,10,32.22,1933,ROCK,39,0,0,110,84,97,0.346,0.183,0.282,0.189,0.093,0.32,0.395,0.191,0.726,0.0,0.085,0.189,291,1,0,0,1,0,0,71,207,93,207,262,10.09,0.011,283,4.72,28,0,30,30.0,2.4,0.95,2.1,4,45,1.15,0.55,1.9,1.1,0.65,0.55
178da455-a51c-4b0a-abb8-ec8ba1b50f46,9,10,17.77,1066,PAPER,0,57,0,78,97,59,0.319,0.019,0.329,0.333,0.474,0.192,0.197,0.136,0.493,0.249,0.254,0.005,234,0,0,0,0,0,0,60,170,68,170,222,11.02,0.005,206,3.43,43,0,30,30.0,2.4,0.95,2.1,4,45,1.15,0.55,1.9,1.1,0.65,0.55
9c7a8654-32a0-42a3-9ec8-083df604d2ab,16,7,16.43,986,SCISSORS,0,0,27,13,22,31,0.076,0.102,0.731,0.091,0.305,0.0,0.442,0.254,0.487,0.015,0.168,0.33,66,1,0,1,0,0,0,15,29,17,28,51,7.21,0.003,331,5.52,25,0,30,30.0,2.4,0.95,2.1,4,45,1.15,0.55,1.9,1.1,0.65,0.55
a48aaaae-9acc-4042-91e4-4e43b72e401c,15,4,27.98,1679,SCISSORS,0,0,48,97,113,129,0.381,0.146,0.277,0.196,0.271,0.229,0.202,0.298,0.637,0.083,0.08,0.199,339,0,0,0,0,0,0,46,194,52,199,312,12.22,0.008,244,4.07,35,0,30,30.0,2.4,0.95,2.1,4,45,1.15,0.55,1.9,1.1,0.65,0.55
7e9ff431-7c5f-4fe5-9116-57979b3146a2,7,4,26.23,1574,ROCK,45,0,0,101,71,86,0.46,0.108,0.159,0.273,0.295,0.105,0.444,0.156,0.514,0.162,0.098,0.225,258,1,0,0,1,0,0,53,121,65,122,238,14.12,0.002,404,6.73,39,0,30,30.0,2.4,0.95,2.1,4,45,1.15,0.55,1.9,1.1,0.65,0.55
e46eea75-0dce-453b-8d10-dbbf02796e97,7,7,21.93,1316,SCISSORS,0,0,21,17,24,31,0.209,0.0,0.259,0.532,0.255,0.0,0.289,0.456,0.711,0.0,0.103,0.186,72,1,0,1,0,0,0,10,34,13,33,43,5.89,0.011,101,1.68,3,0,30,30.0,2.4,0.95,2.1,4,45,1.15,0.55,1.9,1.1,0.65,0.55
18a395f2-bf46-481f-a545-d8a44b0d0cf5,20,9,17.4,1044,SCISSORS,0,0,21,8,15,22,0.153,0.043,0.45,0.354,0.416,0.029,0.344,0.211,0.45,0.0,0.182,0.368,45,1,0,1,0,0,0,13,29,19,29,34,6.33,0.004,139,2.32,3,0,30,30.0,2.4,0.95,2.1,4,45,1.15,0.55,1.9,1.1,0.65,0.55
1de7f4c9-c8ec-4bd6-8ebe-87c5732aa4dd,12,4,17.5,1050,PAPER,0,60,0,70,90,50,0.086,0.114,0.386,0.414,0.467,0.11,0.252,0.171,0.619,0.0,0.357,0.024,210,1,1,0,0,0,0,27,90,27,90,194,14.64,0.003,285,4.75,59,0,30,30.0,2.4,0.95,2.1,4,45,1.15,0.55,1.9,1.1,0.65,0.55
43622e47-f62e-4556-b384-d03e905a4caf,17,7,29.58,1775,ROCK,36,0,0,77,53,65,0.321,0.051,0.2,0.428,0.29,0.09,0.361,0.259,0.631,0.065,0.099,0.206,195,1,0,0,1,0,0,57,104,62,101,170,9.73,0.004,305,5.08,29,0,30,30.0,2.4,0.95,2.1,4,45,1.15,0.55,1.9,1.1,0.65,0.55
091295f8-4bda-46c7-af0b-2ecdb4a772dd,9,9,19.18,1151,SCISSORS,0,0,51,48,65,82,0.257,0.213,0.491,0.039,0.291,0.117,0.335,0.257,0.726,0.143,0.13,0.0,195,1,0,1,0,0,0,68,147,68,146,188,12.08,0.009,191,3.18,37,0,30,30.0,2.4,0.95,2.1,4,45,1.15,0.55,1.9,1.1,0.65,0.55
8528a538-4a95-4d3b-bdcb-1ce3d16be28c,18,4,20.23,1214,SCISSORS,0,0,27,21,30,39,0.177,0.045,0.424,0.354,0.288,0.0,0.329,0.383,0.667,0.0,0.119,0.214,90,1,0,1,0,0,0,13,32,8,31,76,7.8,0.011,279,4.65,21,0,30,30.0,2.4,0.95,2.1,4,45,1.15,0.55,1.9,1.1,0.65,0.55
98353c5b-dcb9-4ec5-a394-6a1298466782,8,5,17.93,1076,PAPER,0,54,0,55,73,37,0.14,0.2,0.516,0.144,0.177,0.274,0.414,0.135,0.614,0.0,0.34,0.047,165,1,1,0,0,0,0,29,93,34,94,155,12.02,0.008,231,3.85,49,0,30,30.0,2.4,0.95,2.1,4,45,1.15,0.55,1.9,1.1,0.65,0.55
caadc8f3-55dd-4ed3-9d2a-6cb389dfca53,5,8,43.78,2627,ROCK,24,0,0,30,14,22,0.597,0.0,0.156,0.247,0.12,0.053,0.736,0.091,0.236,0.0,0.103,0.662,66,1,0,0,1,0,0,13,27,14,26,49,7.05,0.0,1637,27.28,22,0,30,30.0,2.4,0.95,2.1,4,45,1.15,0.55,1.9,1.1,0.65,0.55
676d1b23-1a1d-4f5c-85a4-9097cc011fc1,9,5,24.55,1473,SCISSORS,0,0,15,16,21,26,0.054,0.0,0.231,0.715,0.21,0.0,0.261,0.529,0.61,0.0,0.136,0.254,63,0,0,0,0,0,0,9,25,12,24,39,4.7,0.003,153,2.55,8,0,30,30.0,2.4,0.95,2.1,4,45,1.15,0.55,1.9,1.1,0.65,0.55
6cb84721-350f-4448-8229-7e8740e85a2e,10,10,17.78,1067,SCISSORS,0,0,27,11,20,29,0.238,0.047,0.491,0.224,0.131,0.159,0.439,0.271,0.818,0.042,0.14,0.0,60,1,0,1,0,0,0,21,41,25,41,47,6.53,0.006,287,4.78,19,0,30,30.0,2.4,0.95,2.1,4,45,1.15,0.55,1.9,1.1,0.65,0.55
6d02244b-eabd-4af0-976e-b0ebd9a8f1eb,16,10,20.78,1247,SCISSORS,0,0,30,15,25,35,0.224,0.016,0.76,0.0,0.108,0.06,0.356,0.476,0.6,0.028,0.256,0.116,75,1,0,1,0,0,0,13,29,22,30,59,7.99,0.009,577,9.62,29,0,30,30.0,2.4,0.95,2.1,4,45,1.15,0.55,1.9,1.1,0.65,0.55
c7287b31-b10b-4db5-a2f0-f21541fd9072,7,5,34.75,2085,ROCK,48,0,0,134,102,118,0.391,0.115,0.237,0.257,0.273,0.228,0.345,0.153,0.547,0.026,0.165,0.261,354,1,0,0,1,0,0,61,218,88,221,330,12.69,0.005,310,5.17,47,0,30,30.0,2.4,0.95,2.1,4,45,1.15,0.55,1.9,1.1,0.65,0.55
7938b82e-a11a-4354-b1b1-17220bdd2bf0,8,6,38.03,2282,ROCK,21,0,0,61,47,54,0.383,0.0,0.184,0.433,0.249,0.033,0.33,0.387,0.427,0.007,0.14,0.427,162,1,0,0,1,0,0,40,66,51,62,119,6.55,0.008,367,6.12,20,0,30,30.0,2.4,0.95,2.1,4,45,1.15,0.55,1.9,1.1,0.65,0.55
c7da5e12-e9af-4bd4-a537-c73e568aa1aa,19,6,22.73,1364,SCISSORS,0,0,24,17,25,33,0.172,0.0,0.392,0.436,0.377,0.018,0.344,0.26,0.498,0.033,0.209,0.26,75,1,0,1,0,0,0,21,44,27,43,64,8.0,0.002,229,3.82,11,0,30,30.0,2.4,0.95,2.1,4,45,1.15,0.55,1.9,1.1,0.65,0.55
5f6af524-1713-4b44-8ab6-685e5c143ad6,16,8,13.52,811,ROCK,57,0,0,60,22,41,0.321,0.025,0.432,0.222,0.093,0.105,0.747,0.056,0.414,0.0,0.309,0.278,123,1,0,0,1,0,0,13,50,26,54,116,11.84,0.0,296,4.93,53,0,30,30.0,2.4,0.95,2.1,4,45,1.15,0.55,1.9,1.1,0.65,0.55
40e248f2-43b5-47f9-b5da-18d67fc01e2e,6,7,30.2,1812,SCISSORS,0,0,48,66,82,98,0.251,0.152,0.46,0.138,0.306,0.061,0.292,0.342,0.62,0.094,0.143,0.143,246,1,0,1,0,0,0,47,165,57,163,230,12.22,0.004,397,6.62,38,0,30,30.0,2.4,0.95,2.1,4,45,1.15,0.55,1.9,1.1,0.65,0.55
dc8d506a-d426-4444-a304-17eb0f7a14d3,15,4,22.53,1352,PAPER,0,18,0,13,19,7,0.295,0.0,0.362,0.343,0.144,0.052,0.413,0.391,0.483,0.07,0.299,0.148,39,1,1,0,0,0,0,4,8,7,11,28,4.64,0.007,152,2.53,6,0,30,30.0,2.4,0.95,2.1,4,45,1.15,0.55,1.9,1.1,0.65,0.55
0dfc1ec2-8988-46d7-8bc3-4f8172fdfc92,7,6,10.23,614,SCISSORS,0,0,45,14,29,44,0.0,0.154,0.78,0.065,0.26,0.0,0.577,0.163,0.52,0.22,0.26,0.0,87,1,0,1,0,0,0,20,46,19,46,78,8.64,0.005,209,3.48,37,0,30,30.0,2.4,0.95,2.1,4,45,1.15,0.55,1.9,1.1,0.65,0.55
0c6cbcef-c7d3-48f3-95ed-fc8ee6f55428,17,4,44.1,2646,SCISSORS,0,0,21,38,45,52,0.178,0.0,0.335,0.488,0.386,0.055,0.289,0.27,0.667,0.0,0.1,0.233,135,1,0,1,0,0,0,12,45,17,46,112,6.85,0.005,216,3.6,10,0,30,30.0,2.4,0.95,2.1,4,45,1.15,0.55,1.9,1.1,0.65,0.55
ab1dbc85-7bef-444b-8a34-089144f5ca8b,10,4,19.45,1167,SCISSORS,0,0,51,43,60,77,0.218,0.013,0.739,0.03,0.094,0.094,0.444,0.368,0.513,0.0,0.278,0.209,180,1,0,1,0,0,0,22,82,24,82,168,11.22,0.005,292,4.87,50,0,30,30.0,2.4,0.95,2.1,4,45,1.15,0.55,1.9,1.1,0.65,0.55
84594517-5369-49d2-942a-73420b2b4fd1,12,7,32.58,1955,SCISSORS,0,0,30,67,77,87,0.286,0.0,0.332,0.381,0.274,0.087,0.271,0.368,0.662,0.041,0.123,0.174,231,1,0,1,0,0,0,63,129,70,129,200,9.06,0.004,335,5.58,25,0,30,30.0,2.4,0.95,2.1,4,45,1.15,0.55,1.9,1.1,0.65,0.55
beca753e-92e5-4d1c-843a-a2f604751b38,10,8,23.38,1403,SCISSORS,0,0,36,41,53,65,0.146,0.036,0.463,0.356,0.228,0.167,0.324,0.281,0.601,0.021,0.164,0.214,159,1,0,1,0,0,0,35,68,39,70,138,11.01,0.004,228,3.8,28,0,30,30.0,2.4,0.95,2.1,4,45,1.15,0.55,1.9,1.1,0.65,0.55
72e54569-808e-4383-86c3-68a13d41e01e,5,10,13.53,812,SCISSORS,0,0,30,10,20,30,0.129,0.0,0.834,0.037,0.147,0.0,0.546,0.307,0.558,0.0,0.319,0.123,60,1,0,1,0,0,0,20,37,23,37,51,8.17,0.006,307,5.12,20,0,30,30.0,2.4,0.95,2.1,4,45,1.15,0.55,1.9,1.1,0.65,0.55
6ee3c6de-250e-4955-bd53-e05244c9f68c,20,8,26.65,1599,SCISSORS,0,0,15,10,15,20,0.066,0.0,0.481,0.453,0.344,0.0,0.256,0.4,0.516,0.0,0.138,0.347,45,1,0,1,0,0,0,15,22,12,23,24,3.8,0.004,379,6.32,13,0,30,30.0,2.4,0.95,2.1,4,45,1.15,0.55,1.9,1.1,0.65,0.55
fc74ce7d-7fac-4b08-be72-37a5e4225cd4,6,4,29.57,1774,SCISSORS,0,0,60,113,133,153,0.265,0.189,0.42,0.127,0.304,0.076,0.2,0.42,0.772,0.082,0.082,0.065,399,1,0,1,0,0,0,37,176,45,175,379,13.48,0.003,434,7.23,59,0,30,30.0,2.4,0.95,2.1,4,45,1.15,0.55,1.9,1.1,0.65,0.55
7255334f-e203-4801-9042-7fd3f2723f5b,13,4,14.73,884,PAPER,0,18,0,25,31,19,0.124,0.0,0.441,0.435,0.299,0.0,0.356,0.345,0.418,0.0,0.277,0.305,75,1,1,0,0,0,0,11,30,13,32,58,6.51,0.005,164,2.73,10,0,30,30.0,2.4,0.95,2.1,4,45,1.15,0.55,1.9,1.1,0.65,0.55
cd836f87-f020-4d95-a0f4-def64b05de05,11,9,19.12,1147,ROCK,39,0,0,52,26,39,0.33,0.0,0.448,0.222,0.217,0.013,0.717,0.052,0.339,0.013,0.309,0.339,117,1,0,0,1,0,0,10,48,13,51,104,8.32,0.003,367,6.12,37,0,30,30.0,2.4,0.95,2.1,4,45,1.15,0.55,1.9,1.1,0.65,0.55
5fbfd85d-2973-4342-81d7-33150d43ab9b,13,8,19.53,1172,PAPER,0,33,0,42,53,31,0.145,0.068,0.396,0.391,0.438,0.055,0.366,0.14,0.374,0.055,0.413,0.157,126,1,1,0,0,0,0,27,67,35,64,115,9.33,0.007,242,4.03,31,0,30,30.0,2.4,0.95,2.1,4,45,1.15,0.55,1.9,1.1,0.65,0.55
b5fd236d-1dfd-4e11-8890-221e4cdac66f,20,10,24.95,1497,ROCK,39,0,0,83,57,70,0.283,0.093,0.303,0.32,0.14,0.1,0.543,0.217,0.503,0.07,0.243,0.183,210,1,0,0,1,0,0,51,114,65,115,188,10.07,0.005,227,3.78,34,0,30,30.0,2.4,0.95,2.1,4,45,1.15,0.55,1.9,1.1,0.65,0.55
2f3ede64-fa08-49ac-9393-63b9dfcb7c23,9,10,10.65,639,SCISSORS,0,0,60,14,34,54,0.0,0.078,0.844,0.078,0.156,0.0,0.758,0.086,0.508,0.0,0.492,0.0,102,1,0,1,0,0,0,24,69,26,69,99,11.14,0.0,134,2.23,16,0,30,30.0,2.4,0.95,2.1,4,45,1.15,0.55,1.9,1.1,0.65,0.55
a1bfc85c-5345-442a-9236-33fdd8005d57,10,4,31.78,1907,SCISSORS,0,0,27,52,61,70,0.225,0.0,0.312,0.463,0.322,0.212,0.306,0.16,0.602,0.076,0.162,0.16,183,1,0,1,0,0,0,34,130,40,132,149,8.49,0.005,182,3.03,12,0,30,30.0,2.4,0.95,2.1,4,45,1.15,0.55,1.9,1.1,0.65,0.55
f6a16dcd-1216-4585-b8a7-a9e5c8f77dd6,9,8,18.97,1138,ROCK,30,0,0,33,13,23,0.202,0.053,0.456,0.289,0.0,0.083,0.61,0.307,0.61,0.0,0.289,0.101,69,1,0,0,1,0,0,10,44,15,43,59,7.54,0.013,118,1.97,2,0,30,30.0,2.4,0.95,2.1,4,45,1.15,0.55,1.9,1.1,0.65,0.55
6d56fa42-711c-4df2-aec9-63ab37453649,7,5,31.42,1885,ROCK,27,0,0,51,33,42,0.509,0.0,0.239,0.252,0.188,0.09,0.546,0.175,0.411,0.05,0.164,0.374,126,1,0,0,1,0,0,30,50,33,51,98,7.87,0.007,700,11.67,26,0,30,30.0,2.4,0.95,2.1,4,45,1.15,0.55,1.9,1.1,0.65,0.55
42f5a7a2-21c4-43df-9b9d-e7c9fa1abc8b,10,7,19.18,1151,SCISSORS,0,0,21,29,36,43,0.226,0.0,0.374,0.4,0.365,0.0,0.204,0.43,0.713,0.0,0.122,0.165,108,1,0,1,0,0,0,24,35,22,33,93,7.78,0.006,151,2.52,11,0,30,30.0,2.4,0.95,2.1,4,45,1.15,0.55,1.9,1.1,0.65,0.55
7fa25b07-f7d4-4fb9-8096-637c2728d459,6,6,21.73,1304,ROCK,30,0,0,39,19,29,0.349,0.05,0.322,0.28,0.287,0.061,0.582,0.069,0.326,0.05,0.245,0.379,87,1,0,0,1,0,0,31,38,31,40,77,9.41,0.003,389,6.48,28,0,30,30.0,2.4,0.95,2.1,4,45,1.15,0.55,1.9,1.1,0.65,0.55
ab268fa8-23ce-4190-a245-78cc38d2a2b7,13,10,23.38,1403,SCISSORS,0,0,18,12,18,24,0.246,0.0,0.452,0.302,0.306,0.0,0.374,0.32,0.324,0.0,0.253,0.423,54,1,0,1,0,0,0,19,31,26,36,41,5.57,0.002,193,3.22,12,0,30,30.0,2.4,0.95,2.1,4,45,1.15,0.55,1.9,1.1,0.65,0.55
4d7382fa-ae6b-4e69-9c20-415e8c610089,8,5,31.12,1867,ROCK,39,0,0,85,59,72,0.369,0.078,0.187,0.366,0.39,0.136,0.396,0.078,0.505,0.043,0.102,0.35,216,1,0,0,1,0,0,29,80,37,71,196,10.21,0.005,392,6.53,38,0,30,30.0,2.4,0.95,2.1,4,45,1.15,0.55,1.9,1.1,0.65,0.55
99a251c2-1dfe-40a8-816e-9dec448e254d,19,8,39.12,2347,SCISSORS,0,0,24,44,52,60,0.277,0.047,0.33,0.347,0.438,0.03,0.2,0.332,0.589,0.051,0.098,0.262,156,1,0,1,0,0,0,45,81,39,85,123,6.76,0.006,387,6.45,22,0,30,30.0,2.4,0.95,2.1,4,45,1.15,0.55,1.9,1.1,0.65,0.55
dca43e81-60ab-486c-b5ce-e1887fff45b9,18,5,15.9,954,SCISSORS,0,0,57,22,41,60,0.162,0.052,0.738,0.047,0.293,0.0,0.534,0.173,0.372,0.157,0.346,0.126,123,1,0,1,0,0,0,24,61,17,61,115,11.71,0.003,249,4.15,44,0,30,30.0,2.4,0.95,2.1,4,45,1.15,0.55,1.9,1.1,0.65,0.55
3b46d2e8-8122-4260-828f-43d5b6aec353,12,7,16.13,968,PAPER,0,54,0,50,68,32,0.247,0.119,0.567,0.067,0.284,0.057,0.459,0.201,0.469,0.052,0.387,0.093,150,1,1,0,0,0,0,30,104,38,105,146,10.71,0.007,138,2.3,39,0,30,30.0,2.4,0.95,2.1,4,45,1.15,0.55,1.9,1.1,0.65,0.55
4db81c08-3b62-4d00-93ae-fd924a8b9fd7,7,4,21.72,1303,ROCK,36,0,0,49,25,37,0.471,0.057,0.264,0.207,0.241,0.192,0.517,0.05,0.253,0.123,0.238,0.387,111,1,0,0,1,0,0,14,51,17,52,101,9.63,0.005,363,6.05,32,0,30,30.0,2.4,0.95,2.1,4,45,1.15,0.55,1.9,1.1,0.65,0.55
663533fc-cc03-489f-8007-199304376d14,5,10,32.72,1963,PAPER,0,21,0,36,43,29,0.257,0.031,0.285,0.427,0.384,0.025,0.247,0.344,0.517,0.0,0.16,0.323,108,1,1,0,0,0,0,36,56,45,55,81,6.0,0.005,143,2.38,7,0,30,30.0,2.4,0.95,2.1,4,45,1.15,0.55,1.9,1.1,0.65,0.55
068894cd-49ab-4d83-a0a6-dd3404140736,18,9,25.68,1541,SCISSORS,0,0,15,8,13,18,0.149,0.0,0.448,0.403,0.312,0.0,0.344,0.344,0.494,0.0,0.192,0.315,39,1,0,1,0,0,0,14,23,19,24,20,3.92,0.009,376,6.27,10,0,30,30.0,2.4,0.95,2.1,4,45,1.15,0.55,1.9,1.1,0.65,0.55
d463e867-3edd-4a33-9703-46f2ea4563df,15,4,12.37,742,SCISSORS,0,0,54,19,37,55,0.0,0.201,0.644,0.154,0.362,0.047,0.443,0.148,0.805,0.0,0.195,0.0,111,1,0,1,0,0,0,15,88,26,92,104,14.95,0.001,177,2.95,14,0,30,30.0,2.4,0.95,2.1,4,45,1.15,0.55,1.9,1.1,0.65,0.55
db730455-583e-4f1d-8695-9c0fa2a64fa3,13,7,26.95,1617,SCISSORS,0,0,45,60,75,90,0.256,0.281,0.293,0.17,0.358,0.123,0.253,0.265,0.722,0.049,0.086,0.142,225,2,0,1,1,0,0,52,121,60,120,202,11.64,0.005,232,3.87,39,0,30,30.0,2.4,0.95,2.1,4,45,1.15,0.55,1.9,1.1,0.65,0.55
80ef04c8-e1bd-4f98-bca9-a45b80b4e512,17,4,25.03,1502,SCISSORS,0,0,39,38,51,64,0.229,0.219,0.422,0.13,0.332,0.206,0.312,0.15,0.571,0.086,0.159,0.183,153,1,0,1,0,0,0,16,77,24,77,136,9.76,0.007,287,4.78,35,0,30,30.0,2.4,0.95,2.1,4,45,1.15,0.55,1.9,1.1,0.65,0.55
e0095f19-dcb6-445f-8e3f-bb513f670d1c,7,5,36.0,2160,SCISSORS,0,0,51,107,124,141,0.266,0.134,0.345,0.255,0.333,0.301,0.199,0.167,0.699,0.086,0.097,0.118,372,2,0,2,0,0,0,69,268,83,266,353,13.62,0.004,255,4.25,16,0,30,30.0,2.4,0.95,2.1,4,45,1.15,0.55,1.9,1.1,0.65,0.55
3096938a-3fd9-4a5b-90e4-7e1f45e801c4,15,5,28.33,1700,SCISSORS,0,0,21,24,31,38,0.276,0.015,0.474,0.235,0.215,0.0,0.347,0.438,0.479,0.015,0.191,0.315,93,1,0,1,0,0,0,23,41,26,37,70,6.91,0.006,335,5.58,18,0,30,30.0,2.4,0.95,2.1,4,45,1.15,0.55,1.9,1.1,0.65,0.55
8ae459a2-4220-484f-b2f4-e43e355a0f70,12,9,34.73,2084,PAPER,0,45,0,101,116,86,0.23,0.206,0.391,0.173,0.388,0.223,0.233,0.156,0.679,0.067,0.221,0.034,303,1,1,0,0,0,0,99,237,108,238,270,9.55,0.007,159,2.65,29,0,30,30.0,2.4,0.95,2.1,4,45,1.15,0.55,1.9,1.1,0.65,0.55
1d7ba2fa-91ad-4541-a5de-5d32185c4212,14,5,21.82,1309,SCISSORS,0,0,36,28,40,52,0.156,0.279,0.401,0.164,0.344,0.26,0.378,0.019,0.607,0.069,0.218,0.107,120,1,0,1,0,0,0,21,86,15,81,111,7.93,0.002,124,2.07,7,0,30,30.0,2.4,0.95,2.1,4,45,1.15,0.55,1.9,1.1,0.65,0.55
91670035-db8f-4652-99b9-b2f9ff59d2e6,5,7,19.35,1161,ROCK,42,0,0,47,19,33,0.254,0.073,0.448,0.224,0.22,0.065,0.659,0.056,0.491,0.0,0.284,0.224,99,1,0,0,1,0,0,23,46,21,46,92,10.64,0.0,331,5.52,41,0,30,30.0,2.4,0.95,2.1,4,45,1.15,0.55,1.9,1.1,0.65,0.55
72bae491-48ad-4dd4-b8a9-5d5ff43f863d,12,8,26.57,1594,SCISSORS,0,0,15,11,16,21,0.204,0.0,0.398,0.398,0.295,0.0,0.31,0.395,0.376,0.0,0.201,0.423,48,1,0,1,0,0,0,15,27,14,27,36,5.77,0.013,279,4.65,10,0,30,30.0,2.4,0.95,2.1,4,45,1.15,0.55,1.9,1.1,0.65,0.55
65c65cf8-c9b9-4de3-8576-66731e0fa149,17,9,38.0,2280,SCISSORS,0,0,36,107,119,131,0.298,0.055,0.213,0.434,0.384,0.077,0.143,0.397,0.647,0.026,0.061,0.265,357,1,0,1,0,0,0,139,224,144,224,324,10.9,0.006,265,4.42,34,0,30,30.0,2.4,0.95,2.1,4,45,1.15,0.55,1.9,1.1,0.65,0.55
57130678-456b-4d93-9184-fa1fc84546cc,14,9,18.3,1098,SCISSORS,0,0,51,33,50,67,0.155,0.159,0.577,0.109,0.423,0.0,0.45,0.127,0.736,0.0,0.264,0.0,150,1,0,1,0,0,0,50,108,54,108,143,10.19,0.003,223,3.72,31,0,30,30.0,2.4,0.95,2.1,4,45,1.15,0.55,1.9,1.1,0.65,0.55
e2663c03-9402-44e1-8699-efb7e31e3646,15,7,30.4,1824,ROCK,42,0,0,49,21,35,0.523,0.123,0.222,0.132,0.173,0.052,0.723,0.052,0.367,0.0,0.129,0.504,105,1,0,0,1,0,0,33,62,29,61,100,10.3,0.0,1019,16.98,40,0,30,30.0,2.4,0.95,2.1,4,45,1.15,0.55,1.9,1.1,0.65,0.55
e60841ee-91d3-43f1-97a5-3442890b1db5,7,5,22.32,1339,ROCK,45,0,0,58,28,43,0.332,0.078,0.299,0.291,0.351,0.09,0.47,0.09,0.369,0.049,0.22,0.362,129,1,0,0,1,0,0,15,47,21,51,121,11.09,0.01,264,4.4,23,0,30,30.0,2.4,0.95,2.1,4,45,1.15,0.55,1.9,1.1,0.65,0.55
179986cc-d8c6-474d-8313-7f8ba2bdfad3,18,10,29.47,1768,SCISSORS,0,0,21,35,42,49,0.234,0.0,0.384,0.381,0.407,0.0,0.285,0.308,0.435,0.02,0.175,0.37,126,1,0,1,0,0,0,55,85,61,82,95,6.31,0.006,228,3.8,16,0,30,30.0,2.4,0.95,2.1,4,45,1.15,0.55,1.9,1.1,0.65,0.55
98db4c85-6e99-4ea4-a3e2-9f97d4d6cf87,13,7,20.67,1240,SCISSORS,0,0,54,48,66,84,0.226,0.238,0.52,0.016,0.395,0.202,0.327,0.077,0.593,0.21,0.169,0.028,198,1,0,1,0,0,0,35,148,43,149,186,12.46,0.004,150,2.5,35,0,30,30.0,2.4,0.95,2.1,4,45,1.15,0.55,1.9,1.1,0.65,0.55
05feb605-d5b9-42a6-8925-40f983b87ed4,19,4,14.62,877,SCISSORS,0,0,39,13,26,39,0.091,0.04,0.852,0.017,0.193,0.0,0.551,0.256,0.597,0.0,0.267,0.136,78,1,0,1,0,0,0,11,39,14,41,76,9.26,0.002,317,5.28,35,0,30,30.0,2.4,0.95,2.1,4,45,1.15,0.55,1.9,1.1,0.65,0.55
1aa03eee-7f5d-47b9-9d23-44bd269a1d66,11,6,22.42,1345,SCISSORS,0,0,57,52,71,90,0.178,0.134,0.513,0.175,0.115,0.182,0.353,0.349,0.669,0.015,0.197,0.119,213,1,0,1,0,0,0,43,74,39,76,201,14.31,0.003,330,5.5,55,0,30,30.0,2.4,0.95,2.1,4,45,1.15,0.55,1.9,1.1,0.65,0.55
4cf063e6-9ad5-41c9-a262-cae3c8c56ea0,20,5,26.03,1562,SCISSORS,0,0,33,31,42,53,0.224,0.042,0.393,0.342,0.256,0.07,0.355,0.319,0.696,0.045,0.125,0.134,126,1,0,1,0,0,0,19,58,24,54,106,8.72,0.006,287,4.78,31,0,30,30.0,2.4,0.95,2.1,4,45,1.15,0.55,1.9,1.1,0.65,0.55
5b8fa4b2-87d7-463a-8ae2-aa6a8b67ea0c,17,5,14.23,854,ROCK,60,0,0,71,31,51,0.333,0.117,0.31,0.24,0.222,0.164,0.526,0.088,0.602,0.082,0.193,0.123,153,1,0,0,1,0,0,26,118,28,116,149,18.46,0.004,164,2.73,25,0,30,30.0,2.4,0.95,2.1,4,45,1.15,0.55,1.9,1.1,0.65,0.55
f5dc8fee-4e4a-49c7-9f52-6e15102cbf44,16,7,17.17,1030,ROCK,51,0,0,58,24,41,0.286,0.092,0.495,0.126,0.126,0.073,0.752,0.049,0.437,0.0,0.311,0.252,123,1,0,0,1,0,0,23,64,34,62,112,10.82,0.001,345,5.75,48,0,30,30.0,2.4,0.95,2.1,4,45,1.15,0.55,1.9,1.1,0.65,0.55
4a313f12-cd7a-4fa0-a1be-d62e78ad10df,7,4,15.75,945,SCISSORS,0,0,48,20,36,52,0.164,0.016,0.794,0.026,0.175,0.0,0.54,0.286,0.55,0.122,0.27,0.058,108,1,0,1,0,0,0,10,41,11,37,102,11.11,0.002,355,5.92,44,0,30,30.0,2.4,0.95,2.1,4,45,1.15,0.55,1.9,1.1,0.65,0.55
931a27fa-e770-418c-b31f-05b36c599ebe,16,5,23.15,1389,PAPER,0,21,0,24,31,17,0.237,0.122,0.277,0.363,0.547,0.0,0.263,0.191,0.306,0.0,0.216,0.478,72,1,1,0,0,0,0,10,19,12,20,57,7.03,0.004,144,2.4,17,0,30,30.0,2.4,0.95,2.1,4,45,1.15,0.55,1.9,1.1,0.65,0.55
1e8a74e2-6647-4219-a4ab-eda929b0bd48,10,10,13.78,827,SCISSORS,0,0,48,20,36,52,0.102,0.06,0.819,0.018,0.151,0.0,0.566,0.283,0.53,0.0,0.307,0.163,108,1,0,1,0,0,0,36,49,44,50,103,10.55,0.002,317,5.28,47,0,30,30.0,2.4,0.95,2.1,4,45,1.15,0.55,1.9,1.1,0.65,0.55
7f49c7a9-d243-4604-a7dc-acefca1a2b45,19,4,46.4,2784,SCISSORS,0,0,30,86,96,106,0.244,0.088,0.311,0.357,0.314,0.065,0.255,0.366,0.675,0.013,0.115,0.197,288,1,0,1,0,0,0,34,133,53,135,250,8.85,0.006,354,5.9,28,0,30,30.0,2.4,0.95,2.1,4,45,1.15,0.55,1.9,1.1,0.65,0.55
000df1e2-f711-49db-8377-1b1be481ab4c,17,5,22.7,1362,SCISSORS,0,0,57,76,95,114,0.33,0.026,0.498,0.147,0.352,0.04,0.374,0.234,0.429,0.139,0.249,0.183,285,0,0,0,0,0,0,39,185,37,179,268,15.0,0.004,212,3.53,33,0,30,30.0,2.4,0.95,2.1,4,45,1.15,0.55,1.9,1.1,0.65,0.55
3503325a-a598-4e12-bbbf-8e084095886e,15,6,21.17,1270,SCISSORS,0,0,51,57,74,91,0.193,0.047,0.433,0.327,0.28,0.051,0.346,0.323,0.622,0.028,0.205,0.146,222,1,0,1,0,0,0,43,126,45,125,208,13.19,0.003,155,2.58,24,0,30,30.0,2.4,0.95,2.1,4,45,1.15,0.55,1.9,1.1,0.65,0.55
92c2ce36-5b28-43a2-94b2-bc47c011cce4,14,6,12.9,774,SCISSORS,0,0,45,10,25,40,0.058,0.052,0.574,0.316,0.406,0.0,0.458,0.135,0.671,0.123,0.206,0.0,75,1,0,1,0,0,0,11,45,17,48,69,9.16,0.002,194,3.23,22,0,30,30.0,2.4,0.95,2.1,4,45,1.15,0.55,1.9,1.1,0.65,0.55
d3316bfd-4a21-4de7-b35d-01cf86140159,7,8,56.62,3397,ROCK,42,0,0,159,131,145,0.385,0.097,0.219,0.299,0.381,0.294,0.254,0.071,0.532,0.137,0.116,0.215,435,1,0,0,1,0,0,103,296,115,301,393,9.43,0.005,387,6.45,41,0,30,30.0,2.4,0.95,2.1,4,45,1.15,0.55,1.9,1.1,0.65,0.55
00e08cc0-46fd-47b3-9042-194b05eed48b,14,5,23.87,1432,SCISSORS,0,0,21,6,13,20,0.038,0.0,0.436,0.526,0.188,0.132,0.491,0.188,0.742,0.0,0.258,0.0,39,1,0,1,0,0,0,9,25,9,23,28,7.21,0.009,172,2.87,8,0,30,30.0,2.4,0.95,2.1,4,45,1.15,0.55,1.9,1.1,0.65,0.55
49e236df-6615-474f-8fd3-30937d993aa1,17,8,24.65,1479,PAPER,0,42,0,53,67,39,0.28,0.078,0.429,0.213,0.389,0.115,0.324,0.172,0.476,0.098,0.311,0.115,159,1,1,0,0,0,0,21,81,34,81,146,9.53,0.011,179,2.98,35,0,30,30.0,2.4,0.95,2.1,4,45,1.15,0.55,1.9,1.1,0.65,0.55
0c482942-61f3-4528-99bb-e72c47986610,16,10,26.75,1605,PAPER,0,51,0,90,107,73,0.324,0.128,0.374,0.174,0.327,0.184,0.28,0.209,0.645,0.072,0.243,0.04,270,1,1,0,0,0,0,78,216,81,214,244,11.4,0.006,135,2.25,29,0,30,30.0,2.4,0.95,2.1,4,45,1.15,0.55,1.9,1.1,0.65,0.55
0b899d54-672b-4d3c-bbda-9606c4330f60,15,8,12.45,747,ROCK,48,0,0,53,21,37,0.327,0.173,0.5,0.0,0.16,0.053,0.74,0.047,0.467,0.0,0.327,0.207,111,1,0,0,1,0,0,33,81,44,80,110,12.98,0.003,222,3.7,27,0,30,30.0,2.4,0.95,2.1,4,45,1.15,0.55,1.9,1.1,0.65,0.55
987df248-d6df-4a39-8630-ca34bb0173cf,19,7,20.72,1243,ROCK,45,0,0,66,36,51,0.201,0.181,0.394,0.225,0.398,0.04,0.442,0.12,0.422,0.277,0.201,0.1,153,1,0,0,1,0,0,31,81,40,86,143,9.54,0.003,193,3.22,29,0,30,30.0,2.4,0.95,2.1,4,45,1.15,0.55,1.9,1.1,0.65,0.55
a6193bce-5629-47a0-a650-d47aecebabbc,12,5,22.6,1356,ROCK,57,0,0,79,41,60,0.325,0.022,0.465,0.188,0.244,0.041,0.646,0.07,0.446,0.055,0.251,0.247,180,1,0,0,1,0,0,48,110,56,112,168,12.16,0.001,426,7.1,55,0,30,30.0,2.4,0.95,2.1,4,45,1.15,0.55,1.9,1.1,0.65,0.55
e224bf39-92d3-461f-9c2b-c1e1110e5896,15,5,17.12,1027,SCISSORS,0,0,36,33,45,57,0.155,0.063,0.471,0.311,0.184,0.053,0.413,0.35,0.655,0.015,0.165,0.165,135,1,0,1,0,0,0,18,62,16,63,126,9.79,0.002,217,3.62,26,0,30,30.0,2.4,0.95,2.1,4,45,1.15,0.55,1.9,1.1,0.65,0.55
6a31d936-9114-4f92-8525-82db06abe7cc,10,7,26.28,1577,SCISSORS,0,0,45,45,60,75,0.231,0.165,0.472,0.133,0.335,0.247,0.291,0.127,0.617,0.101,0.18,0.101,180,1,0,1,0,0,0,40,127,53,122,166,9.65,0.008,212,3.53,25,0,30,30.0,2.4,0.95,2.1,4,45,1.15,0.55,1.9,1.1,0.65,0.55
f60b9f04-7f97-494c-b8e4-c0bb272e5394,8,8,34.98,2099,ROCK,30,0,0,80,60,70,0.302,0.076,0.238,0.383,0.338,0.021,0.386,0.255,0.555,0.031,0.179,0.236,210,1,0,0,1,0,0,35,112,47,108,186,9.54,0.006,309,5.15,27,0,30,30.0,2.4,0.95,2.1,4,45,1.15,0.55,1.9,1.1,0.65,0.55
08848771-ac89-4e0d-96ab-6bd917c06613,20,7,13.67,820,SCISSORS,0,0,24,7,15,23,0.11,0.0,0.756,0.134,0.152,0.0,0.799,0.049,0.402,0.061,0.451,0.085,45,1,0,1,0,0,0,17,31,17,26,42,10.38,0.008,160,2.67,3,0,30,30.0,2.4,0.95,2.1,4,45,1.15,0.55,1.9,1.1,0.65,0.55
0d9dbc32-9da1-45fa-aa9b-2dd90e39e43f,17,8,18.12,1087,ROCK,60,0,0,82,42,62,0.261,0.138,0.459,0.142,0.179,0.073,0.743,0.005,0.408,0.069,0.294,0.229,186,0,0,0,0,0,0,43,125,52,119,178,13.51,0.001,332,5.53,55,0,30,30.0,2.4,0.95,2.1,4,45,1.15,0.55,1.9,1.1,0.65,0.55
45a41e1b-3055-4f42-94b6-5ca002a2dd39,14,7,13.48,809,SCISSORS,0,0,51,22,39,56,0.179,0.043,0.691,0.086,0.309,0.0,0.506,0.185,0.525,0.031,0.216,0.228,117,1,0,1,0,0,0,37,60,42,57,110,11.32,0.004,239,3.98,41,0,30,30.0,2.4,0.95,2.1,4,45,1.15,0.55,1.9,1.1,0.65,0.55
b1574a46-d24d-4fc7-9ef7-e33a30296d37,9,7,24.52,1471,SCISSORS,0,0,42,39,53,67,0.197,0.133,0.503,0.167,0.337,0.054,0.303,0.306,0.503,0.017,0.255,0.224,159,1,0,1,0,0,0,43,86,52,81,149,11.46,0.003,301,5.02,34,0,30,30.0,2.4,0.95,2.1,4,45,1.15,0.55,1.9,1.1,0.65,0.55
732fc04a-af6b-4359-994a-0ec49293668a,17,6,36.25,2175,SCISSORS,0,0,27,59,68,77,0.207,0.021,0.239,0.533,0.444,0.055,0.175,0.326,0.657,0.0,0.097,0.246,204,1,0,1,0,0,0,60,137,61,143,183,7.73,0.004,160,2.67,11,0,30,30.0,2.4,0.95,2.1,4,45,1.15,0.55,1.9,1.1,0.65,0.55
ee5a513f-270c-4964-aa52-e0e0a323ab32,18,10,14.05,843,ROCK,51,0,0,69,35,52,0.42,0.089,0.302,0.189,0.314,0.0,0.669,0.018,0.349,0.053,0.213,0.385,156,1,0,0,1,0,0,51,86,58,86,146,11.88,0.003,248,4.13,49,0,30,30.0,2.4,0.95,2.1,4,45,1.15,0.55,1.9,1.1,0.65,0.55
eb7a42a7-a678-4187-82d6-3a9579b5c996,13,5,36.03,2162,ROCK,54,0,0,146,110,128,0.402,0.122,0.215,0.261,0.3,0.15,0.425,0.125,0.406,0.273,0.169,0.152,384,1,0,0,1,0,0,58,229,63,233,358,12.11,0.002,312,5.2,51,0,30,30.0,2.4,0.95,2.1,4,45,1.15,0.55,1.9,1.1,0.65,0.55
a73549ce-9832-453b-8182-7acce25ed612,20,10,18.48,1109,SCISSORS,0,0,39,17,30,43,0.149,0.063,0.739,0.05,0.297,0.0,0.536,0.167,0.441,0.117,0.288,0.153,90,1,0,1,0,0,0,25,59,28,59,82,8.32,0.004,259,4.32,29,0,30,30.0,2.4,0.95,2.1,4,45,1.15,0.55,1.9,1.1,0.65,0.55
ad649b39-a589-4f68-ad27-a8ec13dd7b04,16,4,31.27,1876,SCISSORS,0,0,60,105,125,145,0.267,0.176,0.467,0.091,0.195,0.365,0.237,0.203,0.736,0.013,0.133,0.117,375,1,0,1,0,0,0,28,232,39,232,354,12.2,0.006,256,4.27,57,0,30,30.0,2.4,0.95,2.1,4,45,1.15,0.55,1.9,1.1,0.65,0.55
422e2807-7d66-40ba-8f67-ed1780644bbf,6,8,23.98,1439,SCISSORS,0,0,48,42,58,74,0.083,0.385,0.427,0.104,0.403,0.184,0.344,0.069,0.726,0.049,0.226,0.0,174,1,0,1,0,0,0,31,151,35,152,159,9.84,0.002,169,2.82,9,0,30,30.0,2.4,0.95,2.1,4,45,1.15,0.55,1.9,1.1,0.65,0.55
33138d51-c8b9-45a5-9fa8-3470c9e7faab,14,10,15.25,915,PAPER,0,18,0,13,19,7,0.268,0.0,0.421,0.311,0.257,0.0,0.421,0.322,0.322,0.0,0.492,0.186,39,1,1,0,0,0,0,11,21,15,21,31,5.33,0.017,270,4.5,16,0,30,30.0,2.4,0.95,2.1,4,45,1.15,0.55,1.9,1.1,0.65,0.55
8b8d718a-c2f3-48f3-8f1e-0197b63dd516,19,5,71.37,4282,ROCK,42,0,0,122,94,108,0.684,0.051,0.12,0.145,0.176,0.061,0.664,0.099,0.285,0.106,0.084,0.525,324,1,0,0,1,0,0,81,231,85,235,298,10.28,0.005,2262,37.7,31,0,30,30.0,2.4,0.95,2.1,4,45,1.15,0.55,1.9,1.1,0.65,0.55
c841479c-d7bf-4589-aefb-833164c9bc91,20,10,22.7,1362,ROCK,57,0,0,126,88,107,0.385,0.136,0.209,0.271,0.37,0.103,0.289,0.238,0.575,0.092,0.117,0.216,321,1,0,0,1,0,0,64,194,64,191,294,12.82,0.003,192,3.2,48,0,30,30.0,2.4,0.95,2.1,4,45,1.15,0.55,1.9,1.1,0.65,0.55
d214fe4b-323d-4f53-9246-596353bec12c,13,6,25.9,1554,ROCK,60,0,0,131,91,111,0.296,0.289,0.363,0.051,0.302,0.289,0.334,0.074,0.659,0.132,0.138,0.071,333,1,0,0,1,0,0,67,277,75,275,322,12.72,0.003,159,2.65,40,0,30,30.0,2.4,0.95,2.1,4,45,1.15,0.55,1.9,1.1,0.65,0.55
e71e53bb-1dfb-4771-9934-49259ca39fcb,18,10,15.87,952,ROCK,39,0,0,50,24,37,0.288,0.0,0.361,0.351,0.251,0.058,0.623,0.068,0.487,0.047,0.215,0.251,111,1,0,0,1,0,0,25,53,32,55,99,9.5,0.004,307,5.12,38,0,30,30.0,2.4,0.95,2.1,4,45,1.15,0.55,1.9,1.1,0.65,0.55
0634f9bb-f631-429d-a86d-804dba1a0dfd,8,4,39.17,2350,ROCK,54,0,0,183,147,165,0.409,0.147,0.187,0.257,0.364,0.136,0.311,0.189,0.549,0.034,0.147,0.27,495,1,0,0,1,0,0,76,200,78,193,457,12.84,0.005,355,5.92,53,0,30,30.0,2.4,0.95,2.1,4,45,1.15,0.55,1.9,1.1,0.65,0.55
ede8e430-fc01-4e61-b9fe-b7040cade974,12,8,12.87,772,PAPER,0,24,0,10,18,2,0.187,0.0,0.665,0.148,0.277,0.0,0.723,0.0,0.174,0.0,0.703,0.123,30,1,1,0,0,0,0,4,13,4,14,21,5.7,0.012,207,3.45,12,0,30,30.0,2.4,0.95,2.1,4,45,1.15,0.55,1.9,1.1,0.65,0.55
7014328e-8153-4c75-ad1e-fdb9a61e218c,9,4,13.9,834,SCISSORS,0,0,36,11,23,35,0.072,0.042,0.784,0.102,0.216,0.0,0.635,0.15,0.395,0.0,0.389,0.216,69,1,0,1,0,0,0,4,23,5,26,60,7.65,0.001,229,3.82,22,0,30,30.0,2.4,0.95,2.1,4,45,1.15,0.55,1.9,1.1,0.65,0.55
231b7a9b-9524-4852-8c00-f6106a03a5ad,15,6,21.72,1303,SCISSORS,0,0,27,21,30,39,0.1,0.046,0.448,0.406,0.402,0.004,0.41,0.184,0.556,0.011,0.264,0.169,90,1,0,1,0,0,0,23,64,24,63,74,7.18,0.002,178,2.97,7,0,30,30.0,2.4,0.95,2.1,4,45,1.15,0.55,1.9,1.1,0.65,0.55
611cc0bf-ba62-4fce-bb61-b8249d36f99f,20,4,18.67,1120,PAPER,0,45,0,47,62,32,0.188,0.134,0.348,0.33,0.384,0.116,0.29,0.21,0.58,0.04,0.321,0.058,141,0,0,0,0,0,0,26,53,23,52,135,10.94,0.005,180,3.0,34,0,30,30.0,2.4,0.95,2.1,4,45,1.15,0.55,1.9,1.1,0.65,0.55
bb0160ec-404a-4602-8cb4-2341dec15adc,14,4,20.95,1257,SCISSORS,0,0,60,64,84,104,0.298,0.02,0.631,0.052,0.222,0.333,0.246,0.198,0.595,0.159,0.135,0.111,252,1,0,1,0,0,0,33,166,35,170,236,10.78,0.004,332,5.53,59,0,30,30.0,2.4,0.95,2.1,4,45,1.15,0.55,1.9,1.1,0.65,0.55
228ec873-aa4a-4280-aafa-ddf481cb58e7,18,9,16.67,1000,ROCK,42,0,0,49,21,35,0.205,0.095,0.415,0.285,0.175,0.085,0.605,0.135,0.49,0.0,0.34,0.17,105,1,0,0,1,0,0,31,49,40,54,97,9.35,0.0,250,4.17,35,0,30,30.0,2.4,0.95,2.1,4,45,1.15,0.55,1.9,1.1,0.65,0.55
de35c14e-4026-4c0b-be7a-7f530d859977,12,9,19.73,1184,SCISSORS,0,0,54,61,79,97,0.278,0.19,0.498,0.034,0.35,0.089,0.287,0.274,0.641,0.08,0.148,0.131,237,1,0,1,0,0,0,70,180,65,182,229,10.72,0.004,264,4.4,33,0,30,30.0,2.4,0.95,2.1,4,45,1.15,0.55,1.9,1.1,0.65,0.55
e72327c3-b16b-47c8-88c5-f9a93367d7d2,16,9,24.38,1463,SCISSORS,0,0,36,33,45,57,0.232,0.099,0.461,0.208,0.229,0.109,0.451,0.212,0.597,0.027,0.212,0.164,135,1,0,1,0,0,0,34,105,47,101,113,8.89,0.006,143,2.38,6,0,30,30.0,2.4,0.95,2.1,4,45,1.15,0.55,1.9,1.1,0.65,0.55
1291d4c4-5804-4179-8e9a-0c9341318e80,13,8,22.03,1322,SCISSORS,0,0,48,68,84,100,0.317,0.057,0.325,0.302,0.358,0.17,0.223,0.249,0.702,0.17,0.128,0.0,252,1,0,1,0,0,0,89,200,102,202,234,11.51,0.012,182,3.03,14,0,30,30.0,2.4,0.95,2.1,4,45,1.15,0.55,1.9,1.1,0.65,0.55
ffe37043-8720-49df-b14c-f3dd72348ae9,14,5,13.72,823,SCISSORS,0,0,39,9,22,35,0.048,0.018,0.764,0.17,0.4,0.0,0.479,0.121,0.552,0.176,0.273,0.0,66,1,0,1,0,0,0,12,38,12,37,60,11.3,0.003,168,2.8,15,0,30,30.0,2.4,0.95,2.1,4,45,1.15,0.55,1.9,1.1,0.65,0.55
fc2f8292-1eb7-461c-882e-7993dffdd738,15,10,27.98,1679,ROCK,42,0,0,80,52,66,0.277,0.134,0.333,0.256,0.25,0.25,0.39,0.11,0.548,0.137,0.161,0.155,198,1,0,0,1,0,0,44,140,54,139,171,10.67,0.003,334,5.57,41,0,30,30.0,2.4,0.95,2.1,4,45,1.15,0.55,1.9,1.1,0.65,0.55
33f74457-d58d-40d6-85df-901f49f99c0c,13,5,34.72,2083,PAPER,0,45,0,126,141,111,0.391,0.089,0.199,0.321,0.434,0.022,0.189,0.355,0.482,0.041,0.204,0.273,378,1,1,0,0,0,0,64,132,67,130,341,12.87,0.01,223,3.72,39,0,30,30.0,2.4,0.95,2.1,4,45,1.15,0.55,1.9,1.1,0.65,0.55
664c1538-d29f-4ca2-93d6-683b1a079a96,18,7,29.95,1797,ROCK,39,0,0,71,45,58,0.317,0.044,0.256,0.383,0.211,0.222,0.414,0.153,0.575,0.061,0.181,0.183,174,1,0,0,1,0,0,33,101,38,104,157,8.69,0.008,237,3.95,27,0,30,30.0,2.4,0.95,2.1,4,45,1.15,0.55,1.9,1.1,0.65,0.55
05a2e75b-81bf-4211-b3fb-cb58dc88b04e,11,7,21.22,1273,SCISSORS,0,0,54,44,62,80,0.267,0.145,0.561,0.027,0.235,0.212,0.416,0.137,0.518,0.122,0.271,0.09,186,1,0,1,0,0,0,23,122,31,121,178,10.87,0.005,248,4.13,48,0,30,30.0,2.4,0.95,2.1,4,45,1.15,0.55,1.9,1.1,0.65,0.55
282ed01d-b817-477d-b64f-7f3136e69c11,7,9,12.77,766,SCISSORS,0,0,33,10,21,32,0.183,0.0,0.621,0.196,0.366,0.0,0.471,0.163,0.451,0.02,0.216,0.314,63,1,0,1,0,0,0,7,28,9,28,55,8.71,0.005,226,3.77,22,0,30,30.0,2.4,0.95,2.1,4,45,1.15,0.55,1.9,1.1,0.65,0.55
275b47d2-f53a-41a6-97a5-9919573b4cce,18,5,14.37,862,SCISSORS,0,0,21,3,10,17,0.0,0.0,0.861,0.139,0.225,0.0,0.613,0.162,0.428,0.0,0.399,0.173,30,1,0,1,0,0,0,9,7,8,7,24,5.9,0.0,232,3.87,15,0,30,30.0,2.4,0.95,2.1,4,45,1.15,0.55,1.9,1.1,0.65,0.55
391ebe0b-670f-424a-a402-28735c1b3076,10,7,13.67,820,SCISSORS,0,0,54,19,37,55,0.0,0.11,0.646,0.244,0.329,0.03,0.549,0.091,0.567,0.116,0.317,0.0,111,1,0,1,0,0,0,23,83,21,86,99,11.95,0.002,110,1.83,3,0,30,30.0,2.4,0.95,2.1,4,45,1.15,0.55,1.9,1.1,0.65,0.55
518651d7-8d71-43db-89a6-686f5eec101a,19,5,19.58,1175,ROCK,30,0,0,37,17,27,0.374,0.013,0.349,0.264,0.226,0.043,0.591,0.14,0.353,0.06,0.302,0.285,81,1,0,0,1,0,0,13,35,13,35,73,8.43,0.002,305,5.08,21,0,30,30.0,2.4,0.95,2.1,4,45,1.15,0.55,1.9,1.1,0.65,0.55
f615eb77-5122-40f8-aa44-0b195f919553,8,9,17.92,1075,SCISSORS,0,0,57,54,73,92,0.233,0.214,0.535,0.019,0.349,0.037,0.326,0.288,0.633,0.023,0.172,0.172,219,1,0,1,0,0,0,56,162,61,157,207,11.01,0.006,205,3.42,42,0,30,30.0,2.4,0.95,2.1,4,45,1.15,0.55,1.9,1.1,0.65,0.55
339bd8da-c457-45ba-97ec-a2b7ac563a8b,16,7,18.2,1092,SCISSORS,0,0,24,10,18,26,0.1,0.014,0.699,0.187,0.311,0.0,0.516,0.174,0.374,0.0,0.333,0.292,54,1,0,1,0,0,0,16,22,21,22,41,7.2,0.008,287,4.78,14,0,30,30.0,2.4,0.95,2.1,4,45,1.15,0.55,1.9,1.1,0.65,0.55
6cde7f07-e240-4184-9707-886fa025398b,5,6,27.97,1678,SCISSORS,0,0,48,85,101,117,0.256,0.125,0.458,0.161,0.182,0.122,0.324,0.372,0.702,0.03,0.199,0.068,303,1,0,1,0,0,0,60,173,58,177,277,13.14,0.007,298,4.97,37,0,30,30.0,2.4,0.95,2.1,4,45,1.15,0.55,1.9,1.1,0.65,0.55
9a39f310-4eb7-4056-8899-671b451eee9c,19,7,28.03,1682,SCISSORS,0,0,15,18,23,28,0.077,0.0,0.531,0.392,0.32,0.0,0.318,0.362,0.528,0.0,0.157,0.315,69,1,0,1,0,0,0,6,30,12,29,47,4.86,0.003,472,7.87,13,0,30,30.0,2.4,0.95,2.1,4,45,1.15,0.55,1.9,1.1,0.65,0.55
5d9251be-4492-4b24-ac28-cc764507ac13,16,5,20.83,1250,PAPER,0,57,0,75,94,56,0.12,0.312,0.32,0.248,0.34,0.252,0.252,0.156,0.668,0.044,0.264,0.024,225,1,1,0,0,0,0,26,115,32,108,210,12.8,0.003,180,3.0,49,0,30,30.0,2.4,0.95,2.1,4,45,1.15,0.55,1.9,1.1,0.65,0.55
487ff80b-0051-4bde-ba2d-440239cf9166,12,9,30.2,1812,SCISSORS,0,0,48,104,120,136,0.267,0.157,0.336,0.24,0.347,0.179,0.204,0.27,0.683,0.113,0.113,0.091,360,1,0,1,0,0,0,83,196,91,196,344,14.11,0.004,207,3.45,29,0,30,30.0,2.4,0.95,2.1,4,45,1.15,0.55,1.9,1.1,0.65,0.55
afb10b71-da2e-4143-adb9-ab73383eab8d,11,5,17.45,1047,ROCK,36,0,0,39,15,27,0.271,0.181,0.39,0.157,0.267,0.029,0.657,0.048,0.457,0.0,0.305,0.238,81,1,0,0,1,0,0,9,25,11,27,74,8.94,0.0,302,5.03,33,0,30,30.0,2.4,0.95,2.1,4,45,1.15,0.55,1.9,1.1,0.65,0.55
bf39ebee-ebc7-43bf-bcba-f63ded9e3610,8,7,17.78,1067,ROCK,33,0,0,38,16,27,0.234,0.014,0.374,0.379,0.416,0.047,0.416,0.121,0.603,0.126,0.22,0.051,81,1,0,0,1,0,0,11,58,17,56,67,7.14,0.007,132,2.2,14,0,30,30.0,2.4,0.95,2.1,4,45,1.15,0.55,1.9,1.1,0.65,0.55
372f4ac6-84a5-488a-8837-97a6a486ede7,15,6,16.13,968,PAPER,0,24,0,20,28,12,0.113,0.0,0.376,0.51,0.407,0.077,0.356,0.16,0.572,0.0,0.366,0.062,60,1,1,0,0,0,0,8,23,8,23,49,7.38,0.002,198,3.3,21,0,30,30.0,2.4,0.95,2.1,4,45,1.15,0.55,1.9,1.1,0.65,0.55
692ca7ac-a002-4319-8ad2-7542711bb0e2,7,10,13.95,837,ROCK,45,0,0,49,19,34,0.315,0.113,0.411,0.161,0.089,0.101,0.78,0.03,0.44,0.0,0.286,0.274,102,1,0,0,1,0,0,30,55,35,54,90,9.66,0.0,307,5.12,43,0,30,30.0,2.4,0.95,2.1,4,45,1.15,0.55,1.9,1.1,0.65,0.55
bc9ec9d2-8fee-4320-a5c9-942a45fdca6c,15,4,20.5,1230,ROCK,21,0,0,21,7,14,0.098,0.0,0.252,0.65,0.276,0.033,0.447,0.244,0.699,0.0,0.187,0.114,42,1,0,0,1,0,0,5,10,11,11,33,7.4,0.0,205,3.42,15,0,30,30.0,2.4,0.95,2.1,4,45,1.15,0.55,1.9,1.1,0.65,0.55
746e3ef4-7ab7-48bb-869c-0f8005461a49,6,7,21.05,1263,SCISSORS,0,0,45,40,55,70,0.269,0.063,0.47,0.198,0.206,0.115,0.241,0.439,0.656,0.043,0.119,0.182,165,1,0,1,0,0,0,51,93,48,95,151,10.99,0.005,358,5.97,44,0,30,30.0,2.4,0.95,2.1,4,45,1.15,0.55,1.9,1.1,0.65,0.55
449ea892-553c-42c0-bc68-66d97f2b5f43,12,4,19.1,1146,ROCK,18,0,0,18,6,12,0.157,0.0,0.454,0.389,0.231,0.0,0.541,0.227,0.428,0.039,0.293,0.24,36,1,0,0,1,0,0,5,6,6,6,26,5.89,0.003,136,2.27,5,0,30,30.0,2.4,0.95,2.1,4,45,1.15,0.55,1.9,1.1,0.65,0.55
a10ad6dd-e907-49bc-9a4d-edea05ed68bb,13,8,46.82,2809,SCISSORS,0,0,36,120,132,144,0.399,0.036,0.256,0.31,0.226,0.26,0.181,0.333,0.678,0.06,0.109,0.153,396,0,0,0,0,0,0,136,287,141,280,348,9.73,0.007,249,4.15,27,0,30,30.0,2.4,0.95,2.1,4,45,1.15,0.55,1.9,1.1,0.65,0.55
35d4e1ed-2ef7-4bfd-89d6-85fad3fea5c0,15,7,18.78,1127,ROCK,39,0,0,49,23,36,0.314,0.049,0.416,0.221,0.261,0.013,0.642,0.084,0.385,0.093,0.319,0.204,108,1,0,0,1,0,0,23,63,26,64,98,10.54,0.002,287,4.78,32,0,30,30.0,2.4,0.95,2.1,4,45,1.15,0.55,1.9,1.1,0.65,0.55
827d584d-fa0d-41cc-b640-43f76c5119d5,8,9,24.12,1447,SCISSORS,0,0,45,52,67,82,0.176,0.172,0.462,0.19,0.372,0.1,0.286,0.241,0.586,0.124,0.117,0.172,201,1,0,1,0,0,0,38,128,50,127,191,10.0,0.005,272,4.53,44,0,30,30.0,2.4,0.95,2.1,4,45,1.15,0.55,1.9,1.1,0.65,0.55
093abebb-2a13-4e8e-9c5c-d662460ba014,7,6,30.93,1856,ROCK,24,0,0,45,29,37,0.197,0.04,0.458,0.305,0.407,0.049,0.429,0.116,0.418,0.032,0.253,0.296,111,1,0,0,1,0,0,24,48,34,47,90,7.47,0.003,261,4.35,22,0,30,30.0,2.4,0.95,2.1,4,45,1.15,0.55,1.9,1.1,0.65,0.55
fa1a678a-8442-4600-8535-2889c68b0787,5,9,33.43,2006,PAPER,0,21,0,39,46,32,0.18,0.0,0.309,0.511,0.404,0.0,0.252,0.344,0.616,0.0,0.187,0.197,117,1,1,0,0,0,0,49,66,56,69,85,5.91,0.007,161,2.68,9,0,30,30.0,2.4,0.95,2.1,4,45,1.15,0.55,1.9,1.1,0.65,0.55
c0ca484d-1f6a-43b9-af8e-b67f1144e5d8,11,7,33.72,2023,ROCK,15,0,0,27,17,22,0.215,0.0,0.212,0.573,0.296,0.0,0.346,0.358,0.422,0.0,0.16,0.417,66,1,0,0,1,0,0,17,31,23,29,41,4.53,0.003,373,6.22,14,0,30,30.0,2.4,0.95,2.1,4,45,1.15,0.55,1.9,1.1,0.65,0.55
1e9747f5-6a46-4e84-b343-18bf2d937129,18,8,31.35,1881,SCISSORS,0,0,33,45,56,67,0.231,0.021,0.362,0.386,0.402,0.029,0.186,0.383,0.606,0.008,0.08,0.306,168,1,0,1,0,0,0,36,87,39,90,144,8.91,0.004,416,6.93,32,0,30,30.0,2.4,0.95,2.1,4,45,1.15,0.55,1.9,1.1,0.65,0.55
c0cf22bb-9569-405b-a5c3-2c81b8dc3299,19,5,17.43,1046,ROCK,54,0,0,64,28,46,0.201,0.029,0.392,0.378,0.167,0.1,0.488,0.244,0.665,0.0,0.239,0.096,138,1,0,0,1,0,0,22,66,20,69,127,13.25,0.004,181,3.02,30,0,30,30.0,2.4,0.95,2.1,4,45,1.15,0.55,1.9,1.1,0.65,0.55
70d077e2-7593-4499-8f35-11890c0b03ae,12,7,16.2,972,ROCK,57,0,0,57,19,38,0.195,0.097,0.364,0.344,0.072,0.2,0.472,0.256,0.667,0.0,0.262,0.072,114,1,0,0,1,0,0,28,65,34,63,105,12.34,0.005,142,2.37,19,0,30,30.0,2.4,0.95,2.1,4,45,1.15,0.55,1.9,1.1,0.65,0.55
0e63e6de-86f3-41fa-b554-ec98aa80fc90,15,8,18.02,1081,PAPER,0,36,0,32,44,20,0.435,0.023,0.495,0.046,0.38,0.014,0.5,0.106,0.431,0.0,0.292,0.278,96,1,1,0,0,0,0,21,69,23,69,84,9.48,0.011,91,1.52,3,0,30,30.0,2.4,0.95,2.1,4,45,1.15,0.55,1.9,1.1,0.65,0.55
1c721a4f-980a-43d8-a308-2ff73bc5b6bc,16,5,22.77,1366,PAPER,0,45,0,61,76,46,0.264,0.059,0.388,0.289,0.264,0.168,0.418,0.15,0.505,0.051,0.399,0.044,183,1,1,0,0,0,0,43,119,48,116,165,12.03,0.008,281,4.68,44,0,30,30.0,2.4,0.95,2.1,4,45,1.15,0.55,1.9,1.1,0.65,0.55
bb03ee09-1a17-4cf3-ab0c-ac3d0667aa13,6,6,29.28,1757,ROCK,48,0,0,90,58,74,0.321,0.139,0.298,0.241,0.21,0.375,0.415,0.0,0.514,0.043,0.176,0.267,222,0,0,0,0,0,0,47,129,56,125,209,11.45,0.005,277,4.62,46,0,30,30.0,2.4,0.95,2.1,4,45,1.15,0.55,1.9,1.1,0.65,0.55
04882d70-f4ee-4047-b0d3-86f5bca90aa7,6,9,17.65,1059,SCISSORS,0,0,18,6,12,18,0.104,0.198,0.533,0.165,0.41,0.0,0.547,0.042,0.165,0.0,0.302,0.533,36,1,0,1,0,0,0,14,25,15,25,23,5.67,0.004,144,2.4,4,0,30,30.0,2.4,0.95,2.1,4,45,1.15,0.55,1.9,1.1,0.65,0.55
3a54bd45-e7ca-4139-88bd-e7a3e1087e88,8,9,24.57,1474,SCISSORS,0,0,18,11,17,23,0.061,0.0,0.414,0.525,0.346,0.027,0.431,0.197,0.573,0.0,0.241,0.186,51,1,0,1,0,0,0,25,40,33,39,33,5.37,0.003,174,2.9,8,0,30,30.0,2.4,0.95,2.1,4,45,1.15,0.55,1.9,1.1,0.65,0.55
71818011-fa37-4755-8202-fea708b2fb5a,20,9,34.65,2079,ROCK,24,0,0,59,43,51,0.373,0.014,0.163,0.45,0.327,0.029,0.327,0.317,0.507,0.012,0.089,0.392,153,1,0,0,1,0,0,49,100,54,99,126,6.65,0.008,339,5.65,19,0,30,30.0,2.4,0.95,2.1,4,45,1.15,0.55,1.9,1.1,0.65,0.55
3b0fea1e-aa7a-45b5-83d7-15b04b41e46f,12,5,23.82,1429,ROCK,60,0,0,97,57,77,0.371,0.038,0.423,0.168,0.203,0.196,0.587,0.014,0.441,0.133,0.206,0.22,231,1,0,0,1,0,0,48,136,59,132,219,12.12,0.002,404,6.73,58,0,30,30.0,2.4,0.95,2.1,4,45,1.15,0.55,1.9,1.1,0.65,0.55
0239b755-06fe-46f3-aecd-16f0bc65f154,7,7,34.9,2094,PAPER,0,36,0,75,87,63,0.305,0.11,0.289,0.296,0.439,0.081,0.232,0.248,0.489,0.105,0.198,0.208,225,1,1,0,0,0,0,47,103,47,108,204,10.68,0.005,179,2.98,26,0,30,30.0,2.4,0.95,2.1,4,45,1.15,0.55,1.9,1.1,0.65,0.55
c2507771-e6e4-4379-a041-54b5fa30f7e9,5,8,17.35,1041,PAPER,0,21,0,24,31,17,0.269,0.0,0.404,0.327,0.264,0.0,0.327,0.409,0.5,0.0,0.327,0.173,72,1,1,0,0,0,0,31,47,24,48,54,6.15,0.009,156,2.6,15,0,30,30.0,2.4,0.95,2.1,4,45,1.15,0.55,1.9,1.1,0.65,0.55
62b05302-7483-4421-8af7-d318663bfb03,5,9,13.8,828,SCISSORS,0,0,15,1,6,11,0.0,0.0,0.578,0.422,0.169,0.0,0.578,0.253,0.512,0.0,0.343,0.145,18,1,0,1,0,0,0,8,5,9,5,14,7.11,0.0,128,2.13,5,0,30,30.0,2.4,0.95,2.1,4,45,1.15,0.55,1.9,1.1,0.65,0.55
87564380-1aee-4ecc-9710-cc23dff9c508,10,8,39.8,2388,PAPER,0,15,0,33,38,28,0.195,0.0,0.184,0.621,0.257,0.0,0.184,0.559,0.531,0.0,0.176,0.293,99,0,0,0,0,0,0,28,44,30,45,71,4.81,0.004,188,3.13,11,0,30,30.0,2.4,0.95,2.1,4,45,1.15,0.55,1.9,1.1,0.65,0.55
12469b70-2fbf-4016-a59f-21b7164a9ada,5,10,16.97,1018,ROCK,30,0,0,36,16,26,0.206,0.0,0.51,0.284,0.064,0.25,0.676,0.01,0.505,0.0,0.324,0.172,78,1,0,0,1,0,0,29,47,33,45,69,9.14,0.0,268,4.47,28,0,30,30.0,2.4,0.95,2.1,4,45,1.15,0.55,1.9,1.1,0.65,0.55
00aa1e7e-cdde-4a4c-bd50-636cd27dcb69,20,8,27.3,1638,ROCK,15,0,0,22,12,17,0.177,0.0,0.277,0.546,0.03,0.0,0.366,0.604,0.585,0.0,0.247,0.168,51,1,0,0,1,0,0,25,37,24,37,38,5.59,0.014,198,3.3,3,0,30,30.0,2.4,0.95,2.1,4,45,1.15,0.55,1.9,1.1,0.65,0.55
8b1b569d-8eb6-477a-b2d5-fcc7bdc0fee3,15,10,7.87,472,SCISSORS,0,0,60,8,28,48,0.0,0.0,0.747,0.253,0.263,0.021,0.558,0.158,0.8,0.0,0.2,0.0,84,1,0,1,0,0,0,21,62,18,64,77,12.11,0.0,152,2.53,8,0,30,30.0,2.4,0.95,2.1,4,45,1.15,0.55,1.9,1.1,0.65,0.55
23ca163a-4ce1-4732-962c-3cbf8ca1274d,8,9,40.12,2407,ROCK,45,0,0,151,121,136,0.351,0.071,0.193,0.386,0.284,0.162,0.309,0.245,0.571,0.095,0.137,0.197,408,1,0,0,1,0,0,143,259,161,262,382,11.19,0.007,362,6.03,40,0,30,30.0,2.4,0.95,2.1,4,45,1.15,0.55,1.9,1.1,0.65,0.55
b4c70f32-79db-4414-b0b1-4471df8aef82,13,10,24.25,1455,ROCK,24,0,0,28,12,20,0.361,0.0,0.354,0.285,0.1,0.0,0.739,0.162,0.357,0.014,0.289,0.34,60,1,0,0,1,0,0,18,37,20,37,41,6.17,0.004,510,8.5,21,0,30,30.0,2.4,0.95,2.1,4,45,1.15,0.55,1.9,1.1,0.65,0.55
847863f5-d9a9-4ee7-b7bb-5fbc5819c8b7,16,10,27.22,1633,PAPER,0,39,0,55,68,42,0.376,0.15,0.309,0.165,0.343,0.138,0.309,0.211,0.437,0.177,0.242,0.144,165,1,1,0,0,0,0,53,136,62,143,142,9.08,0.007,173,2.88,17,0,30,30.0,2.4,0.95,2.1,4,45,1.15,0.55,1.9,1.1,0.65,0.55
c28e2ec9-86c8-4efc-bdc4-74ea9a67e15f,18,5,15.2,912,PAPER,0,48,0,49,65,33,0.224,0.126,0.464,0.186,0.306,0.066,0.421,0.208,0.53,0.082,0.361,0.027,147,1,1,0,0,0,0,23,104,19,103,133,10.11,0.004,127,2.12,25,0,30,30.0,2.4,0.95,2.1,4,45,1.15,0.55,1.9,1.1,0.65,0.55
311c32cd-955b-4d02-9424-bd72892e181e,10,5,18.53,1112,ROCK,54,0,0,63,27,45,0.265,0.121,0.345,0.269,0.22,0.081,0.592,0.108,0.498,0.058,0.211,0.233,135,1,0,0,1,0,0,8,60,12,57,128,13.56,0.0,332,5.53,46,0,30,30.0,2.4,0.95,2.1,4,45,1.15,0.55,1.9,1.1,0.65,0.55
da026e1d-0524-4bfb-9e28-174aef19762e,10,10,30.28,1817,ROCK,30,0,0,31,11,21,0.626,0.008,0.236,0.129,0.069,0.014,0.863,0.055,0.228,0.0,0.165,0.607,63,1,0,0,1,0,0,21,30,23,31,53,8.16,0.0,1152,19.2,28,0,30,30.0,2.4,0.95,2.1,4,45,1.15,0.55,1.9,1.1,0.65,0.55
a9290d9e-fcb0-4f61-adae-76597488264d,17,8,14.35,861,SCISSORS,0,0,30,12,22,32,0.105,0.0,0.82,0.076,0.14,0.0,0.64,0.221,0.517,0.0,0.32,0.163,66,1,0,1,0,0,0,22,36,21,35,59,9.39,0.004,296,4.93,23,0,30,30.0,2.4,0.95,2.1,4,45,1.15,0.55,1.9,1.1,0.65,0.55
dd96e8cd-615d-4dce-ac8e-8e711f4e0aef,16,8,22.9,1374,SCISSORS,0,0,51,58,75,92,0.193,0.211,0.495,0.102,0.291,0.12,0.313,0.276,0.695,0.029,0.109,0.167,225,1,0,1,0,0,0,36,163,45,163,209,10.44,0.005,274,4.57,40,0,30,30.0,2.4,0.95,2.1,4,45,1.15,0.55,1.9,1.1,0.65,0.55
398f8c30-95b5-4bc4-8a0a-a191e5ac78ce,8,5,33.12,1987,SCISSORS,0,0,48,91,107,123,0.337,0.158,0.379,0.126,0.163,0.347,0.256,0.234,0.764,0.068,0.138,0.03,321,1,0,1,0,0,0,63,230,67,232,304,10.56,0.006,282,4.7,45,0,30,30.0,2.4,0.95,2.1,4,45,1.15,0.55,1.9,1.1,0.65,0.55
18afcac6-72f2-4d58-a1f6-694fcc526a42,10,5,16.08,965,ROCK,24,0,0,22,6,14,0.264,0.0,0.42,0.316,0.212,0.01,0.71,0.067,0.461,0.0,0.311,0.228,42,1,0,0,1,0,0,3,10,7,10,34,6.45,0.0,285,4.75,22,0,30,30.0,2.4,0.95,2.1,4,45,1.15,0.55,1.9,1.1,0.65,0.55
6128dd10-0c54-4d1e-afbc-7fe61f4ae4d7,17,6,26.55,1593,SCISSORS,0,0,30,35,45,55,0.154,0.044,0.42,0.382,0.313,0.094,0.339,0.254,0.589,0.097,0.179,0.135,135,1,0,1,0,0,0,30,79,36,79,119,8.13,0.004,268,4.47,27,0,30,30.0,2.4,0.95,2.1,4,45,1.15,0.55,1.9,1.1,0.65,0.55
eabf4a18-183e-4d44-8e58-8ca593640a2b,16,9,29.5,1770,ROCK,51,0,0,115,81,98,0.322,0.246,0.336,0.096,0.22,0.305,0.401,0.073,0.621,0.09,0.181,0.107,294,1,0,0,1,0,0,64,223,79,227,271,9.98,0.004,255,4.25,46,0,30,30.0,2.4,0.95,2.1,4,45,1.15,0.55,1.9,1.1,0.65,0.55
6d52f025-a7c0-4a12-b3cb-b93f2d21b2a5,9,5,43.85,2631,PAPER,0,48,0,172,188,156,0.413,0.163,0.194,0.23,0.272,0.249,0.184,0.295,0.572,0.148,0.188,0.091,516,1,1,0,0,0,0,86,297,105,295,486,12.15,0.006,281,4.68,47,0,30,30.0,2.4,0.95,2.1,4,45,1.15,0.55,1.9,1.1,0.65,0.55
438cf515-70f7-41ca-a47d-d91473687b69,14,8,40.12,2407,PAPER,0,27,0,51,60,42,0.299,0.027,0.234,0.44,0.234,0.064,0.232,0.469,0.571,0.015,0.216,0.199,153,1,1,0,0,0,0,43,74,54,72,121,7.57,0.009,232,3.87,26,0,30,30.0,2.4,0.95,2.1,4,45,1.15,0.55,1.9,1.1,0.65,0.55
6efcb8ea-ebe3-4e5a-8336-5d415e2dd863,6,9,14.55,873,ROCK,42,0,0,44,16,30,0.337,0.086,0.303,0.274,0.189,0.103,0.703,0.006,0.526,0.0,0.177,0.297,90,1,0,0,1,0,0,17,41,23,44,84,10.66,0.0,313,5.22,40,0,30,30.0,2.4,0.95,2.1,4,45,1.15,0.55,1.9,1.1,0.65,0.55
a6370077-1c95-406d-9b7f-c371c49dceb8,9,7,25.72,1543,SCISSORS,0,0,18,27,33,39,0.12,0.0,0.278,0.602,0.278,0.029,0.327,0.366,0.595,0.0,0.126,0.278,99,1,0,1,0,0,0,21,45,25,43,69,5.89,0.001,203,3.38,8,0,30,30.0,2.4,0.95,2.1,4,45,1.15,0.55,1.9,1.1,0.65,0.55
0194d677-c6b4-4f15-8ce2-a6370348e072,12,9,11.25,675,SCISSORS,0,0,27,2,11,20,0.0,0.067,0.926,0.007,0.052,0.0,0.77,0.178,0.519,0.0,0.481,0.0,33,1,0,1,0,0,0,7,15,12,14,25,6.76,0.0,230,3.83,18,0,30,30.0,2.4,0.95,2.1,4,45,1.15,0.55,1.9,1.1,0.65,0.55
2908e1b8-9bf0-448d-bbce-9b21d0739df7,9,9,31.92,1915,PAPER,0,36,0,77,89,65,0.264,0.039,0.303,0.394,0.384,0.052,0.206,0.358,0.538,0.052,0.219,0.191,231,1,1,0,0,0,0,74,129,78,136,201,10.82,0.005,240,4.0,34,0,30,30.0,2.4,0.95,2.1,4,45,1.15,0.55,1.9,1.1,0.65,0.55
d537f237-63d2-4568-a849-9139d83b74c9,13,4,16.32,979,SCISSORS,0,0,27,5,14,23,0.061,0.163,0.658,0.117,0.464,0.0,0.474,0.061,0.311,0.189,0.388,0.112,42,1,0,1,0,0,0,8,13,6,14,37,9.9,0.003,139,2.32,5,0,30,30.0,2.4,0.95,2.1,4,45,1.15,0.55,1.9,1.1,0.65,0.55
8ba7f454-ff8f-4cf5-9f17-d0b11d674ad8,17,7,15.42,925,SCISSORS,0,0,39,11,24,37,0.119,0.054,0.665,0.162,0.308,0.0,0.616,0.076,0.395,0.038,0.362,0.205,72,1,0,1,0,0,0,13,46,17,45,69,11.31,0.002,130,2.17,16,0,30,30.0,2.4,0.95,2.1,4,45,1.15,0.55,1.9,1.1,0.65,0.55
d79f5d08-dac7-4c07-9ee3-81206bded0b8,11,7,24.37,1462,ROCK,51,0,0,90,56,73,0.205,0.283,0.331,0.181,0.392,0.147,0.43,0.031,0.618,0.041,0.205,0.137,219,1,0,0,1,0,0,52,130,63,131,200,11.43,0.001,282,4.7,48,0,30,30.0,2.4,0.95,2.1,4,45,1.15,0.55,1.9,1.1,0.65,0.55
a771fa4c-2e3e-4eec-8518-e7535f520924,14,6,27.85,1671,PAPER,0,33,0,67,78,56,0.311,0.063,0.275,0.35,0.422,0.051,0.249,0.278,0.497,0.03,0.216,0.257,201,1,1,0,0,0,0,30,85,37,87,178,8.88,0.01,141,2.35,11,0,30,30.0,2.4,0.95,2.1,4,45,1.15,0.55,1.9,1.1,0.65,0.55
dc9b5578-0135-4dc9-8ad3-0d9abaacc639,12,10,12.07,724,SCISSORS,0,0,42,7,21,35,0.0,0.041,0.876,0.083,0.193,0.0,0.572,0.234,0.566,0.055,0.379,0.0,63,0,0,0,0,0,0,6,34,10,36,58,9.86,0.001,239,3.98,23,0,30,30.0,2.4,0.95,2.1,4,45,1.15,0.55,1.9,1.1,0.65,0.55
8782d5f4-1c7e-47ff-83f1-ad804765670f,20,7,43.78,2627,ROCK,36,0,0,115,91,103,0.375,0.108,0.116,0.401,0.411,0.143,0.188,0.259,0.622,0.068,0.082,0.228,309,1,0,0,1,0,0,77,185,101,188,274,9.87,0.013,137,2.28,9,0,30,30.0,2.4,0.95,2.1,4,45,1.15,0.55,1.9,1.1,0.65,0.55
2beb8f0b-7f76-48ab-ae8f-db3e8c7fd955,12,9,17.45,1047,PAPER,0,60,0,74,94,54,0.338,0.033,0.3,0.329,0.39,0.024,0.333,0.252,0.514,0.09,0.367,0.029,222,1,1,0,0,0,0,62,131,64,132,210,11.65,0.005,272,4.53,58,0,30,30.0,2.4,0.95,2.1,4,45,1.15,0.55,1.9,1.1,0.65,0.55
fd79c1e0-2684-473f-a0f4-133967644915,15,5,20.58,1235,ROCK,36,0,0,50,26,38,0.453,0.032,0.275,0.239,0.275,0.085,0.587,0.053,0.36,0.117,0.211,0.312,114,1,0,0,1,0,0,18,56,22,56,102,7.66,0.003,365,6.08,34,0,30,30.0,2.4,0.95,2.1,4,45,1.15,0.55,1.9,1.1,0.65,0.55
6aabe866-9e50-4367-a74e-71a3ca9357a7,6,4,9.62,577,SCISSORS,0,0,45,9,24,39,0.0,0.112,0.802,0.086,0.259,0.0,0.448,0.293,0.802,0.0,0.198,0.0,72,1,0,1,0,0,0,10,36,14,35,64,10.61,0.002,237,3.95,32,0,30,30.0,2.4,0.95,2.1,4,45,1.15,0.55,1.9,1.1,0.65,0.55
3782cf23-d764-4dc2-8da7-df7335f5a55a,12,4,36.23,2174,ROCK,18,0,0,34,22,28,0.29,0.0,0.287,0.423,0.255,0.0,0.352,0.393,0.416,0.011,0.12,0.453,84,1,0,0,1,0,0,18,22,13,23,68,6.61,0.008,449,7.48,17,0,30,30.0,2.4,0.95,2.1,4,45,1.15,0.55,1.9,1.1,0.65,0.55
f985a256-2a59-4668-85db-e79a96010aae,20,8,36.53,2192,SCISSORS,0,0,36,65,77,89,0.207,0.153,0.248,0.392,0.273,0.112,0.219,0.396,0.8,0.084,0.068,0.048,231,2,0,1,1,0,0,73,133,79,136,208,9.87,0.009,267,4.45,22,0,30,30.0,2.4,0.95,2.1,4,45,1.15,0.55,1.9,1.1,0.65,0.55
d555e5e3-bb72-4bf3-bcbb-f4406fd13df9,7,4,27.37,1642,SCISSORS,0,0,60,94,114,134,0.271,0.225,0.392,0.112,0.283,0.316,0.295,0.106,0.812,0.018,0.082,0.088,342,1,0,1,0,0,0,54,237,60,238,325,11.42,0.007,242,4.03,46,0,30,30.0,2.4,0.95,2.1,4,45,1.15,0.55,1.9,1.1,0.65,0.55
3f364b26-7a2f-4cdf-8313-b5970e02dfc6,6,7,20.8,1248,SCISSORS,0,0,21,21,28,35,0.224,0.012,0.548,0.216,0.084,0.0,0.48,0.436,0.676,0.028,0.144,0.152,84,0,0,0,0,0,0,34,41,40,44,63,6.08,0.011,303,5.05,19,0,30,30.0,2.4,0.95,2.1,4,45,1.15,0.55,1.9,1.1,0.65,0.55
397711bf-12d8-4654-8d56-3fcfe32acbc7,14,9,40.13,2408,SCISSORS,0,0,18,34,40,46,0.216,0.0,0.32,0.465,0.315,0.0,0.22,0.465,0.488,0.0,0.116,0.396,120,1,0,1,0,0,0,37,70,44,67,82,5.21,0.004,298,4.97,13,0,30,30.0,2.4,0.95,2.1,4,45,1.15,0.55,1.9,1.1,0.65,0.55
bd2b250b-e79c-4f63-9e91-c516091a50a8,15,9,17.37,1042,PAPER,0,42,0,41,55,27,0.278,0.163,0.526,0.033,0.172,0.077,0.574,0.177,0.474,0.038,0.349,0.139,123,1,1,0,0,0,0,45,95,49,92,108,9.46,0.005,112,1.87,5,0,30,30.0,2.4,0.95,2.1,4,45,1.15,0.55,1.9,1.1,0.65,0.55
432404f9-f42f-474e-aba7-68b10d7844c0,17,8,31.77,1906,SCISSORS,0,0,45,93,108,123,0.283,0.063,0.297,0.357,0.341,0.073,0.202,0.383,0.564,0.079,0.118,0.239,324,1,0,1,0,0,0,62,150,69,154,301,12.32,0.008,256,4.27,33,0,30,30.0,2.4,0.95,2.1,4,45,1.15,0.55,1.9,1.1,0.65,0.55
a2d1e2f0-8a79-400c-bc9b-3d88f900b68d,12,9,23.97,1438,SCISSORS,0,0,51,68,85,102,0.312,0.076,0.392,0.219,0.247,0.194,0.24,0.319,0.667,0.062,0.135,0.135,255,0,0,0,0,0,0,52,157,59,158,223,10.91,0.003,313,5.22,50,0,30,30.0,2.4,0.95,2.1,4,45,1.15,0.55,1.9,1.1,0.65,0.55
b557fb3f-10fc-4570-b511-ae30f6ce7e64,7,4,21.62,1297,SCISSORS,0,0,36,35,47,59,0.196,0.012,0.531,0.262,0.242,0.031,0.354,0.373,0.604,0.015,0.223,0.158,141,1,0,1,0,0,0,6,33,12,32,131,9.23,0.006,322,5.37,28,0,30,30.0,2.4,0.95,2.1,4,45,1.15,0.55,1.9,1.1,0.65,0.55
2047fa8f-47bc-4a7b-9986-1e19f6578e62,14,7,35.33,2120,SCISSORS,0,0,21,35,42,49,0.153,0.0,0.245,0.601,0.191,0.073,0.344,0.392,0.722,0.031,0.125,0.123,126,1,0,1,0,0,0,35,66,35,65,95,6.4,0.007,140,2.33,4,0,30,30.0,2.4,0.95,2.1,4,45,1.15,0.55,1.9,1.1,0.65,0.55
c503f46d-1f5e-4888-a8e0-0451536466ce,19,9,9.12,547,SCISSORS,0,0,42,10,24,38,0.155,0.064,0.655,0.127,0.3,0.0,0.6,0.1,0.7,0.0,0.3,0.0,72,1,0,1,0,0,0,13,44,16,44,61,7.39,0.003,117,1.95,18,0,30,30.0,2.4,0.95,2.1,4,45,1.15,0.55,1.9,1.1,0.65,0.55
100a61e9-9bdf-435f-9f0b-0c1f3f4c989e,6,10,24.02,1441,SCISSORS,0,0,57,72,91,110,0.247,0.264,0.406,0.083,0.253,0.198,0.361,0.188,0.649,0.094,0.163,0.094,273,1,0,1,0,0,0,86,210,103,215,254,10.55,0.006,196,3.27,29,0,30,30.0,2.4,0.95,2.1,4,45,1.15,0.55,1.9,1.1,0.65,0.55
98bc915b-5967-491b-a29e-fe9489ad4404,16,9,29.82,1789,SCISSORS,0,0,18,26,32,38,0.131,0.0,0.366,0.503,0.209,0.014,0.288,0.489,0.623,0.0,0.148,0.229,96,1,0,1,0,0,0,39,53,38,54,67,5.8,0.009,349,5.82,15,0,30,30.0,2.4,0.95,2.1,4,45,1.15,0.55,1.9,1.1,0.65,0.55
48989970-47c9-4174-8d62-dff330225a3f,16,10,30.38,1823,ROCK,48,0,0,106,74,90,0.427,0.068,0.266,0.238,0.315,0.074,0.474,0.137,0.449,0.044,0.189,0.318,270,1,0,0,1,0,0,60,162,76,163,247,11.69,0.006,403,6.72,47,0,30,30.0,2.4,0.95,2.1,4,45,1.15,0.55,1.9,1.1,0.65,0.55
69a122ab-4733-4941-bf96-5bc8a3a95421,20,7,14.73,884,SCISSORS,0,0,48,19,35,51,0.181,0.023,0.672,0.124,0.192,0.085,0.633,0.09,0.638,0.0,0.362,0.0,105,1,0,1,0,0,0,23,85,24,84,98,11.93,0.005,159,2.65,15,0,30,30.0,2.4,0.95,2.1,4,45,1.15,0.55,1.9,1.1,0.65,0.55
19e6a471-5421-454e-8c99-55c0544c07a5,8,5,30.15,1809,SCISSORS,0,0,60,128,148,168,0.315,0.047,0.307,0.331,0.337,0.133,0.207,0.323,0.635,0.144,0.124,0.097,444,1,0,1,0,0,0,95,260,99,265,420,14.41,0.006,199,3.32,32,0,30,30.0,2.4,0.95,2.1,4,45,1.15,0.55,1.9,1.1,0.65,0.55
3f8fb37c-f992-45cc-8f88-f8131a3f6db5,17,4,23.95,1437,SCISSORS,0,0,24,25,33,41,0.163,0.024,0.344,0.469,0.257,0.115,0.351,0.278,0.618,0.0,0.212,0.17,99,1,0,1,0,0,0,9,37,12,39,81,7.74,0.003,132,2.2,12,0,30,30.0,2.4,0.95,2.1,4,45,1.15,0.55,1.9,1.1,0.65,0.55
8da561c1-a4ef-4d3b-b926-2da7f0dab27b,18,7,21.4,1284,ROCK,51,0,0,59,25,42,0.23,0.214,0.265,0.292,0.241,0.066,0.634,0.058,0.599,0.0,0.198,0.202,126,1,0,0,1,0,0,17,62,17,62,120,12.57,0.0,349,5.82,45,0,30,30.0,2.4,0.95,2.1,4,45,1.15,0.55,1.9,1.1,0.65,0.55
007d49b7-8ad1-40fb-ae91-29eae2e1ec04,5,7,14.9,894,ROCK,54,0,0,69,33,51,0.408,0.095,0.352,0.145,0.302,0.045,0.631,0.022,0.341,0.212,0.218,0.229,153,1,0,0,1,0,0,35,77,47,78,148,12.15,0.003,279,4.65,49,0,30,30.0,2.4,0.95,2.1,4,45,1.15,0.55,1.9,1.1,0.65,0.55
3062f562-ac2d-4d18-bee8-d7ab9fb12aa4,11,5,18.08,1085,PAPER,0,15,0,15,20,10,0.055,0.0,0.419,0.525,0.175,0.0,0.507,0.318,0.488,0.0,0.401,0.111,45,1,1,0,0,0,0,8,20,8,21,29,5.27,0.003,200,3.33,12,0,30,30.0,2.4,0.95,2.1,4,45,1.15,0.55,1.9,1.1,0.65,0.55
03c626d2-b597-43d1-a163-e831e42d4b68,13,6,60.65,3639,ROCK,33,0,0,96,74,85,0.615,0.06,0.128,0.196,0.147,0.106,0.602,0.146,0.353,0.036,0.096,0.515,255,1,0,0,1,0,0,48,151,54,146,232,9.86,0.003,1789,29.82,31,0,30,30.0,2.4,0.95,2.1,4,45,1.15,0.55,1.9,1.1,0.65,0.55
8af45b51-7638-4fd2-90f8-18c56e61cab8,13,4,44.95,2697,SCISSORS,0,0,39,117,130,143,0.333,0.057,0.235,0.374,0.346,0.17,0.174,0.309,0.681,0.057,0.122,0.139,390,0,0,0,0,0,0,56,213,67,207,355,10.71,0.011,242,4.03,25,0,30,30.0,2.4,0.95,2.1,4,45,1.15,0.55,1.9,1.1,0.65,0.55
c5ffaa02-8d27-4d50-8fd1-ad6740c73694,19,8,26.87,1612,SCISSORS,0,0,39,51,64,77,0.303,0.034,0.508,0.155,0.245,0.068,0.421,0.266,0.604,0.037,0.189,0.17,192,1,0,1,0,0,0,59,101,61,109,176,9.61,0.007,257,4.28,31,0,30,30.0,2.4,0.95,2.1,4,45,1.15,0.55,1.9,1.1,0.65,0.55
aedc1419-5d9d-40b8-8ee4-9f527ccdb903,8,4,16.02,961,PAPER,0,57,0,54,73,35,0.146,0.099,0.589,0.167,0.203,0.193,0.448,0.156,0.448,0.0,0.531,0.021,162,1,1,0,0,0,0,21,73,26,71,154,12.35,0.007,251,4.18,55,0,30,30.0,2.4,0.95,2.1,4,45,1.15,0.55,1.9,1.1,0.65,0.55
1dd08204-ac8e-4e0c-953b-9797e4828e6c,18,4,12.65,759,ROCK,24,0,0,27,11,19,0.164,0.0,0.539,0.296,0.158,0.026,0.697,0.118,0.388,0.0,0.421,0.191,57,1,0,0,1,0,0,6,19,5,20,46,8.7,0.0,199,3.32,20,0,30,30.0,2.4,0.95,2.1,4,45,1.15,0.55,1.9,1.1,0.65,0.55
559202fc-81ee-43a3-80e8-263de1cb9518,15,10,21.68,1301,SCISSORS,0,0,54,55,73,91,0.265,0.1,0.542,0.092,0.204,0.1,0.381,0.315,0.542,0.031,0.227,0.2,219,1,0,1,0,0,0,102,148,101,152,210,11.48,0.01,221,3.68,38,0,30,30.0,2.4,0.95,2.1,4,45,1.15,0.55,1.9,1.1,0.65,0.55
9adf6561-74d9-440b-ae92-9fae5271b914,17,10,15.53,932,ROCK,45,0,0,56,26,41,0.219,0.118,0.422,0.241,0.246,0.118,0.519,0.118,0.599,0.043,0.257,0.102,123,1,0,0,1,0,0,40,91,44,90,116,8.56,0.005,192,3.2,21,0,30,30.0,2.4,0.95,2.1,4,45,1.15,0.55,1.9,1.1,0.65,0.55
3990104e-df62-483e-80b9-75fc90fcff09,14,8,24.78,1487,SCISSORS,0,0,51,65,82,99,0.336,0.067,0.44,0.158,0.221,0.097,0.282,0.399,0.517,0.221,0.154,0.107,246,1,0,1,0,0,0,30,126,24,127,229,10.56,0.004,337,5.62,49,0,30,30.0,2.4,0.95,2.1,4,45,1.15,0.55,1.9,1.1,0.65,0.55
030795a8-5d0e-4b6f-8b3d-9b32dec5e014,7,6,22.4,1344,SCISSORS,0,0,42,41,55,69,0.16,0.19,0.472,0.178,0.353,0.048,0.346,0.253,0.546,0.23,0.223,0.0,165,1,0,1,0,0,0,37,95,40,97,153,11.33,0.005,274,4.57,27,0,30,30.0,2.4,0.95,2.1,4,45,1.15,0.55,1.9,1.1,0.65,0.55
cb0e7688-85a2-4dcc-8e34-cd84ac77225b,18,5,12.88,773,SCISSORS,0,0,21,2,9,16,0.0,0.032,0.645,0.323,0.142,0.071,0.606,0.181,0.619,0.0,0.381,0.0,27,1,0,1,0,0,0,4,10,2,10,16,5.22,0.005,128,2.13,3,0,30,30.0,2.4,0.95,2.1,4,45,1.15,0.55,1.9,1.1,0.65,0.55
87713fd6-299c-444e-b7c8-64bc59963dd7,10,8,24.85,1491,ROCK,54,0,0,112,76,94,0.235,0.275,0.312,0.178,0.211,0.178,0.466,0.144,0.584,0.081,0.252,0.084,282,1,0,0,1,0,0,78,219,93,220,262,12.88,0.003,201,3.35,36,0,30,30.0,2.4,0.95,2.1,4,45,1.15,0.55,1.9,1.1,0.65,0.55
07cf98ec-635f-441f-9dbf-abbd8d9ac5b4,18,8,32.7,1962,SCISSORS,0,0,30,53,63,73,0.336,0.066,0.288,0.31,0.244,0.092,0.275,0.389,0.588,0.046,0.153,0.214,189,1,0,1,0,0,0,48,124,50,121,151,7.53,0.005,147,2.45,12,0,30,30.0,2.4,0.95,2.1,4,45,1.15,0.55,1.9,1.1,0.65,0.55
e004b123-784e-42e7-a64a-e85d4e95adba,17,10,17.08,1025,SCISSORS,0,0,54,14,32,50,0.0,0.21,0.629,0.161,0.327,0.044,0.527,0.102,0.741,0.0,0.259,0.0,96,1,0,1,0,0,0,38,79,41,79,94,10.68,0.0,175,2.92,16,0,30,30.0,2.4,0.95,2.1,4,45,1.15,0.55,1.9,1.1,0.65,0.55
c65dd6b8-5ba2-4695-8b35-368327877a26,5,9,17.47,1048,ROCK,51,0,0,66,32,49,0.319,0.052,0.452,0.176,0.171,0.019,0.757,0.052,0.495,0.0,0.314,0.19,147,1,0,0,1,0,0,45,85,54,88,139,13.6,0.002,268,4.47,36,0,30,30.0,2.4,0.95,2.1,4,45,1.15,0.55,1.9,1.1,0.65,0.55
293380aa-69fa-48bb-ac3c-fe91f27d6801,5,9,31.02,1861,SCISSORS,0,0,15,20,25,30,0.212,0.0,0.344,0.444,0.336,0.0,0.226,0.438,0.409,0.0,0.11,0.481,75,1,0,1,0,0,0,18,41,22,40,44,4.44,0.014,271,4.52,11,0,30,30.0,2.4,0.95,2.1,4,45,1.15,0.55,1.9,1.1,0.65,0.55
0d15dcff-476f-4fc6-8957-89672b0e00dc,19,9,16.45,987,ROCK,15,0,0,17,7,12,0.207,0.0,0.439,0.354,0.424,0.0,0.54,0.035,0.177,0.0,0.177,0.646,36,0,0,0,0,0,0,8,11,9,12,24,5.11,0.006,257,4.28,14,0,30,30.0,2.4,0.95,2.1,4,45,1.15,0.55,1.9,1.1,0.65,0.55
31759640-d60e-4683-bc69-13c8053b94df,20,5,19.97,1198,PAPER,0,57,0,56,75,37,0.188,0.25,0.421,0.142,0.263,0.2,0.354,0.183,0.492,0.037,0.412,0.058,168,1,1,0,0,0,0,31,100,31,98,158,9.36,0.005,233,3.88,54,0,30,30.0,2.4,0.95,2.1,4,45,1.15,0.55,1.9,1.1,0.65,0.55
3548e18b-e31f-401e-a0d2-3963f202df76,18,8,36.07,2164,SCISSORS,0,0,60,173,193,213,0.344,0.03,0.326,0.3,0.344,0.236,0.178,0.242,0.7,0.159,0.085,0.055,579,1,0,1,0,0,0,111,391,148,385,551,16.28,0.004,239,3.98,37,0,30,30.0,2.4,0.95,2.1,4,45,1.15,0.55,1.9,1.1,0.65,0.55
2b3de206-14e2-45b5-8e3e-f4865c217e10,5,5,19.92,1195,PAPER,0,54,0,71,89,53,0.126,0.071,0.456,0.347,0.406,0.017,0.393,0.184,0.452,0.134,0.414,0.0,213,0,0,0,0,0,0,42,118,42,120,195,11.46,0.005,255,4.25,49,0,30,30.0,2.4,0.95,2.1,4,45,1.15,0.55,1.9,1.1,0.65,0.55
a5698dfd-6a03-4c88-8aaa-4521791c4f18,14,6,74.6,4476,SCISSORS,0,0,15,45,50,55,0.177,0.0,0.156,0.667,0.255,0.0,0.135,0.61,0.553,0.0,0.082,0.365,150,1,0,1,0,0,0,52,78,48,76,89,4.65,0.006,326,5.43,13,0,30,30.0,2.4,0.95,2.1,4,45,1.15,0.55,1.9,1.1,0.65,0.55
5f493f1e-677a-4165-9459-4161a0119e9e,19,6,29.05,1743,ROCK,42,0,0,71,43,57,0.115,0.241,0.441,0.203,0.41,0.097,0.464,0.029,0.576,0.132,0.212,0.08,171,1,0,0,1,0,0,38,128,47,134,156,10.19,0.002,243,4.05,27,0,30,30.0,2.4,0.95,2.1,4,45,1.15,0.55,1.9,1.1,0.65,0.55
db507087-8d14-4c39-86c5-c29a18ff50e4,20,4,15.82,949,ROCK,57,0,0,84,46,65,0.363,0.068,0.395,0.174,0.326,0.063,0.605,0.005,0.247,0.132,0.305,0.316,195,1,0,0,1,0,0,27,94,23,95,188,15.99,0.001,219,3.65,51,0,30,30.0,2.4,0.95,2.1,4,45,1.15,0.55,1.9,1.1,0.65,0.55
a240b4cd-1400-4b35-948d-9dddf552f665,19,6,37.22,2233,SCISSORS,0,0,60,158,178,198,0.275,0.213,0.32,0.192,0.253,0.163,0.235,0.349,0.734,0.02,0.101,0.145,534,1,0,1,0,0,0,80,295,89,301,489,15.41,0.002,338,5.63,59,0,30,30.0,2.4,0.95,2.1,4,45,1.15,0.55,1.9,1.1,0.65,0.55
388b0794-195c-4ccc-8fcb-70afa81b666d,8,7,22.12,1327,ROCK,57,0,0,108,70,89,0.346,0.188,0.241,0.226,0.252,0.143,0.485,0.12,0.609,0.071,0.128,0.192,267,1,0,0,1,0,0,57,161,59,159,254,13.18,0.003,232,3.87,45,0,30,30.0,2.4,0.95,2.1,4,45,1.15,0.55,1.9,1.1,0.65,0.55
46cea612-3e7d-4c4f-8b67-bb3925259f08,17,7,31.15,1869,SCISSORS,0,0,24,14,22,30,0.107,0.086,0.463,0.345,0.136,0.131,0.447,0.286,0.644,0.027,0.198,0.131,66,1,0,1,0,0,0,9,34,19,35,53,6.42,0.008,409,6.82,21,0,30,30.0,2.4,0.95,2.1,4,45,1.15,0.55,1.9,1.1,0.65,0.55
e274ae45-88f5-4282-b007-37eda3b16812,16,6,32.58,1955,ROCK,51,0,0,126,92,109,0.419,0.09,0.233,0.258,0.373,0.138,0.371,0.118,0.453,0.143,0.156,0.248,327,1,0,0,1,0,0,93,196,99,201,311,12.31,0.005,305,5.08,45,0,30,30.0,2.4,0.95,2.1,4,45,1.15,0.55,1.9,1.1,0.65,0.55
2a365942-c0af-4db4-8443-809fb3cfeb39,6,5,29.2,1752,PAPER,0,48,0,100,116,84,0.154,0.134,0.296,0.416,0.493,0.128,0.245,0.134,0.536,0.011,0.345,0.108,300,1,1,0,0,0,0,45,122,61,119,277,13.12,0.004,352,5.87,47,0,30,30.0,2.4,0.95,2.1,4,45,1.15,0.55,1.9,1.1,0.65,0.55
888d3695-9261-42dd-b280-f8bc5da2a00b,20,8,39.9,2394,SCISSORS,0,0,18,25,31,37,0.192,0.0,0.236,0.572,0.415,0.013,0.219,0.353,0.591,0.0,0.109,0.301,93,1,0,1,0,0,0,34,64,42,64,61,5.2,0.005,254,4.23,8,0,30,30.0,2.4,0.95,2.1,4,45,1.15,0.55,1.9,1.1,0.65,0.55
6c2304b3-1620-492a-b9b3-f2e8900e23e5,15,8,16.87,1012,ROCK,60,0,0,69,29,49,0.315,0.089,0.493,0.103,0.202,0.064,0.724,0.01,0.35,0.0,0.369,0.281,147,1,0,0,1,0,0,27,68,34,67,138,11.98,0.0,367,6.12,58,0,30,30.0,2.4,0.95,2.1,4,45,1.15,0.55,1.9,1.1,0.65,0.55
4ad37b4f-4be4-4526-983c-f25f436c6fcb,9,4,42.0,2520,PAPER,0,45,0,130,145,115,0.302,0.077,0.206,0.415,0.393,0.175,0.165,0.268,0.613,0.175,0.151,0.062,390,1,1,0,0,0,0,39,224,41,231,358,12.25,0.005,170,2.83,24,0,30,30.0,2.4,0.95,2.1,4,45,1.15,0.55,1.9,1.1,0.65,0.55
8a1da76b-c151-4e4e-9859-594c5c730a45,13,8,31.23,1874,ROCK,27,0,0,59,41,50,0.371,0.019,0.24,0.371,0.312,0.131,0.411,0.147,0.432,0.088,0.176,0.304,150,1,0,0,1,0,0,52,78,68,71,132,8.01,0.008,379,6.32,25,0,30,30.0,2.4,0.95,2.1,4,45,1.15,0.55,1.9,1.1,0.65,0.55
63b4aee3-f523-4408-8072-4eaa3fd995c0,8,10,18.23,1094,ROCK,39,0,0,56,30,43,0.429,0.037,0.274,0.26,0.402,0.087,0.484,0.027,0.37,0.073,0.174,0.384,129,1,0,0,1,0,0,57,76,54,78,114,8.75,0.005,289,4.82,38,0,30,30.0,2.4,0.95,2.1,4,45,1.15,0.55,1.9,1.1,0.65,0.55
a8e10f00-7ffa-47b0-80d0-41dfb4347a4d,5,9,21.8,1308,SCISSORS,0,0,24,25,33,41,0.176,0.015,0.447,0.363,0.431,0.0,0.359,0.21,0.424,0.019,0.221,0.336,99,1,0,1,0,0,0,10,45,10,45,78,7.07,0.008,198,3.3,18,0,30,30.0,2.4,0.95,2.1,4,45,1.15,0.55,1.9,1.1,0.65,0.55
3bd3c2cb-eb1e-4dc8-9554-83d751f6b356,9,9,56.45,3387,ROCK,15,0,0,46,36,41,0.229,0.0,0.118,0.653,0.204,0.0,0.279,0.518,0.608,0.0,0.096,0.296,123,1,0,0,1,0,0,44,75,46,74,89,4.8,0.008,487,8.12,13,0,30,30.0,2.4,0.95,2.1,4,45,1.15,0.55,1.9,1.1,0.65,0.55
5a40f58a-b2d5-4f9b-8dcd-f65e8852647c,15,8,10.62,637,SCISSORS,0,0,27,4,13,22,0.0,0.0,0.883,0.117,0.164,0.0,0.656,0.18,0.641,0.0,0.359,0.0,39,1,0,1,0,0,0,6,22,7,21,31,5.92,0.008,182,3.03,16,0,30,30.0,2.4,0.95,2.1,4,45,1.15,0.55,1.9,1.1,0.65,0.55
bf87fc17-2e69-473d-bf1a-6c5bbdde1e24,6,5,31.95,1917,SCISSORS,0,0,45,92,107,122,0.219,0.203,0.279,0.299,0.451,0.102,0.146,0.302,0.766,0.016,0.102,0.117,321,1,0,1,0,0,0,44,114,53,119,288,11.96,0.002,222,3.7,24,0,30,30.0,2.4,0.95,2.1,4,45,1.15,0.55,1.9,1.1,0.65,0.55
d7e2fd1c-98e0-4c74-b379-8414a4786307,18,7,47.3,2838,ROCK,18,0,0,18,6,12,0.729,0.0,0.12,0.151,0.063,0.0,0.849,0.088,0.164,0.0,0.09,0.746,36,1,0,0,1,0,0,8,12,8,13,26,6.69,0.0,2098,34.97,11,0,30,30.0,2.4,0.95,2.1,4,45,1.15,0.55,1.9,1.1,0.65,0.55
d6bfeeaa-f226-4af5-becd-0f0f7d86252f,16,10,12.37,742,SCISSORS,0,0,54,24,42,60,0.201,0.02,0.611,0.168,0.362,0.0,0.409,0.228,0.463,0.06,0.188,0.289,126,1,0,1,0,0,0,28,83,35,84,119,12.6,0.003,222,3.7,29,0,30,30.0,2.4,0.95,2.1,4,45,1.15,0.55,1.9,1.1,0.65,0.55
0ffcff0c-5223-45d2-ac51-1bfae0d1de1c,20,7,15.82,949,ROCK,48,0,0,59,27,43,0.211,0.095,0.5,0.195,0.332,0.042,0.516,0.111,0.584,0.0,0.3,0.116,129,1,0,0,1,0,0,31,84,44,88,122,11.77,0.006,179,2.98,7,0,30,30.0,2.4,0.95,2.1,4,45,1.15,0.55,1.9,1.1,0.65,0.55
3117379b-458f-40ad-ab03-21aaf74346ae,11,6,20.62,1237,SCISSORS,0,0,60,65,85,105,0.19,0.246,0.391,0.173,0.246,0.113,0.262,0.379,0.71,0.044,0.097,0.149,255,1,0,1,0,0,0,59,110,53,110,240,14.1,0.003,287,4.78,59,0,30,30.0,2.4,0.95,2.1,4,45,1.15,0.55,1.9,1.1,0.65,0.55
d581ee72-f6a9-4da8-97b3-3829398b3100,10,7,20.03,1202,PAPER,0,33,0,35,46,24,0.141,0.0,0.303,0.556,0.369,0.05,0.32,0.261,0.523,0.029,0.419,0.029,105,1,1,0,0,0,0,33,58,33,53,89,9.89,0.005,307,5.12,32,0,30,30.0,2.4,0.95,2.1,4,45,1.15,0.55,1.9,1.1,0.65,0.55
4544749e-9ca9-44b0-aacc-3d3e7dbeeb8a,16,6,24.82,1489,SCISSORS,0,0,30,50,60,70,0.268,0.0,0.362,0.369,0.195,0.067,0.329,0.409,0.674,0.161,0.164,0.0,180,1,0,1,0,0,0,31,71,29,71,157,8.71,0.005,239,3.98,18,0,30,30.0,2.4,0.95,2.1,4,45,1.15,0.55,1.9,1.1,0.65,0.55
b118d6da-7200-400a-994a-147671677957,16,4,19.48,1169,SCISSORS,0,0,48,51,67,83,0.171,0.03,0.402,0.397,0.265,0.077,0.329,0.329,0.667,0.158,0.175,0.0,201,1,0,1,0,0,0,30,68,26,68,184,13.83,0.003,159,2.65,27,0,30,30.0,2.4,0.95,2.1,4,45,1.15,0.55,1.9,1.1,0.65,0.55
cc130dec-8ff8-46cd-a2d6-077a1276833d,12,8,28.28,1697,SCISSORS,0,0,48,64,80,96,0.288,0.1,0.494,0.118,0.232,0.091,0.306,0.371,0.679,0.065,0.159,0.097,240,1,0,1,0,0,0,56,151,62,155,221,10.0,0.007,422,7.03,47,0,30,30.0,2.4,0.95,2.1,4,45,1.15,0.55,1.9,1.1,0.65,0.55
2dccc38a-88e5-4e21-95f5-ac7dc67ae161,15,6,37.83,2270,SCISSORS,0,0,36,63,75,87,0.335,0.097,0.317,0.251,0.198,0.181,0.39,0.231,0.749,0.046,0.126,0.079,225,1,0,1,0,0,0,42,153,60,154,194,8.75,0.007,140,2.33,6,0,30,30.0,2.4,0.95,2.1,4,45,1.15,0.55,1.9,1.1,0.65,0.55
4e520fa9-d99b-4d41-8bc7-20f50223ec70,19,10,18.5,1110,SCISSORS,0,0,45,50,65,80,0.189,0.014,0.59,0.207,0.257,0.122,0.419,0.203,0.577,0.0,0.261,0.162,195,1,0,1,0,0,0,67,116,62,114,183,12.21,0.001,155,2.58,9,0,30,30.0,2.4,0.95,2.1,4,45,1.15,0.55,1.9,1.1,0.65,0.55
4226965b-07e6-4c23-9702-ac796e149833,6,8,21.23,1274,PAPER,0,57,0,78,97,59,0.29,0.263,0.322,0.125,0.255,0.039,0.498,0.208,0.541,0.055,0.349,0.055,234,1,1,0,0,0,0,56,154,54,156,222,11.68,0.003,234,3.9,53,0,30,30.0,2.4,0.95,2.1,4,45,1.15,0.55,1.9,1.1,0.65,0.55
5dad12f8-2cde-4773-9dca-b9ba34ef94f8,12,10,23.57,1414,ROCK,18,0,0,26,14,20,0.375,0.0,0.293,0.332,0.074,0.0,0.618,0.307,0.495,0.0,0.155,0.35,60,1,0,0,1,0,0,28,34,33,35,39,4.77,0.004,509,8.48,17,0,30,30.0,2.4,0.95,2.1,4,45,1.15,0.55,1.9,1.1,0.65,0.55
e470ed18-2aa8-4b61-b094-4f7a6f48ce87,13,5,16.9,1014,PAPER,0,36,0,40,52,28,0.099,0.138,0.345,0.419,0.33,0.128,0.379,0.163,0.591,0.0,0.404,0.005,120,1,1,0,0,0,0,30,56,40,53,102,8.97,0.005,274,4.57,35,0,30,30.0,2.4,0.95,2.1,4,45,1.15,0.55,1.9,1.1,0.65,0.55
5ad2cb6e-e914-4b06-87e4-fb44a6de7ba1,10,5,18.7,1122,SCISSORS,0,0,39,41,54,67,0.227,0.0,0.56,0.213,0.151,0.093,0.356,0.4,0.742,0.0,0.102,0.156,162,1,0,1,0,0,0,36,69,37,76,146,9.02,0.005,307,5.12,36,0,30,30.0,2.4,0.95,2.1,4,45,1.15,0.55,1.9,1.1,0.65,0.55
64cb060d-bc15-4e31-86f0-5e1ee323015c,10,6,23.77,1426,PAPER,0,30,0,36,46,26,0.263,0.028,0.291,0.418,0.309,0.039,0.34,0.312,0.6,0.032,0.207,0.161,108,1,1,0,0,0,0,23,52,29,53,92,9.2,0.005,156,2.6,16,0,30,30.0,2.4,0.95,2.1,4,45,1.15,0.55,1.9,1.1,0.65,0.55
f3e36fb8-08d2-4d42-bd9c-22c6b380fb24,18,8,12.03,722,SCISSORS,0,0,30,5,15,25,0.0,0.0,0.69,0.31,0.214,0.076,0.593,0.117,0.593,0.09,0.317,0.0,45,1,0,1,0,0,0,13,32,19,30,39,9.96,0.002,97,1.62,4,0,30,30.0,2.4,0.95,2.1,4,45,1.15,0.55,1.9,1.1,0.65,0.55
7ce40f0e-6d40-495b-9842-99182c150899,15,10,22.87,1372,SCISSORS,0,0,54,63,81,99,0.215,0.218,0.411,0.156,0.284,0.236,0.247,0.233,0.72,0.105,0.098,0.076,243,1,0,1,0,0,0,67,183,77,182,225,10.11,0.005,247,4.12,46,0,30,30.0,2.4,0.95,2.1,4,45,1.15,0.55,1.9,1.1,0.65,0.55
34e9fca6-15d1-449a-95b3-8ccad47d4ece,8,4,19.93,1196,ROCK,45,0,0,61,31,46,0.36,0.305,0.297,0.038,0.0,0.331,0.611,0.059,0.707,0.0,0.163,0.13,138,1,0,0,1,0,0,5,89,9,89,124,9.21,0.005,246,4.1,23,0,30,30.0,2.4,0.95,2.1,4,45,1.15,0.55,1.9,1.1,0.65,0.55
b2702057-194c-4de5-8e3d-29dc947c21d2,17,4,15.73,944,ROCK,24,0,0,25,9,17,0.296,0.09,0.381,0.233,0.0,0.021,0.778,0.201,0.519,0.0,0.222,0.259,51,1,0,0,1,0,0,4,18,9,21,39,7.47,0.0,354,5.9,23,0,30,30.0,2.4,0.95,2.1,4,45,1.15,0.55,1.9,1.1,0.65,0.55
07bccbb6-7e56-48e8-b88b-3c62d963d561,17,5,12.95,777,ROCK,51,0,0,57,23,40,0.244,0.109,0.391,0.256,0.0,0.115,0.75,0.135,0.596,0.0,0.218,0.186,120,1,0,0,1,0,0,20,57,32,59,113,13.38,0.001,192,3.2,26,0,30,30.0,2.4,0.95,2.1,4,45,1.15,0.55,1.9,1.1,0.65,0.55
41cd799a-5e32-44cd-bdf7-938df829ee5a,13,4,20.82,1249,PAPER,0,51,0,65,82,48,0.224,0.196,0.48,0.1,0.236,0.26,0.284,0.22,0.676,0.044,0.22,0.06,195,1,1,0,0,0,0,21,133,24,134,178,9.26,0.009,124,2.07,6,0,30,30.0,2.4,0.95,2.1,4,45,1.15,0.55,1.9,1.1,0.65,0.55
7633e32f-da85-44bb-ae18-30edf7f74cf4,20,7,21.38,1283,SCISSORS,0,0,39,44,57,70,0.315,0.0,0.401,0.284,0.21,0.07,0.311,0.409,0.611,0.035,0.136,0.218,171,1,0,1,0,0,0,49,108,67,116,159,11.23,0.006,243,4.05,19,0,30,30.0,2.4,0.95,2.1,4,45,1.15,0.55,1.9,1.1,0.65,0.55
3b4c89a7-f633-4eae-9ee8-f4da69c15854,12,8,15.97,958,ROCK,60,0,0,82,42,62,0.255,0.161,0.432,0.151,0.339,0.042,0.62,0.0,0.573,0.0,0.208,0.219,186,1,0,0,1,0,0,40,111,49,110,173,11.53,0.0,278,4.63,58,0,30,30.0,2.4,0.95,2.1,4,45,1.15,0.55,1.9,1.1,0.65,0.55
ebb1e7bd-889f-4938-84d5-6b191aea0fef,14,8,77.38,4643,PAPER,0,36,0,228,240,216,0.37,0.15,0.108,0.372,0.404,0.124,0.138,0.335,0.667,0.104,0.08,0.149,684,1,1,0,0,0,0,235,491,242,488,607,9.26,0.007,283,4.72,34,0,30,30.0,2.4,0.95,2.1,4,45,1.15,0.55,1.9,1.1,0.65,0.55
d0cbc39f-d87b-4f21-80bc-3e661f8e21eb,9,7,22.95,1377,PAPER,0,42,0,56,70,42,0.188,0.12,0.431,0.261,0.413,0.076,0.359,0.152,0.641,0.014,0.286,0.058,168,1,1,0,0,0,0,41,96,42,102,153,9.01,0.006,112,1.87,21,0,30,30.0,2.4,0.95,2.1,4,45,1.15,0.55,1.9,1.1,0.65,0.55
1c8aae8a-4aa1-416b-b488-d4660c62c8ca,13,4,45.72,2743,SCISSORS,0,0,27,66,75,84,0.195,0.069,0.242,0.494,0.281,0.078,0.239,0.403,0.696,0.007,0.093,0.204,225,1,0,1,0,0,0,15,47,21,43,184,7.17,0.004,178,2.97,14,0,30,30.0,2.4,0.95,2.1,4,45,1.15,0.55,1.9,1.1,0.65,0.55
9f114120-95a7-468e-b740-3e5db2fa0a5f,16,9,18.68,1121,ROCK,39,0,0,44,18,31,0.295,0.076,0.446,0.183,0.0,0.174,0.79,0.036,0.464,0.0,0.272,0.263,93,1,0,0,1,0,0,16,50,22,50,81,9.38,0.0,366,6.1,36,0,30,30.0,2.4,0.95,2.1,4,45,1.15,0.55,1.9,1.1,0.65,0.55
90f3fd14-f280-4407-9098-97140bd5e472,13,5,41.2,2472,SCISSORS,0,0,48,120,136,152,0.388,0.085,0.305,0.222,0.176,0.261,0.261,0.303,0.766,0.038,0.103,0.093,408,1,0,1,0,0,0,64,274,78,269,370,10.79,0.007,322,5.37,39,0,30,30.0,2.4,0.95,2.1,4,45,1.15,0.55,1.9,1.1,0.65,0.55
e9ee2226-3651-4e0c-9e8c-9ed0fb0948da,16,9,16.97,1018,ROCK,39,0,0,43,17,30,0.235,0.064,0.466,0.235,0.181,0.054,0.701,0.064,0.426,0.0,0.373,0.201,90,1,0,0,1,0,0,16,47,21,49,81,9.79,0.001,293,4.88,32,0,30,30.0,2.4,0.95,2.1,4,45,1.15,0.55,1.9,1.1,0.65,0.55
bab1d21c-179d-4b52-83f4-a7046ff2e356,9,5,12.47,748,SCISSORS,0,0,48,19,35,51,0.113,0.02,0.86,0.007,0.1,0.0,0.64,0.26,0.54,0.0,0.367,0.093,105,1,0,1,0,0,0,16,59,17,59,99,10.76,0.006,218,3.63,43,0,30,30.0,2.4,0.95,2.1,4,45,1.15,0.55,1.9,1.1,0.65,0.55
59b32dbf-d4cb-4bbe-b070-351824b710d4,6,4,13.87,832,ROCK,27,0,0,27,9,18,0.269,0.0,0.263,0.467,0.102,0.162,0.527,0.21,0.569,0.0,0.204,0.228,54,1,0,0,1,0,0,11,16,12,15,41,6.7,0.0,297,4.95,24,0,30,30.0,2.4,0.95,2.1,4,45,1.15,0.55,1.9,1.1,0.65,0.55
18b810f0-0c22-4387-bc1d-30bae206dc51,20,5,14.25,855,SCISSORS,0,0,18,3,9,15,0.0,0.0,0.906,0.094,0.064,0.0,0.386,0.55,0.795,0.0,0.205,0.0,27,1,0,1,0,0,0,5,12,4,12,18,5.74,0.007,480,8.0,13,0,30,30.0,2.4,0.95,2.1,4,45,1.15,0.55,1.9,1.1,0.65,0.55
a3c5b83a-f402-4af9-87a3-c6454af97766,14,10,15.03,902,ROCK,60,0,0,69,29,49,0.287,0.083,0.42,0.21,0.193,0.066,0.691,0.05,0.387,0.061,0.304,0.249,147,1,0,0,1,0,0,33,80,44,80,140,11.88,0.0,307,5.12,59,0,30,30.0,2.4,0.95,2.1,4,45,1.15,0.55,1.9,1.1,0.65,0.55
87ccebc0-fd89-47f5-bb35-e6de2c9840fd,10,7,16.67,1000,ROCK,42,0,0,52,24,38,0.55,0.0,0.185,0.265,0.195,0.02,0.685,0.1,0.27,0.05,0.25,0.43,114,1,0,0,1,0,0,25,50,21,51,99,9.45,0.004,500,8.33,41,0,30,30.0,2.4,0.95,2.1,4,45,1.15,0.55,1.9,1.1,0.65,0.55
8b3caa0c-a489-4003-9b4b-72f736d45003,9,8,15.78,947,PAPER,0,30,0,33,43,23,0.332,0.042,0.184,0.442,0.363,0.1,0.195,0.342,0.574,0.105,0.147,0.174,99,1,1,0,0,0,0,33,57,34,56,89,8.91,0.004,67,1.12,7,0,30,30.0,2.4,0.95,2.1,4,45,1.15,0.55,1.9,1.1,0.65,0.55
348b2e2d-9a75-4959-abc8-bec765e4bc0c,10,6,9.22,553,SCISSORS,0,0,27,8,17,26,0.099,0.108,0.604,0.189,0.378,0.0,0.423,0.198,0.514,0.0,0.216,0.27,51,1,0,1,0,0,0,8,23,7,24,40,5.63,0.007,168,2.8,14,0,30,30.0,2.4,0.95,2.1,4,45,1.15,0.55,1.9,1.1,0.65,0.55
d108a1e5-a8da-49c7-8770-b84473f3ba79,5,5,21.75,1305,ROCK,30,0,0,49,29,39,0.479,0.0,0.111,0.41,0.372,0.0,0.529,0.1,0.433,0.061,0.077,0.429,117,1,0,0,1,0,0,25,46,32,43,97,8.76,0.004,400,6.67,27,0,30,30.0,2.4,0.95,2.1,4,45,1.15,0.55,1.9,1.1,0.65,0.55
74305efa-abbf-4753-bb9e-b6621a5dc906,17,8,13.57,814,SCISSORS,0,0,15,5,10,15,0.104,0.0,0.577,0.319,0.307,0.0,0.233,0.46,0.503,0.0,0.129,0.368,30,1,0,1,0,0,0,7,12,9,11,17,4.77,0.0,319,5.32,13,0,30,30.0,2.4,0.95,2.1,4,45,1.15,0.55,1.9,1.1,0.65,0.55
ffed51b5-0673-469c-9ca6-c9fdbbfce843,15,9,14.35,861,ROCK,51,0,0,57,23,40,0.267,0.238,0.494,0.0,0.122,0.169,0.657,0.052,0.512,0.0,0.291,0.198,120,1,0,0,1,0,0,31,87,33,87,113,10.93,0.004,231,3.85,32,0,30,30.0,2.4,0.95,2.1,4,45,1.15,0.55,1.9,1.1,0.65,0.55
0321ba8a-bec9-48fb-a7c4-70cc233f7785,12,4,12.82,769,ROCK,45,0,0,41,11,26,0.266,0.182,0.338,0.214,0.0,0.26,0.63,0.11,0.571,0.0,0.266,0.162,78,1,0,0,1,0,0,12,40,10,40,76,10.17,0.011,194,3.23,21,0,30,30.0,2.4,0.95,2.1,4,45,1.15,0.55,1.9,1.1,0.65,0.55
a00ab9d7-98ab-4524-8bde-9854e44291db,11,5,11.87,712,SCISSORS,0,0,36,4,16,28,0.0,0.084,0.706,0.21,0.336,0.0,0.462,0.203,0.755,0.0,0.245,0.0,48,1,0,1,0,0,0,9,26,8,24,46,8.9,0.0,212,3.53,14,0,30,30.0,2.4,0.95,2.1,4,45,1.15,0.55,1.9,1.1,0.65,0.55
b128c219-5b8d-49d7-8543-328e80c4c02c,6,7,33.53,2012,SCISSORS,0,0,33,62,73,84,0.3,0.102,0.27,0.328,0.424,0.092,0.196,0.288,0.734,0.069,0.042,0.154,219,0,0,0,0,0,0,38,126,64,124,199,9.22,0.006,207,3.45,27,0,30,30.0,2.4,0.95,2.1,4,45,1.15,0.55,1.9,1.1,0.65,0.55
1bf74321-5b6f-4942-951e-0c4c6816583c,6,8,39.18,2351,SCISSORS,0,0,18,31,37,43,0.228,0.0,0.27,0.502,0.13,0.017,0.153,0.7,0.779,0.0,0.057,0.164,111,1,0,1,0,0,0,42,45,45,47,72,5.37,0.009,456,7.6,17,0,30,30.0,2.4,0.95,2.1,4,45,1.15,0.55,1.9,1.1,0.65,0.55
5efd423c-a72d-4776-a1d5-253947964289,20,9,34.32,2059,SCISSORS,0,0,18,22,28,34,0.15,0.0,0.238,0.612,0.197,0.01,0.184,0.609,0.806,0.0,0.053,0.141,84,1,0,1,0,0,0,31,56,35,62,54,5.02,0.006,309,5.15,14,0,30,30.0,2.4,0.95,2.1,4,45,1.15,0.55,1.9,1.1,0.65,0.55
16942880-25b0-47e9-80a8-eedaf48f94ea,19,10,20.2,1212,SCISSORS,0,0,60,92,112,132,0.428,0.214,0.337,0.021,0.288,0.263,0.21,0.239,0.72,0.206,0.074,0.0,336,1,0,1,0,0,0,75,278,90,278,313,10.32,0.006,187,3.12,44,0,30,30.0,2.4,0.95,2.1,4,45,1.15,0.55,1.9,1.1,0.65,0.55
22f5bb22-9fc4-4a28-91ef-51039d89dc50,11,7,13.13,788,ROCK,57,0,0,62,24,43,0.437,0.0,0.316,0.247,0.108,0.076,0.778,0.038,0.424,0.0,0.184,0.392,129,1,0,0,1,0,0,19,55,22,53,126,11.12,0.0,343,5.72,56,0,30,30.0,2.4,0.95,2.1,4,45,1.15,0.55,1.9,1.1,0.65,0.55
f6c9f3a1-0c4b-4dc6-b3e2-28b1844d6b5e,18,7,12.77,766,SCISSORS,0,0,33,15,26,37,0.183,0.0,0.719,0.098,0.392,0.0,0.392,0.216,0.542,0.065,0.183,0.209,78,1,0,1,0,0,0,17,38,17,39,66,9.41,0.004,241,4.02,28,0,30,30.0,2.4,0.95,2.1,4,45,1.15,0.55,1.9,1.1,0.65,0.55
e2b20616-e1eb-464d-aa32-a42d90cef5cc,11,8,39.43,2366,SCISSORS,0,0,54,142,160,178,0.378,0.199,0.319,0.104,0.178,0.389,0.245,0.188,0.774,0.112,0.053,0.061,480,1,0,1,0,0,0,104,396,120,401,450,10.97,0.005,226,3.77,47,0,30,30.0,2.4,0.95,2.1,4,45,1.15,0.55,1.9,1.1,0.65,0.55
be856f6c-11e5-4d61-967c-e7630e46f066,17,8,20.53,1232,PAPER,0,33,0,55,66,44,0.356,0.138,0.312,0.194,0.271,0.142,0.186,0.401,0.628,0.105,0.194,0.073,165,1,1,0,0,0,0,45,109,51,107,140,8.07,0.009,132,2.2,12,0,30,30.0,2.4,0.95,2.1,4,45,1.15,0.55,1.9,1.1,0.65,0.55
92285c4b-547f-4071-80e9-44b0061aed91,12,7,10.32,619,ROCK,51,0,0,54,20,37,0.452,0.024,0.218,0.306,0.0,0.121,0.839,0.04,0.379,0.0,0.226,0.395,111,1,0,0,1,0,0,25,49,28,49,103,12.12,0.0,284,4.73,49,0,30,30.0,2.4,0.95,2.1,4,45,1.15,0.55,1.9,1.1,0.65,0.55
98fda8d2-21d6-4ac2-9cb7-a2baa591de49,11,10,11.65,699,SCISSORS,0,0,36,16,28,40,0.229,0.0,0.657,0.114,0.236,0.107,0.421,0.236,0.493,0.071,0.186,0.25,84,1,0,1,0,0,0,18,44,20,42,81,9.69,0.004,204,3.4,29,0,30,30.0,2.4,0.95,2.1,4,45,1.15,0.55,1.9,1.1,0.65,0.55
ab17e1df-11a6-4817-916e-63e627484fcf,5,10,13.22,793,ROCK,33,0,0,38,16,27,0.308,0.164,0.252,0.277,0.214,0.057,0.604,0.126,0.522,0.063,0.132,0.283,81,1,0,0,1,0,0,16,54,25,53,70,8.98,0.001,243,4.05,26,0,30,30.0,2.4,0.95,2.1,4,45,1.15,0.55,1.9,1.1,0.65,0.55
a0526b0c-0f4b-48f8-85d4-344ccd4ed6de,8,9,15.17,910,SCISSORS,0,0,15,6,11,16,0.247,0.0,0.577,0.176,0.269,0.0,0.363,0.368,0.33,0.0,0.22,0.451,33,1,0,1,0,0,0,12,16,10,15,23,5.06,0.006,275,4.58,13,0,30,30.0,2.4,0.95,2.1,4,45,1.15,0.55,1.9,1.1,0.65,0.55
1a5e465b-3492-49af-a682-ec7f46991d4a,5,8,21.72,1303,ROCK,24,0,0,35,19,27,0.364,0.0,0.238,0.398,0.119,0.015,0.682,0.184,0.521,0.038,0.234,0.207,81,1,0,0,1,0,0,5,26,11,28,63,6.57,0.006,358,5.97,23,0,30,30.0,2.4,0.95,2.1,4,45,1.15,0.55,1.9,1.1,0.65,0.55
1c109bac-395b-43f3-b2d5-ad0a3677454d,17,5,61.27,3676,SCISSORS,0,0,15,47,52,57,0.203,0.0,0.137,0.66,0.267,0.0,0.118,0.615,0.541,0.0,0.05,0.408,156,1,0,1,0,0,0,19,58,26,57,103,4.96,0.007,261,4.35,13,0,30,30.0,2.4,0.95,2.1,4,45,1.15,0.55,1.9,1.1,0.65,0.55
67f33383-de5f-4ca6-9e99-acfcd3da586d,14,10,17.82,1069,PAPER,0,51,0,55,72,38,0.136,0.308,0.486,0.07,0.388,0.28,0.332,0.0,0.654,0.023,0.308,0.014,165,1,1,0,0,0,0,32,130,37,133,153,11.0,0.003,129,2.15,27,0,30,30.0,2.4,0.95,2.1,4,45,1.15,0.55,1.9,1.1,0.65,0.55
403f5e55-4abd-454e-8ee8-bebbf11d8c3e,13,9,19.95,1197,ROCK,42,0,0,75,47,61,0.346,0.092,0.258,0.304,0.242,0.062,0.512,0.183,0.571,0.104,0.163,0.163,183,1,0,0,1,0,0,61,136,73,140,170,13.09,0.002,267,4.45,34,0,30,30.0,2.4,0.95,2.1,4,45,1.15,0.55,1.9,1.1,0.65,0.55
99074472-0c6f-42ce-88d7-a360b3f2a01b,19,7,48.35,2901,SCISSORS,0,0,39,91,104,117,0.3,0.053,0.326,0.321,0.283,0.298,0.166,0.253,0.752,0.047,0.098,0.103,312,1,0,1,0,0,0,56,218,70,216,290,11.16,0.009,301,5.02,35,0,30,30.0,2.4,0.95,2.1,4,45,1.15,0.55,1.9,1.1,0.65,0.55
3d2fe059-95bc-4ea0-9dc8-745b61e58eaf,9,9,19.95,1197,PAPER,0,57,0,100,119,81,0.479,0.058,0.258,0.204,0.292,0.25,0.242,0.217,0.542,0.183,0.242,0.033,300,1,1,0,0,0,0,102,179,101,180,294,12.86,0.01,167,2.78,51,0,30,30.0,2.4,0.95,2.1,4,45,1.15,0.55,1.9,1.1,0.65,0.55
4f2b4ca9-3af4-4fbe-ada0-8fe41b8f887e,17,6,43.55,2613,ROCK,27,0,0,71,53,62,0.273,0.006,0.128,0.593,0.231,0.229,0.245,0.294,0.591,0.0,0.092,0.317,186,1,0,0,1,0,0,72,87,70,79,164,8.12,0.007,258,4.3,25,0,30,30.0,2.4,0.95,2.1,4,45,1.15,0.55,1.9,1.1,0.65,0.55
baf6c453-fe91-42db-aa0c-4b060e114d48,7,5,22.02,1321,SCISSORS,0,0,51,59,76,93,0.258,0.061,0.314,0.367,0.386,0.045,0.212,0.356,0.606,0.083,0.08,0.231,228,1,0,1,0,0,0,29,67,36,69,211,11.97,0.01,241,4.02,48,0,30,30.0,2.4,0.95,2.1,4,45,1.15,0.55,1.9,1.1,0.65,0.55
1c32e1bc-8757-4dc7-b903-e92b4c21389f,7,8,24.63,1478,ROCK,21,0,0,26,12,19,0.277,0.0,0.294,0.429,0.264,0.047,0.436,0.253,0.459,0.03,0.176,0.334,57,1,0,0,1,0,0,12,29,19,30,49,6.77,0.014,148,2.47,5,0,30,30.0,2.4,0.95,2.1,4,45,1.15,0.55,1.9,1.1,0.65,0.55
6fa1d552-288c-4d99-b669-66a72ce202c8,9,7,56.02,3361,ROCK,21,0,0,27,13,20,0.585,0.0,0.15,0.265,0.039,0.088,0.74,0.134,0.341,0.0,0.103,0.557,60,1,0,0,1,0,0,18,26,19,28,48,6.75,0.006,1966,32.77,12,0,30,30.0,2.4,0.95,2.1,4,45,1.15,0.55,1.9,1.1,0.65,0.55
6ed5bd9d-fe8b-4dbb-bf37-6bdf677a1c03,8,5,49.22,2953,PAPER,0,27,0,88,97,79,0.308,0.076,0.157,0.459,0.492,0.08,0.191,0.237,0.55,0.061,0.13,0.259,264,1,1,0,0,0,0,66,139,62,132,234,8.45,0.007,153,2.55,15,0,30,30.0,2.4,0.95,2.1,4,45,1.15,0.55,1.9,1.1,0.65,0.55
d2d1367b-7c2a-4a75-b4bc-debcbaa984d3,17,6,7.75,465,PAPER,0,24,0,10,18,2,0.226,0.0,0.602,0.172,0.387,0.0,0.613,0.0,0.194,0.0,0.57,0.237,30,1,1,0,0,0,0,9,16,5,15,23,6.03,0.004,160,2.67,13,0,30,30.0,2.4,0.95,2.1,4,45,1.15,0.55,1.9,1.1,0.65,0.55
0d816ca4-eee4-49d7-9319-c491e96f447e,10,6,35.65,2139,SCISSORS,0,0,51,118,135,152,0.4,0.065,0.199,0.336,0.346,0.129,0.18,0.346,0.68,0.117,0.084,0.119,405,1,0,1,0,0,0,109,296,114,299,363,11.91,0.008,199,3.32,32,0,30,30.0,2.4,0.95,2.1,4,45,1.15,0.55,1.9,1.1,0.65,0.55
068eb24e-b14a-419c-845d-734b67120133,13,9,37.43,2246,PAPER,0,30,0,62,72,52,0.392,0.04,0.301,0.267,0.294,0.312,0.218,0.176,0.697,0.069,0.107,0.127,186,1,1,0,0,0,0,53,134,70,132,167,8.97,0.01,116,1.93,10,0,30,30.0,2.4,0.95,2.1,4,45,1.15,0.55,1.9,1.1,0.65,0.55
feec93c1-4f16-4cd8-b368-1be935c24f10,17,6,18.45,1107,SCISSORS,0,0,39,31,44,57,0.297,0.0,0.698,0.005,0.072,0.086,0.383,0.459,0.667,0.023,0.171,0.14,132,1,0,1,0,0,0,30,61,27,62,121,8.8,0.01,317,5.28,38,0,30,30.0,2.4,0.95,2.1,4,45,1.15,0.55,1.9,1.1,0.65,0.55
218f4b61-aa6e-4b7f-ab6d-7a0e0415d996,8,6,28.12,1687,SCISSORS,0,0,51,90,107,124,0.302,0.21,0.379,0.109,0.32,0.257,0.207,0.216,0.743,0.104,0.104,0.05,321,1,0,1,0,0,0,72,214,76,211,307,11.65,0.003,252,4.2,49,0,30,30.0,2.4,0.95,2.1,4,45,1.15,0.55,1.9,1.1,0.65,0.55
ba558242-fcb9-4ad4-b775-2e4e9bc7822e,20,6,9.67,580,SCISSORS,0,0,24,2,10,18,0.0,0.0,0.586,0.414,0.44,0.0,0.457,0.103,0.681,0.0,0.319,0.0,30,1,0,1,0,0,0,10,20,15,21,26,9.0,0.0,80,1.33,6,0,30,30.0,2.4,0.95,2.1,4,45,1.15,0.55,1.9,1.1,0.65,0.55
13ac103d-9d37-4630-b7f5-ef591a752052,6,5,19.25,1155,PAPER,0,60,0,75,95,55,0.199,0.221,0.32,0.26,0.294,0.255,0.234,0.216,0.632,0.026,0.264,0.078,225,1,1,0,0,0,0,37,108,44,105,211,12.86,0.004,190,3.17,45,0,30,30.0,2.4,0.95,2.1,4,45,1.15,0.55,1.9,1.1,0.65,0.55
12544eb5-331f-47ce-bc38-870a80595bfc,5,6,25.72,1543,PAPER,0,18,0,41,47,35,0.142,0.0,0.152,0.706,0.172,0.013,0.188,0.628,0.709,0.0,0.113,0.178,123,1,1,0,0,0,0,1,20,2,21,96,6.18,0.005,93,1.55,12,0,30,30.0,2.4,0.95,2.1,4,45,1.15,0.55,1.9,1.1,0.65,0.55
e9036750-a35f-4747-a7e6-09ac6e6c1187,9,5,41.87,2512,PAPER,0,15,0,30,35,25,0.129,0.0,0.157,0.714,0.346,0.0,0.241,0.414,0.513,0.0,0.133,0.354,90,1,1,0,0,0,0,16,33,24,36,71,5.89,0.007,157,2.62,11,0,30,30.0,2.4,0.95,2.1,4,45,1.15,0.55,1.9,1.1,0.65,0.55
1db6d46a-2651-44df-b5e1-79d2794780cf,14,7,15.32,919,ROCK,27,0,0,28,10,19,0.25,0.016,0.277,0.457,0.092,0.136,0.679,0.092,0.56,0.0,0.228,0.212,57,1,0,0,1,0,0,20,21,16,22,46,7.91,0.0,279,4.65,25,0,30,30.0,2.4,0.95,2.1,4,45,1.15,0.55,1.9,1.1,0.65,0.55
d7f13ed6-ea49-4111-b57b-882063af383f,19,5,14.52,871,ROCK,42,0,0,49,21,35,0.448,0.098,0.218,0.236,0.19,0.098,0.621,0.092,0.5,0.0,0.161,0.339,105,1,0,0,1,0,0,27,44,22,46,93,9.06,0.003,376,6.27,41,0,30,30.0,2.4,0.95,2.1,4,45,1.15,0.55,1.9,1.1,0.65,0.55
dc948edb-ffa0-487e-9435-2ce499b12c57,9,8,28.82,1729,PAPER,0,57,0,131,150,112,0.39,0.092,0.211,0.306,0.315,0.283,0.171,0.231,0.691,0.072,0.139,0.098,393,1,1,0,0,0,0,54,242,72,246,362,10.92,0.008,119,1.98,50,0,30,30.0,2.4,0.95,2.1,4,45,1.15,0.55,1.9,1.1,0.65,0.55
7504ec2e-9956-4548-ac66-1e25a8c2697e,13,9,47.18,2831,SCISSORS,0,0,27,73,82,91,0.272,0.0,0.261,0.466,0.29,0.078,0.208,0.424,0.675,0.042,0.041,0.242,246,1,0,1,0,0,0,78,153,96,154,209,7.86,0.009,306,5.1,21,0,30,30.0,2.4,0.95,2.1,4,45,1.15,0.55,1.9,1.1,0.65,0.55
f6b13d3b-35d3-45ee-8a23-57f054550617,15,9,21.3,1278,ROCK,39,0,0,64,38,51,0.234,0.062,0.27,0.434,0.18,0.094,0.445,0.281,0.668,0.0,0.184,0.148,153,1,0,0,1,0,0,27,66,33,62,140,11.72,0.002,263,4.38,30,0,30,30.0,2.4,0.95,2.1,4,45,1.15,0.55,1.9,1.1,0.65,0.55
d0f3adc1-9912-4dc1-87e0-8be08151dd98,19,7,16.45,987,PAPER,0,45,0,43,58,28,0.212,0.136,0.525,0.126,0.162,0.197,0.434,0.207,0.657,0.0,0.288,0.056,129,1,1,0,0,0,0,28,78,33,74,116,10.26,0.007,182,3.03,38,0,30,30.0,2.4,0.95,2.1,4,45,1.15,0.55,1.9,1.1,0.65,0.55
dc4f9c2f-094e-47cf-bfbd-06730bfb5a90,18,7,16.73,1004,ROCK,57,0,0,63,25,44,0.279,0.109,0.353,0.259,0.0,0.114,0.826,0.06,0.577,0.0,0.179,0.244,132,0,0,0,0,0,0,25,71,28,71,120,11.49,0.002,314,5.23,55,0,30,30.0,2.4,0.95,2.1,4,45,1.15,0.55,1.9,1.1,0.65,0.55
f692c629-8953-4755-b4df-cc746b90c2f0,15,6,30.58,1835,SCISSORS,0,0,54,127,145,163,0.308,0.248,0.215,0.229,0.098,0.373,0.213,0.316,0.883,0.041,0.076,0.0,435,1,0,1,0,0,0,84,255,101,252,418,13.35,0.008,200,3.33,34,0,30,30.0,2.4,0.95,2.1,4,45,1.15,0.55,1.9,1.1,0.65,0.55
40e7d9db-d232-42a0-bc48-f8478486c519,20,10,20.85,1251,ROCK,45,0,0,102,72,87,0.424,0.104,0.16,0.312,0.28,0.0,0.576,0.144,0.496,0.1,0.124,0.28,261,1,0,0,1,0,0,65,125,65,125,246,12.31,0.002,321,5.35,44,0,30,30.0,2.4,0.95,2.1,4,45,1.15,0.55,1.9,1.1,0.65,0.55
6f6320fc-852a-43fa-abed-dd5f335a7514,17,4,16.73,1004,SCISSORS,0,0,60,60,80,100,0.224,0.269,0.393,0.114,0.413,0.269,0.209,0.109,0.642,0.204,0.08,0.075,240,1,0,1,0,0,0,28,144,45,145,229,15.72,0.003,164,2.73,22,0,30,30.0,2.4,0.95,2.1,4,45,1.15,0.55,1.9,1.1,0.65,0.55
e26da5d2-bee8-4541-bda4-dbb5fd35494c,20,8,29.62,1777,SCISSORS,0,0,51,79,96,113,0.312,0.154,0.433,0.101,0.236,0.309,0.219,0.236,0.733,0.081,0.073,0.112,288,1,0,1,0,0,0,57,202,66,202,263,9.8,0.007,342,5.7,47,0,30,30.0,2.4,0.95,2.1,4,45,1.15,0.55,1.9,1.1,0.65,0.55
a529f826-38ba-46be-8957-f6342daed125,12,8,25.68,1541,SCISSORS,0,0,60,78,98,118,0.169,0.188,0.503,0.14,0.25,0.143,0.341,0.266,0.692,0.094,0.088,0.127,294,1,0,1,0,0,0,88,199,105,198,284,13.92,0.004,261,4.35,57,0,30,30.0,2.4,0.95,2.1,4,45,1.15,0.55,1.9,1.1,0.65,0.55
b7ed47b9-54e5-4b3e-8dec-948ce92be6f5,15,5,16.32,979,ROCK,36,0,0,35,11,23,0.352,0.112,0.316,0.219,0.066,0.199,0.408,0.327,0.658,0.015,0.168,0.158,69,1,0,0,1,0,0,13,32,16,34,64,10.55,0.008,129,2.15,4,0,30,30.0,2.4,0.95,2.1,4,45,1.15,0.55,1.9,1.1,0.65,0.55
a23a0944-d1bd-426e-a304-d0136c8c6e6c,19,10,22.82,1369,ROCK,45,0,0,81,51,66,0.38,0.047,0.186,0.387,0.263,0.157,0.427,0.153,0.573,0.109,0.131,0.186,198,1,0,0,1,0,0,64,125,73,125,182,10.55,0.002,309,5.15,44,0,30,30.0,2.4,0.95,2.1,4,45,1.15,0.55,1.9,1.1,0.65,0.55
bbf269f5-2682-4dff-92b1-70ca9c231189,16,5,12.42,745,SCISSORS,0,0,57,8,27,46,0.0,0.289,0.47,0.242,0.195,0.101,0.557,0.148,0.839,0.0,0.161,0.0,81,1,0,1,0,0,0,11,53,9,53,74,12.16,0.0,115,1.92,4,0,30,30.0,2.4,0.95,2.1,4,45,1.15,0.55,1.9,1.1,0.65,0.55
d52e6c51-9926-498d-acf2-9df7fcf17e11,14,7,15.75,945,ROCK,48,0,0,62,30,46,0.365,0.153,0.196,0.286,0.434,0.069,0.439,0.058,0.381,0.286,0.148,0.185,138,1,0,0,1,0,0,28,68,36,66,135,11.09,0.002,225,3.75,43,0,30,30.0,2.4,0.95,2.1,4,45,1.15,0.55,1.9,1.1,0.65,0.55
507ffe80-c348-41c8-97ed-580dbc32bdca,8,6,15.15,909,ROCK,42,0,0,44,16,30,0.335,0.121,0.324,0.22,0.17,0.088,0.659,0.082,0.467,0.0,0.236,0.297,90,0,0,0,0,0,0,5,43,9,43,79,11.33,0.0,349,5.82,40,0,30,30.0,2.4,0.95,2.1,4,45,1.15,0.55,1.9,1.1,0.65,0.55
ba233a2a-3fec-4888-925d-1c9a643f5b15,16,10,22.5,1350,SCISSORS,0,0,24,20,28,36,0.226,0.074,0.452,0.248,0.189,0.081,0.344,0.385,0.626,0.026,0.141,0.207,84,1,0,1,0,0,0,22,56,24,57,58,5.15,0.01,270,4.5,19,0,30,30.0,2.4,0.95,2.1,4,45,1.15,0.55,1.9,1.1,0.65,0.55
106dd95a-5b1a-4c1c-8850-1896320ae344,9,5,45.43,2726,ROCK,48,0,0,180,148,164,0.371,0.244,0.077,0.308,0.38,0.277,0.18,0.163,0.673,0.187,0.061,0.079,492,1,0,0,1,0,0,103,341,100,345,449,10.55,0.005,231,3.85,40,0,30,30.0,2.4,0.95,2.1,4,45,1.15,0.55,1.9,1.1,0.65,0.55
df5656d2-089f-464b-889a-25ebf5139565,6,7,39.1,2346,SCISSORS,0,0,27,56,65,74,0.194,0.081,0.252,0.473,0.228,0.047,0.194,0.531,0.757,0.077,0.062,0.104,195,1,0,1,0,0,0,47,106,62,117,167,8.51,0.003,361,6.02,25,0,30,30.0,2.4,0.95,2.1,4,45,1.15,0.55,1.9,1.1,0.65,0.55
3e424308-f8d8-4667-ae91-a9ed17ea473b,12,6,18.08,1085,PAPER,0,18,0,11,17,5,0.336,0.0,0.253,0.41,0.111,0.0,0.304,0.585,0.452,0.0,0.276,0.272,33,1,1,0,0,0,0,4,10,4,11,26,7.61,0.02,200,3.33,11,0,30,30.0,2.4,0.95,2.1,4,45,1.15,0.55,1.9,1.1,0.65,0.55
95ad1c69-7448-425f-9d6c-2b8384acbcb4,16,7,26.58,1595,SCISSORS,0,0,36,77,89,101,0.404,0.031,0.298,0.266,0.313,0.0,0.298,0.389,0.545,0.047,0.097,0.31,267,1,0,1,0,0,0,40,135,40,134,244,12.67,0.007,185,3.08,26,0,30,30.0,2.4,0.95,2.1,4,45,1.15,0.55,1.9,1.1,0.65,0.55
e7c84fea-a382-4630-9001-2cd8133177ff,11,10,11.53,692,SCISSORS,0,0,48,22,38,54,0.165,0.058,0.655,0.122,0.281,0.0,0.439,0.281,0.432,0.043,0.259,0.266,114,1,0,1,0,0,0,25,70,27,72,104,9.81,0.003,217,3.62,39,0,30,30.0,2.4,0.95,2.1,4,45,1.15,0.55,1.9,1.1,0.65,0.55
2dd7b817-9452-47f8-ac0f-de9af6b4052e,15,5,22.92,1375,ROCK,33,0,0,42,20,31,0.24,0.142,0.269,0.349,0.342,0.0,0.484,0.175,0.495,0.033,0.171,0.302,93,1,0,0,1,0,0,20,55,29,54,78,9.58,0.01,260,4.33,18,0,30,30.0,2.4,0.95,2.1,4,45,1.15,0.55,1.9,1.1,0.65,0.55
061cfd44-805f-432f-acd0-8b03d1c10fcf,20,7,45.18,2711,ROCK,45,0,0,146,116,131,0.345,0.149,0.199,0.306,0.247,0.319,0.295,0.138,0.753,0.033,0.092,0.122,393,1,0,0,1,0,0,108,284,118,290,360,10.44,0.005,251,4.18,28,0,30,30.0,2.4,0.95,2.1,4,45,1.15,0.55,1.9,1.1,0.65,0.55
19e83bd6-2bc2-424e-a5fb-dbc08cfeeb20,10,9,13.32,799,PAPER,0,60,0,52,72,32,0.263,0.106,0.569,0.062,0.2,0.219,0.456,0.125,0.475,0.113,0.388,0.025,156,1,1,0,0,0,0,30,103,35,105,150,13.56,0.007,134,2.23,44,0,30,30.0,2.4,0.95,2.1,4,45,1.15,0.55,1.9,1.1,0.65,0.55
bf91f5ca-1db9-4f07-b6f7-64bbadba61d5,18,6,16.03,962,PAPER,0,30,0,33,43,23,0.228,0.0,0.472,0.301,0.332,0.036,0.358,0.275,0.575,0.0,0.347,0.078,99,1,1,0,0,0,0,27,59,31,62,85,6.93,0.007,112,1.87,23,0,30,30.0,2.4,0.95,2.1,4,45,1.15,0.55,1.9,1.1,0.65,0.55
f13e73ee-75db-4b6b-b08f-2d955d60c777,12,4,15.78,947,SCISSORS,0,0,54,47,65,83,0.179,0.058,0.463,0.3,0.126,0.068,0.4,0.405,0.653,0.047,0.158,0.142,195,1,0,1,0,0,0,25,99,28,96,186,16.63,0.002,182,3.03,34,0,30,30.0,2.4,0.95,2.1,4,45,1.15,0.55,1.9,1.1,0.65,0.55
76828da6-06a0-420c-8ffe-62dce70cfa43,16,4,38.03,2282,ROCK,36,0,0,93,69,81,0.398,0.14,0.085,0.376,0.324,0.252,0.269,0.155,0.702,0.053,0.127,0.118,243,1,0,0,1,0,0,37,138,46,145,213,8.63,0.004,297,4.95,30,0,30,30.0,2.4,0.95,2.1,4,45,1.15,0.55,1.9,1.1,0.65,0.55
1c54f502-26b9-4997-a4ed-d70a34656af9,19,6,15.72,943,SCISSORS,0,0,48,53,69,85,0.243,0.069,0.27,0.418,0.349,0.127,0.222,0.302,0.651,0.037,0.085,0.228,207,1,0,1,0,0,0,28,103,37,106,190,13.84,0.007,83,1.38,11,0,30,30.0,2.4,0.95,2.1,4,45,1.15,0.55,1.9,1.1,0.65,0.55
ccf2e313-4ff8-4ee6-bb74-8f0ef2b07fa6,8,10,15.4,924,ROCK,57,0,0,81,43,62,0.438,0.173,0.146,0.243,0.373,0.038,0.503,0.086,0.427,0.184,0.092,0.297,186,1,0,0,1,0,0,50,112,47,108,173,11.82,0.002,299,4.98,56,0,30,30.0,2.4,0.95,2.1,4,45,1.15,0.55,1.9,1.1,0.65,0.55
0fb97803-9dc1-4be2-a992-88645e373de8,7,7,24.07,1444,PAPER,0,24,0,50,58,42,0.412,0.017,0.125,0.446,0.505,0.0,0.138,0.356,0.374,0.0,0.173,0.453,150,1,1,0,0,0,0,36,71,42,68,115,6.57,0.008,179,2.98,20,0,30,30.0,2.4,0.95,2.1,4,45,1.15,0.55,1.9,1.1,0.65,0.55
4ca8b21f-3147-4c83-b0da-13e153bcfffc,13,7,18.03,1082,PAPER,0,21,0,25,32,18,0.198,0.074,0.198,0.53,0.341,0.0,0.253,0.406,0.447,0.0,0.212,0.341,75,0,0,0,0,0,0,12,26,17,26,60,6.93,0.01,142,2.37,16,0,30,30.0,2.4,0.95,2.1,4,45,1.15,0.55,1.9,1.1,0.65,0.55
765d468f-3450-4587-b719-366097da0eb4,19,5,18.62,1117,PAPER,0,39,0,43,56,30,0.085,0.348,0.179,0.388,0.692,0.085,0.116,0.107,0.625,0.0,0.366,0.009,129,0,0,0,0,0,0,17,68,24,65,109,9.12,0.007,267,4.45,37,0,30,30.0,2.4,0.95,2.1,4,45,1.15,0.55,1.9,1.1,0.65,0.55
0857b7ba-9551-4caa-a690-28bdf27a3360,6,6,38.13,2288,ROCK,57,0,0,219,181,200,0.546,0.092,0.098,0.264,0.328,0.264,0.188,0.221,0.509,0.129,0.068,0.295,600,1,0,0,1,0,0,91,333,109,334,563,14.71,0.006,263,4.38,36,0,30,30.0,2.4,0.95,2.1,4,45,1.15,0.55,1.9,1.1,0.65,0.55
79b3cb73-28c5-44a9-97ce-b54c1b74a72a,18,7,27.67,1660,ROCK,18,0,0,42,30,36,0.325,0.0,0.096,0.578,0.142,0.0,0.319,0.539,0.596,0.0,0.087,0.316,108,1,0,0,1,0,0,31,51,41,51,75,5.39,0.005,265,4.42,14,0,30,30.0,2.4,0.95,2.1,4,45,1.15,0.55,1.9,1.1,0.65,0.55
db3d7631-3bef-4e1b-8066-25a1d7f791ed,17,7,22.48,1349,SCISSORS,0,0,54,77,95,113,0.289,0.3,0.3,0.111,0.289,0.185,0.219,0.307,0.711,0.07,0.067,0.152,285,1,0,1,0,0,0,66,178,74,179,263,10.94,0.006,224,3.73,47,0,30,30.0,2.4,0.95,2.1,4,45,1.15,0.55,1.9,1.1,0.65,0.55
c50a17c0-0560-4a34-9946-2ec7fc7c379b,18,7,19.47,1168,SCISSORS,0,0,51,54,71,88,0.222,0.286,0.329,0.162,0.41,0.115,0.188,0.286,0.679,0.017,0.043,0.261,213,1,0,1,0,0,0,52,134,66,135,202,14.43,0.006,173,2.88,26,0,30,30.0,2.4,0.95,2.1,4,45,1.15,0.55,1.9,1.1,0.65,0.55
a511c312-f283-4cb1-a684-09852d8d1f84,15,8,41.53,2492,ROCK,54,0,0,147,111,129,0.493,0.226,0.092,0.188,0.176,0.261,0.393,0.17,0.559,0.06,0.052,0.329,387,1,0,0,1,0,0,93,255,102,253,369,13.22,0.005,757,12.62,45,0,30,30.0,2.4,0.95,2.1,4,45,1.15,0.55,1.9,1.1,0.65,0.55
99a8eb78-493a-4f3a-979f-5b127780f9d1,9,7,23.58,1415,ROCK,45,0,0,88,58,73,0.35,0.113,0.152,0.385,0.29,0.078,0.389,0.244,0.615,0.099,0.131,0.155,219,0,0,0,0,0,0,54,113,60,116,205,11.0,0.005,255,4.25,41,0,30,30.0,2.4,0.95,2.1,4,45,1.15,0.55,1.9,1.1,0.65,0.55
697acc5a-8468-4fb3-8ab9-186791d5dcd1,5,4,12.03,722,SCISSORS,0,0,27,7,16,25,0.159,0.0,0.538,0.303,0.4,0.0,0.448,0.152,0.628,0.028,0.117,0.228,48,1,0,1,0,0,0,5,21,9,20,36,5.81,0.004,152,2.53,16,0,30,30.0,2.4,0.95,2.1,4,45,1.15,0.55,1.9,1.1,0.65,0.55
46535a46-f540-446a-9b16-fea633332914,11,10,23.18,1391,SCISSORS,0,0,15,12,17,22,0.151,0.0,0.263,0.586,0.104,0.0,0.248,0.647,0.759,0.0,0.094,0.147,51,1,0,1,0,0,0,35,39,37,37,33,4.9,0.013,176,2.93,2,0,30,30.0,2.4,0.95,2.1,4,45,1.15,0.55,1.9,1.1,0.65,0.55
8f934238-5759-4b91-8bcc-52b96536cd4a,9,5,22.65,1359,SCISSORS,0,0,33,31,42,53,0.224,0.015,0.57,0.191,0.232,0.07,0.335,0.364,0.739,0.029,0.118,0.114,126,1,0,1,0,0,0,23,55,28,54,112,7.67,0.004,389,6.48,32,0,30,30.0,2.4,0.95,2.1,4,45,1.15,0.55,1.9,1.1,0.65,0.55
f2ccda8c-5870-4983-9796-d04f3e4b6fa6,12,4,12.62,757,ROCK,27,0,0,27,9,18,0.27,0.0,0.178,0.553,0.0,0.132,0.586,0.283,0.684,0.0,0.158,0.158,54,1,0,0,1,0,0,11,28,5,29,44,7.76,0.009,157,2.62,9,0,30,30.0,2.4,0.95,2.1,4,45,1.15,0.55,1.9,1.1,0.65,0.55
44e49480-e312-4d19-ae31-bea83f5f7489,7,5,17.28,1037,PAPER,0,36,0,35,47,23,0.12,0.183,0.284,0.413,0.524,0.062,0.221,0.192,0.639,0.014,0.317,0.029,105,1,1,0,0,0,0,20,35,27,36,94,8.29,0.005,217,3.62,34,0,30,30.0,2.4,0.95,2.1,4,45,1.15,0.55,1.9,1.1,0.65,0.55
a13eaf5e-44f0-42f6-b3a0-04f147ef3755,11,6,29.53,1772,ROCK,21,0,0,39,25,32,0.268,0.0,0.096,0.637,0.163,0.0,0.296,0.541,0.687,0.0,0.09,0.223,96,1,0,0,1,0,0,21,47,27,51,70,6.03,0.006,302,5.03,19,0,30,30.0,2.4,0.95,2.1,4,45,1.15,0.55,1.9,1.1,0.65,0.55
6b9b737e-85bb-4cc1-b348-b6e1c7aab4b5,11,6,14.28,857,PAPER,0,33,0,34,45,23,0.262,0.058,0.267,0.413,0.517,0.023,0.203,0.256,0.535,0.0,0.244,0.221,102,1,1,0,0,0,0,20,49,20,49,92,10.17,0.009,97,1.62,6,0,30,30.0,2.4,0.95,2.1,4,45,1.15,0.55,1.9,1.1,0.65,0.55
6effa9d9-9e13-4197-b6ef-fb5e894629cd,20,9,14.48,869,ROCK,33,0,0,43,21,32,0.339,0.057,0.293,0.31,0.351,0.046,0.552,0.052,0.333,0.063,0.23,0.374,96,1,0,0,1,0,0,26,51,27,48,85,7.94,0.003,244,4.07,27,0,30,30.0,2.4,0.95,2.1,4,45,1.15,0.55,1.9,1.1,0.65,0.55
1038074c-4dae-4de7-97d5-a55e27864a92,14,4,14.08,845,PAPER,0,60,0,52,72,32,0.284,0.148,0.473,0.095,0.178,0.361,0.462,0.0,0.598,0.083,0.296,0.024,156,1,1,0,0,0,0,14,107,26,110,148,11.52,0.006,145,2.42,29,0,30,30.0,2.4,0.95,2.1,4,45,1.15,0.55,1.9,1.1,0.65,0.55
12edbb2b-457f-4e34-93aa-e8eb16d4fd89,13,4,12.95,777,SCISSORS,0,0,42,21,35,49,0.231,0.064,0.571,0.135,0.295,0.135,0.423,0.147,0.462,0.096,0.218,0.224,105,1,0,1,0,0,0,4,59,6,59,95,10.3,0.006,212,3.53,27,0,30,30.0,2.4,0.95,2.1,4,45,1.15,0.55,1.9,1.1,0.65,0.55
e9e88480-b64b-4e71-a7e7-54379ed8d0f4,13,9,27.62,1657,SCISSORS,0,0,39,63,76,89,0.377,0.045,0.271,0.307,0.28,0.232,0.244,0.244,0.669,0.087,0.114,0.13,228,1,0,1,0,0,0,45,198,63,194,193,9.32,0.007,112,1.87,7,0,30,30.0,2.4,0.95,2.1,4,45,1.15,0.55,1.9,1.1,0.65,0.55
fd53f896-de71-4e60-8874-7a09709e5013,13,7,14.35,861,ROCK,39,0,0,41,15,28,0.331,0.029,0.459,0.18,0.0,0.023,0.669,0.308,0.628,0.041,0.285,0.047,84,1,0,0,1,0,0,17,48,19,54,71,9.35,0.014,131,2.18,8,0,30,30.0,2.4,0.95,2.1,4,45,1.15,0.55,1.9,1.1,0.65,0.55
415a2165-ac34-47e7-9486-f40fe35e8455,9,10,28.32,1699,ROCK,39,0,0,72,46,59,0.332,0.109,0.15,0.409,0.218,0.144,0.297,0.341,0.738,0.056,0.103,0.103,177,1,0,0,1,0,0,35,124,39,122,154,10.03,0.007,249,4.15,18,0,30,30.0,2.4,0.95,2.1,4,45,1.15,0.55,1.9,1.1,0.65,0.55
0380bad0-9e07-40f9-a543-2cbb68dd5e00,6,10,11.95,717,ROCK,27,0,0,27,9,18,0.257,0.0,0.326,0.417,0.146,0.0,0.549,0.306,0.562,0.0,0.271,0.167,54,1,0,0,1,0,0,18,21,15,25,44,7.83,0.003,162,2.7,17,0,30,30.0,2.4,0.95,2.1,4,45,1.15,0.55,1.9,1.1,0.65,0.55
ab7b6f66-f4ef-49cb-b64b-6a34bcb2a5a4,16,9,31.75,1905,ROCK,18,0,0,25,13,19,0.26,0.0,0.223,0.517,0.257,0.01,0.391,0.341,0.462,0.0,0.108,0.43,57,1,0,0,1,0,0,14,22,14,22,31,4.77,0.0,385,6.42,16,0,30,30.0,2.4,0.95,2.1,4,45,1.15,0.55,1.9,1.1,0.65,0.55
5fea02c4-0009-49fe-8e0b-d760bc77a320,14,10,39.78,2387,ROCK,48,0,0,65,33,49,0.669,0.059,0.136,0.136,0.151,0.052,0.766,0.031,0.308,0.023,0.079,0.59,147,1,0,0,1,0,0,29,83,32,80,139,12.29,0.002,1472,24.53,29,0,30,30.0,2.4,0.95,2.1,4,45,1.15,0.55,1.9,1.1,0.65,0.55
d55cb399-07e9-4ea6-9daa-afb381a7655b,11,5,10.33,620,SCISSORS,0,0,42,4,18,32,0.0,0.177,0.766,0.056,0.234,0.0,0.629,0.137,0.685,0.0,0.315,0.0,54,1,0,1,0,0,0,8,28,7,27,49,11.02,0.001,180,3.0,22,0,30,30.0,2.4,0.95,2.1,4,45,1.15,0.55,1.9,1.1,0.65,0.55
3d4ba1f5-00a1-4a53-80e2-973922fe0191,20,9,46.43,2786,SCISSORS,0,0,33,96,107,118,0.271,0.05,0.285,0.393,0.266,0.084,0.189,0.461,0.664,0.02,0.057,0.259,321,1,0,1,0,0,0,111,213,123,213,266,9.12,0.009,396,6.6,32,0,30,30.0,2.4,0.95,2.1,4,45,1.15,0.55,1.9,1.1,0.65,0.55
cd88023e-a065-4ccf-8a47-cf5d65898e74,13,4,21.13,1268,SCISSORS,0,0,60,67,87,107,0.236,0.28,0.472,0.012,0.252,0.339,0.26,0.15,0.795,0.039,0.094,0.071,261,1,0,1,0,0,0,29,146,31,146,253,14.17,0.003,258,4.3,59,0,30,30.0,2.4,0.95,2.1,4,45,1.15,0.55,1.9,1.1,0.65,0.55
aff471e4-07db-4b05-b99b-ce1caa4dfbf8,14,5,11.27,676,SCISSORS,0,0,39,11,24,37,0.089,0.074,0.57,0.267,0.415,0.0,0.452,0.133,0.526,0.0,0.207,0.267,72,1,0,1,0,0,0,12,40,14,40,64,11.04,0.002,161,2.68,14,0,30,30.0,2.4,0.95,2.1,4,45,1.15,0.55,1.9,1.1,0.65,0.55
78cc881a-ad1f-4e62-aef2-186ce1aaba4d,9,4,22.72,1363,SCISSORS,0,0,42,45,59,73,0.256,0.304,0.421,0.018,0.33,0.194,0.26,0.216,0.678,0.099,0.103,0.121,177,1,0,1,0,0,0,26,77,32,78,168,11.15,0.01,253,4.22,36,0,30,30.0,2.4,0.95,2.1,4,45,1.15,0.55,1.9,1.1,0.65,0.55
2f81c6a1-4501-4943-89fb-49aff75c0bfa,11,8,13.77,826,SCISSORS,0,0,27,8,17,26,0.158,0.018,0.636,0.188,0.327,0.03,0.576,0.067,0.424,0.036,0.285,0.255,51,1,0,1,0,0,0,7,20,8,20,41,9.18,0.002,156,2.6,7,0,30,30.0,2.4,0.95,2.1,4,45,1.15,0.55,1.9,1.1,0.65,0.55
7d5ea346-d650-4290-9d1e-9b0b00c7b213,9,4,34.23,2054,ROCK,33,0,0,75,53,64,0.336,0.051,0.324,0.29,0.36,0.061,0.436,0.144,0.516,0.017,0.139,0.328,192,1,0,0,1,0,0,26,86,27,87,169,9.69,0.004,309,5.15,27,0,30,30.0,2.4,0.95,2.1,4,45,1.15,0.55,1.9,1.1,0.65,0.55
26e4b780-ad48-4652-be01-eceb8308dda1,20,8,38.43,2306,SCISSORS,0,0,27,52,61,70,0.343,0.0,0.302,0.356,0.341,0.163,0.21,0.286,0.733,0.02,0.1,0.148,183,1,0,1,0,0,0,38,132,66,137,148,6.51,0.007,161,2.68,12,0,30,30.0,2.4,0.95,2.1,4,45,1.15,0.55,1.9,1.1,0.65,0.55
2f05d823-c507-450f-bab2-a08bb7526c13,20,9,34.73,2084,ROCK,60,0,0,188,148,168,0.376,0.266,0.161,0.197,0.249,0.245,0.341,0.165,0.775,0.067,0.079,0.079,504,1,0,0,1,0,0,138,406,152,403,474,13.56,0.005,239,3.98,41,0,30,30.0,2.4,0.95,2.1,4,45,1.15,0.55,1.9,1.1,0.65,0.55
edfe3fc2-c7f8-4e72-94a4-c9e13f2eb555,19,5,22.4,1344,ROCK,60,0,0,116,76,96,0.357,0.164,0.379,0.1,0.193,0.268,0.457,0.082,0.699,0.093,0.126,0.082,288,1,0,0,1,0,0,44,216,47,216,270,12.26,0.003,179,2.98,26,0,30,30.0,2.4,0.95,2.1,4,45,1.15,0.55,1.9,1.1,0.65,0.55
ea47a9f8-ee1f-471f-8995-2f1a9502511b,15,9,22.43,1346,ROCK,57,0,0,96,58,77,0.301,0.305,0.338,0.056,0.39,0.16,0.431,0.019,0.58,0.119,0.134,0.167,231,1,0,0,1,0,0,48,177,52,178,217,11.39,0.002,291,4.85,50,0,30,30.0,2.4,0.95,2.1,4,45,1.15,0.55,1.9,1.1,0.65,0.55
2b2c2e67-e775-446b-b6a2-09b450b2c5c7,20,10,13.87,832,ROCK,45,0,0,49,19,34,0.323,0.072,0.311,0.293,0.12,0.156,0.461,0.263,0.581,0.066,0.228,0.126,102,1,0,0,1,0,0,25,87,29,85,87,9.99,0.009,182,3.03,11,0,30,30.0,2.4,0.95,2.1,4,45,1.15,0.55,1.9,1.1,0.65,0.55
e50390a7-6de4-491d-a5d9-e63bb67fd298,13,8,24.17,1450,ROCK,60,0,0,142,102,122,0.428,0.086,0.138,0.348,0.241,0.11,0.279,0.369,0.779,0.0,0.103,0.117,366,1,0,0,1,0,0,56,230,67,233,351,14.02,0.006,210,3.5,42,0,30,30.0,2.4,0.95,2.1,4,45,1.15,0.55,1.9,1.1,0.65,0.55
d59605ba-f79c-4c4e-aece-514cc12daa3d,20,8,29.03,1742,ROCK,39,0,0,83,57,70,0.335,0.152,0.109,0.404,0.493,0.083,0.287,0.138,0.582,0.04,0.086,0.292,210,1,0,0,1,0,0,54,107,58,108,181,9.33,0.003,292,4.87,38,0,30,30.0,2.4,0.95,2.1,4,45,1.15,0.55,1.9,1.1,0.65,0.55
31d54900-8cd8-4b2e-aead-cb0b40e6e548,13,10,33.22,1993,SCISSORS,0,0,60,172,192,212,0.338,0.201,0.195,0.266,0.266,0.396,0.11,0.228,0.699,0.073,0.068,0.16,576,1,0,1,0,0,0,162,374,165,373,537,14.73,0.005,203,3.38,33,0,30,30.0,2.4,0.95,2.1,4,45,1.15,0.55,1.9,1.1,0.65,0.55
bde79571-ce14-401d-944a-46415acb8598,11,5,41.87,2512,SCISSORS,0,0,39,91,104,117,0.33,0.187,0.229,0.254,0.278,0.083,0.304,0.334,0.751,0.101,0.076,0.072,312,1,0,1,0,0,0,51,158,55,160,290,10.57,0.007,222,3.7,19,0,30,30.0,2.4,0.95,2.1,4,45,1.15,0.55,1.9,1.1,0.65,0.55
eecf09a6-af5a-4d56-8dd7-2b95aeff1d49,8,8,75.32,4519,SCISSORS,0,0,33,172,183,194,0.25,0.08,0.107,0.563,0.329,0.107,0.091,0.473,0.79,0.061,0.029,0.121,549,0,0,0,0,0,0,148,307,156,312,489,10.13,0.007,279,4.65,32,0,30,30.0,2.4,0.95,2.1,4,45,1.15,0.55,1.9,1.1,0.65,0.55
7fe1cdcd-357c-4ca2-994e-7d38646b32f4,7,10,15.38,923,SCISSORS,0,0,24,18,26,34,0.13,0.0,0.438,0.432,0.319,0.0,0.238,0.443,0.697,0.0,0.119,0.184,78,1,0,1,0,0,0,27,45,28,46,64,7.88,0.001,233,3.88,18,0,30,30.0,2.4,0.95,2.1,4,45,1.15,0.55,1.9,1.1,0.65,0.55
39d79a02-55e7-43a3-9b3d-39bd1abee4bd,15,8,12.17,730,SCISSORS,0,0,21,5,12,19,0.048,0.0,0.808,0.144,0.192,0.0,0.452,0.356,0.623,0.0,0.199,0.178,36,1,0,1,0,0,0,12,18,16,18,30,7.69,0.007,350,5.83,15,0,30,30.0,2.4,0.95,2.1,4,45,1.15,0.55,1.9,1.1,0.65,0.55
987a36c5-2b1e-41bf-942a-f040cd46b5e6,7,7,14.2,852,ROCK,45,0,0,50,20,35,0.351,0.216,0.269,0.164,0.146,0.094,0.702,0.058,0.462,0.0,0.228,0.31,105,1,0,0,1,0,0,25,59,33,60,93,9.71,0.0,342,5.7,41,0,30,30.0,2.4,0.95,2.1,4,45,1.15,0.55,1.9,1.1,0.65,0.55
6c7c005d-c9dc-493f-8755-b303d5d73b6f,18,7,58.03,3482,SCISSORS,0,0,21,63,70,77,0.264,0.039,0.248,0.449,0.254,0.017,0.169,0.56,0.641,0.0,0.046,0.313,210,1,0,1,0,0,0,61,82,54,82,167,7.43,0.008,652,10.87,20,0,30,30.0,2.4,0.95,2.1,4,45,1.15,0.55,1.9,1.1,0.65,0.55
31dad316-92bc-4b0a-b5f0-a9d48c53cb99,14,9,14.93,896,ROCK,54,0,0,64,28,46,0.324,0.123,0.268,0.285,0.229,0.034,0.631,0.106,0.553,0.0,0.162,0.285,138,1,0,0,1,0,0,37,75,38,74,131,9.95,0.0,306,5.1,51,0,30,30.0,2.4,0.95,2.1,4,45,1.15,0.55,1.9,1.1,0.65,0.55
276dac69-7cf6-44ad-8dc8-1979501d4985,19,6,17.75,1065,SCISSORS,0,0,42,52,66,80,0.329,0.085,0.371,0.216,0.376,0.0,0.221,0.404,0.507,0.146,0.108,0.239,198,1,0,1,0,0,0,65,111,62,109,186,11.13,0.004,230,3.83,35,0,30,30.0,2.4,0.95,2.1,4,45,1.15,0.55,1.9,1.1,0.65,0.55
8e9340be-cc98-4afa-93e4-d5a277337453,14,4,20.37,1222,SCISSORS,0,0,57,57,76,95,0.265,0.404,0.233,0.098,0.249,0.416,0.306,0.029,0.661,0.11,0.106,0.122,228,1,0,1,0,0,0,20,151,28,154,208,10.9,0.004,117,1.95,9,0,30,30.0,2.4,0.95,2.1,4,45,1.15,0.55,1.9,1.1,0.65,0.55
a47b5139-0fa8-437f-ba88-434ac17cccfe,15,5,27.3,1638,ROCK,42,0,0,90,62,76,0.284,0.143,0.259,0.314,0.29,0.064,0.439,0.207,0.613,0.082,0.137,0.168,228,1,0,0,1,0,0,47,136,57,138,206,10.75,0.005,278,4.63,31,0,30,30.0,2.4,0.95,2.1,4,45,1.15,0.55,1.9,1.1,0.65,0.55
3532d2d0-512d-4c0c-b1de-37a8b21b90a1,10,7,53.45,3207,SCISSORS,0,0,45,157,172,187,0.266,0.209,0.15,0.375,0.092,0.379,0.209,0.321,0.913,0.009,0.025,0.053,516,1,0,1,0,0,0,152,378,164,378,464,11.29,0.005,142,2.37,17,0,30,30.0,2.4,0.95,2.1,4,45,1.15,0.55,1.9,1.1,0.65,0.55
a48e4c8a-8808-4217-8c1a-46d901b02cf4,8,6,9.1,546,SCISSORS,0,0,30,11,21,31,0.128,0.028,0.376,0.468,0.422,0.0,0.505,0.073,0.872,0.0,0.128,0.0,63,1,0,1,0,0,0,3,36,2,34,60,8.97,0.002,71,1.18,13,0,30,30.0,2.4,0.95,2.1,4,45,1.15,0.55,1.9,1.1,0.65,0.55
d2e0c909-3d79-44b6-ba62-2e02ef401ade,14,10,10.53,632,SCISSORS,0,0,24,12,20,28,0.0,0.016,0.583,0.402,0.386,0.024,0.386,0.205,0.449,0.0,0.197,0.354,60,1,0,1,0,0,0,16,38,17,38,45,7.63,0.002,102,1.7,8,0,30,30.0,2.4,0.95,2.1,4,45,1.15,0.55,1.9,1.1,0.65,0.55
d1e0b7c0-a83f-44bc-89a4-ec6b3050f4ed,7,9,29.62,1777,SCISSORS,0,0,42,83,97,111,0.287,0.152,0.242,0.32,0.376,0.048,0.219,0.357,0.626,0.087,0.056,0.23,291,1,0,1,0,0,0,92,179,97,177,258,11.33,0.005,192,3.2,35,0,30,30.0,2.4,0.95,2.1,4,45,1.15,0.55,1.9,1.1,0.65,0.55
f4db82b6-b05c-4e7c-8b5b-f9b7e8a00d94,7,10,34.77,2086,ROCK,21,0,0,50,36,43,0.42,0.041,0.11,0.429,0.362,0.041,0.237,0.36,0.468,0.0,0.089,0.444,129,1,0,0,1,0,0,23,53,29,50,97,6.19,0.009,101,1.68,10,0,30,30.0,2.4,0.95,2.1,4,45,1.15,0.55,1.9,1.1,0.65,0.55
f8d60527-652e-445f-ad16-dae022f17ff6,20,6,18.37,1102,ROCK,21,0,0,21,7,14,0.145,0.0,0.357,0.498,0.127,0.0,0.724,0.149,0.733,0.0,0.154,0.113,42,1,0,0,1,0,0,10,24,14,22,33,6.83,0.0,177,2.95,13,0,30,30.0,2.4,0.95,2.1,4,45,1.15,0.55,1.9,1.1,0.65,0.55
2d132965-68a0-4291-b18b-f89deee298e3,20,5,14.65,879,PAPER,0,60,0,62,82,42,0.256,0.148,0.25,0.347,0.375,0.159,0.188,0.278,0.67,0.051,0.25,0.028,186,1,1,0,0,0,0,27,107,38,109,177,12.92,0.009,129,2.15,40,0,30,30.0,2.4,0.95,2.1,4,45,1.15,0.55,1.9,1.1,0.65,0.55
88e6de59-354c-4ea5-a4eb-a77ac97807ba,12,5,18.88,1133,ROCK,60,0,0,133,93,113,0.3,0.088,0.203,0.41,0.198,0.106,0.427,0.269,0.652,0.035,0.141,0.172,339,1,0,0,1,0,0,25,137,34,141,323,20.04,0.001,253,4.22,47,0,30,30.0,2.4,0.95,2.1,4,45,1.15,0.55,1.9,1.1,0.65,0.55
a8ca7e84-ca83-4cf7-9bb1-ff5c216c9f2c,20,8,47.58,2855,SCISSORS,0,0,36,78,90,102,0.285,0.144,0.254,0.317,0.476,0.268,0.112,0.144,0.639,0.053,0.044,0.264,270,1,0,1,0,0,0,65,176,75,178,241,8.36,0.009,270,4.5,30,0,30,30.0,2.4,0.95,2.1,4,45,1.15,0.55,1.9,1.1,0.65,0.55
7e744e09-e535-40f6-86f3-a089d8fc2e4d,17,9,9.37,562,SCISSORS,0,0,60,22,42,62,0.212,0.044,0.735,0.009,0.248,0.0,0.416,0.336,0.575,0.248,0.177,0.0,126,1,0,1,0,0,0,14,75,15,74,123,11.11,0.003,227,3.78,48,0,30,30.0,2.4,0.95,2.1,4,45,1.15,0.55,1.9,1.1,0.65,0.55
2f5a7310-0e69-426c-815c-ec1afac9630f,5,8,27.17,1630,SCISSORS,0,0,51,73,90,107,0.279,0.215,0.396,0.11,0.301,0.175,0.193,0.331,0.696,0.083,0.08,0.141,270,1,0,1,0,0,0,82,182,74,179,248,11.27,0.003,340,5.67,50,0,30,30.0,2.4,0.95,2.1,4,45,1.15,0.55,1.9,1.1,0.65,0.55
c7ab7c4d-0325-4755-a0db-739d752e2837,12,8,14.45,867,SCISSORS,0,0,15,7,12,17,0.19,0.0,0.718,0.092,0.167,0.0,0.339,0.494,0.517,0.0,0.184,0.299,36,1,0,1,0,0,0,11,6,12,6,20,4.11,0.013,282,4.7,14,0,30,30.0,2.4,0.95,2.1,4,45,1.15,0.55,1.9,1.1,0.65,0.55
89b849e9-6455-4995-a821-a425209694c8,9,8,25.23,1514,PAPER,0,36,0,69,81,57,0.33,0.069,0.211,0.389,0.426,0.0,0.201,0.373,0.67,0.076,0.205,0.05,207,1,1,0,0,0,0,68,112,74,114,185,9.24,0.008,179,2.98,28,0,30,30.0,2.4,0.95,2.1,4,45,1.15,0.55,1.9,1.1,0.65,0.55
83b6f164-4236-4009-9586-0e9c36d1ad2e,20,9,9.83,590,SCISSORS,0,0,27,5,14,23,0.102,0.025,0.703,0.169,0.195,0.0,0.661,0.144,0.576,0.102,0.322,0.0,42,1,0,1,0,0,0,17,32,19,32,34,7.17,0.0,195,3.25,10,0,30,30.0,2.4,0.95,2.1,4,45,1.15,0.55,1.9,1.1,0.65,0.55
bf8dae80-735f-4825-8076-54da923cf89e,15,7,15.57,934,ROCK,60,0,0,76,36,56,0.401,0.059,0.283,0.257,0.209,0.043,0.594,0.155,0.529,0.0,0.203,0.267,168,1,0,0,1,0,0,22,93,32,100,161,12.68,0.001,314,5.23,38,0,30,30.0,2.4,0.95,2.1,4,45,1.15,0.55,1.9,1.1,0.65,0.55
24075c2c-3f16-4992-bdc2-d3bb1159322b,10,10,19.12,1147,SCISSORS,0,0,45,46,61,76,0.196,0.043,0.465,0.296,0.283,0.091,0.339,0.287,0.609,0.1,0.143,0.148,183,0,0,0,0,0,0,26,110,28,109,160,11.25,0.003,262,4.37,34,0,30,30.0,2.4,0.95,2.1,4,45,1.15,0.55,1.9,1.1,0.65,0.55
b42b47e3-8760-4a57-bad6-e2fa4fa65cb0,11,4,31.82,1909,SCISSORS,0,0,30,57,67,77,0.233,0.058,0.34,0.369,0.191,0.11,0.215,0.484,0.743,0.021,0.063,0.173,201,1,0,1,0,0,0,35,71,46,73,172,9.0,0.007,479,7.98,29,0,30,30.0,2.4,0.95,2.1,4,45,1.15,0.55,1.9,1.1,0.65,0.55
9c58f4ac-a034-415a-b08f-3c4f88ae3ada,17,8,10.37,622,SCISSORS,0,0,33,8,19,30,0.0,0.04,0.832,0.128,0.28,0.0,0.52,0.2,0.528,0.0,0.248,0.224,57,1,0,1,0,0,0,6,26,5,26,50,8.82,0.003,192,3.2,19,0,30,30.0,2.4,0.95,2.1,4,45,1.15,0.55,1.9,1.1,0.65,0.55
9dd38b8b-2858-4cf7-a727-a35c55d906c6,9,5,37.53,2252,SCISSORS,0,0,51,141,158,175,0.326,0.095,0.259,0.319,0.275,0.155,0.231,0.339,0.696,0.082,0.062,0.16,474,1,0,1,0,0,0,55,239,69,238,443,12.98,0.005,262,4.37,41,0,30,30.0,2.4,0.95,2.1,4,45,1.15,0.55,1.9,1.1,0.65,0.55
aa9e0229-0ad2-45f1-bd61-772729308bd8,16,10,11.02,661,SCISSORS,0,0,27,7,16,25,0.152,0.0,0.629,0.22,0.235,0.144,0.53,0.091,0.795,0.0,0.205,0.0,48,1,0,1,0,0,0,10,30,12,30,44,7.1,0.0,106,1.77,17,0,30,30.0,2.4,0.95,2.1,4,45,1.15,0.55,1.9,1.1,0.65,0.55
aa7098a6-40b7-45cb-80ac-de2fe7897a8d,5,4,18.68,1121,PAPER,0,48,0,61,77,45,0.241,0.219,0.183,0.357,0.5,0.076,0.183,0.241,0.732,0.054,0.205,0.009,183,0,0,0,0,0,0,15,92,24,91,164,11.93,0.006,176,2.93,45,0,30,30.0,2.4,0.95,2.1,4,45,1.15,0.55,1.9,1.1,0.65,0.55
0c5a9221-139a-427c-b5d5-be82f39ed1cf,17,6,16.57,994,SCISSORS,0,0,15,5,10,15,0.05,0.0,0.442,0.508,0.307,0.0,0.472,0.221,0.437,0.0,0.171,0.392,30,1,0,1,0,0,0,13,16,11,16,15,4.23,0.0,249,4.15,9,0,30,30.0,2.4,0.95,2.1,4,45,1.15,0.55,1.9,1.1,0.65,0.55
2ea7bb6c-af17-419b-a599-64bc9f1407da,16,8,14.85,891,ROCK,51,0,0,68,34,51,0.376,0.022,0.433,0.169,0.275,0.067,0.646,0.011,0.399,0.135,0.242,0.225,153,1,0,0,1,0,0,25,84,27,86,141,12.85,0.003,286,4.77,45,0,30,30.0,2.4,0.95,2.1,4,45,1.15,0.55,1.9,1.1,0.65,0.55
f683d05e-94a9-445e-b228-48e913dd2dee,14,9,17.93,1076,ROCK,48,0,0,52,20,36,0.6,0.028,0.223,0.149,0.121,0.014,0.809,0.056,0.247,0.0,0.186,0.567,108,1,0,0,1,0,0,32,54,32,55,99,10.6,0.0,696,11.6,46,0,30,30.0,2.4,0.95,2.1,4,45,1.15,0.55,1.9,1.1,0.65,0.55
295e185a-0673-420b-8e15-ddd6e19c7a5d,10,7,85.7,5142,ROCK,42,0,0,289,261,275,0.378,0.126,0.143,0.353,0.34,0.206,0.178,0.276,0.669,0.099,0.051,0.182,825,1,0,0,1,0,0,133,482,171,475,754,11.31,0.009,307,5.12,36,0,30,30.0,2.4,0.95,2.1,4,45,1.15,0.55,1.9,1.1,0.65,0.55
17bb7ded-5232-4002-8563-ff61ee5b407d,8,9,24.98,1499,ROCK,30,0,0,49,29,39,0.25,0.093,0.307,0.35,0.29,0.153,0.433,0.123,0.633,0.037,0.207,0.123,117,1,0,0,1,0,0,32,86,34,85,97,6.74,0.007,284,4.73,22,0,30,30.0,2.4,0.95,2.1,4,45,1.15,0.55,1.9,1.1,0.65,0.55
438d724e-ded9-471f-bbe1-608ec919269d,13,7,17.67,1060,SCISSORS,0,0,24,8,16,24,0.09,0.038,0.816,0.057,0.264,0.0,0.59,0.146,0.434,0.0,0.278,0.288,48,1,0,1,0,0,0,17,21,24,23,41,7.04,0.008,230,3.83,21,0,30,30.0,2.4,0.95,2.1,4,45,1.15,0.55,1.9,1.1,0.65,0.55
6c9f6a32-3a02-4435-82c4-caa73c4f55a0,18,7,21.47,1288,SCISSORS,0,0,39,32,45,58,0.271,0.151,0.527,0.05,0.167,0.178,0.376,0.279,0.744,0.116,0.14,0.0,135,0,0,0,0,0,0,32,106,41,110,127,9.31,0.006,223,3.72,23,0,30,30.0,2.4,0.95,2.1,4,45,1.15,0.55,1.9,1.1,0.65,0.55
d48783c9-a28b-4694-bba0-fa74fe8a097d,5,5,15.07,904,ROCK,54,0,0,61,25,43,0.448,0.188,0.238,0.127,0.0,0.249,0.746,0.006,0.392,0.0,0.199,0.409,129,1,0,0,1,0,0,14,68,15,65,120,10.08,0.0,429,7.15,52,0,30,30.0,2.4,0.95,2.1,4,45,1.15,0.55,1.9,1.1,0.65,0.55
63bdfe15-6806-4fa0-9c47-59b3063fa158,13,9,21.72,1303,SCISSORS,0,0,15,11,16,21,0.061,0.0,0.621,0.318,0.077,0.0,0.341,0.582,0.732,0.0,0.169,0.1,48,1,0,1,0,0,0,8,21,12,21,35,5.58,0.003,578,9.63,14,0,30,30.0,2.4,0.95,2.1,4,45,1.15,0.55,1.9,1.1,0.65,0.55
d08a4395-8b99-4e43-ad51-8cee067862fc,13,9,14.03,842,SCISSORS,0,0,39,21,34,47,0.254,0.03,0.686,0.03,0.183,0.124,0.414,0.278,0.586,0.041,0.189,0.183,102,1,0,1,0,0,0,35,47,30,46,92,10.33,0.005,272,4.53,36,0,30,30.0,2.4,0.95,2.1,4,45,1.15,0.55,1.9,1.1,0.65,0.55
f1abddb3-9595-4458-8a5c-e899496e6fa4,10,7,28.48,1709,ROCK,39,0,0,73,47,60,0.298,0.05,0.181,0.471,0.263,0.099,0.307,0.33,0.675,0.044,0.114,0.167,180,1,0,0,1,0,0,33,84,44,87,164,9.48,0.002,274,4.57,30,0,30,30.0,2.4,0.95,2.1,4,45,1.15,0.55,1.9,1.1,0.65,0.55
d6107779-75b9-48c6-a93c-30586f5c050f,18,9,12.7,762,SCISSORS,0,0,30,10,20,30,0.15,0.0,0.582,0.268,0.261,0.033,0.634,0.072,0.621,0.065,0.222,0.092,60,1,0,1,0,0,0,18,37,16,35,48,8.33,0.009,137,2.28,8,0,30,30.0,2.4,0.95,2.1,4,45,1.15,0.55,1.9,1.1,0.65,0.55
6172625c-721e-414b-ad96-e86c6ff5bfa8,11,4,18.13,1088,ROCK,54,0,0,60,24,42,0.289,0.193,0.385,0.133,0.115,0.271,0.523,0.092,0.72,0.0,0.179,0.101,126,1,0,0,1,0,0,10,95,18,94,114,14.33,0.003,188,3.13,17,0,30,30.0,2.4,0.95,2.1,4,45,1.15,0.55,1.9,1.1,0.65,0.55
5ac4bdab-1b20-4341-b24f-b61ca2daefe9,13,6,24.2,1452,ROCK,33,0,0,35,13,24,0.481,0.072,0.203,0.244,0.196,0.0,0.667,0.137,0.423,0.0,0.131,0.447,72,1,0,0,1,0,0,6,37,11,35,60,10.76,0.011,732,12.2,16,0,30,30.0,2.4,0.95,2.1,4,45,1.15,0.55,1.9,1.1,0.65,0.55
f577d430-16dd-4d36-85bb-28a554f18c9e,11,5,20.62,1237,ROCK,39,0,0,46,20,33,0.19,0.165,0.286,0.359,0.488,0.081,0.399,0.032,0.556,0.065,0.218,0.161,99,1,0,0,1,0,0,15,43,22,39,92,10.06,0.0,257,4.28,37,0,30,30.0,2.4,0.95,2.1,4,45,1.15,0.55,1.9,1.1,0.65,0.55
16b78139-86d6-4e9c-9685-bf94b2dfcb50,10,6,87.12,5227,ROCK,33,0,0,248,226,237,0.424,0.055,0.068,0.453,0.39,0.095,0.12,0.395,0.664,0.134,0.033,0.168,711,1,0,0,1,0,0,150,299,175,310,636,10.1,0.008,222,3.7,17,0,30,30.0,2.4,0.95,2.1,4,45,1.15,0.55,1.9,1.1,0.65,0.55
3b0bff69-0435-47a6-8413-8c94f6af92cf,12,10,25.95,1557,SCISSORS,0,0,30,35,45,55,0.253,0.029,0.548,0.17,0.112,0.24,0.266,0.381,0.763,0.0,0.103,0.135,135,1,0,1,0,0,0,61,97,63,97,115,7.32,0.011,352,5.87,23,0,30,30.0,2.4,0.95,2.1,4,45,1.15,0.55,1.9,1.1,0.65,0.55
2c68d9b8-753f-4834-96cd-0a409ac3c410,13,10,20.85,1251,ROCK,36,0,0,50,26,38,0.252,0.02,0.264,0.464,0.376,0.02,0.44,0.164,0.524,0.0,0.172,0.304,114,1,0,0,1,0,0,41,69,44,69,101,9.46,0.0,246,4.1,33,0,30,30.0,2.4,0.95,2.1,4,45,1.15,0.55,1.9,1.1,0.65,0.55
39babcc9-1182-46d3-a178-ac3a70ed9557,20,9,59.2,3552,PAPER,0,39,0,214,227,201,0.308,0.046,0.127,0.519,0.323,0.128,0.124,0.425,0.665,0.113,0.107,0.115,642,1,1,0,0,0,0,179,327,194,337,586,11.41,0.007,222,3.7,34,0,30,30.0,2.4,0.95,2.1,4,45,1.15,0.55,1.9,1.1,0.65,0.55
0758b991-74ee-4dc4-8f1f-b314019581d3,18,7,13.28,797,ROCK,60,0,0,62,22,42,0.237,0.219,0.362,0.181,0.188,0.169,0.469,0.175,0.637,0.0,0.269,0.094,126,1,0,0,1,0,0,23,83,34,82,125,15.14,0.009,152,2.53,20,0,30,30.0,2.4,0.95,2.1,4,45,1.15,0.55,1.9,1.1,0.65,0.55
add66db5-7809-43a4-b6e5-7a12d8c6c7df,14,7,29.58,1775,SCISSORS,0,0,54,114,132,150,0.332,0.113,0.363,0.192,0.282,0.186,0.192,0.341,0.673,0.107,0.082,0.138,396,1,0,1,0,0,0,66,251,85,250,371,13.49,0.006,365,6.08,50,0,30,30.0,2.4,0.95,2.1,4,45,1.15,0.55,1.9,1.1,0.65,0.55
bcb58006-319a-4e5c-a231-813bfc3f0f1f,17,9,18.82,1129,SCISSORS,0,0,42,25,39,53,0.274,0.102,0.5,0.124,0.31,0.186,0.372,0.133,0.686,0.075,0.124,0.115,117,1,0,1,0,0,0,27,81,19,81,112,11.27,0.005,199,3.32,17,0,30,30.0,2.4,0.95,2.1,4,45,1.15,0.55,1.9,1.1,0.65,0.55
8aa2a2d8-d0eb-4f7d-8fc1-2f81c6033703,15,4,13.05,783,SCISSORS,0,0,51,15,32,49,0.159,0.076,0.433,0.331,0.446,0.102,0.401,0.051,0.599,0.223,0.178,0.0,96,1,0,1,0,0,0,8,62,14,64,91,12.35,0.006,118,1.97,10,0,30,30.0,2.4,0.95,2.1,4,45,1.15,0.55,1.9,1.1,0.65,0.55
8480c00a-30ce-48cb-9c10-f939e7d2c2c5,8,4,13.9,834,SCISSORS,0,0,45,16,31,46,0.066,0.144,0.497,0.293,0.156,0.24,0.389,0.216,0.856,0.0,0.144,0.0,93,1,0,1,0,0,0,6,83,12,85,86,11.32,0.005,134,2.23,5,0,30,30.0,2.4,0.95,2.1,4,45,1.15,0.55,1.9,1.1,0.65,0.55
90103728-4257-4f13-8a1e-c29b791ec0d0,20,5,28.45,1707,ROCK,24,0,0,40,24,32,0.257,0.137,0.278,0.327,0.205,0.018,0.418,0.36,0.605,0.073,0.108,0.213,96,1,0,0,1,0,0,17,46,15,43,78,7.09,0.0,252,4.2,17,0,30,30.0,2.4,0.95,2.1,4,45,1.15,0.55,1.9,1.1,0.65,0.55
6c9a3c60-d916-474f-84d5-e892f1aceb26,11,9,26.47,1588,SCISSORS,0,0,60,92,112,132,0.305,0.145,0.396,0.154,0.33,0.226,0.245,0.198,0.673,0.214,0.113,0.0,336,1,0,1,0,0,0,111,274,132,279,324,12.76,0.004,208,3.47,18,0,30,30.0,2.4,0.95,2.1,4,45,1.15,0.55,1.9,1.1,0.65,0.55
20d1bd04-0a30-4b71-9214-2276712e9789,12,10,16.3,978,ROCK,33,0,0,35,13,24,0.327,0.0,0.49,0.184,0.235,0.0,0.673,0.092,0.454,0.0,0.296,0.25,72,1,0,0,1,0,0,8,44,12,47,63,8.5,0.0,333,5.55,14,0,30,30.0,2.4,0.95,2.1,4,45,1.15,0.55,1.9,1.1,0.65,0.55
f5739e89-bb45-462a-ac83-cb1ee7132835,5,6,37.12,2227,PAPER,0,36,0,95,107,83,0.372,0.114,0.139,0.374,0.395,0.184,0.152,0.269,0.614,0.083,0.101,0.202,285,1,1,0,0,0,0,110,186,123,192,262,10.73,0.01,117,1.95,16,0,30,30.0,2.4,0.95,2.1,4,45,1.15,0.55,1.9,1.1,0.65,0.55
951e0c1b-ecf8-4e93-a565-1c5731e48c1c,19,6,261.7,15702,ROCK,15,0,0,23,13,18,0.926,0.0,0.018,0.056,0.039,0.0,0.931,0.031,0.03,0.0,0.012,0.958,54,1,0,0,1,0,0,18,25,22,24,32,4.87,0.008,14387,239.78,12,0,30,30.0,2.4,0.95,2.1,4,45,1.15,0.55,1.9,1.1,0.65,0.55
e5c3dee6-a8a6-44a7-847e-b58896e4441d,14,7,17.9,1074,ROCK,57,0,0,86,48,67,0.265,0.107,0.442,0.186,0.284,0.051,0.512,0.153,0.726,0.047,0.186,0.042,201,1,0,0,1,0,0,45,160,47,166,187,12.65,0.008,109,1.82,4,0,30,30.0,2.4,0.95,2.1,4,45,1.15,0.55,1.9,1.1,0.65,0.55
ffa50e87-c683-47ff-99d5-b8dc0c98dc11,9,6,22.23,1334,ROCK,42,0,0,67,39,53,0.262,0.142,0.341,0.255,0.199,0.184,0.494,0.124,0.79,0.0,0.161,0.049,159,1,0,0,1,0,0,19,112,29,107,146,9.57,0.007,134,2.23,18,0,30,30.0,2.4,0.95,2.1,4,45,1.15,0.55,1.9,1.1,0.65,0.55
380f7469-27d8-4f82-b152-9bc216a8f560,5,4,26.7,1602,ROCK,27,0,0,51,33,42,0.374,0.065,0.221,0.34,0.318,0.059,0.427,0.196,0.508,0.0,0.156,0.336,126,0,0,0,0,0,0,35,47,40,48,105,8.34,0.007,322,5.37,23,0,30,30.0,2.4,0.95,2.1,4,45,1.15,0.55,1.9,1.1,0.65,0.55
b0abdda0-ace2-430e-a3d2-36cb56c437a9,16,4,27.63,1658,ROCK,15,0,0,22,12,17,0.123,0.0,0.166,0.711,0.175,0.0,0.256,0.569,0.596,0.0,0.114,0.289,51,1,0,0,1,0,0,8,21,7,18,35,5.43,0.006,183,3.05,5,0,30,30.0,2.4,0.95,2.1,4,45,1.15,0.55,1.9,1.1,0.65,0.55
42559933-d2c0-4c70-8c56-8c3f13ab87e4,14,6,15.78,947,ROCK,48,0,0,60,28,44,0.326,0.142,0.289,0.242,0.337,0.058,0.505,0.1,0.511,0.147,0.168,0.174,132,1,0,0,1,0,0,17,67,18,69,124,12.53,0.007,237,3.95,30,0,30,30.0,2.4,0.95,2.1,4,45,1.15,0.55,1.9,1.1,0.65,0.55
8dde4ded-9a90-40bd-8e74-a62c322f3273,20,6,11.57,694,SCISSORS,0,0,42,12,26,40,0.0,0.086,0.806,0.108,0.367,0.0,0.475,0.158,0.554,0.216,0.23,0.0,78,1,0,1,0,0,0,18,48,19,49,72,11.49,0.0,184,3.07,27,0,30,30.0,2.4,0.95,2.1,4,45,1.15,0.55,1.9,1.1,0.65,0.55
9379459b-17b8-485c-b839-e91584e0ec92,18,5,22.27,1336,PAPER,0,60,0,72,92,52,0.217,0.442,0.202,0.139,0.285,0.232,0.363,0.12,0.704,0.064,0.191,0.041,216,1,1,0,0,0,0,22,153,26,148,200,13.43,0.003,156,2.6,41,0,32,30.0,2.4,0.95,2.1,4,45,1.15,0.55,1.9,1.1,0.65,0.55
3c25951e-9034-4a4a-91c1-6cdd4c57fc5f,15,5,23.93,1436,PAPER,0,54,0,114,132,96,0.404,0.084,0.268,0.244,0.334,0.129,0.178,0.359,0.669,0.038,0.171,0.122,342,1,1,0,0,0,0,74,208,88,215,323,13.04,0.007,186,3.1,51,0,32,30.0,2.4,0.95,2.1,4,45,1.15,0.55,1.9,1.1,0.65,0.55
13fa8e53-989d-438d-b857-43fc9f377f30,11,6,37.53,2252,ROCK,45,0,0,166,136,151,0.384,0.109,0.211,0.297,0.208,0.1,0.322,0.37,0.59,0.064,0.109,0.237,453,1,0,0,1,0,0,50,180,63,179,417,14.56,0.005,292,4.87,36,0,32,30.0,2.4,0.95,2.1,4,45,1.15,0.55,1.9,1.1,0.65,0.55
2c0a7f7e-fb57-44b7-a6f8-1750120237c0,16,10,9.57,574,SCISSORS,0,0,33,8,19,30,0.0,0.0,0.983,0.017,0.148,0.0,0.53,0.322,0.522,0.0,0.313,0.165,57,0,0,0,0,0,0,16,27,12,27,49,8.42,0.0,269,4.48,30,0,32,30.0,2.4,0.95,2.1,4,45,1.15,0.55,1.9,1.1,0.65,0.55
69b15cd2-b0a9-4316-9113-dbd44b4c5434,10,6,18.0,1080,ROCK,48,0,0,63,31,47,0.273,0.056,0.389,0.282,0.269,0.037,0.569,0.125,0.56,0.056,0.167,0.218,141,1,0,0,1,0,0,19,70,20,71,124,10.2,0.003,295,4.92,39,0,32,30.0,2.4,0.95,2.1,4,45,1.15,0.55,1.9,1.1,0.65,0.55
c88bf2f4-3046-4c3e-8f73-94001fa6f0c6,14,8,33.12,1987,SCISSORS,0,0,30,56,66,76,0.284,0.151,0.289,0.276,0.51,0.0,0.239,0.251,0.52,0.075,0.048,0.357,198,1,0,1,0,0,0,39,113,51,117,172,8.44,0.004,282,4.7,27,0,32,30.0,2.4,0.95,2.1,4,45,1.15,0.55,1.9,1.1,0.65,0.55
068c1e94-5719-413d-9a6c-912f99938292,6,10,22.62,1357,ROCK,42,0,0,78,50,64,0.364,0.051,0.246,0.338,0.25,0.165,0.426,0.158,0.669,0.0,0.14,0.191,192,1,0,0,1,0,0,51,134,63,135,173,10.64,0.004,317,5.28,35,0,32,30.0,2.4,0.95,2.1,4,45,1.15,0.55,1.9,1.1,0.65,0.55
4148466f-f637-43d6-8b0f-37a79cd8f597,12,5,18.05,1083,SCISSORS,0,0,18,20,26,32,0.258,0.0,0.359,0.382,0.346,0.0,0.313,0.341,0.327,0.0,0.129,0.544,78,1,0,1,0,0,0,18,22,28,24,66,6.91,0.011,143,2.38,11,0,32,30.0,2.4,0.95,2.1,4,45,1.15,0.55,1.9,1.1,0.65,0.55
7f042f51-f8fb-4330-8e1b-5825bd6700c2,15,7,19.88,1193,PAPER,0,36,0,43,55,31,0.184,0.113,0.389,0.314,0.439,0.059,0.247,0.255,0.628,0.025,0.297,0.05,129,1,1,0,0,0,0,42,76,45,81,119,9.04,0.007,148,2.47,27,0,32,30.0,2.4,0.95,2.1,4,45,1.15,0.55,1.9,1.1,0.65,0.55
8e014c90-c9a6-4fa1-b1b6-0a7a876ac5b7,19,9,36.15,2169,SCISSORS,0,0,45,110,125,140,0.419,0.219,0.152,0.21,0.267,0.26,0.18,0.293,0.829,0.069,0.055,0.046,375,1,0,1,0,0,0,93,278,106,282,351,10.12,0.006,159,2.65,24,0,32,30.0,2.4,0.95,2.1,4,45,1.15,0.55,1.9,1.1,0.65,0.55
660efd0b-bdab-4689-bbda-58697619d2f9,15,10,11.97,718,ROCK,57,0,0,69,31,50,0.389,0.243,0.271,0.097,0.146,0.181,0.486,0.188,0.604,0.0,0.201,0.194,150,1,0,0,1,0,0,26,89,24,87,148,12.34,0.008,198,3.3,20,0,32,30.0,2.4,0.95,2.1,4,45,1.15,0.55,1.9,1.1,0.65,0.55
892493af-98c6-4ee3-8fe3-64ed8c799eff,20,5,22.0,1320,SCISSORS,0,0,45,43,58,73,0.22,0.102,0.39,0.288,0.068,0.034,0.383,0.515,0.689,0.076,0.117,0.117,174,1,0,1,0,0,0,23,51,19,53,159,12.02,0.004,285,4.75,40,0,32,30.0,2.4,0.95,2.1,4,45,1.15,0.55,1.9,1.1,0.65,0.55
31f8c8c5-9f99-4893-aacf-464e81498a17,17,4,14.77,886,PAPER,0,60,0,102,122,82,0.424,0.051,0.186,0.339,0.412,0.198,0.158,0.232,0.424,0.203,0.237,0.136,306,1,1,0,0,0,0,35,120,42,124,283,15.78,0.006,146,2.43,30,0,32,30.0,2.4,0.95,2.1,4,45,1.15,0.55,1.9,1.1,0.65,0.55
9fe14746-2177-40bd-9e92-58e54bd2ff3d,18,7,34.28,2057,ROCK,51,0,0,171,137,154,0.405,0.233,0.148,0.214,0.432,0.097,0.228,0.243,0.609,0.155,0.083,0.153,462,1,0,0,1,0,0,91,294,96,288,438,13.1,0.004,142,2.37,22,0,32,30.0,2.4,0.95,2.1,4,45,1.15,0.55,1.9,1.1,0.65,0.55
57c04beb-3f9a-46b6-bdb6-6cce6d7ceab7,7,7,16.98,1019,ROCK,54,0,0,79,43,61,0.201,0.039,0.534,0.225,0.324,0.157,0.402,0.118,0.721,0.0,0.181,0.098,183,1,0,0,1,0,0,56,147,59,142,176,12.76,0.008,159,2.65,21,0,32,30.0,2.4,0.95,2.1,4,45,1.15,0.55,1.9,1.1,0.65,0.55
62f5197d-f0f3-43ef-a771-c4b22c781aa6,6,10,43.95,2637,SCISSORS,0,0,21,54,61,68,0.263,0.0,0.269,0.468,0.102,0.028,0.263,0.606,0.777,0.0,0.093,0.131,183,1,0,1,0,0,0,56,114,77,113,134,5.51,0.012,412,6.87,20,0,32,30.0,2.4,0.95,2.1,4,45,1.15,0.55,1.9,1.1,0.65,0.55
709c2e52-c052-4d8a-97fd-5930ece1287c,19,8,12.25,735,SCISSORS,0,0,18,3,9,15,0.0,0.0,0.823,0.177,0.15,0.0,0.571,0.279,0.558,0.0,0.252,0.19,27,1,0,1,0,0,0,7,13,7,13,18,4.44,0.007,310,5.17,14,0,32,30.0,2.4,0.95,2.1,4,45,1.15,0.55,1.9,1.1,0.65,0.55
56662ca6-e6f2-4fb1-a490-561a9f14a4f6,10,8,32.42,1945,SCISSORS,0,0,57,129,148,167,0.383,0.069,0.244,0.303,0.368,0.159,0.134,0.339,0.679,0.177,0.067,0.077,444,1,0,1,0,0,0,127,292,136,291,424,12.28,0.005,250,4.17,47,0,32,30.0,2.4,0.95,2.1,4,45,1.15,0.55,1.9,1.1,0.65,0.55
c7259cb0-6c12-4e34-99ee-105d5c005d4c,12,9,22.88,1373,PAPER,0,30,0,68,78,58,0.371,0.04,0.295,0.295,0.225,0.153,0.298,0.324,0.618,0.091,0.185,0.105,204,0,0,0,0,0,0,61,134,74,138,171,9.0,0.013,128,2.13,24,0,32,30.0,2.4,0.95,2.1,4,45,1.15,0.55,1.9,1.1,0.65,0.55
435ad06b-6bde-4590-88f4-3a016d64be0d,18,5,21.72,1303,ROCK,36,0,0,71,47,59,0.437,0.057,0.207,0.299,0.276,0.019,0.402,0.303,0.456,0.019,0.157,0.368,177,1,0,0,1,0,0,27,72,27,77,154,8.06,0.007,328,5.47,23,0,32,30.0,2.4,0.95,2.1,4,45,1.15,0.55,1.9,1.1,0.65,0.55
b392a6d1-a60c-4a46-b26c-aad6e3a3c922,17,7,11.3,678,SCISSORS,0,0,54,25,43,61,0.088,0.169,0.588,0.154,0.39,0.0,0.478,0.132,0.588,0.162,0.25,0.0,129,1,0,1,0,0,0,28,107,33,109,122,10.5,0.003,163,2.72,14,0,32,30.0,2.4,0.95,2.1,4,45,1.15,0.55,1.9,1.1,0.65,0.55
8186656b-8928-4a4b-b690-8e05d7f62b57,10,8,13.58,815,ROCK,51,0,0,67,33,50,0.509,0.055,0.239,0.196,0.307,0.043,0.546,0.104,0.436,0.172,0.16,0.233,150,1,0,0,1,0,0,40,98,42,98,140,11.95,0.004,230,3.83,31,0,32,30.0,2.4,0.95,2.1,4,45,1.15,0.55,1.9,1.1,0.65,0.55
cb4d63d4-3e56-4de3-85cc-e843fe59934d,9,9,22.0,1320,ROCK,30,0,0,67,47,57,0.545,0.0,0.201,0.254,0.269,0.0,0.443,0.288,0.504,0.057,0.121,0.318,171,1,0,0,1,0,0,38,63,41,63,152,9.01,0.009,335,5.58,29,0,32,30.0,2.4,0.95,2.1,4,45,1.15,0.55,1.9,1.1,0.65,0.55
1a2154a3-6276-4bfe-b257-4b4142ad4858,15,5,12.62,757,ROCK,27,0,0,32,14,23,0.27,0.105,0.362,0.263,0.309,0.0,0.507,0.184,0.382,0.046,0.25,0.322,69,1,0,0,1,0,0,22,38,25,41,58,9.25,0.005,127,2.12,6,0,32,30.0,2.4,0.95,2.1,4,45,1.15,0.55,1.9,1.1,0.65,0.55
94ba7d00-7b79-42d3-91b7-a980e16eb1cc,12,8,24.98,1499,PAPER,0,45,0,76,91,61,0.303,0.307,0.167,0.223,0.4,0.237,0.22,0.143,0.57,0.16,0.23,0.04,228,1,1,0,0,0,0,58,161,60,158,212,9.57,0.004,259,4.32,43,0,32,30.0,2.4,0.95,2.1,4,45,1.15,0.55,1.9,1.1,0.65,0.55
1848c2fe-f811-44b6-b152-18e80e518237,11,4,30.7,1842,SCISSORS,0,0,36,76,88,100,0.35,0.019,0.312,0.32,0.241,0.06,0.211,0.488,0.593,0.024,0.068,0.314,264,1,0,1,0,0,0,28,80,36,82,239,11.11,0.006,367,6.12,33,0,32,30.0,2.4,0.95,2.1,4,45,1.15,0.55,1.9,1.1,0.65,0.55
536b14db-751f-42aa-b614-e340e5e62ac3,9,5,24.95,1497,PAPER,0,33,0,68,79,57,0.297,0.0,0.137,0.567,0.273,0.24,0.187,0.3,0.617,0.03,0.213,0.14,204,1,1,0,0,0,0,53,71,62,85,182,9.35,0.004,267,4.45,26,0,32,30.0,2.4,0.95,2.1,4,45,1.15,0.55,1.9,1.1,0.65,0.55
d985af34-3b6b-4982-94cd-a9497970ed6b,11,10,25.38,1523,SCISSORS,0,0,27,45,54,63,0.259,0.013,0.269,0.459,0.387,0.095,0.187,0.331,0.666,0.095,0.102,0.138,162,1,0,1,0,0,0,40,117,43,113,134,7.04,0.006,143,2.38,5,0,32,30.0,2.4,0.95,2.1,4,45,1.15,0.55,1.9,1.1,0.65,0.55
1b7415c8-7310-434f-9d31-0e99fca86e3d,20,8,21.88,1313,ROCK,33,0,0,61,39,50,0.346,0.122,0.266,0.266,0.213,0.129,0.46,0.198,0.49,0.0,0.167,0.342,150,1,0,0,1,0,0,32,92,35,86,125,8.57,0.005,308,5.13,26,0,32,30.0,2.4,0.95,2.1,4,45,1.15,0.55,1.9,1.1,0.65,0.55
84db195f-f16d-4337-9aeb-56730eed2fc3,19,4,10.02,601,SCISSORS,0,0,60,25,45,65,0.192,0.042,0.592,0.175,0.35,0.0,0.533,0.117,0.517,0.092,0.25,0.142,135,1,0,1,0,0,0,9,91,15,92,128,12.73,0.002,146,2.43,23,0,32,30.0,2.4,0.95,2.1,4,45,1.15,0.55,1.9,1.1,0.65,0.55
29cfffe3-7d10-4e56-929b-7380b1f67965,16,9,39.07,2344,ROCK,57,0,0,202,164,183,0.433,0.122,0.117,0.328,0.32,0.154,0.256,0.271,0.642,0.19,0.077,0.092,549,1,0,0,1,0,0,122,397,159,399,514,12.62,0.005,274,4.57,18,0,32,30.0,2.4,0.95,2.1,4,45,1.15,0.55,1.9,1.1,0.65,0.55
219c2323-c1ce-42e8-8aeb-acf8053bb7d5,15,4,28.28,1697,ROCK,48,0,0,108,76,92,0.35,0.124,0.209,0.318,0.406,0.068,0.332,0.194,0.556,0.103,0.106,0.235,276,1,0,0,1,0,0,22,136,34,133,257,14.04,0.003,277,4.62,41,0,32,30.0,2.4,0.95,2.1,4,45,1.15,0.55,1.9,1.1,0.65,0.55
7e7ab2a4-e5c7-4512-86be-5215118fceeb,14,9,13.02,781,ROCK,45,0,0,64,34,49,0.5,0.0,0.179,0.321,0.333,0.058,0.494,0.115,0.34,0.019,0.237,0.404,147,1,0,0,1,0,0,42,104,45,102,133,12.88,0.005,251,4.18,26,0,32,30.0,2.4,0.95,2.1,4,45,1.15,0.55,1.9,1.1,0.65,0.55
e3601248-71c0-45f0-93bc-062d64f84783,15,4,24.4,1464,ROCK,42,0,0,86,58,72,0.386,0.133,0.222,0.259,0.321,0.096,0.304,0.28,0.703,0.041,0.147,0.109,216,1,0,0,1,0,0,14,118,19,129,197,10.81,0.009,139,2.32,20,0,32,30.0,2.4,0.95,2.1,4,45,1.15,0.55,1.9,1.1,0.65,0.55
2842ec8d-b237-48e3-b15a-7bd1eab9ae69,15,9,14.2,852,ROCK,45,0,0,53,23,38,0.24,0.111,0.421,0.228,0.14,0.187,0.567,0.105,0.649,0.0,0.228,0.123,114,1,0,0,1,0,0,31,82,39,82,103,10.4,0.011,167,2.78,20,0,32,30.0,2.4,0.95,2.1,4,45,1.15,0.55,1.9,1.1,0.65,0.55
0c38cd5f-052e-4831-bfe9-c252b29cca02,10,7,26.43,1586,PAPER,0,45,0,84,99,69,0.372,0.073,0.3,0.256,0.265,0.132,0.259,0.344,0.719,0.009,0.145,0.126,252,1,1,0,0,0,0,43,155,51,157,232,12.77,0.012,91,1.52,4,0,32,30.0,2.4,0.95,2.1,4,45,1.15,0.55,1.9,1.1,0.65,0.55
513b0af5-6e62-4c33-b3c6-3de8bcc196f0,20,5,33.23,1994,ROCK,30,0,0,49,29,39,0.155,0.233,0.233,0.378,0.366,0.228,0.346,0.06,0.762,0.038,0.105,0.095,117,1,0,0,1,0,0,22,64,32,66,105,8.5,0.001,234,3.9,26,0,32,30.0,2.4,0.95,2.1,4,45,1.15,0.55,1.9,1.1,0.65,0.55
cfb96edd-7b85-4250-9cdd-37dd20a3d9c3,20,9,18.45,1107,SCISSORS,0,0,60,62,82,102,0.239,0.176,0.432,0.153,0.108,0.171,0.374,0.347,0.748,0.023,0.095,0.135,246,1,0,1,0,0,0,59,161,58,165,228,13.74,0.003,222,3.7,45,0,32,30.0,2.4,0.95,2.1,4,45,1.15,0.55,1.9,1.1,0.65,0.55
57c8a081-b240-4682-a498-27d4536526a9,10,4,26.95,1617,ROCK,60,0,0,121,81,101,0.284,0.222,0.373,0.12,0.173,0.414,0.355,0.059,0.698,0.031,0.136,0.136,303,1,0,0,1,0,0,36,198,43,192,287,13.4,0.004,297,4.95,52,0,32,30.0,2.4,0.95,2.1,4,45,1.15,0.55,1.9,1.1,0.65,0.55
fe02a0cc-38d1-42fd-ad41-1be472eff095,16,5,13.15,789,SCISSORS,0,0,30,2,12,22,0.0,0.051,0.646,0.304,0.304,0.07,0.563,0.063,0.747,0.0,0.253,0.0,36,1,0,1,0,0,0,8,19,10,20,33,9.42,0.0,89,1.48,8,0,32,30.0,2.4,0.95,2.1,4,45,1.15,0.55,1.9,1.1,0.65,0.55
a4968a45-83eb-4ed7-9298-ee4e3c1406e5,8,6,22.37,1342,SCISSORS,0,0,48,40,56,72,0.312,0.193,0.428,0.067,0.171,0.23,0.45,0.149,0.613,0.134,0.138,0.115,168,1,0,1,0,0,0,17,77,29,77,155,12.03,0.007,207,3.45,35,0,32,30.0,2.4,0.95,2.1,4,45,1.15,0.55,1.9,1.1,0.65,0.55
ece8b862-e743-4c52-ae71-fcefa20cfaa0,9,5,22.27,1336,SCISSORS,0,0,24,28,36,44,0.124,0.0,0.401,0.476,0.199,0.109,0.461,0.232,0.772,0.015,0.071,0.142,108,1,0,1,0,0,0,22,56,29,58,89,8.3,0.005,146,2.43,10,0,32,30.0,2.4,0.95,2.1,4,45,1.15,0.55,1.9,1.1,0.65,0.55
db7048ac-c505-4223-ba6d-5b0b421293ae,8,5,18.05,1083,PAPER,0,27,0,25,34,16,0.147,0.18,0.267,0.406,0.203,0.157,0.387,0.253,0.682,0.041,0.258,0.018,75,1,1,0,0,0,0,20,20,16,18,64,8.33,0.006,168,2.8,23,0,32,30.0,2.4,0.95,2.1,4,45,1.15,0.55,1.9,1.1,0.65,0.55
30ca8b35-1741-4e24-bc5c-8e06a8611365,11,10,31.58,1895,SCISSORS,0,0,24,49,57,65,0.377,0.0,0.251,0.372,0.409,0.032,0.303,0.256,0.533,0.011,0.092,0.364,171,1,0,1,0,0,0,62,127,71,129,132,7.51,0.011,170,2.83,17,0,32,30.0,2.4,0.95,2.1,4,45,1.15,0.55,1.9,1.1,0.65,0.55
5ca880d0-a275-49c4-936e-29b9ad65fdb0,9,5,63.93,3836,SCISSORS,0,0,33,137,148,159,0.319,0.089,0.162,0.43,0.389,0.065,0.126,0.42,0.608,0.1,0.052,0.24,444,1,0,1,0,0,0,67,194,77,194,401,10.21,0.007,306,5.1,20,0,32,30.0,2.4,0.95,2.1,4,45,1.15,0.55,1.9,1.1,0.65,0.55
8aeeeced-a9ce-45b9-a094-fadd7d05d25b,13,8,20.3,1218,ROCK,27,0,0,34,16,25,0.225,0.057,0.283,0.434,0.303,0.012,0.398,0.287,0.525,0.0,0.127,0.348,75,1,0,0,1,0,0,11,38,16,38,48,5.57,0.003,233,3.88,16,0,32,30.0,2.4,0.95,2.1,4,45,1.15,0.55,1.9,1.1,0.65,0.55
e641325b-afcf-4fb6-9663-52d0c2d7dec8,5,7,15.87,952,SCISSORS,0,0,39,35,48,61,0.099,0.147,0.393,0.361,0.319,0.105,0.288,0.288,0.743,0.0,0.152,0.105,144,1,0,1,0,0,0,16,77,21,80,134,11.12,0.001,162,2.7,18,0,32,30.0,2.4,0.95,2.1,4,45,1.15,0.55,1.9,1.1,0.65,0.55
49e2ea66-331d-4d1d-9317-95c218fbbc35,14,5,38.78,2327,SCISSORS,0,0,15,36,41,46,0.165,0.0,0.191,0.644,0.174,0.0,0.217,0.609,0.624,0.0,0.067,0.309,123,1,0,1,0,0,0,18,30,18,29,91,5.58,0.006,292,4.87,12,0,32,30.0,2.4,0.95,2.1,4,45,1.15,0.55,1.9,1.1,0.65,0.55
ddc1aca8-e472-44c9-b70c-871eb8b2926f,15,8,21.62,1297,SCISSORS,0,0,42,39,53,67,0.158,0.115,0.35,0.377,0.377,0.05,0.335,0.238,0.777,0.096,0.127,0.0,159,1,0,1,0,0,0,29,105,47,106,141,9.52,0.005,162,2.7,23,0,32,30.0,2.4,0.95,2.1,4,45,1.15,0.55,1.9,1.1,0.65,0.55
7d7c6245-d025-495b-98ae-24494b37e707,13,4,20.75,1245,SCISSORS,0,0,45,59,74,89,0.281,0.04,0.402,0.277,0.317,0.116,0.229,0.337,0.514,0.088,0.104,0.293,222,1,0,1,0,0,0,29,85,39,85,204,12.73,0.004,270,4.5,36,0,32,30.0,2.4,0.95,2.1,4,45,1.15,0.55,1.9,1.1,0.65,0.55
effd593c-9872-4208-8ab5-649e5d3b6b67,7,8,19.8,1188,ROCK,39,0,0,47,21,34,0.408,0.088,0.223,0.282,0.353,0.025,0.58,0.042,0.412,0.134,0.143,0.311,102,1,0,0,1,0,0,25,47,29,45,94,10.74,0.0,413,6.88,37,0,32,30.0,2.4,0.95,2.1,4,45,1.15,0.55,1.9,1.1,0.65,0.55
ebb145e8-9c73-4b78-b4b4-038a99b68c83,12,6,42.1,2526,SCISSORS,0,0,21,63,70,77,0.192,0.0,0.204,0.604,0.154,0.0,0.224,0.622,0.78,0.0,0.085,0.135,210,1,0,1,0,0,0,46,97,48,93,169,7.21,0.008,296,4.93,19,0,32,30.0,2.4,0.95,2.1,4,45,1.15,0.55,1.9,1.1,0.65,0.55
8a04684d-057d-4073-9cd4-a258f53afa0c,12,10,28.93,1736,ROCK,36,0,0,78,54,66,0.392,0.104,0.228,0.277,0.161,0.164,0.378,0.297,0.677,0.069,0.127,0.127,198,0,0,0,0,0,0,58,120,72,126,185,10.5,0.005,296,4.93,33,0,32,30.0,2.4,0.95,2.1,4,45,1.15,0.55,1.9,1.1,0.65,0.55
510e220c-43aa-4c4a-b4fc-3018dba131b5,12,4,27.0,1620,ROCK,36,0,0,77,53,65,0.327,0.059,0.21,0.404,0.389,0.037,0.343,0.231,0.451,0.04,0.12,0.389,195,1,0,0,1,0,0,46,81,51,85,176,10.82,0.002,240,4.0,26,0,32,30.0,2.4,0.95,2.1,4,45,1.15,0.55,1.9,1.1,0.65,0.55
d710b206-c9f7-4691-a933-3ec13f87842e,13,8,49.87,2992,ROCK,36,0,0,142,118,130,0.501,0.062,0.117,0.321,0.341,0.21,0.155,0.294,0.708,0.092,0.062,0.139,390,1,0,0,1,0,0,82,236,91,233,347,9.8,0.012,102,1.7,12,0,32,30.0,2.4,0.95,2.1,4,45,1.15,0.55,1.9,1.1,0.65,0.55
ea95422d-a809-4f8b-9c4c-52edb0085e39,6,4,29.73,1784,SCISSORS,0,0,39,82,95,108,0.249,0.109,0.305,0.336,0.246,0.213,0.224,0.317,0.888,0.045,0.067,0.0,285,1,0,1,0,0,0,24,123,26,123,264,12.39,0.003,139,2.32,27,0,32,30.0,2.4,0.95,2.1,4,45,1.15,0.55,1.9,1.1,0.65,0.55
b005871d-dc34-42b0-8e3c-6165b12c2895,13,4,17.17,1030,SCISSORS,0,0,18,4,10,16,0.17,0.0,0.369,0.461,0.437,0.0,0.495,0.068,0.534,0.0,0.141,0.325,30,1,0,1,0,0,0,2,8,3,9,24,6.2,0.005,155,2.58,7,0,32,30.0,2.4,0.95,2.1,4,45,1.15,0.55,1.9,1.1,0.65,0.55
d50cfe82-e789-469e-9334-b0d38cc7f0c8,6,9,15.17,910,ROCK,39,0,0,44,18,31,0.269,0.121,0.368,0.242,0.297,0.0,0.61,0.093,0.363,0.104,0.302,0.231,93,1,0,0,1,0,0,31,37,34,39,88,10.6,0.0,275,4.58,33,0,32,30.0,2.4,0.95,2.1,4,45,1.15,0.55,1.9,1.1,0.65,0.55
de475349-1dc7-4529-8cb7-918fd54b78cd,16,6,22.58,1355,SCISSORS,0,0,18,22,28,34,0.159,0.0,0.325,0.517,0.362,0.0,0.244,0.395,0.491,0.0,0.129,0.38,84,1,0,1,0,0,0,27,46,35,48,65,5.5,0.006,160,2.67,8,0,32,30.0,2.4,0.95,2.1,4,45,1.15,0.55,1.9,1.1,0.65,0.55
73607886-2f19-47a7-9252-727bcd667d09,17,6,13.82,829,PAPER,0,48,0,48,64,32,0.217,0.0,0.416,0.367,0.313,0.066,0.361,0.259,0.56,0.054,0.337,0.048,144,1,1,0,0,0,0,22,69,27,71,127,10.76,0.004,144,2.4,39,0,32,30.0,2.4,0.95,2.1,4,45,1.15,0.55,1.9,1.1,0.65,0.55
263da6aa-9968-435d-b748-c0f60e2e0473,14,7,19.53,1172,SCISSORS,0,0,51,51,68,85,0.251,0.128,0.481,0.14,0.255,0.209,0.298,0.238,0.562,0.132,0.128,0.179,204,1,0,1,0,0,0,54,111,71,112,187,11.68,0.003,267,4.45,42,0,32,30.0,2.4,0.95,2.1,4,45,1.15,0.55,1.9,1.1,0.65,0.55
67ec6e23-c39c-4425-8983-5a123dd891ea,16,10,17.45,1047,ROCK,42,0,0,55,27,41,0.329,0.086,0.219,0.367,0.371,0.048,0.433,0.148,0.619,0.071,0.148,0.162,123,1,0,0,1,0,0,34,85,39,85,109,9.34,0.006,237,3.95,29,0,32,30.0,2.4,0.95,2.1,4,45,1.15,0.55,1.9,1.1,0.65,0.55
c66237e8-83cc-47bc-be60-10b9925070a3,13,6,11.4,684,SCISSORS,0,0,48,16,32,48,0.124,0.124,0.46,0.292,0.401,0.117,0.394,0.088,0.577,0.036,0.146,0.241,96,1,0,1,0,0,0,13,67,12,69,85,9.27,0.002,119,1.98,6,0,32,30.0,2.4,0.95,2.1,4,45,1.15,0.55,1.9,1.1,0.65,0.55
51ef1b84-f1ea-4c39-98b9-6e8b204148ff,5,8,23.37,1402,SCISSORS,0,0,39,46,59,72,0.27,0.057,0.431,0.242,0.324,0.011,0.231,0.434,0.712,0.05,0.096,0.142,177,1,0,1,0,0,0,58,104,63,107,161,9.49,0.005,347,5.78,37,0,32,30.0,2.4,0.95,2.1,4,45,1.15,0.55,1.9,1.1,0.65,0.55
76a784c9-5366-471a-8665-1f5d063e68f9,5,8,13.98,839,SCISSORS,0,0,15,3,8,13,0.0,0.0,0.446,0.554,0.327,0.0,0.381,0.292,0.655,0.0,0.161,0.185,24,1,0,1,0,0,0,6,13,12,13,16,5.54,0.0,174,2.9,6,0,32,30.0,2.4,0.95,2.1,4,45,1.15,0.55,1.9,1.1,0.65,0.55
4fc41d22-1106-4ffa-816e-0518ea2bef9c,12,7,59.7,3582,PAPER,0,15,0,50,55,45,0.179,0.0,0.134,0.688,0.417,0.0,0.166,0.417,0.494,0.0,0.071,0.435,150,1,1,0,0,0,0,25,73,20,74,101,5.35,0.002,162,2.7,13,0,32,30.0,2.4,0.95,2.1,4,45,1.15,0.55,1.9,1.1,0.65,0.55
f4394835-faff-4a9f-8f23-4fe21d853a10,17,7,51.95,3117,SCISSORS,0,0,36,136,148,160,0.287,0.157,0.178,0.378,0.356,0.091,0.151,0.402,0.731,0.082,0.056,0.131,444,1,0,1,0,0,0,136,326,153,322,378,9.35,0.009,257,4.28,26,0,32,30.0,2.4,0.95,2.1,4,45,1.15,0.55,1.9,1.1,0.65,0.55
eef2b16b-9e25-40ad-bd49-0fa6253e863d,17,5,15.28,917,ROCK,51,0,0,56,22,39,0.397,0.082,0.326,0.196,0.207,0.0,0.696,0.098,0.402,0.0,0.239,0.359,117,1,0,0,1,0,0,22,44,29,43,108,11.26,0.0,397,6.62,50,0,32,30.0,2.4,0.95,2.1,4,45,1.15,0.55,1.9,1.1,0.65,0.55
2640f053-1395-4eeb-a2df-5a463d36ffc6,5,6,21.0,1260,SCISSORS,0,0,51,51,68,85,0.183,0.325,0.448,0.044,0.337,0.206,0.29,0.167,0.651,0.115,0.123,0.111,204,1,0,1,0,0,0,42,139,50,139,191,10.71,0.009,215,3.58,42,0,32,30.0,2.4,0.95,2.1,4,45,1.15,0.55,1.9,1.1,0.65,0.55
22c02dfc-5308-4af2-aa40-89599aa03384,15,9,72.3,4338,ROCK,15,0,0,56,46,51,0.333,0.0,0.106,0.561,0.294,0.0,0.185,0.521,0.474,0.0,0.044,0.483,153,1,0,0,1,0,0,53,83,59,85,99,4.9,0.008,488,8.13,14,0,32,30.0,2.4,0.95,2.1,4,45,1.15,0.55,1.9,1.1,0.65,0.55
06b7771d-6ac1-4cb7-87b4-85d5eecc2590,18,10,14.03,842,SCISSORS,0,0,45,22,37,52,0.243,0.03,0.586,0.142,0.444,0.0,0.396,0.16,0.515,0.302,0.13,0.053,111,1,0,1,0,0,0,41,82,61,81,102,10.8,0.004,202,3.37,25,0,32,30.0,2.4,0.95,2.1,4,45,1.15,0.55,1.9,1.1,0.65,0.55
e3c6624d-0de7-41c1-99a5-df671e0524c3,6,5,21.78,1307,SCISSORS,0,0,54,77,95,113,0.275,0.061,0.412,0.252,0.336,0.053,0.218,0.393,0.592,0.095,0.103,0.21,285,1,0,1,0,0,0,47,138,53,136,257,11.89,0.005,302,5.03,48,0,32,30.0,2.4,0.95,2.1,4,45,1.15,0.55,1.9,1.1,0.65,0.55
1579cd54-e608-4a17-8a87-a21578302752,12,7,19.2,1152,PAPER,0,18,0,17,23,11,0.264,0.0,0.255,0.481,0.325,0.0,0.268,0.407,0.455,0.0,0.216,0.329,51,1,1,0,0,0,0,14,16,8,15,37,6.18,0.005,122,2.03,4,0,32,30.0,2.4,0.95,2.1,4,45,1.15,0.55,1.9,1.1,0.65,0.55
08805c27-2c04-4f19-8f41-d88b7e8fac54,17,7,17.7,1062,ROCK,36,0,0,43,19,31,0.244,0.164,0.282,0.31,0.305,0.089,0.526,0.08,0.563,0.0,0.225,0.211,93,1,0,0,1,0,0,15,46,17,48,78,8.29,0.0,312,5.2,31,0,32,30.0,2.4,0.95,2.1,4,45,1.15,0.55,1.9,1.1,0.65,0.55
1f2bec34-d0c3-4038-8485-95a114606503,15,6,13.87,832,SCISSORS,0,0,51,23,40,57,0.168,0.0,0.784,0.048,0.156,0.0,0.503,0.341,0.587,0.078,0.204,0.132,120,1,0,1,0,0,0,19,43,19,42,113,10.44,0.004,357,5.95,50,0,32,30.0,2.4,0.95,2.1,4,45,1.15,0.55,1.9,1.1,0.65,0.55
65927a3c-0bce-4df2-a421-6386f5f48062,7,7,20.28,1217,SCISSORS,0,0,45,50,65,80,0.27,0.127,0.455,0.148,0.369,0.0,0.246,0.385,0.533,0.176,0.127,0.164,195,1,0,1,0,0,0,48,91,55,93,178,10.38,0.004,297,4.95,39,0,32,30.0,2.4,0.95,2.1,4,45,1.15,0.55,1.9,1.1,0.65,0.55
b2df9f61-5a6c-4ee4-9365-9b04007304de,19,5,51.15,3069,ROCK,21,0,0,50,36,43,0.326,0.0,0.155,0.52,0.404,0.033,0.239,0.324,0.585,0.0,0.065,0.35,129,1,0,0,1,0,0,34,50,39,50,91,5.56,0.008,474,7.9,20,0,32,30.0,2.4,0.95,2.1,4,45,1.15,0.55,1.9,1.1,0.65,0.55
4291e59b-f712-4438-a3d2-f6615d4a8b6b,10,10,19.57,1174,ROCK,57,0,0,93,55,74,0.379,0.162,0.332,0.128,0.298,0.196,0.506,0.0,0.532,0.0,0.196,0.272,222,1,0,0,1,0,0,58,143,69,144,214,11.45,0.001,434,7.23,56,0,32,30.0,2.4,0.95,2.1,4,45,1.15,0.55,1.9,1.1,0.65,0.55
ba8c0140-dd30-43b4-8d18-34b38f3fae51,9,9,53.5,3210,SCISSORS,0,0,30,81,91,101,0.326,0.037,0.355,0.282,0.173,0.076,0.263,0.488,0.664,0.056,0.128,0.153,273,1,0,1,0,0,0,101,177,115,179,235,8.24,0.008,490,8.17,28,0,32,30.0,2.4,0.95,2.1,4,45,1.15,0.55,1.9,1.1,0.65,0.55
477bfbd5-3764-4a95-ac4f-d993ce6f95db,20,7,24.33,1460,SCISSORS,0,0,27,12,21,30,0.068,0.014,0.531,0.387,0.185,0.017,0.538,0.26,0.514,0.058,0.315,0.113,63,1,0,1,0,0,0,21,44,19,44,46,7.86,0.002,190,3.17,5,0,32,30.0,2.4,0.95,2.1,4,45,1.15,0.55,1.9,1.1,0.65,0.55
8ee38afa-11f1-4322-af7a-8a53ffc334f9,16,8,16.62,997,ROCK,60,0,0,71,31,51,0.225,0.16,0.45,0.165,0.235,0.085,0.67,0.01,0.535,0.0,0.275,0.19,153,1,0,0,1,0,0,27,95,31,95,144,11.49,0.0,312,5.2,50,0,32,30.0,2.4,0.95,2.1,4,45,1.15,0.55,1.9,1.1,0.65,0.55
1bf673c7-a26f-4e3f-b3c9-36747733a447,9,7,25.4,1524,ROCK,48,0,0,66,34,50,0.22,0.298,0.351,0.131,0.41,0.02,0.548,0.023,0.426,0.177,0.236,0.161,150,1,0,0,1,0,0,21,80,32,81,139,10.07,0.001,384,6.4,46,0,32,30.0,2.4,0.95,2.1,4,45,1.15,0.55,1.9,1.1,0.65,0.55
f2e4af02-26a6-457f-ad90-6da4048ab883,18,10,17.08,1025,ROCK,27,0,0,29,11,20,0.278,0.0,0.449,0.273,0.254,0.0,0.717,0.029,0.424,0.0,0.332,0.244,60,1,0,0,1,0,0,5,22,14,22,45,7.88,0.0,320,5.33,25,0,32,30.0,2.4,0.95,2.1,4,45,1.15,0.55,1.9,1.1,0.65,0.55
ffc8bc62-2767-418c-aff6-ceeb65e9124c,18,8,21.65,1299,ROCK,54,0,0,78,42,60,0.242,0.092,0.415,0.25,0.296,0.046,0.596,0.062,0.412,0.077,0.265,0.246,180,1,0,0,1,0,0,36,95,41,92,167,11.59,0.003,304,5.07,51,0,32,30.0,2.4,0.95,2.1,4,45,1.15,0.55,1.9,1.1,0.65,0.55
857cde86-1fd6-4b64-8ae7-879016619edb,10,9,24.42,1465,PAPER,0,54,0,90,108,72,0.29,0.027,0.471,0.212,0.167,0.386,0.331,0.116,0.628,0.099,0.259,0.014,270,1,1,0,0,0,0,67,182,73,180,242,10.13,0.006,240,4.0,50,0,32,30.0,2.4,0.95,2.1,4,45,1.15,0.55,1.9,1.1,0.65,0.55
41b2d324-7c53-4c57-80ac-5e862236972d,20,4,22.07,1324,PAPER,0,30,0,30,40,20,0.166,0.03,0.494,0.309,0.283,0.098,0.426,0.192,0.491,0.053,0.302,0.155,90,1,1,0,0,0,0,13,24,12,23,73,8.21,0.005,174,2.9,6,0,32,30.0,2.4,0.95,2.1,4,45,1.15,0.55,1.9,1.1,0.65,0.55
e061e7c4-392e-42ed-8c8b-628ec905863a,15,4,21.93,1316,SCISSORS,0,0,60,46,66,86,0.186,0.015,0.795,0.004,0.106,0.141,0.574,0.179,0.544,0.057,0.331,0.068,198,1,0,1,0,0,0,21,95,23,96,186,11.03,0.004,361,6.02,57,0,32,30.0,2.4,0.95,2.1,4,45,1.15,0.55,1.9,1.1,0.65,0.55
cae021db-3067-437c-973b-1d69b993e3a8,17,4,26.9,1614,SCISSORS,0,0,45,55,70,85,0.161,0.062,0.551,0.226,0.282,0.028,0.406,0.285,0.61,0.05,0.241,0.099,210,1,0,1,0,0,0,40,100,48,99,190,11.01,0.005,339,5.65,37,0,32,30.0,2.4,0.95,2.1,4,45,1.15,0.55,1.9,1.1,0.65,0.55
9d0f8b97-5f89-43b7-98c5-2de22e0cb9cf,15,7,27.43,1646,SCISSORS,0,0,51,60,77,94,0.173,0.012,0.59,0.225,0.252,0.116,0.453,0.179,0.553,0.033,0.301,0.112,231,1,0,1,0,0,0,53,136,61,137,217,11.4,0.006,301,5.02,40,0,32,30.0,2.4,0.95,2.1,4,45,1.15,0.55,1.9,1.1,0.65,0.55
28de76a8-05c1-4be7-bf59-a65565aec7bc,7,10,20.27,1216,ROCK,45,0,0,63,33,48,0.263,0.053,0.535,0.148,0.049,0.066,0.63,0.255,0.568,0.0,0.366,0.066,144,1,0,0,1,0,0,36,107,48,105,129,10.76,0.01,216,3.6,22,0,32,30.0,2.4,0.95,2.1,4,45,1.15,0.55,1.9,1.1,0.65,0.55
64325e60-2d3d-46c7-84c3-304129ef5506,16,9,41.9,2514,ROCK,21,0,0,59,45,52,0.318,0.0,0.26,0.421,0.165,0.026,0.563,0.247,0.523,0.038,0.197,0.243,156,1,0,0,1,0,0,54,93,62,96,125,6.09,0.004,514,8.57,20,0,32,30.0,2.4,0.95,2.1,4,45,1.15,0.55,1.9,1.1,0.65,0.55
578bf130-f914-43a4-a86f-db9314dbdeff,8,7,30.63,1838,PAPER,0,48,0,101,117,85,0.307,0.082,0.397,0.215,0.274,0.133,0.321,0.272,0.576,0.005,0.266,0.152,303,1,1,0,0,0,0,71,172,81,173,271,10.17,0.006,228,3.8,34,0,32,30.0,2.4,0.95,2.1,4,45,1.15,0.55,1.9,1.1,0.65,0.55
4c830bcd-b8d9-4fe2-bc08-d87bdd315413,19,4,39.98,2399,SCISSORS,0,0,24,61,69,77,0.165,0.006,0.358,0.471,0.192,0.058,0.294,0.456,0.675,0.0,0.183,0.142,207,1,0,1,0,0,0,36,71,44,72,163,7.36,0.005,344,5.73,21,0,32,30.0,2.4,0.95,2.1,4,45,1.15,0.55,1.9,1.1,0.65,0.55
dad9c6da-3c20-45d0-925a-624d63e03683,16,8,16.37,982,SCISSORS,0,0,57,19,38,57,0.0,0.147,0.838,0.015,0.173,0.0,0.716,0.112,0.563,0.0,0.437,0.0,114,1,0,1,0,0,0,27,77,32,77,112,15.38,0.0,232,3.87,28,0,32,30.0,2.4,0.95,2.1,4,45,1.15,0.55,1.9,1.1,0.65,0.55
78942822-4522-4561-bdcf-54aef28b3c22,12,5,34.95,2097,ROCK,48,0,0,115,83,99,0.338,0.09,0.329,0.243,0.195,0.167,0.488,0.15,0.545,0.09,0.198,0.167,297,1,0,0,1,0,0,69,165,70,172,271,10.9,0.006,502,8.37,46,0,32,30.0,2.4,0.95,2.1,4,45,1.15,0.55,1.9,1.1,0.65,0.55
5065156e-6201-4206-8a1b-e9191b8adbea,10,5,29.73,1784,ROCK,36,0,0,53,29,41,0.204,0.118,0.448,0.23,0.224,0.213,0.515,0.048,0.641,0.0,0.283,0.076,123,1,0,0,1,0,0,14,77,18,76,106,7.67,0.007,299,4.98,25,0,32,30.0,2.4,0.95,2.1,4,45,1.15,0.55,1.9,1.1,0.65,0.55
9850fe3b-26f7-4db9-8283-dedd6a5b7716,8,10,41.87,2512,PAPER,0,30,0,74,84,64,0.342,0.018,0.284,0.356,0.258,0.04,0.276,0.425,0.459,0.119,0.27,0.151,222,1,1,0,0,0,0,60,144,69,143,191,8.72,0.006,322,5.37,27,0,32,30.0,2.4,0.95,2.1,4,45,1.15,0.55,1.9,1.1,0.65,0.55
1374a00f-af24-4f1f-a9c5-ab033f573fac,18,5,19.8,1188,SCISSORS,0,0,24,9,17,25,0.05,0.0,0.756,0.193,0.21,0.071,0.634,0.084,0.42,0.0,0.378,0.202,51,1,0,1,0,0,0,15,34,20,36,39,6.63,0.009,268,4.47,10,0,32,30.0,2.4,0.95,2.1,4,45,1.15,0.55,1.9,1.1,0.65,0.55
1bef9881-5364-460e-8c79-ed9337d1e2e2,5,9,11.35,681,SCISSORS,0,0,54,14,32,50,0.0,0.125,0.794,0.081,0.272,0.0,0.544,0.184,0.596,0.088,0.316,0.0,96,1,0,1,0,0,0,23,57,24,59,93,10.64,0.001,206,3.43,37,0,32,30.0,2.4,0.95,2.1,4,45,1.15,0.55,1.9,1.1,0.65,0.55
7b919ea1-86dd-4bbe-879c-aa7a87f9d8d1,17,6,26.22,1573,ROCK,15,0,0,19,9,14,0.283,0.0,0.194,0.524,0.171,0.0,0.495,0.333,0.359,0.0,0.152,0.489,42,1,0,0,1,0,0,6,8,7,8,30,5.29,0.0,493,8.22,14,0,32,30.0,2.4,0.95,2.1,4,45,1.15,0.55,1.9,1.1,0.65,0.55
9be3a782-ecfd-4662-87e9-dc41e8d26e28,13,8,10.0,600,SCISSORS,0,0,51,17,34,51,0.133,0.1,0.75,0.017,0.158,0.0,0.55,0.292,0.692,0.125,0.183,0.0,102,0,0,0,0,0,0,14,65,9,66,94,8.99,0.003,215,3.58,35,0,32,30.0,2.4,0.95,2.1,4,45,1.15,0.55,1.9,1.1,0.65,0.55
c366f642-4412-4fbf-92f2-3afc6e03a61d,8,5,26.28,1577,SCISSORS,0,0,39,65,78,91,0.275,0.044,0.339,0.342,0.329,0.066,0.177,0.427,0.769,0.057,0.092,0.082,234,1,0,1,0,0,0,45,145,39,143,204,8.51,0.005,262,4.37,33,0,32,30.0,2.4,0.95,2.1,4,45,1.15,0.55,1.9,1.1,0.65,0.55
c5c68756-681f-4c8d-824e-6c48b3eed349,10,5,75.72,4543,SCISSORS,0,0,24,97,105,113,0.268,0.0,0.149,0.583,0.354,0.078,0.158,0.409,0.769,0.013,0.05,0.168,315,1,0,1,0,0,0,50,177,67,167,256,6.97,0.008,273,4.55,17,0,32,30.0,2.4,0.95,2.1,4,45,1.15,0.55,1.9,1.1,0.65,0.55
d32e2c98-0dac-4562-be84-11855ee3ed4b,18,7,16.27,976,ROCK,30,0,0,42,22,32,0.231,0.092,0.277,0.4,0.072,0.185,0.421,0.323,0.713,0.0,0.179,0.108,96,1,0,0,1,0,0,8,60,12,63,70,7.0,0.001,186,3.1,24,0,32,30.0,2.4,0.95,2.1,4,45,1.15,0.55,1.9,1.1,0.65,0.55
a9e87a55-0830-4982-b7e5-806607bb2192,13,4,8.37,502,PAPER,0,54,0,44,62,26,0.347,0.0,0.495,0.158,0.495,0.0,0.505,0.0,0.327,0.178,0.495,0.0,132,0,0,0,0,0,0,15,89,15,91,130,11.5,0.007,142,2.37,31,0,32,30.0,2.4,0.95,2.1,4,45,1.15,0.55,1.9,1.1,0.65,0.55
e445bb46-2fee-4ca3-ac0f-ea285f9e4036,19,6,54.83,3290,PAPER,0,39,0,154,167,141,0.409,0.067,0.147,0.377,0.277,0.318,0.112,0.293,0.751,0.032,0.123,0.094,462,1,1,0,0,0,0,101,240,113,246,404,9.38,0.007,290,4.83,38,0,32,30.0,2.4,0.95,2.1,4,45,1.15,0.55,1.9,1.1,0.65,0.55
08403885-dcae-4775-845c-e95c42f4b928,9,9,23.58,1415,ROCK,57,0,0,102,64,83,0.346,0.06,0.509,0.085,0.145,0.159,0.615,0.081,0.424,0.102,0.311,0.163,249,1,0,0,1,0,0,71,175,81,175,242,11.66,0.004,345,5.75,47,0,32,30.0,2.4,0.95,2.1,4,45,1.15,0.55,1.9,1.1,0.65,0.55
28b6ff92-3d63-49f2-ae5b-d5e83c934bbb,5,4,30.33,1820,SCISSORS,0,0,27,35,44,53,0.363,0.0,0.459,0.179,0.137,0.085,0.302,0.475,0.662,0.033,0.206,0.099,132,1,0,1,0,0,0,17,53,15,53,107,7.27,0.017,345,5.75,20,0,32,30.0,2.4,0.95,2.1,4,45,1.15,0.55,1.9,1.1,0.65,0.55
4205a80f-720a-46c6-b201-3f36dab645f0,10,8,23.5,1410,SCISSORS,0,0,15,8,13,18,0.209,0.0,0.5,0.291,0.259,0.0,0.454,0.287,0.348,0.0,0.28,0.372,39,1,0,1,0,0,0,12,27,15,27,19,4.82,0.009,280,4.67,5,0,32,30.0,2.4,0.95,2.1,4,45,1.15,0.55,1.9,1.1,0.65,0.55
069f0a2a-0a29-4448-b22e-b1bf10e496c8,12,6,23.82,1429,ROCK,30,0,0,40,20,30,0.318,0.014,0.462,0.206,0.203,0.059,0.72,0.017,0.266,0.0,0.353,0.381,90,1,0,0,1,0,0,18,39,15,37,76,7.66,0.005,464,7.73,27,0,32,30.0,2.4,0.95,2.1,4,45,1.15,0.55,1.9,1.1,0.65,0.55
1e7cbee0-47c2-4e5f-bb33-416700836720,6,9,19.05,1143,ROCK,36,0,0,38,14,26,0.24,0.026,0.568,0.166,0.109,0.07,0.808,0.013,0.384,0.0,0.406,0.21,78,1,0,0,1,0,0,12,35,17,34,71,9.5,0.0,368,6.13,33,0,32,30.0,2.4,0.95,2.1,4,45,1.15,0.55,1.9,1.1,0.65,0.55
97fa0455-060d-4299-bcbb-450fe142ffd7,5,5,19.82,1189,ROCK,18,0,0,19,7,13,0.189,0.0,0.437,0.374,0.134,0.029,0.664,0.172,0.479,0.0,0.324,0.197,39,1,0,0,1,0,0,8,22,10,20,24,5.92,0.004,279,4.65,8,0,32,30.0,2.4,0.95,2.1,4,45,1.15,0.55,1.9,1.1,0.65,0.55
8e72c012-da65-4102-b2a2-1d7690b09652,18,9,44.25,2655,SCISSORS,0,0,15,24,29,34,0.073,0.0,0.365,0.561,0.141,0.0,0.254,0.605,0.659,0.0,0.154,0.186,87,1,0,1,0,0,0,32,41,39,43,57,4.83,0.003,490,8.17,13,0,32,30.0,2.4,0.95,2.1,4,45,1.15,0.55,1.9,1.1,0.65,0.55
71476c36-a91e-498a-9a21-0e9456da6eae,9,6,22.13,1328,ROCK,54,0,0,78,42,60,0.305,0.034,0.508,0.154,0.192,0.041,0.744,0.023,0.353,0.109,0.357,0.18,180,1,0,0,1,0,0,26,72,27,72,169,11.12,0.002,353,5.88,53,0,32,30.0,2.4,0.95,2.1,4,45,1.15,0.55,1.9,1.1,0.65,0.55
abd7a4e5-4162-46c2-9a2c-9d8fbceb6e17,20,8,25.95,1557,PAPER,0,27,0,26,35,17,0.237,0.0,0.561,0.202,0.09,0.109,0.49,0.311,0.494,0.035,0.391,0.08,78,1,1,0,0,0,0,27,43,27,41,64,7.64,0.013,262,4.37,19,0,32,30.0,2.4,0.95,2.1,4,45,1.15,0.55,1.9,1.1,0.65,0.55
3ce1c45b-3b25-49a3-acff-f2b85f7b531f,20,7,26.97,1618,PAPER,0,60,0,123,143,103,0.238,0.077,0.488,0.198,0.278,0.213,0.429,0.08,0.497,0.034,0.34,0.13,369,1,1,0,0,0,0,100,245,96,245,341,10.85,0.005,268,4.47,54,0,32,30.0,2.4,0.95,2.1,4,45,1.15,0.55,1.9,1.1,0.65,0.55
42fd24cd-7c8f-4aae-9dd9-acd7ae898390,16,9,22.25,1335,PAPER,0,60,0,72,92,52,0.202,0.045,0.543,0.21,0.27,0.067,0.491,0.172,0.476,0.019,0.431,0.075,216,1,1,0,0,0,0,38,135,51,135,205,12.09,0.005,220,3.67,42,0,32,30.0,2.4,0.95,2.1,4,45,1.15,0.55,1.9,1.1,0.65,0.55
9f54c38b-589e-4fad-bdfe-3ca29d883409,20,4,20.52,1231,SCISSORS,0,0,48,21,37,53,0.093,0.049,0.744,0.114,0.224,0.0,0.573,0.203,0.411,0.028,0.35,0.211,111,1,0,1,0,0,0,13,48,10,51,108,10.51,0.001,396,6.6,37,0,32,30.0,2.4,0.95,2.1,4,45,1.15,0.55,1.9,1.1,0.65,0.55
e156a825-ce33-4711-bb27-ee63a03770e5,11,5,23.62,1417,SCISSORS,0,0,60,70,90,110,0.211,0.06,0.556,0.173,0.106,0.113,0.475,0.306,0.542,0.032,0.261,0.165,270,1,0,1,0,0,0,27,121,22,122,254,16.04,0.002,232,3.87,36,0,32,30.0,2.4,0.95,2.1,4,45,1.15,0.55,1.9,1.1,0.65,0.55
715770ee-0cf9-43ea-bdb6-c218c4131685,14,9,32.32,1939,PAPER,0,33,0,55,66,44,0.129,0.245,0.43,0.196,0.299,0.026,0.474,0.201,0.631,0.01,0.338,0.021,165,1,1,0,0,0,0,47,126,52,126,142,8.93,0.004,234,3.9,29,0,32,30.0,2.4,0.95,2.1,4,45,1.15,0.55,1.9,1.1,0.65,0.55
e48d2d0b-fa12-4e69-821c-2da534a99444,9,8,15.37,922,SCISSORS,0,0,42,15,29,43,0.081,0.0,0.908,0.011,0.092,0.0,0.611,0.297,0.541,0.016,0.368,0.076,87,1,0,1,0,0,0,9,34,17,33,76,8.36,0.003,342,5.7,41,0,32,30.0,2.4,0.95,2.1,4,45,1.15,0.55,1.9,1.1,0.65,0.55
106ee584-7f09-4631-9715-bcf47ffe5113,17,10,18.95,1137,ROCK,27,0,0,29,11,20,0.32,0.0,0.412,0.268,0.0,0.14,0.689,0.171,0.531,0.0,0.18,0.289,60,1,0,0,1,0,0,14,27,14,26,46,6.65,0.002,377,6.28,26,0,32,30.0,2.4,0.95,2.1,4,45,1.15,0.55,1.9,1.1,0.65,0.55
d57b8241-050e-46f7-bba0-ff45acc0e5f4,17,5,16.05,963,SCISSORS,0,0,51,43,60,77,0.275,0.036,0.611,0.078,0.176,0.124,0.311,0.389,0.58,0.119,0.124,0.176,180,1,0,1,0,0,0,33,132,43,130,170,10.33,0.003,293,4.88,44,0,32,30.0,2.4,0.95,2.1,4,45,1.15,0.55,1.9,1.1,0.65,0.55
d4303d54-6d38-4290-8272-d9725a75b0ed,8,9,23.2,1392,ROCK,51,0,0,104,70,87,0.434,0.211,0.19,0.165,0.315,0.129,0.466,0.09,0.663,0.0,0.122,0.215,261,1,0,0,1,0,0,54,193,64,192,245,9.9,0.005,372,6.2,50,0,32,30.0,2.4,0.95,2.1,4,45,1.15,0.55,1.9,1.1,0.65,0.55
715de402-dfe3-4b3c-8b5a-d2ffe7154d56,5,10,24.0,1440,SCISSORS,0,0,24,38,46,54,0.274,0.014,0.233,0.479,0.323,0.014,0.125,0.538,0.701,0.0,0.045,0.253,138,1,0,1,0,0,0,44,84,49,89,113,7.5,0.009,210,3.5,17,0,32,30.0,2.4,0.95,2.1,4,45,1.15,0.55,1.9,1.1,0.65,0.55
e6ac186c-83e6-4a3e-adae-fb5748564d02,12,9,95.33,5720,SCISSORS,0,0,15,77,82,87,0.25,0.0,0.095,0.655,0.305,0.0,0.079,0.616,0.528,0.0,0.028,0.444,246,1,0,1,0,0,0,112,166,125,167,156,4.83,0.007,200,3.33,9,0,32,30.0,2.4,0.95,2.1,4,45,1.15,0.55,1.9,1.1,0.65,0.55
b434b630-266c-48fb-8a97-e84582e6b4ae,19,4,28.53,1712,SCISSORS,0,0,36,52,64,76,0.262,0.134,0.292,0.312,0.213,0.073,0.294,0.42,0.831,0.0,0.05,0.12,192,1,0,1,0,0,0,22,94,35,94,173,9.8,0.006,267,4.45,30,0,32,30.0,2.4,0.95,2.1,4,45,1.15,0.55,1.9,1.1,0.65,0.55
6066dae8-3322-4905-86bb-c15dc1a928fb,16,9,37.75,2265,ROCK,57,0,0,192,154,173,0.43,0.221,0.117,0.232,0.223,0.294,0.247,0.236,0.742,0.06,0.055,0.143,519,1,0,0,1,0,0,137,353,164,354,470,11.86,0.004,240,4.0,51,0,32,30.0,2.4,0.95,2.1,4,45,1.15,0.55,1.9,1.1,0.65,0.55
d5280242-ef4c-4194-8fcd-dd8d5b6bc766,11,9,27.37,1642,SCISSORS,0,0,48,90,106,122,0.319,0.109,0.301,0.271,0.316,0.049,0.176,0.459,0.72,0.052,0.061,0.167,318,1,0,1,0,0,0,97,195,104,194,295,11.49,0.003,272,4.53,35,0,32,30.0,2.4,0.95,2.1,4,45,1.15,0.55,1.9,1.1,0.65,0.55
2616c1c8-ef21-4f7c-8f5a-f03df57fefc5,11,5,17.62,1057,ROCK,33,0,0,42,20,31,0.382,0.024,0.269,0.325,0.278,0.024,0.571,0.127,0.42,0.0,0.151,0.429,93,1,0,0,1,0,0,10,39,12,41,78,7.51,0.004,362,6.03,29,0,32,30.0,2.4,0.95,2.1,4,45,1.15,0.55,1.9,1.1,0.65,0.55
b10d48ee-17c7-4924-a922-2d7a2ee31fb3,19,5,58.73,3524,SCISSORS,0,0,33,146,157,168,0.382,0.047,0.159,0.413,0.377,0.173,0.102,0.348,0.749,0.067,0.031,0.153,471,1,0,1,0,0,0,81,291,100,291,412,8.43,0.009,209,3.48,22,0,32,30.0,2.4,0.95,2.1,4,45,1.15,0.55,1.9,1.1,0.65,0.55
37517208-d91d-4d0d-8b6f-6c516e495e55,19,10,13.12,787,SCISSORS,0,0,57,38,57,76,0.285,0.0,0.646,0.07,0.184,0.184,0.304,0.329,0.601,0.101,0.146,0.152,171,1,0,1,0,0,0,35,106,37,107,157,10.13,0.002,287,4.78,55,0,32,30.0,2.4,0.95,2.1,4,45,1.15,0.55,1.9,1.1,0.65,0.55
dcf9d958-aed7-4659-8679-96da47708d7b,10,7,12.68,761,SCISSORS,0,0,57,30,49,68,0.224,0.132,0.612,0.033,0.27,0.0,0.559,0.171,0.612,0.191,0.197,0.0,147,1,0,1,0,0,0,42,103,46,104,137,10.25,0.003,226,3.77,37,0,32,30.0,2.4,0.95,2.1,4,45,1.15,0.55,1.9,1.1,0.65,0.55
6affa71a-58a8-472f-99f5-5f55571a3111,9,5,46.62,2797,ROCK,30,0,0,112,92,102,0.316,0.05,0.186,0.448,0.259,0.175,0.255,0.311,0.764,0.045,0.104,0.087,306,1,0,0,1,0,0,97,209,104,217,274,8.8,0.013,242,4.03,18,0,32,30.0,2.4,0.95,2.1,4,45,1.15,0.55,1.9,1.1,0.65,0.55
7749b547-80ac-4d43-aa05-5eec3c2547be,10,6,24.5,1470,ROCK,27,0,0,28,10,19,0.16,0.0,0.446,0.395,0.109,0.139,0.626,0.126,0.52,0.0,0.344,0.136,57,1,0,0,1,0,0,17,26,14,26,45,7.74,0.001,350,5.83,23,0,32,30.0,2.4,0.95,2.1,4,45,1.15,0.55,1.9,1.1,0.65,0.55
e83895d3-dd01-4340-8505-f3d68a7c5db8,11,9,70.37,4222,SCISSORS,0,0,30,149,159,169,0.331,0.071,0.212,0.386,0.315,0.079,0.162,0.444,0.636,0.041,0.091,0.232,477,1,0,1,0,0,0,152,269,179,278,416,9.04,0.008,242,4.03,28,0,32,30.0,2.4,0.95,2.1,4,45,1.15,0.55,1.9,1.1,0.65,0.55
199a0621-6c1d-4a67-b9b0-9f65a51a13a4,18,5,43.93,2636,SCISSORS,0,0,33,90,101,112,0.298,0.226,0.203,0.273,0.188,0.239,0.176,0.397,0.801,0.135,0.065,0.0,303,1,0,1,0,0,0,45,201,51,202,266,8.3,0.007,121,2.02,12,0,32,30.0,2.4,0.95,2.1,4,45,1.15,0.55,1.9,1.1,0.65,0.55
0fdf982b-b617-41d3-8f75-8122c85e8795,15,4,20.18,1211,SCISSORS,0,0,54,57,75,93,0.293,0.24,0.368,0.099,0.256,0.202,0.43,0.112,0.665,0.074,0.112,0.149,225,1,0,1,0,0,0,16,150,26,154,214,12.28,0.003,201,3.35,25,0,32,30.0,2.4,0.95,2.1,4,45,1.15,0.55,1.9,1.1,0.65,0.55
a150cbf8-cded-45c7-a5bd-f40b88a03307,12,7,26.7,1602,ROCK,45,0,0,99,69,84,0.386,0.016,0.234,0.364,0.146,0.218,0.417,0.218,0.698,0.009,0.128,0.165,252,1,0,0,1,0,0,52,161,60,159,227,10.44,0.005,227,3.78,37,0,32,30.0,2.4,0.95,2.1,4,45,1.15,0.55,1.9,1.1,0.65,0.55
35f96f64-8a9a-43e4-857c-78e2cbf64b18,13,6,47.37,2842,ROCK,36,0,0,148,124,136,0.325,0.021,0.174,0.48,0.366,0.181,0.241,0.213,0.687,0.084,0.079,0.149,408,1,0,0,1,0,0,69,186,73,187,376,10.96,0.007,262,4.37,14,0,32,30.0,2.4,0.95,2.1,4,45,1.15,0.55,1.9,1.1,0.65,0.55
49575915-fef8-48e2-b9bd-65ca2222a5d7,13,10,19.82,1189,PAPER,0,39,0,47,60,34,0.168,0.0,0.261,0.571,0.269,0.084,0.357,0.29,0.714,0.05,0.223,0.013,141,1,1,0,0,0,0,35,82,36,79,122,9.51,0.005,164,2.73,35,0,32,30.0,2.4,0.95,2.1,4,45,1.15,0.55,1.9,1.1,0.65,0.55
71940a09-7936-45b3-918a-8b386b31faff,8,8,29.12,1747,PAPER,0,39,0,99,112,86,0.377,0.071,0.194,0.357,0.351,0.214,0.143,0.291,0.729,0.04,0.149,0.083,297,1,1,0,0,0,0,82,208,89,209,272,10.42,0.009,142,2.37,32,0,32,30.0,2.4,0.95,2.1,4,45,1.15,0.55,1.9,1.1,0.65,0.55
b4cc8328-a731-4ba5-99e4-ac302f7e650b,6,10,10.82,649,SCISSORS,0,0,24,6,14,22,0.0,0.0,0.723,0.277,0.338,0.0,0.515,0.146,0.438,0.0,0.277,0.285,42,1,0,1,0,0,0,7,24,8,24,33,5.98,0.003,164,2.73,15,0,32,30.0,2.4,0.95,2.1,4,45,1.15,0.55,1.9,1.1,0.65,0.55
c2d06434-2503-4bf7-b83b-fec5235de0a4,20,8,9.7,582,SCISSORS,0,0,18,1,7,13,0.0,0.0,0.761,0.239,0.077,0.0,0.701,0.222,0.684,0.0,0.316,0.0,21,1,0,1,0,0,0,5,11,6,11,14,5.57,0.0,212,3.53,10,0,32,30.0,2.4,0.95,2.1,4,45,1.15,0.55,1.9,1.1,0.65,0.55
5e1746b0-e459-41ce-81da-5939c4385a8f,13,9,15.58,935,PAPER,0,60,0,65,85,45,0.214,0.241,0.385,0.16,0.198,0.144,0.449,0.209,0.567,0.037,0.369,0.027,195,1,1,0,0,0,0,52,113,54,112,186,11.86,0.004,190,3.17,57,0,32,30.0,2.4,0.95,2.1,4,45,1.15,0.55,1.9,1.1,0.65,0.55
25343c08-1bfc-48d4-97ef-f109af6c0ef5,14,7,14.28,857,ROCK,39,0,0,47,21,34,0.378,0.035,0.384,0.203,0.192,0.035,0.698,0.076,0.477,0.0,0.186,0.337,102,1,0,0,1,0,0,23,61,18,55,94,9.39,0.003,367,6.12,34,0,32,30.0,2.4,0.95,2.1,4,45,1.15,0.55,1.9,1.1,0.65,0.55
f180bb47-7e69-4a2e-bce6-321a119a1c85,19,5,14.67,880,PAPER,0,42,0,47,61,33,0.233,0.034,0.301,0.432,0.324,0.068,0.347,0.261,0.472,0.0,0.42,0.108,141,1,1,0,0,0,0,12,59,16,55,134,9.21,0.008,225,3.75,40,0,32,30.0,2.4,0.95,2.1,4,45,1.15,0.55,1.9,1.1,0.65,0.55
5a5c86b6-ced0-49f9-983a-bce14f049fea,9,9,7.0,420,SCISSORS,0,0,57,18,37,56,0.0,0.06,0.679,0.262,0.214,0.155,0.417,0.214,0.595,0.0,0.405,0.0,111,1,0,1,0,0,0,11,79,22,79,107,11.32,0.003,145,2.42,9,0,32,30.0,2.4,0.95,2.1,4,45,1.15,0.55,1.9,1.1,0.65,0.55
ca6be765-1f60-4751-9774-8c10b704c150,14,6,13.73,824,PAPER,0,27,0,28,37,19,0.164,0.067,0.406,0.364,0.261,0.067,0.394,0.279,0.642,0.0,0.291,0.067,84,1,1,0,0,0,0,24,50,29,50,65,7.01,0.006,129,2.15,17,0,32,30.0,2.4,0.95,2.1,4,45,1.15,0.55,1.9,1.1,0.65,0.55
036a4ddc-99c5-4cf0-b499-495e5ad5e308,18,6,20.75,1245,ROCK,42,0,0,71,43,57,0.341,0.056,0.189,0.414,0.189,0.08,0.394,0.337,0.639,0.072,0.104,0.185,171,1,0,0,1,0,0,20,84,21,81,162,12.18,0.001,310,5.17,19,0,32,30.0,2.4,0.95,2.1,4,45,1.15,0.55,1.9,1.1,0.65,0.55
1c24af49-a68b-4507-891f-d202a44d780b,9,4,16.07,964,ROCK,54,0,0,70,34,52,0.181,0.124,0.332,0.363,0.337,0.109,0.446,0.109,0.648,0.078,0.166,0.109,156,1,0,0,1,0,0,10,83,17,83,142,10.7,0.005,144,2.4,40,0,32,30.0,2.4,0.95,2.1,4,45,1.15,0.55,1.9,1.1,0.65,0.55
0b5770c6-5de9-4931-af8f-353caf81d281,5,5,21.0,1260,SCISSORS,0,0,27,33,42,51,0.19,0.032,0.365,0.413,0.325,0.155,0.313,0.206,0.75,0.052,0.131,0.067,126,1,0,1,0,0,0,27,75,32,76,114,8.98,0.005,175,2.92,17,0,32,30.0,2.4,0.95,2.1,4,45,1.15,0.55,1.9,1.1,0.65,0.55
7c34c3ed-acb0-49fe-82ef-49736ebf0cee,9,4,11.62,697,SCISSORS,0,0,15,2,7,12,0.0,0.0,0.636,0.364,0.093,0.0,0.507,0.4,0.579,0.0,0.286,0.136,21,1,0,1,0,0,0,2,11,0,11,13,5.38,0.0,227,3.78,7,0,32,30.0,2.4,0.95,2.1,4,45,1.15,0.55,1.9,1.1,0.65,0.55
ad81700a-b341-44e7-bc57-81842852dce6,18,6,45.53,2732,SCISSORS,0,0,27,62,71,80,0.269,0.055,0.25,0.426,0.276,0.073,0.196,0.455,0.649,0.018,0.068,0.265,213,1,0,1,0,0,0,49,118,51,112,182,7.64,0.009,422,7.03,25,0,32,30.0,2.4,0.95,2.1,4,45,1.15,0.55,1.9,1.1,0.65,0.55
03f996cc-3113-43b9-89e9-934fbbd22213,8,4,23.37,1402,ROCK,54,0,0,104,68,86,0.327,0.185,0.26,0.228,0.238,0.278,0.359,0.125,0.665,0.043,0.117,0.174,258,1,0,0,1,0,0,40,118,39,121,244,10.95,0.005,317,5.28,52,0,32,30.0,2.4,0.95,2.1,4,45,1.15,0.55,1.9,1.1,0.65,0.55
a8962fbb-9f54-433a-b4df-ad2234f20a60,18,10,27.43,1646,SCISSORS,0,0,24,30,38,46,0.316,0.0,0.477,0.207,0.155,0.0,0.225,0.62,0.757,0.0,0.155,0.088,114,0,0,0,0,0,0,36,72,42,72,88,6.36,0.013,481,8.02,23,0,32,30.0,2.4,0.95,2.1,4,45,1.15,0.55,1.9,1.1,0.65,0.55
c6a62e74-3bef-4a26-987c-d1421a03fc25,9,7,21.85,1311,PAPER,0,54,0,83,101,65,0.275,0.156,0.347,0.221,0.37,0.069,0.45,0.111,0.584,0.034,0.37,0.011,249,1,1,0,0,0,0,49,142,48,145,231,10.2,0.003,256,4.27,53,0,32,30.0,2.4,0.95,2.1,4,45,1.15,0.55,1.9,1.1,0.65,0.55
5ccd90a1-9eb5-41d3-9a4e-d25eb363735e,9,10,27.53,1652,SCISSORS,0,0,27,31,40,49,0.227,0.0,0.447,0.326,0.299,0.024,0.205,0.471,0.625,0.009,0.139,0.227,120,1,0,1,0,0,0,32,65,41,66,81,5.87,0.006,462,7.7,26,0,32,30.0,2.4,0.95,2.1,4,45,1.15,0.55,1.9,1.1,0.65,0.55
f18e36ac-0cde-46a1-b542-7618624e5fb5,13,10,17.1,1026,ROCK,27,0,0,32,14,23,0.38,0.078,0.429,0.112,0.049,0.215,0.688,0.049,0.58,0.0,0.268,0.151,69,1,0,0,1,0,0,20,48,28,48,58,8.1,0.002,201,3.35,20,0,32,30.0,2.4,0.95,2.1,4,45,1.15,0.55,1.9,1.1,0.65,0.55
f2af8393-7cd5-41c5-a4a9-d6e71fd611c6,12,8,26.48,1589,SCISSORS,0,0,39,77,90,103,0.283,0.028,0.362,0.327,0.299,0.05,0.274,0.377,0.607,0.097,0.16,0.135,270,1,0,1,0,0,0,45,142,47,140,243,10.32,0.004,254,4.23,33,0,32,30.0,2.4,0.95,2.1,4,45,1.15,0.55,1.9,1.1,0.65,0.55
581c03f8-1301-4e7a-83ba-4f42a4b83604,17,9,32.95,1977,SCISSORS,0,0,36,70,82,94,0.255,0.063,0.29,0.391,0.333,0.197,0.227,0.242,0.694,0.061,0.136,0.109,246,1,0,1,0,0,0,89,181,100,183,208,9.43,0.009,222,3.7,13,0,32,30.0,2.4,0.95,2.1,4,45,1.15,0.55,1.9,1.1,0.65,0.55
a6cc35b6-7c02-403d-aa1e-5d8c55b9638d,20,8,24.95,1497,SCISSORS,0,0,51,70,87,104,0.17,0.287,0.267,0.277,0.333,0.17,0.283,0.213,0.703,0.01,0.133,0.153,261,0,0,0,0,0,0,53,196,51,197,244,10.59,0.003,122,2.03,5,0,32,30.0,2.4,0.95,2.1,4,45,1.15,0.55,1.9,1.1,0.65,0.55
cd9535c0-afad-40e9-9c04-5168065c5675,12,10,15.45,927,SCISSORS,0,0,60,56,76,96,0.183,0.274,0.462,0.081,0.22,0.317,0.349,0.113,0.677,0.167,0.156,0.0,228,1,0,1,0,0,0,49,177,60,182,219,11.93,0.003,157,2.62,25,0,32,30.0,2.4,0.95,2.1,4,45,1.15,0.55,1.9,1.1,0.65,0.55
f821395b-10d6-4ad9-8000-343f38d762a7,18,7,15.83,950,SCISSORS,0,0,36,23,35,47,0.263,0.058,0.584,0.095,0.263,0.137,0.316,0.284,0.679,0.179,0.142,0.0,105,1,0,1,0,0,0,19,73,22,73,96,8.67,0.009,285,4.75,25,0,32,30.0,2.4,0.95,2.1,4,45,1.15,0.55,1.9,1.1,0.65,0.55
3f46e099-5e57-4ac7-9ef7-8f71b8d512c2,6,6,9.87,592,ROCK,54,0,0,52,16,34,0.328,0.202,0.345,0.126,0.126,0.151,0.672,0.05,0.529,0.0,0.202,0.269,102,1,0,0,1,0,0,21,56,19,55,98,10.81,0.0,222,3.7,45,0,32,30.0,2.4,0.95,2.1,4,45,1.15,0.55,1.9,1.1,0.65,0.55
cb635e95-e977-44ef-bdde-b623bf429246,8,8,23.93,1436,SCISSORS,0,0,18,8,14,20,0.111,0.0,0.429,0.46,0.132,0.0,0.359,0.509,0.624,0.0,0.192,0.185,42,1,0,1,0,0,0,7,20,14,20,27,4.55,0.011,311,5.18,15,0,32,30.0,2.4,0.95,2.1,4,45,1.15,0.55,1.9,1.1,0.65,0.55
46a01541-4b2c-48c9-9a31-6e736f728dc5,9,4,24.72,1483,ROCK,24,0,0,26,10,18,0.098,0.104,0.404,0.394,0.253,0.02,0.461,0.266,0.667,0.0,0.259,0.074,54,1,0,0,1,0,0,3,17,3,17,40,6.41,0.0,218,3.63,17,0,32,30.0,2.4,0.95,2.1,4,45,1.15,0.55,1.9,1.1,0.65,0.55
13fd2b89-a914-465e-8d6f-23c1864b0128,17,6,51.27,3076,PAPER,0,27,0,85,94,76,0.265,0.033,0.171,0.532,0.502,0.039,0.167,0.291,0.577,0.114,0.14,0.169,255,1,1,0,0,0,0,49,124,62,126,212,7.5,0.008,251,4.18,24,0,32,30.0,2.4,0.95,2.1,4,45,1.15,0.55,1.9,1.1,0.65,0.55
15c968d6-0e6b-408d-922d-c3e6af8b8fcf,8,5,26.93,1616,SCISSORS,0,0,51,76,93,110,0.316,0.096,0.406,0.183,0.313,0.062,0.334,0.291,0.588,0.108,0.139,0.164,279,1,0,1,0,0,0,47,129,55,130,259,13.96,0.005,256,4.27,40,0,32,30.0,2.4,0.95,2.1,4,45,1.15,0.55,1.9,1.1,0.65,0.55
658b679c-7d66-4018-b410-b839fd8aeb7b,17,6,18.3,1098,PAPER,0,24,0,22,30,14,0.114,0.0,0.327,0.559,0.332,0.082,0.368,0.218,0.505,0.0,0.277,0.218,66,1,1,0,0,0,0,20,29,21,31,58,8.38,0.002,113,1.88,5,0,32,30.0,2.4,0.95,2.1,4,45,1.15,0.55,1.9,1.1,0.65,0.55
2d7bdc1d-4e5a-415c-b854-df7c518134b7,12,9,23.12,1387,PAPER,0,51,0,54,71,37,0.245,0.219,0.399,0.137,0.173,0.277,0.277,0.273,0.579,0.032,0.306,0.083,162,1,1,0,0,0,0,40,90,48,89,153,12.01,0.006,177,2.95,45,0,32,30.0,2.4,0.95,2.1,4,45,1.15,0.55,1.9,1.1,0.65,0.55
b3c267f9-42f2-48c9-b0a8-5ab349b5f6b8,13,7,23.07,1384,ROCK,36,0,0,77,53,65,0.487,0.025,0.144,0.343,0.245,0.051,0.325,0.379,0.614,0.061,0.097,0.227,195,1,0,0,1,0,0,26,101,38,105,177,8.71,0.009,239,3.98,34,0,32,30.0,2.4,0.95,2.1,4,45,1.15,0.55,1.9,1.1,0.65,0.55
7e7ccdba-2b17-4abe-af7b-74c863e4a299,20,8,12.62,757,PAPER,0,39,0,38,51,25,0.211,0.0,0.388,0.401,0.257,0.046,0.401,0.296,0.441,0.046,0.5,0.013,114,1,1,0,0,0,0,21,51,31,54,98,7.92,0.008,247,4.12,37,0,32,30.0,2.4,0.95,2.1,4,45,1.15,0.55,1.9,1.1,0.65,0.55
18fb8196-4d93-4046-89e1-f65dd9e8a3ce,11,5,12.58,755,ROCK,60,0,0,63,23,43,0.358,0.205,0.291,0.146,0.159,0.146,0.47,0.225,0.642,0.013,0.205,0.139,129,1,0,0,1,0,0,11,85,16,83,119,12.36,0.01,135,2.25,14,0,32,30.0,2.4,0.95,2.1,4,45,1.15,0.55,1.9,1.1,0.65,0.55
d8ddd7ec-20fd-4b04-95dd-3285a818702b,7,5,46.13,2768,PAPER,0,33,0,94,105,83,0.305,0.13,0.168,0.397,0.347,0.199,0.164,0.291,0.711,0.0,0.13,0.159,282,1,1,0,0,0,0,45,142,55,143,248,8.89,0.004,188,3.13,30,0,32,30.0,2.4,0.95,2.1,4,45,1.15,0.55,1.9,1.1,0.65,0.55
7ea6fe7f-c90a-4ea8-81df-dd4d29813fa0,18,9,38.5,2310,ROCK,21,0,0,61,47,54,0.299,0.045,0.139,0.517,0.286,0.067,0.234,0.413,0.61,0.052,0.071,0.266,162,1,0,0,1,0,0,42,84,51,84,131,6.32,0.009,170,2.83,6,0,32,30.0,2.4,0.95,2.1,4,45,1.15,0.55,1.9,1.1,0.65,0.55
a3d2a240-08d2-45f9-af86-02303e898364,20,8,18.28,1097,PAPER,0,54,0,68,86,50,0.177,0.032,0.414,0.377,0.386,0.05,0.364,0.2,0.455,0.105,0.377,0.064,204,1,1,0,0,0,0,35,113,39,114,180,10.74,0.004,152,2.53,28,0,32,30.0,2.4,0.95,2.1,4,45,1.15,0.55,1.9,1.1,0.65,0.55
9070aefe-96d3-4a12-95c8-bd7fb2b2ee58,17,10,20.12,1207,SCISSORS,0,0,60,50,70,90,0.231,0.161,0.442,0.165,0.306,0.219,0.372,0.103,0.74,0.066,0.194,0.0,210,1,0,1,0,0,0,78,152,83,151,204,12.69,0.004,172,2.87,23,0,32,30.0,2.4,0.95,2.1,4,45,1.15,0.55,1.9,1.1,0.65,0.55
a0d73bf0-0f83-47da-8cd9-1d456218871f,19,7,17.12,1027,SCISSORS,0,0,51,29,46,63,0.238,0.0,0.607,0.155,0.364,0.0,0.466,0.17,0.393,0.126,0.257,0.223,138,1,0,1,0,0,0,31,74,33,76,129,11.23,0.006,252,4.2,33,0,32,30.0,2.4,0.95,2.1,4,45,1.15,0.55,1.9,1.1,0.65,0.55
ebbcba5a-1790-44fd-90f6-5a81a6e49c30,19,9,34.68,2081,PAPER,0,57,0,158,177,139,0.401,0.108,0.25,0.24,0.329,0.245,0.216,0.209,0.704,0.084,0.18,0.031,474,1,1,0,0,0,0,188,353,196,359,447,12.76,0.008,116,1.93,25,0,32,30.0,2.4,0.95,2.1,4,45,1.15,0.55,1.9,1.1,0.65,0.55
193006cf-6213-4851-beae-b649a0773d1b,12,6,17.12,1027,SCISSORS,0,0,57,54,73,92,0.282,0.209,0.437,0.073,0.277,0.058,0.296,0.369,0.617,0.063,0.165,0.155,219,1,0,1,0,0,0,47,99,40,102,212,13.01,0.005,192,3.2,38,0,32,30.0,2.4,0.95,2.1,4,45,1.15,0.55,1.9,1.1,0.65,0.55
ee9cdf3d-75c7-46b2-aa1f-ea441229ab10,14,6,76.45,4587,ROCK,36,0,0,210,186,198,0.296,0.124,0.068,0.512,0.268,0.193,0.167,0.373,0.703,0.045,0.056,0.197,594,1,0,0,1,0,0,158,364,169,356,528,10.17,0.005,322,5.37,31,0,32,30.0,2.4,0.95,2.1,4,45,1.15,0.55,1.9,1.1,0.65,0.55
b8fbc63a-8c96-4c7b-810e-f12d7dfcb232,10,9,15.72,943,SCISSORS,0,0,42,17,31,45,0.101,0.095,0.788,0.016,0.201,0.0,0.55,0.249,0.45,0.053,0.296,0.201,93,1,0,1,0,0,0,31,49,37,51,85,10.47,0.005,308,5.13,39,0,32,30.0,2.4,0.95,2.1,4,45,1.15,0.55,1.9,1.1,0.65,0.55
9cccc0e4-75cf-454e-91b8-36500a25e6e4,14,5,41.17,2470,ROCK,30,0,0,77,57,67,0.368,0.119,0.182,0.33,0.32,0.13,0.338,0.213,0.688,0.051,0.101,0.16,201,1,0,0,1,0,0,22,110,28,112,176,8.13,0.006,380,6.33,28,0,32,30.0,2.4,0.95,2.1,4,45,1.15,0.55,1.9,1.1,0.65,0.55
8daa2240-e064-4ad7-b22e-00f9677b8728,19,10,22.37,1342,PAPER,0,42,0,46,60,32,0.182,0.108,0.372,0.338,0.413,0.115,0.323,0.149,0.506,0.093,0.331,0.071,138,1,1,0,0,0,0,28,94,44,94,127,9.9,0.009,217,3.62,35,0,32,30.0,2.4,0.95,2.1,4,45,1.15,0.55,1.9,1.1,0.65,0.55
f096a0a5-47a9-404d-9b44-163031373fea,9,10,22.15,1329,SCISSORS,0,0,57,74,93,112,0.338,0.098,0.391,0.173,0.38,0.011,0.353,0.256,0.53,0.038,0.203,0.229,279,1,0,1,0,0,0,75,208,70,205,254,12.5,0.003,169,2.82,33,0,32,30.0,2.4,0.95,2.1,4,45,1.15,0.55,1.9,1.1,0.65,0.55
ebeeb4bf-3e8b-493f-85a2-d1d54f17dfde,13,4,30.2,1812,PAPER,0,27,0,31,40,22,0.063,0.0,0.3,0.636,0.366,0.011,0.262,0.361,0.702,0.055,0.237,0.006,93,1,1,0,0,0,0,13,20,16,20,72,8.26,0.009,222,3.7,25,0,32,30.0,2.4,0.95,2.1,4,45,1.15,0.55,1.9,1.1,0.65,0.55
5620acb5-4d51-4545-aa9f-f714ab223f15,19,6,11.87,712,PAPER,0,39,0,34,47,21,0.182,0.077,0.462,0.28,0.287,0.028,0.413,0.273,0.594,0.0,0.378,0.028,102,1,1,0,0,0,0,25,52,25,52,95,12.37,0.012,102,1.7,35,0,32,30.0,2.4,0.95,2.1,4,45,1.15,0.55,1.9,1.1,0.65,0.55
8fe5e5b6-5058-423f-a837-5a9b86019efb,13,5,25.7,1542,PAPER,0,57,0,112,131,93,0.337,0.081,0.372,0.21,0.23,0.414,0.233,0.123,0.683,0.097,0.172,0.049,336,1,1,0,0,0,0,54,231,59,230,321,14.46,0.006,97,1.62,11,0,32,30.0,2.4,0.95,2.1,4,45,1.15,0.55,1.9,1.1,0.65,0.55
8fc24eb8-a26a-48c1-a4c5-9693db09276c,20,7,19.22,1153,SCISSORS,0,0,39,44,57,70,0.16,0.017,0.502,0.32,0.325,0.017,0.39,0.268,0.61,0.082,0.225,0.082,171,1,0,1,0,0,0,39,124,37,126,154,9.63,0.005,133,2.22,19,0,32,30.0,2.4,0.95,2.1,4,45,1.15,0.55,1.9,1.1,0.65,0.55
93be25eb-398b-4a9c-b4fe-a6b487f15445,12,4,17.48,1049,SCISSORS,0,0,60,47,67,87,0.243,0.157,0.557,0.043,0.176,0.229,0.476,0.119,0.629,0.014,0.214,0.143,201,1,0,1,0,0,0,16,108,19,103,190,14.55,0.006,204,3.4,30,0,32,30.0,2.4,0.95,2.1,4,45,1.15,0.55,1.9,1.1,0.65,0.55
5c0f55e8-0d3b-4a53-95ed-d04ec99d9936,18,6,24.1,1446,ROCK,36,0,0,61,37,49,0.218,0.1,0.512,0.17,0.263,0.311,0.412,0.014,0.585,0.017,0.156,0.242,147,1,0,0,1,0,0,39,82,44,85,133,8.52,0.004,266,4.43,34,0,32,30.0,2.4,0.95,2.1,4,45,1.15,0.55,1.9,1.1,0.65,0.55
63d37c15-ebbc-4584-8a0a-02286f36c275,14,5,13.1,786,SCISSORS,0,0,54,18,36,54,0.153,0.14,0.522,0.185,0.395,0.057,0.408,0.14,0.726,0.089,0.185,0.0,108,1,0,1,0,0,0,17,79,15,79,104,12.78,0.003,186,3.1,12,0,32,30.0,2.4,0.95,2.1,4,45,1.15,0.55,1.9,1.1,0.65,0.55
36b59f9e-b69e-44cc-b12e-5d30d779dc3d,12,10,23.53,1412,SCISSORS,0,0,42,40,54,68,0.216,0.173,0.417,0.194,0.12,0.11,0.371,0.399,0.76,0.025,0.067,0.148,162,1,0,1,0,0,0,33,79,45,83,150,9.51,0.008,422,7.03,41,0,32,30.0,2.4,0.95,2.1,4,45,1.15,0.55,1.9,1.1,0.65,0.55
8e5d2ee0-0ed3-458a-8752-23172c71dae9,19,10,18.82,1129,SCISSORS,0,0,36,17,29,41,0.15,0.027,0.677,0.146,0.252,0.106,0.46,0.181,0.513,0.018,0.279,0.19,87,0,0,0,0,0,0,24,61,21,61,74,8.59,0.01,299,4.98,25,0,32,30.0,2.4,0.95,2.1,4,45,1.15,0.55,1.9,1.1,0.65,0.55
d302a612-c176-4790-bd2b-39ff13b2168f,19,6,21.4,1284,SCISSORS,0,0,57,51,70,89,0.206,0.261,0.463,0.07,0.296,0.198,0.389,0.117,0.556,0.039,0.202,0.202,210,1,0,1,0,0,0,33,114,41,112,197,12.37,0.004,224,3.73,48,0,32,30.0,2.4,0.95,2.1,4,45,1.15,0.55,1.9,1.1,0.65,0.55
3c64ec77-f707-4709-ab38-3c3cc92af925,6,6,21.0,1260,ROCK,57,0,0,84,46,65,0.258,0.171,0.389,0.183,0.357,0.044,0.524,0.075,0.56,0.075,0.238,0.127,195,1,0,0,1,0,0,27,128,33,128,181,12.62,0.004,230,3.83,35,0,32,30.0,2.4,0.95,2.1,4,45,1.15,0.55,1.9,1.1,0.65,0.55
4d0f7f29-8e83-4444-b258-4a31a7014000,12,8,20.27,1216,SCISSORS,0,0,18,12,18,24,0.049,0.0,0.63,0.321,0.239,0.0,0.453,0.309,0.465,0.0,0.3,0.235,54,1,0,1,0,0,0,21,39,21,39,43,5.37,0.004,256,4.27,10,0,32,30.0,2.4,0.95,2.1,4,45,1.15,0.55,1.9,1.1,0.65,0.55
34eb1e74-6267-43d5-b777-087758b3727e,18,5,46.97,2818,ROCK,36,0,0,139,115,127,0.294,0.09,0.152,0.463,0.264,0.227,0.268,0.241,0.67,0.041,0.112,0.177,381,1,0,0,1,0,0,95,220,95,214,335,10.88,0.007,228,3.8,28,0,32,30.0,2.4,0.95,2.1,4,45,1.15,0.55,1.9,1.1,0.65,0.55
75c12c5c-74e5-4e1a-80b1-b0d49da22407,8,7,32.22,1933,SCISSORS,0,0,54,110,128,146,0.253,0.243,0.354,0.15,0.339,0.181,0.315,0.165,0.669,0.09,0.14,0.101,384,1,0,1,0,0,0,63,236,75,234,365,11.86,0.006,278,4.63,51,0,32,30.0,2.4,0.95,2.1,4,45,1.15,0.55,1.9,1.1,0.65,0.55
0a94a150-1b5d-4436-b8d9-6a76f989f7b4,15,7,19.62,1177,ROCK,24,0,0,27,11,19,0.309,0.0,0.275,0.415,0.28,0.0,0.53,0.191,0.441,0.0,0.161,0.398,57,1,0,0,1,0,0,15,20,17,20,45,6.91,0.0,422,7.03,23,0,32,30.0,2.4,0.95,2.1,4,45,1.15,0.55,1.9,1.1,0.65,0.55
c9908064-a3ed-49d5-b0aa-f05c4a8eb5af,5,9,23.32,1399,SCISSORS,0,0,45,49,64,79,0.061,0.4,0.486,0.054,0.486,0.15,0.232,0.132,0.689,0.057,0.096,0.157,192,1,0,1,0,0,0,57,152,57,150,169,7.98,0.003,224,3.73,31,0,32,30.0,2.4,0.95,2.1,4,45,1.15,0.55,1.9,1.1,0.65,0.55
c98083f3-e016-4be6-a068-7364063aed76,12,6,28.98,1739,PAPER,0,15,0,20,25,15,0.198,0.0,0.267,0.534,0.259,0.0,0.261,0.48,0.405,0.0,0.247,0.348,60,1,1,0,0,0,0,18,35,21,32,37,4.88,0.005,184,3.07,13,0,32,30.0,2.4,0.95,2.1,4,45,1.15,0.55,1.9,1.1,0.65,0.55
f203da57-efc3-4141-a042-1f887c09f46f,5,8,30.45,1827,ROCK,36,0,0,77,53,65,0.322,0.063,0.276,0.339,0.221,0.046,0.456,0.276,0.519,0.0,0.175,0.306,195,1,0,0,1,0,0,57,89,52,89,165,9.02,0.003,247,4.12,35,0,32,30.0,2.4,0.95,2.1,4,45,1.15,0.55,1.9,1.1,0.65,0.55
17757c0e-131c-480c-b545-44b46727e95b,11,8,44.95,2697,ROCK,15,0,0,38,28,33,0.233,0.0,0.122,0.644,0.202,0.0,0.17,0.628,0.556,0.0,0.065,0.38,99,1,0,0,1,0,0,26,58,37,54,59,4.63,0.002,182,3.03,9,0,32,30.0,2.4,0.95,2.1,4,45,1.15,0.55,1.9,1.1,0.65,0.55
9756786f-c3a9-4ed9-8e98-bd74f73bd8a9,9,10,27.62,1657,SCISSORS,0,0,33,61,72,83,0.295,0.081,0.28,0.343,0.244,0.136,0.319,0.301,0.669,0.054,0.123,0.154,216,1,0,1,0,0,0,48,128,62,126,188,9.11,0.006,252,4.2,25,0,32,30.0,2.4,0.95,2.1,4,45,1.15,0.55,1.9,1.1,0.65,0.55
3dbc59a3-e527-4d39-a387-9f2c7dc7fc87,20,4,21.28,1277,SCISSORS,0,0,27,29,38,47,0.16,0.016,0.52,0.305,0.402,0.062,0.258,0.277,0.445,0.039,0.191,0.324,114,1,0,1,0,0,0,4,37,8,37,99,8.46,0.007,322,5.37,24,0,32,30.0,2.4,0.95,2.1,4,45,1.15,0.55,1.9,1.1,0.65,0.55
f0774aca-61a0-48ce-abe9-ea689f4d932c,20,4,13.58,815,ROCK,60,0,0,79,39,59,0.233,0.117,0.399,0.252,0.27,0.049,0.571,0.11,0.362,0.178,0.337,0.123,177,1,0,0,1,0,0,24,107,29,109,168,14.24,0.003,160,2.67,34,0,32,30.0,2.4,0.95,2.1,4,45,1.15,0.55,1.9,1.1,0.65,0.55
8e60d01b-a7c1-44b6-b013-3096382befa6,20,4,29.43,1766,ROCK,60,0,0,176,136,156,0.399,0.408,0.099,0.093,0.49,0.176,0.221,0.113,0.705,0.122,0.068,0.105,468,1,0,0,1,0,0,63,339,76,343,455,13.75,0.003,231,3.85,52,0,32,30.0,2.4,0.95,2.1,4,45,1.15,0.55,1.9,1.1,0.65,0.55
3d9f7b17-e8d5-499c-8da5-c704fdf67f59,5,8,14.28,857,SCISSORS,0,0,60,65,85,105,0.256,0.145,0.378,0.221,0.337,0.099,0.209,0.355,0.721,0.041,0.134,0.105,255,1,0,1,0,0,0,62,166,68,167,233,12.14,0.005,192,3.2,40,0,32,30.0,2.4,0.95,2.1,4,45,1.15,0.55,1.9,1.1,0.65,0.55
d9861aaa-94f4-4739-9931-0955c42d3b1d,14,4,17.7,1062,ROCK,15,0,0,16,6,11,0.235,0.0,0.263,0.502,0.31,0.0,0.545,0.146,0.329,0.0,0.16,0.512,33,1,0,0,1,0,0,9,10,8,12,22,4.88,0.0,312,5.2,14,0,32,30.0,2.4,0.95,2.1,4,45,1.15,0.55,1.9,1.1,0.65,0.55
41347ad7-2988-4732-978f-8c96133a9dd1,16,7,20.08,1205,PAPER,0,42,0,75,89,61,0.382,0.05,0.174,0.394,0.307,0.191,0.108,0.394,0.573,0.017,0.17,0.241,225,1,1,0,0,0,0,53,122,60,116,199,11.91,0.008,165,2.75,34,0,32,30.0,2.4,0.95,2.1,4,45,1.15,0.55,1.9,1.1,0.65,0.55
57c845d9-a7ec-4a41-b519-df43201ff97c,15,5,15.12,907,PAPER,0,48,0,53,69,37,0.445,0.038,0.225,0.291,0.313,0.049,0.214,0.423,0.56,0.082,0.247,0.11,159,1,1,0,0,0,0,18,70,25,73,150,11.23,0.009,162,2.7,42,0,32,30.0,2.4,0.95,2.1,4,45,1.15,0.55,1.9,1.1,0.65,0.55
ad83c676-d398-4594-80d1-f5c04cdfed8a,13,5,16.4,984,PAPER,0,45,0,40,55,25,0.208,0.345,0.315,0.132,0.259,0.345,0.193,0.203,0.624,0.0,0.274,0.102,120,1,1,0,0,0,0,36,70,35,68,112,12.38,0.012,169,2.82,37,0,32,30.0,2.4,0.95,2.1,4,45,1.15,0.55,1.9,1.1,0.65,0.55
5dd318bd-398a-40d0-9e50-9cc22f1496a8,5,5,17.83,1070,SCISSORS,0,0,39,28,41,54,0.168,0.173,0.607,0.051,0.126,0.098,0.252,0.523,0.668,0.0,0.154,0.178,123,1,0,1,0,0,0,11,54,16,58,108,9.67,0.008,435,7.25,38,0,32,30.0,2.4,0.95,2.1,4,45,1.15,0.55,1.9,1.1,0.65,0.55
878dfb56-d3d1-4b77-a512-54f4da36fd09,6,9,25.95,1557,ROCK,15,0,0,29,19,24,0.186,0.0,0.215,0.599,0.17,0.0,0.359,0.471,0.516,0.0,0.106,0.378,72,1,0,0,1,0,0,29,40,33,37,52,4.92,0.006,247,4.12,9,0,32,30.0,2.4,0.95,2.1,4,45,1.15,0.55,1.9,1.1,0.65,0.55
1239eaf7-2f93-43d4-98c1-5bbe44c9ac31,9,4,23.95,1437,SCISSORS,0,0,18,21,27,33,0.253,0.0,0.392,0.354,0.198,0.0,0.191,0.611,0.503,0.0,0.073,0.424,81,1,0,1,0,0,0,3,18,6,19,56,5.46,0.002,332,5.53,14,0,32,30.0,2.4,0.95,2.1,4,45,1.15,0.55,1.9,1.1,0.65,0.55
70c1ad28-c3e0-441b-b589-10f576e47bcd,8,9,20.4,1224,SCISSORS,0,0,27,30,39,48,0.118,0.078,0.318,0.486,0.31,0.261,0.335,0.094,0.743,0.0,0.106,0.151,117,1,0,1,0,0,0,34,75,42,75,101,6.99,0.004,154,2.57,15,0,32,30.0,2.4,0.95,2.1,4,45,1.15,0.55,1.9,1.1,0.65,0.55
0d9ecc1e-d4bf-4d89-964e-ba7bce9b3383,6,8,28.82,1729,SCISSORS,0,0,24,24,32,40,0.173,0.029,0.341,0.457,0.35,0.205,0.266,0.179,0.711,0.069,0.069,0.15,96,1,0,1,0,0,0,33,65,38,63,73,6.32,0.01,254,4.23,22,0,32,30.0,2.4,0.95,2.1,4,45,1.15,0.55,1.9,1.1,0.65,0.55
79b0135d-9297-434c-964c-2283e00bc4fd,19,7,23.27,1396,SCISSORS,0,0,18,21,27,33,0.38,0.0,0.276,0.344,0.247,0.0,0.183,0.57,0.634,0.0,0.115,0.251,81,1,0,1,0,0,0,23,47,32,43,56,5.46,0.007,141,2.35,10,0,32,30.0,2.4,0.95,2.1,4,45,1.15,0.55,1.9,1.1,0.65,0.55
daafdaae-7349-4a1d-87c2-39b75e6a5a25,20,10,9.55,573,SCISSORS,0,0,57,20,39,58,0.0,0.357,0.609,0.035,0.4,0.0,0.383,0.217,0.817,0.0,0.183,0.0,117,1,0,1,0,0,0,29,84,34,84,102,9.33,0.0,183,3.05,30,0,32,30.0,2.4,0.95,2.1,4,45,1.15,0.55,1.9,1.1,0.65,0.55
b7cc408b-a337-421a-bd7a-75b4361956ce,12,4,15.4,924,SCISSORS,0,0,60,62,82,102,0.276,0.2,0.465,0.059,0.243,0.265,0.314,0.178,0.778,0.043,0.081,0.097,246,1,0,1,0,0,0,18,192,25,192,239,11.6,0.003,209,3.48,32,0,32,30.0,2.4,0.95,2.1,4,45,1.15,0.55,1.9,1.1,0.65,0.55
0d6c1f7d-6398-4ead-bf84-992cb1d59579,11,5,13.98,839,ROCK,36,0,0,40,16,28,0.357,0.065,0.31,0.268,0.268,0.0,0.571,0.161,0.5,0.077,0.232,0.19,84,1,0,0,1,0,0,9,49,12,53,79,9.04,0.007,199,3.32,20,0,32,30.0,2.4,0.95,2.1,4,45,1.15,0.55,1.9,1.1,0.65,0.55
cf88f12f-5482-405e-be43-c1508ddf69cb,18,10,13.97,838,SCISSORS,0,0,33,21,32,43,0.274,0.0,0.649,0.077,0.185,0.018,0.464,0.333,0.542,0.03,0.208,0.22,96,1,0,1,0,0,0,12,40,16,38,82,8.1,0.008,183,3.05,22,0,32,30.0,2.4,0.95,2.1,4,45,1.15,0.55,1.9,1.1,0.65,0.55
fcf9ec65-8bec-4de3-9976-01119ddde0c3,13,10,22.95,1377,ROCK,54,0,0,118,82,100,0.428,0.228,0.225,0.12,0.304,0.174,0.337,0.185,0.482,0.178,0.152,0.188,300,1,0,0,1,0,0,58,165,59,164,283,12.96,0.006,212,3.53,31,0,32,30.0,2.4,0.95,2.1,4,45,1.15,0.55,1.9,1.1,0.65,0.55
36a693c7-4af5-477c-8667-1601ad2f81f2,20,10,35.45,2127,ROCK,39,0,0,102,76,89,0.324,0.08,0.192,0.404,0.246,0.254,0.268,0.232,0.681,0.009,0.092,0.218,267,1,0,0,1,0,0,77,160,79,155,238,8.94,0.002,302,5.03,35,0,32,30.0,2.4,0.95,2.1,4,45,1.15,0.55,1.9,1.1,0.65,0.55
db109378-88d7-41cc-94b6-ac4a841f79d0,14,10,20.2,1212,SCISSORS,0,0,60,98,118,138,0.267,0.226,0.329,0.177,0.444,0.078,0.255,0.222,0.51,0.218,0.128,0.144,354,1,0,1,0,0,0,89,226,93,226,335,12.88,0.003,192,3.2,39,0,32,30.0,2.4,0.95,2.1,4,45,1.15,0.55,1.9,1.1,0.65,0.55
18c646f3-d13d-443f-87cb-b7bc55c32364,19,5,26.95,1617,ROCK,42,0,0,67,39,53,0.194,0.367,0.262,0.176,0.327,0.269,0.373,0.031,0.667,0.049,0.182,0.102,159,1,0,0,1,0,0,21,92,26,91,148,12.28,0.001,237,3.95,38,0,32,30.0,2.4,0.95,2.1,4,45,1.15,0.55,1.9,1.1,0.65,0.55
e4898f41-2d96-4849-bec4-dee264764cc9,15,10,29.35,1761,SCISSORS,0,0,57,120,139,158,0.369,0.19,0.264,0.176,0.386,0.136,0.196,0.281,0.645,0.099,0.116,0.139,417,1,0,1,0,0,0,92,251,86,251,398,12.55,0.004,176,2.93,34,0,32,30.0,2.4,0.95,2.1,4,45,1.15,0.55,1.9,1.1,0.65,0.55
6b63fc01-dc21-496f-b7c7-6d5135bf392b,8,8,26.53,1592,SCISSORS,0,0,45,61,76,91,0.345,0.022,0.398,0.235,0.348,0.063,0.241,0.348,0.545,0.091,0.141,0.223,228,1,0,1,0,0,0,51,162,65,166,210,10.56,0.004,357,5.95,43,0,32,30.0,2.4,0.95,2.1,4,45,1.15,0.55,1.9,1.1,0.65,0.55
7cc4b9d3-3fb7-4b61-a602-ebf1121bbd69,6,8,11.47,688,SCISSORS,0,0,24,6,14,22,0.094,0.058,0.522,0.326,0.478,0.0,0.377,0.145,0.297,0.0,0.188,0.514,42,1,0,1,0,0,0,9,17,11,19,32,8.36,0.0,163,2.72,10,0,32,30.0,2.4,0.95,2.1,4,45,1.15,0.55,1.9,1.1,0.65,0.55
ae618b77-3fe1-4d84-86d4-2df58833ef62,9,4,15.8,948,SCISSORS,0,0,18,7,13,19,0.184,0.074,0.679,0.063,0.211,0.0,0.247,0.542,0.626,0.0,0.121,0.253,39,1,0,1,0,0,0,3,11,8,11,21,4.49,0.018,418,6.97,17,0,32,30.0,2.4,0.95,2.1,4,45,1.15,0.55,1.9,1.1,0.65,0.55
26bd7e56-08be-463c-aaae-ff5478250c1e,19,5,25.73,1544,PAPER,0,27,0,44,53,35,0.204,0.107,0.201,0.489,0.317,0.045,0.288,0.35,0.67,0.013,0.159,0.159,132,1,1,0,0,0,0,28,53,31,57,115,8.67,0.006,139,2.32,22,0,32,30.0,2.4,0.95,2.1,4,45,1.15,0.55,1.9,1.1,0.65,0.55
3b7b7c5c-a110-47b9-9002-cb0a1077dc71,13,5,15.0,900,ROCK,57,0,0,91,53,72,0.417,0.111,0.261,0.211,0.5,0.072,0.411,0.017,0.389,0.067,0.139,0.406,216,1,0,0,1,0,0,29,93,33,93,202,11.91,0.002,220,3.67,54,0,32,30.0,2.4,0.95,2.1,4,45,1.15,0.55,1.9,1.1,0.65,0.55
9e86fe24-6cb4-4e41-94d0-3419eec159fb,14,10,21.22,1273,PAPER,0,39,0,74,87,61,0.29,0.031,0.298,0.38,0.302,0.031,0.349,0.318,0.635,0.0,0.149,0.216,222,1,1,0,0,0,0,87,156,90,150,206,11.38,0.004,88,1.47,9,0,32,30.0,2.4,0.95,2.1,4,45,1.15,0.55,1.9,1.1,0.65,0.55
a10a294b-9f73-4714-a2f2-03786e9c3921,5,4,26.63,1598,SCISSORS,0,0,42,61,75,89,0.191,0.253,0.347,0.209,0.303,0.237,0.163,0.297,0.659,0.1,0.062,0.178,225,1,0,1,0,0,0,31,106,38,104,209,10.91,0.004,263,4.38,36,0,32,30.0,2.4,0.95,2.1,4,45,1.15,0.55,1.9,1.1,0.65,0.55
72fb041c-e3b1-4ac1-9c66-25973d9a47ca,13,4,8.48,509,PAPER,0,15,0,6,11,1,0.059,0.0,0.735,0.206,0.402,0.0,0.598,0.0,0.108,0.0,0.363,0.529,18,1,1,0,0,0,0,1,3,0,3,13,5.89,0.011,119,1.98,6,0,32,30.0,2.4,0.95,2.1,4,45,1.15,0.55,1.9,1.1,0.65,0.55
aba78656-454e-4876-807c-ac3c0cec9d5b,20,9,17.9,1074,SCISSORS,0,0,39,41,54,67,0.228,0.121,0.516,0.135,0.316,0.093,0.279,0.312,0.609,0.065,0.149,0.177,162,1,0,1,0,0,0,52,103,54,105,139,8.22,0.004,254,4.23,35,0,32,30.0,2.4,0.95,2.1,4,45,1.15,0.55,1.9,1.1,0.65,0.55
931ec2f3-be46-487f-bf9f-aea78ac183b1,10,7,10.22,613,ROCK,60,0,0,60,20,40,0.333,0.285,0.382,0.0,0.0,0.163,0.642,0.195,0.642,0.024,0.244,0.089,120,0,0,0,0,0,0,19,100,23,100,115,10.78,0.006,108,1.8,13,0,32,30.0,2.4,0.95,2.1,4,45,1.15,0.55,1.9,1.1,0.65,0.55
1a4d1069-09e9-4497-8da0-60dd258e057f,11,9,23.0,1380,ROCK,30,0,0,64,44,54,0.391,0.029,0.141,0.438,0.344,0.105,0.279,0.272,0.558,0.0,0.105,0.337,162,1,0,0,1,0,0,44,99,52,93,139,7.74,0.009,220,3.67,20,0,32,30.0,2.4,0.95,2.1,4,45,1.15,0.55,1.9,1.1,0.65,0.55
a0c13ecf-1efa-474f-adb1-bc63505434fc,9,6,25.73,1544,ROCK,33,0,0,77,55,66,0.392,0.133,0.162,0.314,0.427,0.068,0.343,0.162,0.485,0.071,0.087,0.356,198,1,0,0,1,0,0,56,127,71,131,161,7.49,0.006,274,4.57,29,0,32,30.0,2.4,0.95,2.1,4,45,1.15,0.55,1.9,1.1,0.65,0.55
67e3442b-e805-4296-94b9-94e69806fa2b,16,7,32.67,1960,SCISSORS,0,0,27,45,54,63,0.321,0.151,0.214,0.314,0.467,0.079,0.184,0.27,0.653,0.064,0.077,0.207,162,1,0,1,0,0,0,44,94,43,95,123,6.33,0.009,140,2.33,6,0,32,30.0,2.4,0.95,2.1,4,45,1.15,0.55,1.9,1.1,0.65,0.55
2f358286-b251-42cf-a539-166d11b90883,5,6,69.23,4154,SCISSORS,0,0,48,298,314,330,0.371,0.097,0.174,0.357,0.415,0.197,0.051,0.337,0.655,0.207,0.016,0.123,942,1,0,1,0,0,0,112,513,153,525,881,11.24,0.006,244,4.07,34,0,32,30.0,2.4,0.95,2.1,4,45,1.15,0.55,1.9,1.1,0.65,0.55
62d7b6a0-f74a-4f86-ac5b-3b0c0e3099d5,13,6,27.63,1658,ROCK,15,0,0,22,12,17,0.283,0.0,0.069,0.648,0.37,0.0,0.41,0.22,0.361,0.0,0.063,0.575,51,1,0,0,1,0,0,6,14,14,16,31,4.63,0.0,408,6.8,14,0,32,30.0,2.4,0.95,2.1,4,45,1.15,0.55,1.9,1.1,0.65,0.55
9bd35ee7-dc52-428a-8bdd-164a497dd291,5,5,15.78,947,ROCK,39,0,0,51,25,38,0.237,0.095,0.316,0.353,0.321,0.089,0.426,0.163,0.605,0.163,0.163,0.068,114,1,0,0,1,0,0,20,78,25,78,96,8.93,0.011,132,2.2,14,0,32,30.0,2.4,0.95,2.1,4,45,1.15,0.55,1.9,1.1,0.65,0.55
c298cbbe-9c11-4473-b8b9-5d82e6a1e35a,20,9,25.65,1539,ROCK,15,0,0,28,18,23,0.253,0.0,0.133,0.614,0.273,0.0,0.393,0.334,0.425,0.0,0.114,0.461,69,1,0,0,1,0,0,20,47,22,46,40,4.26,0.003,249,4.15,13,0,32,30.0,2.4,0.95,2.1,4,45,1.15,0.55,1.9,1.1,0.65,0.55
545da987-baa2-488f-b0ef-50859a83126f,8,8,41.92,2515,SCISSORS,0,0,60,196,216,236,0.304,0.193,0.326,0.177,0.388,0.185,0.125,0.302,0.66,0.155,0.052,0.133,648,1,0,1,0,0,0,170,411,175,409,615,14.62,0.004,410,6.83,54,0,32,30.0,2.4,0.95,2.1,4,45,1.15,0.55,1.9,1.1,0.65,0.55
fd8da37a-1ced-406a-b7b8-4488b5d31aa0,5,10,20.4,1224,ROCK,24,0,0,30,14,22,0.196,0.037,0.482,0.286,0.176,0.196,0.612,0.016,0.351,0.0,0.339,0.31,66,1,0,0,1,0,0,15,32,14,31,56,7.42,0.0,354,5.9,18,0,32,30.0,2.4,0.95,2.1,4,45,1.15,0.55,1.9,1.1,0.65,0.55
64be9395-04aa-47be-b7c3-8d8e0ee2f5c5,7,5,24.85,1491,PAPER,0,15,0,13,18,8,0.161,0.0,0.419,0.419,0.268,0.0,0.423,0.309,0.372,0.0,0.413,0.215,39,1,1,0,0,0,0,7,15,8,14,24,5.13,0.004,281,4.68,13,0,32,30.0,2.4,0.95,2.1,4,45,1.15,0.55,1.9,1.1,0.65,0.55
c478befc-84ae-43dc-b8b3-c678997a4315,17,6,34.1,2046,SCISSORS,0,0,21,24,31,38,0.156,0.0,0.352,0.491,0.125,0.039,0.394,0.443,0.56,0.0,0.23,0.21,93,1,0,1,0,0,0,25,49,27,52,77,6.4,0.012,186,3.1,10,0,32,30.0,2.4,0.95,2.1,4,45,1.15,0.55,1.9,1.1,0.65,0.55
4116ad2e-e989-4663-98d8-3f8899b54331,12,8,54.48,3269,ROCK,51,0,0,200,166,183,0.401,0.2,0.249,0.15,0.217,0.298,0.362,0.122,0.584,0.136,0.148,0.131,549,1,0,0,1,0,0,146,409,149,408,506,10.16,0.004,334,5.57,45,0,32,30.0,2.4,0.95,2.1,4,45,1.15,0.55,1.9,1.1,0.65,0.55
ef0bf3a8-6be0-474b-abe1-e0e7505db516,6,8,23.92,1435,SCISSORS,0,0,36,34,46,58,0.164,0.08,0.512,0.244,0.362,0.0,0.456,0.181,0.537,0.038,0.275,0.15,138,0,0,0,0,0,0,20,96,22,98,109,7.95,0.005,235,3.92,30,0,32,30.0,2.4,0.95,2.1,4,45,1.15,0.55,1.9,1.1,0.65,0.55
0fecdc1f-d193-404e-ad52-abd3de010e82,10,8,26.35,1581,PAPER,0,18,0,21,27,15,0.244,0.0,0.456,0.301,0.32,0.0,0.386,0.294,0.291,0.0,0.326,0.383,63,1,1,0,0,0,0,10,22,14,22,47,5.75,0.013,256,4.27,14,0,32,30.0,2.4,0.95,2.1,4,45,1.15,0.55,1.9,1.1,0.65,0.55
92409eab-393e-42a9-86ed-05b94cf20b04,20,10,17.93,1076,SCISSORS,0,0,30,4,14,24,0.0,0.0,0.781,0.219,0.223,0.019,0.698,0.06,0.46,0.079,0.46,0.0,42,1,0,1,0,0,0,9,33,11,34,35,7.21,0.003,186,3.1,6,0,32,30.0,2.4,0.95,2.1,4,45,1.15,0.55,1.9,1.1,0.65,0.55
bd2f6c82-2587-4762-a948-40e24d1a4149,14,5,18.77,1126,SCISSORS,0,0,60,37,57,77,0.169,0.142,0.627,0.062,0.209,0.178,0.502,0.111,0.609,0.116,0.276,0.0,171,1,0,1,0,0,0,45,110,48,112,168,14.29,0.003,211,3.52,28,0,32,30.0,2.4,0.95,2.1,4,45,1.15,0.55,1.9,1.1,0.65,0.55
8288c7b3-7b6c-4caa-8885-6ac2e42abea3,12,7,25.02,1501,SCISSORS,0,0,42,37,51,65,0.193,0.1,0.67,0.037,0.217,0.073,0.403,0.307,0.597,0.047,0.257,0.1,153,1,0,1,0,0,0,37,102,49,102,144,10.54,0.004,471,7.85,38,0,32,30.0,2.4,0.95,2.1,4,45,1.15,0.55,1.9,1.1,0.65,0.55
5a706eee-a4ae-481e-9878-e2961eb4b10f,6,5,30.05,1803,ROCK,36,0,0,51,27,39,0.219,0.114,0.44,0.227,0.13,0.197,0.618,0.055,0.676,0.0,0.233,0.091,117,0,0,0,0,0,0,16,65,18,63,111,9.56,0.001,298,4.97,22,0,32,30.0,2.4,0.95,2.1,4,45,1.15,0.55,1.9,1.1,0.65,0.55
0f66112d-cddf-40c6-b91a-8d95c4887ae2,13,4,52.22,3133,SCISSORS,0,0,18,35,41,47,0.15,0.0,0.287,0.563,0.493,0.0,0.203,0.305,0.38,0.014,0.113,0.493,123,1,0,1,0,0,0,26,50,36,53,88,6.26,0.007,173,2.88,3,0,32,30.0,2.4,0.95,2.1,4,45,1.15,0.55,1.9,1.1,0.65,0.55
112877be-f8de-4302-a4af-7f1665aae102,10,5,30.1,1806,ROCK,39,0,0,80,54,67,0.305,0.175,0.416,0.105,0.183,0.18,0.554,0.083,0.576,0.042,0.219,0.163,201,1,0,0,1,0,0,20,94,29,89,178,10.66,0.004,356,5.93,36,0,32,30.0,2.4,0.95,2.1,4,45,1.15,0.55,1.9,1.1,0.65,0.55
dfb954ad-b252-4bca-9bcb-d07f73db2528,19,5,39.87,2392,SCISSORS,0,0,30,66,76,86,0.2,0.159,0.397,0.244,0.367,0.035,0.351,0.246,0.555,0.063,0.096,0.286,228,1,0,1,0,0,0,35,86,44,93,191,8.14,0.005,317,5.28,20,0,32,30.0,2.4,0.95,2.1,4,45,1.15,0.55,1.9,1.1,0.65,0.55
f8931062-8e76-4cdd-beb5-84572d120743,16,7,23.93,1436,PAPER,0,57,0,67,86,48,0.167,0.171,0.509,0.153,0.324,0.035,0.491,0.15,0.443,0.08,0.474,0.003,201,1,1,0,0,0,0,45,112,50,111,191,12.79,0.007,296,4.93,55,0,32,30.0,2.4,0.95,2.1,4,45,1.15,0.55,1.9,1.1,0.65,0.55
956fcd30-ced2-41ac-8c56-df09d83a4211,16,8,21.0,1260,ROCK,48,0,0,64,32,48,0.167,0.028,0.571,0.234,0.202,0.0,0.675,0.123,0.468,0.032,0.389,0.111,144,1,0,0,1,0,0,43,80,45,80,137,11.79,0.002,275,4.58,36,0,32,30.0,2.4,0.95,2.1,4,45,1.15,0.55,1.9,1.1,0.65,0.55
9f9530f7-27a2-4aa0-986f-62e1513835f8,13,5,20.7,1242,SCISSORS,0,0,48,18,34,50,0.08,0.048,0.779,0.092,0.289,0.0,0.51,0.201,0.394,0.068,0.329,0.209,102,1,0,1,0,0,0,7,39,12,42,92,11.04,0.002,307,5.12,24,0,32,30.0,2.4,0.95,2.1,4,45,1.15,0.55,1.9,1.1,0.65,0.55
85a57de4-b44e-4887-8818-ccd534b46cba,20,5,31.33,1880,ROCK,39,0,0,81,55,68,0.303,0.152,0.191,0.354,0.287,0.106,0.41,0.197,0.564,0.0,0.122,0.314,204,1,0,0,1,0,0,46,81,38,89,179,10.14,0.008,340,5.67,37,0,32,30.0,2.4,0.95,2.1,4,45,1.15,0.55,1.9,1.1,0.65,0.55
26d7ead7-9f9f-4c9f-8b63-adf7c6018323,19,5,28.33,1700,ROCK,60,0,0,136,96,116,0.265,0.109,0.179,0.447,0.374,0.135,0.265,0.226,0.588,0.115,0.103,0.194,348,1,0,0,1,0,0,53,194,72,197,322,14.09,0.003,175,2.92,31,0,32,30.0,2.4,0.95,2.1,4,45,1.15,0.55,1.9,1.1,0.65,0.55
d6b0a5e2-db14-4725-9e5d-a74d4b775dbb,9,10,36.03,2162,PAPER,0,57,0,164,183,145,0.365,0.182,0.122,0.33,0.339,0.3,0.143,0.217,0.686,0.139,0.095,0.081,492,1,1,0,0,0,0,161,372,175,372,469,12.89,0.007,127,2.12,40,0,32,30.0,2.4,0.95,2.1,4,45,1.15,0.55,1.9,1.1,0.65,0.55
d0bf256c-2708-4534-a716-bf08f0da5f86,5,5,53.52,3211,SCISSORS,0,0,27,74,83,92,0.276,0.111,0.227,0.386,0.397,0.093,0.193,0.316,0.648,0.084,0.093,0.174,249,1,0,1,0,0,0,33,115,37,123,220,8.31,0.008,266,4.43,21,0,32,30.0,2.4,0.95,2.1,4,45,1.15,0.55,1.9,1.1,0.65,0.55
5803f8ff-a3cf-4b97-9b30-de38c5135f5f,9,10,31.42,1885,SCISSORS,0,0,15,21,26,31,0.156,0.0,0.398,0.446,0.167,0.0,0.156,0.676,0.599,0.0,0.082,0.318,78,1,0,1,0,0,0,38,52,38,53,43,4.36,0.003,480,8.0,14,0,32,30.0,2.4,0.95,2.1,4,45,1.15,0.55,1.9,1.1,0.65,0.55
0a6910f6-561b-492c-af45-f45c021e0736,8,10,13.0,780,ROCK,27,0,0,28,10,19,0.147,0.051,0.346,0.455,0.276,0.0,0.494,0.231,0.635,0.0,0.263,0.103,57,1,0,0,1,0,0,36,38,39,35,48,7.81,0.0,155,2.58,16,0,32,30.0,2.4,0.95,2.1,4,45,1.15,0.55,1.9,1.1,0.65,0.55
a7fb2a36-7322-42ea-ba97-083d51e67e55,8,8,30.35,1821,SCISSORS,0,0,24,25,33,41,0.113,0.181,0.442,0.264,0.31,0.014,0.269,0.407,0.637,0.014,0.14,0.209,99,1,0,1,0,0,0,29,56,30,55,74,5.98,0.007,431,7.18,23,0,32,30.0,2.4,0.95,2.1,4,45,1.15,0.55,1.9,1.1,0.65,0.55
161ba3b5-0890-4b6f-9c8c-0a289f4d5f86,14,6,32.08,1925,ROCK,24,0,0,39,23,31,0.195,0.055,0.249,0.501,0.345,0.042,0.397,0.216,0.714,0.021,0.132,0.132,93,1,0,0,1,0,0,10,34,16,35,75,6.88,0.003,330,5.5,19,0,32,30.0,2.4,0.95,2.1,4,45,1.15,0.55,1.9,1.1,0.65,0.55
554d8d04-366a-4172-948f-db3466bbe87f,11,10,16.72,1003,PAPER,0,42,0,44,58,30,0.209,0.139,0.328,0.323,0.224,0.154,0.388,0.234,0.632,0.06,0.299,0.01,132,1,1,0,0,0,0,36,92,42,93,121,8.89,0.008,183,3.05,35,0,32,30.0,2.4,0.95,2.1,4,45,1.15,0.55,1.9,1.1,0.65,0.55
7926cc1a-5556-41b5-9348-60a3c380d1c8,19,10,12.73,764,ROCK,33,0,0,37,15,26,0.281,0.118,0.359,0.242,0.314,0.092,0.477,0.118,0.562,0.078,0.294,0.065,78,1,0,0,1,0,0,15,50,13,49,65,8.18,0.006,119,1.98,20,0,32,30.0,2.4,0.95,2.1,4,45,1.15,0.55,1.9,1.1,0.65,0.55
1de5d6a0-a48d-443c-8979-1322d6d03079,18,7,20.67,1240,ROCK,57,0,0,101,63,82,0.403,0.145,0.258,0.194,0.278,0.194,0.444,0.085,0.581,0.081,0.21,0.129,246,1,0,0,1,0,0,51,164,59,166,237,11.12,0.005,210,3.5,45,0,32,30.0,2.4,0.95,2.1,4,45,1.15,0.55,1.9,1.1,0.65,0.55
1b6b09c5-b2d4-4d16-9484-9f808cfe425b,13,9,13.88,833,PAPER,0,54,0,56,74,38,0.168,0.18,0.485,0.168,0.263,0.126,0.449,0.162,0.491,0.018,0.431,0.06,168,1,1,0,0,0,0,43,97,45,96,155,11.77,0.003,198,3.3,50,0,32,30.0,2.4,0.95,2.1,4,45,1.15,0.55,1.9,1.1,0.65,0.55
a228c787-33ce-4c28-bb51-0c1d399c4264,16,9,24.6,1476,ROCK,39,0,0,74,48,61,0.261,0.115,0.278,0.346,0.285,0.034,0.414,0.268,0.814,0.0,0.088,0.098,183,1,0,0,1,0,0,51,102,56,106,168,9.58,0.007,196,3.27,20,0,32,30.0,2.4,0.95,2.1,4,45,1.15,0.55,1.9,1.1,0.65,0.55
b91a823a-f2ef-4aeb-8a10-3b24513f22ac,17,10,16.17,970,ROCK,48,0,0,63,31,47,0.309,0.103,0.314,0.273,0.268,0.103,0.521,0.108,0.433,0.144,0.186,0.237,141,1,0,0,1,0,0,44,75,51,76,134,13.31,0.005,225,3.75,35,0,32,30.0,2.4,0.95,2.1,4,45,1.15,0.55,1.9,1.1,0.65,0.55
8fc05da7-541c-4414-b587-29a6dcb8312c,18,5,22.28,1337,SCISSORS,0,0,51,56,73,90,0.235,0.168,0.422,0.175,0.257,0.332,0.246,0.164,0.701,0.112,0.123,0.063,219,0,0,0,0,0,0,34,143,49,141,210,11.02,0.003,267,4.45,49,0,32,30.0,2.4,0.95,2.1,4,45,1.15,0.55,1.9,1.1,0.65,0.55
9d40bc73-05ca-4d15-820c-0ab4b3bbf730,19,4,35.65,2139,PAPER,0,54,0,126,144,108,0.266,0.098,0.32,0.315,0.329,0.25,0.227,0.194,0.715,0.072,0.145,0.068,378,1,1,0,0,0,0,39,253,39,252,354,12.68,0.003,209,3.48,49,0,32,30.0,2.4,0.95,2.1,4,45,1.15,0.55,1.9,1.1,0.65,0.55
99e3b8ba-45f0-49af-8c4d-d4ebfd6eb9b4,8,6,25.87,1552,PAPER,0,57,0,117,136,98,0.286,0.077,0.19,0.447,0.318,0.186,0.17,0.325,0.691,0.068,0.219,0.023,351,1,1,0,0,0,0,81,243,88,241,323,13.44,0.005,187,3.12,53,0,32,30.0,2.4,0.95,2.1,4,45,1.15,0.55,1.9,1.1,0.65,0.55
f3a798f2-17ac-4f46-ab23-eb37f712d75b,15,5,23.58,1415,SCISSORS,0,0,24,28,36,44,0.166,0.0,0.558,0.276,0.353,0.0,0.353,0.293,0.541,0.057,0.141,0.261,108,1,0,1,0,0,0,21,52,30,51,89,7.95,0.007,280,4.67,22,0,32,30.0,2.4,0.95,2.1,4,45,1.15,0.55,1.9,1.1,0.65,0.55
b87051ff-e966-4ea9-832c-5059f9cfc3a5,12,8,44.75,2685,SCISSORS,0,0,45,161,176,191,0.38,0.026,0.223,0.371,0.331,0.156,0.132,0.38,0.706,0.102,0.041,0.151,528,1,0,1,0,0,0,166,310,157,304,493,13.33,0.005,155,2.58,21,0,32,30.0,2.4,0.95,2.1,4,45,1.15,0.55,1.9,1.1,0.65,0.55
71ec85ea-0b83-449f-a8c0-70c872d6339e,10,10,24.65,1479,ROCK,36,0,0,60,36,48,0.307,0.213,0.223,0.257,0.277,0.091,0.503,0.128,0.72,0.0,0.091,0.189,144,1,0,0,1,0,0,30,95,43,94,125,8.6,0.006,314,5.23,34,0,32,30.0,2.4,0.95,2.1,4,45,1.15,0.55,1.9,1.1,0.65,0.55
022977bf-1c4a-46e3-9669-d6748d1a2148,11,5,47.45,2847,SCISSORS,0,0,30,83,93,103,0.304,0.067,0.17,0.46,0.258,0.068,0.098,0.575,0.7,0.03,0.025,0.246,279,1,0,1,0,0,0,50,138,63,126,222,8.91,0.006,352,5.87,29,0,32,30.0,2.4,0.95,2.1,4,45,1.15,0.55,1.9,1.1,0.65,0.55
0c7bab5f-2aa1-47b5-9143-24c05276378a,20,5,35.2,2112,ROCK,33,0,0,85,63,74,0.376,0.09,0.182,0.352,0.447,0.071,0.262,0.22,0.565,0.035,0.059,0.34,222,1,0,0,1,0,0,35,99,38,100,198,8.94,0.004,302,5.03,31,0,32,30.0,2.4,0.95,2.1,4,45,1.15,0.55,1.9,1.1,0.65,0.55
450a3569-bfa1-4dc6-9717-05a9e45388c8,6,9,13.78,827,ROCK,60,0,0,83,43,63,0.404,0.181,0.163,0.253,0.355,0.078,0.458,0.108,0.717,0.0,0.139,0.145,189,1,0,0,1,0,0,39,141,48,141,177,11.23,0.005,137,2.28,26,0,32,30.0,2.4,0.95,2.1,4,45,1.15,0.55,1.9,1.1,0.65,0.55
a8603d8f-58c8-4495-ac3a-ca78d8bafd5c,19,8,13.38,803,ROCK,18,0,0,18,6,12,0.28,0.0,0.224,0.497,0.106,0.0,0.578,0.317,0.584,0.0,0.18,0.236,36,1,0,0,1,0,0,12,21,14,21,29,6.19,0.0,238,3.97,12,0,32,30.0,2.4,0.95,2.1,4,45,1.15,0.55,1.9,1.1,0.65,0.55
67f8a8fd-0f73-4e82-a538-fc168728bf4b,15,6,16.12,967,PAPER,0,57,0,64,83,45,0.237,0.155,0.237,0.371,0.469,0.17,0.155,0.206,0.603,0.077,0.304,0.015,192,1,1,0,0,0,0,22,96,29,97,183,13.08,0.005,197,3.28,54,0,32,30.0,2.4,0.95,2.1,4,45,1.15,0.55,1.9,1.1,0.65,0.55
5b0f6e44-993d-4285-aa5d-d3a822a4edac,20,4,16.23,974,ROCK,45,0,0,47,17,32,0.272,0.087,0.354,0.287,0.174,0.021,0.615,0.19,0.492,0.0,0.272,0.236,96,1,0,0,1,0,0,10,22,9,21,92,11.07,0.0,269,4.48,43,0,32,30.0,2.4,0.95,2.1,4,45,1.15,0.55,1.9,1.1,0.65,0.55
6854d248-261d-4537-bfa3-bb6b802624cd,7,6,19.67,1180,SCISSORS,0,0,60,64,84,104,0.335,0.0,0.661,0.004,0.127,0.352,0.305,0.216,0.737,0.038,0.131,0.093,252,1,0,1,0,0,0,25,184,38,189,240,10.91,0.004,295,4.92,52,0,32,30.0,2.4,0.95,2.1,4,45,1.15,0.55,1.9,1.1,0.65,0.55
039c7438-17f4-4248-8e63-12a5268d1e82,5,10,10.27,616,ROCK,21,0,0,22,8,15,0.171,0.0,0.26,0.569,0.171,0.0,0.447,0.382,0.707,0.0,0.179,0.114,45,1,0,0,1,0,0,10,32,10,31,33,5.51,0.0,121,2.02,9,0,32,30.0,2.4,0.95,2.1,4,45,1.15,0.55,1.9,1.1,0.65,0.55
3f7c611d-1833-4416-9943-672bdf578462,10,5,22.78,1367,SCISSORS,0,0,15,14,19,24,0.179,0.0,0.15,0.672,0.285,0.0,0.179,0.536,0.504,0.0,0.073,0.423,57,1,0,1,0,0,0,22,35,23,33,39,5.35,0.0,87,1.45,3,0,32,30.0,2.4,0.95,2.1,4,45,1.15,0.55,1.9,1.1,0.65,0.55
b9eeefea-0c27-4f66-b784-720e886550ce,12,9,19.72,1183,SCISSORS,0,0,30,29,39,49,0.156,0.093,0.46,0.291,0.148,0.169,0.3,0.384,0.755,0.0,0.173,0.072,117,1,0,1,0,0,0,28,74,30,73,91,8.7,0.011,188,3.13,26,0,32,30.0,2.4,0.95,2.1,4,45,1.15,0.55,1.9,1.1,0.65,0.55
15df7a0a-c31a-4a4d-ad1a-99ceb8a47fd4,16,5,44.48,2669,ROCK,36,0,0,121,97,109,0.298,0.067,0.197,0.438,0.266,0.249,0.234,0.251,0.764,0.066,0.071,0.099,327,1,0,0,1,0,0,58,153,63,153,293,9.7,0.002,204,3.4,13,0,32,30.0,2.4,0.95,2.1,4,45,1.15,0.55,1.9,1.1,0.65,0.55
8bdcc80d-cd07-4187-b1fb-5b1a3defdd18,5,10,11.87,712,SCISSORS,0,0,48,18,34,50,0.217,0.189,0.503,0.091,0.413,0.0,0.413,0.175,0.552,0.287,0.161,0.0,102,1,0,1,0,0,0,16,64,20,64,92,11.27,0.003,182,3.03,29,0,32,30.0,2.4,0.95,2.1,4,45,1.15,0.55,1.9,1.1,0.65,0.55
6ba06d7c-9128-440d-9db2-f3a601980c0f,14,4,36.52,2191,ROCK,15,0,0,34,24,29,0.116,0.0,0.16,0.724,0.514,0.0,0.299,0.187,0.425,0.0,0.128,0.447,87,1,0,0,1,0,0,25,32,27,32,63,4.99,0.0,296,4.93,14,0,32,30.0,2.4,0.95,2.1,4,45,1.15,0.55,1.9,1.1,0.65,0.55
7be98181-7cdd-4837-93e5-faa52dba60b0,5,6,17.13,1028,PAPER,0,42,0,46,60,32,0.223,0.058,0.354,0.364,0.354,0.117,0.364,0.165,0.568,0.053,0.369,0.01,138,1,1,0,0,0,0,25,84,30,78,129,12.32,0.008,193,3.22,34,0,32,30.0,2.4,0.95,2.1,4,45,1.15,0.55,1.9,1.1,0.65,0.55
e875c335-89ee-454d-ba34-6a94f6b0d210,19,6,11.27,676,PAPER,0,15,0,6,11,1,0.274,0.0,0.541,0.185,0.237,0.0,0.437,0.326,0.111,0.0,0.578,0.311,18,0,0,0,0,0,0,3,5,6,5,11,4.83,0.019,216,3.6,10,0,32,30.0,2.4,0.95,2.1,4,45,1.15,0.55,1.9,1.1,0.65,0.55
3d4771a9-9170-4f62-a425-58a7377cd3db,16,8,39.95,2397,ROCK,57,0,0,178,140,159,0.283,0.26,0.252,0.204,0.163,0.269,0.429,0.14,0.754,0.067,0.092,0.087,477,1,0,0,1,0,0,96,363,121,360,454,11.89,0.002,252,4.2,47,0,32,30.0,2.4,0.95,2.1,4,45,1.15,0.55,1.9,1.1,0.65,0.55
efa9a0ed-3f3c-4bae-8b1a-210ba3ee731d,15,4,23.67,1420,SCISSORS,0,0,48,62,78,94,0.271,0.07,0.423,0.236,0.352,0.07,0.268,0.31,0.528,0.13,0.144,0.197,234,1,0,1,0,0,0,47,142,61,144,215,12.12,0.004,285,4.75,44,0,32,30.0,2.4,0.95,2.1,4,45,1.15,0.55,1.9,1.1,0.65,0.55
03501965-c32e-4a83-bc1b-6ce8094c0e85,14,8,21.2,1272,PAPER,0,45,0,66,81,51,0.259,0.427,0.271,0.043,0.369,0.224,0.247,0.161,0.749,0.051,0.173,0.027,198,1,1,0,0,0,0,28,158,29,156,183,9.92,0.005,102,1.7,30,0,32,30.0,2.4,0.95,2.1,4,45,1.15,0.55,1.9,1.1,0.65,0.55
9f235de3-5b25-4f39-8d12-89aa1961c771,20,5,24.07,1444,SCISSORS,0,0,42,49,63,77,0.166,0.19,0.315,0.329,0.239,0.062,0.318,0.381,0.768,0.0,0.08,0.152,189,1,0,1,0,0,0,22,84,21,85,173,9.85,0.004,304,5.07,34,0,32,30.0,2.4,0.95,2.1,4,45,1.15,0.55,1.9,1.1,0.65,0.55
ce0d2d88-7107-4f3a-91d7-bfeed4c39643,17,6,16.85,1011,PAPER,0,60,0,66,86,46,0.317,0.168,0.307,0.208,0.218,0.322,0.361,0.099,0.574,0.129,0.208,0.089,198,1,1,0,0,0,0,39,147,45,150,184,12.9,0.004,91,1.52,12,0,32,30.0,2.4,0.95,2.1,4,45,1.15,0.55,1.9,1.1,0.65,0.55
cb090f01-bb6c-405d-aeaf-47a22881f8a9,14,4,26.95,1617,SCISSORS,0,0,51,62,79,96,0.179,0.194,0.429,0.198,0.312,0.231,0.207,0.25,0.645,0.12,0.099,0.136,237,1,0,1,0,0,0,22,93,33,95,212,10.32,0.005,262,4.37,49,0,32,30.0,2.4,0.95,2.1,4,45,1.15,0.55,1.9,1.1,0.65,0.55
2cc9f258-8f60-4491-982e-321058577ed8,13,10,13.28,797,SCISSORS,0,0,42,19,33,47,0.225,0.113,0.494,0.169,0.362,0.094,0.438,0.106,0.531,0.069,0.219,0.181,99,1,0,1,0,0,0,25,71,20,71,86,8.94,0.007,152,2.53,12,0,32,30.0,2.4,0.95,2.1,4,45,1.15,0.55,1.9,1.1,0.65,0.55
284ae416-b951-4906-a70f-b8bde034eeb9,19,8,15.37,922,SCISSORS,0,0,39,18,31,44,0.162,0.092,0.659,0.086,0.373,0.0,0.427,0.2,0.449,0.119,0.232,0.2,93,1,0,1,0,0,0,22,47,26,46,88,12.01,0.005,237,3.95,30,0,32,30.0,2.4,0.95,2.1,4,45,1.15,0.55,1.9,1.1,0.65,0.55
9b509085-82d5-458e-9fb3-092a39cac1c8,10,5,24.4,1464,SCISSORS,0,0,57,87,106,125,0.338,0.089,0.406,0.167,0.328,0.106,0.256,0.311,0.536,0.024,0.14,0.3,318,1,0,1,0,0,0,45,167,56,173,303,12.75,0.006,304,5.07,53,0,32,30.0,2.4,0.95,2.1,4,45,1.15,0.55,1.9,1.1,0.65,0.55
f4b41d3c-6771-49b9-a335-257f24c715f3,20,7,40.93,2456,SCISSORS,0,0,30,66,76,86,0.277,0.084,0.204,0.436,0.338,0.055,0.198,0.409,0.662,0.0,0.077,0.261,228,1,0,1,0,0,0,73,141,76,140,197,8.32,0.006,141,2.35,15,0,32,30.0,2.4,0.95,2.1,4,45,1.15,0.55,1.9,1.1,0.65,0.55
d16ec59a-2a58-4a12-9bfc-6d771c6b9163,12,9,22.37,1342,SCISSORS,0,0,60,77,97,117,0.327,0.071,0.383,0.219,0.39,0.041,0.19,0.379,0.58,0.16,0.074,0.186,291,1,0,1,0,0,0,78,144,91,148,275,12.55,0.004,302,5.03,48,0,32,30.0,2.4,0.95,2.1,4,45,1.15,0.55,1.9,1.1,0.65,0.55
041dbba1-99d9-4393-aace-1f84585332ab,5,6,37.77,2266,ROCK,36,0,0,102,78,90,0.274,0.04,0.141,0.545,0.276,0.159,0.291,0.274,0.614,0.024,0.124,0.238,270,1,0,0,1,0,0,74,127,86,126,246,11.17,0.01,216,3.6,18,0,32,30.0,2.4,0.95,2.1,4,45,1.15,0.55,1.9,1.1,0.65,0.55
a76ef44a-d0f1-47a4-b6d7-793d0c680a81,11,6,27.73,1664,SCISSORS,0,0,15,15,20,25,0.105,0.0,0.279,0.616,0.228,0.0,0.183,0.589,0.679,0.0,0.105,0.216,60,1,0,1,0,0,0,14,29,15,27,39,4.97,0.0,239,3.98,12,0,32,30.0,2.4,0.95,2.1,4,45,1.15,0.55,1.9,1.1,0.65,0.55
a607c77c-a296-4c21-90e2-19d26436ec08,20,9,15.28,917,ROCK,33,0,0,44,22,33,0.321,0.147,0.261,0.272,0.484,0.0,0.342,0.174,0.435,0.027,0.152,0.386,99,1,0,0,1,0,0,39,65,46,67,82,8.45,0.012,97,1.62,12,0,32,30.0,2.4,0.95,2.1,4,45,1.15,0.55,1.9,1.1,0.65,0.55
08dc8792-0061-4cba-b90d-2920835f19c9,8,7,23.0,1380,PAPER,0,60,0,121,141,101,0.38,0.054,0.254,0.312,0.417,0.04,0.199,0.344,0.605,0.141,0.214,0.04,363,1,1,0,0,0,0,82,225,92,232,348,12.66,0.006,155,2.58,40,0,32,30.0,2.4,0.95,2.1,4,45,1.15,0.55,1.9,1.1,0.65,0.55
72a1339e-672c-4316-a2fa-65ed6294969c,10,4,18.83,1130,PAPER,0,24,0,48,56,40,0.115,0.0,0.248,0.637,0.323,0.022,0.235,0.42,0.695,0.058,0.243,0.004,144,1,1,0,0,0,0,12,43,14,47,121,7.85,0.004,165,2.75,21,0,32,30.0,2.4,0.95,2.1,4,45,1.15,0.55,1.9,1.1,0.65,0.55
3d250f2b-a6c5-4aef-91de-6a3a890b7068,5,9,30.97,1858,ROCK,30,0,0,65,45,55,0.204,0.185,0.226,0.384,0.293,0.078,0.366,0.263,0.605,0.032,0.169,0.194,165,1,0,0,1,0,0,41,108,58,104,144,8.45,0.003,213,3.55,11,0,32,30.0,2.4,0.95,2.1,4,45,1.15,0.55,1.9,1.1,0.65,0.55
10fb1e1b-d4e4-4fc7-ac38-e73a70736329,14,4,20.27,1216,SCISSORS,0,0,15,12,17,22,0.128,0.0,0.309,0.564,0.449,0.0,0.288,0.263,0.305,0.0,0.128,0.568,51,1,0,1,0,0,0,10,11,9,9,36,5.75,0.0,81,1.35,6,0,32,30.0,2.4,0.95,2.1,4,45,1.15,0.55,1.9,1.1,0.65,0.55
43774fb2-1460-4b23-8526-d33e03eef473,19,5,11.62,697,SCISSORS,0,0,42,18,32,46,0.286,0.0,0.7,0.014,0.15,0.129,0.371,0.35,0.629,0.05,0.179,0.143,96,0,0,0,0,0,0,18,40,16,44,82,8.48,0.003,307,5.12,38,0,32,30.0,2.4,0.95,2.1,4,45,1.15,0.55,1.9,1.1,0.65,0.55
a8eaddbd-e70e-4659-8176-a339efd283bb,9,5,21.43,1286,ROCK,57,0,0,108,70,89,0.397,0.191,0.187,0.226,0.272,0.339,0.3,0.089,0.767,0.0,0.128,0.105,267,1,0,0,1,0,0,29,168,29,171,255,13.04,0.007,191,3.18,25,0,32,30.0,2.4,0.95,2.1,4,45,1.15,0.55,1.9,1.1,0.65,0.55
013c7616-79dd-43e3-8c70-74846b6c54f4,13,7,23.27,1396,ROCK,27,0,0,31,13,22,0.333,0.093,0.179,0.394,0.172,0.0,0.416,0.412,0.71,0.0,0.115,0.176,66,1,0,0,1,0,0,3,37,12,35,47,6.73,0.009,296,4.93,11,0,32,30.0,2.4,0.95,2.1,4,45,1.15,0.55,1.9,1.1,0.65,0.55
080c3e81-9d6a-4893-ad6d-b5d7f3ac447c,10,5,10.15,609,SCISSORS,0,0,39,4,17,30,0.0,0.074,0.689,0.238,0.27,0.0,0.533,0.197,0.697,0.0,0.303,0.0,51,1,0,1,0,0,0,8,38,6,36,42,7.57,0.0,129,2.15,2,0,32,30.0,2.4,0.95,2.1,4,45,1.15,0.55,1.9,1.1,0.65,0.55
13f30795-29cc-4107-ac4d-4b304052ce37,16,4,39.1,2346,SCISSORS,0,0,30,93,103,113,0.292,0.122,0.269,0.318,0.435,0.098,0.13,0.337,0.682,0.111,0.045,0.162,309,1,0,1,0,0,0,44,139,58,137,274,9.12,0.009,281,4.68,24,0,32,30.0,2.4,0.95,2.1,4,45,1.15,0.55,1.9,1.1,0.65,0.55
a208486d-f210-47d6-9a7c-f6e75dcdbd9d,15,9,22.87,1372,SCISSORS,0,0,48,59,75,91,0.2,0.247,0.353,0.2,0.4,0.167,0.295,0.138,0.684,0.069,0.124,0.124,225,1,0,1,0,0,0,68,175,69,177,211,10.08,0.004,182,3.03,38,0,32,30.0,2.4,0.95,2.1,4,45,1.15,0.55,1.9,1.1,0.65,0.55
74a5d5da-329f-441f-a8bd-e3ca4880fba1,18,5,24.3,1458,SCISSORS,0,0,45,52,67,82,0.205,0.188,0.438,0.168,0.356,0.161,0.209,0.274,0.76,0.021,0.099,0.12,201,1,0,1,0,0,0,35,119,37,119,182,9.72,0.004,298,4.97,43,0,32,30.0,2.4,0.95,2.1,4,45,1.15,0.55,1.9,1.1,0.65,0.55
bf5fc7bb-3900-4b1b-972c-6d65d4e4a2dc,6,9,13.45,807,ROCK,54,0,0,60,24,42,0.352,0.185,0.241,0.222,0.191,0.093,0.642,0.074,0.494,0.0,0.198,0.309,126,1,0,0,1,0,0,18,59,21,58,119,11.13,0.0,292,4.87,52,0,32,30.0,2.4,0.95,2.1,4,45,1.15,0.55,1.9,1.1,0.65,0.55
2abdfc5d-b8d0-4d6c-911f-d33e9dcfefe3,19,9,40.78,2447,SCISSORS,0,0,18,35,41,47,0.184,0.0,0.282,0.535,0.382,0.0,0.18,0.439,0.512,0.0,0.055,0.433,123,1,0,1,0,0,0,42,79,56,77,93,5.37,0.008,372,6.2,15,0,32,30.0,2.4,0.95,2.1,4,45,1.15,0.55,1.9,1.1,0.65,0.55
301619c0-ba35-4e4f-bdd1-5d3d3246dc2e,13,5,54.45,3267,ROCK,57,0,0,225,187,206,0.306,0.472,0.107,0.115,0.197,0.414,0.272,0.116,0.826,0.054,0.046,0.075,618,0,0,0,0,0,0,136,469,165,475,571,11.91,0.005,292,4.87,56,0,32,30.0,2.4,0.95,2.1,4,45,1.15,0.55,1.9,1.1,0.65,0.55
550896ba-8aa6-4a1a-8016-59111ec97079,5,6,18.87,1132,SCISSORS,0,0,39,30,43,56,0.181,0.308,0.489,0.022,0.269,0.062,0.247,0.423,0.736,0.0,0.128,0.137,129,1,0,1,0,0,0,31,39,37,40,121,11.48,0.004,332,5.53,38,0,32,30.0,2.4,0.95,2.1,4,45,1.15,0.55,1.9,1.1,0.65,0.55
cffcec6f-2745-42af-866c-84771d41651f,16,10,38.43,2306,SCISSORS,0,0,15,26,31,36,0.195,0.0,0.31,0.495,0.13,0.0,0.206,0.664,0.701,0.0,0.065,0.234,93,1,0,1,0,0,0,34,43,42,44,58,4.9,0.002,536,8.93,14,0,32,30.0,2.4,0.95,2.1,4,45,1.15,0.55,1.9,1.1,0.65,0.55
dc21fe3a-3d15-45cb-931e-519314ebe5d3,11,9,23.65,1419,PAPER,0,48,0,91,107,75,0.366,0.12,0.18,0.335,0.451,0.056,0.141,0.352,0.521,0.039,0.204,0.236,273,1,1,0,0,0,0,80,167,85,175,253,11.01,0.008,174,2.9,41,0,32,30.0,2.4,0.95,2.1,4,45,1.15,0.55,1.9,1.1,0.65,0.55
b42c871d-d1d7-403f-88c8-a9de4723d796,18,10,10.95,657,SCISSORS,0,0,33,16,27,38,0.0,0.076,0.583,0.341,0.364,0.0,0.492,0.144,0.795,0.0,0.205,0.0,81,1,0,1,0,0,0,11,51,14,51,72,7.72,0.003,92,1.53,13,0,32,30.0,2.4,0.95,2.1,4,45,1.15,0.55,1.9,1.1,0.65,0.55
9a25d1d8-6b7c-4a44-a326-b212c330cc7a,14,6,22.2,1332,SCISSORS,0,0,54,75,93,111,0.307,0.165,0.352,0.176,0.213,0.124,0.33,0.333,0.644,0.195,0.116,0.045,279,1,0,1,0,0,0,43,161,48,164,262,12.92,0.005,217,3.62,36,0,32,30.0,2.4,0.95,2.1,4,45,1.15,0.55,1.9,1.1,0.65,0.55
848d650e-d00d-4fc8-85aa-df1425bec4df,15,9,10.45,627,PAPER,0,42,0,39,53,25,0.262,0.151,0.373,0.214,0.381,0.0,0.317,0.302,0.452,0.071,0.46,0.016,117,1,1,0,0,0,0,28,66,29,63,98,8.68,0.009,192,3.2,40,0,32,30.0,2.4,0.95,2.1,4,45,1.15,0.55,1.9,1.1,0.65,0.55
fd42dbad-257a-446f-9b6b-9e88b81c0e43,14,5,15.52,931,SCISSORS,0,0,45,30,45,60,0.22,0.151,0.618,0.011,0.124,0.274,0.387,0.215,0.672,0.016,0.167,0.145,135,1,0,1,0,0,0,19,65,22,63,127,10.82,0.005,281,4.68,42,0,32,30.0,2.4,0.95,2.1,4,45,1.15,0.55,1.9,1.1,0.65,0.55
dbb4dba9-34e4-4199-9f87-8a599fa0d958,16,5,29.1,1746,ROCK,42,0,0,98,70,84,0.304,0.1,0.264,0.332,0.347,0.146,0.338,0.169,0.524,0.052,0.166,0.258,252,1,0,0,1,0,0,46,155,53,153,230,11.22,0.005,296,4.93,40,0,32,30.0,2.4,0.95,2.1,4,45,1.15,0.55,1.9,1.1,0.65,0.55
cb6b4074-b4f1-4099-806d-1fdd4a77206e,13,5,32.68,1961,ROCK,48,0,0,103,71,87,0.245,0.074,0.319,0.362,0.337,0.038,0.39,0.235,0.602,0.033,0.222,0.143,261,1,0,0,1,0,0,42,147,50,141,239,12.83,0.007,226,3.77,19,0,32,30.0,2.4,0.95,2.1,4,45,1.15,0.55,1.9,1.1,0.65,0.55
